Time,U1,U2,U3
0.0,0.0,0.0,0.0
0.000833333004266024,9.25039855452976e-22,-1.56898938286076e-11,3.25015570012965e-10
0.00166666600853205,-2.20966033345126e-21,-2.93767891956787e-11,4.90831486565924e-10
0.00249999901279807,-1.92510010531343e-21,1.02282002312215e-11,-1.60006938254575e-10
0.00333333201706409,1.0114716870478e-20,-7.84988220259297e-12,2.30501437381569e-10
0.00416666502133012,-1.89774276253005e-21,-4.69960841076311e-11,7.1383121635904e-10
0.00499999802559614,-1.27938644016577e-20,2.64200068073039e-11,-3.66894736814061e-10
0.00583333102986217,1.49647958803353e-20,-1.35032948364588e-11,3.03575359295039e-10
0.00666666403412819,-4.38310304038009e-22,-5.38069658273521e-11,7.99734112266748e-10
0.00749999703839421,-1.96611735848291e-20,4.02215205586032e-11,-5.41604650017291e-10
0.00833333004266024,2.28410109558478e-20,-2.55425316314506e-11,4.54665416427247e-10
0.00916666258126497,1.40497505517636e-21,-5.00660762847716e-11,7.56138540669582e-10
0.00999999605119228,-2.84477687791158e-20,4.56024176753722e-11,-6.15790640701164e-10
0.010833328589797,2.41992609087055e-20,-3.54357584941845e-11,5.86948212255578e-10
0.0116666620597243,7.58654514916691e-21,-4.22994382576203e-11,6.51547982233325e-10
0.0124999945983291,-2.86597952033936e-20,4.44891068429598e-11,-5.97409066660504e-10
0.0133333280682564,1.88469322096314e-20,-4.10170369891105e-11,6.55435261620596e-10
0.0141666606068611,1.33139283624063e-20,-3.39199779375576e-11,5.46327427741744e-10
0.0149999940767884,-2.20371190318298e-20,3.83734398423652e-11,-5.20656073810244e-10
0.0158333275467157,8.52590890112318e-21,-4.02977963498419e-11,6.47526865460435e-10
0.0166666600853205,1.19909062870032e-20,-2.96135720112556e-11,4.90130602770478e-10
0.0174999926239252,-1.87126979214377e-20,3.22488251380815e-11,-4.4162454249097e-10
0.0183333251625299,-8.04245182242211e-22,-3.61689359018591e-11,5.94729820946327e-10
0.0191666595637798,1.54071145570267e-20,-2.96198586491325e-11,4.89377371959421e-10
0.0199999921023846,-1.05405921013206e-20,2.87071460353117e-11,-3.9482370151056e-10
0.0208333246409893,-5.66034119394425e-21,-3.16656006971172e-11,5.35308686266944e-10
0.021666657179594,1.27125422076861e-20,-3.22584216283506e-11,5.24901677678713e-10
0.0224999915808439,-7.70262831591137e-21,2.80963984716776e-11,-3.88524379335564e-10
0.0233333241194487,-5.21201818766974e-21,-2.8487599432192e-11,4.95902430230899e-10
0.0241666566580534,8.18402804537162e-21,-3.5914760748712e-11,5.70555158674324e-10
0.0249999891966581,-7.60459933538816e-21,3.01294440785416e-11,-4.13388101527801e-10
0.025833323597908,1.63687491776237e-21,-2.80050514028796e-11,4.88511342489062e-10
0.0266666561365128,7.93194233031539e-21,-3.82350193173231e-11,6.01443284065084e-10
0.0274999886751175,-9.1018681377366e-21,3.26384544391267e-11,-4.46512576912639e-10
0.0283333212137222,4.89203136485992e-21,-2.91689589149158e-11,5.04105146514888e-10
0.0291666556149721,5.625913032121e-21,-3.89568967362752e-11,6.10339501161405e-10
0.0299999881535769,-1.07200943332124e-20,3.46077888568885e-11,-4.71657546352588e-10
0.0308333206921816,6.55106769523468e-21,-3.1093350116862e-11,5.28823707046655e-10
0.0316666550934315,2.88447451951009e-21,-3.81858607234609e-11,6.0035432181138e-10
0.0324999876320362,-1.12826151160462e-20,3.52917903234662e-11,-4.80317952078479e-10
0.0333333201706409,8.48537220434668e-21,-3.26546290008167e-11,5.48708856129565e-10
0.0341666527092457,1.26950373210904e-21,-3.67559593872357e-11,5.82218939726431e-10
0.0349999852478504,-1.19464493680463e-20,3.47914370923963e-11,-4.74195849253789e-10
0.0358333177864552,1.08301198559984e-20,-3.32355046261945e-11,5.56535040274753e-10
0.0366666503250599,2.63556908772692e-21,-3.55921160599681e-11,5.66882429886562e-10
0.0374999865889549,-1.35169438494448e-20,3.38177402747775e-11,-4.61325838641002e-10
0.0383333191275597,1.00949937827474e-20,-3.30135294102085e-11,5.53379175816104e-10
0.0391666516661644,4.11842240997642e-21,-3.50125241299626e-11,5.59673973832275e-10
0.0399999842047691,-1.47661901383788e-20,3.28618035561057e-11,-4.49228099164145e-10
0.0408333167433739,9.47713914057788e-21,-3.22729204471628e-11,5.44014888692601e-10
0.0416666492819786,6.95710513166024e-21,-3.51454698677145e-11,5.61248381103496e-10
0.0424999818205833,-1.59339413655178e-20,3.23967068449615e-11,-4.43134501315612e-10
0.0433333143591881,6.90291430022165e-21,-3.15639285541902e-11,5.34813970887171e-10
0.0441666506230831,9.06500609389614e-21,-3.56501876630499e-11,5.67785152227884e-10
0.0449999831616879,-1.51248068612503e-20,3.24277722729693e-11,-4.43540287831112e-10
0.0458333157002926,5.36584631662333e-21,-3.11641823458331e-11,5.29645993729844e-10
0.0466666482388973,9.70785952358196e-21,-3.61912999569114e-11,5.74791381158235e-10
0.0474999807775021,-1.43753343742504e-20,3.27749251349818e-11,-4.48058229407522e-10
0.0483333133161068,4.26676642840401e-21,-3.11376410766506e-11,5.29354782230484e-10
0.0491666458547115,9.24207605935791e-21,-3.65308998329095e-11,5.79114034504613e-10
0.0499999783933163,-1.29887235970508e-20,3.31927332841708e-11,-4.5338896526026e-10
0.0508333146572113,4.27147869217679e-21,-3.13836630294606e-11,5.32474564440832e-10
0.051666647195816,7.72913848519141e-21,-3.65744691477321e-11,5.79721215476781e-10
0.0524999797344208,-1.19410864265553e-20,3.34601964191439e-11,-4.56874815757402e-10
0.0533333122730255,5.20347092393789e-21,-3.16879161799122e-11,5.36427013919649e-10
0.0541666448116302,6.06143978050151e-21,-3.64172615674452e-11,5.77671410706415e-10
0.054999977350235,-1.17389926319767e-20,3.35240273041659e-11,-4.57680754406553e-10
0.0558333098888397,6.27661377241291e-21,-3.19081081001649e-11,5.39254751963369e-10
0.0566666424274445,5.09286742485481e-21,-3.61884307242821e-11,5.74726100044387e-10
0.0574999786913395,-1.1850151489137e-20,3.34205788043995e-11,-4.56345766730593e-10
0.0583333112299442,7.28642560523935e-21,-3.19741108589788e-11,5.40098965551294e-10
0.059166643768549,4.84656268446043e-21,-3.60129322196645e-11,5.72474123661237e-10
0.0599999763071537,-1.25844439194269e-20,3.32513044876137e-11,-4.54176085629143e-10
0.0608333088457584,7.73715583634335e-21,-3.19080803445893e-11,5.39260913701156e-10
0.0616666413843632,5.36722279686141e-21,-3.59513911696308e-11,5.71667713167301e-10
0.0624999739229679,-1.34196475376868e-20,3.31152986976502e-11,-4.52410081619448e-10
0.0633333101868629,7.66817915145537e-21,-3.1787215221124e-11,5.37690558743975e-10
0.0641666427254677,6.31180287577623e-21,-3.59879244460348e-11,5.72149994049198e-10
0.0649999752640724,-1.40421841513704e-20,3.30564013661938e-11,-4.51660792100128e-10
0.0658333078026772,7.18863007705699e-21,-3.16788990872841e-11,5.36302502407437e-10
0.0666666403412819,7.19590829709518e-21,-3.60766867768536e-11,5.73287917138288e-10
0.0674999728798866,-1.42447093077138e-20,3.30768190615061e-11,-4.51919529576017e-10
0.0683333054184914,6.55830067883311e-21,-3.16281965895282e-11,5.35646083044128e-10
0.0691666379570961,7.72936224400946e-21,-3.61595857423236e-11,5.74357728044816e-10
0.0699999704957008,-1.39726476655405e-20,3.31393697206028e-11,-4.52725607003046e-10
0.0708333030343056,6.05624930293709e-21,-3.16365995900458e-11,5.35753108543702e-10
0.0716666355729103,7.7425971338103e-21,-3.62031307710176e-11,5.74921055207511e-10
0.072499968111515,-1.35216589404951e-20,3.32026454941126e-11,-4.5354361932759e-10
0.0733333006501198,5.79690031202366e-21,-3.16800648214599e-11,5.36315991617187e-10
0.0741666406393051,7.41924544689736e-21,-3.62023605537942e-11,5.74908232131577e-10
0.0749999731779099,-1.30281988530803e-20,3.32396402069612e-11,-4.54017295981046e-10
0.0758333057165146,5.79679206768569e-21,-3.1728581567636e-11,5.36938049577884e-10
0.0766666382551193,6.90924174723154e-21,-3.61718398289579e-11,5.74517877716119e-10
0.0774999707937241,-1.26932319024683e-20,3.32423533144777e-11,-4.54054710496976e-10
0.0783333033323288,6.03283096353453e-21,-3.17584916698088e-11,5.37325406391176e-10
0.0791666358709335,6.45460139136673e-21,-3.61357575806576e-11,5.74051417512322e-10
0.0799999684095383,-1.2612487280897e-20,3.32219564358471e-11,-4.53790616194993e-10
0.080833300948143,6.37201661604997e-21,-3.17636958402367e-11,5.37391353638839e-10
0.0816666334867477,6.22062600418465e-21,-3.61112077740255e-11,5.73735836617573e-10
0.0824999660253525,-1.27731453044591e-20,3.31947802578725e-11,-4.53440701653207e-10
0.0833332985639572,6.66106575303932e-21,-3.17500262192461e-11,5.37214994711377e-10
0.084166631102562,6.22803670236781e-21,-3.61051327724127e-11,5.73657954472395e-10
0.0849999636411667,-1.30616754340817e-20,3.31750009407994e-11,-4.53186099758085e-10
0.0858332961797714,6.81748366816854e-21,-3.17297924046223e-11,5.36954480878649e-10
0.0866666287183762,6.41729506106445e-21,-3.61139729232463e-11,5.73771696821268e-10
0.0874999687075615,-1.33385329466619e-20,3.31687663446267e-11,-4.53105358788619e-10
0.0883333012461662,6.82202831477618e-21,-3.17140827488238e-11,5.36751365576293e-10
0.089166633784771,6.6759764105948e-21,-3.61287319505799e-11,5.7396248864805e-10
0.0899999663233757,-1.35189649489493e-20,3.31740399039937e-11,-4.53173665260209e-10
0.0908332988619804,6.70573148663327e-21,-3.17079973388701e-11,5.36672983830755e-10
0.0916666314005852,6.90113069202583e-21,-3.61411560401148e-11,5.74122638319352e-10
0.0924999639391899,-1.35480527875015e-20,3.31847223311588e-11,-4.53311249648536e-10
0.0933332964777946,6.52699383135254e-21,-3.17109394298853e-11,5.36710731413592e-10
0.0941666290163994,7.02215836319356e-21,-3.6146630827405e-11,5.74193359526021e-10
0.0949999615550041,-1.34463224968545e-20,3.31942980047462e-11,-4.53434595426572e-10
0.0958332940936089,6.36119824070464e-21,-3.17185097631345e-11,5.36807931439398e-10
0.0966666266322136,7.0170644169604e-21,-3.61451771291321e-11,5.74175040846114e-10
0.0974999591708183,-1.32817087081951e-20,3.31989678803435e-11,-4.53494991559111e-10
0.0983332917094231,6.26128629337689e-21,-3.1725767846158e-11,5.36901467729223e-10
0.0991666242480278,6.91943448645927e-21,-3.61398723447426e-11,5.74106651107797e-10
0.0999999567866325,-1.31212340537727e-20,3.3198423177172e-11,-4.53487775109451e-10
0.100833289325237,6.24908941830957e-21,-3.17296883212137e-11,5.36951594298785e-10
0.101666629314423,6.78333338733232e-21,-3.61343038823847e-11,5.74035319278465e-10
0.102499961853027,-1.30265558009652e-20,3.31946102549718e-11,-4.53438842029641e-10
0.103333294391632,6.3113270853653e-21,-3.17296050544869e-11,5.36950428564609e-10
0.104166626930237,6.66906533273279e-21,-3.61310738272724e-11,5.73993796937344e-10
0.104999959468842,-1.30176539158574e-20,3.3190339365774e-11,-4.53383747212044e-10
0.105833292007446,6.41141674727778e-21,-3.17269058247582e-11,5.36915456539333e-10
0.106666624546051,6.60767786840627e-21,-3.61307928020693e-11,5.7399046626827e-10
0.107499957084656,-1.30772715044787e-20,3.31875880943411e-11,-4.53348358853134e-10
0.10833328962326,6.50486230710213e-21,-3.17235959723661e-11,5.36872601930583e-10
0.109166622161865,6.60666166409906e-21,-3.61326350784008e-11,5.74014447085602e-10
0.10999995470047,-1.316920810592e-20,3.31870399217227e-11,-4.53341336692503e-10
0.110833287239075,6.56431712531973e-21,-3.17212714429083e-11,5.36842514886615e-10
0.111666619777679,6.65466964357624e-21,-3.61351261413123e-11,5.74046699064468e-10
0.112499952316284,-1.32553213235372e-20,3.31881848392168e-11,-4.53356102658731e-10
0.113333284854889,6.57448361125653e-21,-3.17205740840709e-11,5.3683324452436e-10
0.114166617393494,6.72560643955442e-21,-3.61369892343255e-11,5.74071012948707e-10
0.114999957382679,-1.33035934515108e-20,3.31899369099276e-11,-4.53378751208433e-10
0.115833289921284,6.54050175537902e-21,-3.17211951150753e-11,5.36841127107834e-10
0.116666622459888,6.7871437495876e-21,-3.61376865931629e-11,5.7408017228866e-10
0.117499954998493,-1.33070386910738e-20,3.31913385664961e-11,-4.53396792332583e-10
0.118333287537098,6.48427689973885e-21,-3.17223851353798e-11,5.36856226140969e-10
0.119166620075703,6.82420208726483e-21,-3.61373431179146e-11,5.74075953441167e-10
0.119999952614307,-1.32733173486216e-20,3.31918902085615e-11,-4.53403953271092e-10
0.120833285152912,6.42970236635596e-21,-3.1723384336102e-11,5.3686888268345e-10
0.121666617691517,6.82671917201944e-21,-3.61365069811992e-11,5.74065406322433e-10
0.122499950230122,-1.32244321053308e-20,3.3191640408381e-11,-4.53400761379896e-10
0.123333282768726,6.39494018189278e-21,-3.17237833225015e-11,5.3687382317591e-10
0.124166615307331,6.80196676154107e-21,-3.61357471723167e-11,5.74055858404421e-10
0.124999947845936,-1.31761357435502e-20,3.31909708051192e-11,-4.5339212939588e-10
0.125833287835121,6.39008534255543e-21,-3.17235682167905e-11,5.36870881084894e-10
0.126666620373726,6.76472828589841e-21,-3.61354071665154e-11,5.74051695068079e-10
0.127499952912331,-1.31523866126819e-20,3.31903081407514e-11,-4.53383636189741e-10
0.128333285450935,6.40981771991201e-21,-3.17229957580434e-11,5.36863331568327e-10
0.12916661798954,6.73006828732144e-21,-3.61355355360526e-11,5.7405358244722e-10
0.129999950528145,-1.31485972530594e-20,3.31899369099276e-11,-4.53378862230736e-10
0.13083328306675,6.44231808238774e-21,-3.17223955437207e-11,5.36855393473701e-10
0.131666615605354,6.70632157983392e-21,-3.61359588085808e-11,5.74059244584646e-10
0.132499948143959,-1.31685222891817e-20,3.31899126237989e-11,-4.53378612430555e-10
0.133333280682564,6.47390523423605e-21,-3.17219930878743e-11,5.36850008892031e-10
0.134166613221169,6.70496529443502e-21,-3.61364306533662e-11,5.74065517344735e-10
0.134999945759773,-1.31954412020066e-20,3.31901311989569e-11,-4.53381443499268e-10
0.135833278298378,6.49275752050144e-21,-3.17218508405492e-11,5.36847954979436e-10
0.136666610836983,6.72060256230397e-21,-3.61367706591675e-11,5.74070180281439e-10
0.137499943375587,-1.32191119768988e-20,3.3190408754713e-11,-4.53385023968522e-10
0.138333275914192,6.49505044254122e-21,-3.17218994128066e-11,5.36848399068646e-10
0.139166608452797,6.73961115662456e-21,-3.61369198453865e-11,5.74072289705185e-10
0.139999940991402,-1.32336587234524e-20,3.31905995742954e-11,-4.53387549725903e-10
0.140833273530006,6.48362460643354e-21,-3.17220069656621e-11,5.36849620313973e-10
0.141666606068611,6.76080321695662e-21,-3.61369198453865e-11,5.7407251174979e-10
0.142499938607216,-1.32354996849915e-20,3.31906550854466e-11,-4.53388243615294e-10
0.143333271145821,6.46485592680233e-21,-3.17220659462603e-11,5.36850175425485e-10
0.144166603684425,6.77227590509117e-21,-3.61368573953413e-11,5.74071956638278e-10
0.14499993622303,-1.32255848267508e-20,3.31905856965076e-11,-4.53387410948025e-10
0.145833268761635,6.44798677374379e-21,-3.17220243128968e-11,5.36849398269368e-10
0.14666660130024,6.77383252329468e-21,-3.61368261703188e-11,5.74071790104824e-10
0.147499933838844,-1.32084466784345e-20,3.31904677353112e-11,-4.53385912146942e-10
0.14833328127861,6.4383037522568e-21,-3.17218855350188e-11,5.36847455379075e-10
0.149166613817215,6.7665442058369e-21,-3.61368678036822e-11,5.7407251174979e-10
0.14999994635582,-1.31965462636062e-20,3.31903636519026e-11,-4.53384607634888e-10
0.150833278894424,6.43856305399179e-21,-3.17217051237773e-11,5.36844957377269e-10
0.151666611433029,6.7558449800427e-21,-3.61369822954316e-11,5.74074232595478e-10
0.152499943971634,-1.31880644311533e-20,3.31903116101984e-11,-4.53383941501073e-10
0.153333276510239,6.44516232353696e-21,-3.17215281819827e-11,5.36842459375464e-10
0.154166609048843,6.74508678531811e-21,-3.61371314816505e-11,5.74076397530376e-10
0.154999941587448,-1.31889037286693e-20,3.31903116101984e-11,-4.53383997012224e-10
0.155833274126053,6.45410863729089e-21,-3.17213894041046e-11,5.3684046097402e-10
0.156666606664658,6.7384273351522e-21,-3.61372841373164e-11,5.74078562465274e-10
0.157499939203262,-1.31945259718953e-20,3.31903463046679e-11,-4.5338446885701e-10
0.158333271741867,6.46305454714804e-21,-3.1721288790143e-11,5.36838962172936e-10
0.159166604280472,6.73773020930393e-21,-3.61374125068537e-11,5.74080449844416e-10
0.159999936819077,-1.3201985945486e-20,3.31903844685844e-11,-4.53384996212947e-10
0.160833269357681,6.46695820956031e-21,-3.1721215931757e-11,5.36837851949912e-10
0.161666601896286,6.74128571268884e-21,-3.61375096513683e-11,5.74081893134348e-10
0.162499934434891,-1.32066638780322e-20,3.31904052852661e-11,-4.53385301524278e-10
0.163333266973495,6.46805398153387e-21,-3.17211500122649e-11,5.36836797238038e-10
0.1641665995121,6.74818669313127e-21,-3.61375859792012e-11,5.74083114379675e-10
0.164999932050705,-1.32127514103527e-20,3.31904052852661e-11,-4.53385301524278e-10
0.16583326458931,6.46445081832851e-21,-3.1721070214985e-11,5.36835575992711e-10
0.166666597127914,6.75435823598274e-21,-3.61376553681403e-11,5.740842246027e-10
0.167499929666519,-1.32128483455807e-20,3.31903844685844e-11,-4.53385079479673e-10
0.168333262205124,6.45876112433972e-21,-3.17209765399173e-11,5.3683418821393e-10
0.169166594743729,6.75710271462644e-21,-3.61377316959732e-11,5.74085445848027e-10
0.169999927282333,-1.32088731934378e-20,3.31903601824557e-11,-4.53384774168342e-10
0.170833259820938,6.45376532502494e-21,-3.17208689870618e-11,5.36832578390545e-10
0.171666592359543,6.75725740709451e-21,-3.6137818432147e-11,5.74086778115657e-10
0.172499924898148,-1.32053665615637e-20,3.3190339365774e-11,-4.53384552123737e-10
0.173333257436752,6.45149300172112e-21,-3.17207544953124e-11,5.36830913056008e-10
0.174166589975357,6.75397332234809e-21,-3.61379190461086e-11,5.7408827691674e-10
0.174999937415123,-1.32021660834514e-20,3.31903254879862e-11,-4.53384413345859e-10
0.175833269953728,6.4521093482127e-21,-3.1720640003563e-11,5.36829303232622e-10
0.176666602492332,6.75128983211869e-21,-3.61380231295172e-11,5.74089831228974e-10
0.177499935030937,-1.31994947101256e-20,3.31903220185392e-11,-4.53384413345859e-10
0.178333267569542,6.45279839612531e-21,-3.17205359201544e-11,5.36827748920388e-10
0.179166600108147,6.74912373366892e-21,-3.61381237434788e-11,5.74091385541209e-10
0.179999932646751,-1.31990181119211e-20,3.31903254879862e-11,-4.53384441101434e-10
0.180833265185356,6.45521814175509e-21,-3.17204353061928e-11,5.36826250119304e-10
0.181666597723961,6.74611187535456e-21,-3.61382243574404e-11,5.74092884342292e-10
0.182499930262566,-1.32008138370204e-20,3.31903254879862e-11,-4.5338446885701e-10
0.18333326280117,6.45768999006995e-21,-3.17203416311251e-11,5.36824806829372e-10
0.184166595339775,6.74587559573623e-21,-3.61383180325081e-11,5.74094327632224e-10
0.18499992787838,-1.32023074473257e-20,3.31903220185392e-11,-4.5338446885701e-10
0.185833260416985,6.45874375677803e-21,-3.17202444866105e-11,5.36823419050592e-10
0.186666592955589,6.74745644774675e-21,-3.61384082381289e-11,5.74095715411005e-10
0.187499925494194,-1.32035667974965e-20,3.31903150796453e-11,-4.53384413345859e-10
0.188333258032799,6.46048657139872e-21,-3.17201473420958e-11,5.36821920249508e-10
0.189166590571404,6.74820527238331e-21,-3.61384984437496e-11,5.74097103189786e-10
0.189999923110008,-1.32056525204864e-20,3.31903081407514e-11,-4.53384330079132e-10
0.190833255648613,6.45987062880392e-21,-3.17200467281342e-11,5.36820476959576e-10
0.191666588187218,6.75036248510384e-21,-3.61385886493704e-11,5.74098490968566e-10
0.192499920725822,-1.32079878516884e-20,3.31902977324106e-11,-4.53384246812405e-10
0.193333253264427,6.45888067778763e-21,-3.17199461141726e-11,5.36818922647342e-10
0.194166585803032,6.75199220862515e-21,-3.61386823244381e-11,5.74099934258498e-10
0.194999918341637,-1.32069425668128e-20,3.31902873240697e-11,-4.53384163545678e-10
0.195833250880241,6.45644841135755e-21,-3.17198420307641e-11,5.36817423846259e-10
0.196666583418846,6.75168565096649e-21,-3.61387794689527e-11,5.7410137754843e-10
0.197499915957451,-1.32056985647197e-20,3.31902803851758e-11,-4.53384108034527e-10
0.198333248496056,6.45465026287753e-21,-3.17197414168024e-11,5.36815925045175e-10
0.19916658103466,6.75175754459395e-21,-3.61388731440204e-11,5.74102820838363e-10
0.199999913573265,-1.32038907227169e-20,3.31902769157288e-11,-4.53384052523376e-10
0.20083324611187,6.45450486003548e-21,-3.17196408028408e-11,5.36814426244092e-10
0.201666578650475,6.75052767888828e-21,-3.61389702885351e-11,5.74104319639446e-10
0.20249992609024,-1.32052025794696e-20,3.31902699768349e-11,-4.533840247678e-10
0.203333258628845,6.4548514034757e-21,-3.17195401888792e-11,5.36812927443009e-10
0.20416659116745,6.74962981633862e-21,-3.61390639636028e-11,5.74105762929378e-10
0.204999923706055,-1.32039739254543e-20,3.3190266507388e-11,-4.53383969256649e-10
0.205833256244659,6.45575734396103e-21,-3.17194395749176e-11,5.36811428641926e-10
0.206666588783264,6.75147481684552e-21,-3.61391576386705e-11,5.74107150708159e-10
0.207499921321869,-1.32032662982896e-20,3.31902595684941e-11,-4.53383913745498e-10
0.208333253860474,6.45590920915162e-21,-3.1719338960956e-11,5.36809985351994e-10
0.209166586399078,6.7483203829666e-21,-3.61392513137382e-11,5.74108593998091e-10
0.209999918937683,-1.32039545384087e-20,3.31902526296002e-11,-4.53383858234346e-10
0.210833251476288,6.45692218228457e-21,-3.17192383469944e-11,5.3680848655091e-10
0.211666584014893,6.74808167996756e-21,-3.61393449888059e-11,5.74110037288023e-10
0.212499916553497,-1.32034488596358e-20,3.31902456907063e-11,-4.53383802723195e-10
0.213333249092102,6.45749733130423e-21,-3.17191377330328e-11,5.36806987749827e-10
0.214166581630707,6.74835875316103e-21,-3.61394386638736e-11,5.74111480577955e-10
0.214999914169312,-1.3205436839604e-20,3.31902387518124e-11,-4.53383747212044e-10
0.215833246707916,6.45811206220868e-21,-3.17190371190712e-11,5.36805488948744e-10
0.216666579246521,6.74953893956233e-21,-3.61395323389413e-11,5.74112923867887e-10
0.217499911785126,-1.32031911734879e-20,3.31902318129185e-11,-4.53383691700893e-10
0.21833324432373,6.45819364935894e-21,-3.17189365051096e-11,5.36803990147661e-10
0.219166576862335,6.74871660571118e-21,-3.61396294834559e-11,5.74114367157819e-10
0.21999990940094,-1.32062228227447e-20,3.31902248740246e-11,-4.53383636189741e-10
0.220833241939545,6.45755306906035e-21,-3.1718835891148e-11,5.36802491346577e-10
0.221666574478149,6.74989477262857e-21,-3.61397231585237e-11,5.74115810447751e-10
0.222499907016754,-1.32074409754436e-20,3.31902214045776e-11,-4.5338358067859e-10
0.223333239555359,6.45521773785831e-21,-3.17187352771864e-11,5.36800992545494e-10
0.224166572093964,6.75120703327808e-21,-3.61398168335914e-11,5.74117198226531e-10
0.224999904632568,-1.32056145541887e-20,3.31902144656837e-11,-4.53383525167439e-10
0.225833237171173,6.45421243876425e-21,-3.17186346632248e-11,5.36799549255562e-10
0.226666569709778,6.75252817965682e-21,-3.61399105086591e-11,5.74118641516463e-10
0.227499902248383,-1.3203989273532e-20,3.31902075267898e-11,-4.53383469656288e-10
0.228333234786987,6.45373139769513e-21,-3.17185340492632e-11,5.36798050454479e-10
0.229166582226753,6.75055070100493e-21,-3.61400041837268e-11,5.74120084806395e-10
0.229999914765358,-1.32022290913497e-20,3.31902005878959e-11,-4.53383441900712e-10
0.230833247303963,6.4542794856303e-21,-3.17184334353016e-11,5.36796551653396e-10
0.231666579842567,6.75083100537266e-21,-3.61400978587945e-11,5.74121528096327e-10
0.232499912381172,-1.32033527322013e-20,3.3190193649002e-11,-4.53383386389561e-10
0.233333244919777,6.45468015123951e-21,-3.171833282134e-11,5.36795052852312e-10
0.234166577458382,6.74840318180721e-21,-3.61401950033091e-11,5.74122971386259e-10
0.234999909996986,-1.32037752082368e-20,3.31901867101081e-11,-4.5338333087841e-10
0.235833242535591,6.45552873838158e-21,-3.17182322073783e-11,5.36793554051229e-10
0.236666575074196,6.74913988954026e-21,-3.61402886783768e-11,5.74124414676191e-10
0.237499907612801,-1.32040417801139e-20,3.31901832406611e-11,-4.53383275367258e-10
0.238333240151405,6.45559457355729e-21,-3.17181315934167e-11,5.36792055250146e-10
0.23916657269001,6.74780097170305e-21,-3.61403823534445e-11,5.74125857966123e-10
0.239999905228615,-1.32043148143395e-20,3.31901763017672e-11,-4.53383219856107e-10
0.24083323776722,6.45732809855196e-21,-3.17180309794551e-11,5.36790556449063e-10
0.241666570305824,6.74771736506887e-21,-3.61404760285122e-11,5.74127301256055e-10
0.242499902844429,-1.32066848806649e-20,3.31901693628733e-11,-4.53383164344956e-10
0.243333235383034,6.4569799395246e-21,-3.17179303654935e-11,5.36789113159131e-10
0.244166567921638,6.75061451669672e-21,-3.61405697035799e-11,5.74128689034836e-10
0.244999900460243,-1.3206878751121e-20,3.31901624239794e-11,-4.53383108833805e-10
0.245833232998848,6.45656917649581e-21,-3.17178297515319e-11,5.36787614358047e-10
0.246666565537453,6.75048001906783e-21,-3.61406633786476e-11,5.74130132324768e-10
0.247499898076057,-1.3205847198736e-20,3.31901554850855e-11,-4.53383053322653e-10
0.248333230614662,6.45670205853757e-21,-3.17177291375703e-11,5.36786115556964e-10
0.249166563153267,6.75235167676244e-21,-3.61407570537153e-11,5.741315756147e-10
0.249999895691872,-1.32052219665152e-20,3.31901485461916e-11,-4.53382997811502e-10
0.250833243131638,6.45621536291349e-21,-3.17176285236087e-11,5.36784616755881e-10
0.251666575670242,6.75156044296362e-21,-3.614085419823e-11,5.74133018904632e-10
0.252499908208847,-1.32064393114206e-20,3.31901450767447e-11,-4.53382942300351e-10
0.253333240747452,6.45585872205368e-21,-3.17175279096471e-11,5.36783117954798e-10
0.254166573286057,6.75264409803368e-21,-3.61409478732977e-11,5.74134462194564e-10
0.254999905824661,-1.32053495978988e-20,3.31901381378508e-11,-4.533828867892e-10
0.255833238363266,6.45429725708877e-21,-3.17174272956855e-11,5.36781619153714e-10
0.256666570901871,6.75174946665828e-21,-3.61410415483654e-11,5.74135905484496e-10
0.257499903440475,-1.32038462940707e-20,3.31901311989569e-11,-4.53382831278049e-10
0.25833323597908,6.45480455144882e-21,-3.17173266817239e-11,5.36780120352631e-10
0.259166568517685,6.75019527183548e-21,-3.61411352234331e-11,5.74137348774428e-10
0.25999990105629,-1.32041726426717e-20,3.3190124260063e-11,-4.53382775766897e-10
0.260833233594894,6.45427867783674e-21,-3.17172260677623e-11,5.36778677062699e-10
0.261666566133499,6.74875457200883e-21,-3.61412288985008e-11,5.7413879206436e-10
0.262499898672104,-1.32033866595311e-20,3.31901173211691e-11,-4.53382720255746e-10
0.263333231210709,6.45486998272774e-21,-3.17171254538007e-11,5.36777178261616e-10
0.264166563749313,6.74927721444664e-21,-3.61413225735685e-11,5.74140179843141e-10
0.264999896287918,-1.32064449659756e-20,3.31901103822752e-11,-4.53382664744595e-10
0.265833228826523,6.4545997757796e-21,-3.17170248398391e-11,5.36775679460533e-10
0.266666561365128,6.74987376999583e-21,-3.61414162486362e-11,5.74141623133073e-10
0.267499893903732,-1.32048245320803e-20,3.31901034433812e-11,-4.53382609233444e-10
0.268333226442337,6.45454807699131e-21,-3.17169242258775e-11,5.36774180659449e-10
0.269166558980942,6.74856433662381e-21,-3.61415133931509e-11,5.74143066423005e-10
0.269999891519547,-1.32068537095204e-20,3.31900999739343e-11,-4.53382553722292e-10
0.270833224058151,6.45507475839696e-21,-3.17168236119159e-11,5.36772681858366e-10
0.271666556596756,6.74887170207604e-21,-3.61416070682186e-11,5.74144509712937e-10
0.272499889135361,-1.32071372450624e-20,3.31900930350404e-11,-4.53382498211141e-10
0.273333221673965,6.45533931079014e-21,-3.17167229979542e-11,5.36771183057283e-10
0.27416655421257,6.7505979569286e-21,-3.61417007432863e-11,5.74145953002869e-10
0.274999886751175,-1.32056452503443e-20,3.31900860961465e-11,-4.5338244269999e-10
0.27583321928978,6.45541928235326e-21,-3.17166223839926e-11,5.367696842562e-10
0.276666551828384,6.74981318547831e-21,-3.6141794418354e-11,5.74147396292801e-10
0.277499884366989,-1.32054707669338e-20,3.31900791572526e-11,-4.53382414944414e-10
0.278333216905594,6.45427423497212e-21,-3.1716521770031e-11,5.36768240966268e-10
0.279166549444199,6.74860270681824e-21,-3.61418880934217e-11,5.74148839582733e-10
0.279999881982803,-1.32056048606659e-20,3.31900722183587e-11,-4.53382359433263e-10
0.280833214521408,6.45529770942144e-21,-3.17164211560694e-11,5.36766742165184e-10
0.281666547060013,6.7497695646257e-21,-3.61419817684894e-11,5.74150282872665e-10
0.282499879598618,-1.32053495978988e-20,3.31900652794648e-11,-4.53382303922112e-10
0.283333212137222,6.45526984054338e-21,-3.17163205421078e-11,5.36765243364101e-10
0.284166544675827,6.74980793482013e-21,-3.61420754435571e-11,5.74151726162597e-10
0.284999877214432,-1.3206306025482e-20,3.31900583405709e-11,-4.53382248410961e-10
0.285833209753036,6.45449395482233e-21,-3.17162199281462e-11,5.36763744563018e-10
0.286666542291641,6.74940928869484e-21,-3.61421725880717e-11,5.74153113941378e-10
0.287499874830246,-1.32057882298056e-20,3.31900548711239e-11,-4.53382192899809e-10
0.288333207368851,6.45408440348388e-21,-3.17161193141846e-11,5.36762245761935e-10
0.289166539907455,6.75083544823728e-21,-3.61422662631394e-11,5.7415455723131e-10
0.28999987244606,-1.32051112987965e-20,3.319004793223e-11,-4.53382137388658e-10
0.290833204984665,6.45368777684251e-21,-3.1716018700223e-11,5.36760746960852e-10
0.29166653752327,6.74904295431223e-21,-3.61423599382071e-11,5.74156000521242e-10
0.292499870061874,-1.32054061434485e-20,3.31900409933361e-11,-4.53382081877507e-10
0.293333202600479,6.45350279211568e-21,-3.17159180862614e-11,5.36759248159768e-10
0.294166535139084,6.7506444050587e-21,-3.61424536132748e-11,5.74157443811174e-10
0.294999867677689,-1.32045022224471e-20,3.31900340544422e-11,-4.53382026366356e-10
0.295833200216293,6.45416073997596e-21,-3.17158174722998e-11,5.36757804869836e-10
0.29666656255722,6.75040852933715e-21,-3.61425472883425e-11,5.74158887101106e-10
0.297499895095825,-1.3205226005483e-20,3.31900271155483e-11,-4.53381970855204e-10
0.29833322763443,6.45478637609356e-21,-3.17157168583382e-11,5.36756306068753e-10
0.299166560173035,6.7488995709541e-21,-3.61426409634102e-11,5.74160330391038e-10
0.299999892711639,-1.32056250555051e-20,3.31900201766544e-11,-4.53381915344053e-10
0.300833225250244,6.45518906118668e-21,-3.17156162443766e-11,5.3675480726767e-10
0.301666557788849,6.74939999906882e-21,-3.61427346384779e-11,5.7416177368097e-10
0.302499890327454,-1.3204561999171e-20,3.31900167072074e-11,-4.53381859832902e-10
0.303333222866058,6.45519875470949e-21,-3.1715515630415e-11,5.36753308466587e-10
0.304166555404663,6.75028897588924e-21,-3.61428317829926e-11,5.74163216970902e-10
0.304999887943268,-1.32064457737691e-20,3.31900097683135e-11,-4.53381804321751e-10
0.305833220481873,6.45465389794858e-21,-3.17154150164534e-11,5.36751809665503e-10
0.306666553020477,6.75127327235057e-21,-3.61429254580603e-11,5.74164604749683e-10
0.307499885559082,-1.32048253398738e-20,3.31900028294196e-11,-4.533817488106e-10
0.308333218097687,6.4543186636183e-21,-3.17153144024918e-11,5.3675031086442e-10
0.309166550636292,6.75142958040577e-21,-3.6143019133128e-11,5.74166048039615e-10
0.309999883174896,-1.32040595515724e-20,3.31899958905257e-11,-4.53381693299448e-10
0.310833215713501,6.45489583212188e-21,-3.17152137885301e-11,5.36748812063337e-10
0.311666548252106,6.75202250088391e-21,-3.61431128081957e-11,5.74167491329547e-10
0.31249988079071,-1.32039933124999e-20,3.31899889516318e-11,-4.53381637788297e-10
0.313333213329315,6.45462885634801e-21,-3.17151131745685e-11,5.36747313262254e-10
0.31416654586792,6.74806996696084e-21,-3.61432064832634e-11,5.74168934619479e-10
0.314999878406525,-1.32035635663223e-20,3.31899820127379e-11,-4.53381582277146e-10
0.315833210945129,6.45542978366963e-21,-3.17150125606069e-11,5.36745869972322e-10
0.316666543483734,6.75039560464008e-21,-3.61433001583311e-11,5.74170377909411e-10
0.317499876022339,-1.3204688822761e-20,3.3189975073844e-11,-4.53381526765995e-10
0.318333208560944,6.45469913438833e-21,-3.17149119466453e-11,5.36744371171238e-10
0.319166541099548,6.75057372312159e-21,-3.61433938333988e-11,5.74171821199343e-10
0.319999873638153,-1.32052736653035e-20,3.31899716043971e-11,-4.53381471254843e-10
0.320833206176758,6.45573068677332e-21,-3.17148113326837e-11,5.36742872370155e-10
0.321666538715363,6.75124055671111e-21,-3.61434909779135e-11,5.74173264489275e-10
0.322499871253967,-1.32077794409482e-20,3.31899646655032e-11,-4.53381415743692e-10
0.323333203792572,6.45488936977335e-21,-3.17147107187221e-11,5.36741373569072e-10
0.324166536331177,6.75267842926027e-21,-3.61435846529812e-11,5.74174707779207e-10
0.324999868869781,-1.32057849986314e-20,3.31899577266093e-11,-4.53381360232541e-10
0.325833201408386,6.45420516862214e-21,-3.17146101047605e-11,5.36739874767989e-10
0.326666533946991,6.75205642821372e-21,-3.61436783280489e-11,5.74176095557988e-10
0.327499866485596,-1.32043947859027e-20,3.31899507877154e-11,-4.53381332476965e-10
0.3283331990242,6.45292966257993e-21,-3.17145094907989e-11,5.36738375966905e-10
0.329166531562805,6.75190739030062e-21,-3.61437720031166e-11,5.7417753884792e-10
0.32999986410141,-1.32043220844816e-20,3.31899438488215e-11,-4.53381276965814e-10
0.330833196640015,6.45275517916947e-21,-3.17144088768373e-11,5.36736877165822e-10
0.331666529178619,6.75080111701069e-21,-3.61438656781843e-11,5.74178982137852e-10
0.332499861717224,-1.32032969944452e-20,3.31899369099276e-11,-4.53381221454663e-10
0.333333194255829,6.45342766731396e-21,-3.17143082628757e-11,5.3673543387589e-10
0.334166526794434,6.75013266783404e-21,-3.6143959353252e-11,5.74180425427784e-10
0.334999859333038,-1.3203155630571e-20,3.31899334404806e-11,-4.53381165943512e-10
0.335833191871643,6.4542625219654e-21,-3.17142076489141e-11,5.36733935074807e-10
0.336666524410248,6.74962900854505e-21,-3.61440530283197e-11,5.74181868717716e-10
0.337499856948853,-1.32050943351316e-20,3.31899265015867e-11,-4.5338111043236e-10
0.338333189487457,6.45515028709547e-21,-3.17141070349525e-11,5.36732436273724e-10
0.339166522026062,6.75030795903807e-21,-3.61441501728343e-11,5.74183312007648e-10
0.339999854564667,-1.32048786542493e-20,3.31899195626928e-11,-4.53381054921209e-10
0.340833187103271,6.45502144402154e-21,-3.17140064209909e-11,5.3673093747264e-10
0.341666519641876,6.7513189126871e-21,-3.6144243847902e-11,5.7418475529758e-10
0.342499852180481,-1.32062357474417e-20,3.31899126237989e-11,-4.53380999410058e-10
0.343333184719086,6.45562648140318e-21,-3.17139058070293e-11,5.36729438671557e-10
0.34416651725769,6.75071185582154e-21,-3.61443375229697e-11,5.74186198587512e-10
0.344999849796295,-1.32056492893121e-20,3.3189905684905e-11,-4.53380943898907e-10
0.3458331823349,6.45545724865091e-21,-3.17138051930677e-11,5.36727939870474e-10
0.346666514873505,6.75236056249168e-21,-3.61444311980375e-11,5.74187586366293e-10
0.347499847412109,-1.32063682255867e-20,3.31898987460111e-11,-4.53380888387755e-10
0.348333179950714,6.45372614703694e-21,-3.17137045791061e-11,5.36726441069391e-10
0.349166512489319,6.75159962095161e-21,-3.61445248731052e-11,5.74189029656225e-10
0.349999874830246,-1.32046847837932e-20,3.31898918071172e-11,-4.53380832876604e-10
0.350833207368851,6.45439015334897e-21,-3.17136039651444e-11,5.36724997779459e-10
0.351666539907455,6.75281979313449e-21,-3.61446185481729e-11,5.74190472946157e-10
0.35249987244606,-1.32052462003222e-20,3.31898883376702e-11,-4.53380777365453e-10
0.353333204984665,6.45413004382042e-21,-3.17135033511828e-11,5.36723498978375e-10
0.35416653752327,6.75186498113836e-21,-3.61447122232406e-11,5.74191916236089e-10
0.354999870061874,-1.32043099675781e-20,3.31898813987763e-11,-4.53380721854302e-10
0.355833202600479,6.45463491479976e-21,-3.17134027372212e-11,5.36722000177292e-10
0.356666535139084,6.75183145770533e-21,-3.61448093677552e-11,5.74193359526021e-10
0.357499867677689,-1.32046169291336e-20,3.31898744598824e-11,-4.53380666343151e-10
0.358333200216293,6.4544212534013e-21,-3.17133021232596e-11,5.36720501376209e-10
0.359166532754898,6.75276970993334e-21,-3.61449030428229e-11,5.74194802815953e-10
0.359999865293503,-1.3206770506783e-20,3.31898675209885e-11,-4.53380610831999e-10
0.360833197832108,6.45437440137442e-21,-3.1713201509298e-11,5.36719002575126e-10
0.361666530370712,6.75060966993532e-21,-3.61449967178906e-11,5.74196246105885e-10
0.362499862909317,-1.32038632577356e-20,3.31898605820946e-11,-4.53380555320848e-10
0.363333195447922,6.45435097536098e-21,-3.17131008953364e-11,5.36717503774042e-10
0.364166527986526,6.75018436662232e-21,-3.61450903929583e-11,5.74197689395817e-10
0.364999860525131,-1.32052995146976e-20,3.31898536432007e-11,-4.53380499809697e-10
0.365833193063736,6.4544580080086e-21,-3.17130002813748e-11,5.36716004972959e-10
0.366666525602341,6.75085443138611e-21,-3.6145184068026e-11,5.74199077174598e-10
0.367499858140945,-1.32042558454091e-20,3.31898467043068e-11,-4.53380444298546e-10
0.36833319067955,6.45486755934704e-21,-3.17128996674132e-11,5.36714506171876e-10
0.369166523218155,6.75142029077975e-21,-3.61452777430937e-11,5.7420052046453e-10
0.36999985575676,-1.32029900328897e-20,3.31898432348599e-11,-4.53380388787394e-10
0.370833188295364,6.45430816230193e-21,-3.17127990534516e-11,5.36713062881944e-10
0.371666520833969,6.7519934203155e-21,-3.61453714181614e-11,5.74201963754462e-10
0.372499853372574,-1.32050200181235e-20,3.31898362959659e-11,-4.53380333276243e-10
0.373333185911179,6.45509697272005e-21,-3.171269843949e-11,5.36711564080861e-10
0.374166518449783,6.75051394639764e-21,-3.61454685626761e-11,5.74203407044394e-10
0.374999850988388,-1.32046637811604e-20,3.3189829357072e-11,-4.53380277765092e-10
0.375833183526993,6.45436107278056e-21,-3.17125978255284e-11,5.36710065279777e-10
0.376666516065598,6.75198170730878e-21,-3.61455622377438e-11,5.74204850334326e-10
0.377499848604202,-1.32057639959986e-20,3.31898224181781e-11,-4.53380222253941e-10
0.378333181142807,6.45455898220447e-21,-3.17124972115668e-11,5.36708566478694e-10
0.379166513681412,6.75194656828862e-21,-3.61456559128115e-11,5.74206293624258e-10
0.379999846220016,-1.3207289110253e-20,3.31898154792842e-11,-4.53380194498365e-10
0.380833178758621,6.45462239399947e-21,-3.17123965976052e-11,5.36707067677611e-10
0.381666511297226,6.7528440269415e-21,-3.61457495878792e-11,5.7420773691419e-10
0.382499843835831,-1.32052906289684e-20,3.31898085403903e-11,-4.53380138987214e-10
0.383333176374435,6.45405734239939e-21,-3.17122959836436e-11,5.36705568876528e-10
0.38416650891304,6.75445517121077e-21,-3.61458432629469e-11,5.74209180204122e-10
0.384999841451645,-1.32044335599939e-20,3.31898016014964e-11,-4.53380083476063e-10
0.38583317399025,6.45386993429186e-21,-3.1712195369682e-11,5.36704070075444e-10
0.386666506528854,6.75157538714461e-21,-3.61459369380146e-11,5.74210623494054e-10
0.387499839067459,-1.32057639959986e-20,3.31897981320495e-11,-4.53380027964911e-10
0.388333171606064,6.45390184213775e-21,-3.17120947557203e-11,5.36702626785512e-10
0.389166504144669,6.75171957829631e-21,-3.61460306130823e-11,5.74212011272834e-10
0.389999836683273,-1.32064805088925e-20,3.31897911931556e-11,-4.5337997245376e-10
0.390833169221878,6.45369060412e-21,-3.17119941417587e-11,5.36701127984429e-10
0.391666501760483,6.75102447193195e-21,-3.6146127757597e-11,5.74213454562766e-10
0.392499834299088,-1.32035894157164e-20,3.31897842542617e-11,-4.53379916942609e-10
0.393333166837692,6.45428998694667e-21,-3.17118935277971e-11,5.36699629183346e-10
0.394166499376297,6.75201523074181e-21,-3.61462214326647e-11,5.74214897852698e-10
0.394999831914902,-1.3203868104497e-20,3.31897773153678e-11,-4.53379861431458e-10
0.395833164453506,6.45384368100093e-21,-3.17117929138355e-11,5.36698130382263e-10
0.396666496992111,6.75122197745907e-21,-3.61463151077324e-11,5.7421634114263e-10
0.397499829530716,-1.3206257557868e-20,3.31897703764739e-11,-4.53379805920306e-10
0.398333162069321,6.4543186636183e-21,-3.17116922998739e-11,5.36696631581179e-10
0.399166494607925,6.75214892057714e-21,-3.61464087828001e-11,5.74217784432562e-10
0.39999982714653,-1.32055838580332e-20,3.318976343758e-11,-4.53379750409155e-10
0.400833159685135,6.45395636820352e-21,-3.17115916859123e-11,5.36695132780096e-10
0.40166649222374,6.75208591267892e-21,-3.61465024578678e-11,5.74219227722494e-10
0.402499824762344,-1.32058536610846e-20,3.3189759968133e-11,-4.53379694898004e-10
0.403333157300949,6.45349673366393e-21,-3.17114910719507e-11,5.36693633979013e-10
0.404166519641876,6.75146189214845e-21,-3.61465961329355e-11,5.74220671012426e-10
0.404999852180481,-1.32051985405018e-20,3.31897530292391e-11,-4.53379639386853e-10
0.405833184719086,6.45237066943161e-21,-3.17113904579891e-11,5.36692190689081e-10
0.40666651725769,6.75210206855025e-21,-3.61466898080032e-11,5.74222114302358e-10
0.407499849796295,-1.32056638295963e-20,3.31897460903452e-11,-4.53379583875702e-10
0.4083331823349,6.45213479371006e-21,-3.17112898440275e-11,5.36690691887998e-10
0.409166514873505,6.75154792216333e-21,-3.61467869525178e-11,5.74223502081139e-10
0.409999847412109,-1.32048988490884e-20,3.31897391514513e-11,-4.5337952836455e-10
0.410833179950714,6.45286019233318e-21,-3.17111892300659e-11,5.36689193086914e-10
0.411666512489319,6.74949653040007e-21,-3.61468806275855e-11,5.74224945371071e-10
0.412499845027924,-1.32044755652593e-20,3.31897322125574e-11,-4.53379472853399e-10
0.413333177566528,6.45308152777052e-21,-3.17110886161043e-11,5.36687694285831e-10
0.414166510105133,6.7498745777894e-21,-3.61469743026532e-11,5.74226388661003e-10
0.414999842643738,-1.32081001349942e-20,3.31897252736635e-11,-4.53379417342248e-10
0.415833175182343,6.45227696537784e-21,-3.17109880021427e-11,5.36686195484748e-10
0.416666507720947,6.75095742506589e-21,-3.61470679777209e-11,5.74227831950935e-10
0.417499840259552,-1.32061969733505e-20,3.31897183347696e-11,-4.53379361831097e-10
0.418333172798157,6.45254394115172e-21,-3.17108873881811e-11,5.36684696683665e-10
0.419166505336761,6.75064602064583e-21,-3.61471616527886e-11,5.74229275240867e-10
0.419999837875366,-1.32074595546956e-20,3.31897148653226e-11,-4.53379306319945e-10
0.420833170413971,6.45270469207154e-21,-3.17107867742195e-11,5.36683197882581e-10
0.421666502952576,6.75145906487097e-21,-3.61472553278563e-11,5.74230718530799e-10
0.42249983549118,-1.32071275515396e-20,3.31897079264287e-11,-4.53379250808794e-10
0.423333168029785,6.45245266047865e-21,-3.17106861602579e-11,5.36681699081498e-10
0.42416650056839,6.75161537292617e-21,-3.6147349002924e-11,5.74232161820731e-10
0.424999833106995,-1.32069094472766e-20,3.31897009875348e-11,-4.53379195297643e-10
0.425833165645599,6.45204189744986e-21,-3.17105855462962e-11,5.36680255791566e-10
0.426666498184204,6.75057049194732e-21,-3.61474461474387e-11,5.74233605110663e-10
0.427499830722809,-1.32071267437461e-20,3.31896940486409e-11,-4.53379139786492e-10
0.428333163261414,6.45104427239468e-21,-3.17104849323346e-11,5.36678756990483e-10
0.429166495800018,6.75073124286715e-21,-3.61475398225064e-11,5.74234992889444e-10
0.429999828338623,-1.32065128206352e-20,3.3189687109747e-11,-4.5337908427534e-10
0.430833160877228,6.4511343413774e-21,-3.1710384318373e-11,5.366772581894e-10
0.431666493415833,6.75173411858051e-21,-3.61476334975741e-11,5.74236436179376e-10
0.432499825954437,-1.32056864478162e-20,3.31896801708531e-11,-4.53379028764189e-10
0.433333158493042,6.45135244564047e-21,-3.17102837044114e-11,5.36675759388316e-10
0.434166491031647,6.75008662360072e-21,-3.61477271726418e-11,5.74237879469308e-10
0.434999823570251,-1.32069845720783e-20,3.31896732319592e-11,-4.53378973253038e-10
0.435833156108856,6.45174584110757e-21,-3.17101830904498e-11,5.36674260587233e-10
0.436666488647461,6.75023768099774e-21,-3.61478208477095e-11,5.7423932275924e-10
0.437499821186066,-1.32070128448531e-20,3.31896697625123e-11,-4.53378945497462e-10
0.43833315372467,6.45213842878111e-21,-3.17100824764882e-11,5.3667276178615e-10
0.439166486263275,6.75141827129583e-21,-3.61479145227772e-11,5.74240766049172e-10
0.43999981880188,-1.32071445152045e-20,3.31896628236183e-11,-4.53378889986311e-10
0.440833151340485,6.45207703647002e-21,-3.17099818625266e-11,5.36671262985067e-10
0.441666483879089,6.75140373101163e-21,-3.61480081978449e-11,5.74242209339104e-10
0.442499816417694,-1.32063213735598e-20,3.31896558847244e-11,-4.5337883447516e-10
0.443333148956299,6.45170262415174e-21,-3.1709881248565e-11,5.36669819695135e-10
0.444166481494904,6.75083140926945e-21,-3.61481053423596e-11,5.74243652629036e-10
0.444999814033508,-1.32069829564911e-20,3.31896489458305e-11,-4.53378778964009e-10
0.445833146572113,6.45126560783203e-21,-3.17097806346034e-11,5.36668320894051e-10
0.446666479110718,6.75011368468522e-21,-3.61481990174273e-11,5.74245095918968e-10
0.447499811649323,-1.32057704583472e-20,3.31896420069366e-11,-4.53378723452857e-10
0.448333144187927,6.4518209659093e-21,-3.17096800206418e-11,5.36666822092968e-10
0.449166476726532,6.75093480684602e-21,-3.6148292692495e-11,5.74246483697749e-10
0.449999809265137,-1.32062825994686e-20,3.31896350680427e-11,-4.53378667941706e-10
0.450833141803741,6.4514445341071e-21,-3.17095794066802e-11,5.36665323291885e-10
0.451666474342346,6.7504513423962e-21,-3.61483863675627e-11,5.74247926987681e-10
0.452499806880951,-1.32065289765065e-20,3.31896281291488e-11,-4.53378612430555e-10
0.453333139419556,6.45180844510901e-21,-3.17094787927186e-11,5.36663824490802e-10
0.45416647195816,6.75044326446053e-21,-3.61484800426304e-11,5.74249370277613e-10
0.454999804496765,-1.3206776161338e-20,3.31896246597019e-11,-4.53378556919404e-10
0.45583313703537,6.45208915337353e-21,-3.1709378178757e-11,5.36662325689719e-10
0.456666469573975,6.7527632475848e-21,-3.61485737176981e-11,5.74250813567545e-10
0.457499802112579,-1.3207318998615e-20,3.3189617720808e-11,-4.53378501408253e-10
0.458333164453506,6.45132861573025e-21,-3.17092775647954e-11,5.36660826888635e-10
0.459166496992111,6.75145664149026e-21,-3.61486673927658e-11,5.74252256857477e-10
0.459999829530716,-1.32075193314196e-20,3.31896107819141e-11,-4.53378445897101e-10
0.460833162069321,6.45118967523673e-21,-3.17091769508338e-11,5.36659383598703e-10
0.461666494607925,6.7518981006746e-21,-3.61487610678335e-11,5.74253700147409e-10
0.46249982714653,-1.32072083308963e-20,3.31896038430202e-11,-4.5337839038595e-10
0.463333159685135,6.45013146566403e-21,-3.17090763368721e-11,5.3665788479762e-10
0.46416649222374,6.75106890057813e-21,-3.61488582123481e-11,5.74255143437341e-10
0.464999824762344,-1.32046169291336e-20,3.31895969041263e-11,-4.53378334874799e-10
0.465833157300949,6.45105800488532e-21,-3.17089757229105e-11,5.36656385996537e-10
0.466666489839554,6.74931679633142e-21,-3.61489518874158e-11,5.74256586727273e-10
0.467499822378159,-1.32058116558191e-20,3.31895899652324e-11,-4.53378279363648e-10
0.468333154916763,6.45094168261168e-21,-3.17088751089489e-11,5.36654887195454e-10
0.469166487455368,6.75006683265833e-21,-3.61490455624836e-11,5.74257974506054e-10
0.469999819993973,-1.32049844752065e-20,3.31895830263385e-11,-4.53378223852496e-10
0.470833152532578,6.45166344616375e-21,-3.17087744949873e-11,5.3665338839437e-10
0.471666485071182,6.74972634766987e-21,-3.61491392375513e-11,5.74259417795986e-10
0.472499817609787,-1.32072269101484e-20,3.31895795568915e-11,-4.53378168341345e-10
0.473333150148392,6.45216589376239e-21,-3.17086738810257e-11,5.36651889593287e-10
0.474166482686996,6.75060441927714e-21,-3.6149232912619e-11,5.74260861085918e-10
0.474999815225601,-1.32069910344268e-20,3.31895726179976e-11,-4.53378112830194e-10
0.475833147764206,6.45171312546811e-21,-3.17085732670641e-11,5.36650390792204e-10
0.476666480302811,6.75022031343605e-21,-3.61493265876867e-11,5.7426230437585e-10
0.477499812841415,-1.32079143424738e-20,3.31895656791037e-11,-4.53378057319043e-10
0.47833314538002,6.45097641773506e-21,-3.17084726531025e-11,5.36648891991121e-10
0.479166477918625,6.75106688109421e-21,-3.61494202627544e-11,5.74263747665782e-10
0.47999981045723,-1.32089628585237e-20,3.31895587402098e-11,-4.53378001807891e-10
0.480833142995834,6.4508140512281e-21,-3.17083720391409e-11,5.36647448701189e-10
0.481666475534439,6.75160123653875e-21,-3.6149517407269e-11,5.74265190955714e-10
0.482499808073044,-1.32067398106275e-20,3.31895518013159e-11,-4.5337794629674e-10
0.483333140611649,6.45087827081667e-21,-3.17082714251793e-11,5.36645949900105e-10
0.484166473150253,6.75047961517104e-21,-3.61496110823367e-11,5.74266634245646e-10
0.484999805688858,-1.32079466542165e-20,3.3189544862422e-11,-4.53377890785589e-10
0.485833138227463,6.45025626977013e-21,-3.17081708112177e-11,5.36644451099022e-10
0.486666470766068,6.75105759146819e-21,-3.61497047574044e-11,5.74268077535578e-10
0.487499803304672,-1.32111164361732e-20,3.31895379235281e-11,-4.53377835274438e-10
0.488333135843277,6.44953773739233e-21,-3.17080701972561e-11,5.36642952297939e-10
0.489166468381882,6.75240822231213e-21,-3.61497984324721e-11,5.74269465314359e-10
0.489999800920486,-1.32079684646428e-20,3.31895344540811e-11,-4.53377779763287e-10
0.490833133459091,6.44852274477546e-21,-3.17079695832945e-11,5.36641453496856e-10
0.491666465997696,6.75201119177397e-21,-3.61498921075398e-11,5.74270908604291e-10
0.492499798536301,-1.3206703459917e-20,3.31895275151872e-11,-4.53377724252135e-10
0.493333131074905,6.44878608547828e-21,-3.17078689693329e-11,5.36639954695772e-10
0.49416646361351,6.74951591744568e-21,-3.61499857826075e-11,5.74272351894223e-10
0.494999796152115,-1.3206474046544e-20,3.31895205762933e-11,-4.53377668740984e-10
0.49583312869072,6.44951108020462e-21,-3.17077683553713e-11,5.36638455894689e-10
0.496666461229324,6.74935476262907e-21,-3.61500794576752e-11,5.74273795184155e-10
0.497499793767929,-1.32064724309568e-20,3.31895136373994e-11,-4.53377613229833e-10
0.498333126306534,6.44977320921709e-21,-3.17076677414097e-11,5.36637012604757e-10
0.499166458845139,6.75000503645046e-21,-3.61501766021899e-11,5.74275238474087e-10
0.499999791383743,-1.32054917695666e-20,3.31895066985055e-11,-4.53377585474257e-10
0.50083315372467,6.45106123605959e-21,-3.1707567127448e-11,5.36635513803674e-10
0.501666486263275,6.74959629290559e-21,-3.61502702772576e-11,5.74276681764019e-10
0.50249981880188,-1.3205569317749e-20,3.31894997596116e-11,-4.53377529963106e-10
0.503333151340485,6.45193244142154e-21,-3.17074665134864e-11,5.36634015002591e-10
0.504166483879089,6.74934951197089e-21,-3.61503639523253e-11,5.74278125053951e-10
0.504999816417694,-1.32073408090413e-20,3.31894928207177e-11,-4.53377474451955e-10
0.505833148956299,6.45158105121992e-21,-3.17073658995248e-11,5.36632516201507e-10
0.506666481494904,6.74936203277117e-21,-3.6150457627393e-11,5.74279568343883e-10
0.507499814033508,-1.32083053145602e-20,3.31894893512708e-11,-4.53377418940804e-10
0.508333146572113,6.45131771051709e-21,-3.17072652855632e-11,5.36631017400424e-10
0.509166479110718,6.75023202644277e-21,-3.61505513024607e-11,5.74280956122664e-10
0.509999811649323,-1.32090509080225e-20,3.31894824123768e-11,-4.53377363429652e-10
0.510833144187927,6.45163719287282e-21,-3.17071646716016e-11,5.36629518599341e-10
0.511666476726532,6.7511331201667e-21,-3.61506449775284e-11,5.74282399412596e-10
0.512499809265137,-1.32084337537374e-20,3.31894754734829e-11,-4.53377307918501e-10
0.513333141803741,6.4510022671292e-21,-3.170706405764e-11,5.36628019798258e-10
0.514166474342346,6.75133910752627e-21,-3.61507386525961e-11,5.74283842702528e-10
0.514999806880951,-1.32088958116577e-20,3.3189468534589e-11,-4.5337725240735e-10
0.515833139419556,6.44975261048113e-21,-3.17069634436784e-11,5.36626520997174e-10
0.51666647195816,6.75341230971584e-21,-3.61508357971108e-11,5.7428528599246e-10
0.517499804496765,-1.3206395690568e-20,3.31894615956951e-11,-4.53377196896199e-10
0.51833313703537,6.44937940985321e-21,-3.17068628297168e-11,5.36625077707242e-10
0.519166469573975,6.7532935640615e-21,-3.61509294721785e-11,5.74286729282392e-10
0.519999802112579,-1.32073634272612e-20,3.31894546568012e-11,-4.53377141385047e-10
0.520833134651184,6.44902074950948e-21,-3.17067622157552e-11,5.36623578906159e-10
0.521666467189789,6.75124782685321e-21,-3.61510231472462e-11,5.74288172572324e-10
0.522499799728394,-1.32057712661407e-20,3.31894511873543e-11,-4.53377085873896e-10
0.523333132266998,6.44944605282248e-21,-3.17066616017936e-11,5.36622080105076e-10
0.524166464805603,6.75025424076587e-21,-3.61511168223139e-11,5.74289615862256e-10
0.524999797344208,-1.32048528048551e-20,3.31894442484604e-11,-4.53377030362745e-10
0.525833129882812,6.45043236876772e-21,-3.1706560987832e-11,5.36620581303993e-10
0.526666462421417,6.75070175840195e-21,-3.61512104973816e-11,5.74291059152188e-10
0.527499794960022,-1.32060022951009e-20,3.31894373095665e-11,-4.53376974851594e-10
0.528333127498627,6.45070984585797e-21,-3.17064603738704e-11,5.36619082502909e-10
0.529166460037231,6.75089926392907e-21,-3.61513041724493e-11,5.74292446930968e-10
0.529999792575836,-1.32046597421926e-20,3.31894303706726e-11,-4.53376919340442e-10
0.530833125114441,6.45204674421126e-21,-3.17063597599088e-11,5.36617583701826e-10
0.531666457653046,6.75082171574665e-21,-3.6151397847517e-11,5.742938902209e-10
0.53249979019165,-1.32078303319429e-20,3.31894234317787e-11,-4.53376863829291e-10
0.533333122730255,6.45248699170525e-21,-3.17062591459472e-11,5.36616084900743e-10
0.53416645526886,6.75070862464727e-21,-3.61514949920316e-11,5.74295333510833e-10
0.534999787807465,-1.32092148901166e-20,3.31894164928848e-11,-4.5337680831814e-10
0.535833120346069,6.45291269891503e-21,-3.17061585319856e-11,5.36614641610811e-10
0.536666452884674,6.75185367202842e-21,-3.61515886670993e-11,5.74296776800765e-10
0.537499785423279,-1.3209991987528e-20,3.31894095539909e-11,-4.53376752806989e-10
0.538333117961884,6.45126237665776e-21,-3.17060579180239e-11,5.36613142809728e-10
0.539166450500488,6.75407712382144e-21,-3.6151682342167e-11,5.74298220090697e-10
0.539999783039093,-1.32086591281426e-20,3.31894060845439e-11,-4.53376697295838e-10
0.540833115577698,6.44879416341395e-21,-3.17059573040623e-11,5.36611644008644e-10
0.541666448116302,6.75369584525784e-21,-3.61517760172347e-11,5.74299663380629e-10
0.542499780654907,-1.32051702677269e-20,3.318939914565e-11,-4.53376641784686e-10
0.543333113193512,6.44852718764008e-21,-3.17058566901007e-11,5.36610145207561e-10
0.544166445732117,6.75157902221566e-21,-3.61518696923024e-11,5.74301106670561e-10
0.544999778270721,-1.32053302108532e-20,3.31893922067561e-11,-4.53376586273535e-10
0.545833110809326,6.44961892064581e-21,-3.17057560761391e-11,5.36608646406478e-10
0.546666443347931,6.74901468153739e-21,-3.61519633673701e-11,5.74302549960493e-10
0.547499775886536,-1.32081381012919e-20,3.31893852678622e-11,-4.53376530762384e-10
0.54833310842514,6.45046548830396e-21,-3.17056554621775e-11,5.36607147605395e-10
0.549166440963745,6.74967586057193e-21,-3.61520570424378e-11,5.74303937739273e-10
0.54999977350235,-1.32066469143673e-20,3.31893783289683e-11,-4.53376475251233e-10
0.550833106040955,6.45013065787047e-21,-3.17055548482159e-11,5.36605648804311e-10
0.551666438579559,6.75163314438464e-21,-3.61521541869525e-11,5.74305381029205e-10
0.552499771118164,-1.32072050997221e-20,3.31893713900744e-11,-4.53376419740081e-10
0.553333103656769,6.44967910126654e-21,-3.17054542342543e-11,5.36604205514379e-10
0.554166436195374,6.75129589057044e-21,-3.61522478620202e-11,5.74306824319137e-10
0.554999768733978,-1.32078828385247e-20,3.31893644511805e-11,-4.5337636422893e-10
0.555833101272583,6.44969646882823e-21,-3.17053536202927e-11,5.36602706713296e-10
0.556666433811188,6.75177854722669e-21,-3.61523415370879e-11,5.74308267609069e-10
0.557499766349792,-1.32085807721666e-20,3.31893609817335e-11,-4.53376308717779e-10
0.558333098888397,6.44919119395211e-21,-3.17052530063311e-11,5.36601207912213e-10
0.559166431427002,6.75208106591751e-21,-3.61524352121556e-11,5.74309710899001e-10
0.559999763965607,-1.32066032935147e-20,3.31893540428396e-11,-4.53376253206628e-10
0.560833096504211,6.4489811676247e-21,-3.17051523923695e-11,5.3659970911113e-10
0.561666429042816,6.75324267306678e-21,-3.61525288872233e-11,5.74311154188933e-10
0.562499761581421,-1.32059804846746e-20,3.31893471039457e-11,-4.53376197695476e-10
0.563333094120026,6.44824486378843e-21,-3.17050517784079e-11,5.36598210310046e-10
0.56416642665863,6.75202896323245e-21,-3.6152622562291e-11,5.74312597478865e-10
0.564999759197235,-1.32071929828186e-20,3.31893401650518e-11,-4.53376142184325e-10
0.56583309173584,6.44871015288299e-21,-3.17049511644463e-11,5.36596711508963e-10
0.566666424274445,6.7519861501734e-21,-3.61527162373587e-11,5.74314040768797e-10
0.567499756813049,-1.32071808659151e-20,3.31893332261579e-11,-4.53376086673174e-10
0.568333089351654,6.4480550323002e-21,-3.17048505504847e-11,5.3659521270788e-10
0.569166421890259,6.75126559831168e-21,-3.61528099124264e-11,5.74315428547578e-10
0.569999754428864,-1.32070241539631e-20,3.3189326287264e-11,-4.53376058917598e-10
0.570833086967468,6.44830140933812e-21,-3.17047499365231e-11,5.36593713906797e-10
0.571666419506073,6.7499282960616e-21,-3.61529070569411e-11,5.7431687183751e-10
0.572499752044678,-1.32076598875002e-20,3.31893193483701e-11,-4.53376003406447e-10
0.573333084583282,6.44967990906011e-21,-3.17046493225615e-11,5.36592270616865e-10
0.574166417121887,6.75113392796027e-21,-3.61530007320088e-11,5.74318315127442e-10
0.574999749660492,-1.32062979475464e-20,3.31893158789232e-11,-4.53375947895296e-10
0.575833082199097,6.44942222291225e-21,-3.17045487085998e-11,5.36590771815781e-10
0.576666414737701,6.75103456935154e-21,-3.61530944070765e-11,5.74319758417374e-10
0.577499747276306,-1.32069676084134e-20,3.31893089400292e-11,-4.53375892384145e-10
0.578333079814911,6.44870490222481e-21,-3.17044480946382e-11,5.36589273014698e-10
0.579166412353516,6.75064157778122e-21,-3.61531880821442e-11,5.74321201707306e-10
0.57999974489212,-1.3208658320349e-20,3.31893020011353e-11,-4.53375836872993e-10
0.580833077430725,6.44974049357763e-21,-3.17043474806766e-11,5.36587774213615e-10
0.58166640996933,6.75066136872361e-21,-3.61532817572119e-11,5.74322644997238e-10
0.582499742507935,-1.32086179306706e-20,3.31892950622414e-11,-4.53375781361842e-10
0.583333075046539,6.44881435825313e-21,-3.1704246866715e-11,5.36586275412532e-10
0.584166407585144,6.75297448560256e-21,-3.61533754322796e-11,5.7432408828717e-10
0.584999740123749,-1.32086744762203e-20,3.31892881233475e-11,-4.53375725850691e-10
0.585833072662354,6.44872307758006e-21,-3.17041462527534e-11,5.36584776611448e-10
0.586666405200958,6.75235571573028e-21,-3.61534691073473e-11,5.74325531577102e-10
0.587499737739563,-1.32079523087715e-20,3.31892811844536e-11,-4.5337567033954e-10
0.588333070278168,6.44824769106591e-21,-3.17040456387918e-11,5.36583277810365e-10
0.589166402816772,6.75415305641673e-21,-3.61535662518619e-11,5.74326919355883e-10
0.589999735355377,-1.32075080223097e-20,3.31892742455597e-11,-4.53375614828389e-10
0.590833067893982,6.44743949360218e-21,-3.17039450248302e-11,5.36581834520433e-10
0.591666400432587,6.752367428737e-21,-3.61536599269296e-11,5.74328362645815e-10
0.592499792575836,-1.32070823150999e-20,3.31892673066658e-11,-4.53375559317237e-10
0.593333125114441,6.44817297016097e-21,-3.17038444108686e-11,5.3658033571935e-10
0.594166457653046,6.75071024023441e-21,-3.61537536019974e-11,5.74329805935747e-10
0.59499979019165,-1.32072188322127e-20,3.31892638372189e-11,-4.53375503806086e-10
0.595833122730255,6.44943272422862e-21,-3.1703743796907e-11,5.36578836918267e-10
0.59666645526886,6.75036612017489e-21,-3.61538472770651e-11,5.74331249225679e-10
0.597499787807465,-1.32062252461254e-20,3.3189256898325e-11,-4.53375448294935e-10
0.598333120346069,6.44996182901497e-21,-3.17036431829454e-11,5.36577338117183e-10
0.599166452884674,6.74984670891134e-21,-3.61539409521328e-11,5.74332692515611e-10
0.599999785423279,-1.32084902992871e-20,3.31892499594311e-11,-4.53375392783784e-10
0.600833117961884,6.45013550463187e-21,-3.17035425689838e-11,5.365758393161e-10
0.601666450500488,6.75086654828961e-21,-3.61540346272005e-11,5.74334135805543e-10
0.602499783039093,-1.32087996842232e-20,3.31892430205372e-11,-4.53375337272632e-10
0.603333115577698,6.44954904650226e-21,-3.17034419550222e-11,5.36574340515017e-10
0.604166448116302,6.75090814965831e-21,-3.61541283022682e-11,5.74335579095475e-10
0.604999780654907,-1.32085080707455e-20,3.31892360816433e-11,-4.53375281761481e-10
0.605833113193512,6.4484044030179e-21,-3.17033413410606e-11,5.36572841713934e-10
0.606666445732117,6.75100064202172e-21,-3.61542254467828e-11,5.74337022385407e-10
0.607499778270721,-1.32077745941868e-20,3.31892291427494e-11,-4.5337522625033e-10
0.608333110809326,6.44922269790122e-21,-3.1703240727099e-11,5.3657134291285e-10
0.609166443347931,6.75052000484939e-21,-3.61543191218505e-11,5.74338410164188e-10
0.609999775886536,-1.3208941855891e-20,3.31892222038555e-11,-4.53375170739179e-10
0.61083310842514,6.44798111918882e-21,-3.17031401131374e-11,5.36569899622918e-10
0.611666440963745,6.75092470942643e-21,-3.61544127969182e-11,5.7433985345412e-10
0.61249977350235,-1.32073981623846e-20,3.31892187344085e-11,-4.53375115228027e-10
0.613333106040955,6.44784904494063e-21,-3.17030394991757e-11,5.36568400821835e-10
0.614166438579559,6.75209277892424e-21,-3.61545064719859e-11,5.74341296744052e-10
0.614999771118164,-1.32088982350384e-20,3.31892117955146e-11,-4.53375059716876e-10
0.615833103656769,6.44711678007219e-21,-3.17029388852141e-11,5.36566902020752e-10
0.616666436195374,6.75158306118349e-21,-3.61546001470536e-11,5.74342740033984e-10
0.617499768733978,-1.32088214946495e-20,3.31892048566207e-11,-4.53375004205725e-10
0.618333101272583,6.44787772161225e-21,-3.17028382712525e-11,5.36565403219669e-10
0.619166433811188,6.75005108068378e-21,-3.61546938221213e-11,5.74344183323916e-10
0.619999766349792,-1.32080775167744e-20,3.31891979177268e-11,-4.53374948694574e-10
0.620833098888397,6.44719028928678e-21,-3.17027376572909e-11,5.36563904418585e-10
0.621666431427002,6.75134112701019e-21,-3.6154787497189e-11,5.74345626613848e-10
0.622499763965607,-1.32089580117623e-20,3.31891909788329e-11,-4.53374893183423e-10
0.623333096504211,6.44704286696081e-21,-3.17026370433293e-11,5.36562405617502e-10
0.624166429042816,6.75070175840195e-21,-3.61548846417037e-11,5.7434706990378e-10
0.624999761581421,-1.32105873313869e-20,3.3189184039939e-11,-4.53374837672271e-10
0.625833094120026,6.44772787590558e-21,-3.17025364293677e-11,5.36560906816419e-10
0.62666642665863,6.75105920705533e-21,-3.61549783167714e-11,5.74348513193712e-10
0.627499759197235,-1.32096793714176e-20,3.31891771010451e-11,-4.5337478216112e-10
0.62833309173584,6.44663856628056e-21,-3.17024358154061e-11,5.36559463526487e-10
0.629166424274445,6.74994445193294e-21,-3.61550719918391e-11,5.74349900972493e-10
0.629999756813049,-1.32091324951728e-20,3.31891736315981e-11,-4.53374726649969e-10
0.630833089351654,6.44649962578704e-21,-3.17023352014445e-11,5.36557964725404e-10
0.631666421890259,6.7505369685143e-21,-3.61551656669068e-11,5.74351344262425e-10
0.632499754428864,-1.32071461307917e-20,3.31891666927042e-11,-4.53374671138818e-10
0.633333086967468,6.44597738724601e-21,-3.17022345874829e-11,5.3655646592432e-10
0.634166419506073,6.75138232448211e-21,-3.61552593419745e-11,5.74352787552357e-10
0.634999752044678,-1.32070467721829e-20,3.31891597538103e-11,-4.53374615627666e-10
0.635833084583282,6.44637037881633e-21,-3.17021339735213e-11,5.36554967123237e-10
0.636666417121887,6.74927479106594e-21,-3.61553530170422e-11,5.74354230842289e-10
0.637499749660492,-1.32070233461695e-20,3.31891528149164e-11,-4.53374560116515e-10
0.638333082199097,6.44689746411876e-21,-3.17020333595597e-11,5.36553468322154e-10
0.639166414737701,6.74939232502993e-21,-3.61554466921099e-11,5.74355674132221e-10
0.639999747276306,-1.32093554461973e-20,3.31891458760225e-11,-4.53374504605364e-10
0.640833079814911,6.44799162050519e-21,-3.17019327455981e-11,5.36551969521071e-10
0.641666412353516,6.75094288478169e-21,-3.61555403671776e-11,5.74357117422153e-10
0.64249974489212,-1.32097577273936e-20,3.31891389371286e-11,-4.53374449094213e-10
0.643333077430725,6.44839107442405e-21,-3.17018321316365e-11,5.36550470719988e-10
0.64416640996933,6.75313321703846e-21,-3.61556375116923e-11,5.74358560712085e-10
0.644999742507935,-1.32084022497883e-20,3.31891319982347e-11,-4.53374393583061e-10
0.645833075046539,6.44758489644423e-21,-3.17017315176749e-11,5.36548971918904e-10
0.646666407585144,6.75054706593388e-21,-3.615573118676e-11,5.74360004002017e-10
0.647499740123749,-1.32102561360244e-20,3.31891285287877e-11,-4.5337433807191e-10
0.648333072662354,6.44676740935448e-21,-3.17016309037133e-11,5.36547528628972e-10
0.649166405200958,6.75234602220747e-21,-3.61558248618277e-11,5.74361391780798e-10
0.649999737739563,-1.32090250586284e-20,3.31891215898938e-11,-4.53374310316335e-10
0.650833070278168,6.44572899072418e-21,-3.17015302897516e-11,5.36546029827889e-10
0.651666402816772,6.75105920705533e-21,-3.61559185368954e-11,5.7436283507073e-10
0.652499735355377,-1.32083949796462e-20,3.31891146509999e-11,-4.53374254805183e-10
0.653333067893982,6.44533599915386e-21,-3.170142967579e-11,5.36544531026806e-10
0.654166400432587,6.75089643665159e-21,-3.61560122119631e-11,5.74364278360662e-10
0.654999732971191,-1.32065863298498e-20,3.3189107712106e-11,-4.53374199294032e-10
0.655833065509796,6.44534205760561e-21,-3.17013290618284e-11,5.36543032225723e-10
0.656666398048401,6.74937213019076e-21,-3.61561058870308e-11,5.74365721650594e-10
0.657499730587006,-1.32088061465717e-20,3.31891007732121e-11,-4.53374143782881e-10
0.65833306312561,6.44664260524839e-21,-3.17012284478668e-11,5.36541533424639e-10
0.659166395664215,6.74869317969774e-21,-3.61561995620985e-11,5.74367164940526e-10
0.65999972820282,-1.32114258211094e-20,3.31890938343182e-11,-4.5337408827173e-10
0.660833060741425,6.44803362577067e-21,-3.17011278339052e-11,5.36540034623556e-10
0.661666393280029,6.75062380632274e-21,-3.61562967066131e-11,5.74368608230458e-10
0.662499725818634,-1.32101753566677e-20,3.31890868954243e-11,-4.53374032760578e-10
0.663333058357239,6.44757197174716e-21,-3.17010272199436e-11,5.36538535822473e-10
0.664166390895844,6.75032653829011e-21,-3.61563903816808e-11,5.7437005152039e-10
0.664999723434448,-1.32083586289357e-20,3.31890834259774e-11,-4.53373977249427e-10
0.665833055973053,6.44639340093299e-21,-3.1700926605982e-11,5.3653703702139e-10
0.666666388511658,6.75088431974808e-21,-3.61564840567485e-11,5.74371494810322e-10
0.667499721050262,-1.32115300264795e-20,3.31890764870835e-11,-4.53373921738276e-10
0.668333053588867,6.44632191120231e-21,-3.17008259920204e-11,5.36535593731458e-10
0.669166386127472,6.74947795114803e-21,-3.61565777318162e-11,5.74372882589103e-10
0.669999718666077,-1.32106842666149e-20,3.31890695481896e-11,-4.53373866227125e-10
0.670833051204681,6.44639340093299e-21,-3.17007253780588e-11,5.36534094930374e-10
0.671666383743286,6.75081646508846e-21,-3.61566714068839e-11,5.74374325879035e-10
0.672499716281891,-1.32101721254935e-20,3.31890626092957e-11,-4.53373810715973e-10
0.673333048820496,6.44599556260127e-21,-3.17006247640972e-11,5.36532596129291e-10
0.6741663813591,6.75118158778072e-21,-3.61567650819516e-11,5.74375769168967e-10
0.674999713897705,-1.32089951702664e-20,3.31890556704018e-11,-4.53373755204822e-10
0.67583304643631,6.44540143043278e-21,-3.17005241501356e-11,5.36531097328208e-10
0.676666378974915,6.75219981157186e-21,-3.61568587570194e-11,5.74377212458899e-10
0.677499711513519,-1.32086066215607e-20,3.31890487315079e-11,-4.53373699693671e-10
0.678333044052124,6.44454113028398e-21,-3.1700423536174e-11,5.36529598527125e-10
0.679166376590729,6.75277899955936e-21,-3.6156955901534e-11,5.74378655748831e-10
0.679999709129333,-1.32079999685919e-20,3.31890417926139e-11,-4.5337364418252e-10
0.680833041667938,6.4447753904184e-21,-3.17003229222124e-11,5.36528099726041e-10
0.681666374206543,6.751981303412e-21,-3.61570495766017e-11,5.74380099038763e-10
0.682499706745148,-1.32091421886956e-20,3.3189038323167e-11,-4.53373588671369e-10
0.683333039283752,6.44398859948419e-21,-3.17002223082508e-11,5.36526600924958e-10
0.684166371822357,6.75019365624834e-21,-3.61571432516694e-11,5.74381542328695e-10
0.684999704360962,-1.32086332787484e-20,3.31890313842731e-11,-4.53373533160217e-10
0.685833036899567,6.44614460051437e-21,-3.17001216942892e-11,5.36525157635026e-10
0.686666369438171,6.74779370156095e-21,-3.61572369267371e-11,5.74382985618627e-10
0.687499701976776,-1.32077430902376e-20,3.31890244453792e-11,-4.53373477649066e-10
0.688333034515381,6.44683970687873e-21,-3.17000210803275e-11,5.36523658833943e-10
0.689166367053986,6.74987740506688e-21,-3.61573306018048e-11,5.74384373397407e-10
0.68999969959259,-1.32104168869442e-20,3.31890175064853e-11,-4.53373422137915e-10
0.690833032131195,6.44753158206882e-21,-3.16999204663659e-11,5.3652216003286e-10
0.6916663646698,6.74814347617543e-21,-3.61574242768725e-11,5.74385816687339e-10
0.692499697208405,-1.32102690607215e-20,3.31890105675914e-11,-4.53373366626764e-10
0.693333029747009,6.44748755731942e-21,-3.16998198524043e-11,5.36520661231776e-10
0.694166362285614,6.7500139221797e-21,-3.61575179519402e-11,5.74387259977271e-10
0.694999694824219,-1.3210631760033e-20,3.31890036286975e-11,-4.53373311115612e-10
0.695833027362823,6.4477153551053e-21,-3.16997192384427e-11,5.36519162430693e-10
0.696666359901428,6.75222929603705e-21,-3.61576116270079e-11,5.74388703267203e-10
0.697499692440033,-1.32114750965169e-20,3.31889966898036e-11,-4.53373255604461e-10
0.698333024978638,6.44637199440346e-21,-3.16996186244811e-11,5.3651766362961e-10
0.699166357517242,6.75258714858721e-21,-3.61577087715226e-11,5.74390146557135e-10
0.699999749660492,-1.32103805362337e-20,3.31889897509097e-11,-4.5337320009331e-10
0.700833082199097,6.44634937618359e-21,-3.16995180105195e-11,5.36516164828527e-10
0.701666414737701,6.75329477575185e-21,-3.61578024465903e-11,5.74391589847068e-10
0.702499747276306,-1.32097278390316e-20,3.31889862814627e-11,-4.53373144582159e-10
0.703333079814911,6.44583642726858e-21,-3.16994173965579e-11,5.36514666027443e-10
0.704166412353516,6.75155438451187e-21,-3.6157896121658e-11,5.74393033137e-10
0.70499974489212,-1.32098918211257e-20,3.31889793425688e-11,-4.53373089071007e-10
0.705833077430725,6.44525643148751e-21,-3.16993167825963e-11,5.36513222737511e-10
0.70666640996933,6.75114281368951e-21,-3.61579897967257e-11,5.74394476426932e-10
0.707499742507935,-1.32099031302357e-20,3.31889724036749e-11,-4.53373033559856e-10
0.708333075046539,6.44458030827198e-21,-3.16992161686347e-11,5.36511723936428e-10
0.709166407585144,6.75232784685222e-21,-3.61580834717934e-11,5.74395864205712e-10
0.709999740123749,-1.3208007238734e-20,3.3188965464781e-11,-4.53372978048705e-10
0.710833072662354,6.44430969742705e-21,-3.16991155546731e-11,5.36510225135345e-10
0.711666405200958,6.75109313438514e-21,-3.61581771468611e-11,5.74397307495644e-10
0.712499737739563,-1.32092827447762e-20,3.31889585258871e-11,-4.53372922537554e-10
0.713333070278168,6.44402091122687e-21,-3.16990149407115e-11,5.36508726334262e-10
0.714166402816772,6.75111413701788e-21,-3.61582708219288e-11,5.74398750785576e-10
0.714999735355377,-1.32102141307589e-20,3.31889515869932e-11,-4.53372867026403e-10
0.715833067893982,6.44535740568338e-21,-3.16989143267499e-11,5.36507227533178e-10
0.716666400432587,6.74973684898624e-21,-3.61583679664434e-11,5.74400194075508e-10
0.717499732971191,-1.3210221400901e-20,3.31889446480993e-11,-4.53372811515251e-10
0.718333065509796,6.44550765528683e-21,-3.16988137127883e-11,5.36505728732095e-10
0.719166398048401,6.7506981233309e-21,-3.61584616415112e-11,5.7440163736544e-10
0.719999730587006,-1.3210432235022e-20,3.31889411786523e-11,-4.533727560041e-10
0.72083306312561,6.44521806129308e-21,-3.16987130988267e-11,5.36504229931012e-10
0.721666395664215,6.75124782685321e-21,-3.61585553165789e-11,5.74403080655372e-10
0.72249972820282,-1.32110025372803e-20,3.31889342397584e-11,-4.53372700492949e-10
0.723333060741425,6.44495512448704e-21,-3.16986124848651e-11,5.3650278664108e-10
0.724166393280029,6.75104628235826e-21,-3.61586489916466e-11,5.74404523945304e-10
0.724999725818634,-1.32091341107599e-20,3.31889273008645e-11,-4.53372644981798e-10
0.725833058357239,6.44603312500213e-21,-3.16985118709034e-11,5.36501287839997e-10
0.726666390895844,6.75129508277688e-21,-3.61587426667143e-11,5.74405911724085e-10
0.727499723434448,-1.32086252008128e-20,3.31889203619706e-11,-4.53372589470646e-10
0.728333055973053,6.44639097755229e-21,-3.16984112569418e-11,5.36499789038913e-10
0.729166388511658,6.75032694218689e-21,-3.6158836341782e-11,5.74407355014017e-10
0.729999721050262,-1.32102092839975e-20,3.31889134230767e-11,-4.53372533959495e-10
0.730833053588867,6.44543616555616e-21,-3.16983106429802e-11,5.3649829023783e-10
0.731666386127472,6.75147724022622e-21,-3.61589300168497e-11,5.74408798303949e-10
0.732499718666077,-1.32101171955309e-20,3.31889064841828e-11,-4.53372478448344e-10
0.733333051204681,6.44462675640208e-21,-3.16982100290186e-11,5.36496791436747e-10
0.734166383743286,6.75142513754115e-21,-3.61590271613643e-11,5.74410241593881e-10
0.734999716281891,-1.32102819854186e-20,3.31888995452889e-11,-4.53372422937193e-10
0.735833048820496,6.4438318875322e-21,-3.1698109415057e-11,5.36495292635664e-10
0.7366663813591,6.75075224549989e-21,-3.6159120836432e-11,5.74411684883813e-10
0.737499713897705,-1.32108789448645e-20,3.3188896075842e-11,-4.53372367426041e-10
0.73833304643631,6.44421882065077e-21,-3.16980088010954e-11,5.3649379383458e-10
0.739166378974915,6.74940605752057e-21,-3.61592145114997e-11,5.74413128173745e-10
0.739999711513519,-1.32118975725524e-20,3.31888891369481e-11,-4.5337231191489e-10
0.740833044052124,6.44492887119611e-21,-3.16979081871338e-11,5.36492295033497e-10
0.741666376590729,6.75248011593959e-21,-3.61593081865674e-11,5.74414571463677e-10
0.742499709129333,-1.32099039380292e-20,3.31888821980542e-11,-4.53372256403739e-10
0.743333041667938,6.44397688647747e-21,-3.16978075731722e-11,5.36490851743565e-10
0.744166374206543,6.75153418967269e-21,-3.61594018616351e-11,5.74416014753609e-10
0.744999706745148,-1.32093295968031e-20,3.31888752591603e-11,-4.53372200892588e-10
0.745833039283752,6.44391105130176e-21,-3.16977069592106e-11,5.36489352942482e-10
0.746666371822357,6.75075951564199e-21,-3.61594955367028e-11,5.7441740253239e-10
0.747499704360962,-1.32076049575377e-20,3.31888683202664e-11,-4.53372173137012e-10
0.748333036899567,6.44535336671555e-21,-3.1697606345249e-11,5.36487854141399e-10
0.749166369438171,6.74892703593537e-21,-3.61595892117705e-11,5.74418845822322e-10
0.749999701976776,-1.32095339685756e-20,3.31888613813724e-11,-4.53372117625861e-10
0.750833034515381,6.44642369319175e-21,-3.16975057312874e-11,5.36486355340315e-10
0.751666367053986,6.75181328235007e-21,-3.61596828868382e-11,5.74420289112254e-10
0.75249969959259,-1.3207427242953e-20,3.31888544424785e-11,-4.5337206211471e-10
0.753333032131195,6.44615631352109e-21,-3.16974051173258e-11,5.36484856539232e-10
0.7541663646698,6.7521816362166e-21,-3.61597800313529e-11,5.74421732402186e-10
0.754999697208405,-1.32102310944238e-20,3.31888509730316e-11,-4.53372006603558e-10
0.755833029747009,6.44601293016296e-21,-3.16973045033642e-11,5.36483357738149e-10
0.756666362285614,6.75309767412152e-21,-3.61598737064206e-11,5.74423175692118e-10
0.757499694824219,-1.32083642834906e-20,3.31888440341377e-11,-4.53371951092407e-10
0.758333027362823,6.44592770794164e-21,-3.16972038894026e-11,5.36481858937066e-10
0.759166359901428,6.75375481418823e-21,-3.61599673814883e-11,5.7442461898205e-10
0.759999692440033,-1.32089806299822e-20,3.31888370952438e-11,-4.53371895581256e-10
0.760833024978638,6.44569506339436e-21,-3.1697103275441e-11,5.36480360135982e-10
0.761666357517242,6.75307142083059e-21,-3.6160061056556e-11,5.74426062271982e-10
0.762499690055847,-1.32079805815463e-20,3.31888301563499e-11,-4.53371840070105e-10
0.763333022594452,6.44604806918312e-21,-3.16970026614793e-11,5.3647891684605e-10
0.764166355133057,6.75344785263279e-21,-3.61601547316237e-11,5.74427505561914e-10
0.764999687671661,-1.32081195220398e-20,3.3188823217456e-11,-4.53371784558954e-10
0.765833020210266,6.44640188276544e-21,-3.16969020475177e-11,5.36477418044967e-10
0.766666352748871,6.75342442661935e-21,-3.61602484066914e-11,5.74428893340695e-10
0.767499685287476,-1.320797008023e-20,3.31888162785621e-11,-4.53371729047802e-10
0.76833301782608,6.44649881799348e-21,-3.16968014335561e-11,5.36475919243884e-10
0.769166350364685,6.75397614962557e-21,-3.61603420817591e-11,5.74430336630627e-10
0.76999968290329,-1.32074845962962e-20,3.31888093396682e-11,-4.53371673536651e-10
0.770833015441895,6.44676296648987e-21,-3.16967008195945e-11,5.36474420442801e-10
0.771666347980499,6.75263561620122e-21,-3.61604392262738e-11,5.74431779920559e-10
0.772499680519104,-1.32081760675895e-20,3.31888024007743e-11,-4.533716180255e-10
0.773333013057709,6.44758045357962e-21,-3.16966002056329e-11,5.36472921641717e-10
0.774166345596313,6.75253666148927e-21,-3.61605329013415e-11,5.74433223210491e-10
0.774999678134918,-1.32093877579399e-20,3.31887989313273e-11,-4.53371562514349e-10
0.775833010673523,6.44698430192721e-21,-3.16964995916713e-11,5.36471422840634e-10
0.776666343212128,6.75432350085936e-21,-3.61606265764092e-11,5.74434666500423e-10
0.777499675750732,-1.32087213282472e-20,3.31887919924334e-11,-4.53371507003197e-10
0.778333008289337,6.44689625242841e-21,-3.16963989777097e-11,5.36469924039551e-10
0.779166340827942,6.75482029390303e-21,-3.61607202514769e-11,5.74436109790355e-10
0.779999673366547,-1.32082091871258e-20,3.31887850535395e-11,-4.53371451492046e-10
0.780833005905151,6.44596890541356e-21,-3.16962983637481e-11,5.36468480749619e-10
0.781666338443756,6.75348581893043e-21,-3.61608139265446e-11,5.74437553080287e-10
0.782499670982361,-1.32097496494579e-20,3.31887781146456e-11,-4.53371395980895e-10
0.783333003520966,6.44656222978848e-21,-3.16961977497865e-11,5.36466981948536e-10
0.78416633605957,6.75403390686561e-21,-3.61609076016123e-11,5.74438996370219e-10
0.784999668598175,-1.32086874009174e-20,3.31887711757517e-11,-4.53371340469744e-10
0.78583300113678,6.44559085802423e-21,-3.16960971358249e-11,5.36465483147452e-10
0.786666333675385,6.7545985545689e-21,-3.616100127668e-11,5.74440384149e-10
0.787499666213989,-1.32072471049875e-20,3.31887642368578e-11,-4.53371284958592e-10
0.788332998752594,6.44516191964018e-21,-3.16959965218633e-11,5.36463984346369e-10
0.789166331291199,6.75310938712824e-21,-3.61610949517477e-11,5.74441827438932e-10
0.789999663829803,-1.3206039453605e-20,3.31887572979639e-11,-4.53371229447441e-10
0.790832996368408,6.44614177323688e-21,-3.16958959079017e-11,5.36462485545286e-10
0.791666328907013,6.75313887159343e-21,-3.61611920962623e-11,5.74443270728864e-10
0.792499661445618,-1.32048011060668e-20,3.31887538285169e-11,-4.5337117393629e-10
0.793332993984222,6.44713778270493e-21,-3.16957952939401e-11,5.36460986744203e-10
0.794166326522827,6.75142958040577e-21,-3.616128577133e-11,5.74444714018796e-10
0.794999659061432,-1.32075686068272e-20,3.3188746889623e-11,-4.53371118425139e-10
0.795832991600037,6.44733124926421e-21,-3.16956946799785e-11,5.36459487943119e-10
0.796666324138641,6.75282665937981e-21,-3.61613794463977e-11,5.74446157308728e-10
0.797499656677246,-1.32078206384201e-20,3.31887399507291e-11,-4.53371062913988e-10
0.798332989215851,6.44782198385613e-21,-3.16955905965699e-11,5.36457989142036e-10
0.799166321754456,6.75339776943164e-21,-3.61614731214654e-11,5.7444760059866e-10
0.79999965429306,-1.32100994240724e-20,3.31887330118352e-11,-4.53371007402836e-10
0.800832986831665,6.44691927454507e-21,-3.16954899826083e-11,5.36456545852104e-10
0.80166631937027,6.75514866198799e-21,-3.61615667965332e-11,5.74449043888592e-10
0.802499651908875,-1.32084975694292e-20,3.31887260729413e-11,-4.53370951891685e-10
0.803332984447479,6.44675771583168e-21,-3.16953893686467e-11,5.36455047051021e-10
0.804166316986084,6.75317885737499e-21,-3.61616604716009e-11,5.74450431667373e-10
0.804999649524689,-1.32086922476788e-20,3.31887191340474e-11,-4.53370896380534e-10
0.805832982063293,6.44687282641497e-21,-3.16952887546851e-11,5.36453548249938e-10
0.806666314601898,6.75540715592942e-21,-3.61617541466686e-11,5.74451874957305e-10
0.807499706745148,-1.32078513345756e-20,3.31887121951535e-11,-4.53370840869383e-10
0.808333039283752,6.44496764528733e-21,-3.16951881407235e-11,5.36452049448854e-10
0.809166371822357,6.75541281048438e-21,-3.61618512911832e-11,5.74453318247237e-10
0.809999704360962,-1.32061145784067e-20,3.31887052562596e-11,-4.53370785358231e-10
0.810833036899567,6.44404352944674e-21,-3.16950875267619e-11,5.36450550647771e-10
0.811666369438171,6.75395797427031e-21,-3.61619449662509e-11,5.74454761537169e-10
0.812499701976776,-1.32059352482348e-20,3.31887017868127e-11,-4.5337072984708e-10
0.813333034515381,6.4444623704112e-21,-3.16949869128003e-11,5.36449051846688e-10
0.814166367053986,6.75261542136205e-21,-3.61620386413186e-11,5.74456204827101e-10
0.81499969959259,-1.32073698896097e-20,3.31886948479188e-11,-4.53370674335929e-10
0.815833032131195,6.44481658789031e-21,-3.16948862988387e-11,5.36447553045605e-10
0.8166663646698,6.75243528339662e-21,-3.61621323163863e-11,5.74457648117033e-10
0.817499697208405,-1.32057470323337e-20,3.31886879090248e-11,-4.53370618824778e-10
0.818333029747009,6.44495956735166e-21,-3.1694785684877e-11,5.36446054244522e-10
0.819166362285614,6.75154913385368e-21,-3.6162225991454e-11,5.74459091406965e-10
0.819999694824219,-1.32073650428483e-20,3.31886809701309e-11,-4.53370563313626e-10
0.820833027362823,6.44532549783749e-21,-3.16946850709154e-11,5.3644461095459e-10
0.821666359901428,6.75169978735392e-21,-3.61623196665217e-11,5.74460534696897e-10
0.822499692440033,-1.32072971881887e-20,3.3188674031237e-11,-4.53370507802475e-10
0.823333024978638,6.44659898439578e-21,-3.16945844569538e-11,5.36443112153506e-10
0.824166357517242,6.75257826285797e-21,-3.61624133415894e-11,5.74461922475678e-10
0.824999690055847,-1.3210003296638e-20,3.31886670923431e-11,-4.53370452291324e-10
0.825833022594452,6.44654809340106e-21,-3.16944838429922e-11,5.36441613352423e-10
0.826666355133057,6.75249182894631e-21,-3.61625104861041e-11,5.7446336576561e-10
0.827499687671661,-1.32086518580005e-20,3.31886601534492e-11,-4.53370396780173e-10
0.828333020210266,6.44622820714855e-21,-3.16943832290306e-11,5.3644011455134e-10
0.829166352748871,6.75377137395635e-21,-3.61626041611718e-11,5.74464809055542e-10
0.829999685287476,-1.32078577969242e-20,3.31886566840023e-11,-4.53370341269022e-10
0.83083301782608,6.44641884643035e-21,-3.1694282615069e-11,5.36438615750257e-10
0.831666350364685,6.75298579471249e-21,-3.61626978362395e-11,5.74466252345474e-10
0.83249968290329,-1.32096010154416e-20,3.31886497451084e-11,-4.5337028575787e-10
0.833333015441895,6.44587560525658e-21,-3.16941820011074e-11,5.36437116949173e-10
0.834166347980499,6.75366030234089e-21,-3.61627915113072e-11,5.74467695635406e-10
0.834999680519104,-1.32106818432342e-20,3.31886428062145e-11,-4.53370230246719e-10
0.835833013057709,6.44543293438189e-21,-3.16940813871458e-11,5.3643561814809e-10
0.836666345596313,6.75500002797167e-21,-3.61628851863749e-11,5.74469138925338e-10
0.837499678134918,-1.32102795620379e-20,3.31886358673206e-11,-4.53370174735568e-10
0.838333010673523,6.44488807762098e-21,-3.16939807731842e-11,5.36434174858158e-10
0.839166343212128,6.75505213065674e-21,-3.61629788614426e-11,5.7447058221527e-10
0.839999675750732,-1.32081962624287e-20,3.31886289284267e-11,-4.53370119224417e-10
0.840833008289337,6.44484728404585e-21,-3.16938801592226e-11,5.36432676057075e-10
0.841666340827942,6.75288037765201e-21,-3.61630725365103e-11,5.74472025505202e-10
0.842499673366547,-1.32083481276193e-20,3.31886219895328e-11,-4.53370063713265e-10
0.843333005905151,6.44536992648367e-21,-3.1693779545261e-11,5.36431177255992e-10
0.844166338443756,6.75349874362751e-21,-3.6163166211578e-11,5.74473413283982e-10
0.844999670982361,-1.32080864025036e-20,3.31886150506389e-11,-4.53370008202114e-10
0.845833003520966,6.44460494597577e-21,-3.16936789312994e-11,5.36429678454908e-10
0.84666633605957,6.75401330812965e-21,-3.61632633560927e-11,5.74474856573914e-10
0.847499668598175,-1.32076316147254e-20,3.3188608111745e-11,-4.53369952690963e-10
0.84833300113678,6.44457546151058e-21,-3.16935783173378e-11,5.36428179653825e-10
0.849166333675385,6.75470316383582e-21,-3.61633570311604e-11,5.74476299863846e-10
0.849999666213989,-1.32085250344104e-20,3.3188604642298e-11,-4.53369897179812e-10
0.850832998752594,6.44509446887734e-21,-3.16934777033762e-11,5.36426680852742e-10
0.851666331291199,6.75490995898896e-21,-3.61634507062281e-11,5.74477743153778e-10
0.852499663829803,-1.32068932914052e-20,3.31885977034041e-11,-4.5336984166866e-10
0.853332996368408,6.44539981484564e-21,-3.16933770894146e-11,5.36425182051659e-10
0.854166328907013,6.75455372202594e-21,-3.61635443812958e-11,5.7447918644371e-10
0.854999661445618,-1.32081001349942e-20,3.31885907645102e-11,-4.53369786157509e-10
0.855832993984222,6.44592164948989e-21,-3.16932764754529e-11,5.36423683250575e-10
0.856666326522827,6.75387477153292e-21,-3.61636380563635e-11,5.74480629733642e-10
0.857499659061432,-1.32075120612775e-20,3.31885838256163e-11,-4.53369730646358e-10
0.858332991600037,6.44608361210006e-21,-3.16931758614913e-11,5.36422239960643e-10
0.859166324138641,6.75307949876626e-21,-3.61637317314312e-11,5.74482073023574e-10
0.859999656677246,-1.32080120854954e-20,3.31885768867224e-11,-4.53369675135207e-10
0.860832989215851,6.44624517081345e-21,-3.16930752475297e-11,5.3642074115956e-10
0.861666321754456,6.75407671992466e-21,-3.61638254064989e-11,5.74483516313506e-10
0.86249965429306,-1.32078303319429e-20,3.31885699478285e-11,-4.53369619624056e-10
0.863332986831665,6.4464858932964e-21,-3.16929746335681e-11,5.36419242358477e-10
0.86416631937027,6.7537140206131e-21,-3.61639225510135e-11,5.74484904092287e-10
0.864999651908875,-1.32076631186745e-20,3.31885630089346e-11,-4.53369564112904e-10
0.865832984447479,6.44675771583168e-21,-3.16928740196065e-11,5.36417743557394e-10
0.866666316986084,6.75408439396354e-21,-3.61640162260812e-11,5.74486347382219e-10
0.867499649524689,-1.32084353693245e-20,3.31885595394876e-11,-4.53369508601753e-10
0.868332982063293,6.44576534143469e-21,-3.16927734056449e-11,5.3641624475631e-10
0.869166314601898,6.75345350718776e-21,-3.61641099011489e-11,5.74487790672151e-10
0.869999647140503,-1.32095380075434e-20,3.31885526005937e-11,-4.53369453090602e-10
0.870832979679108,6.44531701600503e-21,-3.16926727916833e-11,5.36414745955227e-10
0.871666312217712,6.75408560565389e-21,-3.61642035762166e-11,5.74489233962083e-10
0.872499644756317,-1.32105324014243e-20,3.31885456616998e-11,-4.53369397579451e-10
0.873332977294922,6.44505004023116e-21,-3.16925721777217e-11,5.36413247154144e-10
0.874166309833527,6.75567615118721e-21,-3.61642972512843e-11,5.74490677252015e-10
0.874999642372131,-1.32089984014407e-20,3.31885387228059e-11,-4.53369342068299e-10
0.875832974910736,6.4442180128572e-21,-3.16924715637601e-11,5.36411748353061e-10
0.876666307449341,6.75541361827795e-21,-3.6164390926352e-11,5.74492120541947e-10
0.877499639987946,-1.32085961202443e-20,3.3188531783912e-11,-4.53369286557148e-10
0.87833297252655,6.44362590017263e-21,-3.16923709497985e-11,5.36410305063129e-10
0.879166305065155,6.75362637501108e-21,-3.61644846014197e-11,5.74493563831879e-10
0.87999963760376,-1.32069417590192e-20,3.31885248450181e-11,-4.53369258801573e-10
0.880832970142365,6.44480729826429e-21,-3.16922703358369e-11,5.36408806262045e-10
0.881666302680969,6.75393939501827e-21,-3.61645782764874e-11,5.7449495161066e-10
0.882499635219574,-1.32081631428925e-20,3.31885179061242e-11,-4.53369203290421e-10
0.883332967758179,6.44471076693304e-21,-3.16921697218753e-11,5.36407307460962e-10
0.884166300296783,6.75421283314069e-21,-3.61646754210021e-11,5.74496394900592e-10
0.884999632835388,-1.3208453140783e-20,3.31885109672303e-11,-4.5336914777927e-10
0.885832965373993,6.4446457395509e-21,-3.16920691079137e-11,5.36405808659879e-10
0.886666297912598,6.75356780997748e-21,-3.61647690960698e-11,5.74497838190524e-10
0.887499630451202,-1.32069070238959e-20,3.31885074977833e-11,-4.53369092268119e-10
0.888332962989807,6.44486424771076e-21,-3.16919684939521e-11,5.36404309858796e-10
0.889166295528412,6.75551903533844e-21,-3.61648627711375e-11,5.74499281480456e-10
0.889999628067017,-1.32086219696385e-20,3.31885005588894e-11,-4.53369036756968e-10
0.890832960605621,6.44471722928157e-21,-3.16918678799905e-11,5.36402811057712e-10
0.891666293144226,6.75464096373117e-21,-3.61649564462052e-11,5.74500724770388e-10
0.892499625682831,-1.32079854283077e-20,3.31884936199955e-11,-4.53368981245816e-10
0.893332958221436,6.44423659210924e-21,-3.16917672660288e-11,5.36401312256629e-10
0.89416629076004,6.75515391264618e-21,-3.61650501212729e-11,5.7450216806032e-10
0.894999623298645,-1.32075629522722e-20,3.31884866811016e-11,-4.53368925734665e-10
0.89583295583725,6.44381532776408e-21,-3.16916666520672e-11,5.36399868966697e-10
0.896666288375854,6.75476374835334e-21,-3.61651437963406e-11,5.74503611350252e-10
0.897499620914459,-1.3208574309818e-20,3.31884797422077e-11,-4.53368870223514e-10
0.898332953453064,6.44397930985817e-21,-3.16915660381056e-11,5.36398370165614e-10
0.899166285991669,6.75331214331354e-21,-3.61652374714083e-11,5.74505054640184e-10
0.899999618530273,-1.32074151260495e-20,3.31884728033138e-11,-4.53368814712363e-10
0.900832951068878,6.44403625930464e-21,-3.1691465424144e-11,5.36396871364531e-10
0.901666283607483,6.75499598900384e-21,-3.6165334615923e-11,5.74506442418965e-10
0.902499616146088,-1.32076930070365e-20,3.31884658644199e-11,-4.53368759201211e-10
0.903332948684692,6.44466997335791e-21,-3.16913648101824e-11,5.36395372563447e-10
0.904166281223297,6.75374431287186e-21,-3.61654282909907e-11,5.74507885708897e-10
0.904999613761902,-1.32063884204259e-20,3.3188462394973e-11,-4.5336870369006e-10
0.905832946300507,6.44505731037326e-21,-3.16912641962208e-11,5.36393873762364e-10
0.906666278839111,6.75296519597654e-21,-3.61655219660584e-11,5.74509328998829e-10
0.907499611377716,-1.32082503845977e-20,3.31884554560791e-11,-4.53368648178909e-10
0.908332943916321,6.44497531932621e-21,-3.16911635822592e-11,5.36392374961281e-10
0.909166276454926,6.75525690632596e-21,-3.61656156411261e-11,5.74510772288761e-10
0.90999960899353,-1.32065257453323e-20,3.31884485171852e-11,-4.53368592667758e-10
0.910832941532135,6.44467724350001e-21,-3.16910629682976e-11,5.36390876160198e-10
0.91166627407074,6.75479565619924e-21,-3.61657093161938e-11,5.74512215578693e-10
0.912499606609344,-1.32059425183769e-20,3.31884415782913e-11,-4.53368537156607e-10
0.913332939147949,6.4445358796258e-21,-3.1690962354336e-11,5.36389377359114e-10
0.914166271686554,6.75520439974411e-21,-3.61658029912615e-11,5.74513658868625e-10
0.914999604225159,-1.32080242023989e-20,3.31884346393974e-11,-4.53368481645455e-10
0.915832996368408,6.44505932985718e-21,-3.16908617403744e-11,5.36387934069182e-10
0.916666328907013,6.75561839394717e-21,-3.61658966663292e-11,5.74515102158557e-10
0.917499661445618,-1.32074498611728e-20,3.31884277005035e-11,-4.53368426134304e-10
0.918332993984222,6.44512839620715e-21,-3.16907611264128e-11,5.36386435268099e-10
0.919166326522827,6.75365101271487e-21,-3.61659903413969e-11,5.74516545448489e-10
0.919999659061432,-1.32089773988079e-20,3.31884207616095e-11,-4.53368370623153e-10
0.920832991600037,6.44599677429162e-21,-3.16906605124512e-11,5.36384936467016e-10
0.921666324138641,6.75576541237636e-21,-3.61660874859115e-11,5.7451793322727e-10
0.922499656677246,-1.32089337779553e-20,3.31884138227156e-11,-4.53368315112002e-10
0.923332989215851,6.44584652468817e-21,-3.16905598984896e-11,5.36383437665933e-10
0.924166321754456,6.75379762724728e-21,-3.61661811609792e-11,5.74519376517202e-10
0.92499965429306,-1.32100493408713e-20,3.31884103532687e-11,-4.5336825960085e-10
0.925832986831665,6.44543131879476e-21,-3.1690459284528e-11,5.36381938864849e-10
0.92666631937027,6.75661399951843e-21,-3.6166274836047e-11,5.74520819807134e-10
0.927499651908875,-1.32070887774484e-20,3.31884034143748e-11,-4.53368204089699e-10
0.928332984447479,6.44471480590087e-21,-3.16903586705664e-11,5.36380440063766e-10
0.929166316986084,6.75576945134419e-21,-3.61663685111147e-11,5.74522263097066e-10
0.929999649524689,-1.3209128456205e-20,3.31883964754809e-11,-4.53368148578548e-10
0.930832982063293,6.44379149785385e-21,-3.16902580566047e-11,5.36378941262683e-10
0.931666314601898,6.7555493275972e-21,-3.61664621861824e-11,5.74523706386998e-10
0.932499647140503,-1.32087189048665e-20,3.3188389536587e-11,-4.53368093067397e-10
0.933332979679108,6.44415056209436e-21,-3.16901574426431e-11,5.363774424616e-10
0.934166312217712,6.7558328631392e-21,-3.61665558612501e-11,5.7452514967693e-10
0.934999644756317,-1.3207904648951e-20,3.31883825976931e-11,-4.53368037556245e-10
0.935832977294922,6.44429475324606e-21,-3.16900568286815e-11,5.36375999171668e-10
0.936666309833527,6.75601421279498e-21,-3.61666495363178e-11,5.74526592966862e-10
0.937499642372131,-1.32057712661407e-20,3.31883756587992e-11,-4.53367982045094e-10
0.938332974910736,6.44481901127101e-21,-3.16899562147199e-11,5.36374500370584e-10
0.939166307449341,6.7548820901109e-21,-3.61667432113855e-11,5.74527980745643e-10
0.939999639987946,-1.32075677990336e-20,3.31883687199053e-11,-4.53367926533943e-10
0.94083297252655,6.44490059842127e-21,-3.16898556007583e-11,5.36373001569501e-10
0.941666305065155,6.75471204956506e-21,-3.61668403559001e-11,5.74529424035575e-10
0.94249963760376,-1.32096931039083e-20,3.31883617810114e-11,-4.53367871022792e-10
0.943332970142365,6.4451687858855e-21,-3.16897549867967e-11,5.36371502768418e-10
0.944166302680969,6.75548631969898e-21,-3.61669340309678e-11,5.74530867325507e-10
0.944999635219574,-1.32074765183606e-20,3.31883583115644e-11,-4.53367815511641e-10
0.945832967758179,6.44533438356672e-21,-3.16896543728351e-11,5.36370003967335e-10
0.946666300296783,6.75524398162889e-21,-3.61670277060355e-11,5.74532310615439e-10
0.947499632835388,-1.32079442308358e-20,3.31883513726705e-11,-4.53367760000489e-10
0.948332965373993,6.44454476535503e-21,-3.16895537588735e-11,5.36368505166251e-10
0.949166297912598,6.75613538183002e-21,-3.61671213811032e-11,5.74533753905371e-10
0.949999630451202,-1.32077729785996e-20,3.31883444337766e-11,-4.53367704489338e-10
0.950832962989807,6.44487474902713e-21,-3.16894531449119e-11,5.36367006365168e-10
0.951666295528412,6.75531910643062e-21,-3.61672150561709e-11,5.74535197195303e-10
0.952499628067017,-1.32082503845977e-20,3.31883374948827e-11,-4.53367648978187e-10
0.953332960605621,6.44517201705977e-21,-3.16893525309503e-11,5.36365507564085e-10
0.954166293144226,6.75776268197063e-21,-3.61673087312386e-11,5.74536640485235e-10
0.954999625682831,-1.32077390512698e-20,3.31883305559888e-11,-4.53367593467036e-10
0.955832958221436,6.44433958578903e-21,-3.16892519169887e-11,5.36364064274153e-10
0.95666629076004,6.75609337656454e-21,-3.61674024063063e-11,5.74538083775167e-10
0.957499623298645,-1.32084878759064e-20,3.31883236170949e-11,-4.53367537955884e-10
0.95833295583725,6.44428465582648e-21,-3.16891513030271e-11,5.3636256547307e-10
0.959166288375854,6.75438287368653e-21,-3.6167499550821e-11,5.74539471553948e-10
0.959999620914459,-1.3207753591554e-20,3.3188316678201e-11,-4.53367482444733e-10
0.960832953453064,6.4444991250185e-21,-3.16890506890655e-11,5.36361066671986e-10
0.961666285991669,6.75686279993705e-21,-3.61675932258887e-11,5.7454091484388e-10
0.962499618530273,-1.32074547079342e-20,3.3188313208754e-11,-4.53367426933582e-10
0.963332951068878,6.44478669952833e-21,-3.16889500751039e-11,5.36359567870903e-10
0.964166283607483,6.75464055983438e-21,-3.61676869009564e-11,5.74542358133812e-10
0.964999616146088,-1.32085993514186e-20,3.31883062698601e-11,-4.53367371422431e-10
0.965832948684692,6.4450415583987e-21,-3.16888494611423e-11,5.3635806906982e-10
0.966666281223297,6.75470801059722e-21,-3.61677805760241e-11,5.74543801423744e-10
0.967499613761902,-1.32081300233562e-20,3.31882993309662e-11,-4.53367315911279e-10
0.968332946300507,6.44396921243858e-21,-3.16887488471806e-11,5.36356570268737e-10
0.969166278839111,6.7546744871642e-21,-3.61678742510918e-11,5.74545244713676e-10
0.969999611377716,-1.3209219736878e-20,3.31882923920723e-11,-4.53367260400128e-10
0.970832943916321,6.44439007288696e-21,-3.1688648233219e-11,5.36355071467653e-10
0.971666276454926,6.75579651242868e-21,-3.61679679261595e-11,5.74546688003608e-10
0.97249960899353,-1.32086009670057e-20,3.31882854531784e-11,-4.53367204888977e-10
0.973332941532135,6.44389610712077e-21,-3.16885476192574e-11,5.3635357266657e-10
0.97416627407074,6.75715522120829e-21,-3.61680616012272e-11,5.7454813129354e-10
0.974999606609344,-1.32109774956797e-20,3.31882785142845e-11,-4.53367149377826e-10
0.975832939147949,6.44360732092059e-21,-3.16884470052958e-11,5.36352129376638e-10
0.976666271686554,6.75483644977437e-21,-3.61681552762949e-11,5.7454951907232e-10
0.977499604225159,-1.32077826721224e-20,3.31882715753906e-11,-4.53367093866675e-10
0.978332936763763,6.44305802129507e-21,-3.16883463913342e-11,5.36350630575555e-10
0.979166269302368,6.75579206956407e-21,-3.61682524208096e-11,5.74550962362252e-10
0.979999601840973,-1.32088053387782e-20,3.31882646364967e-11,-4.53367038355523e-10
0.980832934379578,6.44294775747318e-21,-3.16882457773726e-11,5.36349131774472e-10
0.981666266918182,6.75432875151754e-21,-3.61683460958773e-11,5.74552405652184e-10
0.982499599456787,-1.32078836463183e-20,3.31882611670498e-11,-4.53366982844372e-10
0.983332931995392,6.4433480191856e-21,-3.1688145163411e-11,5.36347632973388e-10
0.984166264533997,6.7546474260797e-21,-3.6168439770945e-11,5.74553848942116e-10
0.984999597072601,-1.3208115483072e-20,3.31882542281559e-11,-4.53366927333221e-10
0.985832929611206,6.44414248415869e-21,-3.16880445494494e-11,5.36346134172305e-10
0.986666262149811,6.75536070779932e-21,-3.61685334460127e-11,5.74555292232048e-10
0.987499594688416,-1.32093384825324e-20,3.3188247289262e-11,-4.5336687182207e-10
0.98833292722702,6.44499955313322e-21,-3.16879439354878e-11,5.36344635371222e-10
0.989166259765625,6.75576056561495e-21,-3.61686271210804e-11,5.7455673552198e-10
0.98999959230423,-1.32066953819813e-20,3.3188240350368e-11,-4.53366816310918e-10
0.990832924842834,6.44443127035888e-21,-3.16878433215262e-11,5.36343136570139e-10
0.991666257381439,6.75596776466488e-21,-3.61687207961481e-11,5.74558178811913e-10
0.992499589920044,-1.32088554219793e-20,3.31882334114741e-11,-4.53366760799767e-10
0.993332922458649,6.44304792387548e-21,-3.16877427075646e-11,5.36341693280207e-10
0.994166254997253,6.75583690210703e-21,-3.61688144712158e-11,5.74559622101845e-10
0.994999587535858,-1.32073270765507e-20,3.31882264725802e-11,-4.53366705288616e-10
0.995832920074463,6.44294089122786e-21,-3.1687642093603e-11,5.36340194479124e-10
0.996666252613068,6.75662369304124e-21,-3.61689116157304e-11,5.74561009880625e-10
0.997499585151672,-1.32089531650009e-20,3.31882195336863e-11,-4.53366649777465e-10
0.998332917690277,6.44301238095853e-21,-3.16875414796414e-11,5.3633869567804e-10
0.999166250228882,6.75516522175612e-21,-3.61690052907981e-11,5.74562453170557e-10
0.999999582767487,-1.32093384825324e-20,3.31882125947924e-11,-4.53366594266313e-10
1.00083291530609,6.44314970586492e-21,-3.16874408656798e-11,5.36337196876957e-10
1.00166630744934,6.7546938742098e-21,-3.61690989658658e-11,5.74563896460489e-10
1.0024995803833,-1.32089563961752e-20,3.31882091253455e-11,-4.53366538755162e-10
1.00333297252655,6.44326925931282e-21,-3.16873402517182e-11,5.36335698075874e-10
1.00416624546051,6.75420354351467e-21,-3.61691926409335e-11,5.74565339750421e-10
1.00499963760376,-1.32085670396759e-20,3.31882021864516e-11,-4.53366483244011e-10
1.00583291053772,6.44361782223696e-21,-3.16872396377565e-11,5.36334199274791e-10
1.00666630268097,6.75500649032021e-21,-3.61692863160012e-11,5.74566783040353e-10
1.00749957561493,-1.32092472018593e-20,3.31881952475577e-11,-4.5336642773286e-10
1.00833296775818,6.44361378326913e-21,-3.16871390237949e-11,5.36332700473707e-10
1.00916624069214,6.75565797583195e-21,-3.6169379991069e-11,5.74568226330285e-10
1.00999963283539,-1.32093473682616e-20,3.31881883086638e-11,-4.53366372221709e-10
1.01083290576935,6.44298976273866e-21,-3.16870384098333e-11,5.36331201672624e-10
1.0116662979126,6.75529931548823e-21,-3.61694736661367e-11,5.74569669620217e-10
1.01249957084656,-1.32091841939611e-20,3.31881813697699e-11,-4.53366316710557e-10
1.01333296298981,6.44228900181933e-21,-3.16869377958717e-11,5.36329758382692e-10
1.01416623592377,6.75477586525685e-21,-3.61695673412044e-11,5.74571057398998e-10
1.01499962806702,-1.32110946257469e-20,3.3188174430876e-11,-4.53366261199406e-10
1.01583290100098,6.44285566900655e-21,-3.16868371819101e-11,5.36328259581609e-10
1.01666629314423,6.75528962196543e-21,-3.6169664485719e-11,5.7457250068893e-10
1.01749956607819,-1.3211161672613e-20,3.31881674919821e-11,-4.53366205688255e-10
1.01833295822144,6.44252406974732e-21,-3.16867365679485e-11,5.36326760780526e-10
1.0191662311554,6.7538630585262e-21,-3.61697581607867e-11,5.74573943978862e-10
1.01999962329865,-1.32093982592563e-20,3.31881605530882e-11,-4.53366150177104e-10
1.0208328962326,6.44249700866282e-21,-3.16866359539869e-11,5.36325261979442e-10
1.02166628837585,6.75491965251176e-21,-3.61698518358544e-11,5.74575387268794e-10
1.02249956130981,-1.32085476526303e-20,3.31881570836412e-11,-4.53366094665952e-10
1.02333295345306,6.44254386068971e-21,-3.16865353400253e-11,5.36323763178359e-10
1.02416622638702,6.75482514066443e-21,-3.61699455109221e-11,5.74576830558726e-10
1.02499961853027,-1.32092415473043e-20,3.31881501447473e-11,-4.53366039154801e-10
1.02583289146423,6.44198648312851e-21,-3.16864347260637e-11,5.36322264377276e-10
1.02666628360748,6.75542977414929e-21,-3.61700391859898e-11,5.74578273848658e-10
1.02749955654144,-1.32106414535558e-20,3.31881432058534e-11,-4.5336598364365e-10
1.02833294868469,6.44201233252266e-21,-3.16863341121021e-11,5.36320765576193e-10
1.02916622161865,6.75486512644599e-21,-3.61701328610575e-11,5.7457971713859e-10
1.0299996137619,-1.32089765910144e-20,3.31881362669595e-11,-4.53365928132499e-10
1.03083288669586,6.44145333937433e-21,-3.16862334981405e-11,5.36319266775109e-10
1.03166627883911,6.75530941290782e-21,-3.61702265361252e-11,5.74581160428522e-10
1.03249955177307,-1.32078763761762e-20,3.31881293280656e-11,-4.53365872621347e-10
1.03333294391632,6.44158581751931e-21,-3.16861328841789e-11,5.36317823485177e-10
1.03416621685028,6.75552670937732e-21,-3.61703202111929e-11,5.74582548207303e-10
1.03499960899353,-1.32093344435645e-20,3.31881223891717e-11,-4.53365817110196e-10
1.03583288192749,6.44112133621831e-21,-3.16860322702173e-11,5.36316324684094e-10
1.03666627407074,6.75505455403744e-21,-3.61704173557076e-11,5.74583991497235e-10
1.0374995470047,-1.32083917484719e-20,3.31881154502778e-11,-4.53365761599045e-10
1.03833293914795,6.44200506238055e-21,-3.16859316562557e-11,5.36314825883011e-10
1.03916621208191,6.7535867931263e-21,-3.61705110307753e-11,5.74585434787167e-10
1.03999960422516,-1.32091429964892e-20,3.31881085113839e-11,-4.53365706087894e-10
1.04083287715912,6.44256042045783e-21,-3.16858310422941e-11,5.36313327081928e-10
1.04166626930237,6.75346481629769e-21,-3.6170604705843e-11,5.74586878077099e-10
1.04249954223633,-1.32090436378804e-20,3.31881050419369e-11,-4.53365650576742e-10
1.04333293437958,6.44263796864026e-21,-3.16857304283324e-11,5.36311828280844e-10
1.04416620731354,6.75584094107487e-21,-3.61706983809107e-11,5.74588321367031e-10
1.04499959945679,-1.3210208476204e-20,3.3188098103043e-11,-4.53365595065591e-10
1.04583287239075,6.44145980172286e-21,-3.16856298143708e-11,5.36310329479761e-10
1.046666264534,6.75581387999037e-21,-3.61707920559784e-11,5.74589764656963e-10
1.04749953746796,-1.32099104003778e-20,3.31880911641491e-11,-4.5336553955444e-10
1.04833292961121,6.44162863057836e-21,-3.16855292004092e-11,5.36308830678678e-10
1.04916620254517,6.75526215698415e-21,-3.61708857310461e-11,5.74591207946895e-10
1.04999959468842,-1.32099370575655e-20,3.31880842252552e-11,-4.53365484043289e-10
1.05083286762238,6.44117465059373e-21,-3.16854285864476e-11,5.36307331877595e-10
1.05166625976562,6.75492409537638e-21,-3.61709794061138e-11,5.74592595725676e-10
1.05249953269958,-1.32096777558305e-20,3.31880772863613e-11,-4.53365428532138e-10
1.05333292484283,6.44054861057935e-21,-3.1685327972486e-11,5.36305888587663e-10
1.05416619777679,6.75623191316127e-21,-3.61710765506285e-11,5.74594039015608e-10
1.05499958992004,-1.3208960435143e-20,3.31880703474674e-11,-4.53365373020986e-10
1.055832862854,6.44024205292069e-21,-3.16852273585244e-11,5.36304389786579e-10
1.05666625499725,6.75411670570622e-21,-3.61711702256962e-11,5.7459548230554e-10
1.05749952793121,-1.32096769480369e-20,3.31880634085735e-11,-4.53365317509835e-10
1.05833292007446,6.44070814980882e-21,-3.16851267445628e-11,5.36302890985496e-10
1.05916619300842,6.75277657617866e-21,-3.61712639007639e-11,5.74596925595472e-10
1.05999958515167,-1.3210637414588e-20,3.31880599391265e-11,-4.53365261998684e-10
1.06083285808563,6.44068876276321e-21,-3.16850261306012e-11,5.36301392184413e-10
1.06166625022888,6.75409812645418e-21,-3.61713575758316e-11,5.74598368885404e-10
1.06249952316284,-1.32119646194185e-20,3.31880530002326e-11,-4.53365206487533e-10
1.06333291530609,6.44113991547035e-21,-3.16849255166396e-11,5.3629989338333e-10
1.06416618824005,6.7542956319813e-21,-3.61714512508993e-11,5.74599812175336e-10
1.0649995803833,-1.32111132049989e-20,3.31880460613387e-11,-4.53365150976381e-10
1.06583285331726,6.44111164269551e-21,-3.1684824902678e-11,5.36298394582246e-10
1.06666624546051,6.75547622227939e-21,-3.6171544925967e-11,5.74601255465268e-10
1.06749951839447,-1.32113878548117e-20,3.31880391224448e-11,-4.5336509546523e-10
1.06833291053772,6.44039714928555e-21,-3.16847242887164e-11,5.36296895781163e-10
1.06916618347168,6.75417567463661e-21,-3.61716386010347e-11,5.746026987552e-10
1.06999957561493,-1.32107601992102e-20,3.31880321835509e-11,-4.53365039954079e-10
1.07083284854889,6.43979251580069e-21,-3.16846236747548e-11,5.3629539698008e-10
1.07166624069214,6.75455089474845e-21,-3.61717322761024e-11,5.74604086533981e-10
1.0724995136261,-1.32106390301751e-20,3.3188025244657e-11,-4.53364984442928e-10
1.07333290576935,6.43883649211421e-21,-3.16845195913462e-11,5.36293953690148e-10
1.07416617870331,6.75427301376142e-21,-3.6171829420617e-11,5.74605529823913e-10
1.07499957084656,-1.32102399801531e-20,3.31880183057631e-11,-4.53364928931776e-10
1.07583284378052,6.43854851370759e-21,-3.16844189773846e-11,5.36292454889065e-10
1.07666623592377,6.75418900323046e-21,-3.61719230956847e-11,5.74606973113845e-10
1.07749962806702,-1.32096026310288e-20,3.31880113668692e-11,-4.53364873420625e-10
1.07833290100098,6.43937690601049e-21,-3.1684318363423e-11,5.36290956087981e-10
1.07916629314423,6.75334283946908e-21,-3.61720167707524e-11,5.74608416403777e-10
1.07999956607819,-1.32092043888003e-20,3.31880078974223e-11,-4.53364817909474e-10
1.08083295822144,6.44076227197781e-21,-3.16842177494614e-11,5.36289457286898e-10
1.0816662311554,6.75135284001691e-21,-3.61721104458201e-11,5.74609859693709e-10
1.08249962329865,-1.32109144877815e-20,3.31880009585284e-11,-4.53364762398323e-10
1.0833328962326,6.44287101708432e-21,-3.16841171354998e-11,5.36287958485815e-10
1.08416628837585,6.75328952509367e-21,-3.61722041208878e-11,5.74611302983641e-10
1.08499956130981,-1.32114928679754e-20,3.31879940196345e-11,-4.53364706887172e-10
1.08583295345306,6.44318605657543e-21,-3.16840165215382e-11,5.36286459684732e-10
1.08666622638702,6.75380207011189e-21,-3.61722977959555e-11,5.74612746273573e-10
1.08749961853027,-1.3212754641527e-20,3.31879870807406e-11,-4.5336465137602e-10
1.08833289146423,6.4418035178856e-21,-3.16839159075766e-11,5.36284960883648e-10
1.08916628360748,6.75565716803839e-21,-3.61723914710232e-11,5.74614134052354e-10
1.08999955654144,-1.32120050090969e-20,3.31879801418467e-11,-4.53364595864869e-10
1.09083294868469,6.44033091021306e-21,-3.1683815293615e-11,5.36283462082565e-10
1.09166622161865,6.75693630915165e-21,-3.61724851460909e-11,5.74615577342286e-10
1.0924996137619,-1.32113862392246e-20,3.31879732029527e-11,-4.53364540353718e-10
1.09333288669586,6.439002897589e-21,-3.16837146796534e-11,5.36282018792633e-10
1.09416627883911,6.75479888737351e-21,-3.61725822906056e-11,5.74617020632218e-10
1.09499955177307,-1.32115324498602e-20,3.31879662640588e-11,-4.53364484842567e-10
1.09583294391632,6.43841240049156e-21,-3.16836140656918e-11,5.3628051999155e-10
1.09666621685028,6.75391718069518e-21,-3.61726759656733e-11,5.7461846392215e-10
1.09749960899353,-1.32107747394944e-20,3.31879593251649e-11,-4.53364429331415e-10
1.09833288192749,6.43875490496394e-21,-3.16835134517301e-11,5.36279021190467e-10
1.09916627407074,6.75346118122664e-21,-3.6172769640741e-11,5.74619907212082e-10
1.0999995470047,-1.32095315451949e-20,3.3187955855718e-11,-4.53364373820264e-10
1.10083293914795,6.43954452317563e-21,-3.16834128377685e-11,5.36277522389383e-10
1.10166621208191,6.75511109958713e-21,-3.61728633158087e-11,5.74621350502014e-10
1.10249960422516,-1.32108991397037e-20,3.31879489168241e-11,-4.53364318309113e-10
1.10333287715912,6.44046298446125e-21,-3.16833122238069e-11,5.362760235883e-10
1.10416626930237,6.75390102482384e-21,-3.61729569908764e-11,5.74622793791946e-10
1.10499954223633,-1.32104580844162e-20,3.31879419779302e-11,-4.53364262797962e-10
1.10583293437958,6.44042501816361e-21,-3.16832116098453e-11,5.36274524787217e-10
1.10666620731354,6.75332143293956e-21,-3.61730506659441e-11,5.74624237081878e-10
1.10749959945679,-1.32117820580724e-20,3.31879350390363e-11,-4.5336420728681e-10
1.10833287239075,6.44056274696677e-21,-3.16831109958837e-11,5.36273025986134e-10
1.109166264534,6.75398826652907e-21,-3.61731443410118e-11,5.74625624860658e-10
1.10999953746796,-1.32103223750969e-20,3.31879281001424e-11,-4.53364151775659e-10
1.11083292961121,6.44013138520202e-21,-3.16830103819221e-11,5.3627152718505e-10
1.11166620254517,6.75431219174942e-21,-3.61732380160795e-11,5.74627068150591e-10
1.11249959468842,-1.32093804877978e-20,3.31879211612485e-11,-4.53364096264508e-10
1.11333286762238,6.43997628883717e-21,-3.16829097679605e-11,5.36270083895118e-10
1.11416625976562,6.75465186894432e-21,-3.61733351605942e-11,5.74628511440523e-10
1.11499953269958,-1.3211596265552e-20,3.31879142223546e-11,-4.53364040753357e-10
1.11583292484283,6.43959258689287e-21,-3.16828091539989e-11,5.36268585094035e-10
1.11666619777679,6.75494671359626e-21,-3.61734288356619e-11,5.74629954730455e-10
1.11749958992004,-1.32107117315962e-20,3.31879072834607e-11,-4.53363985242206e-10
1.118332862854,6.43886516878583e-21,-3.16827085400373e-11,5.36267086292952e-10
1.11916625499725,6.75479282892175e-21,-3.61735225107296e-11,5.74631398020387e-10
1.11999952793121,-1.32095347763691e-20,3.31879038140137e-11,-4.53363929731054e-10
1.12083292007446,6.43931874487367e-21,-3.16826079260757e-11,5.36265587491869e-10
1.12166619300842,6.75548470411184e-21,-3.61736161857973e-11,5.74632841310319e-10
1.12249958515167,-1.32092213524652e-20,3.31878968751198e-11,-4.53363874219903e-10
1.12333285808563,6.43926906556931e-21,-3.16825073121141e-11,5.36264088690785e-10
1.12416625022888,6.75372896479408e-21,-3.6173709860865e-11,5.74634284600251e-10
1.12499952316284,-1.32087786815905e-20,3.31878899362259e-11,-4.53363818708752e-10
1.12583291530609,6.44028567377331e-21,-3.16824066981525e-11,5.36262589889702e-10
1.12666618824005,6.75262592267842e-21,-3.61738035359327e-11,5.74635672379031e-10
1.1274995803833,-1.32115623382222e-20,3.3187882997332e-11,-4.53363763197601e-10
1.12833285331726,6.44057203659279e-21,-3.16823060841909e-11,5.36261091088619e-10
1.12916624546051,6.75369544136106e-21,-3.61738972110004e-11,5.74637115668963e-10
1.12999951839447,-1.32102844087993e-20,3.31878760584381e-11,-4.53363707686449e-10
1.13083291053772,6.44187298813236e-21,-3.16822054702293e-11,5.36259592287536e-10
1.13166618347168,6.75251767834045e-21,-3.6173994355515e-11,5.74638558958895e-10
1.13249957561493,-1.32111487479159e-20,3.31878691195442e-11,-4.53363652175298e-10
1.13333284854889,6.44147514980064e-21,-3.16821048562677e-11,5.36258148997604e-10
1.13416624069214,6.75503759037254e-21,-3.61740880305828e-11,5.74640002248827e-10
1.1349995136261,-1.32122950069874e-20,3.31878621806503e-11,-4.53363596664147e-10
1.13583290576935,6.44086365007046e-21,-3.1682004242306e-11,5.3625665019652e-10
1.13666617870331,6.75468781575805e-21,-3.61741817056505e-11,5.74641445538759e-10
1.13749957084656,-1.32123103550652e-20,3.31878552417564e-11,-4.53363541152996e-10
1.13833284378052,6.44064312242668e-21,-3.16819036283444e-11,5.36255151395437e-10
1.13916623592377,6.75570361616849e-21,-3.61742753807182e-11,5.74642888828691e-10
1.13999950885773,-1.32126132776528e-20,3.31878517723094e-11,-4.53363485641844e-10
1.14083290100098,6.43940558268212e-21,-3.16818030143828e-11,5.36253652594354e-10
1.14166617393494,6.75658289946611e-21,-3.61743690557859e-11,5.74644332118623e-10
1.14249956607819,-1.32128976209883e-20,3.31878448334155e-11,-4.53363430130693e-10
1.14333283901215,6.43841724725296e-21,-3.16817024004212e-11,5.36252153793271e-10
1.1441662311554,6.75675092052803e-21,-3.61744627308536e-11,5.74645775408555e-10
1.14499950408936,-1.32112004467042e-20,3.31878378945216e-11,-4.53363374619542e-10
1.1458328962326,6.43768821355879e-21,-3.16816017864596e-11,5.36250654992187e-10
1.14666616916656,6.75485179785214e-21,-3.61745564059213e-11,5.74647163187336e-10
1.14749956130981,-1.32111673271679e-20,3.31878309556277e-11,-4.53363319108391e-10
1.14833283424377,6.43844026936962e-21,-3.1681501172498e-11,5.36249156191104e-10
1.14916622638702,6.75466196636391e-21,-3.6174650080989e-11,5.74648606477268e-10
1.14999949932098,-1.32113183845649e-20,3.31878240167338e-11,-4.5336326359724e-10
1.15083289146423,6.43842209401436e-21,-3.16814005585364e-11,5.36247657390021e-10
1.15166616439819,6.75348703062078e-21,-3.61747472255036e-11,5.746500497672e-10
1.15249955654144,-1.32104629311776e-20,3.31878170778399e-11,-4.53363208086088e-10
1.1533328294754,6.43940437099177e-21,-3.16812999445748e-11,5.36246214100089e-10
1.15416622161865,6.75331456669424e-21,-3.61748409005713e-11,5.74651493057132e-10
1.15499949455261,-1.32107610070038e-20,3.3187810138946e-11,-4.53363152574937e-10
1.15583288669586,6.43943587494088e-21,-3.16811993306132e-11,5.36244715299006e-10
1.15666615962982,6.75285089318681e-21,-3.6174934575639e-11,5.74652936347064e-10
1.15749955177307,-1.32104726247004e-20,3.31878032000521e-11,-4.53363097063786e-10
1.15833282470703,6.44078246681698e-21,-3.16810987166516e-11,5.36243216497923e-10
1.15916621685028,6.75410054983488e-21,-3.61750282507067e-11,5.74654379636996e-10
1.15999948978424,-1.32125349216768e-20,3.31877962611582e-11,-4.53363041552635e-10
1.16083288192749,6.43988096919627e-21,-3.168099810269e-11,5.36241717696839e-10
1.16166615486145,6.75617779099228e-21,-3.61751219257744e-11,5.74655822926928e-10
1.1624995470047,-1.32108329006312e-20,3.31877927917112e-11,-4.53362986041483e-10
1.16333281993866,6.43865191128416e-21,-3.16808974887284e-11,5.36240218895756e-10
1.16416621208191,6.75654250978776e-21,-3.61752156008421e-11,5.74657210705709e-10
1.16499948501587,-1.32111083582375e-20,3.31877858528173e-11,-4.53362930530332e-10
1.16583287715912,6.43814905978873e-21,-3.16807968747668e-11,5.36238720094673e-10
1.16666615009308,6.7568615882467e-21,-3.61753092759098e-11,5.74658653995641e-10
1.16749954223633,-1.32107303108482e-20,3.31877789139234e-11,-4.53362875019181e-10
1.16833281517029,6.43805858690924e-21,-3.16806962608052e-11,5.3623722129359e-10
1.16916620731354,6.75675455559908e-21,-3.61754029509775e-11,5.74660097285573e-10
1.1699994802475,-1.32101099253888e-20,3.31877719750295e-11,-4.5336281950803e-10
1.17083287239075,6.4391151808948e-21,-3.16805956468436e-11,5.36235722492506e-10
1.17166614532471,6.75356053983538e-21,-3.61755000954922e-11,5.74661540575505e-10
1.17249953746796,-1.3208169605241e-20,3.31877650361356e-11,-4.53362763996878e-10
1.17333281040192,6.44062615876178e-21,-3.1680495032882e-11,5.36234279202574e-10
1.17416620254517,6.75498508379069e-21,-3.61755937705599e-11,5.74662983865437e-10
1.17499947547913,-1.32107295030546e-20,3.31877580972417e-11,-4.53362708485727e-10
1.17583286762238,6.44029859847038e-21,-3.16803944189203e-11,5.36232780401491e-10
1.17666614055634,6.75527952454584e-21,-3.61756874456276e-11,5.74664427155369e-10
1.17749953269958,-1.32106826510278e-20,3.31877511583478e-11,-4.53362652974576e-10
1.17833280563354,6.43919192128366e-21,-3.16802938049587e-11,5.36231281600408e-10
1.17916619777679,6.75583488262311e-21,-3.61757811206953e-11,5.74665870445301e-10
1.17999947071075,-1.32109241813043e-20,3.31877442194539e-11,-4.53362597463425e-10
1.180832862854,6.43759652898894e-21,-3.16801931909971e-11,5.36229782799325e-10
1.18166613578796,6.7562848236399e-21,-3.6175874795763e-11,5.74667313735233e-10
1.18249952793121,-1.32098239664661e-20,3.3187740750007e-11,-4.53362541952274e-10
1.18333280086517,6.43784088654294e-21,-3.16800925770355e-11,5.36228283998241e-10
1.18416619300842,6.75427260986464e-21,-3.61759684708307e-11,5.74668701514014e-10
1.18499958515167,-1.3210926604685e-20,3.31877338111131e-11,-4.53362486441122e-10
1.18583285808563,6.43855457215934e-21,-3.16799919630739e-11,5.36226785197158e-10
1.18666625022888,6.75534778310225e-21,-3.61760621458984e-11,5.74670144803946e-10
1.18749952316284,-1.32101212344987e-20,3.31877268722192e-11,-4.53362430929971e-10
1.18833291530609,6.43834414193515e-21,-3.16798913491123e-11,5.36225286396075e-10
1.18916618824005,6.75615072990779e-21,-3.61761558209661e-11,5.74671588093878e-10
1.1899995803833,-1.32099200939006e-20,3.31877199333253e-11,-4.5336237541882e-10
1.19083285331726,6.43885062850163e-21,-3.16797907351507e-11,5.36223787594992e-10
1.19166624546051,6.75464863777005e-21,-3.61762529654808e-11,5.7467303138381e-10
1.19249951839447,-1.32106592250143e-20,3.31877129944314e-11,-4.53362319907669e-10
1.19333291053772,6.43901622618285e-21,-3.16796901211891e-11,5.3622234430506e-10
1.19416618347168,6.75487199269131e-21,-3.61763466405485e-11,5.74674474673742e-10
1.19499957561493,-1.32100751902654e-20,3.31877060555374e-11,-4.53362264396517e-10
1.19583284854889,6.43866160480696e-21,-3.16795895072275e-11,5.36220845503976e-10
1.19666624069214,6.75396766779312e-21,-3.61764403156162e-11,5.74675917963674e-10
1.1974995136261,-1.32089943624728e-20,3.31876991166435e-11,-4.53362208885366e-10
1.19833290576935,6.43919555635471e-21,-3.16794888932659e-11,5.36219346702893e-10
1.19916617870331,6.75405046663373e-21,-3.61765339906839e-11,5.74677361253606e-10
1.19999957084656,-1.32108272460762e-20,3.31876921777496e-11,-4.53362153374215e-10
1.20083284378052,6.43859940470231e-21,-3.16793882793043e-11,5.3621784790181e-10
1.20166623592377,6.75530860511425e-21,-3.61766276657516e-11,5.74678749032387e-10
1.20249950885773,-1.32099233250748e-20,3.31876887083027e-11,-4.53362097863064e-10
1.20333290100098,6.43870199448531e-21,-3.16792876653427e-11,5.36216349100727e-10
1.20416617393494,6.75504041765002e-21,-3.61767213408193e-11,5.74680192322319e-10
1.20499956607819,-1.32117618632332e-20,3.31876817694088e-11,-4.53362042351912e-10
1.20583283901215,6.4385408396687e-21,-3.16791870513811e-11,5.36214850299643e-10
1.2066662311554,6.75478394319252e-21,-3.6176815015887e-11,5.74681635612251e-10
1.20749950408936,-1.32097189533024e-20,3.31876748305149e-11,-4.53361986840761e-10
1.2083328962326,6.43931349421549e-21,-3.16790864374195e-11,5.3621335149856e-10
1.20916616916656,6.75581387999037e-21,-3.61769086909547e-11,5.74683078902183e-10
1.20999956130981,-1.32103546868396e-20,3.3187667891621e-11,-4.5336193132961e-10
1.21083283424377,6.43876298289961e-21,-3.16789858234579e-11,5.36211852697477e-10
1.21166622638702,6.75571856034947e-21,-3.61770058354693e-11,5.74684522192115e-10
1.21249949932098,-1.32117594398525e-20,3.31876609527271e-11,-4.53361875818459e-10
1.21333289146423,6.43897906767877e-21,-3.16788852094962e-11,5.36210409407545e-10
1.21416616439819,6.7561236688233e-21,-3.6177099510537e-11,5.74685965482047e-10
1.21499955654144,-1.32108345162183e-20,3.31876540138332e-11,-4.53361820307308e-10
1.2158328294754,6.43832192761206e-21,-3.16787845955346e-11,5.36208910606462e-10
1.21666622161865,6.75548308852471e-21,-3.61771931856048e-11,5.74687408771979e-10
1.21749949455261,-1.32106664951564e-20,3.31876470749393e-11,-4.53361764796156e-10
1.21833288669586,6.43804848948965e-21,-3.1678683981573e-11,5.36207411805378e-10
1.21916615962982,6.75558285103023e-21,-3.61772868606725e-11,5.7468879655076e-10
1.21999955177307,-1.32100986162789e-20,3.31876401360454e-11,-4.53361709285005e-10
1.22083282470703,6.43860425146371e-21,-3.16785833676114e-11,5.36205913004295e-10
1.22166621685028,6.75658532284681e-21,-3.61773805357402e-11,5.74690239840692e-10
1.22249948978424,-1.32101252734666e-20,3.31876366665984e-11,-4.53361653773854e-10
1.22333288192749,6.43842047842723e-21,-3.16784827536498e-11,5.36204414203212e-10
1.22416615486145,6.75533081943734e-21,-3.61774742108079e-11,5.74691683130624e-10
1.2249995470047,-1.32097254156509e-20,3.31876297277045e-11,-4.53361598262703e-10
1.22583281993866,6.43784532940756e-21,-3.16783821396882e-11,5.36202915402129e-10
1.22666621208191,6.75517895424675e-21,-3.61775678858756e-11,5.74693126420556e-10
1.22749948501587,-1.32087778737969e-20,3.31876227888106e-11,-4.53361542751551e-10
1.22833287715912,6.43801456215984e-21,-3.16782815257266e-11,5.36201416601045e-10
1.22916615009308,6.75574642922753e-21,-3.61776615609433e-11,5.74694569710488e-10
1.22999954223633,-1.32102529048501e-20,3.31876158499167e-11,-4.533614872404e-10
1.23083281517029,6.43749676648343e-21,-3.1678180911765e-11,5.36199917799962e-10
1.23166620731354,6.75556507957175e-21,-3.61777587054579e-11,5.7469601300042e-10
1.2324994802475,-1.32090921054944e-20,3.31876089110228e-11,-4.53361431729249e-10
1.23333287239075,6.43759854847286e-21,-3.16780802978034e-11,5.3619847451003e-10
1.23416614532471,6.75446526863036e-21,-3.61778523805256e-11,5.74697456290352e-10
1.23499953746796,-1.32110041528674e-20,3.31876019721289e-11,-4.53361376218098e-10
1.23583281040192,6.43741235205568e-21,-3.16779796838418e-11,5.36196975708947e-10
1.23666620254517,6.75585628915264e-21,-3.61779460555933e-11,5.74698899580284e-10
1.23749947547913,-1.32126213555884e-20,3.3187595033235e-11,-4.53361320706946e-10
1.23833286762238,6.43817369749253e-21,-3.16778790698802e-11,5.36195476907864e-10
1.23916614055634,6.75588819699853e-21,-3.6178039730661e-11,5.74700287359065e-10
1.23999953269958,-1.3211952502515e-20,3.31875880943411e-11,-4.53361265195795e-10
1.24083280563354,6.43801456215984e-21,-3.16777784559186e-11,5.3619397810678e-10
1.24166619777679,6.75477828863755e-21,-3.61781334057287e-11,5.74701730648997e-10
1.24249947071075,-1.32119411934051e-20,3.31875846248941e-11,-4.53361209684644e-10
1.243332862854,6.43797861534611e-21,-3.1677677841957e-11,5.36192479305697e-10
1.24416613578796,6.75707080678054e-21,-3.61782270807964e-11,5.74703173938929e-10
1.24499952793121,-1.32112561844603e-20,3.31875776860002e-11,-4.53361154173493e-10
1.24583280086517,6.43754806137493e-21,-3.16775772279954e-11,5.36190980504614e-10
1.24666619300842,6.75560506535332e-21,-3.61783207558641e-11,5.74704617228861e-10
1.24749946594238,-1.3211790136008e-20,3.31875707471063e-11,-4.53361098662342e-10
1.24833285808563,6.4372677570072e-21,-3.16774766140338e-11,5.36189481703531e-10
1.24916613101959,6.75596655297453e-21,-3.61784144309318e-11,5.74706060518793e-10
1.24999952316284,-1.32105695599284e-20,3.31875638082124e-11,-4.5336104315119e-10
