Time,U1,U2,U3
0.0,0.0,0.0,0.0
0.333332985639572,2.8363278741892e-17,-5.88389366384945e-06,-4.64173790533096e-05
0.666665971279144,2.84760856633651e-16,-4.95541280542966e-06,-3.90927234548144e-05
0.999998986721039,-6.43330629043824e-16,9.28430040403327e-07,7.32430726202438e-06
1.33333194255829,1.20377834304499e-15,-5.88397642786731e-06,-4.64180520793889e-05
1.66666495800018,-1.43566324735563e-15,-4.95572794534382e-06,-3.90951900044456e-05
1.99999797344208,1.10116252494661e-15,9.27991663957073e-07,7.32083526600036e-06
2.33333110809326,-7.83412249646471e-16,-5.8846108004218e-06,-4.6423047024291e-05
2.66666388511658,1.50151084752135e-15,-4.9566142479307e-06,-3.91021894756705e-05
2.99999690055847,-1.90540972045273e-15,9.26908455767261e-07,7.31229465600336e-06
3.33332991600037,1.34082530929542e-15,-5.88573084314703e-06,-4.64318836748134e-05
3.66666293144226,-2.2448524565925e-15,-4.95763651997549e-06,-3.91102548746858e-05
3.99999594688416,1.78819814824463e-15,9.26152608826669e-07,7.30633200873854e-06
4.33332920074463,-2.0929305329971e-15,-5.88626198805287e-06,-4.6436078264378e-05
4.66666221618652,1.83379562586122e-15,-4.95807762490585e-06,-3.91137291444466e-05
4.99999523162842,-2.38211520448624e-15,9.25889935388113e-07,7.30425699657644e-06
5.33332777023315,1.61494560569676e-15,-5.88635475651245e-06,-4.64368094981182e-05
5.66666078567505,-2.01513479195653e-15,-4.95811673317803e-06,-3.9114042010624e-05
5.99999380111694,1.43946007254169e-15,9.25803135487513e-07,7.30357669453952e-06
6.33332681655884,-1.19648994217122e-15,-5.88669445278356e-06,-4.64394906884991e-05
6.66665983200073,1.69732093624578e-15,-4.9588447836868e-06,-3.91197827411816e-05
6.99999284744263,-9.14783512815146e-16,9.24891878639755e-07,7.29638304619584e-06
7.33332586288452,1.15371350778545e-15,-5.88767125009326e-06,-4.64471886516549e-05
7.66665887832642,-1.73527637673313e-15,-4.95982294523856e-06,-3.91275025322102e-05
7.99999189376831,1.73935102872589e-15,9.24037919958209e-07,7.28965096641332e-06
8.33332538604736,-1.05393556769774e-15,-5.88834200243582e-06,-4.64524891867768e-05
8.66665840148926,1.28438528055838e-15,-4.96039911013213e-06,-3.91320463677403e-05
8.99999141693115,-8.30254018662581e-16,9.23576408240478e-07,7.28600616639596e-06
9.33332443237305,1.01914495993869e-15,-5.8887681007036e-06,-4.64558470412157e-05
9.66665744781494,-1.0076446877347e-15,-4.96080338052707e-06,-3.91352368751541e-05
9.99999046325684,7.90352149402003e-16,9.23337893254939e-07,7.2841280598368e-06
10.3333225250244,-8.80994203878869e-16,-5.88879083807115e-06,-4.64560289401561e-05
10.6666555404663,6.74832419626922e-16,-4.96074017064529e-06,-3.91347348340787e-05
10.9999885559082,-3.02559348196068e-16,9.23481479730981e-07,7.2852576522564e-06
11.3333215713501,6.82286097804523e-16,-5.88863395023509e-06,-4.64547883893829e-05
11.666654586792,-6.06510212705798e-16,-4.96060420118738e-06,-3.91336652683094e-05
11.9999876022339,4.11461606600945e-16,9.23705954392062e-07,7.28703116692486e-06
12.3333206176758,-5.68321520520601e-16,-5.88831062486861e-06,-4.64522381662391e-05
12.6666536331177,5.87304428841076e-16,-4.9602817853156e-06,-3.91311186831445e-05
12.9999866485596,-2.22892220207437e-16,9.24080609365774e-07,7.28998429622152e-06
13.3333196640015,2.81946113210365e-16,-5.88793636779883e-06,-4.64492841274478e-05
13.6666526794434,-4.02989080136695e-16,-4.95999347549514e-06,-3.91288485843688e-05
13.9999856948853,3.45662446131896e-16,9.24327139273373e-07,7.29193106963066e-06
14.3333187103271,-3.41918242867677e-16,-5.8877394621959e-06,-4.64477307104971e-05
14.666651725769,9.32449404016649e-17,-4.95989252158324e-06,-3.91280482290313e-05
14.9999847412109,-2.11954272001305e-16,9.24461403428722e-07,7.29298881196883e-06
15.3333177566528,2.97250145682678e-16,-5.88754301134031e-06,-4.64461845695041e-05
15.6666507720947,-3.5193101933717e-16,-4.95968606628594e-06,-3.91264220525045e-05
15.9999837875366,3.87650954588255e-16,9.24716061945219e-07,7.29499879525974e-06
16.3333168029785,-2.5694490345075e-16,-5.88727789363475e-06,-4.644409273169e-05
16.6666507720947,6.1748536418716e-17,-4.9594873416936e-06,-3.91248540836386e-05
16.9999828338623,-1.43764321333961e-16,9.24936216506467e-07,7.29673502064543e-06
17.3333168029785,1.64033885936206e-16,-5.88703778703348e-06,-4.64421937067527e-05
17.6666488647461,-2.54349329802567e-16,-4.95927952215425e-06,-3.91232169931754e-05
17.9999828338623,2.04914395888218e-16,9.25181211641757e-07,7.29866815163405e-06
18.3333148956299,-1.49909240963826e-16,-5.88677357882261e-06,-4.64401127828751e-05
18.6666488647461,6.09305077324602e-17,-4.95907261210959e-06,-3.91215799027123e-05
18.9999809265137,-5.80848277542655e-17,9.25403526252921e-07,7.30042165741907e-06
19.3333148956299,1.11135182837627e-16,-5.88654211242101e-06,-4.64382865175139e-05
19.6666469573975,-1.79568496658629e-16,-4.95888252771692e-06,-3.91200846934225e-05
19.9999809265137,1.712780028687e-16,9.25629763059987e-07,7.30220699551865e-06
20.3333129882812,-9.02978149931467e-17,-5.88629018238862e-06,-4.64363001810852e-05
20.6666450500488,-2.94686104159446e-17,-4.95867743666167e-06,-3.91184621548746e-05
20.999979019165,1.39389429248617e-17,9.25860263123468e-07,7.30402462068014e-06
21.3333110809326,4.87767628445533e-17,-5.88604552831384e-06,-4.64343684143387e-05
21.6666450500488,-1.42753122813617e-16,-4.95847825732199e-06,-3.91168941860087e-05
21.9999771118164,1.56248157608391e-16,9.26089512631734e-07,7.30583360564196e-06
22.3333110809326,-7.87829116184818e-17,-5.8857931435341e-06,-4.64323784399312e-05
22.6666431427002,-3.68981944766632e-17,-4.95826907354058e-06,-3.91152425436303e-05
22.9999771118164,3.80735155567051e-17,9.26329562389583e-07,7.30772717361106e-06
23.333309173584,2.11725298481583e-17,-5.8855357565335e-06,-4.64303484477568e-05
23.6666431427002,-1.01061413378487e-16,-4.95805807076977e-06,-3.91135799873155e-05
23.9999752044678,1.13724880194739e-16,9.26568532122474e-07,7.30961255612783e-06
24.333309173584,-4.5872541640047e-17,-5.88527655054349e-06,-4.64283039036673e-05
24.6666412353516,-4.54359788737986e-17,-4.9578438847675e-06,-3.91118883271702e-05
24.9999752044678,6.89101801354164e-17,9.26810514556564e-07,7.31152158550685e-06
25.3333072662354,1.65024087303881e-17,-5.88501779930084e-06,-4.64262629975565e-05
25.6666412353516,-9.19350304185157e-17,-4.95763106300728e-06,-3.91102112189401e-05
25.9999732971191,1.14357971148362e-16,9.27051587495953e-07,7.31342333892826e-06
26.3333072662354,-2.7376649140102e-17,-5.88475813856348e-06,-4.64242111775093e-05
26.6666393280029,-5.46960507643705e-17,-4.95741778649972e-06,-3.91085304727312e-05
26.9999732971191,7.81520375088999e-17,9.27291807784059e-07,7.3153182711394e-06
27.3333053588867,2.24970710019823e-18,-5.88450166105758e-06,-4.64221884612925e-05
27.6666393280029,-8.1808658889862e-17,-4.95720905746566e-06,-3.91068788303528e-05
27.9999713897705,1.02683481472479e-16,9.27527310068399e-07,7.31717591406778e-06
28.3333053588867,-2.2536416674999e-17,-5.88424927627784e-06,-4.64201984868851e-05
28.6666374206543,-6.28894302416634e-17,-4.95700305691571e-06,-3.91052562918048e-05
28.9999713897705,7.99935466932348e-17,9.27761561797524e-07,7.31902400730178e-06
29.3333034515381,-6.90608006259756e-18,-5.8839959820034e-06,-4.641820123652e-05
29.6666374206543,-7.87886886478799e-17,-4.95679432788165e-06,-3.91036082874052e-05
29.9999694824219,9.32363575756291e-17,9.28000133626483e-07,7.3209062065871e-06
30.3333034515381,-2.11308101667836e-17,-5.88373814025545e-06,-4.64161676063668e-05
30.6666355133057,-6.70145799564654e-17,-4.95658241561614e-06,-3.91019384551328e-05
30.9999694824219,8.40261580585492e-17,9.28239842323819e-07,7.32279750081943e-06
31.3333015441895,-1.12786837527769e-17,-5.88348075325484e-06,-4.64141376141924e-05
31.6666355133057,-7.53032208618223e-17,-4.95637141284533e-06,-3.91002722608391e-05
31.9999675750732,9.1418049153115e-17,9.28478982586967e-07,7.32468379283091e-06
32.3333015441895,-1.87807453787674e-17,-5.88322382100159e-06,-4.64121076220181e-05
32.666633605957,-6.84549197786019e-17,-4.95616041007452e-06,-3.90986097045243e-05
32.9999656677246,8.56715129411458e-17,9.28717554415925e-07,7.32656599211623e-06
33.3333015441895,-1.4055452968501e-17,-5.88296734349569e-06,-4.64100849058013e-05
33.666633605957,-7.38981387861153e-17,-4.95595031679841e-06,-3.90969507861882e-05
33.9999656677246,8.98622349174661e-17,9.28956126244884e-07,7.3284477366542e-06
34.3332977294922,-1.79686343426138e-17,-5.88271086598979e-06,-4.64080621895846e-05
34.666633605957,-6.99990343716669e-17,-4.95573976877495e-06,-3.90952882298734e-05
34.9999656677246,8.62518231542436e-17,9.29194584387005e-07,7.33032902644482e-06
35.3332977294922,-1.49837497934938e-17,-5.88245438848389e-06,-4.64060394733679e-05
35.6666297912598,-7.38444382207483e-17,-4.95552922075149e-06,-3.90936293115374e-05
35.9999656677246,8.89881300031241e-17,9.29432985685708e-07,7.33220986148808e-06
36.3332977294922,-1.70820902862203e-17,-5.88219791097799e-06,-4.64040131191723e-05
36.6666297912598,-7.10293705426629e-17,-4.95531867272803e-06,-3.90919667552225e-05
36.9999618530273,8.68367721962166e-17,9.29672296479112e-07,7.33409797248896e-06
37.3332977294922,-1.5280183200892e-17,-5.88194052397739e-06,-4.64019831269979e-05
37.6666297912598,-7.27779708005959e-17,-4.95510721520986e-06,-3.90903005609289e-05
37.9999618530273,8.84346535290975e-17,9.29911664115934e-07,7.33598608348984e-06
38.3332939147949,-1.63258040152468e-17,-5.88168313697679e-06,-4.63999531348236e-05
38.6666297912598,-7.15228598786672e-17,-4.9548957576917e-06,-3.90886343666352e-05
38.9999618530273,8.77422437993866e-17,9.3015091806592e-07,7.33787328499602e-06
39.3332939147949,-1.55555201939476e-17,-5.88142574997619e-06,-4.63979231426492e-05
39.6666259765625,-7.26434182934356e-17,-4.95468475492089e-06,-3.90869681723416e-05
39.9999618530273,8.86091489336768e-17,9.30390228859324e-07,7.3397613959969e-06
40.3332939147949,-1.64585234901697e-17,-5.88116881772294e-06,-4.63958967884537e-05
40.6666259765625,-7.17765727161494e-17,-4.95447375215008e-06,-3.90853019780479e-05
40.9999580383301,8.77774486062568e-17,9.3062942596589e-07,7.34164814275573e-06
41.3332901000977,-1.54800995200562e-17,-5.88091143072234e-06,-4.63938667962793e-05
41.6666259765625,-7.23105409626096e-17,-4.95426229463192e-06,-3.90836357837543e-05
41.9999580383301,8.83868689594716e-17,9.30868623072456e-07,7.34353534426191e-06
42.3332901000977,-1.61765392737116e-17,-5.88065404372173e-06,-4.6391836804105e-05
42.6666221618652,-7.18883215081829e-17,-4.95405129186111e-06,-3.90819695894606e-05
42.9999580383301,8.79602422867412e-17,9.3110793386586e-07,7.34542300051544e-06
43.3332901000977,-1.57450487789794e-17,-5.88039711146848e-06,-4.63898068119306e-05
43.6666221618652,-7.22619292123711e-17,-4.95383983434294e-06,-3.9080303395167e-05
43.9999542236328,8.82345353778638e-17,9.31347244659264e-07,7.34731111151632e-06
44.3332901000977,-1.60503561799891e-17,-5.88013972446788e-06,-4.63877768197563e-05
44.6666221618652,-7.1972978480794e-17,-4.95362883157213e-06,-3.90786372008733e-05
44.9999542236328,8.80410082017509e-17,9.31586555452668e-07,7.34919876776985e-06
45.3332862854004,-1.58294096209312e-17,-5.87988233746728e-06,-4.63857468275819e-05
45.6666221618652,-7.21532575322163e-17,-4.95341737405397e-06,-3.90769710065797e-05
45.9999542236328,8.81754283600132e-17,9.31825866246072e-07,7.35108687877073e-06
46.3332862854004,-1.6006811738183e-17,-5.87962495046668e-06,-4.63837168354075e-05
46.666618347168,-7.20255805503075e-17,-4.95320637128316e-06,-3.9075304812286e-05
46.9999542236328,8.80714285959582e-17,9.32065120196057e-07,7.35297453502426e-06
47.3332862854004,-1.58457646360026e-17,-5.87936756346608e-06,-4.6381690481212e-05
47.666618347168,-7.21293619386809e-17,-4.952994913765e-06,-3.90736386179924e-05
47.9999504089355,8.8201163603231e-17,9.32304374146042e-07,7.35486173653044e-06
48.3332862854004,-1.59709551129901e-17,-5.87911063121282e-06,-4.63796604890376e-05
48.666618347168,-7.20602758139204e-17,-4.95278391099419e-06,-3.90719724236988e-05
48.9999504089355,8.79852959331342e-17,9.32543628096028e-07,7.35674939278397e-06
49.3332824707031,-1.5866925570433e-17,-5.87885324421222e-06,-4.63776304968633e-05
49.666618347168,-7.21134734534749e-17,-4.95257290822337e-06,-3.90703062294051e-05
49.9999504089355,8.80679412024956e-17,9.32782882046013e-07,7.3586370490375e-06
50.3332824707031,-1.59302975315219e-17,-5.87859585721162e-06,-4.63756005046889e-05
50.6666145324707,-7.20234828202741e-17,-4.95236145070521e-06,-3.90686400351115e-05
50.9999504089355,8.80862119678657e-17,9.33022135995998e-07,7.36052425054368e-06
51.3332824707031,-1.59085244834383e-17,-5.87833892495837e-06,-4.63735705125146e-05
51.6666145324707,-7.21406711520157e-17,-4.9521504479344e-06,-3.90669738408178e-05
51.9999465942383,8.80447536755645e-17,9.33261389945983e-07,7.36241145204986e-06
52.3332824707031,-1.59316276379469e-17,-5.87808153795777e-06,-4.63715405203402e-05
52.6666145324707,-7.21139829967323e-17,-4.95193899041624e-06,-3.90653076465242e-05
52.9999465942383,8.81471784877333e-17,9.33500643895968e-07,7.36429910830338e-06
53.3332786560059,-1.59099885931225e-17,-5.87782415095717e-06,-4.63695141661447e-05
53.6666145324707,-7.21180990474603e-17,-4.95172798764543e-06,-3.90636414522305e-05
53.9999465942383,8.8003586550839e-17,9.33739897845953e-07,7.36618630980956e-06
54.3332786560059,-1.5937184637302e-17,-5.87756721870392e-06,-4.63674841739703e-05
54.6666107177734,-7.21122293738337e-17,-4.95151698487462e-06,-3.90619752579369e-05
54.9999465942383,8.80243917976059e-17,9.33979151795938e-07,7.36807396606309e-06
55.3332786560059,-1.59033148999404e-17,-5.87730983170331e-06,-4.63654541817959e-05
55.6666107177734,-7.20907491476869e-17,-4.95130552735645e-06,-3.90603090636432e-05
55.999942779541,8.80698734964066e-17,9.34218405745924e-07,7.36996116756927e-06
56.3332786560059,-1.59285042039539e-17,-5.87705244470271e-06,-4.63634241896216e-05
56.6666107177734,-7.21118985015886e-17,-4.95109452458564e-06,-3.90586428693496e-05
56.999942779541,8.81388537420486e-17,9.34457659695909e-07,7.3718488238228e-06
57.3332748413086,-1.5916136199435e-17,-5.87679551244946e-06,-4.63613941974472e-05
57.6666107177734,-7.21001657717802e-17,-4.95088306706748e-06,-3.90569766750559e-05
57.999942779541,8.81089693608783e-17,9.34696856802475e-07,7.37373602532898e-06
58.3332748413086,-1.59034621380894e-17,-5.87653812544886e-06,-4.63593642052729e-05
58.6666069030762,-7.21301163273995e-17,-4.95067206429667e-06,-3.90553104807623e-05
58.999942779541,8.80738902854611e-17,9.3493611075246e-07,7.37562368158251e-06
59.3332748413086,-1.59073035648541e-17,-5.87628073844826e-06,-4.63573378510773e-05
59.6666069030762,-7.21610859695335e-17,-4.95046106152586e-06,-3.90536442864686e-05
59.9999389648438,8.80843590832936e-17,9.35175364702445e-07,7.37751088308869e-06
60.3332748413086,-1.59108951830738e-17,-5.87602380619501e-06,-4.6355307858903e-05
60.6666069030762,-7.21142476945283e-17,-4.95024960400769e-06,-3.9051978092175e-05
60.9999389648438,8.80858480083962e-17,9.3541461865243e-07,7.37939808459487e-06
61.3332710266113,-1.58602866188366e-17,-5.87576641919441e-06,-4.63532778667286e-05
61.6666069030762,-7.20281084142595e-17,-4.95003860123688e-06,-3.90503118978813e-05
61.9999389648438,8.81947645340123e-17,9.35653872602416e-07,7.3812857408484e-06
62.3332710266113,-1.58702210579934e-17,-5.8755090321938e-06,-4.63512478745542e-05
62.6666030883789,-7.20088913542686e-17,-4.94982714371872e-06,-3.90486493415665e-05
62.9999351501465,8.81249107856434e-17,9.35893126552401e-07,7.38317294235458e-06
63.3332710266113,-1.58671621440882e-17,-5.87525209994055e-06,-4.63492178823799e-05
63.6666030883789,-7.2091470449181e-17,-4.94961614094791e-06,-3.90469831472728e-05
63.9999351501465,8.80939411435094e-17,9.36132380502386e-07,7.38506059860811e-06
64.3332672119141,-1.58966709852604e-17,-5.87499471293995e-06,-4.63471915281843e-05
64.6666030883789,-7.20525400208318e-17,-4.9494051381771e-06,-3.90453169529792e-05
64.9999313354492,8.8083267204885e-17,9.36371634452371e-07,7.38694780011429e-06
65.3332672119141,-1.58725140026514e-17,-5.87473732593935e-06,-4.634516153601e-05
65.6666030883789,-7.20410719888194e-17,-4.94919368065894e-06,-3.90436507586855e-05
65.9999313354492,8.80699529057454e-17,9.36610888402356e-07,7.38883545636781e-06
66.3332672119141,-1.59063705051232e-17,-5.8744803936861e-06,-4.63431315438356e-05
66.6666030883789,-7.20678461708865e-17,-4.94898267788813e-06,-3.90419845643919e-05
66.9999313354492,8.81063620875875e-17,9.36850085508922e-07,7.39072265787399e-06
67.3332672119141,-1.58582451370848e-17,-5.8742230066855e-06,-4.63411015516613e-05
67.6665954589844,-7.21039906549326e-17,-4.94877167511731e-06,-3.90403183700982e-05
67.9999313354492,8.81194050714862e-17,9.37089339458907e-07,7.39260985938017e-06
68.3332672119141,-1.59001286002209e-17,-5.8739656196849e-06,-4.63390715594869e-05
68.6665954589844,-7.20446784962901e-17,-4.94856021759915e-06,-3.90386521758046e-05
68.9999313354492,8.80553415874052e-17,9.37328593408893e-07,7.3944975156337e-06
69.3332672119141,-1.59041387718305e-17,-5.87370868743164e-06,-4.63370415673126e-05
69.6665954589844,-7.20672704531802e-17,-4.94834921482834e-06,-3.9036985981511e-05
69.9999313354492,8.81533194766009e-17,9.37567847358878e-07,7.39638471713988e-06
70.3332595825195,-1.59167450043658e-17,-5.87345130043104e-06,-4.6335015213117e-05
70.6665954589844,-7.20755819639751e-17,-4.94813775731018e-06,-3.90353197872173e-05
70.9999313354492,8.80967270878125e-17,9.37807101308863e-07,7.39827237339341e-06
71.3332595825195,-1.59181081980153e-17,-5.87319391343044e-06,-4.63329852209426e-05
71.6665954589844,-7.21132352254585e-17,-4.94792675453937e-06,-3.90336535929237e-05
71.9999313354492,8.80704955362272e-17,9.38046355258848e-07,7.40015957489959e-06
72.3332595825195,-1.58939065476532e-17,-5.87293652642984e-06,-4.63309552287683e-05
72.6665954589844,-7.21416306815262e-17,-4.94771575176856e-06,-3.903198739863e-05
72.9999237060547,8.80876082487397e-17,9.38285609208833e-07,7.40204677640577e-06
73.3332595825195,-1.59054672238943e-17,-5.87267959417659e-06,-4.63289252365939e-05
73.6665954589844,-7.21036200780182e-17,-4.94750429425039e-06,-3.90303212043364e-05
73.9999237060547,8.80178669969341e-17,9.38524806315399e-07,7.4039344326593e-06
74.3332595825195,-1.59196120123689e-17,-5.87242220717599e-06,-4.63268952444196e-05
74.6665954589844,-7.21151476670348e-17,-4.94729329147958e-06,-3.90286550100427e-05
74.9999237060547,8.80385994518071e-17,9.38764060265385e-07,7.40582163416548e-06
75.3332595825195,-1.59064614949906e-17,-5.87216482017539e-06,-4.6324868890224e-05
75.6665878295898,-7.20849655008439e-17,-4.94708183396142e-06,-3.90269888157491e-05
75.9999237060547,8.80611847912523e-17,9.3900331421537e-07,7.40770929041901e-06
76.3332595825195,-1.59249787601832e-17,-5.87190788792213e-06,-4.63228388980497e-05
76.6665878295898,-7.20483577956548e-17,-4.94687083119061e-06,-3.90253226214554e-05
76.9999237060547,8.80921544333863e-17,9.39242568165355e-07,7.40959649192519e-06
77.3332595825195,-1.58956585161906e-17,-5.87165050092153e-06,-4.63208089058753e-05
77.6665878295898,-7.20548958312164e-17,-4.9466598284198e-06,-3.90236564271618e-05
77.9999237060547,8.80955756523998e-17,9.3948182211534e-07,7.41148369343136e-06
78.333251953125,-1.59062762065333e-17,-5.87139311392093e-06,-4.6318778913701e-05
78.6665878295898,-7.21067964515704e-17,-4.94644837090163e-06,-3.90219902328681e-05
78.9999237060547,8.80338745961482e-17,9.39721076065325e-07,7.41337134968489e-06
79.333251953125,-1.58878085721775e-17,-5.87113618166768e-06,-4.63167489215266e-05
79.6665878295898,-7.20724386776474e-17,-4.94623736813082e-06,-3.90203240385745e-05
79.9999237060547,8.80573731429897e-17,9.39960273171891e-07,7.41525855119107e-06
80.333251953125,-1.59173703529089e-17,-5.87087879466708e-06,-4.63147189293522e-05
80.6665878295898,-7.2093468917541e-17,-4.94602591061266e-06,-3.90186614822596e-05
80.9999160766602,8.80542629438865e-17,9.40199527121877e-07,7.41714575269725e-06
81.333251953125,-1.5920420995008e-17,-5.87062140766648e-06,-4.63126925751567e-05
81.6665878295898,-7.21551037993435e-17,-4.94581490784185e-06,-3.9016995287966e-05
81.9999160766602,8.80938948213951e-17,9.40438781071862e-07,7.41903340895078e-06
82.333251953125,-1.59277680132087e-17,-5.87036447541323e-06,-4.63106625829823e-05
82.6665802001953,-7.21226187623273e-17,-4.94560390507104e-06,-3.90153290936723e-05
82.9999160766602,8.80653868687641e-17,9.40678035021847e-07,7.42092061045696e-06
83.333251953125,-1.58922604582342e-17,-5.87010708841262e-06,-4.6308632590808e-05
83.6665802001953,-7.20995768191841e-17,-4.94539244755288e-06,-3.90136628993787e-05
83.9999160766602,8.81277033473914e-17,9.40917288971832e-07,7.42280826671049e-06
84.333251953125,-1.59025952528075e-17,-5.86984970141202e-06,-4.63066025986336e-05
84.6665802001953,-7.21372366981124e-17,-4.94518144478207e-06,-3.9011996705085e-05
84.9999160766602,8.8131581170103e-17,9.41156542921817e-07,7.42469546821667e-06
85.3332443237305,-1.58710383124386e-17,-5.86959276915877e-06,-4.63045726064593e-05
85.6665802001953,-7.21002650334537e-17,-4.9449699872639e-06,-3.90103305107914e-05
85.9999160766602,8.81458483813083e-17,9.41395740028383e-07,7.42658266972285e-06
86.3332443237305,-1.58712087116448e-17,-5.86933538215817e-06,-4.63025426142849e-05
86.6665802001953,-7.20641073145178e-17,-4.94475898449309e-06,-3.90086643164977e-05
86.9999160766602,8.81355582544882e-17,9.41634993978369e-07,7.42847032597638e-06
87.3332443237305,-1.58595272670343e-17,-5.86907799515757e-06,-4.63005162600894e-05
87.6665802001953,-7.20113199565471e-17,-4.94454798172228e-06,-3.90069981222041e-05
87.9999084472656,8.81335862559078e-17,9.41874247928354e-07,7.43035752748256e-06
88.3332443237305,-1.58441896841163e-17,-5.86882106290432e-06,-4.6298486267915e-05
88.6665802001953,-7.20421837195627e-17,-4.94433652420412e-06,-3.90053319279104e-05
88.9999084472656,8.81462255756676e-17,9.42113501878339e-07,7.43224472898874e-06
89.3332443237305,-1.58293235941475e-17,-5.86856367590372e-06,-4.62964562757406e-05
89.6665802001953,-7.20864742782812e-17,-4.94412552143331e-06,-3.90036657336168e-05
89.9999084472656,8.81551194216138e-17,9.42352755828324e-07,7.43413238524226e-06
90.3332443237305,-1.58487176707895e-17,-5.86830628890311e-06,-4.62944262835663e-05
90.6665725708008,-7.20547105427592e-17,-4.94391406391514e-06,-3.90019995393232e-05
90.9999084472656,8.81282195080936e-17,9.4259195293489e-07,7.43601958674844e-06
91.3332443237305,-1.58622354563598e-17,-5.86804935664986e-06,-4.62923962913919e-05
91.6665725708008,-7.21129043532135e-17,-4.94370306114433e-06,-3.90003333450295e-05
91.9999084472656,8.81785385591164e-17,9.42831206884875e-07,7.43790678825462e-06
92.3332443237305,-1.58767260063305e-17,-5.86779196964926e-06,-4.62903662992176e-05
92.6665725708008,-7.21106345696127e-17,-4.94349205837352e-06,-3.89986671507359e-05
92.9999084472656,8.79942427186396e-17,9.43070460834861e-07,7.43979444450815e-06
93.3332366943359,-1.59282395061579e-17,-5.86753458264866e-06,-4.6288339945022e-05
93.6665725708008,-7.21098206238899e-17,-4.94328060085536e-06,-3.89970009564422e-05
93.9999084472656,8.8080878307276e-17,9.43309714784846e-07,7.44168164601433e-06
94.3332366943359,-1.59274784999943e-17,-5.86727719564806e-06,-4.62863099528477e-05
94.6665725708008,-7.21125006890746e-17,-4.94306959808455e-06,-3.89953347621486e-05
94.9999084472656,8.80292092974934e-17,9.43548968734831e-07,7.44356884752051e-06
95.3332366943359,-1.59020410417971e-17,-5.86702026339481e-06,-4.62842799606733e-05
95.6665725708008,-7.2141180695273e-17,-4.94285814056639e-06,-3.89936685678549e-05
95.9999008178711,8.79641465792325e-17,9.43788165841397e-07,7.44545650377404e-06
96.3332366943359,-1.5911580088621e-17,-5.8667628763942e-06,-4.62822499684989e-05
96.6665725708008,-7.2137660214586e-17,-4.94264713779557e-06,-3.89920023735613e-05
96.9999008178711,8.80657177410091e-17,9.44027419791382e-07,7.44734370528022e-06
97.3332366943359,-1.59465516305586e-17,-5.8665054893936e-06,-4.62802199763246e-05
97.6665725708008,-7.21454489472338e-17,-4.94243613502476e-06,-3.89903361792676e-05
97.9999008178711,8.80157427971211e-17,9.44266673741367e-07,7.4492309067864e-06
98.3332366943359,-1.59195061332505e-17,-5.86624855714035e-06,-4.62781899841502e-05
98.6665649414062,-7.21542633838412e-17,-4.9422246775066e-06,-3.8988669984974e-05
98.9999008178711,8.80574326999938e-17,9.44505927691353e-07,7.45111856303993e-06
99.3332366943359,-1.58896846178068e-17,-5.86599117013975e-06,-4.62761636299547e-05
99.6665649414062,-7.21210901325553e-17,-4.94201367473579e-06,-3.89870074286591e-05
99.9999008178711,8.79910795799772e-17,9.44745181641338e-07,7.45300576454611e-06
100.333236694336,-1.59120251117906e-17,-5.86573378313915e-06,-4.62741336377803e-05
100.666564941406,-7.21058633918395e-17,-4.94180221721763e-06,-3.89853412343655e-05
100.999900817871,8.7994547121105e-17,9.44984378747904e-07,7.45489296605228e-06
101.333229064941,-1.59043902347367e-17,-5.8654768508859e-06,-4.6272103645606e-05
101.666564941406,-7.208256998579e-17,-4.94159121444682e-06,-3.89836750400718e-05
101.999900817871,8.80334974017889e-17,9.45223632697889e-07,7.45678062230581e-06
102.333229064941,-1.5914607569663e-17,-5.8652194638853e-06,-4.62700736534316e-05
102.666564941406,-7.21370712619899e-17,-4.94138021167601e-06,-3.89820088457782e-05
102.999893188477,8.80548783662622e-17,9.45462886647874e-07,7.45866782381199e-06
103.333229064941,-1.58948561509964e-17,-5.86496207688469e-06,-4.62680436612573e-05
103.666564941406,-7.21530987135387e-17,-4.94116875415784e-06,-3.89803426514845e-05
103.999893188477,8.80191309289101e-17,9.45702140597859e-07,7.46055502531817e-06
104.333229064941,-1.58966875288726e-17,-5.86470514463144e-06,-4.62660173070617e-05
104.666564941406,-7.21490819244841e-17,-4.94095775138703e-06,-3.89786764571909e-05
104.999893188477,8.80109517670132e-17,9.45941337704426e-07,7.4624426815717e-06
105.333229064941,-1.59133651443829e-17,-5.86444775763084e-06,-4.62639873148873e-05
105.666557312012,-7.21888726206704e-17,-4.94074629386887e-06,-3.89770102628972e-05
105.999893188477,8.80595568998068e-17,9.46180591654411e-07,7.46432988307788e-06
106.333229064941,-1.59284992408702e-17,-5.86419037063024e-06,-4.6261957322713e-05
106.666557312012,-7.21958606424852e-17,-4.94053529109806e-06,-3.89753440686036e-05
106.999893188477,8.80727785547178e-17,9.46419845604396e-07,7.46621708458406e-06
107.333229064941,-1.59360133495546e-17,-5.86393343837699e-06,-4.62599273305386e-05
107.666557312012,-7.21498627829824e-17,-4.94032428832725e-06,-3.89736778743099e-05
107.999893188477,8.80071136489709e-17,9.46659099554381e-07,7.46810474083759e-06
108.333221435547,-1.59155505555613e-17,-5.86367605137639e-06,-4.62578973383643e-05
108.666557312012,-7.21546869003148e-17,-4.94011283080908e-06,-3.89720116800163e-05
108.999893188477,8.81014982655857e-17,9.46898296660947e-07,7.46999194234377e-06
109.333221435547,-1.59251342701383e-17,-5.86341866437579e-06,-4.62558673461899e-05
109.666557312012,-7.21751215701673e-17,-4.93990182803827e-06,-3.89703454857226e-05
109.999893188477,8.8042662562976e-17,9.47137550610933e-07,7.47187914384995e-06
110.333221435547,-1.5926006118504e-17,-5.86316127737518e-06,-4.62538409919944e-05
110.666557312012,-7.22236737634017e-17,-4.93969037052011e-06,-3.8968679291429e-05
110.999885559082,8.80566981636098e-17,9.47376804560918e-07,7.47376634535613e-06
111.333221435547,-1.5935141501189e-17,-5.86290434512193e-06,-4.625181099982e-05
111.666557312012,-7.21610131776396e-17,-4.9394793677493e-06,-3.89670130971354e-05
111.999885559082,8.80315849602127e-17,9.47616058510903e-07,7.47565400160966e-06
112.333221435547,-1.59560029962376e-17,-5.86264695812133e-06,-4.62497810076457e-05
112.666557312012,-7.22128343886548e-17,-4.93926836497849e-06,-3.89653469028417e-05
112.999885559082,8.80276674328316e-17,9.47855255617469e-07,7.47754120311583e-06
113.333221435547,-1.59325259560921e-17,-5.86238957112073e-06,-4.62477510154713e-05
113.666549682617,-7.21744730605671e-17,-4.93905690746033e-06,-3.89636807085481e-05
113.999885559082,8.79987822858413e-17,9.48094509567454e-07,7.47942840462201e-06
114.333221435547,-1.59250465889934e-17,-5.86213263886748e-06,-4.62457210232969e-05
114.666549682617,-7.21479834286307e-17,-4.93884590468952e-06,-3.89620145142544e-05
114.999885559082,8.80376994793007e-17,9.48333763517439e-07,7.48131606087554e-06
115.333221435547,-1.59225220337639e-17,-5.86187525186688e-06,-4.62436910311226e-05
115.666549682617,-7.217195181406e-17,-4.93863444717135e-06,-3.89603483199608e-05
115.999885559082,8.80373553721659e-17,9.48573017467425e-07,7.48320326238172e-06
116.333213806152,-1.59407646749931e-17,-5.86161786486628e-06,-4.6241664676927e-05
116.666549682617,-7.21937430601171e-17,-4.93842344440054e-06,-3.89586821256671e-05
116.999885559082,8.80375936001823e-17,9.48812214573991e-07,7.4850904638879e-06
117.333213806152,-1.58967173073747e-17,-5.86136093261302e-06,-4.62396346847527e-05
117.666549682617,-7.21497701387538e-17,-4.93821244162973e-06,-3.89570159313735e-05
117.999885559082,8.80092775534534e-17,9.49051468523976e-07,7.48697766539408e-06
118.333213806152,-1.59202175085773e-17,-5.86110354561242e-06,-4.62376046925783e-05
118.666549682617,-7.21543824978494e-17,-4.93800098411157e-06,-3.89553533750586e-05
118.999877929688,8.79747741957426e-17,9.49290722473961e-07,7.48886532164761e-06
119.333213806152,-1.59272766679248e-17,-5.86084615861182e-06,-4.6235574700404e-05
119.666549682617,-7.21263708535859e-17,-4.93778998134076e-06,-3.8953687180765e-05
119.999877929688,8.81000622800423e-17,9.49529976423946e-07,7.49075252315379e-06
120.333213806152,-1.59236651973704e-17,-5.86058922635857e-06,-4.62335447082296e-05
120.666549682617,-7.21925453025901e-17,-4.93757852382259e-06,-3.89520209864713e-05
120.999877929688,8.80166162998479e-17,9.49769173530512e-07,7.49263972465997e-06
121.333213806152,-1.58807841544157e-17,-5.86033183935797e-06,-4.62315147160552e-05
121.666542053223,-7.2157333878275e-17,-4.93736752105178e-06,-3.89503547921777e-05
121.999877929688,8.80517747846039e-17,9.50008427480498e-07,7.49452692616615e-06
122.333213806152,-1.59048584189634e-17,-5.86007445235737e-06,-4.62294883618597e-05
122.666542053223,-7.21134337488055e-17,-4.93715651828097e-06,-3.8948688597884e-05
122.999877929688,8.80991292203113e-17,9.50247681430483e-07,7.49641458241967e-06
123.333213806152,-1.58511892864598e-17,-5.85981752010412e-06,-4.62274583696853e-05
123.666542053223,-7.20942563934841e-17,-4.93694506076281e-06,-3.89470224035904e-05
123.999877929688,8.80313930543106e-17,9.50486878537049e-07,7.49830178392585e-06
124.333206176758,-1.58376102895241e-17,-5.85956013310351e-06,-4.6225428377511e-05
124.666542053223,-7.21545611688617e-17,-4.936734057992e-06,-3.89453562092967e-05
124.999877929688,8.80310820344003e-17,9.50726132487034e-07,7.50018898543203e-06
125.333206176758,-1.58658204571346e-17,-5.85930274610291e-06,-4.62233983853366e-05
125.666542053223,-7.20943887423821e-17,-4.93652260047384e-06,-3.89436900150031e-05
125.999870300293,8.80925448626354e-17,9.50965386437019e-07,7.50207618693821e-06
126.333206176758,-1.58694997564992e-17,-5.85904535910231e-06,-4.62213683931623e-05
126.666542053223,-7.213241258078e-17,-4.93631159770302e-06,-3.89420238207094e-05
126.999870300293,8.80465271507979e-17,9.51204583543586e-07,7.50396384319174e-06
127.333206176758,-1.58711623895305e-17,-5.85878842684906e-06,-4.62193384009879e-05
127.666542053223,-7.21018532202298e-17,-4.93610059493221e-06,-3.89403576264158e-05
127.999870300293,8.81377949508645e-17,9.51443837493571e-07,7.50585104469792e-06
128.333206176758,-1.58565791953312e-17,-5.85853103984846e-06,-4.62173120467924e-05
128.666534423828,-7.21192438654281e-17,-4.93588913741405e-06,-3.89386914321221e-05
128.999877929688,8.80477381432146e-17,9.51683091443556e-07,7.5077382462041e-06
129.333206176758,-1.58667948758962e-17,-5.85827365284786e-06,-4.6215282054618e-05
129.666534423828,-7.20946799099577e-17,-4.93567813464324e-06,-3.89370252378285e-05
129.999862670898,8.81083009989433e-17,9.51922345393541e-07,7.50962544771028e-06
130.333206176758,-1.58500577033818e-17,-5.85801672059461e-06,-4.62132520624436e-05
130.666534423828,-7.2075059185828e-17,-4.93546667712508e-06,-3.89353590435348e-05
130.999862670898,8.80536078168413e-17,9.52161542500107e-07,7.51151310396381e-06
131.333206176758,-1.58543921297916e-17,-5.857759333594e-06,-4.62112220702693e-05
131.666534423828,-7.20719820739493e-17,-4.93525567435427e-06,-3.89336928492412e-05
131.999862670898,8.80959263769795e-17,9.52400796450092e-07,7.51340030546999e-06
132.333206176758,-1.58283392492186e-17,-5.8575019465934e-06,-4.62091920780949e-05
132.666534423828,-7.20319332974119e-17,-4.93504467158346e-06,-3.89320266549475e-05
132.999862670898,8.81418051224742e-17,9.52640050400078e-07,7.51528750697616e-06
133.333206176758,-1.58012987149942e-17,-5.85724501434015e-06,-4.62071620859206e-05
133.666534423828,-7.20556436024901e-17,-4.93483321406529e-06,-3.89303604606539e-05
133.999862670898,8.80320150941312e-17,9.52879247506644e-07,7.51717470848234e-06
134.333206176758,-1.58097789706341e-17,-5.85698762733955e-06,-4.62051320937462e-05
134.666534423828,-7.20692424517605e-17,-4.93462221129448e-06,-3.89286942663603e-05
134.999862670898,8.81260820733908e-17,9.53118501456629e-07,7.51906236473587e-06
135.333190917969,-1.58246417518805e-17,-5.85673024033895e-06,-4.62031057395507e-05
135.666534423828,-7.21126396554175e-17,-4.93441075377632e-06,-3.89270280720666e-05
135.999862670898,8.80958602025305e-17,9.53357755406614e-07,7.52094956624205e-06
136.333190917969,-1.57876022584116e-17,-5.85647285333835e-06,-4.62010757473763e-05
136.666534423828,-7.20258915702178e-17,-4.93419975100551e-06,-3.8925361877773e-05
136.999862670898,8.82025929713295e-17,9.5359695251318e-07,7.52283676774823e-06
137.333190917969,-1.58207473855566e-17,-5.8562159210851e-06,-4.6199045755202e-05
137.666534423828,-7.20821332344265e-17,-4.9339887482347e-06,-3.89236956834793e-05
137.999862670898,8.81379008299829e-17,9.53836206463166e-07,7.52472396925441e-06
138.333190917969,-1.57846227538452e-17,-5.85595853408449e-06,-4.61970157630276e-05
138.666534423828,-7.20885852432044e-17,-4.93377729071653e-06,-3.89220294891857e-05
138.999862670898,8.81639867977804e-17,9.54075403569732e-07,7.52661117076059e-06
139.333190917969,-1.58248899060643e-17,-5.85570114708389e-06,-4.61949857708532e-05
139.666534423828,-7.20930454010673e-17,-4.93356628794572e-06,-3.89203669328708e-05
139.999862670898,8.80953241894936e-17,9.54314714363136e-07,7.52849882701412e-06
140.333190917969,-1.58085299279092e-17,-5.85544421483064e-06,-4.61929557786789e-05
140.666519165039,-7.20754694674118e-17,-4.93335483042756e-06,-3.89187007385772e-05
140.999862670898,8.81434661011442e-17,9.54553911469702e-07,7.5303860285203e-06
141.333190917969,-1.58331964537755e-17,-5.85518682783004e-06,-4.61909294244833e-05
141.666519165039,-7.21377131541452e-17,-4.93314382765675e-06,-3.89170345442835e-05
141.999862670898,8.80613039052605e-17,9.54793108576268e-07,7.53227323002648e-06
142.333190917969,-1.58434204061467e-17,-5.85492944082944e-06,-4.6188899432309e-05
142.666519165039,-7.21468055234384e-17,-4.93293282488594e-06,-3.89153683499899e-05
142.999862670898,8.80959329944244e-17,9.55032419369672e-07,7.53416043153265e-06
143.333190917969,-1.58666674900819e-17,-5.85467250857619e-06,-4.61868694401346e-05
143.666519165039,-7.21339544454418e-17,-4.93272136736778e-06,-3.89137021556962e-05
143.999862670898,8.81180154080571e-17,9.55271616476239e-07,7.53604763303883e-06
144.333190917969,-1.58387120941e-17,-5.85441512157558e-06,-4.61848394479603e-05
144.666519165039,-7.21010061872825e-17,-4.93251036459696e-06,-3.89120359614026e-05
144.999847412109,8.80448926419075e-17,9.55510813582805e-07,7.53793528929236e-06
145.333190917969,-1.58717182549021e-17,-5.85415773457498e-06,-4.61828094557859e-05
145.666519165039,-7.21198989924733e-17,-4.9322989070788e-06,-3.89103697671089e-05
145.999847412109,8.80607745096685e-17,9.55750124376209e-07,7.53982249079854e-06
146.333190917969,-1.5853167902485e-17,-5.85390080232173e-06,-4.61807794636115e-05
146.666519165039,-7.21419549363264e-17,-4.93208790430799e-06,-3.89087035728153e-05
146.999847412109,8.80232138924137e-17,9.55989321482775e-07,7.54170969230472e-06
147.333190917969,-1.58248899060643e-17,-5.85364341532113e-06,-4.6178753109416e-05
147.666519165039,-7.21537803103634e-17,-4.93187690153718e-06,-3.89070373785216e-05
147.999847412109,8.81107626884463e-17,9.56228518589342e-07,7.5435968938109e-06
148.333190917969,-1.58590657002525e-17,-5.85338602832053e-06,-4.61767231172416e-05
148.666519165039,-7.20844096354723e-17,-4.93166544401902e-06,-3.8905371184228e-05
148.999847412109,8.80867281285679e-17,9.56467829382746e-07,7.54548409531708e-06
149.333190917969,-1.58394185063431e-17,-5.85312864131993e-06,-4.61746931250673e-05
149.666519165039,-7.21198592878039e-17,-4.93145444124821e-06,-3.89037049899343e-05
149.999847412109,8.80420206708207e-17,9.56707026489312e-07,7.54737175157061e-06
150.33317565918,-1.58179002298882e-17,-5.85287170906668e-06,-4.61726631328929e-05
150.666519165039,-7.21084309604608e-17,-4.93124298373004e-06,-3.89020387956407e-05
150.999847412109,8.802877254613e-17,9.56946223595878e-07,7.54925895307679e-06
151.33317565918,-1.58729937674067e-17,-5.85261432206607e-06,-4.61706331407186e-05
151.666519165039,-7.21040502119367e-17,-4.93103198095923e-06,-3.8900372601347e-05
151.999847412109,8.80598348324926e-17,9.57185420702444e-07,7.55114615458297e-06
152.33317565918,-1.58500312336022e-17,-5.85235693506547e-06,-4.61686031485442e-05
152.666519165039,-7.21025149647198e-17,-4.93082097818842e-06,-3.88987064070534e-05
152.999847412109,8.80377127141905e-17,9.57424731495848e-07,7.55303335608914e-06
153.33317565918,-1.58163881437284e-17,-5.85210000281222e-06,-4.61665767943487e-05
153.666519165039,-7.21021510052503e-17,-4.93060952067026e-06,-3.88970402127597e-05
153.999847412109,8.81069775099632e-17,9.57663928602415e-07,7.55492055759532e-06
154.33317565918,-1.58447207340696e-17,-5.85184261581162e-06,-4.61645468021743e-05
154.666519165039,-7.20573707556091e-17,-4.93039851789945e-06,-3.88953740184661e-05
154.999847412109,8.80959065246448e-17,9.57903125708981e-07,7.5568077591015e-06
155.33317565918,-1.581345992436e-17,-5.85158522881102e-06,-4.61625168099999e-05
155.66650390625,-7.21115610118987e-17,-4.93018706038129e-06,-3.88937078241725e-05
155.999847412109,8.79963536835628e-17,9.58142436502385e-07,7.55869541535503e-06
156.33317565918,-1.58389172348919e-17,-5.85132829655777e-06,-4.61604868178256e-05
156.66650390625,-7.21279193356926e-17,-4.92997605761047e-06,-3.88920416298788e-05
156.999847412109,8.80373686070557e-17,9.58381633608951e-07,7.56058261686121e-06
157.33317565918,-1.58131323608374e-17,-5.85107090955717e-06,-4.61584568256512e-05
157.66650390625,-7.21138837350588e-17,-4.92976505483966e-06,-3.88903754355852e-05
157.999847412109,8.81007306419772e-17,9.58620830715518e-07,7.56246981836739e-06
158.33317565918,-1.58346688352659e-17,-5.85081352255656e-06,-4.61564268334769e-05
158.66650390625,-7.20734180594927e-17,-4.9295535973215e-06,-3.88887092412915e-05
158.999847412109,8.80536210517311e-17,9.58860141508922e-07,7.56435701987357e-06
159.33317565918,-1.58024352611559e-17,-5.85055613555596e-06,-4.61543968413025e-05
159.66650390625,-7.21249282505976e-17,-4.92934259455069e-06,-3.88870430469979e-05
159.999847412109,8.80667963845279e-17,9.59099338615488e-07,7.56624422137975e-06
160.33317565918,-1.58041723404423e-17,-5.85029920330271e-06,-4.6152370487107e-05
160.66650390625,-7.21099595902328e-17,-4.92913113703253e-06,-3.88853768527042e-05
160.99983215332,8.80511990668976e-17,9.59338535722054e-07,7.56813142288593e-06
161.33317565918,-1.58052195510977e-17,-5.85004181630211e-06,-4.61503404949326e-05
161.66650390625,-7.20818288319611e-17,-4.92892013426172e-06,-3.88837106584106e-05
161.99983215332,8.80680073769446e-17,9.59577846515458e-07,7.57001862439211e-06
162.33317565918,-1.58363595924379e-17,-5.84978442930151e-06,-4.61483105027582e-05
162.66650390625,-7.20894388935966e-17,-4.9287091314909e-06,-3.88820481020957e-05
162.99983215332,8.81458086766389e-17,9.59817043622024e-07,7.57190628064563e-06
163.33317565918,-1.58158240065507e-17,-5.84952749704826e-06,-4.61462805105839e-05
163.66650390625,-7.21069949749174e-17,-4.92849767397274e-06,-3.88803819078021e-05
163.99983215332,8.80197662036205e-17,9.60056240728591e-07,7.57379348215181e-06
164.33317565918,-1.58370808939321e-17,-5.84927011004766e-06,-4.61442505184095e-05
164.66650390625,-7.21393344281458e-17,-4.92828667120193e-06,-3.88787157135084e-05
164.99983215332,8.8062336226665e-17,9.60295437835157e-07,7.57568068365799e-06
165.333160400391,-1.58138983300846e-17,-5.84901272304705e-06,-4.61422205262352e-05
165.66650390625,-7.20761047421222e-17,-4.92807521368377e-06,-3.88770495192148e-05
165.99983215332,8.80789724831446e-17,9.60534748628561e-07,7.57756788516417e-06
166.333160400391,-1.58094332091381e-17,-5.8487557907938e-06,-4.61401941720396e-05
166.66650390625,-7.21183835975911e-17,-4.92786421091296e-06,-3.88753833249211e-05
166.99983215332,8.81192462528086e-17,9.60773945735127e-07,7.57945508667035e-06
167.333160400391,-1.58116483988185e-17,-5.8484984037932e-06,-4.61381641798653e-05
167.66650390625,-7.210183998534e-17,-4.9276527533948e-06,-3.88737171306275e-05
167.99983215332,8.81012401852346e-17,9.61013142841693e-07,7.58134228817653e-06
168.333160400391,-1.58117691671879e-17,-5.8482410167926e-06,-4.61361341876909e-05
168.66650390625,-7.20882874581839e-17,-4.92744175062398e-06,-3.88720509363338e-05
168.99983215332,8.80762063911763e-17,9.61252453635097e-07,7.58322948968271e-06
169.333160400391,-1.58069053451861e-17,-5.847983629792e-06,-4.61341041955166e-05
169.66650390625,-7.20972805658036e-17,-4.92723074785317e-06,-3.88703847420402e-05
169.99983215332,8.81028283720107e-17,9.61491650741664e-07,7.58511714593624e-06
170.333160400391,-1.57754162336275e-17,-5.84772669753875e-06,-4.61320742033422e-05
170.666488647461,-7.20745496425706e-17,-4.92701929033501e-06,-3.88687185477465e-05
170.99983215332,8.80994402402216e-17,9.6173084784823e-07,7.58700434744242e-06
171.333160400391,-1.57825481848689e-17,-5.84746931053814e-06,-4.61300442111678e-05
171.666488647461,-7.20390867553493e-17,-4.9268082875642e-06,-3.88670523534529e-05
171.99983215332,8.8149461506224e-17,9.61970044954796e-07,7.5888915489486e-06
172.333160400391,-1.57560668247386e-17,-5.84721192353754e-06,-4.61280178569723e-05
172.666488647461,-7.20919072005445e-17,-4.92659683004604e-06,-3.88653861591592e-05
172.99983215332,8.82083832356173e-17,9.622093557482e-07,7.59077875045477e-06
173.333160400391,-1.57654205831054e-17,-5.84695499128429e-06,-4.61259878647979e-05
173.666488647461,-7.20911991339401e-17,-4.92638582727523e-06,-3.88637199648656e-05
173.99983215332,8.81285040582243e-17,9.62448552854767e-07,7.59266595196095e-06
174.333160400391,-1.57705077438726e-17,-5.84669760428369e-06,-4.61239578726236e-05
174.666488647461,-7.21133477220218e-17,-4.92617482450441e-06,-3.88620537705719e-05
174.99983215332,8.8048313860921e-17,9.62687749961333e-07,7.59455315346713e-06
175.333160400391,-1.5786973601146e-17,-5.84644021728309e-06,-4.61219278804492e-05
175.666488647461,-7.2079241411005e-17,-4.92596336698625e-06,-3.88603875762783e-05
175.999816894531,8.80928095604314e-17,9.62927060754737e-07,7.59644035497331e-06
176.333160400391,-1.5742899763748e-17,-5.84618328502984e-06,-4.61198978882749e-05
176.666488647461,-7.20345273358129e-17,-4.92575236421544e-06,-3.88587213819847e-05
176.999816894531,8.80987189387275e-17,9.63166257861303e-07,7.59832755647949e-06
177.333160400391,-1.57724615444794e-17,-5.84592589802924e-06,-4.61178678961005e-05
177.666488647461,-7.20962019222848e-17,-4.92554090669728e-06,-3.8857055187691e-05
177.999816894531,8.81423212831764e-17,9.63405454967869e-07,7.60021475798567e-06
178.333160400391,-1.57451910540448e-17,-5.84566851102863e-06,-4.61158379039261e-05
178.666488647461,-7.20824574892267e-17,-4.92532990392647e-06,-3.88553889933974e-05
178.999816894531,8.81539547513113e-17,9.63644652074436e-07,7.60210195949185e-06
179.333160400391,-1.57763956154727e-17,-5.84541112402803e-06,-4.61138115497306e-05
179.666488647461,-7.21115940991232e-17,-4.92511890115566e-06,-3.88537227991037e-05
179.999816894531,8.8133573021018e-17,9.6388396286784e-07,7.60398961574538e-06
180.333160400391,-1.57771367693016e-17,-5.84515419177478e-06,-4.61117815575562e-05
180.666488647461,-7.20493967345041e-17,-4.92490744363749e-06,-3.88520566048101e-05
180.999816894531,8.81207682651357e-17,9.64123159974406e-07,7.60587681725156e-06
181.333145141602,-1.57450553964243e-17,-5.84489680477418e-06,-4.61097515653819e-05
181.666488647461,-7.20229137200126e-17,-4.92469644086668e-06,-3.88503904105164e-05
181.999816894531,8.81358428046189e-17,9.64362357080972e-07,7.60776401875773e-06
182.333145141602,-1.57616320958999e-17,-5.84463941777358e-06,-4.61077215732075e-05
182.666488647461,-7.20521429741378e-17,-4.92448498334852e-06,-3.88487242162228e-05
182.999816894531,8.8119418306376e-17,9.64601554187539e-07,7.60965122026391e-06
183.333145141602,-1.57727328597203e-17,-5.84438248552033e-06,-4.61056915810332e-05
183.666488647461,-7.20869308819793e-17,-4.92427398057771e-06,-3.88470580219291e-05
183.999816894531,8.81221910157893e-17,9.64840864980943e-07,7.61153842177009e-06
184.333145141602,-1.57604591537913e-17,-5.84412509851973e-06,-4.61036615888588e-05
184.666488647461,-7.20458696363722e-17,-4.9240629778069e-06,-3.88453918276355e-05
184.999816894531,8.80967270878125e-17,9.65080062087509e-07,7.61342562327627e-06
185.333145141602,-1.57697401202641e-17,-5.84386771151912e-06,-4.61016352346633e-05
185.666473388672,-7.20994974098452e-17,-4.92385152028874e-06,-3.88437256333418e-05
185.999816894531,8.80945830356647e-17,9.65319259194075e-07,7.61531282478245e-06
186.333145141602,-1.57715582632505e-17,-5.84361032451852e-06,-4.60996052424889e-05
186.666473388672,-7.20635448317012e-17,-4.92364051751792e-06,-3.8842063077027e-05
186.999816894531,8.8105329766183e-17,9.65558569987479e-07,7.61720002628863e-06
187.333145141602,-1.57944281528264e-17,-5.84335339226527e-06,-4.60975752503145e-05
187.666473388672,-7.2099980483323e-17,-4.92342905999976e-06,-3.88403968827333e-05
187.999816894531,8.81393632853059e-17,9.65797767094045e-07,7.61908722779481e-06
188.333145141602,-1.57732242050042e-17,-5.84309600526467e-06,-4.60955452581402e-05
188.666473388672,-7.20717173761533e-17,-4.92321805722895e-06,-3.88387306884397e-05
188.999816894531,8.81289805142571e-17,9.66036964200612e-07,7.62097442930099e-06
189.333145141602,-1.57948119646306e-17,-5.84283861826407e-06,-4.60935152659658e-05
189.666473388672,-7.21001856241149e-17,-4.92300659971079e-06,-3.8837064494146e-05
189.999816894531,8.80947286194525e-17,9.66276161307178e-07,7.62286163080717e-06
190.333145141602,-1.57705722639603e-17,-5.84258168601082e-06,-4.60914852737915e-05
190.666473388672,-7.20753371185138e-17,-4.92279559693998e-06,-3.88353982998524e-05
190.999801635742,8.81144552227007e-17,9.66515472100582e-07,7.62474883231334e-06
191.333145141602,-1.57697450833478e-17,-5.84232429901022e-06,-4.60894552816171e-05
191.666473388672,-7.20589920296098e-17,-4.92258459416917e-06,-3.88337321055587e-05
191.999801635742,8.80752402442208e-17,9.66754669207148e-07,7.62663603381952e-06
192.333145141602,-1.5732867717279e-17,-5.84206691200961e-06,-4.60874289274216e-05
192.666473388672,-7.20617316517985e-17,-4.922373136651e-06,-3.88320659112651e-05
192.999801635742,8.81636757778701e-17,9.66993866313715e-07,7.6285232353257e-06
193.333145141602,-1.57151693608928e-17,-5.84180997975636e-06,-4.60853989352472e-05
193.666473388672,-7.20105324806039e-17,-4.92216213388019e-06,-3.88303997169714e-05
193.999801635742,8.81356575161617e-17,9.67233063420281e-07,7.63041043683188e-06
194.333145141602,-1.57313457049519e-17,-5.84155259275576e-06,-4.60833689430729e-05
194.666473388672,-7.19900250188575e-17,-4.92195067636203e-06,-3.88287335226778e-05
194.999801635742,8.81514004175798e-17,9.67472374213685e-07,7.63229763833806e-06
195.333145141602,-1.57566475055286e-17,-5.84129520575516e-06,-4.60813389508985e-05
195.666473388672,-7.19998783943143e-17,-4.92173967359122e-06,-3.88270673283841e-05
195.999801635742,8.80809974212842e-17,9.67711571320251e-07,7.63418483984424e-06
196.333129882812,-1.57466899053147e-17,-5.84103781875456e-06,-4.60793089587241e-05
196.666473388672,-7.20741658307664e-17,-4.92152867082041e-06,-3.88254011340905e-05
196.999801635742,8.81054091755218e-17,9.67950768426817e-07,7.63607204135042e-06
197.333129882812,-1.57460877178288e-17,-5.84078088650131e-06,-4.60772789665498e-05
197.666473388672,-7.20917947039812e-17,-4.92131721330225e-06,-3.88237349397969e-05
197.999801635742,8.81158184163502e-17,9.68189965533384e-07,7.6379592428566e-06
198.333129882812,-1.57352367625533e-17,-5.8405234995007e-06,-4.60752489743754e-05
198.666473388672,-7.20648352334568e-17,-4.92110621053143e-06,-3.88220687455032e-05
198.999801635742,8.81412492571025e-17,9.68429276326788e-07,7.63984644436277e-06
199.333129882812,-1.57542850776992e-17,-5.8402661125001e-06,-4.60732226201799e-05
199.666473388672,-7.20873941031224e-17,-4.92089475301327e-06,-3.88204025512096e-05
199.999801635742,8.81179359987183e-17,9.68668473433354e-07,7.64173364586895e-06
200.333129882812,-1.57397184271121e-17,-5.84000918024685e-06,-4.60711926280055e-05
200.666473388672,-7.2055782568833e-17,-4.92068375024246e-06,-3.88187363569159e-05
200.999801635742,8.80820562124682e-17,9.6890767053992e-07,7.64362084737513e-06
201.333129882812,-1.57483095249541e-17,-5.83975179324625e-06,-4.60691626358312e-05
201.666458129883,-7.20561399108577e-17,-4.92047274747165e-06,-3.88170701626223e-05
201.999801635742,8.8117823502155e-17,9.69146867646486e-07,7.64550804888131e-06
202.333129882812,-1.57686846378025e-17,-5.83949440624565e-06,-4.60671326436568e-05
202.666458129883,-7.20900146113029e-17,-4.92026128995349e-06,-3.88154039683286e-05
202.999801635742,8.81265254421991e-17,9.69386064753053e-07,7.64739525038749e-06
203.333129882812,-1.57773816147629e-17,-5.83923701924505e-06,-4.60651026514824e-05
203.666458129883,-7.20770444192981e-17,-4.92005028718268e-06,-3.8813737774035e-05
203.999801635742,8.81227998207201e-17,9.69625375546457e-07,7.64928245189367e-06
204.333129882812,-1.57588825475437e-17,-5.8389800869918e-06,-4.60630726593081e-05
204.666458129883,-7.20957850232561e-17,-4.91983882966451e-06,-3.88120715797413e-05
204.999801635742,8.81239644910226e-17,9.69864572653023e-07,7.65116965339985e-06
205.333129882812,-1.57938590525649e-17,-5.83872269999119e-06,-4.60610463051125e-05
205.666458129883,-7.21048178355452e-17,-4.9196278268937e-06,-3.88104053854477e-05
205.999786376953,8.80865759273352e-17,9.70103769759589e-07,7.65305685490603e-06
206.333129882812,-1.58200657887318e-17,-5.83846531299059e-06,-4.60590163129382e-05
206.666458129883,-7.20664763597921e-17,-4.91941636937554e-06,-3.8808739191154e-05
206.999786376953,8.8129523144739e-17,9.70342966866156e-07,7.65494405641221e-06
207.333129882812,-1.57602109996075e-17,-5.83820838073734e-06,-4.60569863207638e-05
207.666458129883,-7.21095162214245e-17,-4.91920536660473e-06,-3.88070729968604e-05
207.999786376953,8.80281637411992e-17,9.7058227765956e-07,7.65683125791838e-06
208.333129882812,-1.57948351256878e-17,-5.83795099373674e-06,-4.60549563285895e-05
208.666458129883,-7.21176689135418e-17,-4.91899436383392e-06,-3.88054068025667e-05
208.999786376953,8.80665713914012e-17,9.70821474766126e-07,7.65871845942456e-06
209.333129882812,-1.58417511556705e-17,-5.83769360673614e-06,-4.60529263364151e-05
209.666458129883,-7.21391425222437e-17,-4.91878290631576e-06,-3.88037406082731e-05
209.999786376953,8.80738505807917e-17,9.71060671872692e-07,7.66060566093074e-06
210.333129882812,-1.5827482290104e-17,-5.83743621973554e-06,-4.60508963442408e-05
210.666458129883,-7.21409027625872e-17,-4.91857190354494e-06,-3.88020744139794e-05
210.999786376953,8.80162192531539e-17,9.71299868979258e-07,7.66249286243692e-06
211.333114624023,-1.58295303893007e-17,-5.83717928748229e-06,-4.60488663520664e-05
211.666458129883,-7.21249481029323e-17,-4.91836044602678e-06,-3.88004082196858e-05
211.999786376953,8.80232734494178e-17,9.71539179772662e-07,7.6643800639431e-06
212.333114624023,-1.58310739083237e-17,-5.83692190048168e-06,-4.60468399978708e-05
212.666458129883,-7.21915394509652e-17,-4.91814944325597e-06,-3.87987456633709e-05
212.999786376953,8.80237763752302e-17,9.71778376879229e-07,7.66626726544928e-06
213.333114624023,-1.58267014316057e-17,-5.83666451348108e-06,-4.60448100056965e-05
213.666458129883,-7.21992024521599e-17,-4.91793844048516e-06,-3.87970794690773e-05
213.999786376953,8.79433942720247e-17,9.72017573985795e-07,7.66815446695546e-06
214.333114624023,-1.58146676080543e-17,-5.83640758122783e-06,-4.60427800135221e-05
214.666458129883,-7.21125999507481e-17,-4.917726982967e-06,-3.87954132747836e-05
214.999786376953,8.80053401737376e-17,9.72256771092361e-07,7.67004166846164e-06
215.333114624023,-1.58083777266765e-17,-5.83615019422723e-06,-4.60407500213478e-05
215.666458129883,-7.21859212402448e-17,-4.91751598019619e-06,-3.879374708049e-05
215.999786376953,8.80636729505349e-17,9.72495968198928e-07,7.67192886996781e-06
216.333114624023,-1.58370941288219e-17,-5.83589280722663e-06,-4.60387200291734e-05
216.666442871094,-7.22208348795394e-17,-4.91730452267802e-06,-3.87920808861963e-05
216.999786376953,8.80162986624927e-17,9.72735278992332e-07,7.67381607147399e-06
217.333114624023,-1.58360783510296e-17,-5.83563587497338e-06,-4.60366900369991e-05
217.666442871094,-7.21612778754356e-17,-4.91709351990721e-06,-3.87904146919027e-05
217.999786376953,8.8081076830623e-17,9.72974476098898e-07,7.67570327298017e-06
218.333114624023,-1.58462592900089e-17,-5.83537848797278e-06,-4.60346600448247e-05
218.666442871094,-7.21950731665421e-17,-4.91688206238905e-06,-3.8788748497609e-05
218.999786376953,8.80327363956254e-17,9.73213673205464e-07,7.67759047448635e-06
219.333114624023,-1.58096615109872e-17,-5.83512110097217e-06,-4.60326336906292e-05
219.666442871094,-7.21377396239248e-17,-4.91667105961824e-06,-3.87870823033154e-05
219.999786376953,8.80777217860585e-17,9.7345287031203e-07,7.67947767599253e-06
220.333114624023,-1.5790882856721e-17,-5.83486371397157e-06,-4.60306036984548e-05
220.666442871094,-7.21268473096187e-17,-4.91646005684743e-06,-3.87854161090218e-05
220.999786376953,8.80278063991746e-17,9.73692181105434e-07,7.68136487749871e-06
221.333114624023,-1.58155378020587e-17,-5.83460678171832e-06,-4.60285737062804e-05
221.666442871094,-7.21284685836193e-17,-4.91624859932926e-06,-3.87837499147281e-05
221.999771118164,8.81030996872516e-17,9.73931378212001e-07,7.68325207900489e-06
222.333114624023,-1.5818927588209e-17,-5.83434939471772e-06,-4.60265437141061e-05
222.666442871094,-7.21357676253445e-17,-4.91603759655845e-06,-3.87820837204345e-05
222.999771118164,8.80229425771727e-17,9.74170575318567e-07,7.68513928051107e-06
223.333114624023,-1.58149571212687e-17,-5.83409200771712e-06,-4.60245137219317e-05
223.666442871094,-7.21345566329277e-17,-4.91582613904029e-06,-3.87804175261408e-05
223.999771118164,8.80658633247969e-17,9.74409772425133e-07,7.68702648201725e-06
224.333114624023,-1.58115938048981e-17,-5.83383507546387e-06,-4.60224837297574e-05
224.666442871094,-7.21690004336344e-17,-4.91561513626948e-06,-3.87787513318472e-05
224.999771118164,8.80057570727663e-17,9.746489695317e-07,7.68891368352342e-06
225.333114624023,-1.5802479928909e-17,-5.83357768846327e-06,-4.6020453737583e-05
225.666442871094,-7.21546471956454e-17,-4.91540413349867e-06,-3.87770851375535e-05
225.999771118164,8.80709190527008e-17,9.74888280325104e-07,7.6908008850296e-06
226.333114624023,-1.5807793737164e-17,-5.83332030146266e-06,-4.60184273833875e-05
226.666442871094,-7.21349007400625e-17,-4.91519267598051e-06,-3.87754189432599e-05
226.999771118164,8.80738836680162e-17,9.7512747743167e-07,7.69268808653578e-06
227.333099365234,-1.58271398373304e-17,-5.83306291446206e-06,-4.60163973912131e-05
227.666442871094,-7.22025442618347e-17,-4.9149816732097e-06,-3.87737527489662e-05
227.999771118164,8.80953969813875e-17,9.75366674538236e-07,7.69457528804196e-06
228.333099365234,-1.58416982161113e-17,-5.83280598220881e-06,-4.60143673990387e-05
228.666442871094,-7.21796280501445e-17,-4.91477021569153e-06,-3.87720865546726e-05
228.999771118164,8.803143275898e-17,9.75605871644802e-07,7.69646248954814e-06
229.333099365234,-1.58213743884609e-17,-5.83254859520821e-06,-4.60123374068644e-05
229.666442871094,-7.21669225559357e-17,-4.91455921292072e-06,-3.87704203603789e-05
229.999771118164,8.80164574811703e-17,9.75845068751369e-07,7.69834969105432e-06
230.333099365234,-1.58239948966415e-17,-5.83229120820761e-06,-4.601030741469e-05
230.666442871094,-7.21672931328501e-17,-4.91434775540256e-06,-3.87687541660853e-05
230.999771118164,8.7938861322268e-17,9.76084379544773e-07,7.7002368925605e-06
231.333099365234,-1.58433409968079e-17,-5.83203427595436e-06,-4.60082774225157e-05
231.666427612305,-7.21842734964646e-17,-4.91413675263175e-06,-3.87670879717916e-05
231.999771118164,8.80270784802355e-17,9.76323576651339e-07,7.70212409406668e-06
232.333099365234,-1.58459863204068e-17,-5.83177688895375e-06,-4.60062474303413e-05
232.666427612305,-7.22479002291822e-17,-4.91392574986094e-06,-3.8765421777498e-05
232.999771118164,8.80454220374995e-17,9.76562773757905e-07,7.70401129557285e-06
233.333099365234,-1.58646226996076e-17,-5.83151950195315e-06,-4.60042210761458e-05
233.666427612305,-7.22164541310153e-17,-4.91371429234277e-06,-3.87637555832043e-05
233.999771118164,8.80282365330931e-17,9.76801970864472e-07,7.70589849707903e-06
234.333099365234,-1.5833692762143e-17,-5.83126211495255e-06,-4.60021910839714e-05
234.666427612305,-7.21999105187643e-17,-4.91350328957196e-06,-3.87620893889107e-05
234.999771118164,8.7991489861561e-17,9.77041167971038e-07,7.70778569858521e-06
235.333099365234,-1.58398354053719e-17,-5.8310051826993e-06,-4.60001610917971e-05
235.666427612305,-7.2166101992768e-17,-4.9132918320538e-06,-3.8760423194617e-05
235.999771118164,8.80576113710061e-17,9.77280478764442e-07,7.70967290009139e-06
236.333099365234,-1.58161168284875e-17,-5.8307477956987e-06,-4.59981310996227e-05
236.666427612305,-7.21733348600442e-17,-4.91308082928299e-06,-3.87587570003234e-05
236.999755859375,8.80165236556193e-17,9.77519675871008e-07,7.71156010159757e-06
237.333099365234,-1.58103034031425e-17,-5.8304904086981e-06,-4.59961011074483e-05
237.666427612305,-7.21656453890699e-17,-4.91286982651218e-06,-3.87570908060297e-05
237.999755859375,8.80199845793023e-17,9.77758872977574e-07,7.71344730310375e-06
238.333099365234,-1.58063527885369e-17,-5.8302330216975e-06,-4.5994071115274e-05
238.666427612305,-7.21488834011371e-17,-4.91265836899402e-06,-3.87554246117361e-05
238.999755859375,8.79515271118074e-17,9.77998070084141e-07,7.71533450460993e-06
239.333099365234,-1.58613950408574e-17,-5.82997608944424e-06,-4.59920411230996e-05
239.666427612305,-7.21737980811872e-17,-4.9124473662232e-06,-3.87537584174424e-05
239.999755859375,8.80290240090362e-17,9.78237267190707e-07,7.71722170611611e-06
240.333099365234,-1.58076531164599e-17,-5.82971870244364e-06,-4.59900147689041e-05
240.666427612305,-7.2207103681371e-17,-4.91223590870504e-06,-3.87520922231488e-05
240.999755859375,8.80245837035081e-17,9.78476464297273e-07,7.71910890762229e-06
241.333099365234,-1.58267047403282e-17,-5.82946131544304e-06,-4.59879847767297e-05
241.666427612305,-7.21823279676639e-17,-4.91202490593423e-06,-3.87504260288551e-05
241.999755859375,8.80224065641358e-17,9.78715775090677e-07,7.72099610912846e-06
242.333084106445,-1.58376334505812e-17,-5.82920438318979e-06,-4.59859547845554e-05
242.666427612305,-7.2176802401172e-17,-4.91181344841607e-06,-3.87487634725403e-05
242.999755859375,8.80570687405242e-17,9.78954972197243e-07,7.72288331063464e-06
243.333084106445,-1.58310358580155e-17,-5.82894699618919e-06,-4.5983924792381e-05
243.666427612305,-7.22117888323605e-17,-4.91160244564526e-06,-3.87470972782467e-05
243.999755859375,8.80410412889754e-17,9.7919416930381e-07,7.72477051214082e-06
244.333084106445,-1.58426279671198e-17,-5.82868960918859e-06,-4.59818948002066e-05
244.666427612305,-7.22340830042301e-17,-4.91139144287445e-06,-3.8745431083953e-05
244.999755859375,8.79493102677657e-17,9.79433366410376e-07,7.726657713647e-06
245.333084106445,-1.58161035935977e-17,-5.82843222218798e-06,-4.59798648080323e-05
245.666427612305,-7.22340697693403e-17,-4.91117998535628e-06,-3.87437648896594e-05
245.999755859375,8.78849688509989e-17,9.79672563516942e-07,7.72854491515318e-06
246.333084106445,-1.58313303343136e-17,-5.82817528993473e-06,-4.59778348158579e-05
246.666427612305,-7.21745392350161e-17,-4.91096898258547e-06,-3.87420986953657e-05
246.999755859375,8.8023855784569e-17,9.79911874310346e-07,7.73043211665936e-06
247.333084106445,-1.58151242117525e-17,-5.82791790293413e-06,-4.59758048236836e-05
247.666412353516,-7.21915129811856e-17,-4.91075752506731e-06,-3.87404325010721e-05
247.999755859375,8.79909869357486e-17,9.80151071416913e-07,7.73231840867084e-06
248.333084106445,-1.58295287349395e-17,-5.82766051593353e-06,-4.5973778469488e-05
248.666412353516,-7.22227737908953e-17,-4.9105465222965e-06,-3.87387663067784e-05
248.999755859375,8.80210566053761e-17,9.80390268523479e-07,7.73420561017701e-06
249.333084106445,-1.58303625329969e-17,-5.82740358368028e-06,-4.59717484773137e-05
249.666412353516,-7.21918438534307e-17,-4.91033551952569e-06,-3.87371001124848e-05
249.999755859375,8.8030903363388e-17,9.80629465630045e-07,7.73609281168319e-06
250.333084106445,-1.58297189864803e-17,-5.82714619667968e-06,-4.59697184851393e-05
250.666412353516,-7.21423983051347e-17,-4.91012406200753e-06,-3.87354339181911e-05
250.999755859375,8.79948250537908e-17,9.80868662736611e-07,7.73798001318937e-06
251.333084106445,-1.58208913149832e-17,-5.82688880967908e-06,-4.5967688492965e-05
251.666412353516,-7.21302619111873e-17,-4.90991305923671e-06,-3.87337677238975e-05
251.999740600586,8.80085297821796e-17,9.81107859843178e-07,7.73986721469555e-06
252.333084106445,-1.58111785602306e-17,-5.82663142267847e-06,-4.59656585007906e-05
252.666412353516,-7.21901233177566e-17,-4.90970160171855e-06,-3.87321015296038e-05
252.999740600586,8.80172515745584e-17,9.81347170636582e-07,7.74175441620173e-06
253.333084106445,-1.57967508759864e-17,-5.82637449042522e-06,-4.59636285086162e-05
253.666412353516,-7.21308045416692e-17,-4.90949059894774e-06,-3.87304353353102e-05
253.999740600586,8.80214404171803e-17,9.81586367743148e-07,7.74364161770791e-06
254.333084106445,-1.57978874221481e-17,-5.82611710342462e-06,-4.59615985164419e-05
254.666412353516,-7.22057007830522e-17,-4.90927914142958e-06,-3.87287691410165e-05
254.999740600586,8.80211360147149e-17,9.81825564849714e-07,7.74552881921409e-06
255.333084106445,-1.5833942570688e-17,-5.82585971642402e-06,-4.59595721622463e-05
255.666412353516,-7.22053302061377e-17,-4.90906813865877e-06,-3.87271029467229e-05
255.999740600586,8.80771262160174e-17,9.82064761956281e-07,7.74741602072027e-06
256.333068847656,-1.58453196128331e-17,-5.82560278417077e-06,-4.5957542170072e-05
256.666412353516,-7.2216407808901e-17,-4.90885713588796e-06,-3.87254367524292e-05
256.999755859375,8.79827085121782e-17,9.82303959062847e-07,7.74930322222644e-06
257.333068847656,-1.58115689894797e-17,-5.82534539717017e-06,-4.59555121778976e-05
257.666412353516,-7.22061706216401e-17,-4.90864567836979e-06,-3.87237705581356e-05
257.999755859375,8.7978532904446e-17,9.82543156169413e-07,7.75119042373262e-06
258.333068847656,-1.58472155107971e-17,-5.82508801016957e-06,-4.59534821857233e-05
258.666412353516,-7.22314161739352e-17,-4.90843467559898e-06,-3.87221043638419e-05
258.999755859375,8.79062637886885e-17,9.82782353275979e-07,7.7530776252388e-06
259.333068847656,-1.58124325660392e-17,-5.82483062316896e-06,-4.59514521935489e-05
259.666412353516,-7.21314861384939e-17,-4.90822321808082e-06,-3.87204381695483e-05
259.999725341797,8.80512453890119e-17,9.83021664069383e-07,7.75496482674498e-06
260.333068847656,-1.57931410597932e-17,-5.82457369091571e-06,-4.59494222013745e-05
260.666412353516,-7.2157995622765e-17,-4.90801221531001e-06,-3.87187719752546e-05
260.999725341797,8.80126127456832e-17,9.8326086117595e-07,7.75685202825116e-06
261.333068847656,-1.57978841134256e-17,-5.82431630391511e-06,-4.59473922092002e-05
261.666412353516,-7.2224315655557e-17,-4.90780075779185e-06,-3.8717105780961e-05
261.999725341797,8.8036217171643e-17,9.83500058282516e-07,7.75873922975734e-06
262.333068847656,-1.58063941475676e-17,-5.82405891691451e-06,-4.59453658550046e-05
262.666412353516,-7.21826456050191e-17,-4.90758975502104e-06,-3.87154395866673e-05
262.999725341797,8.80154053074312e-17,9.83739255389082e-07,7.76062643126352e-06
263.333068847656,-1.57772691181996e-17,-5.82380152991391e-06,-4.59433358628303e-05
263.666412353516,-7.21820897396474e-17,-4.90737875225022e-06,-3.87137733923737e-05
263.999725341797,8.80506034968565e-17,9.83978452495649e-07,7.76251272327499e-06
264.333068847656,-1.58179085016943e-17,-5.82354459766066e-06,-4.59413058706559e-05
264.666412353516,-7.21810441833532e-17,-4.90716729473206e-06,-3.871210719808e-05
264.999725341797,8.80815665215456e-17,9.84217649602215e-07,7.76439992478117e-06
265.333068847656,-1.58231958401697e-17,-5.82328721066006e-06,-4.59392758784816e-05
265.666412353516,-7.2149353239725e-17,-4.90695629196125e-06,-3.87104410037864e-05
265.999725341797,8.79475831146467e-17,9.84456960395619e-07,7.76628712628735e-06
266.333068847656,-1.58270174145997e-17,-5.82302982365945e-06,-4.59372458863072e-05
266.666412353516,-7.21836580740888e-17,-4.90674483444309e-06,-3.87087748094928e-05
266.999725341797,8.80091981441146e-17,9.84696157502185e-07,7.76817432779353e-06
267.333068847656,-1.58362752200154e-17,-5.8227728914062e-06,-4.59352158941329e-05
267.666412353516,-7.2198467915776e-17,-4.90653383167228e-06,-3.87071086151991e-05
267.999725341797,8.80415706845674e-17,9.84935354608751e-07,7.77006152929971e-06
268.333068847656,-1.58292292955577e-17,-5.8225155044056e-06,-4.59331859019585e-05
268.666412353516,-7.22067132521219e-17,-4.90632282890147e-06,-3.87054424209055e-05
268.999725341797,8.79905038622709e-17,9.85174551715318e-07,7.77194873080589e-06
269.333068847656,-1.58083826897601e-17,-5.822258117405e-06,-4.59311559097841e-05
269.666381835938,-7.21717003511538e-17,-4.9061113713833e-06,-3.87037762266118e-05
269.999725341797,8.80919492925944e-17,9.85413748821884e-07,7.77383593231207e-06
270.333068847656,-1.58144211082318e-17,-5.8220007304044e-06,-4.59291295555886e-05
270.666381835938,-7.21868873872003e-17,-4.90590036861249e-06,-3.87021100323182e-05
270.999725341797,8.79903251912586e-17,9.8565294592845e-07,7.77572313381825e-06
271.333068847656,-1.58083032804213e-17,-5.82174379815115e-06,-4.59270995634142e-05
271.666381835938,-7.21965356218651e-17,-4.90568891109433e-06,-3.87004438380245e-05
271.999725341797,8.79601099378432e-17,9.85892143035016e-07,7.77761033532443e-06
272.333068847656,-1.58400322743576e-17,-5.82148641115054e-06,-4.59250695712399e-05
272.666381835938,-7.22391652019136e-17,-4.90547790832352e-06,-3.86987776437309e-05
272.999725341797,8.79752572692203e-17,9.86131340141583e-07,7.7794975368306e-06
273.333068847656,-1.58524581815194e-17,-5.82122902414994e-06,-4.59230395790655e-05
273.666381835938,-7.21736061752851e-17,-4.90526645080536e-06,-3.86971114494372e-05
273.999725341797,8.7978334381099e-17,9.86370650934987e-07,7.78138473833678e-06
274.333068847656,-1.58459896291293e-17,-5.82097209189669e-06,-4.59210095868912e-05
274.666381835938,-7.21961915147302e-17,-4.90505544803455e-06,-3.86954452551436e-05
274.999725341797,8.79466765246954e-17,9.86609848041553e-07,7.78327193984296e-06
275.333068847656,-1.58444030967144e-17,-5.82071470489609e-06,-4.59189795947168e-05
275.666381835938,-7.22462061632877e-17,-4.90484444526373e-06,-3.86937790608499e-05
275.999725341797,8.7940654649836e-17,9.86849045148119e-07,7.78515823185444e-06
276.333068847656,-1.58492636099937e-17,-5.82045731789549e-06,-4.59169496025424e-05
276.666381835938,-7.22066933997872e-17,-4.90463298774557e-06,-3.86921165045351e-05
276.999725341797,8.79656024171106e-17,9.87088242254686e-07,7.78704543336062e-06
277.333068847656,-1.58750187055462e-17,-5.82019993089489e-06,-4.59149232483469e-05
277.666381835938,-7.22296956382611e-17,-4.90442198497476e-06,-3.86904503102414e-05
277.999725341797,8.79615591582764e-17,9.87327439361252e-07,7.7889326348668e-06
278.333068847656,-1.58543937841528e-17,-5.81994299864164e-06,-4.59128932561725e-05
278.666381835938,-7.22503553012402e-17,-4.9042105274566e-06,-3.86887841159478e-05
278.999725341797,8.79976176155388e-17,9.87566636467818e-07,7.79081983637298e-06
279.333068847656,-1.58483553656812e-17,-5.81968561164103e-06,-4.59108632639982e-05
279.666381835938,-7.22291000682201e-17,-4.90399952468579e-06,-3.86871179216541e-05
279.999725341797,8.79942030139702e-17,9.87805833574384e-07,7.79270703787915e-06
280.333038330078,-1.58411158809601e-17,-5.81942822464043e-06,-4.59088332718238e-05
280.666381835938,-7.22357572177899e-17,-4.90378806716762e-06,-3.86854517273605e-05
280.999725341797,8.80236307914424e-17,9.88045144367788e-07,7.79459423938533e-06
281.333038330078,-1.5870049004426e-17,-5.81917083763983e-06,-4.59068032796495e-05
281.666381835938,-7.22392247589177e-17,-4.90357706439681e-06,-3.86837855330668e-05
281.999725341797,8.79178509347091e-17,9.88284341474355e-07,7.79648144089151e-06
282.333038330078,-1.58251976172521e-17,-5.81891390538658e-06,-4.59047732874751e-05
282.666381835938,-7.22360285330308e-17,-4.903366061626e-06,-3.86821193387732e-05
282.999725341797,8.80226646444869e-17,9.88523538580921e-07,7.79836864239769e-06
283.333038330078,-1.58275104142448e-17,-5.81865651838598e-06,-4.59027432953008e-05
283.666381835938,-7.22521353939184e-17,-4.90315460410784e-06,-3.86804531444795e-05
283.999725341797,8.79612679907008e-17,9.88762735687487e-07,7.80025584390387e-06
284.333038330078,-1.58060285337368e-17,-5.81839913138538e-06,-4.59007133031264e-05
284.666381835938,-7.2192948966729e-17,-4.90294360133703e-06,-3.86787869501859e-05
284.999725341797,8.8035952473847e-17,9.89001932794054e-07,7.80214304541005e-06
285.333038330078,-1.5819074826358e-17,-5.81814219913213e-06,-4.58986869489308e-05
285.666381835938,-7.22504942675831e-17,-4.90273214381887e-06,-3.86771207558922e-05
285.999725341797,8.80775828197155e-17,9.8924112990062e-07,7.80402933742153e-06
286.333038330078,-1.58356961935866e-17,-5.81788481213152e-06,-4.58966569567565e-05
286.666381835938,-7.22143034614227e-17,-4.90252114104806e-06,-3.86754545615986e-05
286.999725341797,8.79467228468097e-17,9.89480327007186e-07,7.8059165389277e-06
287.333038330078,-1.58330674136e-17,-5.81762742513092e-06,-4.58946269645821e-05
287.666381835938,-7.22420768776698e-17,-4.90230968352989e-06,-3.8673788367305e-05
287.999725341797,8.79640009954447e-17,9.89719524113752e-07,7.80780374043388e-06
288.333038330078,-1.58511363469006e-17,-5.81737003813032e-06,-4.58925969724078e-05
288.666381835938,-7.21878601516006e-17,-4.90209868075908e-06,-3.86721221730113e-05
288.999725341797,8.79173877135661e-17,9.89958721220319e-07,7.80969094194006e-06
289.333038330078,-1.58166975092775e-17,-5.81711310587707e-06,-4.58905669802334e-05
289.666381835938,-7.22005656458094e-17,-4.90188767798827e-06,-3.86704559787177e-05
289.999694824219,8.80235646169934e-17,9.90198032013723e-07,7.81157814344624e-06
290.333038330078,-1.58070757443923e-17,-5.81685571887647e-06,-4.58885369880591e-05
290.666381835938,-7.21633425182445e-17,-4.90167622047011e-06,-3.8668789784424e-05
290.999694824219,8.80580745921491e-17,9.90437229120289e-07,7.81346534495242e-06
291.333038330078,-1.58094315547769e-17,-5.81659833187587e-06,-4.58865069958847e-05
291.666381835938,-7.2206971332473e-17,-4.9014652176993e-06,-3.86671235901304e-05
291.999694824219,8.79975580585347e-17,9.90676426226855e-07,7.8153525464586e-06
292.333038330078,-1.57956887760799e-17,-5.81634094487526e-06,-4.58844770037103e-05
292.666381835938,-7.22168445602645e-17,-4.90125376018113e-06,-3.86654573958367e-05
292.999694824219,8.79328990044127e-17,9.90915623333422e-07,7.81723974796478e-06
293.333038330078,-1.57807465854947e-17,-5.81608401262201e-06,-4.58824506495148e-05
293.666381835938,-7.22311713284739e-17,-4.90104275741032e-06,-3.86637912015431e-05
293.999694824219,8.79832577601049e-17,9.91154820439988e-07,7.81912603997625e-06
294.333038330078,-1.57700743012316e-17,-5.81582662562141e-06,-4.58804206573404e-05
294.666381835938,-7.21698011444674e-17,-4.90083175463951e-06,-3.86621250072494e-05
294.999694824219,8.80103892841966e-17,9.91394017546554e-07,7.82101324148243e-06
295.333038330078,-1.57914023261457e-17,-5.81556923862081e-06,-4.58783906651661e-05
295.666381835938,-7.21981238086412e-17,-4.90062029712135e-06,-3.86604588129558e-05
295.999694824219,8.79111805502495e-17,9.9163321465312e-07,7.82290044298861e-06
296.333038330078,-1.5783606976053e-17,-5.81531230636756e-06,-4.58763606729917e-05
296.666381835938,-7.22272339487581e-17,-4.90040929435054e-06,-3.86587926186621e-05
296.999694824219,8.8006312938138e-17,9.91872411759687e-07,7.82478764449479e-06
297.333038330078,-1.58161184828487e-17,-5.81505491936696e-06,-4.58743306808174e-05
297.666381835938,-7.21961253402812e-17,-4.90019783683238e-06,-3.86571264243685e-05
297.999694824219,8.80142009324593e-17,9.92111608866253e-07,7.82667484600097e-06
298.333038330078,-1.57900374781349e-17,-5.81479753236636e-06,-4.5872300688643e-05
298.666381835938,-7.21645865978858e-17,-4.89998683406156e-06,-3.86554602300748e-05
298.999694824219,8.80350723536752e-17,9.92350805972819e-07,7.82856204750715e-06
299.333038330078,-1.58060947081858e-17,-5.81454014536575e-06,-4.58702706964687e-05
299.666381835938,-7.21680144343442e-17,-4.8997753765434e-06,-3.86537940357812e-05
299.999694824219,8.79726566133744e-17,9.92590116766223e-07,7.83044924901333e-06
300.333038330078,-1.57913692389212e-17,-5.8142832131125e-06,-4.58682407042943e-05
300.666351318359,-7.2194345247603e-17,-4.89956437377259e-06,-3.86521278414875e-05
300.999694824219,8.79852032889056e-17,9.92829313872789e-07,7.83233645051951e-06
301.333038330078,-1.58045511891628e-17,-5.8140258261119e-06,-4.58662143500987e-05
301.666351318359,-7.22159247354233e-17,-4.89935337100178e-06,-3.86504616471939e-05
301.999694824219,8.79998609293601e-17,9.93068510979356e-07,7.83422274253098e-06
302.333038330078,-1.58166544958857e-17,-5.8137684391113e-06,-4.58641843579244e-05
302.666351318359,-7.2226512647264e-17,-4.89914191348362e-06,-3.86487954529002e-05
302.999694824219,8.79869304420246e-17,9.93307708085922e-07,7.83610994403716e-06
303.333038330078,-1.5801899248119e-17,-5.8135110521107e-06,-4.586215436575e-05
303.666351318359,-7.21925320677003e-17,-4.89893091071281e-06,-3.86471292586066e-05
303.999694824219,8.79417465282445e-17,9.93546905192488e-07,7.83799714554334e-06
304.333038330078,-1.57746585361864e-17,-5.81325411985745e-06,-4.58601243735757e-05
304.666351318359,-7.21712702172352e-17,-4.89871945319464e-06,-3.86454630643129e-05
304.999694824219,8.79619495875255e-17,9.93786102299055e-07,7.83988434704952e-06
305.333038330078,-1.57769746419015e-17,-5.81299673285685e-06,-4.58580943814013e-05
305.666351318359,-7.22043905289619e-17,-4.89850845042383e-06,-3.86437968700193e-05
305.999694824219,8.80019652768384e-17,9.94025299405621e-07,7.8417715485557e-06
306.333038330078,-1.57866212222051e-17,-5.81273934585624e-06,-4.5856064389227e-05
306.666351318359,-7.22014192962016e-17,-4.89829699290567e-06,-3.86421306757256e-05
306.999694824219,8.80199779618574e-17,9.94264496512187e-07,7.84365875006188e-06
307.333038330078,-1.57727477489714e-17,-5.81248195885564e-06,-4.58540343970526e-05
307.666351318359,-7.22686591538348e-17,-4.89808599013486e-06,-3.8640464481432e-05
307.999694824219,8.80251991258838e-17,9.94503693618753e-07,7.84554595156806e-06
308.333038330078,-1.577500098896e-17,-5.81222502660239e-06,-4.58520044048782e-05
308.666351318359,-7.21978921980697e-17,-4.89787498736405e-06,-3.86387982871383e-05
308.999694824219,8.8016080286811e-17,9.9474289072532e-07,7.84743315307423e-06
309.333038330078,-1.57798912807414e-17,-5.81196763960179e-06,-4.58499780506827e-05
309.666351318359,-7.22268501369539e-17,-4.89766352984589e-06,-3.86371320928447e-05
309.999694824219,8.79734639416523e-17,9.94982087831886e-07,7.84931944508571e-06
310.3330078125,-1.57848841429187e-17,-5.81171025260119e-06,-4.58479480585083e-05
310.666351318359,-7.22232171597036e-17,-4.89745252707507e-06,-3.8635465898551e-05
310.999694824219,8.80022895316385e-17,9.9522139862529e-07,7.85120664659189e-06
311.3330078125,-1.57911756786578e-17,-5.81145332034794e-06,-4.5845918066334e-05
311.666351318359,-7.21500811586641e-17,-4.89724106955691e-06,-3.86337997042574e-05
311.999694824219,8.79700162528592e-17,9.95460595731856e-07,7.85309384809807e-06
312.3330078125,-1.57726551047428e-17,-5.81119593334734e-06,-4.58438880741596e-05
312.666351318359,-7.22332955282869e-17,-4.8970300667861e-06,-3.86321335099638e-05
312.999694824219,8.80656978886744e-17,9.95699792838423e-07,7.85498104960425e-06
313.3330078125,-1.57695167814987e-17,-5.81093854634673e-06,-4.58418580819853e-05
313.666351318359,-7.22079639492081e-17,-4.89681860926794e-06,-3.86304673156701e-05
313.999694824219,8.80678816454915e-17,9.95938989944989e-07,7.85686825111043e-06
314.3330078125,-1.57756246831418e-17,-5.81068115934613e-06,-4.58398280898109e-05
314.666351318359,-7.22037684891412e-17,-4.89660760649713e-06,-3.86288011213765e-05
314.999694824219,8.79913244254385e-17,9.96178187051555e-07,7.85875545261661e-06
315.3330078125,-1.57389061357506e-17,-5.81042422709288e-06,-4.58377980976366e-05
315.666351318359,-7.22182143713589e-17,-4.89639660372632e-06,-3.86271349270828e-05
315.999694824219,8.80579885653654e-17,9.96417384158121e-07,7.86064174462808e-06
316.3330078125,-1.57562769286142e-17,-5.81016684009228e-06,-4.58357681054622e-05
316.666351318359,-7.21786817555237e-17,-4.89618514620815e-06,-3.86254687327892e-05
316.999694824219,8.80218308464295e-17,9.96656581264688e-07,7.86252894613426e-06
317.3330078125,-1.57540931717971e-17,-5.80990945309168e-06,-4.58337417512666e-05
317.666351318359,-7.21760215426738e-17,-4.89597414343734e-06,-3.86238025384955e-05
317.999694824219,8.79770241270087e-17,9.96895778371254e-07,7.86441614764044e-06
318.3330078125,-1.57490060110299e-17,-5.80965206609108e-06,-4.58317117590923e-05
318.666351318359,-7.21799390700548e-17,-4.89576268591918e-06,-3.86221399821807e-05
318.999694824219,8.80363164333165e-17,9.9713497547782e-07,7.86630334914662e-06
319.3330078125,-1.5755113912673e-17,-5.80939513383782e-06,-4.58296817669179e-05
319.666351318359,-7.21992355393844e-17,-4.89555168314837e-06,-3.8620473787887e-05
319.999694824219,8.80344569312995e-17,9.97374172584387e-07,7.8681905506528e-06
320.3330078125,-1.57330728580709e-17,-5.80913774683722e-06,-4.58276517747436e-05
320.666351318359,-7.22247325545858e-17,-4.89534022563021e-06,-3.86188075935934e-05
320.999664306641,8.8063130320053e-17,9.97613369690953e-07,7.87007775215898e-06
321.3330078125,-1.57446021014486e-17,-5.80888035983662e-06,-4.58256217825692e-05
321.666351318359,-7.21652549598208e-17,-4.8951292228594e-06,-3.86171413992997e-05
321.999664306641,8.80434765086988e-17,9.97852566797519e-07,7.87196495366516e-06
322.3330078125,-1.57272528152809e-17,-5.80862297283602e-06,-4.58235917903949e-05
322.666351318359,-7.21805478749856e-17,-4.89491822008858e-06,-3.86154752050061e-05
322.999664306641,8.80173640711217e-17,9.98091763904085e-07,7.87385124567663e-06
323.3330078125,-1.57357529232555e-17,-5.80836604058277e-06,-4.58215617982205e-05
323.666351318359,-7.21566522814502e-17,-4.89470676257042e-06,-3.86138090107124e-05
323.999664306641,8.80456999701853e-17,9.98330961010652e-07,7.87573844718281e-06
324.3330078125,-1.57128549095388e-17,-5.80810865358217e-06,-4.58195318060461e-05
324.666351318359,-7.20971283645709e-17,-4.89449575979961e-06,-3.86121428164188e-05
324.999664306641,8.80590341216597e-17,9.98570158117218e-07,7.87762564868899e-06
325.3330078125,-1.57186335932981e-17,-5.80785126658157e-06,-4.58175054518506e-05
325.666351318359,-7.21919298802144e-17,-4.89428430228145e-06,-3.86104766221251e-05
325.999664306641,8.80803158244594e-17,9.98809468910622e-07,7.87951285019517e-06
326.3330078125,-1.57030693628923e-17,-5.80759433432831e-06,-4.58154754596762e-05
326.666351318359,-7.21199122273631e-17,-4.89407329951064e-06,-3.86088104278315e-05
326.999664306641,8.80211624844945e-17,9.99048666017188e-07,7.88140005170135e-06
327.3330078125,-1.57148120188681e-17,-5.80733694732771e-06,-4.58134454675019e-05
327.666351318359,-7.21585514881366e-17,-4.89386184199248e-06,-3.86071442335378e-05
327.999664306641,8.80730234001792e-17,9.99287863123755e-07,7.88328725320753e-06
328.3330078125,-1.56797577588694e-17,-5.80707956032711e-06,-4.58114154753275e-05
328.666351318359,-7.21212092465635e-17,-4.89365083922166e-06,-3.86054780392442e-05
328.999664306641,8.80521453615183e-17,9.99527060230321e-07,7.885173545219e-06
329.3330078125,-1.56762620936007e-17,-5.80682217332651e-06,-4.58093854831532e-05
329.666351318359,-7.21392947234764e-17,-4.89343983645085e-06,-3.86038118449505e-05
329.999664306641,8.80433441598008e-17,9.99766257336887e-07,7.88706074672518e-06
330.3330078125,-1.57123354401142e-17,-5.80656524107326e-06,-4.58073554909788e-05
330.666320800781,-7.21376337448064e-17,-4.89322837893269e-06,-3.86021456506569e-05
330.999664306641,8.80946889147831e-17,1.00000545444345e-06,7.88894794823136e-06
331.3330078125,-1.56909495125572e-17,-5.80630785407266e-06,-4.58053254988045e-05
331.666320800781,-7.21368925909775e-17,-4.89301737616188e-06,-3.86004794563632e-05
331.999664306641,8.80992483343195e-17,1.00024465155002e-06,7.89083514973754e-06
332.3330078125,-1.56486259893353e-17,-5.80605046707205e-06,-4.58032955066301e-05
332.666320800781,-7.21065052839948e-17,-4.89280591864372e-06,-3.85988132620696e-05
332.999664306641,8.80487704646191e-17,1.00048384865659e-06,7.89272235124372e-06
333.3330078125,-1.56765119021457e-17,-5.80579308007145e-06,-4.58012691524345e-05
333.666320800781,-7.20800950613972e-17,-4.89259491587291e-06,-3.85971470677759e-05
333.999664306641,8.81073679392124e-17,1.00072304576315e-06,7.8946095527499e-06
334.3330078125,-1.56711352281641e-17,-5.8055361478182e-06,-4.57992391602602e-05
334.666320800781,-7.20678197011069e-17,-4.89238345835474e-06,-3.85954808734823e-05
334.999664306641,8.80985998247193e-17,1.00096224286972e-06,7.89649584476138e-06
335.3330078125,-1.56423741582657e-17,-5.8052787608176e-06,-4.57972091680858e-05
335.666320800781,-7.21031370045405e-17,-4.89217245558393e-06,-3.85938146791887e-05
335.999664306641,8.80833267618891e-17,1.00120143997628e-06,7.89838304626755e-06
336.3330078125,-1.56533806234963e-17,-5.805021373817e-06,-4.57951791759115e-05
336.666320800781,-7.21262649744675e-17,-4.89196099806577e-06,-3.8592148484895e-05
336.999664306641,8.81187631793309e-17,1.00144063708285e-06,7.90027024777373e-06
337.3330078125,-1.56480668152412e-17,-5.8047639868164e-06,-4.57931491837371e-05
337.666320800781,-7.20733518850437e-17,-4.89174999529496e-06,-3.85904822906014e-05
337.999664306641,8.81156860674522e-17,1.00167983418942e-06,7.90215744927991e-06
338.3330078125,-1.56348765931935e-17,-5.80450705456315e-06,-4.57911191915628e-05
338.666320800781,-7.211346683603e-17,-4.89153899252415e-06,-3.85888160963077e-05
338.999664306641,8.80920617891577e-17,1.00191903129598e-06,7.90404465078609e-06
339.3330078125,-1.56366484140656e-17,-5.80424966756254e-06,-4.57890891993884e-05
339.666320800781,-7.20640146702892e-17,-4.89132753500598e-06,-3.85871499020141e-05
339.999664306641,8.80737777888978e-17,1.00215822840255e-06,7.90593094279757e-06
340.3330078125,-1.56425346313045e-17,-5.80399228056194e-06,-4.5787059207214e-05
340.666320800781,-7.212709215508e-17,-4.89111653223517e-06,-3.85854837077204e-05
340.999664306641,8.81524856785434e-17,1.00239742550912e-06,7.90781814430375e-06
341.332977294922,-1.56145064434287e-17,-5.80373489356134e-06,-4.57850292150397e-05
341.666320800781,-7.21171527528396e-17,-4.89090507471701e-06,-3.85838175134268e-05
341.999664306641,8.8127524676379e-17,1.00263662261568e-06,7.90970534580993e-06
342.332977294922,-1.56413881589755e-17,-5.80347796130809e-06,-4.57830028608441e-05
342.666320800781,-7.21193431271016e-17,-4.8906940719462e-06,-3.85821513191331e-05
342.999664306641,8.81152162288643e-17,1.00287581972225e-06,7.9115925473161e-06
343.332977294922,-1.56344315700239e-17,-5.80322057430749e-06,-4.57809728686698e-05
343.666320800781,-7.20794862564664e-17,-4.89048261442804e-06,-3.85804851248395e-05
343.999664306641,8.81240769875859e-17,1.00311501682881e-06,7.91347974882228e-06
344.332977294922,-1.56397387608341e-17,-5.80296318730689e-06,-4.57789428764954e-05
344.666320800781,-7.20682167478009e-17,-4.89027161165723e-06,-3.85788189305458e-05
344.999664306641,8.81366832201212e-17,1.00335421393538e-06,7.91536604083376e-06
345.332977294922,-1.563917958674e-17,-5.80270580030628e-06,-4.57769128843211e-05
345.666320800781,-7.20810612083527e-17,-4.89006060888642e-06,-3.85771527362522e-05
345.999664306641,8.81271408645748e-17,1.00359341104195e-06,7.91725324233994e-06
346.332977294922,-1.56106666710253e-17,-5.80244886805303e-06,-4.57748828921467e-05
346.666320800781,-7.20849985880684e-17,-4.88984915136825e-06,-3.85754865419585e-05
346.999664306641,8.81442800468669e-17,1.00383260814851e-06,7.91914044384612e-06
347.332977294922,-1.561292818282e-17,-5.80219148105243e-06,-4.57728528999723e-05
347.666320800781,-7.20448505498575e-17,-4.88963814859744e-06,-3.85738203476649e-05
347.999664306641,8.81410441163106e-17,1.00407180525508e-06,7.9210276453523e-06
348.332977294922,-1.56114342946337e-17,-5.80193409405183e-06,-4.5770822907798e-05
348.666320800781,-7.2071803402937e-17,-4.88942669107928e-06,-3.85721541533712e-05
348.999664306641,8.81383309639014e-17,1.00431100236165e-06,7.92291484685848e-06
349.332977294922,-1.56018009492199e-17,-5.80167716179858e-06,-4.57687929156236e-05
349.666320800781,-7.20892734574741e-17,-4.88921568830847e-06,-3.85704879590776e-05
349.999664306641,8.81631331473882e-17,1.00455019946821e-06,7.92480113886995e-06
350.332977294922,-1.56009009767135e-17,-5.80141977479798e-06,-4.57667665614281e-05
350.666320800781,-7.20776730765636e-17,-4.88900423079031e-06,-3.85688217647839e-05
350.999633789062,8.81852751180251e-17,1.00478939657478e-06,7.92668834037613e-06
351.332977294922,-1.56036803035716e-17,-5.80116238779738e-06,-4.57647365692537e-05
351.666320800781,-7.20530561815341e-17,-4.88879322801949e-06,-3.85671555704903e-05
351.999633789062,8.81995489466753e-17,1.00502870736818e-06,7.92857554188231e-06
352.332977294922,-1.55783106741846e-17,-5.80090500079677e-06,-4.57627065770794e-05
352.666320800781,-7.20959504593786e-17,-4.88858222524868e-06,-3.85654893761966e-05
352.999633789062,8.81722056643467e-17,1.00526790447475e-06,7.93046274338849e-06
353.332977294922,-1.56113416504051e-17,-5.80064806854352e-06,-4.5760676584905e-05
353.666320800781,-7.21012047106296e-17,-4.88837076773052e-06,-3.8563823181903e-05
353.999633789062,8.81457226498552e-17,1.00550710158132e-06,7.93234994489467e-06
354.332977294922,-1.55829743184782e-17,-5.80039068154292e-06,-4.57586465927307e-05
354.666320800781,-7.20608846188513e-17,-4.88815976495971e-06,-3.85621569876093e-05
354.999633789062,8.80671140218831e-17,1.00574629868788e-06,7.93423623690614e-06
355.332977294922,-1.55948691756867e-17,-5.80013329454232e-06,-4.57566166005563e-05
355.666320800781,-7.20419454915463e-17,-4.88794830744155e-06,-3.85604907933157e-05
355.999633789062,8.81437307989402e-17,1.00598549579445e-06,7.93612343841232e-06
356.332977294922,-1.56054058023294e-17,-5.79987590754172e-06,-4.57545866083819e-05
356.666320800781,-7.20406286200111e-17,-4.88773730467074e-06,-3.8558824599022e-05
356.999633789062,8.82108978646795e-17,1.00622469290101e-06,7.9380106399185e-06
357.332977294922,-1.56121092740136e-17,-5.79961897528847e-06,-4.57525566162076e-05
357.666320800781,-7.20676674998742e-17,-4.88752584715257e-06,-3.85571584047284e-05
357.999633789062,8.81247585844107e-17,1.00646389000758e-06,7.93989784142468e-06
358.332977294922,-1.56292087516363e-17,-5.79936158828787e-06,-4.57505266240332e-05
358.666320800781,-7.20689579016298e-17,-4.88731484438176e-06,-3.85554922104347e-05
358.999633789062,8.81602413239667e-17,1.00670308711415e-06,7.94178504293086e-06
359.332977294922,-1.55821851881738e-17,-5.79910420128726e-06,-4.57485002698377e-05
359.666320800781,-7.19986541670077e-17,-4.88710384161095e-06,-3.85538260161411e-05
359.999633789062,8.81360810326353e-17,1.00694228422071e-06,7.94367133494234e-06
360.332977294922,-1.55793297606993e-17,-5.79884681428666e-06,-4.57464702776633e-05
360.666320800781,-7.20623801613988e-17,-4.88689238409279e-06,-3.85521598218475e-05
360.999633789062,8.81289143398081e-17,1.00718148132728e-06,7.94555853644852e-06
361.332977294922,-1.55881475060291e-17,-5.79858988203341e-06,-4.5744440285489e-05
361.666290283203,-7.20971085122362e-17,-4.88668138132198e-06,-3.85504936275538e-05
361.999633789062,8.82262900415179e-17,1.00742067843385e-06,7.94744573795469e-06
362.332977294922,-1.5577041779125e-17,-5.79833249503281e-06,-4.57424102933146e-05
362.666290283203,-7.20744239111175e-17,-4.88646992380382e-06,-3.85488274332602e-05
362.999633789062,8.81685065126474e-17,1.00765987554041e-06,7.94933293946087e-06
363.332977294922,-1.5574601596318e-17,-5.79807510803221e-06,-4.57403803011402e-05
363.666290283203,-7.20608581490717e-17,-4.886258921033e-06,-3.85471612389665e-05
363.999633789062,8.81805105576967e-17,1.00789907264698e-06,7.95122014096705e-06
364.332977294922,-1.55601060832636e-17,-5.79781772103161e-06,-4.57383503089659e-05
364.666290283203,-7.20607919746227e-17,-4.88604746351484e-06,-3.85454950446729e-05
364.999633789062,8.82304193271357e-17,1.00813826975354e-06,7.95310643297853e-06
365.332977294922,-1.5564466979453e-17,-5.79756078877836e-06,-4.57363203167915e-05
365.666290283203,-7.20417138809747e-17,-4.88583646074403e-06,-3.85438288503792e-05
365.999633789062,8.81919455024847e-17,1.00837746686011e-06,7.95499363448471e-06
366.332977294922,-1.55428577131306e-17,-5.79730340177775e-06,-4.57342903246172e-05
366.666290283203,-7.20249717453767e-17,-4.88562500322587e-06,-3.85421626560856e-05
366.999633789062,8.82056965529878e-17,1.00861666396668e-06,7.95688083599089e-06
367.332977294922,-1.55459844558461e-17,-5.79704601477715e-06,-4.57322603324428e-05
367.666290283203,-7.20160712819856e-17,-4.88541400045506e-06,-3.85404964617919e-05
367.999633789062,8.82128301585904e-17,1.00885586107324e-06,7.95876803749707e-06
368.332977294922,-1.5556258039054e-17,-5.79678862777655e-06,-4.57302339782473e-05
368.666290283203,-7.20279231258023e-17,-4.88520299768425e-06,-3.85388302674983e-05
368.999633789062,8.8132845102079e-17,1.00909505817981e-06,7.96065432950854e-06
369.332977294922,-1.55552372981781e-17,-5.7965316955233e-06,-4.57282039860729e-05
369.666290283203,-7.20680380767886e-17,-4.88499154016608e-06,-3.85371640732046e-05
369.999633789062,8.81874257876177e-17,1.00933425528638e-06,7.96254153101472e-06
370.332977294922,-1.55784446774439e-17,-5.7962743085227e-06,-4.57261739938986e-05
370.666290283203,-7.20385375074225e-17,-4.88478053739527e-06,-3.8535497878911e-05
370.999633789062,8.81311708885192e-17,1.00957345239294e-06,7.9644287325209e-06
371.332946777344,-1.55448429466008e-17,-5.7960169215221e-06,-4.57241440017242e-05
371.666290283203,-7.20488276342427e-17,-4.88456907987711e-06,-3.85338316846173e-05
371.999633789062,8.81027555801168e-17,1.00981264949951e-06,7.96631593402708e-06
372.332946777344,-1.55452978959377e-17,-5.79575953452149e-06,-4.57221140095498e-05
372.666290283203,-7.20584295467932e-17,-4.8843580771063e-06,-3.85321654903237e-05
372.999633789062,8.82372088256036e-17,1.01005184660607e-06,7.96820222603856e-06
373.332946777344,-1.55583739670609e-17,-5.79550260226824e-06,-4.57200840173755e-05
373.666290283203,-7.20952026881049e-17,-4.88414661958814e-06,-3.853049929603e-05
373.999633789062,8.8123276276753e-17,1.01029104371264e-06,7.97008942754474e-06
374.332946777344,-1.55769590610637e-17,-5.79524521526764e-06,-4.57180540252011e-05
374.666290283203,-7.20590846738384e-17,-4.88393561681733e-06,-3.85288331017364e-05
374.999633789062,8.82186733624375e-17,1.01053024081921e-06,7.97197662905091e-06
375.332946777344,-1.55593748556021e-17,-5.79498782826704e-06,-4.57160240330268e-05
375.666290283203,-7.20567354808987e-17,-4.88372461404651e-06,-3.85271669074427e-05
375.999633789062,8.81967365325926e-17,1.01076943792577e-06,7.97386383055709e-06
376.332946777344,-1.55479332933692e-17,-5.79473044126644e-06,-4.57139940408524e-05
376.666290283203,-7.20136095924826e-17,-4.88351315652835e-06,-3.85255007131491e-05
376.999633789062,8.81734828312125e-17,1.01100863503234e-06,7.97575103206327e-06
377.332946777344,-1.55484858500184e-17,-5.79447350901319e-06,-4.57119676866569e-05
377.666290283203,-7.20225166733186e-17,-4.88330215375754e-06,-3.85238345188554e-05
377.999633789062,8.81693535455946e-17,1.01124771845207e-06,7.97763732407475e-06
378.332946777344,-1.55293002228909e-17,-5.79421612201259e-06,-4.57099376944825e-05
378.666290283203,-7.20446652614003e-17,-4.88309069623938e-06,-3.85221719625406e-05
378.999633789062,8.81821384491423e-17,1.01148691555863e-06,7.97952452558093e-06
379.332946777344,-1.55582995208058e-17,-5.79395873501198e-06,-4.57079077023081e-05
379.666290283203,-7.20052649944632e-17,-4.88287969346857e-06,-3.85205057682469e-05
379.999633789062,8.8179034867484e-17,1.0117261126652e-06,7.98141172708711e-06
380.332946777344,-1.55485057023531e-17,-5.79370134801138e-06,-4.57058777101338e-05
380.666290283203,-7.20635514491461e-17,-4.8826682359504e-06,-3.85188395739533e-05
380.999633789062,8.81242225713737e-17,1.01196530977177e-06,7.98329892859329e-06
381.332946777344,-1.55510699622521e-17,-5.79344441575813e-06,-4.57038477179594e-05
381.666290283203,-7.20239592763069e-17,-4.88245723317959e-06,-3.85171733796597e-05
381.999603271484,8.81330105382015e-17,1.01220450687833e-06,7.98518522060476e-06
382.332946777344,-1.5509590163255e-17,-5.79318702875753e-06,-4.57018177257851e-05
382.666290283203,-7.20178844618883e-17,-4.88224577566143e-06,-3.8515507185366e-05
382.999603271484,8.82368779533586e-17,1.0124437039849e-06,7.98707242211094e-06
383.332946777344,-1.55006268341373e-17,-5.79292964175693e-06,-4.56997877336107e-05
383.666290283203,-7.20044907534099e-17,-4.88203477289062e-06,-3.85138409910724e-05
383.999603271484,8.81718417048772e-17,1.01268290109147e-06,7.98895962361712e-06
384.332946777344,-1.54895690837087e-17,-5.79267225475633e-06,-4.56977577414364e-05
384.666290283203,-7.19649118154604e-17,-4.88182377011981e-06,-3.85121747967787e-05
384.999603271484,8.81878493040913e-17,1.01292209819803e-06,7.9908468251233e-06
385.332946777344,-1.54871388270691e-17,-5.79241532250308e-06,-4.5695727749262e-05
385.666290283203,-7.19745534326803e-17,-4.88161231260165e-06,-3.85105086024851e-05
385.999603271484,8.83205423092346e-17,1.0131612953046e-06,7.99273311713478e-06
386.332946777344,-1.54979765474547e-17,-5.79215793550247e-06,-4.56937013950665e-05
386.666290283203,-7.20063304030922e-17,-4.88140130983084e-06,-3.85088424081914e-05
386.999603271484,8.81976695923235e-17,1.01340049241117e-06,7.99462031864095e-06
387.332946777344,-1.5470161772177e-17,-5.79190054850187e-06,-4.56916714028921e-05
387.666290283203,-7.19757908948767e-17,-4.88118985231267e-06,-3.85071762138978e-05
387.999603271484,8.81843685280737e-17,1.01363968951773e-06,7.99650752014713e-06
388.332946777344,-1.54811500394342e-17,-5.79164316150127e-06,-4.56896414107177e-05
388.666290283203,-7.19897669385064e-17,-4.88097884954186e-06,-3.85055100196041e-05
388.999603271484,8.82243842173866e-17,1.0138788866243e-06,7.99839472165331e-06
389.332946777344,-1.54498164378307e-17,-5.79138622924802e-06,-4.56876114185434e-05
389.666290283203,-7.19489703906953e-17,-4.8807673920237e-06,-3.85038438253105e-05
389.999603271484,8.82741871077072e-17,1.01411808373086e-06,8.00028101366479e-06
390.332946777344,-1.5476938035755e-17,-5.79112884224742e-06,-4.5685581426369e-05
390.666290283203,-7.19880331679425e-17,-4.88055638925289e-06,-3.85021776310168e-05
390.999603271484,8.82364081147706e-17,1.01435728083743e-06,8.00216821517097e-06
391.332946777344,-1.54566307517169e-17,-5.79087145524682e-06,-4.56835514341947e-05
391.666259765625,-7.19744674058966e-17,-4.88034538648208e-06,-3.85005114367232e-05
391.999603271484,8.8300114256827e-17,1.014596477944e-06,8.00405541667715e-06
392.332946777344,-1.54434256404181e-17,-5.79061406824621e-06,-4.56815214420203e-05
392.666259765625,-7.19275497215526e-17,-4.88013392896391e-06,-3.84988452424295e-05
392.999603271484,8.8228870845029e-17,1.01483567505056e-06,8.00594170868862e-06
393.332946777344,-1.5457072466164e-17,-5.79035713599296e-06,-4.5679491449846e-05
393.666259765625,-7.18932515046337e-17,-4.8799229261931e-06,-3.84971790481359e-05
393.999603271484,8.82805001501422e-17,1.01507487215713e-06,8.0078289101948e-06
394.332946777344,-1.54497684613551e-17,-5.79009974899236e-06,-4.56774614576716e-05
394.666259765625,-7.19725086422061e-17,-4.87971146867494e-06,-3.84955128538422e-05
394.999603271484,8.83082073919402e-17,1.0153140692637e-06,8.00971611170098e-06
395.332946777344,-1.54352696395783e-17,-5.78984236199176e-06,-4.56754314654972e-05
395.666259765625,-7.19680881890126e-17,-4.87950046590413e-06,-3.84938466595486e-05
395.999603271484,8.82179388260535e-17,1.01555326637026e-06,8.01160331320716e-06
396.332946777344,-1.54167606461918e-17,-5.78958497499116e-06,-4.56734051113017e-05
396.666259765625,-7.1925729924205e-17,-4.87928900838597e-06,-3.84921804652549e-05
396.999603271484,8.8303502388616e-17,1.01579246347683e-06,8.01348960521864e-06
397.332946777344,-1.54527876705909e-17,-5.78932804273791e-06,-4.56713751191273e-05
397.666259765625,-7.1906658448002e-17,-4.87907800561516e-06,-3.84905142709613e-05
397.999603271484,8.83150895346367e-17,1.01603166058339e-06,8.01537680672482e-06
398.332946777344,-1.54352266261864e-17,-5.78907065573731e-06,-4.5669345126953e-05
398.666259765625,-7.19360001986905e-17,-4.87886654809699e-06,-3.84888480766676e-05
398.999603271484,8.82811618946322e-17,1.01627085768996e-06,8.017264008231e-06
399.332946777344,-1.54174753302411e-17,-5.7888132687367e-06,-4.56673151347786e-05
399.666259765625,-7.19018806527839e-17,-4.87865554532618e-06,-3.8487181882374e-05
399.999603271484,8.82628845118172e-17,1.01651005479653e-06,8.01915120973717e-06
400.332946777344,-1.54155513081363e-17,-5.7885558817361e-06,-4.56652851426043e-05
400.666259765625,-7.18887714944361e-17,-4.87844454255537e-06,-3.84855156880803e-05
400.999603271484,8.83575735308974e-17,1.01674925190309e-06,8.02103750174865e-06
401.332946777344,-1.54224963165593e-17,-5.78829894948285e-06,-4.56632551504299e-05
401.666259765625,-7.19157574347401e-17,-4.87823308503721e-06,-3.84838494937867e-05
401.999603271484,8.82527267338951e-17,1.01698844900966e-06,8.02292470325483e-06
402.332916259766,-1.54218031392059e-17,-5.78804156248225e-06,-4.56612251582555e-05
402.666259765625,-7.19582480484457e-17,-4.8780220822664e-06,-3.8482183299493e-05
402.999603271484,8.83164461108413e-17,1.01722764611623e-06,8.02481190476101e-06
403.332916259766,-1.53879251300382e-17,-5.78778417548165e-06,-4.56591951660812e-05
403.666259765625,-7.19027541555107e-17,-4.87781062474824e-06,-3.84805171051994e-05
403.999603271484,8.83280795789762e-17,1.01746672953595e-06,8.02669819677249e-06
404.332916259766,-1.54027134650294e-17,-5.78752678848105e-06,-4.56571651739068e-05
404.666259765625,-7.18708713059805e-17,-4.87759962197742e-06,-3.84788509109057e-05
404.999603271484,8.83252473125588e-17,1.01770592664252e-06,8.02858539827866e-06
405.332916259766,-1.53763396383788e-17,-5.78726985622779e-06,-4.56551388197113e-05
405.666259765625,-7.19190595397454e-17,-4.87738816445926e-06,-3.84771847166121e-05
405.999603271484,8.82800567813338e-17,1.01794512374909e-06,8.03047259978484e-06
406.332916259766,-1.53842110890879e-17,-5.78701246922719e-06,-4.56531088275369e-05
406.666259765625,-7.1872830069671e-17,-4.87717716168845e-06,-3.84755185223185e-05
406.999603271484,8.83301376043402e-17,1.01818432085565e-06,8.03235980129102e-06
407.332916259766,-1.53793158342228e-17,-5.78675508222659e-06,-4.56510788353626e-05
407.666259765625,-7.18805327755351e-17,-4.87696570417029e-06,-3.84738523280248e-05
407.999603271484,8.83756259205858e-17,1.01842351796222e-06,8.0342460933025e-06
408.332916259766,-1.53561183811243e-17,-5.78649769522599e-06,-4.56490488431882e-05
408.666259765625,-7.18575900940653e-17,-4.87675470139948e-06,-3.84721861337312e-05
408.999603271484,8.83625564669074e-17,1.01866271506879e-06,8.03613329480868e-06
409.332916259766,-1.53442384131668e-17,-5.78624076297274e-06,-4.56470188510139e-05
409.666259765625,-7.18845098599203e-17,-4.87654369862867e-06,-3.84705199394375e-05
409.999603271484,8.8366440907064e-17,1.01890191217535e-06,8.03802049631486e-06
410.332916259766,-1.53426419545846e-17,-5.78598337597214e-06,-4.56449888588395e-05
410.666259765625,-7.1896685958537e-17,-4.8763322411105e-06,-3.84688537451439e-05
410.999603271484,8.83422938506223e-17,1.01914110928192e-06,8.03990769782104e-06
411.332916259766,-1.53676774030041e-17,-5.78572598897154e-06,-4.56429588666651e-05
411.666259765625,-7.18614149772178e-17,-4.87612123833969e-06,-3.84671875508502e-05
411.999572753906,8.83380917731105e-17,1.01938030638848e-06,8.04179398983251e-06
412.332916259766,-1.53631080573004e-17,-5.78546860197093e-06,-4.56409288744908e-05
412.666259765625,-7.19311959336928e-17,-4.87590978082153e-06,-3.84655213565566e-05
412.999572753906,8.83175115194702e-17,1.01961950349505e-06,8.04368119133869e-06
413.332916259766,-1.53622726048817e-17,-5.78521166971768e-06,-4.56388988823164e-05
413.666259765625,-7.19431668915176e-17,-4.87569877805072e-06,-3.84638551622629e-05
413.999572753906,8.83773795434844e-17,1.01985870060162e-06,8.04556839284487e-06
414.332916259766,-1.5355344140071e-17,-5.78495428271708e-06,-4.56368688901421e-05
414.666259765625,-7.1878282844269e-17,-4.87548732053256e-06,-3.84621889679693e-05
414.999572753906,8.83278479684047e-17,1.02009789770818e-06,8.04745468485635e-06
415.332916259766,-1.535607205901e-17,-5.78469689571648e-06,-4.56348425359465e-05
415.666259765625,-7.18870311064273e-17,-4.87527631776175e-06,-3.84605227736756e-05
415.999572753906,8.82913262899993e-17,1.02033709481475e-06,8.04934188636253e-06
416.332916259766,-1.53441920910525e-17,-5.78443950871588e-06,-4.56328125437722e-05
416.666259765625,-7.18972484413536e-17,-4.87506486024358e-06,-3.8458856579382e-05
416.999572753906,8.83170946204415e-17,1.02057629192132e-06,8.05122908786871e-06
417.332916259766,-1.53672241080285e-17,-5.78418257646263e-06,-4.56307825515978e-05
417.666259765625,-7.1888983252673e-17,-4.87485385747277e-06,-3.84571903850883e-05
417.999572753906,8.83833617136744e-17,1.02081537534104e-06,8.05311537988018e-06
418.332916259766,-1.53492329297054e-17,-5.78392518946202e-06,-4.56287525594234e-05
418.666259765625,-7.18734190222672e-17,-4.87464285470196e-06,-3.84555241907947e-05
418.999572753906,8.84212929078436e-17,1.02105457244761e-06,8.05500258138636e-06
419.332916259766,-1.53170440233485e-17,-5.78366780246142e-06,-4.56267225672491e-05
419.666259765625,-7.18293468392303e-17,-4.8744313971838e-06,-3.8453857996501e-05
419.999572753906,8.83268222644451e-17,1.02129376955418e-06,8.05688978289254e-06
420.332916259766,-1.53291092797632e-17,-5.78341041546082e-06,-4.56246925750747e-05
420.666259765625,-7.18967521329861e-17,-4.87422039441299e-06,-3.84521918022074e-05
420.999572753906,8.83768501478923e-17,1.02153296666074e-06,8.05877698439872e-06
421.332916259766,-1.5349494318779e-17,-5.78315302846022e-06,-4.56226625829004e-05
421.666259765625,-7.18624605335121e-17,-4.87400893689482e-06,-3.84505256079137e-05
421.999572753906,8.83326853206269e-17,1.02177216376731e-06,8.0606632764102e-06
422.332916259766,-1.53510494183306e-17,-5.78289609620697e-06,-4.5620632590726e-05
422.666229248047,-7.18730153581282e-17,-4.87379793412401e-06,-3.84488594136201e-05
422.999572753906,8.83233150186479e-17,1.02201136087388e-06,8.06255047791637e-06
423.332916259766,-1.53294550412593e-17,-5.78263870920637e-06,-4.56186025985517e-05
423.666229248047,-7.19170610713855e-17,-4.87358647660585e-06,-3.84471932193264e-05
423.999572753906,8.83514987164788e-17,1.02225055798044e-06,8.06443767942255e-06
424.332916259766,-1.53177917946223e-17,-5.78238132220577e-06,-4.56165726063773e-05
424.666229248047,-7.18411655958225e-17,-4.87337547383504e-06,-3.84455270250328e-05
424.999572753906,8.83768898525617e-17,1.02248975508701e-06,8.06632397143403e-06
425.332916259766,-1.53608730152853e-17,-5.78212393520516e-06,-4.56145462521818e-05
425.666229248047,-7.18520909973531e-17,-4.87316401631688e-06,-3.84438608307391e-05
425.999572753906,8.83189805922381e-17,1.02272895219357e-06,8.06821117294021e-06
426.332916259766,-1.53257426546702e-17,-5.78186700295191e-06,-4.56125162600074e-05
426.666229248047,-7.18180442433404e-17,-4.87295301354607e-06,-3.84421946364455e-05
426.999572753906,8.83541589293288e-17,1.02296814930014e-06,8.07009837444639e-06
427.332916259766,-1.53327869247667e-17,-5.78160961595131e-06,-4.5610486267833e-05
427.666229248047,-7.18539240295905e-17,-4.87274201077526e-06,-3.84405284421518e-05
427.999572753906,8.83644953782632e-17,1.02320734640671e-06,8.07198466645787e-06
428.332916259766,-1.53157949806236e-17,-5.78135222895071e-06,-4.56084562756587e-05
428.666229248047,-7.18893075074731e-17,-4.87253055325709e-06,-3.84388622478582e-05
428.999572753906,8.83768236781127e-17,1.02344654351327e-06,8.07387186796404e-06
429.332916259766,-1.53275723781851e-17,-5.78109484195011e-06,-4.56064262834843e-05
429.666229248047,-7.18910743652615e-17,-4.87231955048628e-06,-3.84371960535645e-05
429.999572753906,8.83327978171902e-17,1.023685626933e-06,8.07575906947022e-06
430.332916259766,-1.53519824780616e-17,-5.78083790969686e-06,-4.560439629131e-05
430.666229248047,-7.18958852477041e-17,-4.87210809296812e-06,-3.84355298592709e-05
430.999572753906,8.84042662221148e-17,1.02392482403957e-06,8.0776453614817e-06
431.332916259766,-1.53443806882322e-17,-5.78058052269625e-06,-4.56023662991356e-05
431.666229248047,-7.19417639931987e-17,-4.87189709019731e-06,-3.84338636649773e-05
431.999572753906,8.83266105062083e-17,1.02416402114613e-06,8.07953256298788e-06
432.332885742188,-1.53467001026698e-17,-5.78032313569565e-06,-4.56003363069613e-05
432.666229248047,-7.18780777034771e-17,-4.87168563267915e-06,-3.84321974706836e-05
432.999572753906,8.83618351654133e-17,1.0244032182527e-06,8.08141976449406e-06
433.332885742188,-1.53694856198232e-17,-5.78006574869505e-06,-4.55983063147869e-05
433.666229248047,-7.19571892572616e-17,-4.87147462990833e-06,-3.843053127639e-05
433.999572753906,8.84002163458357e-17,1.02464241535927e-06,8.08330605650553e-06
434.332885742188,-1.53382099208626e-17,-5.7798088164418e-06,-4.55962763226125e-05
434.666229248047,-7.19273445807607e-17,-4.87126317239017e-06,-3.84288650820963e-05
434.999572753906,8.82932652013551e-17,1.02488161246583e-06,8.08519325801171e-06
435.332885742188,-1.53245779843677e-17,-5.7795514294412e-06,-4.5594249968417e-05
435.666229248047,-7.19373898621196e-17,-4.87105216961936e-06,-3.84271988878027e-05
435.999572753906,8.83716157489761e-17,1.0251208095724e-06,8.08708045951789e-06
436.332885742188,-1.53236697400551e-17,-5.7792940424406e-06,-4.55922199762426e-05
436.666229248047,-7.1868780193392e-17,-4.87084116684855e-06,-3.8425532693509e-05
436.999572753906,8.83639593652263e-17,1.02536000667897e-06,8.08896675152937e-06
437.332885742188,-1.53042425761887e-17,-5.77903665544e-06,-4.55901899840683e-05
437.666229248047,-7.19383229218505e-17,-4.87062970933039e-06,-3.84238664992154e-05
437.999572753906,8.83328573741943e-17,1.02559920378553e-06,8.09085395303555e-06
438.332885742188,-1.53328183576299e-17,-5.77877972318674e-06,-4.55881599918939e-05
438.666229248047,-7.18441632983624e-17,-4.87041870655958e-06,-3.84222003049217e-05
438.999572753906,8.84254023411267e-17,1.0258384008921e-06,8.09274115454173e-06
439.332885742188,-1.53024128526737e-17,-5.77852233618614e-06,-4.55861299997196e-05
439.666229248047,-7.17689030975099e-17,-4.87020724904141e-06,-3.84205341106281e-05
439.999572753906,8.84462274402284e-17,1.02607748431183e-06,8.0946274465532e-06
440.332885742188,-1.52863192266759e-17,-5.77826494918554e-06,-4.55841000075452e-05
440.666229248047,-7.18394979997076e-17,-4.8699962462706e-06,-3.84188679163344e-05
440.999572753906,8.83140969179016e-17,1.02631668141839e-06,8.09651464805938e-06
441.332885742188,-1.5282388464405e-17,-5.77800756218494e-06,-4.55820700153708e-05
441.666229248047,-7.18276263035562e-17,-4.86978478875244e-06,-3.84172017220408e-05
441.999572753906,8.84394776464299e-17,1.02655587852496e-06,8.09840184956556e-06
442.332885742188,-1.52595450446088e-17,-5.77775062993169e-06,-4.55800400231965e-05
442.666229248047,-7.18045314208537e-17,-4.86957378598163e-06,-3.84155355277471e-05
442.999542236328,8.84174944944707e-17,1.02679507563153e-06,8.10028814157704e-06
443.332885742188,-1.52635866490817e-17,-5.77749324293109e-06,-4.55780100310221e-05
443.666229248047,-7.17737205973974e-17,-4.86936232846347e-06,-3.84138693334535e-05
443.999542236328,8.83579110205873e-17,1.02703427273809e-06,8.10217534308322e-06
444.332885742188,-1.52614177815156e-17,-5.77723585593048e-06,-4.55759800388478e-05
444.666229248047,-7.178749811768e-17,-4.86915132569266e-06,-3.84122031391598e-05
444.999542236328,8.84133652088529e-17,1.02727346984466e-06,8.1040625445894e-06
445.332885742188,-1.52414066281367e-17,-5.77697846892988e-06,-4.55739500466734e-05
445.666229248047,-7.18420920381085e-17,-4.86894032292184e-06,-3.84105369448662e-05
445.999542236328,8.83810654602939e-17,1.02751266695122e-06,8.10594883660087e-06
446.332885742188,-1.52511971378669e-17,-5.77672108192928e-06,-4.55719236924779e-05
446.666229248047,-7.18600914882377e-17,-4.86872886540368e-06,-3.84088707505725e-05
446.999542236328,8.84143313558083e-17,1.02775186405779e-06,8.10783603810705e-06
447.332885742188,-1.5241188252455e-17,-5.77646414967603e-06,-4.55698937003035e-05
447.666229248047,-7.18058681447236e-17,-4.86851786263287e-06,-3.84072045562789e-05
447.999542236328,8.8389099038403e-17,1.02799094747752e-06,8.10972323961323e-06
448.332885742188,-1.52252716431082e-17,-5.77620676267543e-06,-4.55678637081292e-05
448.666229248047,-7.17880142783823e-17,-4.86830640511471e-06,-3.84055383619852e-05
448.999542236328,8.84563852181505e-17,1.02823014458409e-06,8.11160953162471e-06
449.332885742188,-1.52566399862975e-17,-5.77594937567483e-06,-4.55658337159548e-05
449.666229248047,-7.17933413215271e-17,-4.8680954023439e-06,-3.84038721676916e-05
449.999542236328,8.84583836865105e-17,1.02846934169065e-06,8.11349673313089e-06
450.332885742188,-1.52274785609825e-17,-5.77569198867423e-06,-4.55638037237804e-05
450.666229248047,-7.18022020802488e-17,-4.86788394482573e-06,-3.84022059733979e-05
450.999542236328,8.83785640661215e-17,1.02870853879722e-06,8.11538393463707e-06
451.332885742188,-1.52476303350655e-17,-5.77543505642097e-06,-4.55617737316061e-05
451.666229248047,-7.17808939076694e-17,-4.86767294205492e-06,-3.84005397791043e-05
451.999542236328,8.8408706527643e-17,1.02894773590378e-06,8.11727022664854e-06
452.332885742188,-1.52379275064803e-17,-5.77517766942037e-06,-4.55597437394317e-05
452.666229248047,-7.17797821769262e-17,-4.86746148453676e-06,-3.83988735848106e-05
452.999542236328,8.84167731929766e-17,1.02918693301035e-06,8.11915742815472e-06
453.332885742188,-1.52413818127183e-17,-5.77492028241977e-06,-4.55577137472574e-05
453.666198730469,-7.18422707091209e-17,-4.86725048176595e-06,-3.8397207390517e-05
453.999542236328,8.83673077923459e-17,1.02942613011692e-06,8.1210446296609e-06
454.332885742188,-1.52215691826865e-17,-5.77466289541917e-06,-4.5555683755083e-05
454.666198730469,-7.18310342876799e-17,-4.86703902424779e-06,-3.83955411962233e-05
454.999542236328,8.84403312968221e-17,1.02966532722348e-06,8.12293092167238e-06
455.332885742188,-1.52405777931629e-17,-5.77440596316592e-06,-4.55536537629087e-05
455.666198730469,-7.18424493801332e-17,-4.86682802147698e-06,-3.83938750019297e-05
455.999542236328,8.84934561444827e-17,1.02990441064321e-06,8.12481812317856e-06
456.332885742188,-1.52318262222821e-17,-5.77414857616532e-06,-4.55516237707343e-05
456.666198730469,-7.18215779589172e-17,-4.86661701870617e-06,-3.83922088076361e-05
456.999542236328,8.84331050469908e-17,1.03014360774978e-06,8.12670532468474e-06
457.332885742188,-1.52479248113636e-17,-5.77389118916471e-06,-4.55495974165387e-05
457.666198730469,-7.18072975128221e-17,-4.866405561188e-06,-3.83905426133424e-05
457.999542236328,8.84178452190505e-17,1.03038280485634e-06,8.12859161669621e-06
458.332885742188,-1.52291081067893e-17,-5.77363380216411e-06,-4.55475674243644e-05
458.666198730469,-7.181142679844e-17,-4.86619455841719e-06,-3.83888764190488e-05
458.999542236328,8.84335748855788e-17,1.03062200196291e-06,8.13047881820239e-06
459.332885742188,-1.52438021431907e-17,-5.77337686991086e-06,-4.554553743219e-05
459.666198730469,-7.18052064002336e-17,-4.86598310089903e-06,-3.83872102247551e-05
459.999542236328,8.8475959620166e-17,1.03086119906948e-06,8.13236601970857e-06
460.332885742188,-1.52291461570974e-17,-5.77311948291026e-06,-4.55435074400157e-05
460.666198730469,-7.17723441688581e-17,-4.86577209812822e-06,-3.83855440304615e-05
460.999542236328,8.85373033343929e-17,1.03110039617604e-06,8.13425231172005e-06
461.332885742188,-1.5209174708388e-17,-5.77286209590966e-06,-4.55414774478413e-05
461.666198730469,-7.18023278117019e-17,-4.86556064061006e-06,-3.83838778361678e-05
461.999542236328,8.84273214001479e-17,1.03133959328261e-06,8.13613951322623e-06
462.332885742188,-1.52273544838906e-17,-5.77260470890906e-06,-4.5539447455667e-05
462.666198730469,-7.17924744362452e-17,-4.86534963783924e-06,-3.83822116418742e-05
462.999542236328,8.84203135259983e-17,1.03157867670234e-06,8.1380258052377e-06
463.332855224609,-1.5228297469789e-17,-5.77234732190846e-06,-4.55374174634926e-05
463.666198730469,-7.18216507508111e-17,-4.86513818032108e-06,-3.83805454475805e-05
463.999542236328,8.8420664250578e-17,1.0318178738089e-06,8.13991300674388e-06
464.332855224609,-1.52557615204869e-17,-5.7720903896552e-06,-4.55353874713182e-05
464.666198730469,-7.18267395659396e-17,-4.86492717755027e-06,-3.83788792532869e-05
464.999542236328,8.84709634492662e-17,1.03205707091547e-06,8.14180020825006e-06
465.332855224609,-1.52449618504095e-17,-5.7718330026546e-06,-4.55333574791439e-05
465.666198730469,-7.18553732500237e-17,-4.86471617477946e-06,-3.83772130589932e-05
465.999542236328,8.84248597106449e-17,1.03229626802204e-06,8.14368650026154e-06
466.332855224609,-1.52299931900447e-17,-5.771575615654e-06,-4.55313274869695e-05
466.666198730469,-7.18007330074809e-17,-4.8645047172613e-06,-3.83755468646996e-05
466.999542236328,8.84169320116542e-17,1.0325354651286e-06,8.14557370176772e-06
467.332855224609,-1.52150228753187e-17,-5.7713182286534e-06,-4.55292974947952e-05
467.666198730469,-7.18278976187971e-17,-4.86429371449049e-06,-3.83738806704059e-05
467.999542236328,8.84220472965622e-17,1.03277466223517e-06,8.1474609032739e-06
468.332855224609,-1.51963451370873e-17,-5.77106129640015e-06,-4.55272711405996e-05
468.666198730469,-7.17928979527188e-17,-4.86408225697232e-06,-3.83722144761123e-05
468.999542236328,8.84417606649206e-17,1.03301385934174e-06,8.14934719528537e-06
469.332855224609,-1.51945782792988e-17,-5.77080390939955e-06,-4.55252411484253e-05
469.666198730469,-7.18188383367285e-17,-4.86387125420151e-06,-3.83705482818186e-05
469.999542236328,8.84415687590185e-17,1.03325294276146e-06,8.15123439679155e-06
470.332855224609,-1.52502045211318e-17,-5.77054652239894e-06,-4.55232111562509e-05
470.666198730469,-7.17863863869368e-17,-4.86365979668335e-06,-3.8368882087525e-05
470.999542236328,8.84203069085534e-17,1.03349213986803e-06,8.15312068880303e-06
471.332855224609,-1.51959480903932e-17,-5.77028913539834e-06,-4.55211811640766e-05
471.666198730469,-7.17892649754685e-17,-4.86344879391254e-06,-3.83672158932313e-05
471.999542236328,8.84736038097814e-17,1.0337313369746e-06,8.15500789030921e-06
472.332855224609,-1.51744430488281e-17,-5.77003220314509e-06,-4.55191511719022e-05
472.666198730469,-7.17892649754685e-17,-4.86323733639438e-06,-3.83655496989377e-05
472.999542236328,8.84417209602512e-17,1.03397053408116e-06,8.15689509181539e-06
473.332855224609,-1.51904010172055e-17,-5.76977481614449e-06,-4.55171211797278e-05
473.666198730469,-7.17640061882835e-17,-4.86302633362357e-06,-3.8363883504644e-05
473.99951171875,8.84964141423532e-17,1.03420973118773e-06,8.15878138382686e-06
474.332855224609,-1.51808520442141e-17,-5.76951742914389e-06,-4.55150911875535e-05
474.666198730469,-7.18138487832735e-17,-4.8628148761054e-06,-3.83622173103504e-05
474.99951171875,8.8396874536161e-17,1.0344489282943e-06,8.16066858533304e-06
475.332855224609,-1.51952317519828e-17,-5.76926004214329e-06,-4.55130611953791e-05
475.666198730469,-7.17608761368456e-17,-4.86260387333459e-06,-3.83605511160567e-05
475.99951171875,8.84544529242396e-17,1.03468801171402e-06,8.16255578683922e-06
476.332855224609,-1.51915193653936e-17,-5.76900265514269e-06,-4.55110312032048e-05
476.666198730469,-7.17573755084933e-17,-4.86239287056378e-06,-3.83588849217631e-05
476.99951171875,8.84861835725371e-17,1.03492720882059e-06,8.1644420788507e-06
477.332855224609,-1.51581360102322e-17,-5.76874572288943e-06,-4.55090012110304e-05
477.666198730469,-7.1698652302447e-17,-4.86218141304562e-06,-3.83572187274694e-05
477.99951171875,8.84816638576702e-17,1.03516640592716e-06,8.16632928035688e-06
478.332855224609,-1.51622520609603e-17,-5.76848833588883e-06,-4.55069712188561e-05
478.666198730469,-7.17551851342313e-17,-4.86197041027481e-06,-3.83555525331758e-05
478.99951171875,8.85201178299865e-17,1.03540560303372e-06,8.16821557236835e-06
479.332855224609,-1.51301260203299e-17,-5.76823094888823e-06,-4.55049448646605e-05
479.666198730469,-7.17076520275115e-17,-4.86175895275665e-06,-3.83538863388821e-05
479.99951171875,8.8479215403057e-17,1.03564480014029e-06,8.17010277387453e-06
480.332855224609,-1.51595107844103e-17,-5.76797356188763e-06,-4.55029148724861e-05
480.666198730469,-7.17393760583642e-17,-4.86154794998583e-06,-3.83522201445885e-05
480.99951171875,8.85389643130629e-17,1.03588399724686e-06,8.17198997538071e-06
481.332855224609,-1.51304635100199e-17,-5.76771662963438e-06,-4.55008848803118e-05
481.666198730469,-7.17070961621399e-17,-4.86133649246767e-06,-3.83505539502949e-05
481.99951171875,8.85098144682766e-17,1.03612308066658e-06,8.17387626739219e-06
482.332855224609,-1.51403036505868e-17,-5.76745924263378e-06,-4.54988548881374e-05
482.666198730469,-7.174031573554e-17,-4.86112548969686e-06,-3.83488877560012e-05
482.99951171875,8.8454757326705e-17,1.03636227777315e-06,8.17576346889837e-06
483.332855224609,-1.51165999629535e-17,-5.76720185563318e-06,-4.54968248959631e-05
483.666168212891,-7.17438825383414e-17,-4.8609140321787e-06,-3.83472215617076e-05
483.99951171875,8.85806078938213e-17,1.03660147487972e-06,8.17764976090984e-06
484.332855224609,-1.51282979511762e-17,-5.76694446863257e-06,-4.54947949037887e-05
484.666168212891,-7.16734993943804e-17,-4.86070302940789e-06,-3.83455553674139e-05
484.99951171875,8.85207994268113e-17,1.03684067198628e-06,8.17953696241602e-06
485.332855224609,-1.50825068868265e-17,-5.76668753637932e-06,-4.54927649116144e-05
485.666168212891,-7.1725433101959e-17,-4.86049202663708e-06,-3.83438891731203e-05
485.99951171875,8.85436428466075e-17,1.03707986909285e-06,8.1814241639222e-06
486.332855224609,-1.50955548338089e-17,-5.76643014937872e-06,-4.549073491944e-05
486.666168212891,-7.17162282361025e-17,-4.86028056911891e-06,-3.83422229788266e-05
486.99951171875,8.85407907278554e-17,1.03731906619942e-06,8.18331045593368e-06
487.332855224609,-1.50903601395621e-17,-5.76617276237812e-06,-4.54887049272656e-05
487.666168212891,-7.16684569013663e-17,-4.8600695663481e-06,-3.8340556784533e-05
487.99951171875,8.85433913837013e-17,1.03755814961914e-06,8.18519765743986e-06
488.332855224609,-1.50574730927682e-17,-5.76591537537752e-06,-4.54866749350913e-05
488.666168212891,-7.17215817490269e-17,-4.85985810882994e-06,-3.83388905902393e-05
488.99951171875,8.85866893256848e-17,1.03779734672571e-06,8.18708394945133e-06
489.332855224609,-1.50876900005447e-17,-5.76565798837692e-06,-4.54846449429169e-05
489.666168212891,-7.17035161244488e-17,-4.85964710605913e-06,-3.83372243959457e-05
489.99951171875,8.85991632093221e-17,1.03803654383228e-06,8.18897115095751e-06
490.332855224609,-1.50817111390772e-17,-5.76540105612366e-06,-4.54826149507426e-05
490.666168212891,-7.16789389340886e-17,-4.85943564854097e-06,-3.8335558201652e-05
490.99951171875,8.8528191112765e-17,1.03827574093884e-06,8.19085835246369e-06
491.332855224609,-1.50669856698125e-17,-5.76514366912306e-06,-4.5480588596547e-05
491.666168212891,-7.1665353319708e-17,-4.85922464577015e-06,-3.83338920073584e-05
491.99951171875,8.85692060362579e-17,1.03851493804541e-06,8.19274464447517e-06
492.332855224609,-1.50542189642384e-17,-5.76488628212246e-06,-4.54785586043727e-05
492.666168212891,-7.16868070760752e-17,-4.85901318825199e-06,-3.83322258130647e-05
492.99951171875,8.85624496250145e-17,1.03875402146514e-06,8.19463184598135e-06
493.332855224609,-1.50514065501557e-17,-5.76462889512186e-06,-4.54765286121983e-05
493.666168212891,-7.16048632558732e-17,-4.85880218548118e-06,-3.83305596187711e-05
493.99951171875,8.85341799003999e-17,1.0389932185717e-06,8.19651813799283e-06
494.332824707031,-1.5031852000475e-17,-5.76437196286861e-06,-4.5474498620024e-05
494.666168212891,-7.17067322026704e-17,-4.85859072796302e-06,-3.83288934244774e-05
494.99951171875,8.86170501628879e-17,1.03923241567827e-06,8.198405339499e-06
495.332824707031,-1.50261742327504e-17,-5.76411457586801e-06,-4.54724686278496e-05
495.666168212891,-7.16718119459308e-17,-4.85837972519221e-06,-3.83272272301838e-05
495.99951171875,8.85673531516857e-17,1.03947161278484e-06,8.20029254100518e-06
496.332824707031,-1.50846393584456e-17,-5.76385718886741e-06,-4.54704386356752e-05
496.666168212891,-7.16780852836964e-17,-4.8581687224214e-06,-3.83255610358901e-05
496.99951171875,8.85204023801172e-17,1.0397108098914e-06,8.20217883301666e-06
497.332824707031,-1.50596369972506e-17,-5.7635998018668e-06,-4.54684086435009e-05
497.666168212891,-7.16559102258351e-17,-4.85795726490323e-06,-3.83238948415965e-05
497.99951171875,8.86103797784283e-17,1.03994989331113e-06,8.20406603452284e-06
498.332824707031,-1.50782932287861e-17,-5.7633424148662e-06,-4.54663786513265e-05
498.666168212891,-7.16406901025641e-17,-4.85774626213242e-06,-3.83222286473028e-05
498.99951171875,8.85360063151924e-17,1.0401890904177e-06,8.20595232653432e-06
499.332824707031,-1.50762980691487e-17,-5.76308548261295e-06,-4.54643486591522e-05
499.666168212891,-7.16652408231447e-17,-4.85753480461426e-06,-3.83205624530092e-05
499.99951171875,8.86176126457045e-17,1.04042828752426e-06,8.20783952804049e-06
500.0,-1.41596697847488e-16,1.03766069514677e-06,8.18600619822973e-06
