Time,U1,U2,U3
0.0,0.0,0.0,0.0
0.000666667008772492,8.60249863648284e-22,-2.85303516922575e-11,-2.19507551024734e-10
0.00133333401754498,-2.68957533833547e-21,-8.42102342718531e-12,-8.02331881488705e-11
0.00200000102631748,9.26143503413817e-22,-3.61441725073991e-13,6.18449952707878e-12
0.00266666803508997,5.21326744042103e-21,-3.97202444546441e-11,-3.03306546545201e-10
0.00333333504386246,-5.21651961732155e-21,7.56712921490266e-12,3.58774676634255e-11
0.00400000205263495,-7.72340819957589e-22,-7.05868870298776e-12,-4.24301704882168e-11
0.0046666688285768,5.11703983955211e-21,-4.68994530711253e-11,-3.54525103718473e-10
0.00533333607017994,-6.94007845885615e-21,2.08958874509113e-11,1.31916616519234e-10
0.00600000284612179,2.57210862315923e-21,-1.43437293292914e-11,-9.65858296120281e-11
0.00666667008772492,3.96835819514802e-21,-5.15898330999409e-11,-3.84557552468578e-10
0.00733333686366677,-7.7789938885562e-21,3.29194865811289e-11,2.13449924402198e-10
0.00800000410526991,6.38014948168199e-21,-2.34939828008818e-11,-1.5745689474489e-10
0.00866667088121176,-3.91231751644112e-21,-5.19661258469029e-11,-3.91336157923305e-10
0.00933333765715361,-1.04804599481971e-20,4.07754732756338e-11,2.73196659739128e-10
0.010000005364418,1.73718672290576e-20,-3.07768081853066e-11,-2.12928077947261e-10
0.0106666721403599,-5.84875702395056e-21,-5.18962650630783e-11,-3.87333748408381e-10
0.0113333389163017,-1.68416137602556e-20,4.77282866007123e-11,3.19392068348634e-10
0.0120000056922436,1.99112083120188e-20,-3.86297487053877e-11,-2.65955119038708e-10
0.012666673399508,-2.44902087644739e-21,-4.94302931919322e-11,-3.72032321616089e-10
0.0133333401754498,-1.40448611792512e-20,5.1824801394762e-11,3.5014588450899e-10
0.0140000069513917,1.29845384185804e-20,-4.49296710947067e-11,-3.11863035395987e-10
0.0146666737273335,-1.04321821656686e-20,-4.65688668183084e-11,-3.50954543204551e-10
0.015333341434598,-3.98724319705287e-21,5.44704871485724e-11,3.68532010464051e-10
0.0160000082105398,1.84248794579476e-20,-5.02465256901896e-11,-3.49558965107022e-10
0.0166666749864817,-1.91276501676681e-20,-4.34013727734772e-11,-3.28181010145201e-10
0.0173333417624235,-2.5744237595221e-21,5.59968876823191e-11,3.78774983600394e-10
0.0180000085383654,2.29630152494379e-20,-5.48469533678819e-11,-3.81380899083794e-10
0.0186666753143072,-2.15104117767867e-20,-3.97073728064523e-11,-3.02959296538674e-10
0.0193333420902491,-8.62192203280007e-22,5.59688649592882e-11,3.79677567163839e-10
0.0200000107288361,2.43471307523092e-20,-5.78562614483857e-11,-4.03908462232039e-10
0.0206666775047779,-2.20429674572545e-20,-3.67725294658783e-11,-2.80910628092101e-10
0.0213333442807198,-3.95752432026363e-22,5.5820775085591e-11,3.77373771121015e-10
0.0220000110566616,2.13643449284243e-20,-6.05767450090333e-11,-4.21956886098585e-10
0.0226666778326035,-1.97369203876016e-20,-3.35160961484338e-11,-2.59029436788794e-10
0.0233333446085453,4.17674550940673e-21,5.45619764646954e-11,3.69608843531211e-10
0.0240000113844872,1.45695424880285e-20,-6.19107404231656e-11,-4.32515162573921e-10
0.024666678160429,-2.24665388608442e-20,-3.121574873588e-11,-2.41691472391281e-10
0.025333346799016,1.09279064984515e-20,5.35370081600206e-11,3.61394580927765e-10
0.0260000135749578,1.27440372710678e-20,-6.30739210860654e-11,-4.39900671445059e-10
0.0266666803508997,-2.61614399504321e-20,-2.88988711433236e-11,-2.26041088624562e-10
0.0273333471268415,1.38106091227725e-20,5.19686724209656e-11,3.50970141838047e-10
0.0280000139027834,1.36159761095782e-20,-6.33367733260393e-11,-4.42382686038911e-10
0.0286666806787252,-2.69576756070225e-20,-2.73582961840546e-11,-2.14573303569665e-10
0.0293333474546671,1.27843970610531e-20,5.0697959719237e-11,3.41485950627884e-10
0.0300000142306089,1.36461859733948e-20,-6.34743785310476e-11,-4.42949454892982e-10
0.0306666828691959,-2.33800176757412e-20,-2.59897485477278e-11,-2.05219743976137e-10
0.0313333496451378,1.10484696883182e-20,4.92976735821937e-11,3.31856153668042e-10
0.0320000164210796,9.09543486976944e-21,-6.31465782441332e-11,-4.4088038775314e-10
0.0326666831970215,-1.94251104551732e-20,-2.5150510146732e-11,-1.99051261584593e-10
0.0333333499729633,1.31273248172674e-20,4.81758730130899e-11,3.23716276007247e-10
0.0340000167489052,4.38491068043453e-21,-6.27591451030085e-11,-4.37974934097696e-10
0.034666683524847,-1.88104377118639e-20,-2.45187134484404e-11,-1.9470730583393e-10
0.0353333503007889,1.64433779940996e-20,4.71290749481934e-11,3.16412340772843e-10
0.0360000170767307,3.51121044805141e-21,-6.21865753336337e-11,-4.3402095806222e-10
0.0366666838526726,-2.01594303504444e-20,-2.42189844568141e-11,-1.9248495852775e-10
0.0373333506286144,1.61578472019911e-20,4.63299780484316e-11,3.10655390300951e-10
0.0380000174045563,4.87161680583605e-21,-6.16358700189501e-11,-4.30029650777541e-10
0.0386666841804981,-1.93816883197756e-20,-2.40651214233889e-11,-1.91477458888478e-10
0.0393333546817303,1.33643605303779e-20,4.56562461448318e-11,3.05960146107509e-10
0.0400000214576721,5.21716504438154e-21,-6.1042594590166e-11,-4.25904700396273e-10
0.040666688233614,-1.63343016287548e-20,-2.41102224990408e-11,-1.9171478293778e-10
0.0413333550095558,1.10720709929637e-20,4.51950282753799e-11,3.02606412150297e-10
0.0420000217854977,3.30480949817382e-21,-6.05355834903953e-11,-4.22225782115149e-10
0.0426666885614395,-1.36562381565419e-20,-2.42151333706975e-11,-1.92542481958213e-10
0.0433333553373814,1.13088142848029e-20,4.48359786797692e-11,3.00143715437073e-10
0.0440000221133232,1.45342277727655e-21,-6.00461208533076e-11,-4.18837409199568e-10
0.0446666888892651,-1.35029270154712e-20,-2.44285511957765e-11,-1.93974683537768e-10
0.0453333556652069,1.23277077368058e-20,4.46420227173672e-11,2.98689017963483e-10
0.0460000224411488,1.9180844181845e-21,-5.96681801190435e-11,-4.16080475629244e-10
0.0466666892170906,-1.46432633445351e-20,-2.46383451835142e-11,-1.95536212221903e-10
0.0473333559930325,1.16833671591632e-20,4.45116686564884e-11,2.97834867879487e-10
0.0480000227689743,3.8988204976278e-21,-5.93299784301671e-11,-4.13748479921594e-10
0.0486666895449162,-1.4678037242005e-20,-2.48918732848047e-11,-1.97271990409753e-10
0.049333356320858,9.43170479140499e-21,4.44901199214698e-11,2.97624314082867e-10
0.0500000268220901,4.89584253490877e-21,-5.90931262256511e-11,-4.12015560558032e-10
0.050666693598032,-1.31847290515153e-20,-2.51115985644423e-11,-1.9887902436011e-10
0.0513333603739738,8.00312348384756e-21,4.45010660266032e-11,2.9774641086e-10
0.0520000271499157,4.30508532794246e-21,-5.89002735473798e-11,-4.10688066887488e-10
0.0526666939258575,-1.20962215655002e-20,-2.53324531490629e-11,-2.00409230877163e-10
0.0533333607017994,8.31558853685877e-21,4.45692198425274e-11,2.98197605497208e-10
0.0540000274777412,3.6062190884278e-21,-5.87818752006974e-11,-4.09819900237807e-10
0.0546666942536831,-1.26432787560819e-20,-2.55121618275567e-11,-2.01708927338728e-10
0.0553333610296249,9.17677887416737e-21,4.46481150662148e-11,2.98779417873263e-10
0.0560000278055668,4.27036191757049e-21,-5.87005860586132e-11,-4.09263012368655e-10
0.0566666945815086,-1.39393455679496e-20,-2.56719576152697e-11,-2.02824992912021e-10
0.0573333613574505,8.9670611239039e-21,4.47475667630925e-11,2.99469643527672e-10
0.0580000281333923,5.75313001759867e-21,-5.86661760837437e-11,-4.09005745938273e-10
0.0586666949093342,-1.4352766237577e-20,-2.57940457187855e-11,-2.03702485435109e-10
0.059333361685276,7.82560438516257e-21,4.48431916599823e-11,3.00158120580818e-10
0.0600000284612179,6.46793563977631e-21,-5.86561355042647e-11,-4.08943712226773e-10
0.0606666952371597,-1.36786835085931e-20,-2.58916308532031e-11,-2.04386355062702e-10
0.0613333657383919,7.23276710976137e-21,4.49387610457208e-11,3.00828528754238e-10
0.0620000325143337,5.97161838651526e-21,-5.86714912764741e-11,-4.09045936011765e-10
0.0626666992902756,-1.3257086352481e-20,-2.5959153229782e-11,-2.04871328235434e-10
0.0633333623409271,7.81297453274337e-21,4.50223261450056e-11,3.01426772431057e-10
0.0640000328421593,5.43131111897901e-21,-5.86982754069432e-11,-4.09241085463918e-10
0.0646666958928108,-1.38437658175214e-20,-2.60063845458625e-11,-2.0520149468517e-10
0.065333366394043,8.64605607730294e-21,4.50969366017073e-11,3.01951436076919e-10
0.0660000294446945,5.75053094179702e-21,-5.87357731895999e-11,-4.09502737275247e-10
0.0666666999459267,-1.48128547571541e-20,-2.60324574397064e-11,-2.0539039913281e-10
0.0673333704471588,8.69715790614153e-21,4.51570066062335e-11,3.02381203409752e-10
0.0680000334978104,6.56771712844301e-21,-5.8775116718035e-11,-4.09785289035014e-10
0.0686667039990425,-1.50659704090082e-20,-2.60451746975088e-11,-2.0547731571785e-10
0.0693333670496941,8.1290827347415e-21,4.52061027500505e-11,3.02726288481381e-10
0.0700000375509262,6.81248988833768e-21,-5.88161463976888e-11,-4.10073336398753e-10
0.0706667006015778,-1.4604082125364e-20,-2.60450949002289e-11,-2.05479536163899e-10
0.0713333711028099,7.91593266961208e-21,4.52420427510258e-11,3.02983776956367e-10
0.0720000341534615,6.31620292733538e-21,-5.8853609485876e-11,-4.10341399748049e-10
0.0726667046546936,-1.4290310870155e-20,-2.60380744743216e-11,-2.05427577726347e-10
0.0733333677053452,8.40599113831643e-21,4.52684383034363e-11,3.03168962156874e-10
0.0740000382065773,5.82081140550205e-21,-5.88880819107906e-11,-4.10583955723354e-10
0.0746667012572289,-1.46257907696821e-20,-2.60249096578624e-11,-2.05335998204603e-10
0.075333371758461,8.99674107514064e-21,4.52849528709276e-11,3.03287700509358e-10
0.0760000348091125,5.93011678032304e-21,-5.89169268927492e-11,-4.10789929849997e-10
0.0766667053103447,-1.51613546733932e-20,-2.60094966397784e-11,-2.05225447746926e-10
0.0773333683609962,9.03030247446656e-21,4.52946638529461e-11,3.0335542411386e-10
0.0780000388622284,6.35647830289298e-21,-5.89411158768982e-11,-4.10960432351004e-10
0.0786667093634605,-1.52260137016659e-20,-2.59924564510738e-11,-2.05105599171418e-10
0.0793333724141121,8.65288677970504e-21,4.52980951359816e-11,3.03380653932095e-10
0.0800000429153442,6.43421429732414e-21,-5.89597676237119e-11,-4.11093437069354e-10
0.0806667059659958,-1.48338590054819e-20,-2.59760060683512e-11,-2.04988331864442e-10
0.0813333764672279,8.49609970291572e-21,4.52975157383406e-11,3.03376046506543e-10
0.0820000395178795,6.04901793492579e-21,-5.89739299061698e-11,-4.11193412652722e-10
0.0826667100191116,-1.45603255634296e-20,-2.59604716196238e-11,-2.04878641829609e-10
0.0833333730697632,8.79141772188136e-21,4.52937028161404e-11,3.03349428909527e-10
0.0840000435709953,5.70373384487669e-21,-5.89836998687865e-11,-4.1126299588079e-10
0.0846667066216469,-1.4723719583803e-20,-2.59468557750608e-11,-2.04781858137437e-10
0.085333377122879,9.13167572035692e-21,4.52881343537825e-11,3.03309710680821e-10
0.0860000401735306,5.77475142021156e-21,-5.89900212011329e-11,-4.1130762684638e-10
0.0866667106747627,-1.50239635279399e-20,-2.59351932291318e-11,-2.04699382444495e-10
0.0873333737254143,9.09748747322305e-21,4.52814626072939e-11,3.03262637224577e-10
0.0880000442266464,6.05602554411905e-21,-5.89933657479946e-11,-4.11331524396985e-10
0.088666707277298,-1.50188405011383e-20,-2.59257598028695e-11,-2.04632394362747e-10
0.0893333777785301,8.80372122569952e-21,4.52745549384126e-11,3.03213593122464e-10
0.0900000482797623,6.10902649563353e-21,-5.89945384210644e-11,-4.11339712291792e-10
0.0906667113304138,-1.47304662756741e-20,-2.59183577377975e-11,-2.04580047347136e-10
0.091333381831646,8.67323348406928e-21,4.52678033946441e-11,3.03165853532406e-10
0.0920000448822975,5.87047374620434e-21,-5.89940180040216e-11,-4.11336131822537e-10
0.0926667153835297,-1.45437011718219e-20,-2.59129089713594e-11,-2.04541383830303e-10
0.0933333784341812,8.84002427639165e-21,4.52616451263044e-11,3.03122138500811e-10
0.0940000489354134,5.670645812581e-21,-5.89924220584237e-11,-4.11324696525384e-10
0.0946667119860649,-1.46518614992617e-20,-2.59090995186062e-11,-2.04514474799744e-10
0.0953333824872971,9.03221048287169e-21,4.52562154418246e-11,3.0308378029531e-10
0.0960000455379486,5.74582635206313e-21,-5.89901044678598e-11,-4.11308376246922e-10
0.0966667160391808,-1.48451761933548e-20,-2.59067160085502e-11,-2.04497557776406e-10
0.0973333790898323,8.98491093835271e-21,4.52516808746584e-11,3.03051611583172e-10
0.0980000495910645,5.95072561369976e-21,-5.89874815659641e-11,-4.11289724500108e-10
0.098666712641716,-1.48404425230525e-20,-2.5905432313178e-11,-2.04488551092119e-10
0.0993333831429482,8.77987515960326e-21,4.52480101997832e-11,3.03025660119971e-10
0.10000005364418,5.99750736254232e-21,-5.89847753973416e-11,-4.11270573152933e-10
0.100666716694832,-1.4659152643997e-20,-2.59050246531611e-11,-2.04485664512255e-10
0.101333387196064,8.69188543753007e-21,4.52451999477521e-11,3.03005759372255e-10
0.102000050246716,5.85477023926291e-21,-5.89822080065971e-11,-4.11252337739754e-10
0.102666720747948,-1.45511296414635e-20,-2.59052224116374e-11,-2.04487135557763e-10
0.103333383798599,8.80101107828242e-21,4.52431460351566e-11,3.02991243206208e-10
0.104000054299831,5.73962492084968e-21,-5.89798834771393e-11,-4.11235906438989e-10
0.104666717350483,-1.46363615562992e-20,-2.59058434426418e-11,-2.04491562572073e-10
0.105333387851715,8.92559304114471e-21,4.52417582563758e-11,3.02981445488015e-10
0.106000050902367,5.80410340726012e-21,-5.89778989534828e-11,-4.11221806606576e-10
0.106666721403599,-1.47725910946032e-20,-2.59066986613155e-11,-2.04497696554284e-10
0.10733338445425,8.89021491408673e-21,4.52409117113195e-11,3.02975533550409e-10
0.108000054955482,5.94362914721414e-21,-5.89762683134154e-11,-4.1121026028712e-10
0.108666718006134,-1.47719981741251e-20,-2.59076649022916e-11,-2.04504579937037e-10
0.109333388507366,8.75949048894137e-21,4.52405057860261e-11,3.02972674726121e-10
0.110000051558018,5.97467669295972e-21,-5.89750054347249e-11,-4.11201295236197e-10
0.11066672205925,-1.46603756434573e-20,-2.59086346127146e-11,-2.04511504953153e-10
0.111333392560482,8.71013591758809e-21,4.52404259887462e-11,3.02972147370184e-10
0.112000055611134,5.88088216631445e-21,-5.89740825618357e-11,-4.11194744920351e-10
0.112666726112366,-1.45991998210454e-20,-2.59095366689222e-11,-2.04517944246696e-10
0.113333389163017,8.78952990831541e-21,4.52405786444121e-11,3.02973285348784e-10
0.114000059664249,5.80782733560374e-21,-5.89734650002782e-11,-4.11190359539404e-10
0.114666722714901,-1.46615598688265e-20,-2.59103224986568e-11,-2.04523564750758e-10
0.115333393216133,8.87302991374351e-21,4.52408804862969e-11,3.02975478039258e-10
0.116000056266785,5.85000789228898e-21,-5.89731041777952e-11,-4.11187833782023e-10
0.116666726768017,-1.47527678404704e-20,-2.59109712852368e-11,-2.04528199931886e-10
0.117333389818668,8.85399587392556e-21,4.52412655949086e-11,3.02978281352395e-10
0.118000060319901,5.94026751428529e-21,-5.89729584610232e-11,-4.11186834581301e-10
0.118666723370552,-1.47535691716888e-20,-2.59114674161509e-11,-2.04531766523353e-10
0.119333393871784,8.77125681003751e-21,4.52416853979898e-11,3.02981306710137e-10
0.120000056922436,5.95684182269189e-21,-5.89729862165989e-11,-4.11187001114754e-10
0.120666727423668,-1.46796189018091e-20,-2.59118160955696e-11,-2.04534292280734e-10
0.121333390474319,8.74249370449926e-21,4.52420982621771e-11,3.02984276556728e-10
0.122000060975552,5.89217673596749e-21,-5.89731319333708e-11,-4.11188055826628e-10
0.122666731476784,-1.46403084356673e-20,-2.59120277318337e-11,-2.0453583271518e-10
0.123333394527435,8.79839301933194e-21,4.52424764318948e-11,3.02987024358714e-10
0.124000065028667,5.8419279371356e-21,-5.89733678557636e-11,-4.11189721161165e-10
0.124666728079319,-1.46844624320365e-20,-2.59121179374544e-11,-2.04536526604571e-10
0.125333398580551,8.85468249845746e-21,4.52428060293553e-11,3.02989411338217e-10
0.126000061631203,5.86910170883089e-21,-5.89736592893075e-11,-4.1119177507376e-10
0.126666724681854,-1.47433538142412e-20,-2.59121057943901e-11,-2.04536484971207e-10
0.127333402633667,8.84020764553135e-21,4.52430766462175e-11,3.0299135422851e-10
0.128000065684319,5.92766553074414e-21,-5.89739784784271e-11,-4.11194051030961e-10
0.12866672873497,-1.47405717731966e-20,-2.59120103845989e-11,-2.04535846592968e-10
0.129333391785622,8.78542793258245e-21,4.52432813435877e-11,3.02992880785169e-10
0.130000069737434,5.93614090084854e-21,-5.89743046064406e-11,-4.11196354743737e-10
0.130666732788086,-1.46895531470954e-20,-2.59118507900391e-11,-2.04534764125519e-10
0.131333395838737,8.7690111439214e-21,4.52434305298066e-11,3.02993963252618e-10
0.132000058889389,5.89005547006069e-21,-5.89746237955602e-11,-4.11198658456513e-10
0.132666736841202,-1.46642756707985e-20,-2.5911642623222e-11,-2.04533334713375e-10
0.133333399891853,8.80673591129136e-21,4.52435207354274e-11,3.02994657142008e-10
0.134000062942505,5.85763911811592e-21,-5.89749291068919e-11,-4.11200823391411e-10
0.134666740894318,-1.4693577574646e-20,-2.59114032313823e-11,-2.04531683256626e-10
0.135333403944969,8.84242584666619e-21,4.52435658382377e-11,3.02995017964491e-10
0.136000066995621,5.8776231231686e-21,-5.8975213601542e-11,-4.11202821792855e-10
0.136666730046272,-1.4730585829122e-20,-2.59111447575844e-11,-2.04529893021999e-10
0.137333407998085,8.83113773936168e-21,4.52435693076847e-11,3.02995101231218e-10
0.138000071048737,5.91469721282039e-21,-5.89754703406165e-11,-4.11204681416422e-10
0.138666734099388,-1.47268667475398e-20,-2.59108758754456e-11,-2.04528033398432e-10
0.13933339715004,8.79577011362007e-21,4.52435380826621e-11,3.0299496245334e-10
0.140000075101852,5.918010782032e-21,-5.89757062630092e-11,-4.11206318995383e-10
0.140666738152504,-1.46937326710108e-20,-2.59106052585834e-11,-2.04526159897078e-10
0.141333401203156,8.78499091626274e-21,4.52434860409578e-11,3.02994629386433e-10
0.142000064253807,5.88861032736942e-21,-5.89759144298263e-11,-4.11207817796466e-10
0.14266674220562,-1.46772779160521e-20,-2.59103398458915e-11,-2.045243141513e-10
0.143333405256271,8.81044933831862e-21,4.52434131825719e-11,3.02994157541647e-10
0.144000068306923,5.86785407166674e-21,-5.89760948410678e-11,-4.1120912230852e-10
0.144666746258736,-1.46965631796694e-20,-2.59100796373701e-11,-2.04522523916673e-10
0.145333409309387,8.83310229331649e-21,4.5243329915845e-11,3.02993630185711e-10
0.146000072360039,5.88265567709068e-21,-5.89762683134154e-11,-4.11210315798272e-10
0.14666673541069,-1.47207889087421e-20,-2.59098298371896e-11,-2.04520789193197e-10
0.147333413362503,8.82490076523129e-21,4.52432397102243e-11,3.02993047318623e-10
0.148000076413155,5.9071330338595e-21,-5.89764140301874e-11,-4.11211398265721e-10
0.148666739463806,-1.47176158956111e-20,-2.59095904453499e-11,-2.04519137736447e-10
0.149333402514458,8.79938822100642e-21,4.52431495046035e-11,3.02992436695959e-10
0.15000008046627,5.90797273527234e-21,-5.89765528080655e-11,-4.11212397466443e-10
0.150666743516922,-1.46943110512047e-20,-2.59093614618511e-11,-2.04517555668637e-10
0.151333406567574,8.79471190404737e-21,4.52430558295358e-11,3.02991826073296e-10
0.152000069618225,5.88897181499063e-21,-5.89766846470496e-11,-4.11213313400438e-10
0.152666747570038,-1.46857048185425e-20,-2.59091411519696e-11,-2.04516042989766e-10
0.153333410620689,8.80986207239545e-21,4.52429621544681e-11,3.02991215450632e-10
0.154000073671341,5.87661499679705e-21,-5.89768095471399e-11,-4.11214201578858e-10
0.154666736721992,-1.46985955882838e-20,-2.5908931250429e-11,-2.04514599699834e-10
0.155333414673805,8.8257166367339e-21,4.52428754182943e-11,3.02990632583544e-10
0.156000077724457,5.88748587872423e-21,-5.89769275083363e-11,-4.11215034246126e-10
0.156666740775108,-1.47139985960184e-20,-2.59087282877823e-11,-2.04513198043266e-10
0.157333418726921,8.81852000384598e-21,4.52427921515675e-11,3.02990105227607e-10
0.158000081777573,5.90286182537427e-21,-5.89770454695326e-11,-4.11215866913395e-10
0.158666744828224,-1.47112520978907e-20,-2.59085305293061e-11,-2.04511851897848e-10
0.159333407878876,8.80234070649361e-21,4.52427123542876e-11,3.02989577871671e-10
0.160000085830688,5.90175272480686e-21,-5.89771564918351e-11,-4.11216699580663e-10
0.16066674888134,-1.46964840158998e-20,-2.59083397097237e-11,-2.04510533508007e-10
0.161333411931992,8.80101592504382e-21,4.52426360264546e-11,3.02989106026885e-10
0.162000074982643,5.88965399665792e-21,-5.89772744530315e-11,-4.11217532247932e-10
0.162666752934456,-1.46918876705039e-20,-2.59081506248648e-11,-2.04509242873741e-10
0.163333415985107,8.81161498443572e-21,4.52425631680686e-11,3.029886341821e-10
0.164000079035759,5.88307532584871e-21,-5.89773924142278e-11,-4.112183649152e-10
0.164666742086411,-1.47009010311239e-20,-2.59079650094529e-11,-2.04507966117262e-10
0.165333420038223,8.82071073999953e-21,4.52424972485765e-11,3.02988217848466e-10
0.166000083088875,5.89072715041161e-21,-5.89775103754242e-11,-4.11219197582469e-10
0.166666746139526,-1.47104087614069e-20,-2.5907779394041e-11,-2.04506703238572e-10
0.167333424091339,8.8154156531682e-21,4.52424313290845e-11,3.02987801514831e-10
0.168000087141991,5.90041744204069e-21,-5.89776283366206e-11,-4.11220058005313e-10
0.168666750192642,-1.47066395966235e-20,-2.5907597248076e-11,-2.04505454237669e-10
0.169333413243294,8.80514617355161e-21,4.52423688790393e-11,3.02987412936773e-10
0.170000091195107,5.89839836202011e-21,-5.89777462978169e-11,-4.11220918428157e-10
0.170666754245758,-1.46965050185326e-20,-2.59074133673876e-11,-2.04504191358978e-10
0.17133341729641,8.80401930152572e-21,4.52423064289942e-11,3.02987024358714e-10
0.172000080347061,5.88770721416158e-21,-5.89778711979072e-11,-4.11221806606576e-10
0.172666758298874,-1.46952497073295e-20,-2.59072294866991e-11,-2.04502942358076e-10
0.173333421349525,8.81498994595842e-21,4.5242247448396e-11,3.02986663536231e-10
0.174000084400177,5.886909921911e-21,-5.89779960979975e-11,-4.11222694784996e-10
0.174666747450829,-1.47031095387359e-20,-2.59070456060106e-11,-2.04501679479385e-10
0.175333425402641,8.81785761312108e-21,4.52421884677978e-11,3.02986274958172e-10
0.176000088453293,5.89319899872646e-21,-5.89781209980877e-11,-4.11223582963416e-10
0.176666751503944,-1.4707877136368e-20,-2.59068617253222e-11,-2.04500416600695e-10
0.177333414554596,8.81256979643185e-21,4.52421329566466e-11,3.02985914135689e-10
0.178000092506409,5.89673026830437e-21,-5.89782528370719e-11,-4.11224498897411e-10
0.17866675555706,-1.47039577219812e-20,-2.59066761099103e-11,-2.04499153722004e-10
0.179333418607712,8.80758409453666e-21,4.52420739760484e-11,3.02985581068782e-10
0.180000096559525,5.89410332362466e-21,-5.89783777371622e-11,-4.11225414831407e-10
0.180666759610176,-1.46971367131019e-20,-2.59064904944983e-11,-2.04497876965526e-10
0.181333422660828,8.81058262425716e-21,4.52420149954502e-11,3.02985220246299e-10
0.182000085711479,5.88868020151296e-21,-5.89785095761464e-11,-4.11226330765402e-10
0.182666763663292,-1.4698996253893e-20,-2.59063031443629e-11,-2.04496600209048e-10
0.183333426713943,8.8143622903569e-21,4.5241959484299e-11,3.02984859423816e-10
0.184000089764595,5.89051429680672e-21,-5.89786344762366e-11,-4.11227246699397e-10
0.184666752815247,-1.47044504760571e-20,-2.59061157942275e-11,-2.04495309574781e-10
0.185333430767059,8.81316110132285e-21,4.52419005037008e-11,3.02984498601333e-10
0.186000093817711,5.89249662222e-21,-5.89787663152208e-11,-4.11228162633392e-10
0.186666756868362,-1.47047380505669e-20,-2.59059284440921e-11,-2.04494018940515e-10
0.187333419919014,8.8111634278318e-21,4.52418415231026e-11,3.0298413777885e-10
0.188000097870827,5.89370790867364e-21,-5.8978898154205e-11,-4.11229106322963e-10
0.188666760921478,-1.4702458457121e-20,-2.59057393592332e-11,-2.04492728306249e-10
0.18933342397213,8.81001070641176e-21,4.52417825425044e-11,3.02983749200791e-10
0.190000101923943,5.89116618621524e-21,-5.89790299931892e-11,-4.11230022256959e-10
0.190666764974594,-1.47001804792622e-20,-2.59055502743744e-11,-2.04491437671983e-10
0.191333428025246,8.81250274956579e-21,4.52417235619063e-11,3.02983388378308e-10
0.192000091075897,5.89064071649994e-21,-5.89791548932794e-11,-4.1123096594653e-10
0.19266676902771,-1.47013808605027e-20,-2.59053611895155e-11,-2.04490147037717e-10
0.193333432078362,8.8137612919431e-21,4.52416645813081e-11,3.02983027555825e-10
0.194000095129013,5.89139358010434e-21,-5.89792867322636e-11,-4.11231881880525e-10
0.194666758179665,-1.4701880076927e-20,-2.59051721046566e-11,-2.04488842525663e-10
0.195333436131477,8.81292522560131e-21,4.52416056007099e-11,3.02982666733342e-10
0.196000099182129,5.89306167382008e-21,-5.89794185712478e-11,-4.1123279781452e-10
0.19666676223278,-1.47006829268608e-20,-2.59049830197977e-11,-2.04487551891397e-10
0.197333425283432,8.81152612714336e-21,4.52415466201117e-11,3.02982278155284e-10
0.198000103235245,5.89175991448695e-21,-5.8979543471338e-11,-4.11233741504091e-10
0.198666766285896,-1.47001126246026e-20,-2.59047939349388e-11,-2.04486247379343e-10
0.199333429336548,8.81317321822636e-21,4.52414876395135e-11,3.02981917332801e-10
0.200000107288361,5.8907933894841e-21,-5.89796753103222e-11,-4.11234657438087e-10
0.200666770339012,-1.47008121738315e-20,-2.59046048500799e-11,-2.04484956745077e-10
0.201333433389664,8.81273700970021e-21,4.52414286589153e-11,3.02981528754742e-10
0.202000096440315,5.8909545443007e-21,-5.89798071493064e-11,-4.11235573372082e-10
0.202666774392128,-1.47016393544441e-20,-2.59044157652211e-11,-2.04483652233023e-10
0.20333343744278,8.81211985541506e-21,4.52413662088702e-11,3.02981167932259e-10
0.204000100493431,5.89319576755219e-21,-5.89799320493967e-11,-4.11236489306077e-10
0.204666763544083,-1.47010755145344e-20,-2.59042249456387e-11,-2.04482361598757e-10
0.205333441495895,8.81096632620146e-21,4.5241307228272e-11,3.02980779354201e-10
0.206000104546547,5.89212059431459e-21,-5.89800638883808e-11,-4.11237432995648e-10
0.206666767597198,-1.46996085614168e-20,-2.59040358607798e-11,-2.04481057086703e-10
0.20733343064785,8.81175554051637e-21,4.52412482476738e-11,3.02980418531718e-10
0.208000108599663,5.89061325151867e-21,-5.8980195727365e-11,-4.11238348929643e-10
0.208666771650314,-1.46994308468321e-20,-2.59038467759209e-11,-2.04479766452437e-10
0.209333434700966,8.81340667056721e-21,4.52411857976287e-11,3.02980029953659e-10
0.210000097751617,5.89071664909524e-21,-5.89803206274553e-11,-4.11239264863639e-10
0.21066677570343,-1.47006118410269e-20,-2.59036576910621e-11,-2.04478461940383e-10
0.211333438754082,8.81387276745533e-21,4.52411268170305e-11,3.02979669131176e-10
0.212000101804733,5.8923378907841e-21,-5.89804524664395e-11,-4.11240180797634e-10
0.212666779756546,-1.47012952343846e-20,-2.59034686062032e-11,-2.04477171306117e-10
0.213333442807198,8.8124219702091e-21,4.52410678364323e-11,3.02979280553117e-10
0.214000105857849,5.89188916145766e-21,-5.89805773665297e-11,-4.11241096731629e-10
0.214666768908501,-1.46997087278191e-20,-2.59032795213443e-11,-2.04475866794063e-10
0.215333446860313,8.81354965002856e-21,4.52410053863872e-11,3.02978891975059e-10
0.216000109910965,5.89169165593054e-21,-5.89807092055139e-11,-4.112420404212e-10
0.216666772961617,-1.47009785793063e-20,-2.59030904364854e-11,-2.04474576159797e-10
0.217333436012268,8.81322653260178e-21,4.5240946405789e-11,3.02978531152576e-10
0.218000113964081,5.89184352112113e-21,-5.89808410444981e-11,-4.11242956355196e-10
0.218666777014732,-1.47016151206371e-20,-2.59029013516265e-11,-2.0447328552553e-10
0.219333440065384,8.81312151943807e-21,4.52408874251908e-11,3.02978142574517e-10
0.220000103116035,5.89196832522722e-21,-5.89809659445883e-11,-4.11243872289191e-10
0.220666781067848,-1.4700346884737e-20,-2.59027122667677e-11,-2.04471981013477e-10
0.2213334441185,8.81188155631281e-21,4.52408249751457e-11,3.02977781752034e-10
0.222000107169151,5.89072715041161e-21,-5.89810977835725e-11,-4.11244788223186e-10
0.222666785120964,-1.47005666045872e-20,-2.59025231819088e-11,-2.0447069037921e-10
0.223333448171616,8.81214489701564e-21,4.52407659945475e-11,3.02977393173975e-10
0.224000111222267,5.89136611512306e-21,-5.89812226836628e-11,-4.11245704157182e-10
0.224666774272919,-1.46999963023289e-20,-2.59023340970499e-11,-2.04469399744944e-10
0.225333452224731,8.81206734883321e-21,4.52407070139493e-11,3.02977032351492e-10
0.226000115275383,5.88971862014327e-21,-5.8981354522647e-11,-4.11246620091177e-10
0.226666778326035,-1.47007200853649e-20,-2.5902145012191e-11,-2.0446809523289e-10
0.227333441376686,8.81382349204775e-21,4.52406445639042e-11,3.02976643773434e-10
0.228000119328499,5.89063869701603e-21,-5.89814863616311e-11,-4.11247536025172e-10
0.22866678237915,-1.47023841401128e-20,-2.59019559273321e-11,-2.04466804598624e-10
0.229333445429802,8.81456746992291e-21,4.5240585583306e-11,3.02976282950951e-10
0.230000108480453,5.89375314511339e-21,-5.89816112617214e-11,-4.11248479714743e-10
0.230666786432266,-1.47020012459621e-20,-2.59017668424733e-11,-2.04465513964358e-10
0.231333449482918,8.81247770796522e-21,4.52405266027078e-11,3.02975894372892e-10
0.232000112533569,5.89332541841969e-21,-5.89817431007056e-11,-4.11249395648738e-10
0.232666775584221,-1.46998670553582e-20,-2.59015777576144e-11,-2.04464209452304e-10
0.233333453536034,8.81187267058358e-21,4.52404641526627e-11,3.02975533550409e-10
0.234000116586685,5.89135440211634e-21,-5.89818680007959e-11,-4.11250311582734e-10
0.234666779637337,-1.46988896251422e-20,-2.59013886727555e-11,-2.04462918818038e-10
0.235333457589149,8.81272812397097e-21,4.52404051720645e-11,3.02975144972351e-10
0.236000120639801,5.88978324362863e-21,-5.898199983978e-11,-4.11251227516729e-10
0.236666783690453,-1.46997426551489e-20,-2.59011995878966e-11,-2.04461628183772e-10
0.237333446741104,8.81507072531512e-21,4.52403461914663e-11,3.02974784149868e-10
0.238000124692917,5.89088143898289e-21,-5.89821316787642e-11,-4.11252143450724e-10
0.238666787743568,-1.47021967320053e-20,-2.59010105030377e-11,-2.04460323671718e-10
0.23933345079422,8.81424435249613e-21,4.52402872108681e-11,3.02974395571809e-10
0.240000113844872,5.89319940262325e-21,-5.89822565788545e-11,-4.1125305938472e-10
0.240666791796684,-1.47015989647657e-20,-2.59008214181788e-11,-2.04459033037452e-10
0.241333454847336,8.81203180591626e-21,4.5240224760823e-11,3.02974034749326e-10
0.242000117897987,5.89219450742596e-21,-5.89823884178386e-11,-4.11254003074291e-10
0.242666780948639,-1.46984566477903e-20,-2.590063233332e-11,-2.04457742403186e-10
0.243333458900452,8.80950825881312e-21,4.52401657802248e-11,3.02973646171267e-10
0.244000121951103,5.88901382025611e-21,-5.89825133179289e-11,-4.11254919008286e-10
0.244666785001755,-1.46994276156578e-20,-2.59004432484611e-11,-2.04456437891132e-10
0.245333462953568,8.81297126983462e-21,4.52401067996266e-11,3.02973285348784e-10
0.246000126004219,5.88798994191001e-21,-5.89826451569131e-11,-4.11255834942281e-10
0.246666789054871,-1.47015908868301e-20,-2.59002558983257e-11,-2.04455147256866e-10
0.247333452105522,8.81520239566653e-21,4.52400443495815e-11,3.02972896770726e-10
0.248000130057335,5.89041049533336e-21,-5.89827769958973e-11,-4.11256750876277e-10
0.248666793107986,-1.47035102043451e-20,-2.59000668134668e-11,-2.044538566226e-10
0.249333456158638,8.81331458210057e-21,4.52399853689833e-11,3.02972535948243e-10
0.25000011920929,5.89245946371592e-21,-5.89829018959875e-11,-4.11257666810272e-10
0.250666797161102,-1.47025650858718e-20,-2.58998777286079e-11,-2.04452552110546e-10
0.251333445310593,8.81147281276794e-21,4.52399263883851e-11,3.02972147370184e-10
0.252000123262405,5.89190895240005e-21,-5.89830337349717e-11,-4.11258582744267e-10
0.252666801214218,-1.46998153565699e-20,-2.5899688643749e-11,-2.04451261476279e-10
0.253333449363708,8.81213762687353e-21,4.523986393834e-11,3.02971758792125e-10
0.254000127315521,5.89008333893875e-21,-5.8983158635062e-11,-4.11259526433838e-10
0.254666805267334,-1.47004664381849e-20,-2.58994995588901e-11,-2.04449970842013e-10
0.255333453416824,8.81516604495602e-21,4.52398049577418e-11,3.02971397969642e-10
0.256000131368637,5.89078894661948e-21,-5.89832904740462e-11,-4.11260442367833e-10
0.25666680932045,-1.47017459831949e-20,-2.58993104740313e-11,-2.04448666329959e-10
0.25733345746994,8.81484050414854e-21,4.52397459771436e-11,3.02971009391584e-10
0.258000135421753,5.89095212092e-21,-5.89834223130303e-11,-4.11261358301829e-10
0.258666783571243,-1.47025667014589e-20,-2.58991213891724e-11,-2.04447375695693e-10
0.259333461523056,8.81403028720089e-21,4.52396869965455e-11,3.02970648569101e-10
0.260000139474869,5.89211211248214e-21,-5.89835472131206e-11,-4.11262274235824e-10
0.260666787624359,-1.47014891048406e-20,-2.58989323043135e-11,-2.04446085061427e-10
0.261333465576172,8.81153905184043e-21,4.52396245465003e-11,3.02970259991042e-10
0.262000143527985,5.89086124414372e-21,-5.89836790521048e-11,-4.11263190169819e-10
0.262666791677475,-1.46996247172881e-20,-2.58987432194546e-11,-2.04444780549373e-10
0.263333469629288,8.81416034196517e-21,4.52395655659021e-11,3.02969899168559e-10
0.264000117778778,5.89036687448075e-21,-5.8983803952195e-11,-4.11264106103815e-10
0.264666795730591,-1.47004777472948e-20,-2.58985541345957e-11,-2.04443489915107e-10
0.265333473682404,8.81503033563677e-21,4.5239506585304e-11,3.02969510590501e-10
0.266000121831894,5.89005304667999e-21,-5.89839357911792e-11,-4.11265049793386e-10
0.266666799783707,-1.47017782949376e-20,-2.58983650497369e-11,-2.04442199280841e-10
0.267333477735519,8.81479688329592e-21,4.52394441352588e-11,3.02969149768018e-10
0.26800012588501,5.89097029627526e-21,-5.89840676301634e-11,-4.11265965727381e-10
0.268666803836823,-1.4703025528205e-20,-2.5898175964878e-11,-2.04440894768787e-10
0.269333481788635,8.81390750257871e-21,4.52393851546606e-11,3.02968761189959e-10
0.270000129938126,5.89199215513744e-21,-5.89841925302537e-11,-4.11266881661376e-10
0.270666807889938,-1.47007491659333e-20,-2.58979868800191e-11,-2.04439604134521e-10
0.271333456039429,8.81463774796323e-21,4.52393261740625e-11,3.02968400367476e-10
0.272000133991241,5.89040120570734e-21,-5.89843243692378e-11,-4.11267797595372e-10
0.272666811943054,-1.4701288772036e-20,-2.58977977951602e-11,-2.04438313500255e-10
0.273333460092545,8.81436632932474e-21,4.52392637240173e-11,3.02968011789417e-10
0.274000138044357,5.89164884287149e-21,-5.89844492693281e-11,-4.11268713529367e-10
0.27466681599617,-1.47012435355963e-20,-2.58976087103013e-11,-2.04437008988201e-10
0.27533346414566,8.81486796912981e-21,4.52392047434191e-11,3.02967650966934e-10
0.276000142097473,5.89180595872026e-21,-5.89845811083123e-11,-4.11269629463362e-10
0.276666790246964,-1.47013954007869e-20,-2.58974196254425e-11,-2.04435718353935e-10
0.277333468198776,8.81517573847882e-21,4.5239145762821e-11,3.02967262388876e-10
0.278000146150589,5.89063627363532e-21,-5.89847129472965e-11,-4.11270573152933e-10
0.278666794300079,-1.47018122222674e-20,-2.58972305405836e-11,-2.04434427719669e-10
0.279333472251892,8.81420153943708e-21,4.52390867822228e-11,3.02966901566393e-10
0.280000150203705,5.8903119445182e-21,-5.89848378473867e-11,-4.11271489086928e-10
0.280666798353195,-1.47006296124854e-20,-2.58970414557247e-11,-2.04433123207615e-10
0.281333476305008,8.8143550202148e-21,4.52390243321776e-11,3.02966512988334e-10
0.282000154256821,5.88919597770546e-21,-5.89849696863709e-11,-4.11272405020924e-10
0.282666802406311,-1.47010577430759e-20,-2.58968523708658e-11,-2.04431832573349e-10
0.283333480358124,8.81482354048363e-21,4.52389653515795e-11,3.02966152165851e-10
0.284000128507614,5.88834739056338e-21,-5.89850945864612e-11,-4.11273320954919e-10
0.284666806459427,-1.47027153354753e-20,-2.58966632860069e-11,-2.04430541939082e-10
0.28533348441124,8.81357469162913e-21,4.52389063709813e-11,3.02965763587792e-10
0.28600013256073,5.88959704721145e-21,-5.89852264254453e-11,-4.11274236888914e-10
0.286666810512543,-1.4702266202252e-20,-2.5896474201148e-11,-2.04429237427028e-10
0.287333488464355,8.81450688540539e-21,4.52388439209361e-11,3.02965402765309e-10
0.288000136613846,5.89037899138425e-21,-5.89853513255356e-11,-4.1127515282291e-10
0.288666814565659,-1.4701240304422e-20,-2.58962851162892e-11,-2.04427946792762e-10
0.289333492517471,8.81368455155424e-21,4.5238784940338e-11,3.02965014187251e-10
0.290000140666962,5.88910469703239e-21,-5.89854831645198e-11,-4.11276096512481e-10
0.290666818618774,-1.4700178863675e-20,-2.58960960314303e-11,-2.04426656158496e-10
0.291333466768265,8.81277982275926e-21,4.52387259597398e-11,3.02964653364768e-10
0.292000144720078,5.88731906935266e-21,-5.8985615003504e-11,-4.11277012446476e-10
0.29266682267189,-1.47008315608771e-20,-2.58959069465714e-11,-2.04425351646442e-10
0.293333470821381,8.81511596175486e-21,4.52386635096946e-11,3.02964264786709e-10
0.294000148773193,5.88855822468436e-21,-5.89857399035942e-11,-4.11277928380471e-10
0.294666826725006,-1.47025763949817e-20,-2.58957178617125e-11,-2.04424061012176e-10
0.295333474874496,8.81411995228682e-21,4.52386045290964e-11,3.02963903964226e-10
0.296000152826309,5.88857276496856e-21,-5.89858717425784e-11,-4.11278844314467e-10
0.2966668009758,-1.47020109394849e-20,-2.58955287768536e-11,-2.0442277037791e-10
0.297333478927612,8.81449072953405e-21,4.52385455484983e-11,3.02963515386168e-10
0.298000156879425,5.89027317042698e-21,-5.89859966426687e-11,-4.11279760248462e-10
0.298666805028915,-1.47010658210116e-20,-2.58953396919948e-11,-2.04421465865856e-10
0.299333482980728,8.81270389016396e-21,4.52384865679001e-11,3.02963154563685e-10
0.300000160932541,5.89033981339626e-21,-5.89861284816529e-11,-4.11280676182457e-10
0.300666809082031,-1.4700757243869e-20,-2.58951506071359e-11,-2.0442017523159e-10
0.301333487033844,8.81238319611789e-21,4.52384241178549e-11,3.02962765985626e-10
0.302000164985657,5.88799842374246e-21,-5.8986260320637e-11,-4.11281592116453e-10
0.302666813135147,-1.470005769464e-20,-2.5894961522277e-11,-2.04418870719536e-10
0.30333349108696,8.81486958471695e-21,4.52383651372568e-11,3.02962377407567e-10
0.30400013923645,5.88862648324076e-21,-5.89863852207273e-11,-4.11282535806023e-10
0.304666817188263,-1.47016942844066e-20,-2.58947724374181e-11,-2.0441758008527e-10
0.305333495140076,8.81493824717014e-21,4.52383061566586e-11,3.02962016585084e-10
0.306000143289566,5.889060672283e-21,-5.89865170597115e-11,-4.11283451740019e-10
0.306666821241379,-1.47018009131575e-20,-2.58945850872827e-11,-2.04416289451004e-10
0.307333499193192,8.81498833037129e-21,4.52382437066134e-11,3.02961628007026e-10
0.308000147342682,5.89067868279759e-21,-5.89866419598017e-11,-4.11284367674014e-10
0.308666825294495,-1.47018057599189e-20,-2.58943960024238e-11,-2.0441498493895e-10
0.309333473443985,8.81316433249712e-21,4.52381847260153e-11,3.02961267184543e-10
0.310000151395798,5.89101755219892e-21,-5.89867737987859e-11,-4.11285283608009e-10
0.31066682934761,-1.46994857767946e-20,-2.58942069175649e-11,-2.04413694304684e-10
0.311333477497101,8.81313121296088e-21,4.52381257454171e-11,3.02960878606484e-10
0.312000155448914,5.88849238950865e-21,-5.89869056377701e-11,-4.11286199542005e-10
0.312666833400726,-1.46989009342521e-20,-2.58940178327061e-11,-2.04412403670418e-10
0.313333481550217,8.81531144779807e-21,4.52380632953719e-11,3.02960517784001e-10
0.314000159502029,5.88826741900025e-21,-5.89870305378604e-11,-4.11287115476e-10
0.314666837453842,-1.4700492287579e-20,-2.58938287478472e-11,-2.04411099158364e-10
0.315333485603333,8.8164835562637e-21,4.52380043147738e-11,3.02960129205943e-10
0.316000163555145,5.89000781024024e-21,-5.89871623768445e-11,-4.11288059165571e-10
0.316666811704636,-1.47022015787667e-20,-2.58936396629883e-11,-2.04409808524098e-10
0.317333489656448,8.81422092648269e-21,4.52379453341756e-11,3.0295976838346e-10
0.318000167608261,5.89118113039623e-21,-5.89872872769348e-11,-4.11288975099566e-10
0.318666815757751,-1.47008364076385e-20,-2.58934505781294e-11,-2.04408517889831e-10
0.319333493709564,8.81180400813038e-21,4.52378863535774e-11,3.02959379805401e-10
0.320000171661377,5.88907602036077e-21,-5.8987419115919e-11,-4.11289891033562e-10
0.320666819810867,-1.46989574798018e-20,-2.58932614932705e-11,-2.04407213377777e-10
0.32133349776268,8.81546492857579e-21,4.52378239035323e-11,3.02959018982918e-10
0.322000175714493,5.88754848272567e-21,-5.89875509549032e-11,-4.11290806967557e-10
0.322666823863983,-1.47012289953121e-20,-2.58930724084117e-11,-2.04405922743511e-10
0.323333501815796,8.81667015657767e-21,4.52377649229341e-11,3.02958630404859e-10
0.324000149965286,5.88948597559599e-21,-5.89876758549934e-11,-4.11291722901552e-10
0.324666827917099,-1.47024180674426e-20,-2.58928833235528e-11,-2.04404632109245e-10
0.325333505868912,8.81577431351193e-21,4.52377059423359e-11,3.02958269582376e-10
0.326000154018402,5.89145376072507e-21,-5.89878076939776e-11,-4.11292638835548e-10
0.326666831970215,-1.47017508299563e-20,-2.58926942386939e-11,-2.04403327597191e-10
0.327333509922028,8.81394627666993e-21,4.52376434922908e-11,3.02957881004318e-10
0.328000158071518,5.88969075126521e-21,-5.89879325940679e-11,-4.11293582525118e-10
0.328666836023331,-1.46994760832718e-20,-2.5892505153835e-11,-2.04402036962925e-10
0.329333484172821,8.81491078218886e-21,4.52375845116926e-11,3.02957520181835e-10
0.330000162124634,5.88778274286009e-21,-5.8988064433052e-11,-4.11294498459114e-10
0.330666840076447,-1.47002354092247e-20,-2.58923160689761e-11,-2.04400746328659e-10
0.331333488225937,8.81642620292045e-21,4.52375255310944e-11,3.02957131603776e-10
0.33200016617775,5.88917739845342e-21,-5.89881962720362e-11,-4.11295414393109e-10
0.332666844129562,-1.47020739473831e-20,-2.58921269841172e-11,-2.04399441816605e-10
0.333333492279053,8.81584459155225e-21,4.52374630810493e-11,3.02956770781293e-10
0.334000170230865,5.89049369807076e-21,-5.89883211721265e-11,-4.11296330327104e-10
0.334666848182678,-1.47015553439131e-20,-2.58919378992584e-11,-2.04398151182339e-10
0.335333496332169,8.81424435249613e-21,4.52374041004511e-11,3.02956382203234e-10
0.336000174283981,5.89010797664254e-21,-5.89884530111107e-11,-4.112972462611e-10
0.336666822433472,-1.47003323444528e-20,-2.58917488143995e-11,-2.04396860548073e-10
0.337333500385284,8.81207865794315e-21,4.52373451198529e-11,3.02956021380751e-10
0.338000178337097,5.88768055697387e-21,-5.89885779112009e-11,-4.11298162195095e-10
0.338666826486588,-1.46994987014917e-20,-2.58915597295406e-11,-2.04395556036019e-10
0.3393335044384,8.81689310760215e-21,4.52372826698078e-11,3.02955632802693e-10
0.340000182390213,5.8880266965173e-21,-5.89887097501851e-11,-4.11299105884666e-10
0.340666830539703,-1.47020287109434e-20,-2.58913706446817e-11,-2.04394265401753e-10
0.341333508491516,8.81568060945816e-21,4.52372236892096e-11,3.0295527198021e-10
0.342000156641006,5.88875128734686e-21,-5.89888415891693e-11,-4.11300021818661e-10
0.342666834592819,-1.47021886540696e-20,-2.58911815598228e-11,-2.04392974767487e-10
0.343333512544632,8.81543423242024e-21,4.52371647086114e-11,3.02954883402151e-10
0.344000160694122,5.8902214716387e-21,-5.89889664892596e-11,-4.11300937752657e-10
0.344666838645935,-1.47016781285353e-20,-2.5890992474964e-11,-2.04391670255433e-10
0.345333516597748,8.81353510974435e-21,4.52371057280132e-11,3.02954494824093e-10
0.346000164747238,5.88862607934398e-21,-5.89890983282437e-11,-4.11301853686652e-10
0.346666842699051,-1.47005245993217e-20,-2.58908033901051e-11,-2.04390379621167e-10
0.347333520650864,8.81461109077552e-21,4.52370432779681e-11,3.0295413400161e-10
0.348000168800354,5.88841888029406e-21,-5.8989223228334e-11,-4.11302769620647e-10
0.348666846752167,-1.47013016967331e-20,-2.58906143052462e-11,-2.043890889869e-10
0.349333494901657,8.814731452017e-21,4.52369842973699e-11,3.02953745423551e-10
0.35000017285347,5.88811272653218e-21,-5.89893550673182e-11,-4.11303685554643e-10
0.350666850805283,-1.47006667709895e-20,-2.58904252203873e-11,-2.04387784474847e-10
0.351333498954773,8.81548835458923e-21,4.52369253167717e-11,3.02953384601068e-10
0.352000176906586,5.88871089766851e-21,-5.89894869063023e-11,-4.11304601488638e-10
0.352666854858398,-1.47014842580792e-20,-2.58902361355284e-11,-2.0438649384058e-10
0.353333503007889,8.81611358681004e-21,4.52368628667266e-11,3.02952996023009e-10
0.354000180959702,5.88862486765363e-21,-5.89896118063926e-11,-4.11305545178209e-10
0.354666829109192,-1.47021030279515e-20,-2.58900470506696e-11,-2.04385203206314e-10
0.355333507061005,8.81396566371553e-21,4.52368038861284e-11,3.02952635200526e-10
0.356000185012817,5.88804648745969e-21,-5.89897436453768e-11,-4.11306461112204e-10
0.356666833162308,-1.47012661538162e-20,-2.58898579658107e-11,-2.0438389869426e-10
0.35733351111412,8.81567737828389e-21,4.52367449055302e-11,3.02952246622468e-10
0.358000189065933,5.88817169546257e-21,-5.89898685454671e-11,-4.11307377046199e-10
0.358666837215424,-1.47011304444969e-20,-2.58896688809518e-11,-2.04382608059994e-10
0.359333515167236,8.81596414500016e-21,4.52366824554851e-11,3.02951885799985e-10
0.360000193119049,5.88818704354034e-21,-5.89900003844512e-11,-4.11308292980195e-10
0.360666841268539,-1.4701264538229e-20,-2.58894797960929e-11,-2.04381317425728e-10
0.361333519220352,8.81423304338619e-21,4.52366234748869e-11,3.02951497221926e-10
0.362000167369843,5.88701049221009e-21,-5.89901322234354e-11,-4.1130920891419e-10
0.362666845321655,-1.47008751817298e-20,-2.5889290711234e-11,-2.04380012913674e-10
0.363333523273468,8.81495924980288e-21,4.52365644942887e-11,3.02951136399443e-10
0.364000171422958,5.88624228052792e-21,-5.89902571235257e-11,-4.11310124848185e-10
0.364666849374771,-1.47016878220581e-20,-2.58891016263751e-11,-2.04378722279408e-10
0.365333527326584,8.81648759523154e-21,4.52365020442436e-11,3.02950747821384e-10
0.366000175476074,5.88740186819327e-21,-5.89903889625099e-11,-4.11311068537756e-10
0.366666853427887,-1.47018025287446e-20,-2.58889125415163e-11,-2.04377417767354e-10
0.3673335313797,8.81488735617542e-21,4.52364430636454e-11,3.02950386998901e-10
0.36800017952919,5.88708400142468e-21,-5.89905138626001e-11,-4.11311984471752e-10
0.368666857481003,-1.47010642054244e-20,-2.58887234566574e-11,-2.04376127133088e-10
0.369333505630493,8.81652394594205e-21,4.52363840830472e-11,3.02949998420843e-10
0.370000183582306,5.88691436477562e-21,-5.89906457015843e-11,-4.11312900405747e-10
0.370666861534119,-1.47024164518555e-20,-2.5888536106522e-11,-2.04374836498822e-10
0.371333509683609,8.81525490224838e-21,4.5236325102449e-11,3.0294963759836e-10
0.372000187635422,5.8874915332792e-21,-5.89907706016746e-11,-4.11313816339742e-10
0.372666865587234,-1.47014664866208e-20,-2.58883470216631e-11,-2.04373531986768e-10
0.373333513736725,8.81442852942939e-21,4.52362626524039e-11,3.02949249020301e-10
0.374000191688538,5.8882149124184e-21,-5.89909024406587e-11,-4.11314732273738e-10
0.374666839838028,-1.47006893892094e-20,-2.58881579368042e-11,-2.04372241352502e-10
0.375333517789841,8.81385176482259e-21,4.52362036718057e-11,3.02948888197818e-10
0.376000195741653,5.8865678213354e-21,-5.89910342796429e-11,-4.11315648207733e-10
0.376666843891144,-1.47012726161647e-20,-2.58879688519453e-11,-2.04370950718236e-10
0.377333521842957,8.81432917082066e-21,4.52361446912075e-11,3.0294849961976e-10
0.378000199794769,5.88726171600941e-21,-5.89911591797332e-11,-4.11316591897304e-10
0.37866684794426,-1.47013566266957e-20,-2.58877797670864e-11,-2.04369646206182e-10
0.379333525896072,8.81433159420136e-21,4.52360822411624e-11,3.02948138797277e-10
0.380000203847885,5.88584848116403e-21,-5.89912910187174e-11,-4.11317507831299e-10
0.380666851997375,-1.47017185182136e-20,-2.58875906822276e-11,-2.04368355571916e-10
0.381333529949188,8.81628726242694e-21,4.52360232605642e-11,3.02947750219218e-10
0.382000178098679,5.88684529842565e-21,-5.89914159188076e-11,-4.11318423765294e-10
0.382666856050491,-1.47031580063499e-20,-2.58874015973687e-11,-2.04367064937649e-10
0.383333534002304,8.81420880957918e-21,4.5235964279966e-11,3.02947361641159e-10
0.384000182151794,5.88848713885046e-21,-5.89915477577918e-11,-4.1131933969929e-10
0.384666860103607,-1.47009252649309e-20,-2.58872125125098e-11,-2.04365760425596e-10
0.38533353805542,8.81411187435115e-21,4.52359018299209e-11,3.02947000818676e-10
0.38600018620491,5.88718214834306e-21,-5.8991679596776e-11,-4.11320255633285e-10
0.386666864156723,-1.47009575766736e-20,-2.58870234276509e-11,-2.04364469791329e-10
0.387333512306213,8.81547704547929e-21,4.52358428493227e-11,3.02946612240618e-10
0.388000190258026,5.88638081712465e-21,-5.89918044968663e-11,-4.1132117156728e-10
0.388666868209839,-1.47012176862021e-20,-2.5886834342792e-11,-2.04363179157063e-10
0.389333516359329,8.81447942042411e-21,4.52357838687245e-11,3.02946251418135e-10
0.390000194311142,5.88660901880731e-21,-5.89919363358504e-11,-4.11322087501276e-10
0.390666872262955,-1.47020206330077e-20,-2.58866452579332e-11,-2.04361874645009e-10
0.391333520412445,8.81577754468619e-21,4.52357214186794e-11,3.02945862840076e-10
0.392000198364258,5.88701170390044e-21,-5.89920612359407e-11,-4.11323031190847e-10
0.392666876316071,-1.47031127699102e-20,-2.58864561730743e-11,-2.04360584010743e-10
0.393333524465561,8.81355368899639e-21,4.52356624380812e-11,3.02945502017593e-10
0.394000202417374,5.88749597614382e-21,-5.89921930749249e-11,-4.11323947124842e-10
0.394666850566864,-1.4701831609313e-20,-2.58862670882154e-11,-2.04359293376477e-10
0.395333528518677,8.81218043993258e-21,4.5235603457483e-11,3.02945113439534e-10
0.39600020647049,5.88435285137483e-21,-5.8992324913909e-11,-4.11324863058837e-10
0.39666685461998,-1.47003759653054e-20,-2.58860780033565e-11,-2.04357988864423e-10
0.397333532571793,8.8153082166238e-21,4.52355410074379e-11,3.02944752617051e-10
0.398000210523605,5.88340732900472e-21,-5.89924498139993e-11,-4.11325778992833e-10
0.398666858673096,-1.47028639694916e-20,-2.58858889184976e-11,-2.04356698230157e-10
0.399333536624908,8.81719279901548e-21,4.52354820268397e-11,3.02944364038993e-10
0.400000214576721,5.88624308832149e-21,-5.89925816529835e-11,-4.11326694926828e-10
0.400666862726212,-1.47050918641492e-20,-2.58856998336388e-11,-2.04355407595891e-10
0.401333540678024,8.81440591120952e-21,4.52354230462415e-11,3.0294400321651e-10
0.402000188827515,5.88891769282165e-21,-5.89927065530738e-11,-4.11327610860823e-10
0.402666866779327,-1.47021175682357e-20,-2.58855107487799e-11,-2.04354103083837e-10
0.40333354473114,8.81266753945345e-21,4.52353640656433e-11,3.02943614638451e-10
0.40400019288063,5.88722617309246e-21,-5.89928383920579e-11,-4.11328554550394e-10
0.404666870832443,-1.46988653913352e-20,-2.5885321663921e-11,-2.04352812449571e-10
0.405333548784256,8.81364739305016e-21,4.52353016155982e-11,3.02943253815968e-10
0.406000196933746,5.88397359229515e-21,-5.89929702310421e-11,-4.1132947048439e-10
0.406666874885559,-1.47000059958517e-20,-2.58851325790621e-11,-2.04351521815305e-10
0.407333523035049,8.81659503177594e-21,4.5235242635e-11,3.0294286523791e-10
0.408000200986862,5.88337663284918e-21,-5.89930951311324e-11,-4.11330386418385e-10
0.408666878938675,-1.47032355545324e-20,-2.58849434942032e-11,-2.04350217303251e-10
0.409333527088165,8.8189861007341e-21,4.52351836544018e-11,3.02942504415427e-10
0.410000205039978,5.88765713096043e-21,-5.89932269701166e-11,-4.1133130235238e-10
0.410666882991791,-1.47052728099082e-20,-2.58847544093443e-11,-2.04348926668985e-10
0.411333531141281,8.81447780483698e-21,4.52351212043567e-11,3.02942115837368e-10
0.412000209093094,5.88948516780243e-21,-5.89933518702068e-11,-4.11332218286375e-10
0.412666887044907,-1.47015020295377e-20,-2.58845653244855e-11,-2.04347636034719e-10
0.413333535194397,8.81326530669299e-21,4.52350622237585e-11,3.02941755014885e-10
0.41400021314621,5.88596399564411e-21,-5.8993483709191e-11,-4.11333134220371e-10
0.4146668612957,-1.46999074450365e-20,-2.58843762396266e-11,-2.04346331522665e-10
0.415333539247513,8.81513534880047e-21,4.52350032431603e-11,3.02941366436826e-10
0.416000217199326,5.88413636269889e-21,-5.89936155481752e-11,-4.11334050154366e-10
0.416666865348816,-1.47007782465017e-20,-2.58841871547677e-11,-2.04345040888398e-10
0.417333543300629,8.81764597120654e-21,4.52349407931152e-11,3.02940977858768e-10
0.418000221252441,5.88551243904018e-21,-5.89937404482654e-11,-4.11334993843937e-10
0.418666869401932,-1.47032258610096e-20,-2.58839980699088e-11,-2.04343736376345e-10
0.419333547353745,8.81600130350424e-21,4.5234881812517e-11,3.02940617036285e-10
0.420000195503235,5.88658316941317e-21,-5.89938722872496e-11,-4.11335909777932e-10
0.420666873455048,-1.4702434223314e-20,-2.58838089850499e-11,-2.04342445742078e-10
0.42133355140686,8.81545846622725e-21,4.52348228319188e-11,3.02940228458226e-10
0.422000199556351,5.88743943059413e-21,-5.89939971873399e-11,-4.11336825711928e-10
0.422666877508163,-1.47020594070989e-20,-2.58836199001911e-11,-2.04341155107812e-10
0.423333555459976,8.81237592597578e-21,4.52347603818737e-11,3.02939867635743e-10
0.424000203609467,5.88587917731958e-21,-5.89941290263241e-11,-4.11337741645923e-10
0.424666881561279,-1.47003533470855e-20,-2.58834308153322e-11,-2.04339850595758e-10
0.425333559513092,8.81413368477746e-21,4.52347014012755e-11,3.02939479057684e-10
0.426000207662582,5.88431569287075e-21,-5.89942539264143e-11,-4.11338657579918e-10
0.426666885614395,-1.47008444855742e-20,-2.58832417304733e-11,-2.04338559961492e-10
0.427333533763885,8.8154083830261e-21,4.52346424206773e-11,3.02939118235201e-10
0.428000211715698,5.88386332847326e-21,-5.89943857653985e-11,-4.11339573513914e-10
0.428666889667511,-1.47020254797691e-20,-2.58830526456144e-11,-2.04337269327226e-10
0.429333537817001,8.81645851466313e-21,4.52345799706322e-11,3.02938729657143e-10
0.430000215768814,5.8853508803268e-21,-5.89945176043827e-11,-4.11340517203485e-10
0.430666893720627,-1.47035005108223e-20,-2.58828635607555e-11,-2.04335964815172e-10
0.431333541870117,8.81626222082636e-21,4.5234520990034e-11,3.0293836883466e-10
0.43200021982193,5.88751011253124e-21,-5.89946425044729e-11,-4.1134143313748e-10
0.432666897773743,-1.47031806245698e-20,-2.58826744758966e-11,-2.04334674180906e-10
0.433333545923233,8.81322087804681e-21,4.52344620094358e-11,3.02937980256601e-10
0.434000223875046,5.88673382291341e-21,-5.89947743434571e-11,-4.11342349071475e-10
0.434666872024536,-1.47011740653495e-20,-2.58824853910378e-11,-2.0433338354664e-10
0.435333549976349,8.81438894754461e-21,4.52344030288376e-11,3.02937619434118e-10
0.436000227928162,5.88430115258655e-21,-5.89948992435474e-11,-4.1134326500547e-10
0.436666876077652,-1.47011175197998e-20,-2.58822963061789e-11,-2.04332079034586e-10
0.437333554029465,8.81565233668332e-21,4.52343405787925e-11,3.0293723085606e-10
0.438000231981277,5.8839210857133e-21,-5.89950310825316e-11,-4.11344180939466e-10
0.438666880130768,-1.47029770605909e-20,-2.588210722132e-11,-2.0433078840032e-10
0.439333558082581,8.8161830570568e-21,4.52342815981943e-11,3.02936870033577e-10
0.440000206232071,5.88638364440214e-21,-5.89951629215157e-11,-4.11345096873461e-10
0.440666884183884,-1.4703557056372e-20,-2.58819198711846e-11,-2.04329497766054e-10
0.441333562135696,8.81476618714038e-21,4.52342226175961e-11,3.02936481455518e-10
0.442000210285187,5.88743216045203e-21,-5.8995287821606e-11,-4.11346012807456e-10
0.442666888237,-1.47018332249001e-20,-2.58817307863257e-11,-2.04328193254e-10
0.443333566188812,8.81297207762819e-21,4.5234160167551e-11,3.02936120633035e-10
0.444000214338303,5.88562916521061e-21,-5.89954196605902e-11,-4.11346956497027e-10
0.444666892290115,-1.4699912291798e-20,-2.58815417014668e-11,-2.04326902619734e-10
0.445333570241928,8.81446811131417e-21,4.52341011869528e-11,3.02935732054976e-10
0.446000218391418,5.88236608309693e-21,-5.89955445606805e-11,-4.11347872431023e-10
0.446666896343231,-1.47002774144902e-20,-2.5881352616608e-11,-2.04325611985468e-10
0.447333544492722,8.81670085273321e-21,4.52340422063546e-11,3.02935343476918e-10
0.448000222444534,5.88365895670083e-21,-5.89956763996646e-11,-4.11348788365018e-10
0.448666900396347,-1.47026700990355e-20,-2.58811635317491e-11,-2.04324307473414e-10
0.449333548545837,8.81672589433379e-21,4.52339797563095e-11,3.02934982654435e-10
0.45000022649765,5.88543165968349e-21,-5.89958082386488e-11,-4.11349704299013e-10
0.450666904449463,-1.47029221306284e-20,-2.58809744468902e-11,-2.04323016839147e-10
0.451333552598953,8.81482596386433e-21,4.52339207757113e-11,3.02934594076376e-10
0.452000230550766,5.8858468655769e-21,-5.89959331387391e-11,-4.11350620233009e-10
0.452666878700256,-1.47021224149971e-20,-2.58807853620313e-11,-2.04321726204881e-10
0.453333556652069,8.81284525403818e-21,4.52338617951131e-11,3.02934233253893e-10
0.454000234603882,5.88516306832248e-21,-5.89960649777233e-11,-4.11351536167004e-10
0.454666882753372,-1.47016054271143e-20,-2.58805962771724e-11,-2.04320421692827e-10
0.455333560705185,8.81480657681872e-21,4.5233799345068e-11,3.02933844675835e-10
0.456000238656998,5.88456772446364e-21,-5.89961898778135e-11,-4.11352479856575e-10
0.456666886806488,-1.47013743981541e-20,-2.58804071923135e-11,-2.04319131058561e-10
0.457333564758301,8.81535102968285e-21,4.52337403644698e-11,3.02933483853352e-10
0.458000242710114,5.88365491773299e-21,-5.89963217167977e-11,-4.1135339579057e-10
0.458666890859604,-1.47035037419966e-20,-2.58802181074547e-11,-2.04317840424295e-10
0.459333568811417,8.81546331298865e-21,4.52336813838716e-11,3.02933095275293e-10
0.460000216960907,5.8844610957128e-21,-5.89964535557819e-11,-4.11354311724565e-10
0.46066689491272,-1.4703376110613e-20,-2.58800290225958e-11,-2.04316535912241e-10
0.461333572864532,8.8143550202148e-21,4.52336189338265e-11,3.0293273445281e-10
0.462000221014023,5.88529635426103e-21,-5.89965784558721e-11,-4.11355227658561e-10
0.462666898965836,-1.47023001295818e-20,-2.58798399377369e-11,-2.04315245277975e-10
0.463333576917648,8.81535749203138e-21,4.52335599532283e-11,3.02932345874751e-10
0.464000225067139,5.88499706674447e-21,-5.89967102948563e-11,-4.11356143592556e-10
0.464666903018951,-1.47027541095665e-20,-2.5879650852878e-11,-2.04313940765921e-10
0.465333551168442,8.81545604284655e-21,4.52335009726301e-11,3.02931985052268e-10
0.466000229120255,5.88540621418613e-21,-5.89968351949466e-11,-4.11357059526551e-10
0.466666907072067,-1.47026087067244e-20,-2.58794617680191e-11,-2.04312650131655e-10
0.467333555221558,8.81504568371454e-21,4.5233438522585e-11,3.0293159647421e-10
0.46800023317337,5.88447442430666e-21,-5.89969670339308e-11,-4.11357975460547e-10
0.468666911125183,-1.47023227478017e-20,-2.58792726831603e-11,-2.04311359497389e-10
0.469333559274673,8.8157969317318e-21,4.52333795419868e-11,3.02931235651727e-10
0.470000237226486,5.883639973552e-21,-5.8997091934021e-11,-4.11358919150118e-10
0.470666915178299,-1.47023599063058e-20,-2.58790835983014e-11,-2.04310054985335e-10
0.471333563327789,8.81634380797662e-21,4.52333205613886e-11,3.02930847073668e-10
0.472000241279602,5.88396793774018e-21,-5.89972237730052e-11,-4.11359835084113e-10
0.472666889429092,-1.47025053091478e-20,-2.58788945134425e-11,-2.04308764351069e-10
0.473333567380905,8.81517412289168e-21,4.52332615807904e-11,3.02930486251185e-10
0.474000245332718,5.88372923474115e-21,-5.89973556119894e-11,-4.11360751018108e-10
0.474666893482208,-1.47022064255281e-20,-2.58787054285836e-11,-2.04307473716803e-10
0.475333571434021,8.81524682431271e-21,4.52331991307453e-11,3.02930097673126e-10
0.476000249385834,5.88373206201863e-21,-5.89974805120796e-11,-4.11361666952104e-10
0.476666897535324,-1.47022710490134e-20,-2.58785163437247e-11,-2.04306169204749e-10
0.477333575487137,8.81496328877071e-21,4.52331401501471e-11,3.02929709095068e-10
0.47800025343895,5.88284914364996e-21,-5.89976123510638e-11,-4.11362582886099e-10
0.47866690158844,-1.47015165698219e-20,-2.58783272588659e-11,-2.04304878570483e-10
0.479333579540253,8.81695692329394e-21,4.52330811695489e-11,3.02929348272585e-10
0.480000227689743,5.882946078878e-21,-5.89977372511541e-11,-4.11363498820094e-10
0.480666905641556,-1.47027088731267e-20,-2.5878138174007e-11,-2.04303587936217e-10
0.481333583593369,8.8154035362647e-21,4.52330187195038e-11,3.02928959694526e-10
0.482000231742859,5.88296586982039e-21,-5.89978690901383e-11,-4.11364442509665e-10
0.482666909694672,-1.47023372880859e-20,-2.58779490891481e-11,-2.04302283424163e-10
0.483333587646484,8.81669842935251e-21,4.52329597389056e-11,3.02928598872043e-10
0.484000235795975,5.88481612098548e-21,-5.89980009291224e-11,-4.11365358443661e-10
0.484666913747787,-1.4702314669866e-20,-2.58777600042892e-11,-2.04300992789896e-10
0.485333561897278,8.8155182429512e-21,4.52329007583074e-11,3.02928210293985e-10
0.486000239849091,5.88421108360383e-21,-5.89981258292127e-11,-4.11366274377656e-10
0.486666917800903,-1.47027201822367e-20,-2.58775709194303e-11,-2.0429970215563e-10
0.487333565950394,8.81507314869582e-21,4.52328383082623e-11,3.02927849471502e-10
0.488000243902206,5.88397197670802e-21,-5.89982576681969e-11,-4.11367190311651e-10
0.488666921854019,-1.47018978483855e-20,-2.58773818345714e-11,-2.04298397643576e-10
0.48933357000351,8.81673154888876e-21,4.52327793276641e-11,3.02927460893443e-10
0.490000247955322,5.88294325160051e-21,-5.89983825682872e-11,-4.11368106245646e-10
0.490666925907135,-1.47035263602165e-20,-2.58771927497126e-11,-2.0429710700931e-10
0.491333574056625,8.81671216184315e-21,4.52327203470659e-11,3.0292710007096e-10
0.492000252008438,5.8842094680167e-21,-5.89985144072713e-11,-4.11369022179642e-10
0.492666900157928,-1.47032597883394e-20,-2.58770036648537e-11,-2.04295816375044e-10
0.493333578109741,8.81566930034822e-21,4.52326578970208e-11,3.02926711492901e-10
0.494000256061554,5.88349214732925e-21,-5.89986462462555e-11,-4.11369938113637e-10
0.494666904211044,-1.47019915524393e-20,-2.58768145799948e-11,-2.0429451186299e-10
0.495333582162857,8.81618224926323e-21,4.52325989164226e-11,3.02926350670418e-10
0.49600026011467,5.8838281894531e-21,-5.89987711463458e-11,-4.11370881803208e-10
0.49666690826416,-1.47017492143692e-20,-2.58766254951359e-11,-2.04293221228724e-10
0.497333586215973,8.81656110444613e-21,4.52325399358244e-11,3.0292596209236e-10
0.498000234365463,5.88292426845169e-21,-5.89989029853299e-11,-4.11371797737203e-10
0.498666912317276,-1.4701542419216e-20,-2.5876436410277e-11,-2.04291930594458e-10
0.499333590269089,8.81682444514896e-21,4.52324774857793e-11,3.02925601269877e-10
0.500000238418579,5.88253248857172e-21,-5.89990278854202e-11,-4.11372713671199e-10
0.500666916370392,-1.47022451996193e-20,-2.58762473254182e-11,-2.04290626082404e-10
0.501333594322205,8.81827039563379e-21,4.52324185051811e-11,3.02925212691818e-10
0.502000272274017,5.88423208623657e-21,-5.89991597244044e-11,-4.11373629605194e-10
0.502666890621185,-1.47032048583768e-20,-2.58760582405593e-11,-2.04289335448138e-10
0.503333568572998,8.81598353204577e-21,4.52323595245829e-11,3.02924851869335e-10
0.504000246524811,5.88406325738108e-21,-5.89992915633886e-11,-4.11374545539189e-10
0.504666924476624,-1.47005262149088e-20,-2.58758691557004e-11,-2.04288044813872e-10
0.505333602428436,8.81507476428295e-21,4.52322970745378e-11,3.02924463291276e-10
0.506000280380249,5.88326313785302e-21,-5.89994164634788e-11,-4.11375461473185e-10
0.506666898727417,-1.47001707857394e-20,-2.58756800708415e-11,-2.04286740301818e-10
0.50733357667923,8.81602311393055e-21,4.52322380939396e-11,3.02924074713218e-10
0.508000254631042,5.88246503780888e-21,-5.8999548302463e-11,-4.1137637740718e-10
0.508666932582855,-1.47003452691498e-20,-2.58754909859826e-11,-2.04285449667552e-10
0.509333610534668,8.81653525505199e-21,4.52321791133414e-11,3.02923713890735e-10
0.510000228881836,5.88239395197499e-21,-5.89996732025533e-11,-4.11377321096751e-10
0.510666906833649,-1.47022985139947e-20,-2.58753019011237e-11,-2.04284145155498e-10
0.511333584785461,8.81773805967317e-21,4.52321166632963e-11,3.02923325312676e-10
0.512000262737274,5.88352849803976e-21,-5.89998050415375e-11,-4.11378237030746e-10
0.512666940689087,-1.47032727130364e-20,-2.58751128162649e-11,-2.04282854521232e-10
0.5133336186409,8.8165716057625e-21,4.52320576826981e-11,3.02922964490193e-10
0.514000236988068,5.88456974394756e-21,-5.89999299416277e-11,-4.11379152964741e-10
0.51466691493988,-1.47023906024613e-20,-2.5874923731406e-11,-2.04281563886966e-10
0.515333592891693,8.81495924980288e-21,4.52319987020999e-11,3.02922575912135e-10
0.516000270843506,5.88351234216843e-21,-5.90000617806119e-11,-4.11380068898737e-10
0.516666948795319,-1.47003097262329e-20,-2.58747346465471e-11,-2.04280259374912e-10
0.517333567142487,8.8150174109397e-21,4.52319362520548e-11,3.02922215089652e-10
0.518000245094299,5.88187454071144e-21,-5.90001936195961e-11,-4.11380984832732e-10
0.518666923046112,-1.47002273312891e-20,-2.58745472964117e-11,-2.04278968740645e-10
0.519333600997925,8.81797635877542e-21,4.52318772714566e-11,3.02921826511593e-10
0.520000278949738,5.88198359284298e-21,-5.90003185196863e-11,-4.11381900766727e-10
0.520666897296906,-1.47033131027148e-20,-2.58743582115528e-11,-2.04277678106379e-10
0.521333575248718,8.81696338564247e-21,4.52318182908584e-11,3.0292146568911e-10
0.522000253200531,5.88353455649152e-21,-5.90004503586705e-11,-4.11382844456298e-10
0.522666931152344,-1.47029609047196e-20,-2.58741691266939e-11,-2.04276373594325e-10
0.523333609104156,8.81509011236072e-21,4.52317593102602e-11,3.02921077111051e-10
0.524000287055969,5.88304099462211e-21,-5.90005752587608e-11,-4.11383760390294e-10
0.524666905403137,-1.4701988321265e-20,-2.58739800418351e-11,-2.04275082960059e-10
0.52533358335495,8.81561437038567e-21,4.52316968602151e-11,3.02920716288568e-10
0.526000261306763,5.8825793405986e-21,-5.9000707097745e-11,-4.11384676324289e-10
0.526666939258575,-1.47012176862021e-20,-2.58737909569762e-11,-2.04273792325793e-10
0.527333617210388,8.81653121608415e-21,4.52316378796169e-11,3.0292032771051e-10
0.528000235557556,5.88141329058472e-21,-5.90008389367291e-11,-4.11385592258284e-10
0.528666913509369,-1.47021482643913e-20,-2.58736018721173e-11,-2.04272487813739e-10
0.529333591461182,8.81753045672647e-21,4.52315788990187e-11,3.02919966888027e-10
0.530000269412994,5.88264315629039e-21,-5.90009638368194e-11,-4.1138650819228e-10
0.530666947364807,-1.47030287593792e-20,-2.58734127872584e-11,-2.04271197179473e-10
0.53133362531662,8.81739878637506e-21,4.52315164489736e-11,3.02919578309968e-10
0.532000243663788,5.88337542115883e-21,-5.90010956758036e-11,-4.11387424126275e-10
0.532666921615601,-1.47034940484738e-20,-2.58732237023995e-11,-2.04269906545207e-10
0.533333599567413,8.81674124241156e-21,4.52314574683754e-11,3.02919189731909e-10
0.534000277519226,5.88612070759609e-21,-5.90012205758939e-11,-4.1138834006027e-10
0.534666955471039,-1.470133723965e-20,-2.58730346175406e-11,-2.04268602033153e-10
0.535333573818207,8.81483081062573e-21,4.52313984877772e-11,3.02918828909426e-10
0.53600025177002,5.8825672236951e-21,-5.9001352414878e-11,-4.11389283749841e-10
0.536666929721832,-1.47002418715733e-20,-2.58728455326818e-11,-2.04267311398887e-10
0.537333607673645,8.81651021345141e-21,4.52313360377321e-11,3.02918440331368e-10
0.538000285625458,5.88058449438503e-21,-5.90014842538622e-11,-4.11390199683836e-10
0.538666963577271,-1.47015521127389e-20,-2.58726564478229e-11,-2.04266020764621e-10
0.539333581924438,8.81885766155696e-21,4.52312770571339e-11,3.02918079508885e-10
0.540000259876251,5.88225460758469e-21,-5.90016091539525e-11,-4.11391115617832e-10
0.540666937828064,-1.47039205634771e-20,-2.5872467362964e-11,-2.04264716252567e-10
0.541333615779877,8.81833340353201e-21,4.52312180765357e-11,3.02917690930826e-10
0.542000293731689,5.88420906411992e-21,-5.90017409929366e-11,-4.11392031551827e-10
0.542666912078857,-1.47027185666495e-20,-2.58722782781051e-11,-2.04263425618301e-10
0.54333359003067,8.81744079164054e-21,4.52311556264906e-11,3.02917330108343e-10
0.544000267982483,5.88408506780739e-21,-5.90018658930269e-11,-4.11392947485822e-10
0.544666945934296,-1.47030481464248e-20,-2.58720891932462e-11,-2.04262134984035e-10
0.545333623886108,8.81660553309231e-21,4.52310966458924e-11,3.02916941530285e-10
0.546000301837921,5.88297394775606e-21,-5.90019977320111e-11,-4.11393863419818e-10
0.546666920185089,-1.47013517799342e-20,-2.58719001083874e-11,-2.04260830471981e-10
0.547333598136902,8.8157920849704e-21,4.52310376652942e-11,3.02916580707802e-10
0.548000276088715,5.8811301589395e-21,-5.90021226321014e-11,-4.11394779353813e-10
0.548666954040527,-1.47009656546092e-20,-2.58717110235285e-11,-2.04259539837714e-10
0.54933363199234,8.81855877793719e-21,4.52309752152491e-11,3.02916192129743e-10
0.550000250339508,5.88027349386175e-21,-5.90022544710855e-11,-4.11395723043384e-10
0.550666928291321,-1.47027573407407e-20,-2.58715219386696e-11,-2.04258235325661e-10
0.551333606243134,8.82018567418102e-21,4.52309162346509e-11,3.0291583130726e-10
0.552000284194946,5.88277280715789e-21,-5.90023863100697e-11,-4.11396638977379e-10
0.552666962146759,-1.47049852353984e-20,-2.58713328538107e-11,-2.04256944691394e-10
0.553333580493927,8.81651990697422e-21,4.52308572540527e-11,3.02915442729201e-10
0.55400025844574,5.88398894037292e-21,-5.900251121016e-11,-4.11397554911375e-10
0.554666936397552,-1.4702085256493e-20,-2.58711437689518e-11,-2.04255654057128e-10
0.555333614349365,8.81703447147636e-21,4.52307948040076e-11,3.02915081906718e-10
0.556000292301178,5.88349982136814e-21,-5.90026430491442e-11,-4.1139847084537e-10
0.556666970252991,-1.46997345772132e-20,-2.5870954684093e-11,-2.04254349545074e-10
0.557333588600159,8.81718552887338e-21,4.52307358234094e-11,3.0291469332866e-10
0.558000266551971,5.88121942012865e-21,-5.90027679492344e-11,-4.11399386779365e-10
0.558666944503784,-1.47000059958517e-20,-2.58707655992341e-11,-2.04253058910808e-10
0.559333622455597,8.81864117288102e-21,4.52306768428112e-11,3.02914304750601e-10
0.56000030040741,5.88230751806332e-21,-5.90028997882186e-11,-4.11400302713361e-10
0.560666918754578,-1.47010722833601e-20,-2.58705765143752e-11,-2.04251768276542e-10
0.56133359670639,8.81875022501256e-21,4.52306143927661e-11,3.02913943928118e-10
0.562000274658203,5.88322032479397e-21,-5.90030316272028e-11,-4.11401218647356e-10
0.562666952610016,-1.47017992975703e-20,-2.58703874295163e-11,-2.04250463764488e-10
0.563333630561829,8.8176249685738e-21,4.52305554121679e-11,3.02913555350059e-10
0.564000308513641,5.88348568498072e-21,-5.9003156527293e-11,-4.11402162336927e-10
0.564666926860809,-1.47005601422386e-20,-2.58701983446574e-11,-2.04249173130222e-10
0.565333604812622,8.81738020712302e-21,4.52304964315697e-11,3.02913194527576e-10
0.566000282764435,5.88341783032109e-21,-5.90032883662772e-11,-4.11403078270922e-10
0.566666960716248,-1.46999058294494e-20,-2.58700092597985e-11,-2.04247882495956e-10
0.56733363866806,8.8173341628897e-21,4.52304339815246e-11,3.02912805949518e-10
0.568000257015228,5.88231640379256e-21,-5.90034132663675e-11,-4.11403994204917e-10
0.568666934967041,-1.47003258821042e-20,-2.58698201749397e-11,-2.04246577983902e-10
0.569333612918854,8.81842549199864e-21,4.52303750009264e-11,3.02912445127035e-10
0.570000290870667,5.88169561443636e-21,-5.90035451053517e-11,-4.11404910138913e-10
0.570666968822479,-1.47011740653495e-20,-2.58696310900808e-11,-2.04245287349636e-10
0.571333646774292,8.82035450303651e-21,4.52303160203282e-11,3.02912056548976e-10
0.57200026512146,5.88331483664131e-21,-5.90036769443358e-11,-4.11405826072908e-10
0.572666943073273,-1.47030319905535e-20,-2.58694420052219e-11,-2.0424399671537e-10
0.573333621025085,8.81768474529775e-21,4.52302535702831e-11,3.02911695726493e-10
0.574000298976898,5.88409395353663e-21,-5.90038018444261e-11,-4.11406742006903e-10
0.574666976928711,-1.47009188025824e-20,-2.5869252920363e-11,-2.04242692203316e-10
0.575333595275879,8.81739959416862e-21,4.52301945896849e-11,3.02911307148435e-10
0.576000273227692,5.88386413626683e-21,-5.90039336834103e-11,-4.11407657940899e-10
0.576666951179504,-1.47005795292842e-20,-2.58690638355041e-11,-2.0424140156905e-10
0.577333629131317,8.81621617659305e-21,4.52301356090867e-11,3.02910946325952e-10
0.57800030708313,5.88197349542339e-21,-5.90040585835006e-11,-4.1140860163047e-10
0.578666985034943,-1.47004357420293e-20,-2.58688747506453e-11,-2.04240110934784e-10
0.579333603382111,8.81852081163954e-21,4.52300731590416e-11,3.02910557747893e-10
0.580000281333923,5.88208658652276e-21,-5.90041904224847e-11,-4.11409517564465e-10
0.580666959285736,-1.47031273101944e-20,-2.58686856657864e-11,-2.0423880642273e-10
0.581333637237549,8.8188835109511e-21,4.52300141784434e-11,3.02910169169834e-10
0.582000315189362,5.88295859967828e-21,-5.9004315322575e-11,-4.1141043349846e-10
0.58266693353653,-1.47034859705381e-20,-2.58684965809275e-11,-2.04237515788463e-10
0.583333611488342,8.81915169841533e-21,4.52299551978452e-11,3.02909808347351e-10
0.584000289440155,5.88479713783665e-21,-5.90044471615592e-11,-4.11411349432456e-10
0.584666967391968,-1.47023179010403e-20,-2.58683074960686e-11,-2.0423621127641e-10
0.585333645343781,8.81693430507406e-21,4.52298927478001e-11,3.02909419769293e-10
0.586000263690948,5.8823814311747e-21,-5.90045790005433e-11,-4.11412265366451e-10
0.586666941642761,-1.47000399231815e-20,-2.58681184112097e-11,-2.04234920642143e-10
0.587333619594574,8.81731962260549e-21,4.52298337672019e-11,3.0290905894681e-10
0.588000297546387,5.88049038643448e-21,-5.90047039006336e-11,-4.11413181300446e-10
0.588666975498199,-1.47010512807273e-20,-2.58679293263508e-11,-2.04233630007877e-10
0.589333653450012,8.81991344774896e-21,4.52297747866037e-11,3.02908670368751e-10
0.59000027179718,5.88133816578299e-21,-5.90048357396178e-11,-4.11414097234442e-10
0.590666949748993,-1.47032710974493e-20,-2.5867740241492e-11,-2.04232325495823e-10
0.591333627700806,8.81960002384498e-21,4.52297123365586e-11,3.02908309546268e-10
0.592000305652618,5.88317306887031e-21,-5.90049606397081e-11,-4.11415040924012e-10
0.592666983604431,-1.47033244118247e-20,-2.58675511566331e-11,-2.04231034861557e-10
0.593333601951599,8.81707809232898e-21,4.52296533559604e-11,3.0290792096821e-10
0.594000279903412,5.88411778344685e-21,-5.90050924786922e-11,-4.11415956858008e-10
0.594666957855225,-1.47003985835253e-20,-2.58673620717742e-11,-2.04229744227291e-10
0.595333635807037,8.81636077164153e-21,4.52295943753622e-11,3.02907560145727e-10
0.59600031375885,5.88111602255208e-21,-5.90052243176764e-11,-4.11416872792003e-10
0.596666991710663,-1.46992935219257e-20,-2.58671729869153e-11,-2.04228439715237e-10
0.597333610057831,8.81823566051041e-21,4.52295319253171e-11,3.02907171567668e-10
0.598000288009644,5.87931383510422e-21,-5.90053492177667e-11,-4.11417788725998e-10
0.598666965961456,-1.47010092754619e-20,-2.58669839020564e-11,-2.04227149080971e-10
0.599333643913269,8.8205015214657e-21,4.52294729447189e-11,3.02906810745185e-10
0.600000321865082,5.88098192881997e-21,-5.90054810567509e-11,-4.11418704659994e-10
0.60066694021225,-1.47029221306284e-20,-2.58667948171976e-11,-2.04225858446705e-10
0.601333618164062,8.81989567629049e-21,4.52294139641207e-11,3.02906422167126e-10
0.602000296115875,5.88236446750979e-21,-5.90056059568411e-11,-4.11419620593989e-10
0.602666974067688,-1.47026022443759e-20,-2.58666057323387e-11,-2.04224553934651e-10
0.603333652019501,8.81792627557427e-21,4.52293515140756e-11,3.02906061344643e-10
0.604000329971313,5.88294769446513e-21,-5.90057377958253e-11,-4.1142056428356e-10
0.604666948318481,-1.47006506151181e-20,-2.58664166474798e-11,-2.04223263300385e-10
0.605333626270294,8.81815245777302e-21,4.52292925334774e-11,3.02905672766585e-10
0.606000304222107,5.88229863233409e-21,-5.90058626959156e-11,-4.11421480217555e-10
0.60666698217392,-1.47012516135319e-20,-2.58662292973444e-11,-2.04221972666119e-10
0.607333660125732,8.81932052727082e-21,4.52292335528792e-11,3.02905284188526e-10
0.6080002784729,5.88183980558806e-21,-5.90059945348997e-11,-4.11422396151551e-10
0.608666956424713,-1.47014503307494e-20,-2.58660402124855e-11,-2.04220668154065e-10
0.609333634376526,8.81962748882626e-21,4.5229174572281e-11,3.02904923366043e-10
0.610000312328339,5.88159787141476e-21,-5.90061263738839e-11,-4.11423312085546e-10
0.610666990280151,-1.47011999147437e-20,-2.58658511276266e-11,-2.04219377519799e-10
0.611333668231964,8.81932779741292e-21,4.52291121222359e-11,3.02904534787984e-10
0.612000286579132,5.88249856124191e-21,-5.90062512739742e-11,-4.11424228019541e-10
0.612666964530945,-1.47023792933514e-20,-2.58656620427677e-11,-2.04218086885533e-10
0.613333642482758,8.818490115484e-21,4.52290531416377e-11,3.02904173965501e-10
0.61400032043457,5.88206073712862e-21,-5.90063831129584e-11,-4.11425143953537e-10
0.614666998386383,-1.47011110574513e-20,-2.58654729579089e-11,-2.04216782373479e-10
0.615333616733551,8.81774775319598e-21,4.52289941610395e-11,3.02903785387443e-10
0.616000294685364,5.88167299621649e-21,-5.90065080130486e-11,-4.11426059887532e-10
0.616666972637177,-1.47008250985286e-20,-2.586528387305e-11,-2.04215491739212e-10
0.617333650588989,8.81889885902887e-21,4.52289317109944e-11,3.0290342456496e-10
0.618000328540802,5.88068425689055e-21,-5.90066398520328e-11,-4.11427003577103e-10
0.61866694688797,-1.47010625898373e-20,-2.58650947881911e-11,-2.04214187227159e-10
0.619333624839783,8.81972523184786e-21,4.52288727303962e-11,3.02903035986901e-10
0.620000302791595,5.88164028057703e-21,-5.9006771691017e-11,-4.11427919511098e-10
0.620666980743408,-1.47019850900907e-20,-2.58649057033322e-11,-2.04212896592892e-10
0.621333658695221,8.81756115288201e-21,4.5228813749798e-11,3.02902675164418e-10
0.622000336647034,5.8806119593663e-21,-5.90068965911072e-11,-4.11428835445093e-10
0.622666954994202,-1.47009398052151e-20,-2.58647166184733e-11,-2.04211605958626e-10
0.623333632946014,8.8210072002386e-21,4.52287512997529e-11,3.0290228658636e-10
0.624000310897827,5.88168349753286e-21,-5.90070284300914e-11,-4.11429751379089e-10
0.62466698884964,-1.47034940484738e-20,-2.58645275336145e-11,-2.04210301446572e-10
0.625333666801453,8.81861774686758e-21,4.52286923191547e-11,3.02901925763877e-10
0.626000285148621,5.88318680136095e-21,-5.90071533301817e-11,-4.11430667313084e-10
0.626666963100433,-1.47011207509741e-20,-2.58643384487556e-11,-2.04209010812306e-10
0.627333641052246,8.81836409968756e-21,4.52286333385565e-11,3.02901537185818e-10
0.628000319004059,5.8822226997388e-21,-5.90072851691659e-11,-4.11431583247079e-10
0.628666996955872,-1.4700419586158e-20,-2.58641493638967e-11,-2.0420772017804e-10
0.629333674907684,8.81861451569331e-21,4.52285708885114e-11,3.02901148607759e-10
0.630000293254852,5.88066729322564e-21,-5.900741700815e-11,-4.11432499181075e-10
0.630666971206665,-1.47000173049617e-20,-2.58639602790378e-11,-2.04206415665986e-10
0.631333649158478,8.82143775420979e-21,4.52285119079132e-11,3.02900787785276e-10
0.632000327110291,5.88112733166202e-21,-5.90075419082403e-11,-4.11433442870646e-10
0.632667005062103,-1.47024051427455e-20,-2.58637711941789e-11,-2.0420512503172e-10
0.633333623409271,8.82104920550409e-21,4.5228452927315e-11,3.02900399207218e-10
0.634000301361084,5.88184263286555e-21,-5.90076737472245e-11,-4.11434358804641e-10
0.634666979312897,-1.47032048583768e-20,-2.586358210932e-11,-2.04203834397454e-10
0.635333657264709,8.8197559280034e-21,4.52283904772699e-11,3.02900038384735e-10
0.636000335216522,5.88282450594617e-21,-5.90077986473148e-11,-4.11435274738636e-10
0.636667013168335,-1.47013533955214e-20,-2.58633930244612e-11,-2.042025298854e-10
0.637333631515503,8.81826958784022e-21,4.52283314966717e-11,3.02899649806676e-10
0.638000309467316,5.88062932692799e-21,-5.90079304862989e-11,-4.11436190672632e-10
0.638666987419128,-1.47005827604585e-20,-2.58632039396023e-11,-2.04201239251134e-10
0.639333665370941,8.82038681477919e-21,4.52282725160735e-11,3.02899288984193e-10
0.640000343322754,5.87974519686897e-21,-5.90080553863892e-11,-4.11437106606627e-10
0.640666961669922,-1.47017782949376e-20,-2.58630148547434e-11,-2.04199948616868e-10
0.641333639621735,8.8207971739112e-21,4.52282100660284e-11,3.02898900406134e-10
0.642000317573547,5.88076422845367e-21,-5.90081872253734e-11,-4.11438022540622e-10
0.64266699552536,-1.47030449152506e-20,-2.58628257698845e-11,-2.04198644104814e-10
0.643333673477173,8.81946350673217e-21,4.52281510854302e-11,3.02898539583651e-10
0.644000351428986,5.88152274661304e-21,-5.90083190643576e-11,-4.11438938474618e-10
0.644666969776154,-1.47015811933073e-20,-2.58626366850256e-11,-2.04197353470548e-10
0.645333647727966,8.81957417445084e-21,4.5228092104832e-11,3.02898151005593e-10
0.646000325679779,5.88156959863992e-21,-5.90084439644478e-11,-4.11439882164188e-10
0.646667003631592,-1.47002951859487e-20,-2.58624476001668e-11,-2.04196048958494e-10
0.647333681583405,8.81997968682145e-21,4.52280296547869e-11,3.0289779018311e-10
0.648000299930573,5.87879805891173e-21,-5.9008575803432e-11,-4.11440798098184e-10
0.648666977882385,-1.47012532291191e-20,-2.58622585153079e-11,-2.04194758324228e-10
0.649333655834198,8.82062996064284e-21,4.52279706741887e-11,3.02897401605051e-10
0.650000333786011,5.87989504257564e-21,-5.90087007035223e-11,-4.11441714032179e-10
0.650667011737823,-1.47034165002914e-20,-2.5862069430449e-11,-2.04193467689961e-10
0.651333630084991,8.82143048406768e-21,4.52279116935905e-11,3.02897013026993e-10
0.652000308036804,5.88212778399468e-21,-5.90088325425064e-11,-4.11442629966174e-10
0.652666985988617,-1.47024309921397e-20,-2.58618803455901e-11,-2.04192163177908e-10
0.65333366394043,8.81814761101161e-21,4.52278492435454e-11,3.0289665220451e-10
0.654000341892242,5.88088539748872e-21,-5.90089643814906e-11,-4.1144354590017e-10
0.654667019844055,-1.46999688373476e-20,-2.58616912607312e-11,-2.04190872543641e-10
0.655333638191223,8.81886816287333e-21,4.52277902629472e-11,3.02896263626451e-10
0.656000316143036,5.87947418212726e-21,-5.90090892815809e-11,-4.11444461834165e-10
0.656666994094849,-1.4700781477676e-20,-2.58615021758724e-11,-2.04189581909375e-10
0.657333672046661,8.82147814388813e-21,4.5227731282349e-11,3.02895902803968e-10
0.658000349998474,5.87944671714598e-21,-5.90092211205651e-11,-4.1144537776816e-10
0.658666968345642,-1.47017799105247e-20,-2.58613130910135e-11,-2.04188277397321e-10
0.659333646297455,8.82105486005905e-21,4.52276688323039e-11,3.02895514225909e-10
0.660000324249268,5.88061519054057e-21,-5.90093460206553e-11,-4.11446321457731e-10
0.66066700220108,-1.47035780590048e-20,-2.58611240061546e-11,-2.04186986763055e-10
0.661333680152893,8.81934637666496e-21,4.52276098517057e-11,3.02895153403426e-10
0.662000358104706,5.88295658019437e-21,-5.90094778596395e-11,-4.11447237391727e-10
0.662666976451874,-1.47014018631354e-20,-2.58609349212957e-11,-2.04185696128789e-10
0.663333654403687,8.81705466631554e-21,4.52275508711075e-11,3.02894764825368e-10
0.664000332355499,5.87927829218728e-21,-5.90096027597298e-11,-4.11448153325722e-10
0.664667010307312,-1.46996812628378e-20,-2.58607458364368e-11,-2.04184391616735e-10
0.665333688259125,8.81976400593907e-21,4.52274884210624e-11,3.02894404002885e-10
0.666000306606293,5.87898990988388e-21,-5.90097345987139e-11,-4.11449069259717e-10
0.666666984558105,-1.47013517799342e-20,-2.58605567515779e-11,-2.04183100982469e-10
0.667333662509918,8.82183761202543e-21,4.52274294404642e-11,3.02894015424826e-10
0.668000340461731,5.8792948519554e-21,-5.90098664376981e-11,-4.11449985193713e-10
0.668667018413544,-1.47034633523182e-20,-2.58603676667191e-11,-2.04181810348203e-10
0.669333696365356,8.82085129608018e-21,4.5227370459866e-11,3.02893626846767e-10
0.670000314712524,5.88107522897695e-21,-5.90099913377884e-11,-4.11450901127708e-10
0.670666992664337,-1.47034617367311e-20,-2.58601785818602e-11,-2.04180505836149e-10
0.67133367061615,8.81842710758578e-21,4.52273080098209e-11,3.02893266024284e-10
0.672000348567963,5.88173923528898e-21,-5.90101231767726e-11,-4.11451817061703e-10
0.672667026519775,-1.47018413028358e-20,-2.58599894970013e-11,-2.04179215201883e-10
0.673333644866943,8.81806521606779e-21,4.52272490292227e-11,3.02892877446226e-10
0.674000322818756,5.88054773977773e-21,-5.90102480768628e-11,-4.11452732995699e-10
0.674667000770569,-1.47005423707802e-20,-2.58598004121424e-11,-2.04177924567617e-10
0.675333678722382,8.81886977846046e-21,4.52271900486245e-11,3.02892516623743e-10
0.676000356674194,5.87869910419978e-21,-5.9010379915847e-11,-4.11453676685269e-10
0.676667034626007,-1.47014018631354e-20,-2.58596113272835e-11,-2.04176620055563e-10
0.677333652973175,8.82264863676664e-21,4.52271275985794e-11,3.02892128045684e-10
0.678000330924988,5.88002388564957e-21,-5.90105117548312e-11,-4.11454592619265e-10
0.678667008876801,-1.4703014219095e-20,-2.58594222424247e-11,-2.04175329421297e-10
0.679333686828613,8.82102820287134e-21,4.52270686179812e-11,3.02891767223201e-10
0.680000364780426,5.88158090774986e-21,-5.90106366549215e-11,-4.1145550855326e-10
0.680666983127594,-1.47021724981983e-20,-2.58592331575658e-11,-2.04174024909243e-10
0.681333661079407,8.81932295065152e-21,4.5227009637383e-11,3.02891378645143e-10
0.682000339031219,5.88056106837159e-21,-5.90107684939056e-11,-4.11456424487255e-10
0.682667016983032,-1.47007863244374e-20,-2.58590440727069e-11,-2.04172734274977e-10
0.683333694934845,8.8197365409578e-21,4.52269471873379e-11,3.0289101782266e-10
0.684000313282013,5.87920397517912e-21,-5.90108933939959e-11,-4.11457340421251e-10
0.684666991233826,-1.47001562454552e-20,-2.5858854987848e-11,-2.0417144364071e-10
0.685333669185638,8.82145956463609e-21,4.52268882067397e-11,3.02890629244601e-10
0.686000347137451,5.87977508523095e-21,-5.90110252329801e-11,-4.11458256355246e-10
0.686667025089264,-1.47018752301656e-20,-2.58586659029891e-11,-2.04170139128657e-10
0.687333703041077,8.8206994308896e-21,4.52268292261415e-11,3.02890268422118e-10
0.688000321388245,5.87966078244123e-21,-5.90111501330703e-11,-4.11459172289241e-10
0.688666999340057,-1.47016522791412e-20,-2.58584768181302e-11,-2.0416884849439e-10
0.68933367729187,8.8207971739112e-21,4.52267667760964e-11,3.02889879844059e-10
0.690000355243683,5.88076826742151e-21,-5.90112819720545e-11,-4.11460115978812e-10
0.690667033195496,-1.47017621390663e-20,-2.58582877332714e-11,-2.04167557860124e-10
0.691333651542664,8.81983751515367e-21,4.52267077954982e-11,3.02889491266001e-10
0.692000329494476,5.8803506381474e-21,-5.90114138110387e-11,-4.11461031912808e-10
0.692667007446289,-1.47008751817298e-20,-2.58580986484125e-11,-2.0416625334807e-10
0.693333685398102,8.81829543723437e-21,4.52266488149e-11,3.02889130443518e-10
0.694000363349915,5.87855370135773e-21,-5.9011538711129e-11,-4.11461947846803e-10
0.694667041301727,-1.47005149057989e-20,-2.58579095635536e-11,-2.04164962713804e-10
0.695333659648895,8.82037550566925e-21,4.52265863648549e-11,3.02888741865459e-10
0.696000337600708,5.87797128219596e-21,-5.90116705501131e-11,-4.11462863780798e-10
0.696667015552521,-1.470133723965e-20,-2.58577204786947e-11,-2.04163672079538e-10
0.697333693504333,8.82091753515267e-21,4.52265273842567e-11,3.02888381042976e-10
0.698000371456146,5.8792459804446e-21,-5.90117954502034e-11,-4.11463779714794e-10
0.698666989803314,-1.47029705982424e-20,-2.58575313938358e-11,-2.04162367567484e-10
0.699333667755127,8.81988355938698e-21,4.52264684036585e-11,3.02887992464917e-10
0.70000034570694,5.88038416158043e-21,-5.90119272891876e-11,-4.11464695648789e-10
0.700667023658752,-1.47022823581234e-20,-2.5857342308977e-11,-2.04161076933218e-10
0.701333701610565,8.81817669158002e-21,4.52264059536134e-11,3.02887631642434e-10
0.702000379562378,5.88100939380124e-21,-5.90120591281718e-11,-4.11465611582784e-10
0.702666997909546,-1.47006441527696e-20,-2.58571532241181e-11,-2.04159786298952e-10
0.703333675861359,8.81835682954545e-21,4.52263469730152e-11,3.02887243064376e-10
0.704000353813171,5.87932756759486e-21,-5.9012184028262e-11,-4.11466555272355e-10
0.704667031764984,-1.46996974187091e-20,-2.58569641392592e-11,-2.04158481786898e-10
0.705333709716797,8.82027291588625e-21,4.5226287992417e-11,3.02886882241893e-10
0.706000328063965,5.87783759236063e-21,-5.90123158672462e-11,-4.1146747120635e-10
0.706667006015778,-1.47016118894628e-20,-2.58567750544003e-11,-2.04157191152632e-10
0.70733368396759,8.820499098085e-21,4.52262255423719e-11,3.02886493663834e-10
0.708000361919403,5.87897536959967e-21,-5.90124407673365e-11,-4.11468387140346e-10
0.708667039871216,-1.47027993460062e-20,-2.58565859695414e-11,-2.04155886640578e-10
0.709333658218384,8.81861532348688e-21,4.52261665617737e-11,3.02886105085776e-10
0.710000336170197,5.87912844648061e-21,-5.90125726063206e-11,-4.11469303074341e-10
0.710667014122009,-1.47021724981983e-20,-2.5856398619406e-11,-2.04154596006312e-10
0.711333692073822,8.81902487482532e-21,4.52261075811755e-11,3.02885744263293e-10
0.712000370025635,5.87858722479075e-21,-5.90126975064109e-11,-4.11470219008336e-10
0.712667047977448,-1.47021256461714e-20,-2.58562095345471e-11,-2.04153305372046e-10
0.713333666324615,8.81890289799671e-21,4.52260451311304e-11,3.02885355685234e-10
0.714000344276428,5.87875766923338e-21,-5.90128293453951e-11,-4.11471134942332e-10
0.714667022228241,-1.47021240305843e-20,-2.58560204496883e-11,-2.04152000859992e-10
0.715333700180054,8.82038762257276e-21,4.52259861505322e-11,3.02884994862751e-10
0.716000378131866,5.87976135274031e-21,-5.90129611843793e-11,-4.11472050876327e-10
0.716666996479034,-1.47020739473831e-20,-2.58558313648294e-11,-2.04150710225726e-10
0.717333674430847,8.81978016181041e-21,4.52259237004871e-11,3.02884606284692e-10
0.71800035238266,5.87879200045997e-21,-5.90130860844695e-11,-4.11472994565898e-10
0.718667030334473,-1.47019818589165e-20,-2.58556422799705e-11,-2.04149419591459e-10
0.719333708286285,8.82015093905764e-21,4.52258647198889e-11,3.02884245462209e-10
0.720000386238098,5.87840466344462e-21,-5.90132179234537e-11,-4.11473910499893e-10
0.720667004585266,-1.47022823581234e-20,-2.58554531951116e-11,-2.04148115079406e-10
0.721333682537079,8.81933668314216e-21,4.52258057392907e-11,3.02883856884151e-10
0.722000360488892,5.87785253654162e-21,-5.9013342823544e-11,-4.11474826433889e-10
0.722667038440704,-1.47022451996193e-20,-2.58552641102527e-11,-2.04146824445139e-10
0.723333716392517,8.82046436296162e-21,4.52257432892456e-11,3.02883496061668e-10
0.724000334739685,5.87786142227085e-21,-5.90134746625282e-11,-4.11475742367884e-10
0.724667012691498,-1.47030949984517e-20,-2.58550750253939e-11,-2.04145533810873e-10
0.725333690643311,8.82001038297699e-21,4.52256843086474e-11,3.02883107483609e-10
0.726000368595123,5.87945519897844e-21,-5.90136065015123e-11,-4.11476658301879e-10
0.726667046546936,-1.47022193502251e-20,-2.5854885940535e-11,-2.04144229298819e-10
0.727333724498749,8.81871306650848e-21,4.52256253280492e-11,3.02882746661126e-10
0.728000342845917,5.87772692464196e-21,-5.90137314016026e-11,-4.11477574235874e-10
0.728667020797729,-1.47011902212209e-20,-2.58546968556761e-11,-2.04142938664553e-10
0.729333698749542,8.82047163310372e-21,4.52255628780041e-11,3.02882358083068e-10
0.730000376701355,5.8773347408652e-21,-5.90138632405868e-11,-4.1147849016987e-10
0.730667054653168,-1.47030400684892e-20,-2.58545077708172e-11,-2.04141648030287e-10
0.731333673000336,8.82034642510084e-21,4.52255038974059e-11,3.02881969505009e-10
0.732000350952148,5.87948347175328e-21,-5.9013988140677e-11,-4.11479433859441e-10
0.732667028903961,-1.47043163823249e-20,-2.58543186859583e-11,-2.04140343518233e-10
0.733333706855774,8.81791900543217e-21,4.52254449168077e-11,3.02881608682526e-10
0.734000384807587,5.87814051494823e-21,-5.90141199796612e-11,-4.11480349793436e-10
0.734667062759399,-1.47029689826553e-20,-2.58541296010995e-11,-2.04139052883967e-10
0.735333681106567,8.81826474107882e-21,4.52253824667626e-11,3.02881220104467e-10
0.73600035905838,5.87626037542116e-21,-5.90142448797515e-11,-4.11481265727431e-10
0.736667037010193,-1.4702784805722e-20,-2.58539405162406e-11,-2.04137748371913e-10
0.737333714962006,8.82025756780848e-21,4.52253234861644e-11,3.02880859281984e-10
0.738000392913818,5.87636417689452e-21,-5.90143767187357e-11,-4.11482181661427e-10
0.738667011260986,-1.47034649679054e-20,-2.58537514313817e-11,-2.04136457737647e-10
0.739333689212799,8.82083514020884e-21,4.52252645055662e-11,3.02880470703926e-10
0.740000367164612,5.87862842226267e-21,-5.90145085577198e-11,-4.11483097595422e-10
0.740667045116425,-1.47046782738429e-20,-2.58535623465228e-11,-2.04135167103381e-10
0.741333723068237,8.81844245566355e-21,4.52252020555211e-11,3.02880109881443e-10
0.742000341415405,5.87883481351902e-21,-5.90146334578101e-11,-4.11484013529417e-10
0.742667019367218,-1.47023518283701e-20,-2.58533732616639e-11,-2.04133862591327e-10
0.743333697319031,8.81936172474273e-21,4.52251430749229e-11,3.02879721303384e-10
0.744000375270844,5.87665417478505e-21,-5.90147652967943e-11,-4.11484929463413e-10
0.744667053222656,-1.47028122707033e-20,-2.5853184176805e-11,-2.04132571957061e-10
0.745333731174469,8.8185878585056e-21,4.52250840943247e-11,3.02879360480901e-10
0.746000349521637,5.87570299785997e-21,-5.90148901968846e-11,-4.11485845397408e-10
0.74666702747345,-1.47028720474272e-20,-2.58529950919462e-11,-2.04131281322795e-10
0.747333705425262,8.82114694852569e-21,4.52250216442796e-11,3.02878971902842e-10
0.748000383377075,5.87686945177064e-21,-5.90150220358687e-11,-4.11486789086979e-10
0.748667061328888,-1.47049593860042e-20,-2.58528060070873e-11,-2.04129976810741e-10
0.749333679676056,8.82035207965581e-21,4.52249626636814e-11,3.02878583324784e-10
0.750000357627869,5.87817080720699e-21,-5.90151538748529e-11,-4.11487705020974e-10
0.750667035579681,-1.47037897009193e-20,-2.58526169222284e-11,-2.04128686176475e-10
0.751333713531494,8.81691411023489e-21,4.52249036830832e-11,3.02878222502301e-10
0.752000391483307,5.87715743017726e-21,-5.90152787749432e-11,-4.1148862095497e-10
0.75266706943512,-1.47017217493879e-20,-2.58524278373695e-11,-2.04127395542208e-10
0.753333687782288,8.8187857679295e-21,4.5224841233038e-11,3.02877833924242e-10
0.7540003657341,5.8757316745316e-21,-5.90154106139273e-11,-4.11489536888965e-10
0.754667043685913,-1.47024035271584e-20,-2.58522387525106e-11,-2.04126091030155e-10
0.755333721637726,8.82085048828662e-21,4.52247822524399e-11,3.02877473101759e-10
0.756000399589539,5.87611133750806e-21,-5.90155355140176e-11,-4.1149045282296e-10
0.756667017936707,-1.47040061895952e-20,-2.58520496676518e-11,-2.04124800395888e-10
0.757333695888519,8.82072528028374e-21,4.52247232718417e-11,3.02877084523701e-10
0.758000373840332,5.87705887936209e-21,-5.90156673530018e-11,-4.11491368756955e-10
0.758667051792145,-1.47039221790643e-20,-2.58518605827929e-11,-2.04123495883834e-10
0.759333729743958,8.8183018995829e-21,4.52246608217965e-11,3.02876723701218e-10
0.76000040769577,5.87663115266839e-21,-5.90157922530921e-11,-4.11492284690951e-10
0.760667026042938,-1.47022678178392e-20,-2.5851671497934e-11,-2.04122205249568e-10
0.761333703994751,8.81916785428667e-21,4.52246018411984e-11,3.02876335123159e-10
0.762000381946564,5.87565291465882e-21,-5.90159240920762e-11,-4.11493228380522e-10
0.762667059898376,-1.47023663686543e-20,-2.58514824130751e-11,-2.04120914615302e-10
0.763333737850189,8.82050071367213e-21,4.52245428606002e-11,3.02875974300676e-10
0.764000356197357,5.87640618216e-21,-5.90160559310604e-11,-4.11494144314517e-10
0.76466703414917,-1.47032484792294e-20,-2.58512933282162e-11,-2.04119610103248e-10
0.765333712100983,8.81960244722568e-21,4.5224480410555e-11,3.02875585722617e-10
0.766000390052795,5.87635084830066e-21,-5.90161808311507e-11,-4.11495060248512e-10
0.766667068004608,-1.47021821917211e-20,-2.58511042433573e-11,-2.04118319468982e-10
0.767333745956421,8.81960002384498e-21,4.52244214299569e-11,3.02875197144559e-10
0.768000364303589,5.87561494836117e-21,-5.90163126701349e-11,-4.11495976182508e-10
0.768667042255402,-1.47030206814436e-20,-2.58509151584985e-11,-2.04117028834716e-10
0.769333720207214,8.82071720234807e-21,4.52243624493587e-11,3.02874836322076e-10
0.770000398159027,5.87682825429873e-21,-5.90164375702251e-11,-4.11496892116503e-10
0.77066707611084,-1.47044359357729e-20,-2.58507260736396e-11,-2.04115724322662e-10
0.771333694458008,8.82032703805524e-21,4.52242999993135e-11,3.02874447744017e-10
0.772000372409821,5.87694094150132e-21,-5.90165694092093e-11,-4.11497808050498e-10
0.772667050361633,-1.4704305073215e-20,-2.58505369887807e-11,-2.04114433688396e-10
0.773333728313446,8.81861209231261e-21,4.52242410187154e-11,3.02874086921534e-10
0.774000406265259,5.8766969878441e-21,-5.90166943092996e-11,-4.11498723984494e-10
0.774667024612427,-1.47028461980331e-20,-2.58503479039218e-11,-2.0411314305413e-10
0.77533370256424,8.81827685798233e-21,4.52241820381172e-11,3.02873698343475e-10
0.776000380516052,5.87483179249802e-21,-5.90168261482837e-11,-4.11499667674065e-10
0.776667058467865,-1.47027993460062e-20,-2.58501588190629e-11,-2.04111838542076e-10
0.777333736419678,8.82030765100963e-21,4.5224119588072e-11,3.02873337520992e-10
0.77800041437149,5.87443839703092e-21,-5.90169579872679e-11,-4.1150058360806e-10
0.778667032718658,-1.47035215134551e-20,-2.58499697342041e-11,-2.0411054790781e-10
0.779333710670471,8.82001038297699e-21,4.52240606074739e-11,3.02872948942934e-10
0.780000388622284,5.87523811266219e-21,-5.90170828873582e-11,-4.11501499542055e-10
0.780667066574097,-1.47051629499831e-20,-2.58497806493452e-11,-2.04109257273544e-10
0.781333744525909,8.82007985322375e-21,4.52240016268757e-11,3.02872588120451e-10
0.782000362873077,5.87733029800059e-21,-5.90172147263424e-11,-4.1150241547605e-10
0.78266704082489,-1.47047703623096e-20,-2.58495915644863e-11,-2.0410795276149e-10
0.783333718776703,8.81778975846146e-21,4.52239391768305e-11,3.02872199542392e-10
0.784000396728516,5.87514804367948e-21,-5.90173396264326e-11,-4.11503331410046e-10
0.784667074680328,-1.47020561759246e-20,-2.58494024796274e-11,-2.04106662127224e-10
0.785333752632141,8.81778652728719e-21,4.52238801962324e-11,3.02871810964334e-10
0.786000370979309,5.873908484451e-21,-5.90174714654168e-11,-4.11504247344041e-10
0.786667048931122,-1.47029625203067e-20,-2.58492133947685e-11,-2.0410535761517e-10
0.787333726882935,8.8198367073601e-21,4.52238212156342e-11,3.02871450141851e-10
0.788000404834747,5.8740478288413e-21,-5.9017603304401e-11,-4.11505163278036e-10
0.78866708278656,-1.47045974944862e-20,-2.58490243099097e-11,-2.04104066980904e-10
0.789333701133728,8.81995787639514e-21,4.5223758765589e-11,3.02871061563792e-10
0.790000379085541,5.87434065400932e-21,-5.90177282044912e-11,-4.11506079212032e-10
0.790667057037354,-1.47053212775222e-20,-2.58488352250508e-11,-2.04102776346637e-10
0.791333734989166,8.81841418288871e-21,4.52236997849909e-11,3.02870700741309e-10
0.792000412940979,5.87590494625171e-21,-5.90178600434754e-11,-4.11507022901603e-10
0.792667090892792,-1.47042436809039e-20,-2.58486461401919e-11,-2.04101471834583e-10
0.79333370923996,8.81892228504232e-21,4.52236408043927e-11,3.0287031216325e-10
0.794000387191772,5.87602894256423e-21,-5.90179849435657e-11,-4.11507938835598e-10
0.794667065143585,-1.47040918157133e-20,-2.5848457055333e-11,-2.04100181200317e-10
0.795333743095398,8.81784468842401e-21,4.52235783543475e-11,3.02869951340767e-10
0.796000421047211,5.87541259607265e-21,-5.90181167825499e-11,-4.11508854769593e-10
0.796667039394379,-1.4702712104301e-20,-2.58482679704741e-11,-2.04098890566051e-10
0.797333717346191,8.81924701805623e-21,4.52235193737494e-11,3.02869562762709e-10
0.798000395298004,5.87504585779326e-21,-5.90182416826401e-11,-4.11509770703589e-10
0.798667073249817,-1.47042662991238e-20,-2.58480788856152e-11,-2.04097586053997e-10
0.79933375120163,8.81943442616376e-21,4.52234569237042e-11,3.02869201940226e-10
0.800000429153442,5.87497800313364e-21,-5.90183735216243e-11,-4.11510686637584e-10
0.80066704750061,-1.47046104191833e-20,-2.58478898007564e-11,-2.04096295419731e-10
0.801333725452423,8.81919855044221e-21,4.5223397943106e-11,3.02868813362167e-10
0.802000403404236,5.87562302629684e-21,-5.90185053606085e-11,-4.11511602571579e-10
0.802667081356049,-1.47043858525717e-20,-2.58477007158975e-11,-2.04095004785465e-10
0.803333759307861,8.81735354993531e-21,4.52233389625079e-11,3.02868424784108e-10
0.804000377655029,5.87423685253596e-21,-5.90186302606988e-11,-4.11512518505575e-10
0.804667055606842,-1.47028768941886e-20,-2.58475116310386e-11,-2.04093700273411e-10
0.805333733558655,8.8186856015272e-21,4.52232765124627e-11,3.02868063961625e-10
0.806000411510468,5.87382608950717e-21,-5.90187620996829e-11,-4.11513462195146e-10
0.80666708946228,-1.47039124855415e-20,-2.58473225461797e-11,-2.04092409639145e-10
0.807333707809448,8.82032946143594e-21,4.52232175318645e-11,3.02867675383567e-10
0.808000385761261,5.87358253974674e-21,-5.90188869997732e-11,-4.11514378129141e-10
0.808667063713074,-1.47048010584651e-20,-2.58471334613208e-11,-2.04091119004879e-10
0.809333741664886,8.81980681899812e-21,4.52231585512664e-11,3.02867314561084e-10
0.810000419616699,5.87524619059786e-21,-5.90190188387574e-11,-4.11515294063136e-10
0.810667097568512,-1.47048042896394e-20,-2.5846944376462e-11,-2.04089814492825e-10
0.81133371591568,8.818206579942e-21,4.52230961012212e-11,3.02866925983025e-10
0.812000393867493,5.87343794469825e-21,-5.90191506777415e-11,-4.11516209997131e-10
0.812667071819305,-1.47033163338891e-20,-2.58467552916031e-11,-2.04088523858559e-10
0.813333749771118,8.81940130662751e-21,4.5223037120623e-11,3.02866565160542e-10
0.814000427722931,5.8728846061049e-21,-5.90192755778318e-11,-4.11517125931127e-10
0.814667046070099,-1.47039561063941e-20,-2.58465662067442e-11,-2.04087219346505e-10
0.815333724021912,8.82039327712773e-21,4.52229781400248e-11,3.02866176582484e-10
0.816000401973724,5.87512259818212e-21,-5.9019407416816e-11,-4.11518041865122e-10
0.816667079925537,-1.47051290226533e-20,-2.58463771218853e-11,-2.04085928712239e-10
0.81733375787735,8.81916623869953e-21,4.52229156899797e-11,3.02865788004425e-10
0.818000435829163,5.87527203999201e-21,-5.90195323169063e-11,-4.11518957799117e-10
0.818667054176331,-1.47041467456759e-20,-2.58461880370264e-11,-2.04084638077973e-10
0.819333732128143,8.81649648096078e-21,4.52228567093815e-11,3.02865427181942e-10
0.820000410079956,5.87413264716583e-21,-5.90196641558904e-11,-4.11519873733113e-10
0.820667088031769,-1.47027541095665e-20,-2.58459989521675e-11,-2.04083333565919e-10
0.821333765983582,8.81786973002458e-21,4.52227977287833e-11,3.02865038603883e-10
0.82200038433075,5.87222665824462e-21,-5.90197890559807e-11,-4.11520817422684e-10
0.822667062282562,-1.4702615169073e-20,-2.58458098673087e-11,-2.04082042931653e-10
0.823333740234375,8.81961537192276e-21,4.52227352787382e-11,3.028646777814e-10
0.824000418186188,5.87227391416828e-21,-5.90199208949649e-11,-4.11521733356679e-10
0.824667096138,-1.47055733091151e-20,-2.58456207824498e-11,-2.04080752297386e-10
0.825333774089813,8.81902972158672e-21,4.522267629814e-11,3.02864289203342e-10
0.826000392436981,5.87442991519846e-21,-5.90200527339491e-11,-4.11522649290674e-10
0.826667070388794,-1.4704099893649e-20,-2.58454316975909e-11,-2.04079447785332e-10
0.827333748340607,8.81851677267171e-21,4.52226173175418e-11,3.02863928380859e-10
0.828000426292419,5.87489803157051e-21,-5.90201776340393e-11,-4.1152356522467e-10
0.828667104244232,-1.47026571743384e-20,-2.5845242612732e-11,-2.04078157151066e-10
0.8293337225914,8.81932860520649e-21,4.52225548674967e-11,3.028635398028e-10
0.830000400543213,5.87288743338238e-21,-5.90203094730235e-11,-4.11524481158665e-10
0.830667078495026,-1.47038898673216e-20,-2.58450535278731e-11,-2.040768665168e-10
0.831333756446838,8.82025352884064e-21,4.52224958868985e-11,3.02863178980317e-10
0.832000434398651,5.87313784938813e-21,-5.90204343731138e-11,-4.1152539709266e-10
0.832667112350464,-1.47042937641051e-20,-2.58448644430143e-11,-2.04075562004746e-10
0.833333730697632,8.81929306228954e-21,4.52224369063003e-11,3.02862790402258e-10
0.834000408649445,5.87365281778706e-21,-5.90205662120979e-11,-4.11526313026656e-10
0.834667086601257,-1.47049189963259e-20,-2.58446753581554e-11,-2.0407427137048e-10
0.83533376455307,8.81847880637406e-21,4.52223744562552e-11,3.028624018242e-10
0.836000442504883,5.87389313637323e-21,-5.90206911121882e-11,-4.11527256716226e-10
0.836667060852051,-1.47053148151737e-20,-2.58444862732965e-11,-2.04072966858426e-10
0.837333738803864,8.81783580269477e-21,4.5222315475657e-11,3.02862041001717e-10
0.838000416755676,5.87349247076402e-21,-5.90208229511724e-11,-4.11528172650222e-10
0.838667094707489,-1.47037703138737e-20,-2.58442971884376e-11,-2.0407167622416e-10
0.839333772659302,8.81941423132459e-21,4.52222564950588e-11,3.02861652423658e-10
0.84000039100647,5.8733292964635e-21,-5.90209547901566e-11,-4.11529088584217e-10
0.840667068958282,-1.47048317546207e-20,-2.58441081035787e-11,-2.04070385589894e-10
0.841333746910095,8.82000876738986e-21,4.52221940450137e-11,3.02861291601175e-10
0.842000424861908,5.87314148445918e-21,-5.90210796902468e-11,-4.11530004518212e-10
0.842667102813721,-1.47048139831622e-20,-2.58439190187199e-11,-2.0406908107784e-10
0.843333780765533,8.81865086640382e-21,4.52221350644155e-11,3.02860903023117e-10
0.844000399112701,5.87301829594023e-21,-5.9021211529231e-11,-4.11530920452208e-10
0.844667077064514,-1.47040433480993e-20,-2.58437316685844e-11,-2.04067790443574e-10
0.845333755016327,8.81859351306057e-21,4.52220760838173e-11,3.02860542200634e-10
0.84600043296814,5.87191161875351e-21,-5.90213364293213e-11,-4.11531836386203e-10
0.846667110919952,-1.47045441801108e-20,-2.58435425837256e-11,-2.04066499809308e-10
0.84733372926712,8.82008469998515e-21,4.52220136337722e-11,3.02860153622575e-10
0.848000407218933,5.87238862085479e-21,-5.90214682683055e-11,-4.11532752320198e-10
0.848667085170746,-1.47058188783595e-20,-2.58433534988667e-11,-2.04065195297254e-10
0.849333763122559,8.81964929925257e-21,4.5221954653174e-11,3.02859792800092e-10
0.850000441074371,5.87269437071988e-21,-5.90216001072896e-11,-4.11533668254194e-10
0.850667119026184,-1.47059400473945e-20,-2.58431644140078e-11,-2.04063904662988e-10
0.851333737373352,8.81889562785461e-21,4.52218922031289e-11,3.02859404222033e-10
0.852000415325165,5.87378691151918e-21,-5.90217250073799e-11,-4.11534611943765e-10
0.852667093276978,-1.4704993313334e-20,-2.58429753291489e-11,-2.04062614028722e-10
0.85333377122879,8.81893278635869e-21,4.52218332225307e-11,3.02859015643975e-10
0.854000449180603,5.87322549499015e-21,-5.90218568463641e-11,-4.1153552787776e-10
0.854667067527771,-1.47037557735895e-20,-2.584278624429e-11,-2.04061309516668e-10
0.855333745479584,8.82025918339561e-21,4.52217742419325e-11,3.02858654821492e-10
0.856000423431396,5.87219273091481e-21,-5.90219817464543e-11,-4.11536443811755e-10
0.856667101383209,-1.47056282390777e-20,-2.58425971594312e-11,-2.04060018882402e-10
0.857333779335022,8.82091995853337e-21,4.52217117918874e-11,3.02858266243433e-10
0.858000457286835,5.87359263716632e-21,-5.90221135854385e-11,-4.11537359745751e-10
0.858667075634003,-1.47059965929442e-20,-2.58424080745723e-11,-2.04058714370348e-10
0.859333753585815,8.82081736875037e-21,4.52216528112892e-11,3.0285790542095e-10
0.860000431537628,5.8730530310636e-21,-5.90222384855288e-11,-4.11538275679746e-10
0.860667109489441,-1.47054699115385e-20,-2.58422189897134e-11,-2.04057423736081e-10
0.861333787441254,8.82091753515267e-21,4.5221593830691e-11,3.02857516842892e-10
0.862000405788422,5.8731923754539e-21,-5.9022370324513e-11,-4.11539191613741e-10
0.862667083740234,-1.47048204455107e-20,-2.58420299048545e-11,-2.04056133101815e-10
0.863333761692047,8.81991263995539e-21,4.52215313806459e-11,3.02857156020409e-10
0.86400043964386,5.87218344128879e-21,-5.90225021634971e-11,-4.11540107547737e-10
0.864667117595673,-1.47050999420849e-20,-2.58418408199956e-11,-2.04054828589761e-10
0.865333795547485,8.82041993431543e-21,4.52214724000477e-11,3.0285676744235e-10
0.866000413894653,5.87191363823743e-21,-5.90226270635874e-11,-4.11541023481732e-10
0.866667091846466,-1.47049642327656e-20,-2.58416517351368e-11,-2.04053537955495e-10
0.867333769798279,8.82159446616177e-21,4.52214134194495e-11,3.02856378864291e-10
0.868000447750092,5.87282967614234e-21,-5.90227589025716e-11,-4.11541967171303e-10
0.868667125701904,-1.47045490268722e-20,-2.58414626502779e-11,-2.04052247321229e-10
0.869333744049072,8.81997807123431e-21,4.52213509694044e-11,3.02856018041808e-10
0.870000422000885,5.87237246498345e-21,-5.90228838026619e-11,-4.11542883105298e-10
0.870667099952698,-1.47030917672775e-20,-2.5841273565419e-11,-2.04050942809175e-10
0.87133377790451,8.82027533926695e-21,4.52212919888062e-11,3.0285562946375e-10
0.872000455856323,5.87133768142419e-21,-5.9023015641646e-11,-4.11543799039293e-10
0.872667074203491,-1.47027072575396e-20,-2.58410844805601e-11,-2.04049652174909e-10
0.873333752155304,8.82016224816758e-21,4.5221233008208e-11,3.02855268641267e-10
0.874000430107117,5.87117571881402e-21,-5.90231405417363e-11,-4.11544714973289e-10
0.874667108058929,-1.47041515924373e-20,-2.58408953957012e-11,-2.04048361540643e-10
0.875333786010742,8.82068489060539e-21,4.52211705581629e-11,3.02854880063208e-10
0.876000463962555,5.87253079252257e-21,-5.90232723807205e-11,-4.11545630907284e-10
0.876667082309723,-1.47043212290863e-20,-2.58407063108423e-11,-2.04047057028589e-10
0.877333760261536,8.81970907597652e-21,4.52211115775647e-11,3.02854519240725e-10
0.878000438213348,5.87371461399493e-21,-5.90234042197046e-11,-4.11546546841279e-10
0.878667116165161,-1.47034326561627e-20,-2.58405172259835e-11,-2.04045766394323e-10
0.879333794116974,8.81909596065921e-21,4.52210525969665e-11,3.02854130662666e-10
0.880000412464142,5.87285390994935e-21,-5.90235291197949e-11,-4.11547462775275e-10
0.880667090415955,-1.47026410184671e-20,-2.58403281411246e-11,-2.04044461882269e-10
0.881333768367767,8.81990456201972e-21,4.52209901469214e-11,3.02853769840183e-10
0.88200044631958,5.8708853170267e-21,-5.90236609587791e-11,-4.11548406464846e-10
0.882667124271393,-1.4703206473964e-20,-2.58401390562657e-11,-2.04043171248003e-10
0.883333802223206,8.8222366620475e-21,4.52209311663232e-11,3.02853381262125e-10
0.884000420570374,5.87153195577704e-21,-5.90237858588694e-11,-4.11549322398841e-10
0.884667098522186,-1.47065265055241e-20,-2.58399499714068e-11,-2.04041880613737e-10
0.885333776473999,8.82138686321507e-21,4.52208687162781e-11,3.02852992684066e-10
0.886000454425812,5.87398118587203e-21,-5.90239176978535e-11,-4.11550238332836e-10
0.886667132377625,-1.47056023896835e-20,-2.58397608865479e-11,-2.04040576101683e-10
0.887333750724792,8.81843195434718e-21,4.52208097356799e-11,3.02852631861583e-10
0.888000428676605,5.87309907529692e-21,-5.90240425979438e-11,-4.11551154266832e-10
0.888667106628418,-1.47036572227743e-20,-2.58395718016891e-11,-2.04039285467417e-10
0.889333784580231,8.81892874739085e-21,4.52207507550817e-11,3.02852243283525e-10
0.890000462532043,5.87014214694511e-21,-5.9024174436928e-11,-4.11552070200827e-10
0.890667140483856,-1.47027702654378e-20,-2.58393827168302e-11,-2.04037994833151e-10
0.891333758831024,8.8217527937009e-21,4.52206883050366e-11,3.02851882461042e-10
0.892000436782837,5.87080655715393e-21,-5.90243062759122e-11,-4.11552986134822e-10
0.89266711473465,-1.47052211111199e-20,-2.58391936319713e-11,-2.04036690321097e-10
0.893333792686462,8.82210176052182e-21,4.52206293244384e-11,3.02851493882983e-10
0.894000470638275,5.87285310215579e-21,-5.90244311760024e-11,-4.11553902068817e-10
0.894667088985443,-1.4706416645599e-20,-2.58390045471124e-11,-2.0403539968683e-10
0.895333766937256,8.82025272104708e-21,4.52205703438402e-11,3.028511330605e-10
0.896000444889069,5.8742384681231e-21,-5.90245630149866e-11,-4.11554818002813e-10
0.896667122840881,-1.47044343201857e-20,-2.58388154622535e-11,-2.04034109052564e-10
0.897333800792694,8.81677516974137e-21,4.52205078937951e-11,3.02850744482441e-10
0.898000478744507,5.87187203686873e-21,-5.90246879150769e-11,-4.11555761692384e-10
0.898667097091675,-1.47023582907187e-20,-2.58386263773946e-11,-2.0403280454051e-10
0.899333775043488,8.81875587956752e-21,4.52204489131969e-11,3.02850355904383e-10
0.9000004529953,5.86956417064796e-21,-5.9024819754061e-11,-4.11556677626379e-10
0.900667130947113,-1.4702833273336e-20,-2.58384372925358e-11,-2.04031513906244e-10
0.901333808898926,8.82061703594577e-21,4.52203899325987e-11,3.028499950819e-10
0.902000427246094,5.86948379518805e-21,-5.90249515930452e-11,-4.11557593560374e-10
0.902667105197906,-1.47051031732591e-20,-2.58382482076769e-11,-2.0403020939419e-10
0.903333783149719,8.82154034399279e-21,4.52203274825536e-11,3.02849606503841e-10
0.904000461101532,5.87149196999548e-21,-5.90250764931355e-11,-4.1155850949437e-10
0.904667139053345,-1.47069627140503e-20,-2.5838059122818e-11,-2.04028918759924e-10
0.905333757400513,8.82031653673887e-21,4.52202685019554e-11,3.02849245681358e-10
0.906000435352325,5.87342421220762e-21,-5.90252083321197e-11,-4.11559425428365e-10
0.906667113304138,-1.47052970437152e-20,-2.58378700379591e-11,-2.04027628125658e-10
0.907333791255951,8.81821304229054e-21,4.52202095213572e-11,3.02848857103299e-10
0.908000469207764,5.87306595576068e-21,-5.90253332322099e-11,-4.1156034136236e-10
0.908667147159576,-1.47039044076058e-20,-2.58376809531002e-11,-2.04026323613604e-10
0.909333765506744,8.8181993097999e-21,4.52201470713121e-11,3.02848496280816e-10
0.910000443458557,5.86888602794851e-21,-5.90254650711941e-11,-4.11561257296356e-10
0.91066712141037,-1.47032129363125e-20,-2.58374918682414e-11,-2.04025032979338e-10
0.911333799362183,8.82258643666198e-21,4.52200880907139e-11,3.02848107702758e-10
0.912000477313995,5.86921479993026e-21,-5.90255899712844e-11,-4.11562173230351e-10
0.912667095661163,-1.47068011553369e-20,-2.58373027833825e-11,-2.04023742345072e-10
0.913333773612976,8.82076890113636e-21,4.52200291101157e-11,3.02847719124699e-10
0.914000451564789,5.8712249942216e-21,-5.90257218102685e-11,-4.11563116919922e-10
0.914667129516602,-1.47070063349029e-20,-2.58371136985236e-11,-2.04022437833018e-10
0.915333807468414,8.81987305807061e-21,4.52199666600706e-11,3.02847358302216e-10
0.916000485420227,5.87287046971747e-21,-5.90258536492527e-11,-4.11564032853917e-10
0.916667103767395,-1.47042711458852e-20,-2.58369246136647e-11,-2.04021147198752e-10
0.917333781719208,8.8189739838306e-21,4.52199076794724e-11,3.02846969724158e-10
0.918000459671021,5.87119752924033e-21,-5.9025978549343e-11,-4.11564948787912e-10
0.918667137622833,-1.47030659178833e-20,-2.58367355288058e-11,-2.04019856564486e-10
0.919333815574646,8.82057826185456e-21,4.52198452294272e-11,3.02846608901675e-10
0.920000433921814,5.86963606427542e-21,-5.90261103883272e-11,-4.11565864721908e-10
0.920667111873627,-1.47047057388242e-20,-2.5836546443947e-11,-2.04018552052432e-10
0.921333789825439,8.82278030711805e-21,4.52197862488291e-11,3.02846220323616e-10
0.922000467777252,5.87044951239734e-21,-5.90262352884174e-11,-4.11566780655903e-10
0.922667145729065,-1.47055781558765e-20,-2.58363573590881e-11,-2.04017261418166e-10
0.923333823680878,8.82010004806292e-21,4.52197272682309e-11,3.02845859501133e-10
0.924000442028046,5.87109049659271e-21,-5.90263671274016e-11,-4.11567696589898e-10
0.924667119979858,-1.47048883001703e-20,-2.58361682742292e-11,-2.04015956906112e-10
0.925333797931671,8.81928336876674e-21,4.52196648181857e-11,3.02845470923074e-10
0.926000475883484,5.87154124540306e-21,-5.90264920274919e-11,-4.11568612523894e-10
0.926667153835297,-1.47042291406197e-20,-2.58359791893703e-11,-2.04014666271846e-10
0.927333772182465,8.81767747515565e-21,4.52196058375876e-11,3.02845082345016e-10
0.928000450134277,5.86946642762636e-21,-5.90266238664761e-11,-4.11569528457889e-10
0.92866712808609,-1.47039447972841e-20,-2.58357901045114e-11,-2.04013375637579e-10
0.929333806037903,8.81979066312678e-21,4.52195468569894e-11,3.02844721522533e-10
0.930000483989716,5.86850151821065e-21,-5.90267557054602e-11,-4.1157047214746e-10
0.930667102336884,-1.47050385497738e-20,-2.58356010196525e-11,-2.04012071125526e-10
0.931333780288696,8.82283442928704e-21,4.52194844069442e-11,3.02844332944474e-10
0.932000458240509,5.87003672988463e-21,-5.90268806055505e-11,-4.11571388081455e-10
0.932667136192322,-1.4706911015262e-20,-2.58354119347937e-11,-2.04010780491259e-10
0.933333814144135,8.82175925604943e-21,4.5219425426346e-11,3.02843972121991e-10
0.934000492095947,5.8733708978322e-21,-5.90270124445347e-11,-4.11572304015451e-10
0.934667110443115,-1.47066541369077e-20,-2.58352228499348e-11,-2.04009489856993e-10
0.935333788394928,8.8170457805863e-21,4.52193664457479e-11,3.02843583543932e-10
0.936000466346741,5.87211275935168e-21,-5.90271373446249e-11,-4.11573219949446e-10
0.936667144298553,-1.47019786277422e-20,-2.58350337650759e-11,-2.04008185344939e-10
0.937333822250366,8.81849173107113e-21,4.52193039957027e-11,3.02843222721449e-10
0.938000440597534,5.86921237654956e-21,-5.90272691836091e-11,-4.11574135883441e-10
0.938667118549347,-1.47036943812784e-20,-2.5834844680217e-11,-2.04006894710673e-10
0.93933379650116,8.82186184583243e-21,4.52192450151045e-11,3.02842834143391e-10
0.940000474452972,5.86951489524038e-21,-5.90273940836994e-11,-4.11575051817437e-10
0.940667152404785,-1.47054505244929e-20,-2.58346555953581e-11,-2.04005604076407e-10
0.941333830356598,8.82168736242197e-21,4.52191860345064e-11,3.02842473320908e-10
0.942000448703766,5.87098184835795e-21,-5.90275259226836e-11,-4.11575967751432e-10
0.942667126655579,-1.47058447277536e-20,-2.58344665104993e-11,-2.04004299564353e-10
0.943333804607391,8.82042720445754e-21,4.52191235844612e-11,3.02842084742849e-10
0.944000482559204,5.87186032386201e-21,-5.90276577616677e-11,-4.11576883685427e-10
0.944667160511017,-1.47049383833715e-20,-2.58342774256404e-11,-2.04003008930087e-10
0.945333778858185,8.81857251042783e-21,4.5219064603863e-11,3.02841696164791e-10
0.946000456809998,5.87070881413233e-21,-5.9027782661758e-11,-4.11577827374998e-10
0.94666713476181,-1.47034423496855e-20,-2.58340883407815e-11,-2.04001704418033e-10
0.947333812713623,8.82044739929671e-21,4.52190021538179e-11,3.02841335342308e-10
0.948000490665436,5.86993979465659e-21,-5.90279145007422e-11,-4.11578743308993e-10
0.948667168617249,-1.47036733786457e-20,-2.58338992559226e-11,-2.04000413783767e-10
0.949333786964417,8.82224070101533e-21,4.52189431732197e-11,3.02840946764249e-10
0.950000464916229,5.87022252240502e-21,-5.90280394008325e-11,-4.11579659242989e-10
0.950667142868042,-1.47048430637306e-20,-2.58337101710637e-11,-2.03999123149501e-10
0.951333820819855,8.82178106647574e-21,4.52188841926215e-11,3.02840585941766e-10
0.952000498771667,5.87066236600223e-21,-5.90281712398166e-11,-4.11580575176984e-10
0.952667117118835,-1.47047025076499e-20,-2.58335210862048e-11,-2.03997818637447e-10
0.953333795070648,8.82184165099326e-21,4.52188217425764e-11,3.02840197363707e-10
0.954000473022461,5.87125528648037e-21,-5.90282961399069e-11,-4.11581491110979e-10
0.954667150974274,-1.4705150025286e-20,-2.5833332001346e-11,-2.03996528003181e-10
0.955333828926086,8.82133597222035e-21,4.52187627619782e-11,3.02839836541224e-10
0.956000506877899,5.87217374776598e-21,-5.90284279788911e-11,-4.11582407044975e-10
0.956667125225067,-1.47034439652726e-20,-2.58331429164871e-11,-2.03995237368915e-10
0.95733380317688,8.82048132662652e-21,4.521870378138e-11,3.02839447963166e-10
0.958000481128693,5.87058522171658e-21,-5.90285598178752e-11,-4.1158332297897e-10
0.958667159080505,-1.47039270258257e-20,-2.58329538316282e-11,-2.03993932856861e-10
0.959333837032318,8.82174229238453e-21,4.52186413313349e-11,3.02839059385107e-10
0.960000455379486,5.86947329387168e-21,-5.90286847179655e-11,-4.11584238912965e-10
0.960667133331299,-1.47050740926907e-20,-2.58327647467693e-11,-2.03992642222595e-10
0.961333811283112,8.82212276315456e-21,4.52185823507367e-11,3.02838698562624e-10
0.962000489234924,5.87091601318225e-21,-5.90288165569497e-11,-4.11585182602536e-10
0.962667167186737,-1.47064554196902e-20,-2.58325756619104e-11,-2.03991351588328e-10
0.963333785533905,8.82017678845178e-21,4.52185233701385e-11,3.02838309984566e-10
0.964000463485718,5.87165797157349e-21,-5.902894145704e-11,-4.11586098536532e-10
0.964667141437531,-1.47036943812784e-20,-2.58323865770516e-11,-2.03990047076275e-10
0.965333819389343,8.81959113811575e-21,4.52184609200934e-11,3.02837949162083e-10
0.966000497341156,5.86974996316836e-21,-5.90290732960241e-11,-4.11587014470527e-10
0.966667175292969,-1.47028009615934e-20,-2.58321974921927e-11,-2.03988756442008e-10
0.967333793640137,8.82150641666298e-21,4.52184019394952e-11,3.02837560584024e-10
0.968000471591949,5.86877374464271e-21,-5.90292051350083e-11,-4.11587930404522e-10
0.968667149543762,-1.47054133659889e-20,-2.58320084073338e-11,-2.03987451929954e-10
0.969333827495575,8.82236025446324e-21,4.5218342958897e-11,3.02837199761541e-10
0.970000505447388,5.86979237233063e-21,-5.90293300350986e-11,-4.11588846338518e-10
0.970667123794556,-1.47060466761453e-20,-2.58318193224749e-11,-2.03986161295688e-10
0.971333801746368,8.82145067890686e-21,4.52182805088519e-11,3.02836811183482e-10
0.972000479698181,5.87058199054232e-21,-5.90294618740828e-11,-4.11589762272513e-10
0.972667157649994,-1.47036022928118e-20,-2.5831630237616e-11,-2.03984870661422e-10
0.973333835601807,8.8218481133418e-21,4.52182215282537e-11,3.02836422605424e-10
0.974000513553619,5.87094751713136e-21,-5.9029586774173e-11,-4.11590678206508e-10
0.974667131900787,-1.47040417325122e-20,-2.58314411527572e-11,-2.03983566149368e-10
0.9753338098526,8.81978662415895e-21,4.52181590782086e-11,3.02836061782941e-10
0.976000487804413,5.87040185257689e-21,-5.90297186131572e-11,-4.11591594140504e-10
0.976667165756226,-1.47029382864997e-20,-2.58312520678983e-11,-2.03982275515102e-10
0.977333843708038,8.82220273471768e-21,4.52181000976104e-11,3.02835673204882e-10
0.978000462055206,5.86923176359516e-21,-5.90298435132475e-11,-4.11592537830074e-10
0.978667140007019,-1.47042291406197e-20,-2.58310629830394e-11,-2.03980984880836e-10
0.979333817958832,8.82159365836821e-21,4.52180411170122e-11,3.02835312382399e-10
0.980000495910645,5.86869660035706e-21,-5.90299753522316e-11,-4.1159345376407e-10
0.980667173862457,-1.47042695302981e-20,-2.58308738981805e-11,-2.03979680368782e-10
0.98133385181427,8.8213860554215e-21,4.52179786669671e-11,3.0283492380434e-10
0.982000470161438,5.86998947396096e-21,-5.90301071912158e-11,-4.11594369698065e-10
0.982667148113251,-1.47048608351891e-20,-2.58306848133216e-11,-2.03978389734516e-10
0.983333826065063,8.82140544246711e-21,4.52179196863689e-11,3.02834562981857e-10
0.984000504016876,5.87039498633157e-21,-5.90302320913061e-11,-4.1159528563206e-10
0.984667181968689,-1.47038850205602e-20,-2.58304957284627e-11,-2.0397709910025e-10
0.985333800315857,8.82034238613301e-21,4.52178607057707e-11,3.02834174403799e-10
0.98600047826767,5.8694288652255e-21,-5.90303639302903e-11,-4.11596201566056e-10
0.986667156219482,-1.47029948320494e-20,-2.58303066436039e-11,-2.03975794588196e-10
0.987333834171295,8.82165181950503e-21,4.52177982557256e-11,3.0283378582574e-10
0.988000512123108,5.86983801266716e-21,-5.90304888303805e-11,-4.11597117500051e-10
0.988667190074921,-1.47040821221905e-20,-2.5830117558745e-11,-2.0397450395393e-10
0.989333808422089,8.82271487583913e-21,4.52177392751274e-11,3.02833425003257e-10
0.990000486373901,5.87123387995084e-21,-5.90306206693647e-11,-4.11598033434046e-10
0.990667164325714,-1.47040772754291e-20,-2.58299284738861e-11,-2.03973199441876e-10
0.991333842277527,8.82040135506339e-21,4.52176802945292e-11,3.02833036425199e-10
0.99200052022934,5.86870508218952e-21,-5.9030745569455e-11,-4.11598949368042e-10
0.992667138576508,-1.47027379536951e-20,-2.58297393890272e-11,-2.0397190880761e-10
0.99333381652832,8.82160577527171e-21,4.52176178444841e-11,3.02832675602716e-10
0.994000494480133,5.86789284575795e-21,-5.90308774084392e-11,-4.11599893057613e-10
0.994667172431946,-1.47049044560417e-20,-2.58295503041683e-11,-2.03970618173344e-10
0.995333850383759,8.82297256198698e-21,4.52175588638859e-11,3.02832287024657e-10
0.996000468730927,5.86898821383473e-21,-5.90310092474233e-11,-4.11600808991608e-10
0.996667146682739,-1.47054279062731e-20,-2.58293612193095e-11,-2.0396931366129e-10
0.997333824634552,8.82174956252663e-21,4.52174964138408e-11,3.02831926202174e-10
0.998000502586365,5.87093984309247e-21,-5.90311341475136e-11,-4.11601724925603e-10
0.998667180538177,-1.47056088520321e-20,-2.58291721344506e-11,-2.03968023027024e-10
0.99933385848999,8.81983751515367e-21,4.52174374332426e-11,3.02831537624115e-10
1.0,8.17695662048657e-21,-5.90053908511301e-11,-4.11414513568076e-10
