Time,U1,U2,U3
0.0,0.0,0.0,0.0
0.000606061017606407,-8.28434585847967e-23,-3.74077192832889e-11,-4.87190079945243e-11
0.00121212203521281,4.89614788087708e-22,-9.97935241386916e-12,-2.58476035713828e-11
0.00181818299461156,-1.96052861849515e-22,1.56452964732851e-12,9.75369091049672e-12
0.00242424407042563,-6.73559430213873e-22,-5.56923708538992e-11,-7.18671025468076e-11
0.00303030502982438,7.58039996058057e-22,1.04470486081421e-11,-2.20106528489583e-12
0.00363636598922312,-4.71711305853791e-22,-4.69541560580572e-13,6.02347035097428e-12
0.00424242718145251,-1.07575313241242e-21,-7.24369036975148e-11,-8.82497408483118e-11
0.00484848814085126,1.87902780117104e-21,2.78475506543252e-11,1.59493633578034e-11
0.00545454910025001,-1.35878741325874e-22,-1.34971970666004e-12,3.51460874292719e-12
0.00606061005964875,-1.93126498386797e-21,-8.77173680913224e-11,-1.01248509576379e-10
0.0066666710190475,2.30246753440933e-21,4.34516901626214e-11,2.88278272780884e-11
0.00727273197844625,-2.53566148228959e-23,-2.80554724417514e-12,5.03816953434377e-12
0.00787879340350628,-2.18354759860615e-21,-9.96845661571655e-11,-1.16278021933258e-10
0.00848485436290503,3.32579860037218e-21,5.51882914368029e-11,4.35622926620027e-11
0.00909091532230377,4.87804724652573e-22,-2.28365568642752e-12,2.7445543667598e-12
0.00969697628170252,-3.37863617563775e-21,-1.11357041643334e-10,-1.25402285777731e-10
0.0103030372411013,2.74811270500941e-21,6.61419738423596e-11,5.22894193222267e-11
0.0109090982005,9.06318027848645e-22,-2.45148367751524e-12,4.45104109819683e-12
0.0115151591598988,-2.47694185719211e-21,-1.2067798149662e-10,-1.36232081171528e-10
0.0121212201192975,2.74577373873632e-21,7.4689414375495e-11,6.19816489799696e-11
0.0127272810786963,-5.32213781840622e-22,-1.83364846743916e-12,4.2722375116766e-12
0.013333342038095,-2.74253953524265e-21,-1.2905015944753e-10,-1.44126210965823e-10
0.0139394029974937,4.05187516424103e-21,8.19624090819815e-11,6.90560594818201e-11
0.0145454639568925,-5.29813170820951e-22,-1.04311166908982e-12,5.02454978665301e-12
0.0151515249162912,-3.86600711514487e-21,-1.36414157747566e-10,-1.51256618341478e-10
0.0157575868070126,4.3379471780394e-21,8.8237021855786e-11,7.49406578459677e-11
0.0163636468350887,4.92222888458113e-23,-4.23191511131002e-13,6.15332958198156e-12
0.0169697087258101,-4.34058543182905e-21,-1.42450801154936e-10,-1.57884108564765e-10
0.0175757687538862,3.81882752797059e-21,9.31013877103481e-11,8.04431798950844e-11
0.0181818306446075,3.50467221740764e-22,6.82865168490782e-13,6.60367507204773e-12
0.0187878906726837,-3.9394254529607e-21,-1.48061549132272e-10,-1.62844723816669e-10
0.019393952563405,3.55905444543451e-21,9.75307959394378e-11,8.42452704818974e-11
0.0200000125914812,-1.22037955862717e-22,1.41490963910529e-12,7.92666713517187e-12
0.0206060744822025,-3.49725056352423e-21,-1.52549500809229e-10,-1.67875782719484e-10
0.0212121345102787,4.31189825888608e-21,1.00888034038071e-10,8.8088626670757e-11
0.021818196401,-7.11558897883692e-22,2.47264101554956e-12,8.56079963862388e-12
0.0224242564290762,-4.20932503565202e-21,-1.56683915841782e-10,-1.71650443858695e-10
0.0230303183197975,4.83385972672341e-21,1.03898618875053e-10,9.08014358147469e-11
0.0236363783478737,-3.90911047500615e-22,3.29295943811425e-12,9.62010072297348e-12
0.024242440238595,-4.73893792415547e-21,-1.60076688016098e-10,-1.7522668038783e-10
0.0248485002666712,4.7022911573006e-21,1.06256108078906e-10,9.32903476691394e-11
0.0254545621573925,1.06248633476568e-22,4.19919958180581e-12,1.04422555671779e-11
0.0260606221854687,-4.54383154393093e-21,-1.63077773507325e-10,-1.78184661470127e-10
0.02666668407619,4.2410301253611e-21,1.08260615749867e-10,9.5285473955542e-11
0.0272727441042662,-2.65960629797596e-22,5.01680684841799e-12,1.1242374219067e-11
0.0278788059949875,-4.0147263536843e-21,-1.65635019588883e-10,-1.80703244034852e-10
0.0284848678857088,4.66956380483255e-21,1.09906007905725e-10,9.68758545605297e-11
0.029090927913785,-7.92247630237532e-22,5.77989696035064e-12,1.20720959270737e-11
0.0296969898045063,-4.28364729446927e-21,-1.67816482932182e-10,-1.82957884953261e-10
0.0303030498325825,5.31777654093827e-21,1.11238962485771e-10,9.82836034779666e-11
0.0309091117233038,-5.54156332883466e-22,6.51446648361476e-12,1.27342008465758e-11
0.0315151736140251,-4.86175728145469e-21,-1.69713604281085e-10,-1.84787407597753e-10
0.0321212336421013,5.14729978656992e-21,1.12358670978363e-10,9.93420415373869e-11
0.0327272936701775,-7.88499922470783e-23,7.16516256049626e-12,1.34386781217022e-11
0.0333333536982536,-4.66336116192876e-21,-1.71314823438351e-10,-1.86433715687606e-10
0.0339394174516201,4.67244601227942e-21,1.1325414911445e-10,1.00272942726853e-10
0.0345454774796963,-3.75128099110579e-22,7.77991646799814e-12,1.40279324614689e-11
0.0351515375077724,-4.22334913976778e-21,-1.72699021749878e-10,-1.87801649231822e-10
0.0357575975358486,4.98412669773712e-21,1.13994438888376e-10,1.01004926644777e-10
0.0363636612892151,-8.21109640000643e-22,8.33312759074278e-12,1.45827447339819e-11
0.0369697213172913,-4.44738543490215e-21,-1.73879105558328e-10,-1.88977541948354e-10
0.0375757813453674,5.43992542957693e-21,1.1459613813436e-10,1.01597411039656e-10
0.0381818413734436,-7.00936210529957e-22,8.83270713514239e-12,1.50955654226737e-11
0.0387879051268101,-4.87698944084981e-21,-1.74883024728345e-10,-1.89997365063199e-10
0.0393939651548862,5.32884815956684e-21,1.15078502282984e-10,1.02096872622859e-10
0.0400000251829624,-3.34137523323651e-22,9.2899351405995e-12,1.55356543601881e-11
0.0406060852110386,-4.7668415373385e-21,-1.75746112107689e-10,-1.90843923997264e-10
0.0412121489644051,4.99160928954774e-21,1.15474282913475e-10,1.0247704768096e-10
0.0418182089924812,-4.67365275489424e-22,9.69463138239535e-12,1.59546802852573e-11
0.0424242690205574,-4.40946154641794e-21,-1.76476222524258e-10,-1.91586579934011e-10
0.0430303327739239,5.12372473521538e-21,1.1578786540678e-10,1.02800920553925e-10
0.043636392802,-8.56648215055858e-22,1.00610561548642e-11,1.63132909958286e-11
0.0442424528300762,-4.51439877752567e-21,-1.7710065358667e-10,-1.92205515392452e-10
0.0448485128581524,5.50920382536216e-21,1.16040399511519e-10,1.03049895006091e-10
0.0454545766115189,-7.84021060551751e-22,1.03873749879302e-11,1.66415388413998e-11
0.046060636639595,-4.87012602280825e-21,-1.77631909181741e-10,-1.92737173443369e-10
0.0466666966676712,5.44730300822385e-21,1.1624221030182e-10,1.03250630267837e-10
0.0472727566957474,-4.69488056009163e-22,1.06763408877497e-11,1.69328943228075e-11
0.0478788204491138,-4.79075020743619e-21,-1.78081313584322e-10,-1.93189922392811e-10
0.04848488047719,5.15700663796713e-21,1.16399431759895e-10,1.03411695873135e-10
0.0490909405052662,-5.67375117300073e-22,1.09355875049788e-11,1.7188124187828e-11
0.0496970005333424,-4.50532685187208e-21,-1.78465631162084e-10,-1.9357014602317e-10
0.0503030642867088,5.24562199615793e-21,1.16525622484431e-10,1.03533716322435e-10
0.050909124314785,-8.55562540501882e-22,1.11622750972873e-11,1.74189915963519e-11
0.0515151843428612,-4.5660935268424e-21,-1.78788817084552e-10,-1.93897342626315e-10
0.0521212443709373,5.53180750495245e-21,1.16621406975881e-10,1.03633115977608e-10
0.0527273081243038,-8.13951730716833e-22,1.13649202895805e-11,1.76185385725169e-11
0.05333336815238,-4.824871407704e-21,-1.79064707506171e-10,-1.94170624023826e-10
0.0539394281804562,5.49880267539416e-21,1.16696985408282e-10,1.03706432330597e-10
0.0545454882085323,-5.79617077345851e-22,1.1541852543151e-11,1.7797471829617e-11
0.0551515519618988,-4.78856876090865e-21,-1.79296757996106e-10,-1.94404353726085e-10
0.055757611989975,5.2797173470316e-21,1.16753370860145e-10,1.03764101477832e-10
0.0563636720180511,-6.18771841277698e-22,1.16984954709465e-11,1.79532638755475e-11
0.0569697357714176,-4.5681538043349e-21,-1.79493697682886e-10,-1.94600793812505e-10
0.0575757957994938,5.31384177847368e-21,1.1679619771332e-10,1.03806609141888e-10
0.05818185582757,-8.41086627346715e-22,1.18354900532913e-11,1.80904787677738e-11
0.0587879158556461,-4.58878848710576e-21,-1.79659606636129e-10,-1.9476681378805e-10
0.0593939796090126,5.52779640599578e-21,1.16827394980312e-10,1.03837750897728e-10
0.0600000396370888,-8.31850416676446e-22,1.19557081249e-11,1.82109379659456e-11
0.0606060996651649,-4.78787930909926e-21,-1.79799647392898e-10,-1.94907215367301e-10
0.0612121596932411,5.52449939655229e-21,1.16849710463107e-10,1.038604341419e-10
0.0618182234466076,-6.50258069417229e-22,1.20608367043529e-11,1.8315763836152e-11
0.0624242834746838,-4.78317916222999e-21,-1.79917622467052e-10,-1.95024940641275e-10
0.0630303472280502,5.35171719934387e-21,1.1686507317421e-10,1.03875533175035e-10
0.0636364072561264,-6.58622822290056e-22,1.21525671470391e-11,1.84078117332342e-11
0.0642424672842026,-4.61218299659809e-21,-1.80016807016514e-10,-1.95124458257645e-10
0.0648485273122787,5.35597346364811e-21,1.16874940281342e-10,1.03885670899029e-10
0.0654545873403549,-8.25164561758321e-22,1.22325717263894e-11,1.84876645242804e-11
0.0660606473684311,-4.60691254747055e-21,-1.80100198643451e-10,-1.95207794373431e-10
0.0666667073965073,5.51702972943874e-21,1.16880685685494e-10,1.03891388547606e-10
0.0672727674245834,-8.36728126669158e-22,1.23021670975221e-11,1.85573223454583e-11
0.0678788349032402,-4.75855438313519e-21,-1.80170170449578e-10,-1.95277835568497e-10
0.0684848949313164,5.53024523219398e-21,1.16883294709602e-10,1.03894018388395e-10
0.0690909549593925,-6.9763076974111e-22,1.23626100675955e-11,1.86178347044708e-11
0.0696970149874687,-4.76919706337971e-21,-1.80228762469703e-10,-1.95336580244287e-10
0.0703030750155449,5.39818713986959e-21,1.16883516754207e-10,1.03894386149772e-10
0.0709091350436211,-6.87634576785639e-22,1.24150802485734e-11,1.86702146798279e-11
0.0715151950716972,-4.6408176629592e-21,-1.80277848205179e-10,-1.953856243464e-10
0.072121262550354,5.38575438908072e-21,1.16882101219851e-10,1.03892908165371e-10
0.0727273225784302,-8.11640229425017e-22,1.24604658188754e-11,1.87157147418793e-11
0.0733333826065063,-4.62497117655642e-21,-1.80318801557e-10,-1.95426730353887e-10
0.0739394426345825,5.50406221930855e-21,1.16879436684592e-10,1.03890389346883e-10
0.0745455026626587,-8.32273094660351e-22,1.24997477646271e-11,1.87549281660537e-11
0.0751515626907349,-4.73464732862463e-21,-1.80353010303946e-10,-1.95460925223045e-10
0.075757622718811,5.52566665825653e-21,1.16876022748791e-10,1.03886961533295e-10
0.0763636827468872,-7.28875568578321e-22,1.25336321182834e-11,1.87888576225204e-11
0.076969750225544,-4.75577920833595e-21,-1.80381459768952e-10,-1.95489471832566e-10
0.0775758102536201,5.42791798210105e-21,1.16872081457053e-10,1.0388309656939e-10
0.0781818702816963,-7.09334840245497e-22,1.25628370553632e-11,1.88180634269619e-11
0.0787879303097725,-4.66125807137721e-21,-1.80405121397165e-10,-1.95513175094142e-10
0.0793939903378487,5.40788752891827e-21,1.16867890365135e-10,1.03878960988624e-10
0.0800000503659248,-7.99959130550189e-22,1.25879697290832e-11,1.88431822228941e-11
0.080606110394001,-4.63819031438271e-21,-1.80424744589125e-10,-1.95532839919466e-10
0.0812121704220772,5.49438848744758e-21,1.16863629884278e-10,1.03874721324448e-10
0.0818182379007339,-8.24233175775632e-22,1.26095384134217e-11,1.8864776060723e-11
0.0824242979288101,-4.71880609288003e-21,-1.8044098160086e-10,-1.9554914632014e-10
0.0830303579568863,5.51883312857694e-21,1.16859383281209e-10,1.03870551049212e-10
0.0836364179849625,-7.49090097720173e-22,1.26280401066547e-11,1.88832595393595e-11
0.0842424780130386,-4.74237185460856e-21,-1.8045440142167e-10,-1.95562593896526e-10
0.0848485380411148,5.44745891238227e-21,1.16855289333806e-10,1.03866491796278e-10
0.085454598069191,-7.25576842573499e-22,1.26438555805852e-11,1.88990888910778e-11
0.0860606655478477,-4.67405796434226e-21,-1.80465434262977e-10,-1.95573696126772e-10
0.0866667255759239,5.42432330072814e-21,1.16851389675432e-10,1.0386265458795e-10
0.0872727856040001,-7.91618964894056e-22,1.26573621375692e-11,1.89125885091679e-11
0.0878788456320763,-4.65032620103573e-21,-1.80474510336204e-10,-1.95582813833362e-10
0.0884849056601524,5.48669021475458e-21,1.16847739817239e-10,1.03859046363119e-10
0.0890909656882286,-8.16512436324053e-22,1.2668859884768e-11,1.89240879910901e-11
0.0896970257163048,-4.70799983443821e-21,-1.80481934952681e-10,-1.95590280083202e-10
0.090303085744381,5.51174554782056e-21,1.16844367514801e-10,1.03855715694046e-10
0.0909091532230377,-7.6093543112458e-22,1.26786272452994e-11,1.89338544842599e-11
0.0915152132511139,-4.73264198109469e-21,-1.80487985668165e-10,-1.9559637243205e-10
0.0921212732791901,5.46003827770354e-21,1.1684127276812e-10,1.03852669519622e-10
0.0927273333072662,-7.38953752580837e-22,1.26868984068329e-11,1.89421204416229e-11
0.0933333933353424,-4.68243680311541e-21,-1.80492898405049e-10,-1.95601340680085e-10
0.0939394533634186,5.43619544278155e-21,1.16838455577195e-10,1.03849900900954e-10
0.0945455133914948,-7.85854196590642e-22,1.2693879801462e-11,1.89491027036137e-11
0.0951515734195709,-4.65898897924766e-21,-1.80496853574574e-10,-1.95605351360761e-10
0.0957576408982277,5.47991121114077e-21,1.16835915942026e-10,1.0384742371583e-10
0.0963637009263039,-8.09208518353018e-22,1.26997509730664e-11,1.8954967803686e-11
0.09696976095438,-4.70015131214176e-21,-1.8050004546577e-10,-1.95608584885321e-10
0.0975758209824562,5.50382836307092e-21,1.16833667740401e-10,1.03845210208675e-10
0.0981818810105324,-7.70764865195574e-22,1.27046654446739e-11,1.895988054057e-11
0.0987879410386086,-4.72347433190342e-21,-1.80502585100939e-10,-1.95611166153853e-10
0.0993940010666847,5.46701236346377e-21,1.16831655461169e-10,1.03843260379488e-10
0.100000068545341,-7.4915320659259e-22,1.27087585247154e-11,1.89639710185263e-11
0.100606128573418,-4.69009993678825e-21,-1.80504597380171e-10,-1.95613220066448e-10
0.101212188601494,5.44614624783598e-21,1.16829906859905e-10,1.03841546472694e-10
0.10181824862957,-7.81400729681871e-22,1.2712146439664e-11,1.89673537293045e-11
0.102424308657646,-4.66718202550041e-21,-1.80506165570193e-10,-1.95614843767622e-10
0.103030368685722,5.47573047553504e-21,1.16828366425459e-10,1.03840068488292e-10
0.103636428713799,-8.02232867492751e-22,1.27149280687577e-11,1.8970132756313e-11
0.104242488741875,-4.69581749965509e-21,-1.80507372937733e-10,-1.95616092768525e-10
0.104848556220531,5.49646330522428e-21,1.16827048035617e-10,1.03838791731814e-10
0.105454616248608,-7.76323292729732e-22,1.27171918828939e-11,1.89723913662787e-11
0.106060676276684,-4.71521181540391e-21,-1.80508288871728e-10,-1.95617050335883e-10
0.10666673630476,5.47233410748281e-21,1.16825910057017e-10,1.03837716203259e-10
0.107272796332836,-7.56952100071772e-22,1.27190124751819e-11,1.89742076217581e-11
0.107878856360912,-4.69261136698788e-21,-1.80508968883331e-10,-1.95617771980849e-10
0.108484916388988,5.45258678594524e-21,1.16824966367446e-10,1.03836807208157e-10
0.109090976417065,-7.78706990571595e-22,1.2720452295667e-11,1.89756439727962e-11
0.109697043895721,-4.67279457520355e-21,-1.80509440728116e-10,-1.95618299336786e-10
0.110303103923798,5.47369968250774e-21,1.16824161455753e-10,1.0383606474651e-10
0.110909163951874,-7.97431140582431e-22,1.27215685902238e-11,1.89767559305443e-11
0.11151522397995,-4.69248454339787e-21,-1.80509759917236e-10,-1.95618674037057e-10
0.112121284008026,5.4925087518173e-21,1.16823509199726e-10,1.0383546106274e-10
0.112727344036102,-7.78859764529943e-22,1.27224081963861e-11,1.89775903325362e-11
0.113333404064178,-4.70958916828118e-21,-1.80509954206265e-10,-1.9561890995945e-10
0.113939471542835,5.4757094729023e-21,1.16822995721577e-10,1.03834989217955e-10
0.114545531570911,-7.61333572378888e-22,1.2723011012794e-11,1.89781888121354e-11
0.115151591598988,-4.69436347123459e-21,-1.8051005135078e-10,-1.95619048737328e-10
0.115757651627064,5.45857415186345e-21,1.16822593265731e-10,1.03834635334366e-10
0.11636371165514,-7.75851288851146e-22,1.27234134686405e-11,1.89785877985349e-11
0.116969771683216,-4.67770111332919e-21,-1.8051005135078e-10,-1.95619090370691e-10
0.117575831711292,5.4727864718803e-21,1.16822287954399e-10,1.03834385534185e-10
0.118181891739368,-7.9278875095319e-22,1.27236450542245e-11,1.89788133125868e-11
0.118787959218025,-4.6903919541627e-21,-1.80509995839628e-10,-1.95619076492903e-10
0.119394019246101,5.48800812995906e-21,1.16822079787582e-10,1.03834225939625e-10
0.120000079274178,-7.80514782087322e-22,1.27237309230366e-11,1.89788948445901e-11
0.120606139302254,-4.70489831103792e-21,-1.80509884817326e-10,-1.95619020981752e-10
0.12121219933033,5.47717117536169e-21,1.16821954887492e-10,1.03834149611792e-10
0.121818259358406,-7.66787188697735e-22,1.27236936264818e-11,1.89788532112267e-11
0.122424319386482,-4.69503878665656e-21,-1.8050973216166e-10,-1.9561890995945e-10
0.123030379414558,5.46323229346725e-21,1.1682189937634e-10,1.03834149611792e-10
0.123636446893215,-7.75945043392009e-22,1.27235513791568e-11,1.89787057597313e-11
0.124242506921291,-4.68070247032718e-21,-1.80509551750418e-10,-1.95618771181572e-10
0.124848566949368,5.47240559721349e-21,1.16821913254128e-10,1.03834205122944e-10
0.125454634428024,-7.89102334523333e-22,1.27233197935728e-11,1.89784698373385e-11
0.1260606944561,-4.68976591414831e-21,-1.80509343583601e-10,-1.95618618525906e-10
0.126666754484177,5.48403499730003e-21,1.16821982643067e-10,1.0383432308414e-10
0.127272814512253,-7.8133817616753e-22,1.2723014482241e-11,1.89781593218363e-11
0.127878874540329,-4.70108471760836e-21,-1.80509121538996e-10,-1.95618424236876e-10
0.128484934568405,5.47718935071694e-21,1.1682209366537e-10,1.03834496556487e-10
0.129090994596481,-7.69788848618311e-22,1.27226441187789e-11,1.89777846215655e-11
0.129697054624557,-4.6947859472701e-21,-1.80508885616604e-10,-1.95618229947847e-10
0.130303114652634,5.46689321391265e-21,1.16822260198823e-10,1.03834704723305e-10
0.13090917468071,-7.75905007123347e-22,1.27222208462507e-11,1.8977356144867e-11
0.131515234708786,-4.68453343131842e-21,-1.80508621938635e-10,-1.95618035658818e-10
0.132121294736862,5.47264955087071e-21,1.16822454487853e-10,1.03834961462379e-10
0.132727354764938,-7.85604335942966e-22,1.27217524709122e-11,1.8976882565358e-11
0.133333414793015,-4.68998523010174e-21,-1.80508372138455e-10,-1.95617813614213e-10
0.133939474821091,5.48176065451229e-21,1.16822690410245e-10,1.03835245957029e-10
0.134545534849167,-7.81187118770511e-22,1.27212459316572e-11,1.89763708219326e-11
0.135151609778404,-4.69884309046009e-21,-1.80508108460486e-10,-1.95617605447396e-10
0.13575766980648,5.47781417904098e-21,1.16822954088214e-10,1.03835558207255e-10
0.136363729834557,-7.72022700753506e-22,1.27207064326562e-11,1.89758261187611e-11
0.136969789862633,-4.69509290882554e-21,-1.80507844782518e-10,-1.95617383402791e-10
0.137575849890709,5.46917038397787e-21,1.16823245521758e-10,1.03835898213056e-10
0.138181909918785,-7.76444158842186e-22,1.2720140912803e-11,1.89752553947375e-11
0.138787969946861,-4.68598503635822e-21,-1.80507567226762e-10,-1.95617161358186e-10
0.139394029974937,5.47230906588224e-21,1.16823564710877e-10,1.03836259035539e-10
0.140000090003014,-7.84073466159407e-22,1.2719551974183e-11,1.89746621193088e-11
0.14060615003109,-4.68909867666202e-21,-1.80507303548794e-10,-1.95616925435793e-10
0.141212210059166,5.48005176722142e-21,1.16823897777785e-10,1.03836640674704e-10
0.141818270087242,-7.81016674327886e-22,1.27189439536046e-11,1.89740497619217e-11
0.142424330115318,-4.69709987194262e-21,-1.80507025993037e-10,-1.95616703391188e-10
0.143030390143394,5.47808357819555e-21,1.1682424472248e-10,1.0383704313055e-10
0.143636450171471,-7.74614607387249e-22,1.2718320320515e-11,1.89734200573e-11
0.144242525100708,-4.69425886196767e-21,-1.80506762315069e-10,-1.95616481346583e-10
0.144848585128784,5.47091764146317e-21,1.16824605544963e-10,1.03837459464184e-10
0.14545464515686,-7.7706651329842e-22,1.27176836769993e-11,1.89727782096138e-11
0.146060705184937,-4.68786759926599e-21,-1.80506498637101e-10,-1.95616259301978e-10
0.146666765213013,5.47258048452073e-21,1.16824980245234e-10,1.03837882736713e-10
0.147272825241089,-7.82048024764485e-22,1.27170348904193e-11,1.89721259535869e-11
0.147878885269165,-4.68941169666921e-21,-1.80506221081345e-10,-1.95616037257373e-10
0.148484945297241,5.47844870088781e-21,1.16825368823292e-10,1.03838319887029e-10
0.149091005325317,-7.80838808281864e-22,1.27163774302219e-11,1.89714632892191e-11
0.149697065353394,-4.69482108629026e-21,-1.80505957403376e-10,-1.95615815212768e-10
0.15030312538147,5.47722448973711e-21,1.16825771279139e-10,1.03838770915132e-10
0.150909185409546,-7.75699827557343e-22,1.27157121637689e-11,1.89707936859573e-11
0.151515245437622,-4.69431904258841e-21,-1.80505693725408e-10,-1.95615593168164e-10
0.152121305465698,5.47175249611461e-21,1.16826173734985e-10,1.0383922888213e-10
0.152727365493774,-7.770376851655e-22,1.27150408257837e-11,1.89701171438017e-11
0.153333440423012,-4.6887618267446e-21,-1.8050543004744e-10,-1.95615385001346e-10
0.153939500451088,5.4733486962029e-21,1.16826590068619e-10,1.03839686849128e-10
0.154545560479164,-7.81608585064066e-22,1.27143634162663e-11,1.89694336627522e-11
0.15515162050724,-4.68972794785067e-21,-1.80505166369471e-10,-1.95615162956742e-10
0.155757680535316,5.47793130910818e-21,1.16827006402254e-10,1.03840158693913e-10
0.156363740563393,-7.80597580927934e-22,1.2713682537302e-11,1.89687484469792e-11
0.156969800591469,-4.69367603890912e-21,-1.80504916569291e-10,-1.95614954789924e-10
0.157575860619545,5.47664651343996e-21,1.16827422735888e-10,1.03840630538699e-10
0.158181920647621,-7.76745364868461e-22,1.2712997321529e-11,1.89680580270357e-11
0.158787980675697,-4.69387758340407e-21,-1.80504652891322e-10,-1.95614732745319e-10
0.159394040703773,5.4730065956273e-21,1.1682785294731e-10,1.03841116261272e-10
0.16000010073185,-7.76999769354951e-22,1.27123095036707e-11,1.89673641376453e-11
0.160606160759926,-4.69048081145506e-21,-1.80504389213354e-10,-1.95614524578502e-10
0.161212220788002,5.47378773200653e-21,1.16828283158732e-10,1.03841595044951e-10
0.161818280816078,-7.81090940848947e-22,1.27116182163656e-11,1.89666685135315e-11
0.162424340844154,-4.69030592414782e-21,-1.80504139413173e-10,-1.95614316411685e-10
0.163030415773392,5.47699265298339e-21,1.16828727247942e-10,1.03842080767524e-10
0.163636475801468,-7.80196561909044e-22,1.27109260616987e-11,1.89659711546941e-11
0.164242535829544,-4.69421120214722e-21,-1.80503889612993e-10,-1.95614108244868e-10
0.16484859585762,5.47586295368002e-21,1.16829171337152e-10,1.03842573428992e-10
0.165454655885696,-7.76878852755399e-22,1.27102313049465e-11,1.89652720611333e-11
0.166060715913773,-4.69236700943388e-21,-1.80503625935025e-10,-1.95613900078051e-10
0.166666775941849,5.47422192104877e-21,1.16829601548574e-10,1.03843066090459e-10
0.167272835969925,-7.77752632959345e-22,1.27095356808327e-11,1.8964571232849e-11
0.167878895998001,-4.69044001787993e-21,-1.80503376134844e-10,-1.95613691911234e-10
0.168484956026077,5.47446749029312e-21,1.16830045637784e-10,1.03843558751926e-10
0.169091016054153,-7.79934028999786e-22,1.27088391893571e-11,1.89638686698412e-11
0.16969707608223,-4.6895461942981e-21,-1.80503126334663e-10,-1.95613483744417e-10
0.170303136110306,5.47679232017879e-21,1.16830489726993e-10,1.03844051413393e-10
0.170909196138382,-7.7950135457049e-22,1.2708140963158e-11,1.89631661068335e-11
0.171515256166458,-4.69174702787125e-21,-1.80502876534483e-10,-1.956132755776e-10
0.172121331095695,5.47664974461422e-21,1.16830947693991e-10,1.03844551013754e-10
0.172727391123772,-7.77722239726389e-22,1.27074427369589e-11,1.89624635438257e-11
0.173333451151848,-4.69229753918712e-21,-1.80502626734302e-10,-1.95613067410783e-10
0.173939511179924,5.47482009218509e-21,1.16831391783201e-10,1.03845050614115e-10
0.174545571208,-7.78242105373817e-22,1.27067436433981e-11,1.89617592460944e-11
0.175151631236076,-4.69036610476855e-21,-1.80502376934122e-10,-1.95612859243965e-10
0.175757691264153,5.47499457559555e-21,1.16831835872411e-10,1.03845550214476e-10
0.176363751292229,-7.79259066987504e-22,1.27060436824755e-11,1.89610549483632e-11
0.176969811320305,-4.69072113004123e-21,-1.80502127133941e-10,-1.95612664954936e-10
0.177575871348381,5.47648293524265e-21,1.16832293839408e-10,1.03846049814837e-10
0.178181931376457,-7.7932661872454e-22,1.2705343721553e-11,1.89603489159085e-11
0.178787991404533,-4.69249787199173e-21,-1.80501877333761e-10,-1.95612456788119e-10
0.17939405143261,5.47674425646156e-21,1.16832737928618e-10,1.03846549415199e-10
0.180000111460686,-7.77981541461379e-22,1.27046437606304e-11,1.89596446181772e-11
0.180606171488762,-4.69231248336811e-21,-1.8050162753358e-10,-1.95612248621302e-10
0.181212246417999,5.47513553557298e-21,1.16833195895616e-10,1.03847055954454e-10
0.181818306446075,-7.77870116436238e-22,1.27039429323461e-11,1.89589385857225e-11
0.182424366474152,-4.6906924533696e-21,-1.805013777334e-10,-1.95612054332273e-10
0.183030426502228,5.47479949344913e-21,1.16833639984826e-10,1.03847555554815e-10
0.183636486530304,-7.78835177313249e-22,1.27032421040618e-11,1.89582325532678e-11
0.18424254655838,-4.69000178986986e-21,-1.80501127933219e-10,-1.95611846165455e-10
0.184848606586456,5.47611781255039e-21,1.16834097951823e-10,1.0384806209407e-10
0.185454666614532,-7.79893336398851e-22,1.27025412757775e-11,1.89575265208131e-11
0.186060726642609,-4.69170583039933e-21,-1.80500878133039e-10,-1.95611637998638e-10
0.186666786670685,5.47619011007463e-21,1.16834555918821e-10,1.03848561694431e-10
0.187272846698761,-7.78853807052387e-22,1.27018404474932e-11,1.89568204883583e-11
0.187878906726837,-4.69288076614246e-21,-1.80500628332858e-10,-1.95611443709609e-10
0.188484966754913,5.4752352980785e-21,1.16835000008031e-10,1.03849068233686e-10
0.18909102678299,-7.78356610111932e-22,1.27011396192089e-11,1.89561144559036e-11
0.189697086811066,-4.69157173666722e-21,-1.80500392410465e-10,-1.95611235542792e-10
0.190303146839142,5.4742356535394e-21,1.16835457975029e-10,1.03849574772941e-10
0.190909221768379,-7.79924688886668e-22,1.27004387909246e-11,1.89554084234489e-11
0.191515281796455,-4.69133545704889e-21,-1.80500142610285e-10,-1.95611041253763e-10
0.192121341824532,5.47444608376359e-21,1.16835915942026e-10,1.03850074373302e-10
0.192727401852608,-7.80212364370697e-22,1.26997370952786e-11,1.89547023909942e-11
0.193333461880684,-4.691855676106e-21,-1.80499892810104e-10,-1.95610833086945e-10
0.19393952190876,5.47596312008232e-21,1.16836373909024e-10,1.03850580912557e-10
0.194545581936836,-7.79664983254895e-22,1.26990362669943e-11,1.89539963585394e-11
0.195151641964912,-4.69308877298595e-21,-1.80499643009924e-10,-1.95610638797916e-10
0.195757701992989,5.47608226963344e-21,1.16836817998234e-10,1.03851087451812e-10
0.196363762021065,-7.78175967275523e-22,1.269833543871e-11,1.89532903260847e-11
0.196969822049141,-4.69143764293511e-21,-1.80499393209743e-10,-1.95610430631099e-10
0.197575882077217,5.47452969039777e-21,1.16837275965231e-10,1.03851593991067e-10
0.198181942105293,-7.78828109119539e-22,1.2697633743064e-11,1.895258429363e-11
0.198788002133369,-4.69012215111134e-21,-1.8049915728735e-10,-1.9561023634207e-10
0.199394062161446,5.47494085732335e-21,1.16837733932229e-10,1.03852100530322e-10
0.200000137090683,-7.79727890178921e-22,1.26969329147797e-11,1.89518782611753e-11
0.200606197118759,-4.69126235173108e-21,-1.8049890748717e-10,-1.95610028175253e-10
0.201212257146835,5.47616466457727e-21,1.16838191899227e-10,1.03852600130683e-10
0.201818317174911,-7.80593642934296e-22,1.26962312191337e-11,1.89511722287206e-11
0.202424377202988,-4.69201359974834e-21,-1.80498657686989e-10,-1.95609833886223e-10
0.203030437231064,5.47525791629838e-21,1.16838649866224e-10,1.03853106669938e-10
0.20363649725914,-7.79159153020693e-22,1.26955303908494e-11,1.89504661962658e-11
0.204242557287216,-4.69134999733309e-21,-1.80498407886809e-10,-1.95609625719406e-10
0.204848617315292,5.47448203057732e-21,1.16839093955434e-10,1.03853613209193e-10
0.205454677343369,-7.7913380849753e-22,1.26948286952033e-11,1.89497601638111e-11
0.206060737371445,-4.69161293413914e-21,-1.80498171964416e-10,-1.95609431430377e-10
0.206666797399521,5.47463995421966e-21,1.16839551922432e-10,1.03854119748448e-10
0.207272857427597,-7.80338430654238e-22,1.2694127866919e-11,1.89490523966329e-11
0.207878917455673,-4.69135363240415e-21,-1.80497922164236e-10,-1.9560922326356e-10
0.208484977483749,5.47536373725565e-21,1.1684000988943e-10,1.03854626287703e-10
0.209091052412987,-7.80368520964607e-22,1.26934270386347e-11,1.89483463641782e-11
0.209697112441063,-4.69243203681602e-21,-1.80497672364055e-10,-1.9560902897453e-10
0.210303172469139,5.4748931975029e-21,1.16840467856427e-10,1.03855132826958e-10
0.210909232497215,-7.78834117084193e-22,1.26927253429887e-11,1.89476403317235e-11
0.211515292525291,-4.69311260289617e-21,-1.80497436441662e-10,-1.95608834685501e-10
0.212121352553368,5.47462056717405e-21,1.16840925823425e-10,1.03855639366213e-10
0.212727412581444,-7.79091197386873e-22,1.26920245147044e-11,1.89469342992687e-11
0.21333347260952,-4.69178862923995e-21,-1.80497186641482e-10,-1.95608626518684e-10
0.213939532637596,5.4746512633296e-21,1.16841369912635e-10,1.03856145905468e-10
0.214545592665672,-7.79794836070782e-22,1.26913228190584e-11,1.8946228266814e-11
0.215151652693748,-4.69149014951696e-21,-1.80496936841301e-10,-1.95608432229655e-10
0.215757712721825,5.47501759771221e-21,1.16841827879632e-10,1.03856645505829e-10
0.216363772749901,-7.80568399385329e-22,1.26906219907741e-11,1.89455222343593e-11
0.216969832777977,-4.6918924307133e-21,-1.80496687041121e-10,-1.95608224062838e-10
0.217575892806053,5.47591626805544e-21,1.1684228584663e-10,1.03857152045084e-10
0.218181952834129,-7.80217716003078e-22,1.26899211624898e-11,1.89448162019046e-11
0.218788027763367,-4.69309361974735e-21,-1.80496451118728e-10,-1.95608029773808e-10
0.219394087791443,5.47453413326239e-21,1.16842743813628e-10,1.03857658584339e-10
0.220000147819519,-7.79531798290545e-22,1.26892194668438e-11,1.89441101694499e-11
0.220606207847595,-4.6914085623667e-21,-1.80496201318547e-10,-1.95607821606991e-10
0.221212267875671,5.47446183573815e-21,1.16843201780625e-10,1.03858165123594e-10
0.221818327903748,-7.81078672484149e-22,1.26885186385595e-11,1.89434041369951e-11
0.222424387931824,-4.69110927485014e-21,-1.80495951518367e-10,-1.95607627317962e-10
0.2230304479599,5.47546673093543e-21,1.16843645869835e-10,1.03858671662849e-10
0.223636507987976,-7.80843099685188e-22,1.26878169429134e-11,1.89426981045404e-11
0.224242568016052,-4.69109715794664e-21,-1.80495715595974e-10,-1.95607419151145e-10
0.224848628044128,5.47499861456339e-21,1.16844103836833e-10,1.03859178202104e-10
0.225454688072205,-7.80151022546707e-22,1.26871161146291e-11,1.89419920720857e-11
0.226060748100281,-4.69272001522264e-21,-1.80495465795794e-10,-1.95607224862115e-10
0.226666808128357,5.47490329492249e-21,1.16844561803831e-10,1.03859684741359e-10
0.227272868156433,-7.79353174938054e-22,1.26864152863448e-11,1.8941286039631e-11
0.22787894308567,-4.69098850971189e-21,-1.80495215995613e-10,-1.95607030573086e-10
0.228485003113747,5.47466378412989e-21,1.16845019770828e-10,1.03860191280614e-10
0.229091063141823,-7.80898080134838e-22,1.26857135906988e-11,1.89405782724528e-11
0.229697123169899,-4.69094125378822e-21,-1.80494966195432e-10,-1.95606822406269e-10
0.230303183197975,5.47500790418941e-21,1.16845477737826e-10,1.03860697819869e-10
0.230909243226051,-7.80910449473832e-22,1.26850127624145e-11,1.8939872239998e-11
0.231515303254128,-4.69242719005462e-21,-1.8049473027304e-10,-1.9560662811724e-10
0.232121363282204,5.47546834652256e-21,1.16845935704823e-10,1.03861204359124e-10
0.23272742331028,-7.80607930783011e-22,1.26843119341302e-11,1.89391662075433e-11
0.233333483338356,-4.69168765504408e-21,-1.80494480472859e-10,-1.95606419950423e-10
0.233939543366432,5.47453130598491e-21,1.16846379794033e-10,1.03861703959485e-10
0.234545603394508,-7.79960282290712e-22,1.26836102384842e-11,1.89384601750886e-11
0.235151663422585,-4.69003571719967e-21,-1.80494230672679e-10,-1.95606225661393e-10
0.235757723450661,5.47455230861765e-21,1.16846837761031e-10,1.0386221049874e-10
0.236363783478737,-7.81112246404275e-22,1.26829094101999e-11,1.89377541426339e-11
0.236969858407974,-4.69123084778197e-21,-1.80493994750286e-10,-1.95606017494576e-10
0.23757591843605,5.4754138204568e-21,1.16847295728029e-10,1.03862717037995e-10
0.238181978464127,-7.80302786763097e-22,1.26822085819156e-11,1.89370481101792e-11
0.238788038492203,-4.69169775246367e-21,-1.80493744950105e-10,-1.95605823205547e-10
0.239394098520279,5.47544936337374e-21,1.16847753695026e-10,1.0386322357725e-10
0.240000158548355,-7.79937563096641e-22,1.26815068862696e-11,1.89363420777244e-11
0.240606218576431,-4.69020050708733e-21,-1.80493495149925e-10,-1.95605628916518e-10
0.241212278604507,5.4749469157751e-21,1.16848211662024e-10,1.03863730116505e-10
0.241818338632584,-7.80057167031647e-22,1.26808060579853e-11,1.89356360452697e-11
0.24242439866066,-4.69125104262114e-21,-1.80493259227532e-10,-1.956054207497e-10
0.243030458688736,5.47542916853457e-21,1.16848655751234e-10,1.0386423665576e-10
0.243636518716812,-7.79742531437322e-22,1.2680105229701e-11,1.8934930012815e-11
0.244242578744888,-4.69076434699706e-21,-1.80493009427352e-10,-1.95605226460671e-10
0.244848638772964,5.47527245658258e-21,1.16849113718231e-10,1.03864743195015e-10
0.245454698801041,-7.80296223440366e-22,1.26794035340549e-11,1.89342239803603e-11
0.246060758829117,-4.69056562977959e-21,-1.80492759627171e-10,-1.95605018293854e-10
0.246666833758354,5.47535202424892e-21,1.16849571685229e-10,1.0386524973427e-10
0.24727289378643,-7.80173085408504e-22,1.26787027057707e-11,1.89335179479055e-11
0.247878953814507,-4.69192393466241e-21,-1.8049250982699e-10,-1.95604824004825e-10
0.248485013842583,5.47535000476501e-21,1.16850029652227e-10,1.03865756273525e-10
0.249091073870659,-7.80020059014666e-22,1.26780018774864e-11,1.89328119154508e-11
0.249697133898735,-4.69142916110266e-21,-1.80492273904598e-10,-1.95604615838008e-10
0.25030317902565,5.47543966985094e-21,1.16850487619224e-10,1.0386626281278e-10
0.250909268856049,-7.80661245158429e-22,1.26773001818403e-11,1.89321058829961e-11
0.251515328884125,-4.69164766926251e-21,-1.80492024104417e-10,-1.95604421548978e-10
0.252121388912201,5.47468276727871e-21,1.16850945586222e-10,1.03866769352035e-10
0.252727448940277,-7.80668666761826e-22,1.2676599353556e-11,1.89313998505414e-11
0.253333508968353,-4.69070780144737e-21,-1.80491774304237e-10,-1.95604227259949e-10
0.253939568996429,5.47550429333629e-21,1.16851389675432e-10,1.03867268952396e-10
0.254545629024506,-7.81462677351036e-22,1.26758985252717e-11,1.89306938180867e-11
0.255151689052582,-4.69207378036908e-21,-1.80491538381844e-10,-1.95604019093132e-10
0.255757749080658,5.47557457137662e-21,1.1685184764243e-10,1.03867775491651e-10
0.256363809108734,-7.805226580746e-22,1.26751968296257e-11,1.89299877856319e-11
0.25696986913681,-4.69179266820778e-21,-1.80491288581663e-10,-1.95603824804103e-10
0.257575929164886,5.47457573463109e-21,1.16852305609427e-10,1.03868282030906e-10
0.258181989192963,-7.8056102826903e-22,1.26744960013414e-11,1.89292817531772e-11
0.258788049221039,-4.69190333592645e-21,-1.80491038781483e-10,-1.95603616637285e-10
0.259394109249115,5.47560365194503e-21,1.16852763576425e-10,1.03868788570161e-10
0.260000169277191,-7.81540326507659e-22,1.26737951730571e-11,1.89285757207225e-11
0.260606229305267,-4.69237226009207e-21,-1.8049080285909e-10,-1.95603422348256e-10
0.261212289333344,5.47501921329934e-21,1.16853221543423e-10,1.03869295109416e-10
0.26181834936142,-7.80791653332393e-22,1.26730934774111e-11,1.89278679535443e-11
0.262424409389496,-4.69134918953953e-21,-1.8049055305891e-10,-1.95603214181439e-10
0.263030469417572,5.47461127754803e-21,1.1685367951042e-10,1.03869801648671e-10
0.263636529445648,-7.81028387334607e-22,1.26723926491268e-11,1.89271619210896e-11
0.264242589473724,-4.69125750496968e-21,-1.80490303258729e-10,-1.9560301989241e-10
0.264848649501801,5.47532132809338e-21,1.1685412359963e-10,1.03870308187926e-10
0.265454709529877,-7.81552291949869e-22,1.26716918208425e-11,1.89264558886348e-11
0.266060769557953,-4.69184880986068e-21,-1.80490053458549e-10,-1.9560282560338e-10
0.266666829586029,5.47559113114474e-21,1.16854581566628e-10,1.03870814727181e-10
0.267272889614105,-7.80350598044841e-22,1.26709901251965e-11,1.89257498561801e-11
0.267878949642181,-4.69212790253806e-21,-1.80489817536156e-10,-1.95602617436563e-10
0.268485009670258,5.47496549502714e-21,1.16855039533625e-10,1.03871321266436e-10
0.269091069698334,-7.81055852315883e-22,1.26702892969122e-11,1.89250438237254e-11
0.269697159528732,-4.69131162713866e-21,-1.80489567735975e-10,-1.95602423147534e-10
0.270303219556808,5.47584922118938e-21,1.16855497500623e-10,1.0387182780569e-10
0.270909279584885,-7.81128654711104e-22,1.26695884686279e-11,1.89243377912707e-11
0.271515339612961,-4.69188879564225e-21,-1.80489317935795e-10,-1.95602214980717e-10
0.272121399641037,5.47577126911017e-21,1.16855955467621e-10,1.03872327406052e-10
0.272727459669113,-7.81091546694122e-22,1.26688867729818e-11,1.8923631758816e-11
0.273333519697189,-4.69145783777428e-21,-1.80489082013402e-10,-1.95602020691688e-10
0.273939579725266,5.47593040444286e-21,1.16856399556831e-10,1.03872833945307e-10
0.274545639753342,-7.80961138520158e-22,1.26681859446975e-11,1.89229257263612e-11
0.275151699781418,-4.69030309687033e-21,-1.80488832213221e-10,-1.9560181252487e-10
0.275757759809494,5.47505879518412e-21,1.16856857523828e-10,1.03873340484562e-10
0.27636381983757,-7.80608334679794e-22,1.26674851164132e-11,1.89222196939065e-11
0.276969879865646,-4.69096185252418e-21,-1.80488582413041e-10,-1.95601618235841e-10
0.277575939893723,5.47551842972372e-21,1.16857315490826e-10,1.03873847023817e-10
0.278181999921799,-7.80607072502346e-22,1.26667834207672e-11,1.89215136614518e-11
0.278788059949875,-4.69056239860532e-21,-1.80488346490648e-10,-1.95601410069024e-10
0.279394119977951,5.47647849237803e-21,1.16857773457824e-10,1.03874353563072e-10
0.280000180006027,-7.80288700862773e-22,1.26660825924829e-11,1.89208076289971e-11
0.280606240034103,-4.69111614109546e-21,-1.80488096690468e-10,-1.95601215779995e-10
0.28121230006218,5.4760564202393e-21,1.16858231424821e-10,1.03874860102326e-10
0.281818360090256,-7.8004292967003e-22,1.26653817641986e-11,1.89201015965423e-11
0.282424420118332,-4.68983538439507e-21,-1.80487846890287e-10,-1.95601021490965e-10
0.283030480146408,5.47478778044241e-21,1.16858689391819e-10,1.03875366641581e-10
0.283636540174484,-7.80667707506965e-22,1.26646800685526e-11,1.89193955640876e-11
0.28424260020256,-4.69099658764756e-21,-1.80487597090107e-10,-1.95600813324148e-10
0.284848660230637,5.4762446361404e-21,1.16859133481029e-10,1.03875873180836e-10
0.285454720258713,-7.80413151559181e-22,1.26639792402683e-11,1.89186895316329e-11
0.286060780286789,-4.69016011740898e-21,-1.80487361167714e-10,-1.95600619035119e-10
0.286666840314865,5.4763448025427e-21,1.16859591448026e-10,1.03876379720091e-10
0.287272900342941,-7.81394368307531e-22,1.2663278411984e-11,1.89179834991782e-11
0.287878960371017,-4.69072597680263e-21,-1.80487111367533e-10,-1.95600410868302e-10
0.288485050201416,5.47579348343326e-21,1.16860049415024e-10,1.03876886259346e-10
0.289091110229492,-7.80710470078915e-22,1.2662576716338e-11,1.89172774667234e-11
0.289697170257568,-4.69055230118574e-21,-1.80486861567353e-10,-1.95600216579273e-10
0.290303230285645,5.47563475199736e-21,1.16860507382022e-10,1.03877385859708e-10
0.290909290313721,-7.80881823289304e-22,1.26618758880537e-11,1.89165714342687e-11
0.291515350341797,-4.69028370982473e-21,-1.8048662564496e-10,-1.95600008412455e-10
0.292121410369873,5.47632743498101e-21,1.16860965349019e-10,1.03877892398963e-10
0.292727470397949,-7.80890254634659e-22,1.26611750597694e-11,1.89158636670905e-11
0.293333530426025,-4.69128698943487e-21,-1.80486375844779e-10,-1.95599814123426e-10
0.293939590454102,5.47586699264785e-21,1.16861409438229e-10,1.03878398938217e-10
0.294545650482178,-7.8068982085586e-22,1.26604733641233e-11,1.89151576346358e-11
0.295151710510254,-4.69134636226204e-21,-1.80486126044599e-10,-1.95599619834397e-10
0.29575777053833,5.47547036600648e-21,1.16861867405227e-10,1.03878905477472e-10
0.296363830566406,-7.803124802859e-22,1.26597725358391e-11,1.89144516021811e-11
0.296969890594482,-4.69121146073636e-21,-1.80485876244418e-10,-1.9559941166758e-10
0.297575950622559,5.47568887416634e-21,1.16862325372225e-10,1.03879412016727e-10
0.298182010650635,-7.81580766673104e-22,1.26590717075548e-11,1.89137455697264e-11
0.298788070678711,-4.68992343389387e-21,-1.80485640322026e-10,-1.9559921737855e-10
0.299394130706787,5.4762959310319e-21,1.16862783339222e-10,1.03879918555982e-10
0.300000190734863,-7.8122846770372e-22,1.26583700119087e-11,1.89130395372716e-11
0.300606250762939,-4.69142471823804e-21,-1.80485390521845e-10,-1.95599009211733e-10
0.301212310791016,5.47660854714231e-21,1.1686324130622e-10,1.03880425095237e-10
0.301818370819092,-7.79982193691215e-22,1.26576691836244e-11,1.89123335048169e-11
0.302424430847168,-4.69195786199222e-21,-1.80485140721665e-10,-1.95598814922704e-10
0.303030490875244,5.47568604688886e-21,1.16863699273217e-10,1.03880931634492e-10
0.30363655090332,-7.80072363648126e-22,1.26569683553401e-11,1.89116274723622e-11
0.304242610931396,-4.69068477933071e-21,-1.80484904799272e-10,-1.95598606755887e-10
0.304848670959473,5.4750349652739e-21,1.16864143362427e-10,1.03881438173747e-10
0.305454730987549,-7.81224176300395e-22,1.26562666596941e-11,1.89109214399075e-11
0.306060791015625,-4.68958133331827e-21,-1.80484654999091e-10,-1.95598412466857e-10
0.306666880846024,5.47621353608807e-21,1.16864601329425e-10,1.03881944713002e-10
0.3072729408741,-7.81782210193861e-22,1.26555658314098e-11,1.89102154074527e-11
0.307879000902176,-4.69153094309209e-21,-1.80484405198911e-10,-1.9559820430004e-10
0.308485060930252,5.47664691733674e-21,1.16865059296423e-10,1.03882444313363e-10
0.309091120958328,-7.80436426111329e-22,1.26548650031255e-11,1.8909509374998e-11
0.309697180986404,-4.69149984303976e-21,-1.80484169276518e-10,-1.95598010011011e-10
0.310303241014481,5.47540372303721e-21,1.1686551726342e-10,1.03882950852618e-10
0.310909301042557,-7.80549618184897e-22,1.26541633074795e-11,1.89088033425433e-11
0.311515361070633,-4.68927598734996e-21,-1.80483919476337e-10,-1.95597815721982e-10
0.312121421098709,5.47573007163826e-21,1.16865975230418e-10,1.03883457391873e-10
0.312727481126785,-7.82131378963174e-22,1.26534624791952e-11,1.89080973100886e-11
0.313333541154861,-4.69058138175415e-21,-1.80483669676157e-10,-1.95597607555165e-10
0.313939601182938,5.47674506425512e-21,1.16866419319628e-10,1.03883963931128e-10
0.314545661211014,-7.81150818547097e-22,1.26527616509109e-11,1.89073912776339e-11
0.31515172123909,-4.69132091676468e-21,-1.80483419875976e-10,-1.95597413266135e-10
0.315757781267166,5.47574420802568e-21,1.16866877286625e-10,1.03884470470383e-10
0.316363841295242,-7.80034548811773e-22,1.26520599552649e-11,1.89066852451791e-11
0.316969901323318,-4.69061409739361e-21,-1.80483183953584e-10,-1.95597205099318e-10
0.317575961351395,5.47556972461522e-21,1.16867335253623e-10,1.03884977009638e-10
0.318182021379471,-7.80727787153507e-22,1.26513591269806e-11,1.89059792127244e-11
0.318788081407547,-4.6911177566826e-21,-1.80482934153403e-10,-1.95597010810289e-10
0.319394141435623,5.47527730334398e-21,1.16867793220621e-10,1.03885483548893e-10
0.320000201463699,-7.81760349280456e-22,1.26506582986963e-11,1.89052731802697e-11
0.320606261491776,-4.69071264820877e-21,-1.80482684353223e-10,-1.95596802643472e-10
0.321212321519852,5.47674466035834e-21,1.16868251187618e-10,1.03885990088148e-10
0.321818381547928,-7.81579050111774e-22,1.26499566030502e-11,1.89045654130915e-11
0.322424441576004,-4.6913693843787e-21,-1.8048244843083e-10,-1.95596608354442e-10
0.32303050160408,5.47582296789845e-21,1.16868709154616e-10,1.03886496627403e-10
0.323636561632156,-7.80567288669174e-22,1.26492557747659e-11,1.89038593806368e-11
0.324242621660233,-4.69041416848579e-21,-1.80482198630649e-10,-1.95596414065413e-10
0.324848681688309,5.47586174198967e-21,1.16869153243826e-10,1.03886996227764e-10
0.325454771518707,-7.81529976652582e-22,1.26485549464816e-11,1.8903153348182e-11
0.326060831546783,-4.68993837807486e-21,-1.80481948830469e-10,-1.95596205898596e-10
0.32666689157486,5.47574259243854e-21,1.16869611210824e-10,1.03887502767019e-10
0.327272951602936,-7.81328735080217e-22,1.26478532508356e-11,1.89024473157273e-11
0.327879011631012,-4.68976470245796e-21,-1.80481699030288e-10,-1.95596011609567e-10
0.328485071659088,5.47643648711255e-21,1.16870069177821e-10,1.03888009306274e-10
0.329091131687164,-7.81419006011323e-22,1.26471524225513e-11,1.89017412832726e-11
0.32969719171524,-4.69163110949439e-21,-1.80481463107895e-10,-1.9559580344275e-10
0.330303251743317,5.47644456504822e-21,1.16870527144819e-10,1.03888515845529e-10
0.330909311771393,-7.80716427556471e-22,1.2646451594267e-11,1.89010352508179e-11
0.331515371799469,-4.69125912055681e-21,-1.80481213307715e-10,-1.9559560915372e-10
0.332121431827545,5.47665984203381e-21,1.16870985111817e-10,1.03889022384784e-10
0.332727491855621,-7.81265323285211e-22,1.2645749898621e-11,1.89003292183632e-11
0.333333551883698,-4.69018192783529e-21,-1.80480963507534e-10,-1.95595400986903e-10
0.333939611911774,5.4760148188706e-21,1.16871429201026e-10,1.03889528924039e-10
0.33454567193985,-7.81104218955704e-22,1.26450490703367e-11,1.88996231859084e-11
0.335151731967926,-4.690169407035e-21,-1.80480727585142e-10,-1.95595206697874e-10
0.335757791996002,5.47599502792821e-21,1.16871887168024e-10,1.03890035463294e-10
0.336363852024078,-7.81781907271274e-22,1.26443482420524e-11,1.88989171534537e-11
0.336969912052155,-4.69004379513534e-21,-1.80480477784961e-10,-1.95594998531057e-10
0.337575972080231,5.47677454872032e-21,1.16872345135022e-10,1.03890542002549e-10
0.338182032108307,-7.81840876201661e-22,1.26436465464064e-11,1.8898211120999e-11
0.338788092136383,-4.68973844916704e-21,-1.80480227984781e-10,-1.95594804242027e-10
0.339394152164459,5.47684482676064e-21,1.16872803102019e-10,1.03891048541804e-10
0.340000212192535,-7.80737278727918e-22,1.26429457181221e-11,1.88975050885443e-11
0.340606272220612,-4.68989314163511e-21,-1.80479992062388e-10,-1.95594609952998e-10
0.341212332248688,5.47606894103959e-21,1.16873261069017e-10,1.03891548142165e-10
0.341818392276764,-7.80561583627107e-22,1.26422448898378e-11,1.88967990560895e-11
0.34242445230484,-4.69001956132833e-21,-1.80479742262207e-10,-1.95594401786181e-10
0.343030512332916,5.47613437231851e-21,1.16873705158227e-10,1.0389205468142e-10
0.343636572360992,-7.8110406749441e-22,1.26415431941918e-11,1.88960930236348e-11
0.344242662191391,-4.69097477722125e-21,-1.80479492462027e-10,-1.95594207497152e-10
0.344848722219467,5.47635813113656e-21,1.16874163125225e-10,1.03892561220675e-10
0.345454782247543,-7.81102653855668e-22,1.26408423659075e-11,1.88953869911801e-11
0.34606084227562,-4.69094610054962e-21,-1.80479242661846e-10,-1.95593999330335e-10
0.346666902303696,5.47650111059791e-21,1.16874621092222e-10,1.0389306775993e-10
0.347272962331772,-7.81197822035274e-22,1.26401406702614e-11,1.88946809587254e-11
0.347879022359848,-4.68945249024434e-21,-1.80479006739453e-10,-1.95593805041305e-10
0.348485082387924,5.47636661296901e-21,1.1687507905922e-10,1.03893574299185e-10
0.349091142416,-7.80136987133481e-22,1.26394398419771e-11,1.88939731915472e-11
0.349697202444077,-4.69023483831393e-21,-1.80478756939273e-10,-1.95593596874488e-10
0.350303262472153,5.47563879096519e-21,1.16875537026218e-10,1.0389408083844e-10
0.350909322500229,-7.81083115348767e-22,1.26387390136928e-11,1.88932671590925e-11
0.351515382528305,-4.68902193627316e-21,-1.80478507139092e-10,-1.95593402585459e-10
0.352121442556381,5.47616385678371e-21,1.16875994993215e-10,1.03894587377695e-10
0.352727502584457,-7.80935592048604e-22,1.26380373180468e-11,1.88925611266377e-11
0.353333562612534,-4.69003571719967e-21,-1.804782712167e-10,-1.95593194418642e-10
0.35393962264061,5.47625554135355e-21,1.16876439082425e-10,1.0389509391695e-10
0.354545682668686,-7.82017328608941e-22,1.26373364897625e-11,1.8891855094183e-11
0.355151742696762,-4.69093519533647e-21,-1.80478021416519e-10,-1.95593000129612e-10
0.355757802724838,5.47590778622298e-21,1.16876897049423e-10,1.03895600456205e-10
0.356363862752914,-7.81585159050624e-22,1.26366356614782e-11,1.88911490617283e-11
0.356969922780991,-4.69060399997402e-21,-1.80477771616339e-10,-1.95592805840583e-10
0.357575982809067,5.47564525331373e-21,1.1687735501642e-10,1.03896100056566e-10
0.358182042837143,-7.8198067497584e-22,1.26359339658322e-11,1.88904430292736e-11
0.358788102865219,-4.68967382568168e-21,-1.80477521816158e-10,-1.95592597673766e-10
0.359394162893295,5.47544693999304e-21,1.16877812983418e-10,1.03896606595821e-10
0.360000222921371,-7.82833301085752e-22,1.26352331375479e-11,1.88897369968188e-11
0.360606282949448,-4.69056643757316e-21,-1.80477285893765e-10,-1.95592403384737e-10
0.361212342977524,5.47595423435308e-21,1.16878270950416e-10,1.03897113135076e-10
0.3618184030056,-7.81839210127429e-22,1.26345323092636e-11,1.88890309643641e-11
0.362424492835999,-4.69084431856019e-21,-1.80477036093585e-10,-1.9559219521792e-10
0.363030552864075,5.47591788364257e-21,1.16878715039626e-10,1.03897619674331e-10
0.363636612892151,-7.81094626407096e-22,1.26338306136176e-11,1.88883249319094e-11
0.364242672920227,-4.69069083778247e-21,-1.80476786293404e-10,-1.9559200092889e-10
0.364848732948303,5.47540008796616e-21,1.16879173006623e-10,1.03898126213586e-10
0.365454792976379,-7.81855214537474e-22,1.26331297853333e-11,1.88876188994547e-11
0.366060853004456,-4.68979014795532e-21,-1.80476550371012e-10,-1.95591792762073e-10
0.366666913032532,5.4759683707405e-21,1.16879630973621e-10,1.03898632752841e-10
0.367272973060608,-7.81739649570303e-22,1.2632428957049e-11,1.88869128669999e-11
0.367879033088684,-4.69017304210605e-21,-1.80476300570831e-10,-1.95591598473044e-10
0.36848509311676,5.47600835652207e-21,1.16880088940619e-10,1.03899139292096e-10
0.369091153144836,-7.81025560057122e-22,1.26317272614029e-11,1.88862068345452e-11
0.369697213172913,-4.69027967085689e-21,-1.8047605077065e-10,-1.95591390306227e-10
0.370303273200989,5.47580560033676e-21,1.16880546907616e-10,1.03899645831351e-10
0.370909333229065,-7.81566579798585e-22,1.26310264331186e-11,1.88855008020905e-11
0.371515393257141,-4.68997068981753e-21,-1.8047580097047e-10,-1.95591196017197e-10
0.372121453285217,5.47623575041116e-21,1.16880990996826e-10,1.03900152370606e-10
0.372727513313293,-7.81667150097669e-22,1.26303256048343e-11,1.88847930349123e-11
0.37333357334137,-4.68958900735715e-21,-1.80475565048077e-10,-1.95591001728168e-10
0.373939633369446,5.47656169511543e-21,1.16881448963824e-10,1.03900651970967e-10
0.374545693397522,-7.81556987249977e-22,1.26296239091883e-11,1.88840870024576e-11
0.375151753425598,-4.69055512846322e-21,-1.80475315247897e-10,-1.95590793561351e-10
0.375757813453674,5.47616506847406e-21,1.16881906930821e-10,1.03901158510222e-10
0.37636387348175,-7.81339993703056e-22,1.2628923080904e-11,1.88833809700029e-11
0.376969933509827,-4.6889132880384e-21,-1.80475065447716e-10,-1.95590599272322e-10
0.377575993537903,5.47603299422586e-21,1.16882364897819e-10,1.03901665049477e-10
0.378182053565979,-7.82132237243839e-22,1.2628221385258e-11,1.88826749375481e-11
0.378788113594055,-4.69005510424528e-21,-1.80474829525323e-10,-1.95590391105505e-10
0.379394173622131,5.47660612376161e-21,1.16882822864817e-10,1.03902171588732e-10
0.380000233650208,-7.81367206248843e-22,1.26275205569737e-11,1.88819689050934e-11
0.380606293678284,-4.68869114480749e-21,-1.80474579725143e-10,-1.95590196816475e-10
0.381212383508682,5.47664812902709e-21,1.16883280831814e-10,1.03902678127987e-10
0.381818443536758,-7.81592631141119e-22,1.26268197286894e-11,1.88812628726387e-11
0.382424503564835,-4.69090086410987e-21,-1.80474329924962e-10,-1.95589988649658e-10
0.383030563592911,5.47602935915481e-21,1.16883724921024e-10,1.03903184667242e-10
0.383636623620987,-7.81552090001477e-22,1.26261180330434e-11,1.8880556840184e-11
0.384242683649063,-4.68943189150838e-21,-1.80474080124782e-10,-1.95589794360629e-10
0.384848743677139,5.47686704108373e-21,1.16884182888022e-10,1.03903691206497e-10
0.385454803705215,-7.82322068732071e-22,1.26254172047591e-11,1.88798508077292e-11
0.386060863733292,-4.68983296101437e-21,-1.80473844202389e-10,-1.95589586193812e-10
0.386666923761368,5.47627088943133e-21,1.16884640855019e-10,1.03904197745752e-10
0.387272983789444,-7.81838856717743e-22,1.26247163764748e-11,1.88791447752745e-11
0.38787904381752,-4.69081362240464e-21,-1.80473594402208e-10,-1.95589391904782e-10
0.388485103845596,5.47579509902039e-21,1.16885098822017e-10,1.03904697346113e-10
0.389091163873672,-7.81725109286098e-22,1.26240146808287e-11,1.88784387428198e-11
0.389697223901749,-4.68977439598077e-21,-1.80473344602028e-10,-1.95589197615753e-10
0.390303283929825,5.4763791337693e-21,1.16885556789015e-10,1.03905203885368e-10
0.390909343957901,-7.82300510741253e-22,1.26233138525444e-11,1.88777327103651e-11
0.391515403985977,-4.68987415848628e-21,-1.80473108679635e-10,-1.95588989448936e-10
0.392121464014053,5.47652494050813e-21,1.16886000878225e-10,1.03905710424623e-10
0.39272752404213,-7.82131530424468e-22,1.26226130242602e-11,1.88770266779104e-11
0.393333584070206,-4.69100103051217e-21,-1.80472858879455e-10,-1.95588795159907e-10
0.393939644098282,5.47633672460703e-21,1.16886458845222e-10,1.03906216963878e-10
0.394545704126358,-7.81281782079138e-22,1.26219113286141e-11,1.88763206454556e-11
0.395151764154434,-4.69070255078919e-21,-1.80472609079274e-10,-1.9558858699309e-10
0.39575782418251,5.47597927595366e-21,1.1688691681222e-10,1.03906723503133e-10
0.396363884210587,-7.82014955715338e-22,1.26212105003298e-11,1.88756128782774e-11
0.396969944238663,-4.68866367982621e-21,-1.80472359279094e-10,-1.9558839270406e-10
0.397576004266739,5.47588718748703e-21,1.16887374779218e-10,1.03907230042388e-10
0.398182064294815,-7.82971989143777e-22,1.26205088046838e-11,1.88749068458227e-11
0.398788124322891,-4.69029703841858e-21,-1.80472123356701e-10,-1.95588184537243e-10
0.399394184350967,5.47696680358925e-21,1.16887832746215e-10,1.03907736581643e-10
0.400000274181366,-7.83138192670176e-22,1.26198079763995e-11,1.8874200813368e-11
0.400606334209442,-4.69036772035569e-21,-1.8047187355652e-10,-1.95587990248214e-10
0.401212394237518,5.4769167203881e-21,1.16888276835425e-10,1.03908243120898e-10
0.401818454265594,-7.82360741849089e-22,1.26191071481152e-11,1.88734947809133e-11
0.402424514293671,-4.69050464136529e-21,-1.8047162375634e-10,-1.95587782081397e-10
0.403030574321747,5.47521187206506e-21,1.16888734802423e-10,1.03908749660153e-10
0.403636634349823,-7.81831031217564e-22,1.26184054524692e-11,1.88727887484585e-11
0.404242694377899,-4.68966897892028e-21,-1.80471387833947e-10,-1.95587587792367e-10
0.404848754405975,5.47571068459265e-21,1.1688919276942e-10,1.03909249260514e-10
0.405454814434052,-7.83074427465486e-22,1.26177046241849e-11,1.88720827160038e-11
0.406060874462128,-4.69017061872535e-21,-1.80471138033766e-10,-1.9558737962555e-10
0.406666934490204,5.4769801321831e-21,1.16889650736418e-10,1.03909755799769e-10
0.40727299451828,-7.83269560099001e-22,1.26170037959006e-11,1.88713766835491e-11
0.407879054546356,-4.69069406895673e-21,-1.80470888233586e-10,-1.95587185336521e-10
0.408485114574432,5.47638196104678e-21,1.16890108703416e-10,1.03910262339024e-10
0.409091174602509,-7.82124058333973e-22,1.26163021002546e-11,1.88706706510944e-11
0.409697234630585,-4.69112825799897e-21,-1.80470638433405e-10,-1.95586991047492e-10
0.410303294658661,5.47544572830269e-21,1.16890552792626e-10,1.03910768878279e-10
0.410909354686737,-7.82482466242208e-22,1.26156012719703e-11,1.88699646186397e-11
0.411515414714813,-4.68937251868121e-21,-1.80470402511013e-10,-1.95586782880675e-10
0.412121474742889,5.47586133809288e-21,1.16891010759623e-10,1.03911275417534e-10
0.412727534770966,-7.83541079711691e-22,1.2614900443686e-11,1.88692585861849e-11
0.413333594799042,-4.69066821956259e-21,-1.80470152710832e-10,-1.95586588591645e-10
0.413939654827118,5.47643406373185e-21,1.16891468726621e-10,1.03911781956789e-10
0.414545714855194,-7.82529924114266e-22,1.26141987480399e-11,1.88685525537302e-11
0.41515177488327,-4.69125508158898e-21,-1.80469902910652e-10,-1.95586380424828e-10
0.415757834911346,5.47648091575873e-21,1.16891926693619e-10,1.03912288496044e-10
0.416363894939423,-7.82648417333117e-22,1.26134979197556e-11,1.8867844786552e-11
0.416969954967499,-4.69014557712478e-21,-1.80469666988259e-10,-1.95586186135799e-10
0.417576014995575,5.47582054451775e-21,1.16892384660616e-10,1.03912795035299e-10
0.418182104825974,-7.81981432282309e-22,1.26127962241096e-11,1.88671387540973e-11
0.41878816485405,-4.68871093574988e-21,-1.80469417188078e-10,-1.95585977968982e-10
0.419394224882126,5.47627452450238e-21,1.16892842627614e-10,1.0391329463566e-10
0.420000284910202,-7.82652304839658e-22,1.26120953958253e-11,1.88664327216426e-11
0.420606344938278,-4.68943593047622e-21,-1.80469167387898e-10,-1.95585783679952e-10
0.421212404966354,5.47641548447981e-21,1.16893286716824e-10,1.03913801174915e-10
0.421818464994431,-7.81908932809676e-22,1.2611394567541e-11,1.88657266891878e-11
0.422424525022507,-4.69050948812669e-21,-1.80468917587717e-10,-1.95585575513135e-10
0.423030585050583,5.47652292102421e-21,1.16893744683821e-10,1.0391430771417e-10
0.423636645078659,-7.81618329073967e-22,1.2610692871895e-11,1.88650206567331e-11
0.424242705106735,-4.68926104316897e-21,-1.80468681665324e-10,-1.95585381224106e-10
0.424848765134811,5.47626806215384e-21,1.16894202650819e-10,1.03914814253425e-10
0.425454825162888,-7.82230283188027e-22,1.26099920436107e-11,1.88643146242784e-11
0.426060885190964,-4.68805864244457e-21,-1.80468431865144e-10,-1.95585186935077e-10
0.42666694521904,5.47650918853358e-21,1.16894660617817e-10,1.0391532079268e-10
0.427273005247116,-7.82815176217594e-22,1.26092912153264e-11,1.88636085918237e-11
0.427879065275192,-4.6891015039395e-21,-1.80468182064963e-10,-1.9558497876826e-10
0.428485125303268,5.47691227752348e-21,1.16895118584814e-10,1.03915827331935e-10
0.429091185331345,-7.81544920833571e-22,1.26085895196804e-11,1.8862902559369e-11
0.429697245359421,-4.69043921008636e-21,-1.80467932264783e-10,-1.9558478447923e-10
0.430303305387497,5.47702900369391e-21,1.16895562674024e-10,1.0391633387119e-10
0.430909365415573,-7.81947706900889e-22,1.26078886913961e-11,1.88621965269142e-11
0.431515425443649,-4.68919480409648e-21,-1.8046769634239e-10,-1.95584576312413e-10
0.432121485471725,5.47750721748554e-21,1.16896020641022e-10,1.03916840410445e-10
0.432727545499802,-7.81627568212889e-22,1.260718699575e-11,1.88614904944595e-11
0.433333605527878,-4.68968149972057e-21,-1.8046744654221e-10,-1.95584382023384e-10
0.433939665555954,5.47704515956524e-21,1.1689647860802e-10,1.03917340010806e-10
0.43454572558403,-7.82334084661379e-22,1.26064861674657e-11,1.88607844620048e-11
0.435151785612106,-4.68920934438069e-21,-1.80467196742029e-10,-1.95584173856567e-10
0.435757845640182,5.477358987366e-21,1.16896936575017e-10,1.03917846550061e-10
0.436363905668259,-7.81820883310879e-22,1.26057853391814e-11,1.88600766948266e-11
0.436969995498657,-4.68898639335621e-21,-1.80466960819636e-10,-1.95583979567537e-10
0.437576055526733,5.47716955977455e-21,1.16897394542015e-10,1.03918353089316e-10
0.43818211555481,-7.81682195252854e-22,1.26050836435354e-11,1.88593706623719e-11
0.438788175582886,-4.68816163612436e-21,-1.80466711019456e-10,-1.9558377140072e-10
0.439394235610962,5.47722125856284e-21,1.16897838631225e-10,1.03918859628571e-10
0.440000295639038,-7.81761106586925e-22,1.26043828152511e-11,1.88586646299171e-11
0.440606355667114,-4.68815840495009e-21,-1.80466461219275e-10,-1.95583577111691e-10
0.44121241569519,5.47785901158394e-21,1.16898296598222e-10,1.03919366167826e-10
0.441818475723267,-7.82148847499059e-22,1.26036819869668e-11,1.88579585974624e-11
0.442424535751343,-4.68875576829285e-21,-1.80466211419095e-10,-1.95583368944874e-10
0.443030595779419,5.47817203159113e-21,1.1689875456522e-10,1.03919872707081e-10
0.443636655807495,-7.82232353159042e-22,1.26029802913208e-11,1.88572525650077e-11
0.444242715835571,-4.68914148972106e-21,-1.80465975496702e-10,-1.95583174655845e-10
0.444848775863647,5.47720389100115e-21,1.16899212532218e-10,1.03920379246336e-10
0.445454835891724,-7.8128637640505e-22,1.26022794630365e-11,1.8856546532553e-11
0.4460608959198,-4.68697417958095e-21,-1.80465725696521e-10,-1.95582980366815e-10
0.446666955947876,5.47716148183888e-21,1.16899670499215e-10,1.03920885785591e-10
0.447273015975952,-7.82147080450631e-22,1.26015777673905e-11,1.88558405000983e-11
0.447879076004028,-4.68765030279648e-21,-1.80465475896341e-10,-1.95582772199998e-10
0.448485136032104,5.47865064927955e-21,1.16900114588425e-10,1.03921385385952e-10
0.449091196060181,-7.82434705447562e-22,1.26008769391062e-11,1.88551344676435e-11
0.449697256088257,-4.68880867877148e-21,-1.80465239973948e-10,-1.95582577910969e-10
0.450303316116333,5.47825725381245e-21,1.16900572555423e-10,1.03921891925207e-10
0.450909376144409,-7.81414664120901e-22,1.26001761108219e-11,1.88544284351888e-11
0.451515436172485,-4.68841568720116e-21,-1.80464990173768e-10,-1.95582369744152e-10
0.452121496200562,5.47712997788977e-21,1.16901030522421e-10,1.03922398464462e-10
0.452727556228638,-7.80997388256475e-22,1.25994744151758e-11,1.88537224027341e-11
0.453333616256714,-4.68828805581758e-21,-1.80464740373587e-10,-1.95582175455122e-10
0.45393967628479,5.4775031785177e-21,1.16901488489418e-10,1.03922905003717e-10
0.454545736312866,-7.82450709857607e-22,1.25987735868915e-11,1.88530163702794e-11
0.455151796340942,-4.68838377935527e-21,-1.80464490573407e-10,-1.95581967288305e-10
0.455757886171341,5.4779676598187e-21,1.16901946456416e-10,1.03923411542972e-10
0.456363946199417,-7.82195093680767e-22,1.25980718912455e-11,1.88523086031012e-11
0.456970006227493,-4.68948964874842e-21,-1.80464254651014e-10,-1.95581772999276e-10
0.457576066255569,5.47875081568185e-21,1.16902390545626e-10,1.03923918082227e-10
0.458182126283646,-7.80895151883158e-22,1.25973710629612e-11,1.88516025706464e-11
0.458788186311722,-4.68957042810511e-21,-1.80464004850833e-10,-1.95581564832459e-10
0.459394246339798,5.47753710584751e-21,1.16902848512623e-10,1.03924424621482e-10
0.460000306367874,-7.80691032546211e-22,1.25966702346769e-11,1.88508965381917e-11
0.46060636639595,-4.68704324593092e-21,-1.80463755050653e-10,-1.9558137054343e-10
0.461212426424026,5.47691268142026e-21,1.16903306479621e-10,1.03924931160737e-10
0.461818486452103,-7.82295966902439e-22,1.25959685390309e-11,1.8850190505737e-11
0.462424546480179,-4.68826099473309e-21,-1.80463505250472e-10,-1.95581162376612e-10
0.463030606508255,5.47780569720852e-21,1.16903764446619e-10,1.03925430761098e-10
0.463636666536331,-7.82238916481774e-22,1.25952677107466e-11,1.88494844732823e-11
0.464242726564407,-4.68924892626547e-21,-1.80463269328079e-10,-1.95580968087583e-10
0.464848786592484,5.47877141441781e-21,1.16904222413616e-10,1.03925937300353e-10
0.46545484662056,-7.8068345948152e-22,1.25945668824623e-11,1.88487784408276e-11
0.466060906648636,-4.68880625539078e-21,-1.80463019527899e-10,-1.95580773798554e-10
0.466666966676712,5.47741876408996e-21,1.16904666502826e-10,1.03926443839608e-10
0.467273026704788,-7.80626207112463e-22,1.25938651868163e-11,1.88480724083728e-11
0.467879086732864,-4.68713089153293e-21,-1.80462769727718e-10,-1.95580565631737e-10
0.468485146760941,5.47695307109861e-21,1.16905124469824e-10,1.03926950378863e-10
0.469091206789017,-7.82312981054443e-22,1.2593164358532e-11,1.88473663759181e-11
0.469697266817093,-4.68666479464481e-21,-1.80462533805326e-10,-1.95580371342707e-10
0.470303326845169,5.47873183253303e-21,1.16905582436821e-10,1.03927456918118e-10
0.470909386873245,-7.82905548122896e-22,1.25924626628859e-11,1.88466603434634e-11
0.471515446901321,-4.68805904634136e-21,-1.80462284005145e-10,-1.9558016317589e-10
0.472121506929398,5.4780847898859e-21,1.16906040403819e-10,1.03927963457373e-10
0.472727566957474,-7.81460607380021e-22,1.25917618346016e-11,1.88459543110087e-11
0.47333362698555,-4.68765514955788e-21,-1.80462034204965e-10,-1.95579968886861e-10
0.473939716815948,5.47775278672989e-21,1.16906498370817e-10,1.03928469996628e-10
0.474545776844025,-7.81604596583329e-22,1.25910610063174e-11,1.88452465438305e-11
0.475151836872101,-4.68810226329719e-21,-1.80461784404784e-10,-1.95579760720044e-10
0.475757896900177,5.47792565455322e-21,1.16906942460027e-10,1.03928969596989e-10
0.476363956928253,-7.81967952227161e-22,1.25903593106713e-11,1.88445405113757e-11
0.476970016956329,-4.68816042443401e-21,-1.80461548482391e-10,-1.95579566431014e-10
0.477576076984406,5.47819788098528e-21,1.16907400427024e-10,1.03929476136244e-10
0.478182137012482,-7.82325097957947e-22,1.2589658482387e-11,1.8843834478921e-11
0.478788197040558,-4.68849444707394e-21,-1.80461298682211e-10,-1.95579358264197e-10
0.479394257068634,5.47837357608609e-21,1.16907858394022e-10,1.03929982675499e-10
0.48000031709671,-7.82114263836974e-22,1.2588956786741e-11,1.88431284464663e-11
0.480606377124786,-4.68913462347574e-21,-1.8046104888203e-10,-1.95579163975168e-10
0.481212437152863,5.4776352527659e-21,1.1690831636102e-10,1.03930489214754e-10
0.481818497180939,-7.81629234287121e-22,1.25882559584567e-11,1.88424224140116e-11
0.482424557209015,-4.6877989368128e-21,-1.80460812959637e-10,-1.95578955808351e-10
0.483030617237091,5.47751004476302e-21,1.16908774328017e-10,1.03930995754009e-10
0.483636677265167,-7.82600656538472e-22,1.25875551301724e-11,1.88417163815569e-11
0.484242737293243,-4.68770482886225e-21,-1.80460563159457e-10,-1.95578761519322e-10
0.48484879732132,5.47825523432853e-21,1.16909218417227e-10,1.03931502293264e-10
0.485454857349396,-7.82033181557692e-22,1.25868534345264e-11,1.88410103491021e-11
0.486060917377472,-4.68786275250459e-21,-1.80460313359276e-10,-1.95578567230292e-10
0.486666977405548,5.47807226908562e-21,1.16909676384225e-10,1.03932008832519e-10
0.487273037433624,-7.82378715255953e-22,1.25861526062421e-11,1.88403043166474e-11
0.4878790974617,-4.6871660305531e-21,-1.80460063559096e-10,-1.95578359063475e-10
0.488485157489777,5.47754801106067e-21,1.16910134351222e-10,1.03932515371774e-10
0.489091217517853,-7.81360087568034e-22,1.2585450910596e-11,1.88395982841927e-11
0.489697277545929,-4.68806146972206e-21,-1.80459827636703e-10,-1.95578164774446e-10
0.490303337574005,5.47763888783695e-21,1.1691059231822e-10,1.03933014972135e-10
0.490909397602081,-7.82170910360856e-22,1.25847500823117e-11,1.8838892251738e-11
0.491515457630157,-4.68797988257179e-21,-1.80459577836523e-10,-1.95577956607629e-10
0.492121517658234,5.47828835386477e-21,1.16911050285218e-10,1.0393352151139e-10
0.492727607488632,-7.82475044638812e-22,1.25840492540275e-11,1.88381844845598e-11
0.493333667516708,-4.68810064771005e-21,-1.80459328036342e-10,-1.95577762318599e-10
0.493939727544785,5.47779358030502e-21,1.16911494374428e-10,1.03934028050645e-10
0.494545787572861,-7.81350091122643e-22,1.25833475583814e-11,1.8837478452105e-11
0.495151847600937,-4.68734334124104e-21,-1.80459078236161e-10,-1.95577554151782e-10
0.495757907629013,5.47727255345434e-21,1.16911952341425e-10,1.039345345899e-10
0.496363967657089,-7.81896714931976e-22,1.25826467300971e-11,1.88367724196503e-11
0.496970027685165,-4.68775450816662e-21,-1.80458842313769e-10,-1.95577359862753e-10
0.497576087713242,5.4778186219056e-21,1.16912410308423e-10,1.03935041129155e-10
0.498182147741318,-7.81715920634274e-22,1.25819450344511e-11,1.88360663871956e-11
0.498788207769394,-4.68876586571243e-21,-1.80458592513588e-10,-1.95577151695936e-10
0.49939426779747,5.47831137598143e-21,1.16912868275421e-10,1.0393554766841e-10
0.500000298023224,-7.81786451110088e-22,1.25812442061668e-11,1.88353603547409e-11
0.5006063580513,-4.68778480042538e-21,-1.80458342713408e-10,-1.95576957406907e-10
0.501212418079376,5.47850443864393e-21,1.16913326242418e-10,1.03936054207665e-10
0.501818537712097,-7.82605755735363e-22,1.25805433778825e-11,1.88346543222861e-11
0.502424597740173,-4.68820364138984e-21,-1.80458106791015e-10,-1.95576749240089e-10
0.50303065776825,5.47830208635541e-21,1.16913770331628e-10,1.03936553808026e-10
0.503636717796326,-7.81223217045534e-22,1.25798416822365e-11,1.88339482898314e-11
0.504242777824402,-4.68760425856316e-21,-1.80457856990834e-10,-1.9557655495106e-10
0.504848837852478,5.4781728393847e-21,1.16914228298626e-10,1.03937060347281e-10
0.505454897880554,-7.82023336573595e-22,1.25791408539522e-11,1.88332422573767e-11
0.50606095790863,-4.68677425067313e-21,-1.80457607190654e-10,-1.95576346784243e-10
0.506667017936707,5.47848909056616e-21,1.16914686265623e-10,1.03937566886536e-10
0.507273077964783,-7.81926704268149e-22,1.25784391583061e-11,1.8832536224922e-11
0.507879137992859,-4.68687401317865e-21,-1.80457357390473e-10,-1.95576152495214e-10
0.508485198020935,5.47829441231653e-21,1.16915144232621e-10,1.03938073425791e-10
0.509091258049011,-7.82054386138824e-22,1.25777383300218e-11,1.88318284577438e-11
0.509697318077087,-4.68730254766591e-21,-1.80457121468081e-10,-1.95575958206184e-10
0.510303378105164,5.47807711584702e-21,1.16915602199619e-10,1.03938579965046e-10
0.51090943813324,-7.81386896217037e-22,1.25770375017376e-11,1.88311224252891e-11
0.511515498161316,-4.68679323382195e-21,-1.804568716679e-10,-1.95575750039367e-10
0.512121558189392,5.47780650500209e-21,1.16916046288829e-10,1.03939086504301e-10
0.512727618217468,-7.82788367568591e-22,1.25763358060915e-11,1.88304163928343e-11
0.513333678245544,-4.6876939236491e-21,-1.80456621867719e-10,-1.95575555750338e-10
0.513939738273621,5.47830652922003e-21,1.16916504255826e-10,1.03939593043556e-10
0.514545798301697,-7.82473631000069e-22,1.25756349778072e-11,1.88297103603796e-11
0.515151858329773,-4.68848233017044e-21,-1.80456372067539e-10,-1.95575347583521e-10
0.515757918357849,5.47867932595118e-21,1.16916962222824e-10,1.03940092643917e-10
0.516363978385925,-7.81932863694097e-22,1.25749332821612e-11,1.88290043279249e-11
0.516970038414001,-4.6873077983241e-21,-1.80456136145146e-10,-1.95575153294492e-10
0.517576098442078,5.47856946602607e-21,1.16917420189822e-10,1.03940599183172e-10
0.518182158470154,-7.81946192287951e-22,1.25742324538769e-11,1.88282982954702e-11
0.51878821849823,-4.68792777988673e-21,-1.80455886344966e-10,-1.95574945127674e-10
0.519394278526306,5.47805934438855e-21,1.16917878156819e-10,1.03941105722427e-10
0.520000338554382,-7.82102096446372e-22,1.25735316255926e-11,1.88275922630154e-11
0.520606398582458,-4.68666519854159e-21,-1.80455636544785e-10,-1.95574750838645e-10
0.521212458610535,5.47876535596606e-21,1.16918322246029e-10,1.03941612261682e-10
0.521818518638611,-7.8289933820985e-22,1.25728299299466e-11,1.88268862305607e-11
0.522424578666687,-4.68653070091269e-21,-1.80455386744605e-10,-1.95574542671828e-10
0.523030638694763,5.47882472879323e-21,1.16918780213027e-10,1.03942118800937e-10
0.523636698722839,-7.8198582465983e-22,1.25721291016623e-11,1.8826180198106e-11
0.524242758750916,-4.68824928172637e-21,-1.80455150822212e-10,-1.95574348382799e-10
0.524848818778992,5.47867771036404e-21,1.16919238180024e-10,1.03942625340192e-10
0.525454878807068,-7.82440208541237e-22,1.25714274060162e-11,1.88254724309278e-11
0.526060938835144,-4.68855826276573e-21,-1.80454901022031e-10,-1.95574140215982e-10
0.52666699886322,5.47795998577981e-21,1.16919696147022e-10,1.03943131879447e-10
0.527273058891296,-7.82128753634081e-22,1.25707265777319e-11,1.88247663984731e-11
0.527879118919373,-4.68766565087425e-21,-1.80454651221851e-10,-1.95573945926952e-10
0.528485178947449,5.47808398209234e-21,1.1692015411402e-10,1.03943631479808e-10
0.529091238975525,-7.83924226297913e-22,1.25700257494477e-11,1.88240603660184e-11
0.529697299003601,-4.68773916008884e-21,-1.80454415299458e-10,-1.95573737760135e-10
0.530303359031677,5.4779870468643e-21,1.1692059820323e-10,1.03944138019063e-10
0.530909419059753,-7.82950077743274e-22,1.25693240538016e-11,1.88233543335636e-11
0.53151547908783,-4.68834864033511e-21,-1.80454165499278e-10,-1.95573543471106e-10
0.532121539115906,5.47849959188253e-21,1.16921056170227e-10,1.03944644558318e-10
0.532727599143982,-7.82022932676811e-22,1.25686232255173e-11,1.88226483011089e-11
0.533333659172058,-4.68799644233992e-21,-1.80453915699097e-10,-1.95573349182077e-10
0.533939719200134,5.47806378725316e-21,1.16921514137225e-10,1.03945151097573e-10
0.53454577922821,-7.81841532533934e-22,1.25679215298713e-11,1.88219422686542e-11
0.535151839256287,-4.68790677725399e-21,-1.80453665898916e-10,-1.95573141015259e-10
0.535757899284363,5.47751327593729e-21,1.16921972104223e-10,1.03945657636828e-10
0.536363959312439,-7.83055646265054e-22,1.2567220701587e-11,1.88212362361995e-11
0.536970019340515,-4.68637237337357e-21,-1.80453429976524e-10,-1.9557294672623e-10
0.537576079368591,5.4787887819795e-21,1.1692243007122e-10,1.03946164176083e-10
0.538182139396667,-7.83890702864885e-22,1.25665198733027e-11,1.88205302037447e-11
0.538788199424744,-4.68829896103074e-21,-1.80453180176343e-10,-1.95572738559413e-10
0.539394319057465,5.4789499367961e-21,1.1692287416043e-10,1.03946670715338e-10
0.540000379085541,-7.82228364678305e-22,1.25658181776567e-11,1.881982417129e-11
0.540606439113617,-4.68853604844264e-21,-1.80452930376163e-10,-1.95572544270384e-10
0.541212499141693,5.47699265298339e-21,1.16923332127428e-10,1.03947170315699e-10
0.541818559169769,-7.81271937095041e-22,1.25651173493724e-11,1.88191164041118e-11
0.542424619197845,-4.68602663772692e-21,-1.80452680575982e-10,-1.95572336103567e-10
0.543030679225922,5.47778550236935e-21,1.16923790094425e-10,1.03947676854954e-10
0.543636739253998,-7.84384365708485e-22,1.25644156537263e-11,1.88184103716571e-11
0.544242799282074,-4.68727225540715e-21,-1.80452444653589e-10,-1.95572141814537e-10
0.54484885931015,5.47933525432754e-21,1.16924248061423e-10,1.03948183394209e-10
0.545454919338226,-7.83945834775829e-22,1.25637148254421e-11,1.88177043392024e-11
0.546060979366302,-4.68872668772444e-21,-1.80452194853409e-10,-1.9557193364772e-10
0.546667039394379,5.47921570087963e-21,1.16924706028421e-10,1.03948689933464e-10
0.547273099422455,-7.8178761231334e-22,1.25630139971578e-11,1.88169983067477e-11
0.547879159450531,-4.68899770246615e-21,-1.80451945053228e-10,-1.95571739358691e-10
0.548485219478607,5.47719944813653e-21,1.1692515011763e-10,1.03949196472719e-10
0.549091279506683,-7.81817298726925e-22,1.25623123015117e-11,1.88162922742929e-11
0.54969733953476,-4.68589900634334e-21,-1.80451709130836e-10,-1.95571531191874e-10
0.550303399562836,5.47752377725366e-21,1.16925608084628e-10,1.03949703011974e-10
0.550909459590912,-7.84254310944207e-22,1.25616114732274e-11,1.88155862418382e-11
0.551515519618988,-4.68638206689637e-21,-1.80451459330655e-10,-1.95571336902844e-10
0.552121579647064,5.47942774669095e-21,1.16926066051626e-10,1.03950209551229e-10
0.55272763967514,-7.83344028568454e-22,1.25609097775814e-11,1.88148802093835e-11
0.553333699703217,-4.68704284203414e-21,-1.80451209530474e-10,-1.95571128736027e-10
0.553939759731293,5.47955982093915e-21,1.16926524018623e-10,1.0395070915159e-10
0.554545819759369,-7.81680832101209e-22,1.25602089492971e-11,1.88141741769288e-11
0.555151879787445,-4.68736838284162e-21,-1.80450959730294e-10,-1.95570934446998e-10
0.555757939815521,5.4781752627654e-21,1.16926981985621e-10,1.03951215690845e-10
0.556363999843597,-7.81602021741334e-22,1.25595072536511e-11,1.88134664097506e-11
0.556970059871674,-4.68639660718058e-21,-1.80450723807901e-10,-1.95570726280181e-10
0.55757611989975,5.47756982148698e-21,1.16927426074831e-10,1.039517222301e-10
0.558182179927826,-7.83469337545527e-22,1.25588064253668e-11,1.88127603772958e-11
0.558788239955902,-4.68602138706873e-21,-1.80450474007721e-10,-1.95570531991152e-10
0.559394299983978,5.47921004632466e-21,1.16927884041829e-10,1.03952228769355e-10
0.560000360012054,-7.8405261498796e-22,1.25581055970825e-11,1.88120543448411e-11
0.560606420040131,-4.68809055029047e-21,-1.8045022420754e-10,-1.95570337702122e-10
0.561212480068207,5.47935100630209e-21,1.16928342008826e-10,1.0395273530861e-10
0.561818540096283,-7.81907822093521e-22,1.25574039014364e-11,1.88113483123864e-11
0.562424600124359,-4.6881386140077e-21,-1.8044997440736e-10,-1.95570129535305e-10
0.563030660152435,5.47813931595167e-21,1.16928799975824e-10,1.03953241847865e-10
0.563636720180511,-7.82096694326893e-22,1.25567030731522e-11,1.88106422799317e-11
0.564242780208588,-4.68617244446575e-21,-1.80449738484967e-10,-1.95569935246276e-10
0.564848840236664,5.47783235439623e-21,1.16929257942822e-10,1.0395374838712e-10
0.56545490026474,-7.83064229071703e-22,1.25560013775061e-11,1.8809936247477e-11
0.566060960292816,-4.68721894103173e-21,-1.80449488684786e-10,-1.95569727079459e-10
0.566667020320892,5.47853594259304e-21,1.16929702032031e-10,1.03954247987481e-10
0.567273080348969,-7.83299448460978e-22,1.25553005492218e-11,1.88092302150222e-11
0.567879140377045,-4.68745279726936e-21,-1.80449238884606e-10,-1.95569532790429e-10
0.568485200405121,5.47964706264438e-21,1.16930159999029e-10,1.03954754526736e-10
0.569091260433197,-7.81954573146208e-22,1.25545997209375e-11,1.88085241825675e-11
0.569697320461273,-4.68690834440524e-21,-1.80448989084425e-10,-1.95569324623612e-10
0.570303380489349,5.47856986992286e-21,1.16930617966027e-10,1.03955261065991e-10
0.570909440517426,-7.82410673588945e-22,1.25538980252915e-11,1.88078181501128e-11
0.571515500545502,-4.68778197314789e-21,-1.80448753162032e-10,-1.95569130334583e-10
0.572121560573578,5.47870638703567e-21,1.16931075933024e-10,1.03955767605246e-10
0.572727620601654,-7.83265622105362e-22,1.25531971970072e-11,1.88071103829346e-11
0.57333368062973,-4.68591677780181e-21,-1.80448503361852e-10,-1.95568922167766e-10
0.573939740657806,5.47981387201595e-21,1.16931520022234e-10,1.03956274144501e-10
0.574545800685883,-7.83067914629852e-22,1.25524955013612e-11,1.88064043504799e-11
0.575151860713959,-4.68732839706005e-21,-1.80448253561671e-10,-1.95568727878737e-10
0.575757920742035,5.47968341335489e-21,1.16931977989232e-10,1.03956780683756e-10
0.576364040374756,-7.82567486515129e-22,1.25517946730769e-11,1.88056983180251e-11
0.576970100402832,-4.68616800160113e-21,-1.80448017639279e-10,-1.95568519711919e-10
0.577576160430908,5.47953518323536e-21,1.1693243595623e-10,1.03957287223011e-10
0.578182220458984,-7.82280416876275e-22,1.25510929774308e-11,1.88049922855704e-11
0.578788280487061,-4.68667327647726e-21,-1.80447767839098e-10,-1.9556832542289e-10
0.579394340515137,5.47927426591323e-21,1.16932893923227e-10,1.03957786823372e-10
0.580000400543213,-7.82413450379332e-22,1.25503921491465e-11,1.88042862531157e-11
0.580606460571289,-4.68649596578931e-21,-1.80447518038918e-10,-1.95568117256073e-10
0.581212520599365,5.47904848761127e-21,1.16933351890225e-10,1.03958293362627e-10
0.581818580627441,-7.82485545955182e-22,1.25496913208623e-11,1.8803580220661e-11
0.582424640655518,-4.68652585415129e-21,-1.80447268238737e-10,-1.95567922967044e-10
0.583030700683594,5.47939583884506e-21,1.16933795979435e-10,1.03958799901882e-10
0.58363676071167,-7.81923422606783e-22,1.25489896252162e-11,1.88028741882063e-11
0.584242820739746,-4.68697619906486e-21,-1.80447032316344e-10,-1.95567714800227e-10
0.584848880767822,5.47990474879223e-21,1.16934253946432e-10,1.03959306441137e-10
0.585454940795898,-7.82182219470793e-22,1.25482887969319e-11,1.88021681557515e-11
0.586061000823975,-4.68523661561845e-21,-1.80446782516164e-10,-1.95567520511197e-10
0.586667060852051,5.47972905369142e-21,1.1693471191343e-10,1.03959812980392e-10
0.587273120880127,-7.82877022912563e-22,1.25475871012859e-11,1.88014603885733e-11
0.587879180908203,-4.68619950555025e-21,-1.80446532715983e-10,-1.95567326222168e-10
0.588485240936279,5.47951175722191e-21,1.16935169880428e-10,1.03960319519647e-10
0.589091300964355,-7.82221044049105e-22,1.25468862730016e-11,1.88007543561186e-11
0.589697360992432,-4.68618698474996e-21,-1.80446282915803e-10,-1.95567118055351e-10
0.590303421020508,5.47990676827615e-21,1.16935627847425e-10,1.03960819120008e-10
0.590909481048584,-7.81898734415893e-22,1.25461845773556e-11,1.88000483236639e-11
0.59151554107666,-4.68556821487768e-21,-1.8044604699341e-10,-1.95566923766322e-10
0.592121601104736,5.4796611990318e-21,1.16936071936635e-10,1.03961325659263e-10
0.592727661132812,-7.82316060767417e-22,1.25454837490713e-11,1.87993422912092e-11
0.593333721160889,-4.6856360695373e-21,-1.80445797193229e-10,-1.95566715599504e-10
0.593939781188965,5.47963009897947e-21,1.16936529903633e-10,1.03961832198518e-10
0.594545841217041,-7.82406533646915e-22,1.2544782920787e-11,1.87986362587544e-11
0.595151901245117,-4.6858634634264e-21,-1.80445547393049e-10,-1.95566521310475e-10
0.595757961273193,5.47974157449171e-21,1.16936987870631e-10,1.03962338737773e-10
0.59636402130127,-7.8213147993737e-22,1.25440812251409e-11,1.87979302262997e-11
0.596970081329346,-4.68459118855845e-21,-1.80445297592868e-10,-1.95566313143658e-10
0.597576141357422,5.47982154605484e-21,1.16937445837628e-10,1.03962845277028e-10
0.598182201385498,-7.82645590055633e-22,1.25433803968567e-11,1.8797224193845e-11
0.598788261413574,-4.68603148448832e-21,-1.80445061670476e-10,-1.95566118854629e-10
0.59939432144165,5.48035630539616e-21,1.16937903804626e-10,1.03963351816283e-10
0.600000381469727,-7.81734853295999e-22,1.25426787012106e-11,1.87965181613903e-11
0.600606441497803,-4.68639095262561e-21,-1.80444811870295e-10,-1.95565910687812e-10
0.601212501525879,5.47991605790217e-21,1.16938347893836e-10,1.03963858355538e-10
0.601818561553955,-7.8149948244543e-22,1.25419778729263e-11,1.87958103942121e-11
0.602424621582031,-4.68417557876826e-21,-1.80444562070115e-10,-1.95565716398782e-10
0.603030681610107,5.47931829066263e-21,1.16938805860833e-10,1.03964357955899e-10
0.603636741638184,-7.82371142191263e-22,1.25412761772803e-11,1.87951043617574e-11
0.60424280166626,-4.6846315782368e-21,-1.80444312269934e-10,-1.95565508231965e-10
0.604848861694336,5.48054532909082e-21,1.16939263827831e-10,1.03964864495154e-10
0.605454921722412,-7.82755096571052e-22,1.2540575348996e-11,1.87943983293026e-11
0.606060981750488,-4.68644669038173e-21,-1.80444076347541e-10,-1.95565313942936e-10
0.606667041778564,5.48085713740766e-21,1.16939721794829e-10,1.03965371034409e-10
0.607273101806641,-7.8194109309106e-22,1.25398745207117e-11,1.87936922968479e-11
0.607879161834717,-4.68575683467556e-21,-1.80443826547361e-10,-1.95565105776119e-10
0.608485221862793,5.47949842862806e-21,1.16940179761826e-10,1.03965877573664e-10
0.609091281890869,-7.8153149126552e-22,1.25391728250657e-11,1.87929862643932e-11
0.609697341918945,-4.68543008217773e-21,-1.8044357674718e-10,-1.95564911487089e-10
0.610303401947021,5.47922095153781e-21,1.16940623851036e-10,1.03966384112919e-10
0.610909461975098,-7.82468178393492e-22,1.25384719967814e-11,1.87922802319385e-11
0.611515522003174,-4.68480848502796e-21,-1.80443326947e-10,-1.95564703320272e-10
0.61212158203125,5.48000047232992e-21,1.16941081818034e-10,1.03966890652174e-10
0.612727642059326,-7.83074427465486e-22,1.25377703011353e-11,1.87915741994837e-11
0.613333761692047,-4.68478667460166e-21,-1.80443091024607e-10,-1.95564509031243e-10
0.613939821720123,5.48091287516378e-21,1.16941539785032e-10,1.03967390252535e-10
0.614545881748199,-7.8179250956184e-22,1.2537069472851e-11,1.87908664323055e-11
0.615151941776276,-4.68605814167603e-21,-1.80442841224426e-10,-1.95564300864426e-10
0.615758001804352,5.48050453551569e-21,1.16941997752029e-10,1.0396789679179e-10
0.616364061832428,-7.81259365807655e-22,1.2536367777205e-11,1.87901603998508e-11
0.616970121860504,-4.68462350030113e-21,-1.80442591424246e-10,-1.95564106575397e-10
0.61757618188858,5.47924114637699e-21,1.16942441841239e-10,1.03968403331045e-10
0.618182241916656,-7.8225976765322e-22,1.25356669489207e-11,1.87894543673961e-11
0.618788301944733,-4.68451283258246e-21,-1.80442355501853e-10,-1.95563898408579e-10
0.619394361972809,5.4804261795397e-21,1.16942899808237e-10,1.039689098703e-10
0.620000422000885,-7.81949827359003e-22,1.25349661206364e-11,1.87887483349414e-11
0.620606482028961,-4.6847612291043e-21,-1.80442105701673e-10,-1.9556370411955e-10
0.621212542057037,5.48084825167843e-21,1.16943357775234e-10,1.03969416409555e-10
0.621818602085114,-7.81958864549533e-22,1.25342644249904e-11,1.87880423024867e-11
0.62242466211319,-4.68586548291031e-21,-1.80441855901492e-10,-1.95563509830521e-10
0.623030722141266,5.48032762872453e-21,1.16943815742232e-10,1.0396992294881e-10
0.623636782169342,-7.81326109751124e-22,1.25335635967061e-11,1.87873362700319e-11
0.624242842197418,-4.68556942656803e-21,-1.80441606101311e-10,-1.95563301663704e-10
0.624848902225494,5.47950569877016e-21,1.1694427370923e-10,1.03970422549171e-10
0.625454962253571,-7.8204570235798e-22,1.25328619010601e-11,1.87866302375772e-11
0.626061022281647,-4.68341059826036e-21,-1.80441370178919e-10,-1.95563107374674e-10
0.626667082309723,5.4805166524192e-21,1.1694471779844e-10,1.03970929088426e-10
0.627273142337799,-7.82296825183104e-22,1.25321610727758e-11,1.87859242051225e-11
0.627879202365875,-4.68446880783306e-21,-1.80441120378738e-10,-1.95562899207857e-10
0.628485262393951,5.4809245881705e-21,1.16945175765437e-10,1.03971435627681e-10
0.629091322422028,-7.82164145089733e-22,1.25314593771297e-11,1.87852164379443e-11
0.629697382450104,-4.68547047185608e-21,-1.80440870578558e-10,-1.95562704918828e-10
0.63030344247818,5.48062772403465e-21,1.16945633732435e-10,1.03971942166936e-10
0.630909502506256,-7.81587632918423e-22,1.25307585488454e-11,1.87845104054896e-11
0.631515562534332,-4.68479475253733e-21,-1.80440620778377e-10,-1.95562496752011e-10
0.632121622562408,5.47997421903899e-21,1.16946091699432e-10,1.03972448706191e-10
0.632727682590485,-7.81507509894002e-22,1.25300577205611e-11,1.87838043730348e-11
0.633333742618561,-4.68500599055508e-21,-1.80440384855984e-10,-1.95562302462982e-10
0.633939802646637,5.4811422885368e-21,1.1694654966643e-10,1.03972955245446e-10
0.634545862674713,-7.82899186748556e-22,1.25293560249151e-11,1.87830983405801e-11
0.635151922702789,-4.68490905532705e-21,-1.80440135055804e-10,-1.95562094296164e-10
0.635757982730865,5.48130223166305e-21,1.1694699375564e-10,1.03973461784701e-10
0.636364042758942,-7.81926704268149e-22,1.25286551966308e-11,1.87823923081254e-11
0.636970102787018,-4.68566878517676e-21,-1.80439885255623e-10,-1.95561900007135e-10
0.637576162815094,5.4806778072358e-21,1.16947451722638e-10,1.03973961385062e-10
0.63818222284317,-7.8112729155946e-22,1.25279535009848e-11,1.87816862756707e-11
0.638788282871246,-4.68529760403275e-21,-1.80439635455443e-10,-1.95561691840318e-10
0.639394342899323,5.48055179143936e-21,1.16947909689635e-10,1.03974467924317e-10
0.640000402927399,-7.82077307281286e-22,1.25272526727005e-11,1.8780980243216e-11
0.640606462955475,-4.68470185627713e-21,-1.8043939953305e-10,-1.95561497551289e-10
0.641212522983551,5.48087248548544e-21,1.16948367656633e-10,1.03974974463572e-10
0.641818583011627,-7.82501853287815e-22,1.25265509770545e-11,1.87802724760378e-11
0.642424643039703,-4.68385044185757e-21,-1.80439149732869e-10,-1.95561289384472e-10
0.64303070306778,5.48187616899237e-21,1.16948825623631e-10,1.03975481002827e-10
0.643636763095856,-7.82315656870633e-22,1.25258501487702e-11,1.8779566443583e-11
0.644242823123932,-4.6858707335685e-21,-1.80438899932689e-10,-1.95561095095442e-10
0.644848883152008,5.48140966820745e-21,1.1694926971284e-10,1.03975987542082e-10
0.645454943180084,-7.80828105017102e-22,1.25251484531241e-11,1.87788604111283e-11
0.64606100320816,-4.68502456980712e-21,-1.80438650132508e-10,-1.95560886928625e-10
0.646667063236237,5.48016364663044e-21,1.16949727679838e-10,1.03976494081337e-10
0.647273123264313,-7.82462826761111e-22,1.25244476248398e-11,1.87781543786736e-11
0.647879183292389,-4.6846194613333e-21,-1.80438414210116e-10,-1.95560692639596e-10
0.648485243320465,5.48031551182103e-21,1.16950185646836e-10,1.03976993681698e-10
0.649091303348541,-7.83137536337903e-22,1.25237467965555e-11,1.87774483462189e-11
0.649697363376617,-4.68458311062279e-21,-1.80438164409935e-10,-1.95560484472779e-10
0.650303423404694,5.48159222955358e-21,1.16950643613833e-10,1.03977500220953e-10
0.650909543037415,-7.82506498100824e-22,1.25230451009095e-11,1.87767423137641e-11
0.651515603065491,-4.68570957875189e-21,-1.80437914609755e-10,-1.95560290183749e-10
0.652121663093567,5.48103081302456e-21,1.16951087703043e-10,1.03978006760208e-10
0.652727723121643,-7.82248155620695e-22,1.25223442726252e-11,1.87760362813094e-11
0.653333783149719,-4.68455928071256e-21,-1.80437664809574e-10,-1.95560082016932e-10
0.653939843177795,5.48032641703418e-21,1.16951545670041e-10,1.03978513299463e-10
0.654545903205872,-7.82174848354495e-22,1.25216425769792e-11,1.87753285141312e-11
0.655151963233948,-4.68395868619554e-21,-1.80437428887181e-10,-1.95559887727903e-10
0.655758023262024,5.47972905369142e-21,1.16952003637039e-10,1.03979019838718e-10
0.6563640832901,-7.83125924305379e-22,1.25209417486949e-11,1.87746224816765e-11
0.656970143318176,-4.68422283469193e-21,-1.80437179087001e-10,-1.95559679561086e-10
0.657576203346252,5.4817287466664e-21,1.16952461604036e-10,1.03979526377973e-10
0.658182263374329,-7.82894541935546e-22,1.25202400530489e-11,1.87739164492218e-11
0.658788323402405,-4.68522611430207e-21,-1.8043692928682e-10,-1.95559485272057e-10
0.659394383430481,5.48121095098999e-21,1.16952919571034e-10,1.03980025978334e-10
0.660000443458557,-7.81267595204619e-22,1.25195392247646e-11,1.8773210416767e-11
0.660606503486633,-4.68430765301646e-21,-1.8043667948664e-10,-1.95559290983027e-10
0.661212563514709,5.48028885463332e-21,1.16953363660244e-10,1.03980532517589e-10
0.661818623542786,-7.81385936962176e-22,1.25188375291185e-11,1.87725043843123e-11
0.662424683570862,-4.68366303375003e-21,-1.80436443564247e-10,-1.9555908281621e-10
0.663030743598938,5.48086036858193e-21,1.16953821627241e-10,1.03981039056844e-10
0.663636803627014,-7.8304060110987e-22,1.25181367008342e-11,1.87717983518576e-11
0.66424286365509,-4.68517279992666e-21,-1.80436193764066e-10,-1.95558888527181e-10
0.664848923683167,5.48211567978497e-21,1.16954279594239e-10,1.03981545596099e-10
0.665454983711243,-7.82943918317326e-22,1.25174358725499e-11,1.87710923194029e-11
0.666061043739319,-4.68429230493868e-21,-1.80435943963886e-10,-1.95558680360364e-10
0.666667103767395,5.48085673351088e-21,1.16954737561237e-10,1.03982052135354e-10
0.667273163795471,-7.81920292406711e-22,1.25167341769039e-11,1.87703845522247e-11
0.667879223823547,-4.68591798949216e-21,-1.80435694163705e-10,-1.95558486071334e-10
0.668485283851624,5.47988455395306e-21,1.16955195528234e-10,1.03982558674609e-10
0.6690913438797,-7.82209331042384e-22,1.25160333486196e-11,1.876967851977e-11
0.669697403907776,-4.68455281836403e-21,-1.80435458241313e-10,-1.95558277904517e-10
0.670303463935852,5.48028239228478e-21,1.16955639617444e-10,1.0398305827497e-10
0.670909523963928,-7.82811137249759e-22,1.25153316529736e-11,1.87689724873152e-11
0.671515583992004,-4.68502901267174e-21,-1.80435208441132e-10,-1.95558083615488e-10
0.672121644020081,5.48112774825259e-21,1.16956097584442e-10,1.03983564814225e-10
0.672727704048157,-7.8298976060225e-22,1.25146308246893e-11,1.87682664548605e-11
0.673333764076233,-4.68572694631358e-21,-1.80434958640951e-10,-1.95557875448671e-10
0.673939824104309,5.48098396099767e-21,1.1695655555144e-10,1.0398407135348e-10
0.674545884132385,-7.82435715189521e-22,1.25139291290433e-11,1.87675604224058e-11
0.675151944160461,-4.68547693420461e-21,-1.80434708840771e-10,-1.95557681159642e-10
0.675758004188538,5.48037084568036e-21,1.16957013518437e-10,1.03984577892735e-10
0.676364064216614,-7.8252199763989e-22,1.2513228300759e-11,1.87668543899511e-11
0.67697012424469,-4.68429594000974e-21,-1.80434472918378e-10,-1.95557472992824e-10
0.677576184272766,5.48079574509658e-21,1.16957457607647e-10,1.0398508443199e-10
0.678182244300842,-7.82541233224203e-22,1.25125266051129e-11,1.87661483574963e-11
0.678788304328918,-4.68463117434002e-21,-1.80434223118198e-10,-1.95557278703795e-10
0.679394364356995,5.48125295625547e-21,1.16957915574645e-10,1.03985590971245e-10
0.680000424385071,-7.8237780648819e-22,1.25118257768286e-11,1.87654405903181e-11
0.680606484413147,-4.68464207955317e-21,-1.80433973318017e-10,-1.95557070536978e-10
0.681212544441223,5.48060591360834e-21,1.16958373541642e-10,1.03986090571606e-10
0.681818604469299,-7.82563144624707e-22,1.25111240811826e-11,1.87647345578634e-11
0.682424664497375,-4.68397726544758e-21,-1.80433737395624e-10,-1.95556876247949e-10
0.683030724525452,5.48074041123724e-21,1.1695883150864e-10,1.03986597110861e-10
0.683636784553528,-7.82061908716416e-22,1.25104232528983e-11,1.87640285254087e-11
0.684242844581604,-4.68517199213309e-21,-1.80433487595444e-10,-1.95556668081132e-10
0.68484890460968,5.48090924009273e-21,1.16959289475638e-10,1.03987103650116e-10
0.685454964637756,-7.826463978492e-22,1.2509722424614e-11,1.8763322492954e-11
0.686061024665833,-4.68317714591952e-21,-1.80433237795263e-10,-1.95556473792102e-10
0.686667084693909,5.48061641492471e-21,1.16959733564848e-10,1.03987610189371e-10
0.687273144721985,-7.83156872896412e-22,1.2509020728968e-11,1.87626164604993e-11
0.687879264354706,-4.6844680000395e-21,-1.80432987995083e-10,-1.95556265625285e-10
0.688485324382782,5.48098719217194e-21,1.16960191531845e-10,1.03988116728626e-10
0.689091384410858,-7.82609996651589e-22,1.25083199006837e-11,1.87619104280445e-11
0.689697444438934,-4.68451767934386e-21,-1.8043275207269e-10,-1.95556071336256e-10
0.69030350446701,5.48141249548494e-21,1.16960649498843e-10,1.03988623267881e-10
0.690909564495087,-7.82770242700432e-22,1.25076182050377e-11,1.87612043955898e-11
0.691515624523163,-4.6834291775124e-21,-1.8043250227251e-10,-1.95555863169439e-10
0.692121684551239,5.48075373983109e-21,1.16961107465841e-10,1.03989122868242e-10
0.692727744579315,-7.8205130642585e-22,1.25069173767534e-11,1.87604966284116e-11
0.693333804607391,-4.68386094317394e-21,-1.80432252472329e-10,-1.95555668880409e-10
0.693939864635468,5.48144601891797e-21,1.1696155155505e-10,1.03989629407497e-10
0.694545924663544,-7.8264346959752e-22,1.25062156811073e-11,1.87597905959569e-11
0.69515198469162,-4.68518532072694e-21,-1.80432002672148e-10,-1.95555460713592e-10
0.695758044719696,5.48195977562655e-21,1.16962009522048e-10,1.03990135946752e-10
0.696364104747772,-7.82412137714786e-22,1.2505514852823e-11,1.87590845635022e-11
0.696970164775848,-4.68394414591133e-21,-1.80431766749756e-10,-1.95555266424563e-10
0.697576224803925,5.48139997468465e-21,1.16962467489046e-10,1.03990642486007e-10
0.698182284832001,-7.81843652992047e-22,1.2504813157177e-11,1.87583785310474e-11
0.698788344860077,-4.68382055349559e-21,-1.80431516949575e-10,-1.95555058257746e-10
0.699394404888153,5.48118833277011e-21,1.16962925456043e-10,1.03991149025262e-10
0.700000464916229,-7.82011522592678e-22,1.25041123288927e-11,1.87576724985927e-11
0.700606524944305,-4.68318885892624e-21,-1.80431267149395e-10,-1.95554863968717e-10
0.701212584972382,5.48198239384642e-21,1.16963383423041e-10,1.03991655564517e-10
0.701818645000458,-7.82490089793996e-22,1.25034106332467e-11,1.8756966466138e-11
0.702424705028534,-4.68284191158923e-21,-1.80431017349214e-10,-1.95554655801899e-10
0.70303076505661,5.48191251970288e-21,1.16963827512251e-10,1.03992155164878e-10
0.703636825084686,-7.82614843412991e-22,1.25027098049624e-11,1.87562586989598e-11
0.704242885112762,-4.68377370146871e-21,-1.80430781426821e-10,-1.9555446151287e-10
0.704848945140839,5.48179579353246e-21,1.16964285479249e-10,1.03992661704133e-10
0.705455005168915,-7.82090585388043e-22,1.25020089766781e-11,1.87555526665051e-11
0.706061065196991,-4.68334637867179e-21,-1.80430531626641e-10,-1.95554267223841e-10
0.706667125225067,5.48132767716041e-21,1.16964743446246e-10,1.03993168243388e-10
0.707273185253143,-7.82964819975871e-22,1.2501307281032e-11,1.87548466340504e-11
0.707879245281219,-4.68329993054169e-21,-1.8043028182646e-10,-1.95554059057024e-10
0.708485305309296,5.48143147863376e-21,1.16965201413244e-10,1.03993674782643e-10
0.709091365337372,-7.83677243414819e-22,1.25006064527478e-11,1.87541406015956e-11
0.709697425365448,-4.68389890947158e-21,-1.8043003202628e-10,-1.95553864767994e-10
0.710303485393524,5.4822639099045e-21,1.16965659380242e-10,1.03994181321898e-10
0.7109095454216,-7.82186561361216e-22,1.24999047571017e-11,1.87534345691409e-11
0.711515605449677,-4.68454352873801e-21,-1.80429796103887e-10,-1.95553656601177e-10
0.712121665477753,5.48058531487239e-21,1.16966103469451e-10,1.03994687861153e-10
0.712727725505829,-7.82619387251805e-22,1.24992039288174e-11,1.87527285366862e-11
0.713333785533905,-4.68392839393678e-21,-1.80429546303706e-10,-1.95553462312148e-10
0.713939845561981,5.48031712740816e-21,1.16966561436449e-10,1.03995187461514e-10
0.714545905590057,-7.8304989073589e-22,1.24985022331714e-11,1.87520225042315e-11
0.715151965618134,-4.68435733232082e-21,-1.80429296503526e-10,-1.95553254145331e-10
0.71575802564621,5.48160555814744e-21,1.16967019403447e-10,1.03995694000769e-10
0.716364085674286,-7.83823201614947e-22,1.24978014048871e-11,1.87513147370533e-11
0.716970145702362,-4.68516108691994e-21,-1.80429046703345e-10,-1.95553059856302e-10
0.717576205730438,5.48205186409318e-21,1.16967477370444e-10,1.03996200540024e-10
0.718182265758514,-7.8309436986917e-22,1.24970997092411e-11,1.87506087045985e-11
0.718788325786591,-4.68357659983837e-21,-1.80428810780953e-10,-1.95552851689484e-10
0.719394385814667,5.48110997679412e-21,1.16967921459654e-10,1.03996707079279e-10
0.720000445842743,-7.81874753044375e-22,1.24963988809568e-11,1.87499026721438e-11
0.720606505870819,-4.68416669303902e-21,-1.80428560980772e-10,-1.95552657400455e-10
0.721212565898895,5.48164715951614e-21,1.16968379426652e-10,1.03997213618534e-10
0.721818625926971,-7.83287785941355e-22,1.24956971853107e-11,1.87491966396891e-11
0.722424685955048,-4.6827449763612e-21,-1.80428311180592e-10,-1.95552449233638e-10
0.723030745983124,5.48130990570194e-21,1.16968837393649e-10,1.03997713218895e-10
0.7236368060112,-7.83863389344903e-22,1.24949963570264e-11,1.87484906072344e-11
0.724242866039276,-4.68346148925508e-21,-1.80428061380411e-10,-1.95552254944609e-10
0.724848985671997,5.48221867346475e-21,1.16969295360647e-10,1.0399821975815e-10
0.725455045700073,-7.82693300363181e-22,1.24942946613804e-11,1.87477845747797e-11
0.726061105728149,-4.68440378045092e-21,-1.80427825458018e-10,-1.95552046777792e-10
0.726667165756226,5.48161202049597e-21,1.16969753327645e-10,1.03998726297405e-10
0.727273225784302,-7.82586419176854e-22,1.24935938330961e-11,1.87470768076015e-11
0.727879285812378,-4.68332497214227e-21,-1.80427575657838e-10,-1.95551852488762e-10
0.728485345840454,5.48160273086996e-21,1.16970197416855e-10,1.0399923283666e-10
0.72909140586853,-7.83208874607284e-22,1.24928921374501e-11,1.87463707751467e-11
0.729697465896606,-4.68301397161899e-21,-1.80427325857657e-10,-1.95551644321945e-10
0.730303525924683,5.4820147055891e-21,1.16970655383852e-10,1.03999739375915e-10
0.730909585952759,-7.82992991776518e-22,1.24921913091658e-11,1.8745664742692e-11
0.731515645980835,-4.68460249766839e-21,-1.80427076057477e-10,-1.95551450032916e-10
0.732121706008911,5.48216212791507e-21,1.1697111335085e-10,1.0400024591517e-10
0.732727766036987,-7.82486707158434e-22,1.24914904808815e-11,1.87449587102373e-11
0.733333826065063,-4.6836735350664e-21,-1.80426840135084e-10,-1.95551241866099e-10
0.73393988609314,5.48144844229867e-21,1.16971571317848e-10,1.04000745515531e-10
0.734545946121216,-7.82604089661131e-22,1.24907887852355e-11,1.87442526777826e-11
0.735152006149292,-4.68330881627093e-21,-1.80426590334903e-10,-1.95551047577069e-10
0.735758066177368,5.48080463082581e-21,1.16972015407057e-10,1.04001252054786e-10
0.736364126205444,-7.83304749606261e-22,1.24900879569512e-11,1.87435466453278e-11
0.736970186233521,-4.68289320648073e-21,-1.80426340534723e-10,-1.95550839410252e-10
0.737576246261597,5.48207407841627e-21,1.16972473374055e-10,1.04001758594041e-10
0.738182306289673,-7.83188629281013e-22,1.24893862613051e-11,1.87428388781496e-11
0.738788366317749,-4.6830236651418e-21,-1.80426090734542e-10,-1.95550645121223e-10
0.739394426345825,5.48218595782529e-21,1.16972931341053e-10,1.04002265133296e-10
0.740000486373901,-7.82726369412328e-22,1.24886854330208e-11,1.87421328456949e-11
0.740606546401978,-4.68354469199248e-21,-1.80425840934362e-10,-1.95550436954406e-10
0.741212606430054,5.48214031748876e-21,1.1697338930805e-10,1.04002771672551e-10
0.74181866645813,-7.82106690772284e-22,1.24879837373748e-11,1.87414268132402e-11
0.742424726486206,-4.68436904532754e-21,-1.80425605011969e-10,-1.95550242665377e-10
0.743030786514282,5.48194806261982e-21,1.16973847275048e-10,1.04003278211806e-10
0.743636846542358,-7.82560973679495e-22,1.24872829090905e-11,1.87407207807855e-11
0.744242906570435,-4.68361537392958e-21,-1.80425355211788e-10,-1.95550034498559e-10
0.744848966598511,5.481929079471e-21,1.16974291364258e-10,1.04003777812167e-10
0.745455026626587,-7.82741667003002e-22,1.24865812134445e-11,1.87400147483308e-11
0.746061086654663,-4.68238591212069e-21,-1.80425105411608e-10,-1.9554984020953e-10
0.746667146682739,5.48239921532696e-21,1.16974749331256e-10,1.04004284351422e-10
0.747273206710815,-7.83287483018768e-22,1.24858803851602e-11,1.8739308715876e-11
0.747879266738892,-4.68286735708659e-21,-1.80424855611427e-10,-1.95549632042713e-10
0.748485326766968,5.48265205471342e-21,1.16975207298253e-10,1.04004790890677e-10
0.749091386795044,-7.82982238024658e-22,1.24851786895142e-11,1.87386009486978e-11
0.74969744682312,-4.68448779098189e-21,-1.80424619689035e-10,-1.95549437753684e-10
0.750303506851196,5.48228491253724e-21,1.16975665265251e-10,1.04005297429932e-10
0.750909566879272,-7.82265068798503e-22,1.24844778612299e-11,1.87378949162431e-11
0.751515626907349,-4.68356650241878e-21,-1.80424369888854e-10,-1.95549229586867e-10
0.752121686935425,5.48137493308408e-21,1.16976109354461e-10,1.04005803969187e-10
0.752727746963501,-7.83548097418304e-22,1.24837761655838e-11,1.87371888837884e-11
0.753333806991577,-4.68255837604723e-21,-1.80424120088674e-10,-1.95549035297837e-10
0.753939867019653,5.48209265766831e-21,1.16976567321458e-10,1.04006303569548e-10
0.754545927047729,-7.842398211471e-22,1.24830753372995e-11,1.87364828513337e-11
0.755151987075806,-4.6829869105345e-21,-1.80423870288493e-10,-1.9554882713102e-10
0.755758047103882,5.48300950336679e-21,1.16977025288456e-10,1.04006810108803e-10
0.756364107131958,-7.8274121261912e-22,1.24823736416535e-11,1.87357768188789e-11
0.756970167160034,-4.68355600110241e-21,-1.804236343661e-10,-1.95548632841991e-10
0.75757622718811,5.48236326851324e-21,1.16977483255454e-10,1.04007316648058e-10
0.758182287216187,-7.82504731052397e-22,1.24816728133692e-11,1.87350707864242e-11
0.758788347244263,-4.68329750716099e-21,-1.8042338456592e-10,-1.95548424675174e-10
0.759394407272339,5.48099325062369e-21,1.16977941222451e-10,1.04007823187313e-10
0.760000467300415,-7.82796546478456e-22,1.24809711177232e-11,1.8734363019246e-11
0.760606527328491,-4.68169524862095e-21,-1.80423134765739e-10,-1.95548230386144e-10
0.761212587356567,5.48239558025591e-21,1.16978385311661e-10,1.04008329726568e-10
0.761818647384644,-7.83955477811534e-22,1.24802702894389e-11,1.87336569867913e-11
0.762424767017365,-4.68303537814852e-21,-1.80422884965559e-10,-1.95548022219327e-10
0.763030827045441,5.48270496519205e-21,1.16978843278659e-10,1.04008836265823e-10
0.763636887073517,-7.83739746442062e-22,1.24795685937928e-11,1.87329509543366e-11
0.764242947101593,-4.68368524807312e-21,-1.80422649043166e-10,-1.95547827930298e-10
0.764849007129669,5.48213223955309e-21,1.16979301245657e-10,1.04009335866184e-10
0.765455067157745,-7.82965779230731e-22,1.24788677655086e-11,1.87322449218819e-11
0.766061127185822,-4.68239075888209e-21,-1.80422399242985e-10,-1.95547619763481e-10
0.766667187213898,5.48130667452767e-21,1.16979759212654e-10,1.04009842405439e-10
0.767273247241974,-7.83126580637652e-22,1.24781660698625e-11,1.87315388894271e-11
0.76787930727005,-4.68277203744569e-21,-1.80422149442805e-10,-1.95547425474452e-10
0.768485367298126,5.48183537541724e-21,1.16980203301864e-10,1.04010348944694e-10
0.769091427326202,-7.83041964261514e-22,1.24774652415782e-11,1.87308328569724e-11
0.769697487354279,-4.68263188526183e-21,-1.80421899642624e-10,-1.95547217307634e-10
0.770303547382355,5.48219847862558e-21,1.16980661268862e-10,1.04010855483949e-10
0.770909607410431,-7.83638469323606e-22,1.24767644132939e-11,1.87301250897942e-11
0.771515667438507,-4.68231401849323e-21,-1.80421663720232e-10,-1.95547023018605e-10
0.772121727466583,5.48202399521512e-21,1.16981119235859e-10,1.04011362023204e-10
0.772727787494659,-7.83030907587066e-22,1.24760627176479e-11,1.87294190573395e-11
0.773333847522736,-4.68354994265066e-21,-1.80421413920051e-10,-1.95546814851788e-10
0.773939907550812,5.48165119848397e-21,1.16981577202857e-10,1.04011861623565e-10
0.774545967578888,-7.82694108156748e-22,1.24753618893636e-11,1.87287130248848e-11
0.775152027606964,-4.68290855455851e-21,-1.80421164119871e-10,-1.95546620562759e-10
0.77575808763504,5.48256642859532e-21,1.16982035169855e-10,1.0401236816282e-10
0.776364147663116,-7.83558194837891e-22,1.24746601937176e-11,1.872800699243e-11
0.776970207691193,-4.68299821964444e-21,-1.8042091431969e-10,-1.95546412395942e-10
0.777576267719269,5.48254340647866e-21,1.16982479259065e-10,1.04012874702075e-10
0.778182327747345,-7.83308889548292e-22,1.24739593654333e-11,1.87273009599753e-11
0.778788387775421,-4.68287705060939e-21,-1.80420678397297e-10,-1.95546218106912e-10
0.779394447803497,5.48268800152715e-21,1.16982937226062e-10,1.0401338124133e-10
0.780000507831573,-7.83077961562341e-22,1.24732576697872e-11,1.87265949275206e-11
0.78060656785965,-4.68299054560555e-21,-1.80420428597117e-10,-1.95546023817883e-10
0.781212627887726,5.48211527588818e-21,1.1698339519306e-10,1.04013887780585e-10
0.781818687915802,-7.83200342287733e-22,1.24725568415029e-11,1.87258871603424e-11
0.782424747943878,-4.68214195846347e-21,-1.80420178796936e-10,-1.95545815651066e-10
0.783030807971954,5.48193069505814e-21,1.16983853160058e-10,1.0401439431984e-10
0.783636868000031,-7.83471609464934e-22,1.24718551458569e-11,1.87251811278877e-11
0.784242928028107,-4.68235925493298e-21,-1.80419928996756e-10,-1.95545621362037e-10
0.784848988056183,5.48211769926888e-21,1.16984297249267e-10,1.04014893920201e-10
0.785455048084259,-7.83143948199341e-22,1.24711543175726e-11,1.8724475095433e-11
0.786061108112335,-4.6832777162186e-21,-1.80419693074363e-10,-1.95545413195219e-10
0.786667168140411,5.4828285576078e-21,1.16984755216265e-10,1.04015400459456e-10
0.787273228168488,-7.83467368548707e-22,1.24704526219266e-11,1.87237690629782e-11
0.787879288196564,-4.68252808378847e-21,-1.80419443274182e-10,-1.9554521890619e-10
0.78848534822464,5.4826108572415e-21,1.16985213183263e-10,1.04015906998711e-10
0.789091408252716,-7.83681282382654e-22,1.24697517936423e-11,1.87230630305235e-11
0.789697468280792,-4.68251354350427e-21,-1.80419193474002e-10,-1.95545010739373e-10
0.790303528308868,5.48135150707063e-21,1.1698567115026e-10,1.04016413537966e-10
0.790909588336945,-7.82576473218561e-22,1.24690500979963e-11,1.87223569980688e-11
0.791515648365021,-4.68306688209763e-21,-1.80418943673821e-10,-1.95544816450344e-10
0.792121708393097,5.48173278563423e-21,1.16986129117258e-10,1.04016920077221e-10
0.792727768421173,-7.83629230184684e-22,1.2468349269712e-11,1.87216492308906e-11
0.793333828449249,-4.68267591001123e-21,-1.80418707751429e-10,-1.95544608283527e-10
0.793939888477325,5.48287258235719e-21,1.16986573206468e-10,1.04017419677582e-10
0.794545948505402,-7.83598433054944e-22,1.24676475740659e-11,1.87209431984359e-11
0.795152008533478,-4.68324944344376e-21,-1.80418457951248e-10,-1.95544413994497e-10
0.795758068561554,5.48180427536491e-21,1.16987031173466e-10,1.04017926216837e-10
0.79636412858963,-7.83217558388129e-22,1.24669467457816e-11,1.87202371659811e-11
0.796970188617706,-4.68324823175341e-21,-1.80418208151067e-10,-1.9554420582768e-10
0.797576248645782,5.48194483144556e-21,1.16987489140463e-10,1.04018432756092e-10
0.798182308673859,-7.84034894016585e-22,1.24662450501356e-11,1.87195311335264e-11
0.798788368701935,-4.6831262549248e-21,-1.80417958350887e-10,-1.95544011538651e-10
0.799394488334656,5.48209669663614e-21,1.16987947107461e-10,1.04018939295347e-10
0.800000548362732,-7.8337199842071e-22,1.24655442218513e-11,1.87188251010717e-11
0.800606608390808,-4.68270418278607e-21,-1.80417722428494e-10,-1.95543803371834e-10
0.801212668418884,5.48285077193089e-21,1.16988391196671e-10,1.04019445834602e-10
0.80181872844696,-7.83489178975015e-22,1.24648425262053e-11,1.8718119068617e-11
0.802424788475037,-4.683810456076e-21,-1.80417472628314e-10,-1.95543609082804e-10
0.803030848503113,5.48211810316567e-21,1.16988849163668e-10,1.04019945434963e-10
0.803636908531189,-7.83127438918317e-22,1.2464141697921e-11,1.87174113014388e-11
0.804242968559265,-4.68232088473855e-21,-1.80417222828133e-10,-1.95543400915987e-10
0.804849028587341,5.48236851917142e-21,1.16989307130666e-10,1.04020451974218e-10
0.805455088615417,-7.83665883817784e-22,1.2463440002275e-11,1.87167052689841e-11
0.806061148643494,-4.68226716646635e-21,-1.80416973027953e-10,-1.95543206626958e-10
0.80666720867157,5.48296143964956e-21,1.16989765097664e-10,1.04020958513473e-10
0.807273268699646,-7.8326617746344e-22,1.24627391739907e-11,1.87159992365293e-11
0.807879328727722,-4.68311777309234e-21,-1.80416723227772e-10,-1.95542998460141e-10
0.808485388755798,5.48236488410037e-21,1.16990209186874e-10,1.04021465052728e-10
0.809091448783875,-7.8343601606089e-22,1.24620374783446e-11,1.87152932040746e-11
0.809697508811951,-4.68397363037652e-21,-1.80416487305379e-10,-1.95542804171112e-10
0.810303568840027,5.48222352022615e-21,1.16990667153871e-10,1.04021971591983e-10
0.810909628868103,-7.83425464257422e-22,1.24613366500603e-11,1.87145871716199e-11
0.811515688896179,-4.68193273992963e-21,-1.80416237505199e-10,-1.95542596004294e-10
0.812121748924255,5.48176630906726e-21,1.16991125120869e-10,1.04022478131238e-10
0.812727808952332,-7.84421827135152e-22,1.24606349544143e-11,1.87138811391652e-11
0.813333868980408,-4.68266783207556e-21,-1.80415987705018e-10,-1.95542401715265e-10
0.813939929008484,5.48263266766781e-21,1.16991583087867e-10,1.04022977731599e-10
0.81454598903656,-7.84285713919122e-22,1.245993412613e-11,1.8713173371987e-11
0.815152049064636,-4.6826399631975e-21,-1.80415737904838e-10,-1.95542193548448e-10
0.815758109092712,5.48238548283633e-21,1.16992041054864e-10,1.04023484270854e-10
0.816364169120789,-7.83551278105474e-22,1.2459232430484e-11,1.87124673395322e-11
0.816970229148865,-4.68336051505921e-21,-1.80415501982445e-10,-1.95541999259419e-10
0.817576289176941,5.48199854971776e-21,1.16992485144074e-10,1.04023990810109e-10
0.818182349205017,-7.83321965706657e-22,1.24585316021997e-11,1.87117613070775e-11
0.818788409233093,-4.68219365725176e-21,-1.80415252182264e-10,-1.95541791092602e-10
0.819394469261169,5.4820147055891e-21,1.16992943111072e-10,1.04024497349364e-10
0.820000529289246,-7.84168785800306e-22,1.24578299065536e-11,1.87110552746228e-11
0.820606589317322,-4.68154419122393e-21,-1.80415002382084e-10,-1.95541596803572e-10
0.821212649345398,5.48251957656844e-21,1.16993401078069e-10,1.04025003888619e-10
0.821818709373474,-7.84089672517843e-22,1.24571290782693e-11,1.87103492421681e-11
0.82242476940155,-4.68343644765451e-21,-1.80414752581903e-10,-1.95541388636755e-10
0.823030829429626,5.48269527166925e-21,1.16993859045067e-10,1.0402550348898e-10
0.823636889457703,-7.82589801812416e-22,1.24564273826233e-11,1.87096414749899e-11
0.824242949485779,-4.68361941289742e-21,-1.80414516659511e-10,-1.95541194347726e-10
0.824849009513855,5.48227279563374e-21,1.16994303134277e-10,1.04026010028235e-10
0.825455069541931,-7.83390022314672e-22,1.2455726554339e-11,1.87089354425352e-11
0.826061129570007,-4.68232330811925e-21,-1.8041426685933e-10,-1.95540986180909e-10
0.826667189598083,5.48283905892417e-21,1.16994761101274e-10,1.0402651656749e-10
0.82727324962616,-7.83816840240607e-22,1.2455024858693e-11,1.87082294100804e-11
0.827879309654236,-4.68224939500788e-21,-1.8041401705915e-10,-1.95540791891879e-10
0.828485369682312,5.48295901626886e-21,1.16995219068272e-10,1.04027023106745e-10
0.829091429710388,-7.83447577606317e-22,1.24543240304087e-11,1.87075233776257e-11
0.829697489738464,-4.68302891579998e-21,-1.80413767258969e-10,-1.95540583725062e-10
0.830303549766541,5.48319085302257e-21,1.1699567703527e-10,1.04027529646e-10
0.830909609794617,-7.82738839725517e-22,1.24536223347627e-11,1.8706817345171e-11
0.831515669822693,-4.68319895634582e-21,-1.80413531336576e-10,-1.95540389436033e-10
0.832121729850769,5.48219443965774e-21,1.1699612112448e-10,1.04028029246361e-10
0.832727789878845,-7.83428342022004e-22,1.24529215064784e-11,1.87061113127163e-11
0.833333849906921,-4.68217103903188e-21,-1.80413281536396e-10,-1.95540181269216e-10
0.833939909934998,5.48214879932121e-21,1.16996579091477e-10,1.04028535785616e-10
0.834545969963074,-7.84604943839359e-22,1.24522198108323e-11,1.87054035455381e-11
0.83515202999115,-4.68210358826904e-21,-1.80413031736215e-10,-1.95539986980187e-10
0.835758090019226,5.4828285576078e-21,1.16997037058475e-10,1.04029042324871e-10
0.836364209651947,-7.84703040270645e-22,1.2451518982548e-11,1.87046975130833e-11
0.836970269680023,-4.6825688773636e-21,-1.80412781936035e-10,-1.95539778813369e-10
0.837576329708099,5.48224492675568e-21,1.16997495025473e-10,1.04029548864126e-10
0.838182389736176,-7.83312878029029e-22,1.2450817286902e-11,1.87039914806286e-11
0.838788449764252,-4.68196141660126e-21,-1.80412546013642e-10,-1.9553958452434e-10
0.839394509792328,5.481968257459e-21,1.1699795299247e-10,1.04030055403381e-10
0.840000569820404,-7.83497458859076e-22,1.24501164586177e-11,1.87032854481739e-11
0.84060662984848,-4.68195414645916e-21,-1.80412296213461e-10,-1.95539376357523e-10
0.841212689876556,5.48158051654686e-21,1.1699839708168e-10,1.04030555003742e-10
0.841818749904633,-7.84463024607066e-22,1.24494147629717e-11,1.87025794157192e-11
0.842424809932709,-4.68128408169538e-21,-1.80412046413281e-10,-1.95539182068494e-10
0.843030869960785,5.48276393412244e-21,1.16998855048678e-10,1.04031061542997e-10
0.843636929988861,-7.84752164216935e-22,1.24487139346874e-11,1.8701871648541e-11
0.844242990016937,-4.68367878572459e-21,-1.804117966131e-10,-1.95538973901677e-10
0.844849050045013,5.48324537908834e-21,1.16999313015675e-10,1.04031568082252e-10
0.84545511007309,-7.83581974261018e-22,1.24480122390414e-11,1.87011656160863e-11
0.846061170101166,-4.68268196846298e-21,-1.8041154681292e-10,-1.95538779612647e-10
0.846667230129242,5.4820340926347e-21,1.16999770982673e-10,1.04032074621507e-10
0.847273290157318,-7.83462471300208e-22,1.24473114107571e-11,1.87004595836315e-11
0.847879350185394,-4.68191173729689e-21,-1.80411310890527e-10,-1.9553857144583e-10
0.84848541021347,5.48179417794532e-21,1.17000215071883e-10,1.04032581160762e-10
0.849091470241547,-7.84744187255462e-22,1.2446609715111e-11,1.86997535511768e-11
0.849697530269623,-4.68260522807412e-21,-1.80411061090346e-10,-1.95538377156801e-10
0.850303590297699,5.48291054865484e-21,1.17000673038881e-10,1.04033080761123e-10
0.850909650325775,-7.84988999193344e-22,1.24459088868267e-11,1.86990475187221e-11
0.851515710353851,-4.68235440817158e-21,-1.80410811290166e-10,-1.95538168989984e-10
0.852121770381927,5.48285844596977e-21,1.17001131005878e-10,1.04033587300378e-10
0.852727830410004,-7.8419776539452e-22,1.24452071911807e-11,1.86983397515439e-11
0.85333389043808,-4.6824222628312e-21,-1.80410561489985e-10,-1.95537974700954e-10
0.853939950466156,5.48285400310515e-21,1.17001588972876e-10,1.04034093839633e-10
0.854546010494232,-7.8402207029371e-22,1.24445063628964e-11,1.86976337190892e-11
0.855152070522308,-4.68208702850092e-21,-1.80410325567593e-10,-1.95537766534137e-10
0.855758130550385,5.48195856393619e-21,1.17002033062086e-10,1.04034600378888e-10
0.856364190578461,-7.83776147639672e-22,1.24438046672504e-11,1.86969276866344e-11
0.856970250606537,-4.68214195846347e-21,-1.80410075767412e-10,-1.95537572245108e-10
0.857576310634613,5.48275383670285e-21,1.17002491029083e-10,1.04035106918143e-10
0.858182370662689,-7.83813306143752e-22,1.24431038389661e-11,1.86962216541797e-11
0.858788430690765,-4.68175825651917e-21,-1.80409825967232e-10,-1.95537364078291e-10
0.859394490718842,5.48349660288766e-21,1.17002948996081e-10,1.04035606518504e-10
0.860000550746918,-7.8371803698995e-22,1.244240214332e-11,1.8695515621725e-11
0.860606610774994,-4.68120895689365e-21,-1.80409576167051e-10,-1.95537169789262e-10
0.86121267080307,5.48323689725589e-21,1.17003406963079e-10,1.04036113057759e-10
0.861818730831146,-7.83267591102182e-22,1.24417013150357e-11,1.86948095892703e-11
0.862424790859222,-4.68230634445435e-21,-1.80409340244658e-10,-1.95536961622444e-10
0.863030850887299,5.48207973297124e-21,1.17003864930076e-10,1.04036619597014e-10
0.863636910915375,-7.8354673426666e-22,1.24409996193897e-11,1.86941018220921e-11
0.864242970943451,-4.6827352828384e-21,-1.80409090444478e-10,-1.95536767333415e-10
0.864849030971527,5.48344046123476e-21,1.17004309019286e-10,1.04037126136269e-10
0.865455090999603,-7.85187161052736e-22,1.24402987911054e-11,1.86933957896374e-11
0.866061151027679,-4.68068591055905e-21,-1.80408840644297e-10,-1.95536559166598e-10
0.866667211055756,5.48415091567689e-21,1.17004766986284e-10,1.04037632675524e-10
0.867273271083832,-7.84142280073891e-22,1.24395970954594e-11,1.86926897571826e-11
0.867879331111908,-4.68228453402804e-21,-1.80408590844117e-10,-1.95536364877569e-10
0.868485391139984,5.48322478035238e-21,1.17005224953282e-10,1.04038132275885e-10
0.86909145116806,-7.83132033244229e-22,1.24388962671751e-11,1.86919837247279e-11
0.869697511196136,-4.68131881681876e-21,-1.80408341043936e-10,-1.95536156710752e-10
0.870303571224213,5.48295659288816e-21,1.17005682920279e-10,1.0403863881514e-10
0.870909631252289,-7.84513107808217e-22,1.24381945715291e-11,1.86912776922732e-11
0.871515691280365,-4.68097267727532e-21,-1.80408105121543e-10,-1.95535962421722e-10
0.872121751308441,5.48311330484014e-21,1.17006127009489e-10,1.04039145354395e-10
0.872727811336517,-7.8433781660419e-22,1.24374937432448e-11,1.8690569925095e-11
0.873333871364594,-4.68260361248698e-21,-1.80407855321363e-10,-1.95535754254905e-10
0.873939990997314,5.48344450020259e-21,1.17006584976487e-10,1.0403965189365e-10
0.874546051025391,-7.83743835896994e-22,1.24367920475987e-11,1.86898638926403e-11
0.875152111053467,-4.68067621703625e-21,-1.80407605521182e-10,-1.95535559965876e-10
0.875758171081543,5.48291054865484e-21,1.17007042943484e-10,1.04040158432905e-10
0.876364231109619,-7.83763273429699e-22,1.24360912193144e-11,1.86891578601855e-11
0.876970291137695,-4.68020406169637e-21,-1.80407355721002e-10,-1.95535351799059e-10
0.877576351165771,5.48415414685116e-21,1.17007500910482e-10,1.04040658033266e-10
0.878182411193848,-7.84277837931844e-22,1.24353895236684e-11,1.86884518277308e-11
0.878788471221924,-4.68231684577072e-21,-1.80407119798609e-10,-1.95535157510029e-10
0.87939453125,5.4837401526481e-21,1.17007944999692e-10,1.04041164572521e-10
0.880000591278076,-7.83015761457686e-22,1.24346886953841e-11,1.86877457952761e-11
0.880606651306152,-4.68079617438094e-21,-1.80406869998428e-10,-1.95534949343212e-10
0.881212711334229,5.48301717740568e-21,1.1700840296669e-10,1.04041671111776e-10
0.881818771362305,-7.83930335236763e-22,1.24339869997381e-11,1.86870380280979e-11
0.882424831390381,-4.68042176206266e-21,-1.80406620198248e-10,-1.95534755054183e-10
0.883030891418457,5.48371187987325e-21,1.17008860933687e-10,1.04042177651031e-10
0.883636951446533,-7.84336604913839e-22,1.24332861714538e-11,1.86863319956432e-11
0.884243011474609,-4.68104255141886e-21,-1.80406370398067e-10,-1.95534546887366e-10
0.884849071502686,5.48446918634226e-21,1.17009318900685e-10,1.04042684190286e-10
0.885455131530762,-7.83958658498704e-22,1.24325844758078e-11,1.86856259631885e-11
0.886061191558838,-4.68166334077506e-21,-1.80406134475675e-10,-1.95534352598337e-10
0.886667251586914,5.48426885353766e-21,1.17009776867683e-10,1.04043183790647e-10
0.88727331161499,-7.82334185635575e-22,1.24318827801617e-11,1.86849199307337e-11
0.887879371643066,-4.6817429084414e-21,-1.80405884675494e-10,-1.9553414443152e-10
0.888485431671143,5.48238023217814e-21,1.17010220956892e-10,1.04043690329902e-10
0.889091491699219,-7.82828807734036e-22,1.24311819518774e-11,1.8684213898279e-11
0.889697551727295,-4.68071337554033e-21,-1.80405634875314e-10,-1.9553395014249e-10
0.890303611755371,5.48339603258858e-21,1.1701067892389e-10,1.04044196869157e-10
0.890909671783447,-7.84796996759901e-22,1.24304802562314e-11,1.86835061311008e-11
0.891515731811523,-4.68061684420908e-21,-1.80405385075133e-10,-1.95533741975673e-10
0.8921217918396,5.48415576243829e-21,1.17011136890888e-10,1.04044703408412e-10
0.892727851867676,-7.83942553114463e-22,1.24297794279471e-11,1.86828000986461e-11
0.893333911895752,-4.68223647031081e-21,-1.8040514915274e-10,-1.95533547686644e-10
0.893939971923828,5.48396754653719e-21,1.17011594857885e-10,1.04045209947667e-10
0.894546031951904,-7.83120774621389e-22,1.24290777323011e-11,1.86820940661914e-11
0.89515209197998,-4.68100902798583e-21,-1.8040489935256e-10,-1.95533339519827e-10
0.895758152008057,5.48298203838552e-21,1.17012038947095e-10,1.04045709548028e-10
0.896364212036133,-7.83689511779617e-22,1.24283769040168e-11,1.86813880337366e-11
0.896970272064209,-4.68111929180772e-21,-1.80404649552379e-10,-1.95533145230797e-10
0.897576332092285,5.4836690668142e-21,1.17012496914093e-10,1.04046216087283e-10
0.898182392120361,-7.83580308186786e-22,1.24276752083707e-11,1.86806820012819e-11
0.898788452148438,-4.68043751403722e-21,-1.80404399752199e-10,-1.9553293706398e-10
0.899394512176514,5.484852080493e-21,1.17012954881091e-10,1.04046722626538e-10
0.90000057220459,-7.84065539685031e-22,1.24269743800864e-11,1.86799742341037e-11
0.900606632232666,-4.68042903220476e-21,-1.80404149952018e-10,-1.95532742774951e-10
0.901212692260742,5.48438557970809e-21,1.17013412848088e-10,1.04047229165793e-10
0.901818752288818,-7.83309041009586e-22,1.24262726844404e-11,1.8679268201649e-11
0.902424812316895,-4.68142382998246e-21,-1.80403914029625e-10,-1.95532534608134e-10
0.903030872344971,5.48386939961881e-21,1.17013856937298e-10,1.04047735705048e-10
0.903636932373047,-7.82812247965914e-22,1.24255718561561e-11,1.86785621691943e-11
0.904242992401123,-4.6812469231913e-21,-1.80403664229445e-10,-1.95532340319104e-10
0.904849052429199,5.48347438856457e-21,1.17014314904296e-10,1.0404823530541e-10
0.905455112457275,-7.83609287781e-22,1.24248701605101e-11,1.86778561367396e-11
0.906061172485352,-4.67998716912364e-21,-1.80403414429264e-10,-1.95532132152287e-10
0.906667232513428,5.48505120160725e-21,1.17014772871293e-10,1.04048741844665e-10
0.907273292541504,-7.84164948780863e-22,1.24241693322258e-11,1.86771501042848e-11
0.90787935256958,-4.67979612594506e-21,-1.80403164629084e-10,-1.95531937863258e-10
0.908485412597656,5.48527657601243e-21,1.17015230838291e-10,1.04049248383919e-10
0.909090995788574,3.01146734227294e-21,1.25440604084592e-11,1.88006051698997e-11
