Time,U1,U2,U3
0.0,0.0,0.0,0.0
0.00833333004266024,-9.73281145907136e-21,-5.72961411648976e-09,-8.17955481124955e-09
0.0166666600853205,6.33655698262109e-20,-4.79004169662289e-09,-6.8598273728071e-09
0.0249999891966581,-1.04483251123104e-19,8.67425520301168e-10,1.26075183626284e-09
0.0333333201706409,1.37093437981027e-19,-5.69968783281638e-09,-8.15517697816404e-09
0.0416666492819786,-8.49533359149683e-20,-4.81308992661411e-09,-6.87848755731579e-09
0.0499999783933163,1.27463621009535e-19,8.84365747300109e-10,1.27430954677266e-09
0.0583333112299442,-4.02746679304283e-20,-5.71135361226993e-09,-8.16431544592433e-09
0.0666666403412819,1.76378313222701e-19,-4.80592010632108e-09,-6.87311985103634e-09
0.0749999731779099,-1.64078757899497e-19,8.80980288719968e-10,1.27211108313929e-09
0.0833332985639572,1.39981978529456e-19,-5.71111824498871e-09,-8.1647515415284e-09
0.0916666314005852,-7.96362641739172e-20,-4.80356643350888e-09,-6.87052015280187e-09
0.0999999567866325,1.00245262340523e-19,8.7653317937253e-10,1.26776433795328e-09
0.10833328962326,-2.0386388354131e-19,-5.70502400876194e-09,-8.15903966611131e-09
0.116666622459888,2.16711601116696e-19,-4.81090944859375e-09,-6.87725121295557e-09
0.124999947845936,-2.06801938604219e-19,8.84773199150146e-10,1.27520605186504e-09
0.133333280682564,7.52001850216748e-20,-5.71386937764373e-09,-8.16694090133296e-09
0.141666606068611,-1.033919672506e-19,-4.80170214700593e-09,-6.86909729097351e-09
0.14999994635582,1.85433407689531e-20,8.75401640065832e-10,1.26696209079569e-09
0.158333271741867,-1.18206345506421e-19,-5.70450886527851e-09,-8.15875811355227e-09
0.166666597127914,5.046529720136e-20,-4.81090323134481e-09,-6.87708823221556e-09
0.174999937415123,-1.60335364962086e-19,8.84317397087386e-10,1.27464783172826e-09
0.18333326280117,-1.26305245034534e-20,-5.71305136531919e-09,-8.16606515741114e-09
0.191666588187218,-2.13581313803074e-20,-4.80279505055137e-09,-6.87020662581972e-09
0.199999913573265,-7.58747960476516e-20,8.76680728012502e-10,1.26821408930056e-09
0.208333253860474,-2.98705969808894e-20,-5.70591796034137e-09,-8.16010370385811e-09
0.216666579246521,5.14207101959044e-20,-4.80939954528026e-09,-6.87567291990376e-09
0.224999904632568,-9.10049650425993e-21,8.82739714658243e-10,1.27316879261485e-09
0.233333244919777,6.59497127559821e-21,-5.7114335483277e-09,-8.16455258956239e-09
0.241666570305824,-7.45022029122192e-21,-4.80440842665075e-09,-6.87170631508138e-09
0.249999895691872,-7.79306565249241e-20,8.7824642003298e-10,1.26965138402824e-09
0.25833323597908,2.82590778953999e-20,-5.70741498506777e-09,-8.16145906412657e-09
0.266666561365128,3.02347664767402e-20,-4.80797002211375e-09,-6.87438861390888e-09
0.274999886751175,-2.74577402146406e-20,8.81369144334343e-10,1.27193733323594e-09
0.283333212137222,1.826559710683e-20,-5.71012703787233e-09,-8.16337575315629e-09
0.29166653752327,6.35400645457812e-21,-4.80562922788863e-09,-6.87279921862682e-09
0.299999892711639,-6.78029414481604e-20,8.79359252081713e-10,1.27063215504819e-09
0.308333218097687,1.91305711492061e-20,-5.70841640623598e-09,-8.16232414990736e-09
0.316666543483734,4.8728620196195e-21,-4.80706230376882e-09,-6.87361501050532e-09
0.324999868869781,-1.17638710582515e-20,8.80534201108674e-10,1.27122490312104e-09
0.333333194255829,4.43710181889814e-21,-5.70935920762849e-09,-8.16271761294729e-09
0.341666519641876,5.73553465812345e-20,-4.80631712207469e-09,-6.8733840841162e-09
0.349999874830246,-4.50259449013188e-20,8.79953387933341e-10,1.27112087522363e-09
0.358333200216293,0.0,-5.70891822704311e-09,-8.16271672476887e-09
0.366666525602341,3.10229968990822e-21,-4.80663064905684e-09,-6.87328771675766e-09
0.374999850988388,-3.0129727463643e-20,8.80148842696826e-10,1.27093191526484e-09
0.383333176374435,-1.31541023662181e-21,-5.70901148577718e-09,-8.16244849488612e-09
0.391666501760483,2.70134941424985e-20,-4.8066151059345e-09,-6.87360879325638e-09
0.39999982714653,-4.08796794626769e-20,8.80188366636503e-10,1.27128063631687e-09
0.4083331823349,9.44844873646065e-21,-5.70909186592417e-09,-8.16281175985978e-09
0.416666507720947,3.94306528999401e-20,-4.80649653411547e-09,-6.87322909698196e-09
0.424999833106995,-3.47040071704928e-20,8.80031492123123e-10,1.27087895762656e-09
0.433333158493042,1.34242358051471e-20,-5.70890357209919e-09,-8.16239253964568e-09
0.441666483879089,2.82250180874432e-20,-4.806700815152e-09,-6.87364742901764e-09
0.449999809265137,-3.46863908083849e-20,8.80236328271167e-10,1.27127819382622e-09
0.458333164453506,6.75278101904327e-21,-5.70910207997599e-09,-8.16276646276037e-09
0.466666489839554,4.09303992051583e-20,-4.80650363954283e-09,-6.87328904902529e-09
0.474999815225601,-4.25155939138882e-20,8.80035100347953e-10,1.27092536494899e-09
0.483333140611649,4.18294532503304e-21,-5.70889779893946e-09,-8.16241829681985e-09
0.491666465997696,2.58595674944642e-20,-4.80670037106279e-09,-6.87361945139742e-09
0.499999791383743,-3.83879044961117e-20,8.80213513188011e-10,1.2712233488088e-09
0.508333146572113,-9.84408845604088e-22,-5.70905500651975e-09,-8.1626820858105e-09
0.51666647195816,2.74237094872523e-20,-4.8065564861588e-09,-6.87337875504568e-09
0.524999797344208,-3.7829105218241e-20,8.80073791620362e-10,1.27099164526356e-09
0.533333122730255,8.80281245793671e-21,-5.70891822704311e-09,-8.1624564884919e-09
0.541666448116302,2.8595691937095e-20,-4.80668216340518e-09,-6.87358658879589e-09
0.54999977350235,-3.44944719815755e-20,8.8017920729655e-10,1.27116939196981e-09
0.558333098888397,5.16742798277431e-21,-5.70900215990378e-09,-8.16260214975273e-09
0.566666424274445,2.92465409075064e-20,-4.80661022095319e-09,-6.87345824701424e-09
0.574999749660492,-3.77171417986879e-20,8.80109762846359e-10,1.27104526903565e-09
0.583333075046539,5.97249039967078e-21,-5.70893288198704e-09,-8.16247869295239e-09
0.591666400432587,2.94402142619432e-20,-4.80667150526415e-09,-6.87357060158433e-09
0.599999785423279,-3.61478186179615e-20,8.80154948923462e-10,1.27113353176611e-09
0.608333110809326,5.42500063563403e-21,-5.70896085960726e-09,-8.16254175362019e-09
0.616666436195374,2.77036390387676e-20,-4.80665152124971e-09,-6.87351908723599e-09
0.624999761581421,-3.62877930872419e-20,8.80132966507574e-10,1.27107957492711e-09
0.633333086967468,7.30335130384757e-21,-5.70893421425467e-09,-8.16248224566607e-09
0.641666412353516,2.90754211494588e-20,-4.80667416979941e-09,-6.87357282203038e-09
0.649999737739563,-3.61992524499561e-20,8.80143458115157e-10,1.27111554615311e-09
0.65833306312561,7.13214834306254e-21,-5.70893154971941e-09,-8.16249823287762e-09
0.666666388511658,2.91813099613884e-20,-4.80668127522677e-09,-6.87356305206777e-09
0.674999713897705,-3.47928709252055e-20,8.8014495691624e-10,1.27109867076314e-09
0.683333039283752,5.66147614390581e-21,-5.70892533247047e-09,-8.16247158752503e-09
0.6916663646698,2.91230906634314e-20,-4.80668704838649e-09,-6.87358880924194e-09
0.699999749660492,-3.59365256702424e-20,8.80141071135654e-10,1.27110977299338e-09
0.708333075046539,6.68041402455482e-21,-5.70891067752655e-09,-8.16246625845451e-09
0.716666400432587,2.92043029974779e-20,-4.80670347968726e-09,-6.87359724693692e-09
0.724999725818634,-3.56112207384846e-20,8.80150119453305e-10,1.27110855174806e-09
0.733333051204681,6.32429378770192e-21,-5.70891023343734e-09,-8.1624520475998e-09
0.741666376590729,2.93691801268402e-20,-4.80670481195489e-09,-6.87361190188085e-09
0.749999701976776,-3.54184327257972e-20,8.80143347092854e-10,1.2711106611718e-09
0.758333027362823,6.74035917346756e-21,-5.70889380213657e-09,-8.16243961310192e-09
0.766666352748871,2.9104262610973e-20,-4.80672213143407e-09,-6.87362655682477e-09
0.774999678134918,-3.57327161221276e-20,8.80152339899354e-10,1.27111399184088e-09
0.783333003520966,6.68712557740579e-21,-5.70889291395815e-09,-8.16242984313931e-09
0.791666328907013,2.88528643282423e-20,-4.80672479596933e-09,-6.87363810314423e-09
0.79999965429306,-3.56109525510204e-20,8.80147288384592e-10,1.27111421388548e-09
0.808333039283752,6.46604176775861e-21,-5.70887870310344e-09,-8.16241563228459e-09
0.8166663646698,2.92766360646366e-20,-4.80673989500247e-09,-6.87365364626658e-09
0.824999690055847,-3.57260372849161e-20,8.80153783189286e-10,1.27111776659916e-09
0.833333015441895,6.59227284118782e-21,-5.70887470630055e-09,-8.16240497414356e-09
0.841666340827942,2.90759155191218e-20,-4.80674522407298e-09,-6.87366563667524e-09
0.849999666213989,-3.57485036396e-20,8.80151396209783e-10,1.27111865477758e-09
0.858332991600037,6.39591397703773e-21,-5.70886315998109e-09,-8.16239253964568e-09
0.866666316986084,2.91384322788549e-20,-4.80675765857086e-09,-6.87368029161917e-09
0.874999642372131,-3.56355159378041e-20,8.80155448523823e-10,1.27112131931284e-09
0.883332967758179,6.49789427979365e-21,-5.70885694273215e-09,-8.16238099332622e-09
0.891666293144226,2.91342252899582e-20,-4.80676520808743e-09,-6.87369317020625e-09
0.899999618530273,-3.56102901602955e-20,8.80155115456915e-10,1.27112298464738e-09
0.908332943916321,6.39184794811851e-21,-5.70884717276954e-09,-8.16236855882835e-09
0.916666328907013,2.92099575524466e-20,-4.80677586622846e-09,-6.87370693697176e-09
0.92499965429306,-3.56151498463942e-20,8.8015755794757e-10,1.27112498304882e-09
0.933332979679108,6.42239950861398e-21,-5.70883962325297e-09,-8.16235701250889e-09
0.941666305065155,2.91712286976729e-20,-4.80678430392345e-09,-6.87372070373726e-09
0.949999630451202,-3.57011087754401e-20,8.80158390614838e-10,1.27112720349487e-09
0.95833295583725,6.41576671563579e-21,-5.70883118555798e-09,-8.16234546618944e-09
0.966666281223297,2.916351911587e-20,-4.80679407388607e-09,-6.87373402641356e-09
0.974999606609344,-3.56588773277602e-20,8.80160000438224e-10,1.27112886882941e-09
0.983332931995392,6.42678623157928e-21,-5.708822747863e-09,-8.16233303169156e-09
0.991666257381439,2.92009070333225e-20,-4.80680384384868e-09,-6.87374779317906e-09
0.999999582767487,-3.56604735278485e-20,8.80161388217005e-10,1.27113131132006e-09
1.00833296775818,6.4724669577901e-21,-5.70881475425722e-09,-8.1623214853721e-09
1.01666629314423,2.91951361560802e-20,-4.80681316972209e-09,-6.87376111585536e-09
1.02499961853027,-3.56812758277845e-20,8.80162720484634e-10,1.2711328656323e-09
1.03333294391632,6.44786398912161e-21,-5.70880631656223e-09,-8.16230905087423e-09
1.04166626930237,2.91709088114204e-20,-4.8068224955955e-09,-6.87377488262086e-09
1.04999959468842,-3.56521403294119e-20,8.80164219285717e-10,1.27113519710065e-09
1.05833292007446,6.45083303437693e-21,-5.70879787886724e-09,-8.16229750455477e-09
1.06666624546051,2.91960214978296e-20,-4.8068318214689e-09,-6.87378820529716e-09
1.07499957084656,-3.56641376794681e-20,8.80165496042196e-10,1.27113697345749e-09
1.0833328962326,6.44724643093968e-21,-5.70878944117226e-09,-8.1622850700569e-09
1.09166622161865,2.91971427153005e-20,-4.80684159143152e-09,-6.87380197206267e-09
1.0999995470047,-3.56974801667374e-20,8.80166994843279e-10,1.27113919390354e-09
1.10833287239075,6.45742382208964e-21,-5.70878100347727e-09,-8.16227352373744e-09
1.11666619777679,2.91764050388499e-20,-4.80685091730493e-09,-6.87381529473896e-09
1.12499952316284,-3.56615495088796e-20,8.80168327110908e-10,1.27114097026038e-09
1.13333284854889,6.45878939711456e-21,-5.70877256578228e-09,-8.16226108923956e-09
1.14166617393494,2.9191814508933e-20,-4.80686068726754e-09,-6.87382906150447e-09
1.14999949932098,-3.56727422965433e-20,8.8016977040084e-10,1.27114307968412e-09
1.15833282470703,6.46129517275923e-21,-5.70876457217651e-09,-8.16224954292011e-09
1.16666615009308,2.9195543284038e-20,-4.80687001314095e-09,-6.87384238418076e-09
1.17499947547913,-3.56725968937012e-20,8.80171158179621e-10,1.27114496706326e-09
1.18333280086517,6.45304961992463e-21,-5.70875613448152e-09,-8.16223710842223e-09
1.19166624546051,2.91902570829359e-20,-4.80687933901436e-09,-6.87385615094627e-09
1.19999957084656,-3.56398457113229e-20,8.80172545958402e-10,1.27114707648701e-09
1.2083328962326,6.45522218072293e-21,-5.70874769678653e-09,-8.16222556210278e-09
1.21666622161865,2.92031139253474e-20,-4.80688910897697e-09,-6.87386947362256e-09
1.2249995470047,-3.56847364154253e-20,8.80173933737183e-10,1.27114907488846e-09
1.23333287239075,6.4575054092399e-21,-5.70873925909154e-09,-8.1622131276049e-09
1.24166619777679,2.92023093629547e-20,-4.80689843485038e-09,-6.87388324038807e-09
1.24999952316284,-3.56593232298091e-20,8.80175377027115e-10,1.2711510732899e-09
1.25833284854889,6.45423748036482e-21,-5.70873126548577e-09,-8.16220158128544e-09
1.26666617393494,2.91938566110702e-20,-4.80690776072379e-09,-6.87389700715357e-09
1.27499949932098,-3.56813727630125e-20,8.80176764805896e-10,1.27115307169134e-09
1.28333282470703,6.45672629234458e-21,-5.70872282779078e-09,-8.16219003496599e-09
1.29166615009308,2.91967032756001e-20,-4.80691753068641e-09,-6.87391032982987e-09
1.29999947547913,-3.5666742005928e-20,8.80178152584676e-10,1.27115507009279e-09
1.30833280086517,6.45701023178336e-21,-5.70871439009579e-09,-8.16217760046811e-09
1.31666612625122,2.91875267406796e-20,-4.80692685655981e-09,-6.87392409659537e-09
1.32499945163727,-3.56600470128451e-20,8.80179540363457e-10,1.27115706849423e-09
1.33333277702332,6.45314736294623e-21,-5.70870595240081e-09,-8.16216605414866e-09
1.34166610240936,2.91930488175033e-20,-4.80693618243322e-09,-6.87393741927167e-09
1.34999942779541,-3.56598240618206e-20,8.80180928142238e-10,1.27115906689568e-09
1.35833275318146,6.44641319187538e-21,-5.70869751470582e-09,-8.16215361965078e-09
1.3666660785675,2.91959956484355e-20,-4.80694595239584e-09,-6.87395118603717e-09
1.37499940395355,-3.56643315499242e-20,8.80182315921019e-10,1.27116106529712e-09
1.3833327293396,6.45381056146469e-21,-5.70868952110004e-09,-8.16214207333132e-09
1.39166605472565,2.91769543384754e-20,-4.80695527826924e-09,-6.87396450871347e-09
1.39999949932098,-3.56618887821778e-20,8.80183759210951e-10,1.27116306369857e-09
1.40833282470703,6.46382477831412e-21,-5.70868108340505e-09,-8.16212963883345e-09
1.41666615009308,2.91947128722512e-20,-4.80696460414265e-09,-6.87397827547898e-09
1.42499947547913,-3.56768588125604e-20,8.80185146989731e-10,1.27116506210001e-09
1.43333280086517,6.46735241282098e-21,-5.70867264571007e-09,-8.16211809251399e-09
1.44166612625122,2.91990006405045e-20,-4.80697437410527e-09,-6.87399159815527e-09
1.44999945163727,-3.56141804941139e-20,8.80186534768512e-10,1.27116706050145e-09
1.45833277702332,6.4624616266699e-21,-5.70866420801508e-09,-8.16210565801612e-09
1.46666610240936,2.92191793238068e-20,-4.80698369997867e-09,-6.87400536492078e-09
1.47499942779541,-3.56577141050238e-20,8.80187922547293e-10,1.2711690589029e-09
1.48333275318146,6.46615041599336e-21,-5.7086562144093e-09,-8.16209411169666e-09
1.4916660785675,2.92227077661073e-20,-4.80699302585208e-09,-6.87401868759707e-09
1.49999940395355,-3.56442821135926e-20,8.80189310326074e-10,1.27117105730434e-09
1.5083327293396,6.46488783464822e-21,-5.70864777671432e-09,-8.16208167719878e-09
1.51666605472565,2.92110949257888e-20,-4.8070027958147e-09,-6.87403245436258e-09
1.52499938011169,-3.56570194025562e-20,8.80190753616006e-10,1.27117305570579e-09
1.53333270549774,6.45777642398161e-21,-5.70863933901933e-09,-8.16207013087933e-09
1.54166603088379,2.91899888954717e-20,-4.8070121216881e-09,-6.87404577703887e-09
1.54999935626984,-3.56807943828186e-20,8.80192141394787e-10,1.27117505410723e-09
1.55833268165588,6.45972562985865e-21,-5.70863090132434e-09,-8.16205858455987e-09
1.56666600704193,2.91868901993489e-20,-4.80702144756151e-09,-6.87405954380438e-09
1.57499933242798,-3.56695014287527e-20,8.80193529173567e-10,1.27117705250868e-09
1.58333265781403,6.45517694428318e-21,-5.70862246362935e-09,-8.162046150062e-09
1.59166598320007,2.91925964531058e-20,-4.80703077343492e-09,-6.87407331056988e-09
1.59999930858612,-3.56570032466849e-20,8.80194916952348e-10,1.27117905091012e-09
1.60833263397217,6.45888350506511e-21,-5.70861447002358e-09,-8.16203460374254e-09
1.6166660785675,2.92006873134723e-20,-4.80704054339753e-09,-6.87408663324618e-09
1.62499940395355,-3.5653035364684e-20,8.80196304731129e-10,1.27118104931156e-09
1.6333327293396,6.45625696428219e-21,-5.70860603232859e-09,-8.16202216924466e-09
1.64166605472565,2.91893135800497e-20,-4.80704986927094e-09,-6.87410040001168e-09
1.64999938011169,-3.56755663428533e-20,8.8019769250991e-10,1.27118304771301e-09
1.65833270549774,6.45224021077055e-21,-5.7085975946336e-09,-8.16201062292521e-09
1.66666603088379,2.921552486571e-20,-4.80705919514435e-09,-6.87411372268798e-09
1.67499935626984,-3.56654139933039e-20,8.80199135799842e-10,1.27118504611445e-09
1.68333268165588,6.46195150503237e-21,-5.70858915693861e-09,-8.16199818842733e-09
1.69166600704193,2.92072498284102e-20,-4.80706896510696e-09,-6.87412748945349e-09
1.69999933242798,-3.56607869517524e-20,8.80200523578623e-10,1.2711870445159e-09
1.70833265781403,6.47138855337822e-21,-5.70858071924363e-09,-8.16198664210788e-09
1.71666598320007,2.92132533501997e-20,-4.80707829098037e-09,-6.87414081212978e-09
1.72499930858612,-3.56737698099604e-20,8.80201911357403e-10,1.27118904291734e-09
1.73333263397217,6.46140503268434e-21,-5.70857272563785e-09,-8.16197420761e-09
1.74166595935822,2.9201685746321e-20,-4.80708761685378e-09,-6.87415457889529e-09
1.74999928474426,-3.56618984757006e-20,8.80203299136184e-10,1.27119104131879e-09
1.75833261013031,6.46039852189992e-21,-5.70856428794286e-09,-8.16196266129054e-09
1.76666593551636,2.9191223204042e-20,-4.80709738681639e-09,-6.87416790157158e-09
1.7749992609024,-3.5659032424125e-20,8.80204686914965e-10,1.27119303972023e-09
1.78333258628845,6.45912705482555e-21,-5.70855585024788e-09,-8.16195022679267e-09
1.7916659116745,2.92119253375757e-20,-4.8071067126898e-09,-6.87418166833709e-09
1.79999923706055,-3.56521209423662e-20,8.80206074693746e-10,1.27119492709937e-09
1.80833256244659,6.463524683004e-21,-5.70854741255289e-09,-8.16193868047321e-09
1.81666588783264,2.92031559306129e-20,-4.80711603856321e-09,-6.87419499101338e-09
1.82499921321869,-3.56618661639579e-20,8.80207517983678e-10,1.27119692550082e-09
1.83333265781403,6.45657079208295e-21,-5.70853941894711e-09,-8.16192713415376e-09
1.84166598320007,2.91884573188687e-20,-4.80712580852583e-09,-6.87420875777889e-09
1.84999930858612,-3.56510966601234e-20,8.80208905762458e-10,1.27119892390226e-09
1.85833263397217,6.45550086950352e-21,-5.70853098125212e-09,-8.16191469965588e-09
1.86666595935822,2.91892748059585e-20,-4.80713513439923e-09,-6.87422208045518e-09
1.87499928474426,-3.56467539619075e-20,8.80210293541239e-10,1.27120092230371e-09
1.88333261013031,6.45522864307146e-21,-5.70852254355714e-09,-8.16190315333643e-09
1.89166593551636,2.91973333545823e-20,-4.80714446027264e-09,-6.87423584722069e-09
1.8999992609024,-3.56620374161941e-20,8.8021168132002e-10,1.27120292070515e-09
1.90833258628845,6.45427383107533e-21,-5.70851410586215e-09,-8.16189071883855e-09
1.9166659116745,2.91936078106516e-20,-4.80715423023526e-09,-6.87424916989698e-09
1.92499923706055,-3.56507412309539e-20,8.80213069098801e-10,1.27120491910659e-09
1.93333256244659,6.45897963249958e-21,-5.70850566816716e-09,-8.16187917251909e-09
1.94166588783264,2.91930585110261e-20,-4.80716355610866e-09,-6.87426293666249e-09
1.94999921321869,-3.56496070887859e-20,8.80214512388733e-10,1.27120691750804e-09
1.95833253860474,6.44729893752154e-21,-5.70849767456139e-09,-8.16186673802122e-09
1.96666586399078,2.92212375818154e-20,-4.80717288198207e-09,-6.874276703428e-09
1.97499918937683,-3.56620277226713e-20,8.80215900167514e-10,1.27120891590948e-09
1.98333251476288,6.45440227025248e-21,-5.7084892368664e-09,-8.16185519170176e-09
1.99166584014893,2.92111369310543e-20,-4.80718265194469e-09,-6.87429002610429e-09
1.99999916553497,-3.5670603259178e-20,8.80217287946294e-10,1.27121091431093e-09
2.00833249092102,6.45809146347272e-21,-5.70848079917141e-09,-8.16184275720389e-09
2.01666593551636,2.91810126933558e-20,-4.80719197781809e-09,-6.8743037928698e-09
2.02499914169312,-3.56475714489972e-20,8.80218675725075e-10,1.27121291271237e-09
2.03333258628845,6.44766365631701e-21,-5.70847236147642e-09,-8.16183121088443e-09
2.04166579246521,2.9195494816424e-20,-4.8072013036915e-09,-6.87431711554609e-09
2.04999923706055,-3.56399394153767e-20,8.80220063503856e-10,1.27121491111382e-09
2.0583324432373,6.44511466371651e-21,-5.70846436787065e-09,-8.16181966456497e-09
2.06666588783264,2.91893846658836e-20,-4.80721107365412e-09,-6.8743308823116e-09
2.0749990940094,-3.56550289992073e-20,8.80221451282637e-10,1.27121690951526e-09
2.08333253860474,6.4517329164105e-21,-5.70845593017566e-09,-8.1618072300671e-09
2.09166574478149,2.91992138980062e-20,-4.80722039952752e-09,-6.87434420498789e-09
2.09999918937683,-3.5668418985373e-20,8.80222894572569e-10,1.2712189079167e-09
2.10833239555359,6.45645043084147e-21,-5.70844749248067e-09,-8.16179568374764e-09
2.11666584014893,2.92087458620962e-20,-4.80722972540093e-09,-6.8743579717534e-09
2.12499904632568,-3.56670586610062e-20,8.8022428235135e-10,1.27122090631815e-09
2.13333249092102,6.45853615383133e-21,-5.70843905478569e-09,-8.16178324924977e-09
2.14166569709778,2.9192829097653e-20,-4.80723949536355e-09,-6.87437129442969e-09
2.14999914169312,-3.56406179619729e-20,8.8022567013013e-10,1.27122290471959e-09
2.15833258628845,6.46314219275005e-21,-5.7084306170907e-09,-8.16177170293031e-09
2.16666579246521,2.91942055778911e-20,-4.80724882123695e-09,-6.8743850611952e-09
2.17499923706055,-3.56644026357581e-20,8.80227057908911e-10,1.27122490312104e-09
2.1833324432373,6.4577008952831e-21,-5.70842262348492e-09,-8.16175926843243e-09
2.19166588783264,2.9212581265952e-20,-4.80725814711036e-09,-6.87439838387149e-09
2.1999990940094,-3.56559078786081e-20,8.80228445687692e-10,1.27122690152248e-09
2.20833253860474,6.45513534291448e-21,-5.70841418578993e-09,-8.16174772211298e-09
2.21666574478149,2.92193667319144e-20,-4.80726791707298e-09,-6.874412150637e-09
2.22499918937683,-3.56529190424104e-20,8.80229833466473e-10,1.27122889992393e-09
2.23333239555359,6.46431995577066e-21,-5.70840574809495e-09,-8.1617352876151e-09
2.24166584014893,2.91774487081384e-20,-4.80727724294638e-09,-6.87442547331329e-09
2.24999904632568,-3.56649163924667e-20,8.80231276756405e-10,1.27123089832537e-09
2.25833249092102,6.45540837714011e-21,-5.70839731039996e-09,-8.16172374129565e-09
2.26666569709778,2.92224169604232e-20,-4.80728656881979e-09,-6.8744392400788e-09
2.27499914169312,-3.56502694795108e-20,8.80232664535185e-10,1.27123289672681e-09
2.28333234786987,6.4575861885966e-21,-5.70838887270497e-09,-8.16171130679777e-09
2.29166579246521,2.92009684256336e-20,-4.80729633878241e-09,-6.8744525627551e-09
2.29999899864197,-3.56607901829267e-20,8.80234052313966e-10,1.27123489512826e-09
2.3083324432373,6.45560467097688e-21,-5.7083808790992e-09,-8.16169976047831e-09
2.31666564941406,2.91970328553754e-20,-4.80730566465581e-09,-6.8744663295206e-09
2.3249990940094,-3.56396583032154e-20,8.80235440092747e-10,1.2712368935297e-09
2.33333230018616,6.45594394427499e-21,-5.70837244140421e-09,-8.16168821415886e-09
2.34166574478149,2.91837979655746e-20,-4.80731499052922e-09,-6.87448009628611e-09
2.34999895095825,-3.56600663998907e-20,8.80236827871528e-10,1.27123889193115e-09
2.35833239555359,6.4568700795995e-21,-5.70836400370922e-09,-8.16167577966098e-09
2.36666560173035,2.92085778410342e-20,-4.80732476049184e-09,-6.8744934189624e-09
2.37499904632568,-3.56587157690468e-20,8.80238215650309e-10,1.27124089033259e-09
2.38333249092102,6.45998775887113e-21,-5.70835556601423e-09,-8.16166423334153e-09
2.39166569709778,2.91925706037116e-20,-4.80733408636524e-09,-6.87450718572791e-09
2.39999914169312,-3.56951052536506e-20,8.80239658940241e-10,1.27124288873404e-09
2.40833234786987,6.45865611117602e-21,-5.70834757240846e-09,-8.16165179884365e-09
2.41666579246521,2.92126620453087e-20,-4.80734341223865e-09,-6.8745205084042e-09
2.42499899864197,-3.56314220400068e-20,8.80241046719021e-10,1.27124488713548e-09
2.4333324432373,6.45489098536048e-21,-5.70833913471347e-09,-8.16164025252419e-09
2.44166564941406,2.91928355600016e-20,-4.80735318220127e-09,-6.87453427516971e-09
2.4499990940094,-3.56408150636033e-20,8.80242434497802e-10,1.27124688553693e-09
2.45833230018616,6.45470034607868e-21,-5.70833069701848e-09,-8.16162781802632e-09
2.46666574478149,2.92106845666568e-20,-4.80736250807468e-09,-6.874547597846e-09
2.47499895095825,-3.56526670108175e-20,8.80243822276583e-10,1.27124888393837e-09
2.48333239555359,6.44829615867993e-21,-5.7083222593235e-09,-8.16161627170686e-09
2.49166560173035,2.918745888602e-20,-4.80737183394808e-09,-6.87456136461151e-09
2.49999904632568,-3.5637095982021e-20,8.80245210055364e-10,1.27125088233981e-09
2.50833225250244,6.45690158354861e-21,-5.70831382162851e-09,-8.16160383720899e-09
2.51666569709778,2.92019603961338e-20,-4.8073816039107e-09,-6.8745746872878e-09
2.52499890327454,-3.56454841104202e-20,8.80246597834144e-10,1.27125288074126e-09
2.53333234786987,6.46294711060364e-21,-5.70830582802273e-09,-8.16159229088953e-09
2.54166555404663,2.92069299421577e-20,-4.80739092978411e-09,-6.87458845405331e-09
2.54999899864197,-3.56485504948003e-20,8.80248041124077e-10,1.2712548791427e-09
2.55833220481873,6.46079716802521e-21,-5.70829739032774e-09,-8.16157985639165e-09
2.56666564941406,2.92091432965311e-20,-4.80740025565751e-09,-6.87460177672961e-09
2.57499885559082,-3.56683543618876e-20,8.80249428902857e-10,1.27125687754415e-09
2.58333230018616,6.46459541337699e-21,-5.70828895263276e-09,-8.1615683100722e-09
2.59166574478149,2.92067296093531e-20,-4.80741002562013e-09,-6.87461554349511e-09
2.59999895095825,-3.56488574563558e-20,8.80250816681638e-10,1.27125887594559e-09
2.60833239555359,6.46509462980136e-21,-5.70828051493777e-09,-8.16155676375274e-09
2.61666560173035,2.9192586759583e-20,-4.80741935149354e-09,-6.87462886617141e-09
2.62499904632568,-3.56516976585372e-20,8.80252204460419e-10,1.27126087434704e-09
2.63333225250244,6.47005650178633e-21,-5.70827207724278e-09,-8.16154432925487e-09
2.64166569709778,2.91915301655974e-20,-4.80742867736694e-09,-6.87464263293691e-09
2.64999890327454,-3.5637264003083e-20,8.802535922392e-10,1.27126287274848e-09
2.65833234786987,6.46639598523771e-21,-5.708264083637e-09,-8.16153278293541e-09
2.66666555404663,2.92187915828947e-20,-4.80743844732956e-09,-6.87465595561321e-09
2.67499899864197,-3.5651936765433e-20,8.8025498001798e-10,1.27126487114992e-09
2.68333220481873,6.46978104418e-21,-5.70825564594202e-09,-8.16152034843753e-09
2.69166564941406,2.92220712247765e-20,-4.80744777320297e-09,-6.87466972237871e-09
2.69999885559082,-3.56689585914757e-20,8.80256367796761e-10,1.27126686955137e-09
2.70833230018616,6.46998501205566e-21,-5.70824720824703e-09,-8.16150880211808e-09
2.71666550636292,2.92013238548031e-20,-4.80745709907637e-09,-6.87468348914422e-09
2.72499895095825,-3.56396389161698e-20,8.80257811086693e-10,1.27126886795281e-09
2.73333215713501,6.46153589524218e-21,-5.70823877055204e-09,-8.1614963676202e-09
2.74166560173035,2.91855880361189e-20,-4.80746686903899e-09,-6.87469681182051e-09
2.7499988079071,-3.56329956218752e-20,8.80259198865474e-10,1.27127086635426e-09
2.75833225250244,6.45373745614688e-21,-5.70823077694627e-09,-8.16148482130075e-09
2.7666654586792,2.9214536126384e-20,-4.8074761949124e-09,-6.87471057858602e-09
2.77499890327454,-3.56772627093439e-20,8.80260586644255e-10,1.2712728647557e-09
2.78333210945129,6.45914401849045e-21,-5.70822233925128e-09,-8.16147238680287e-09
2.79166555404663,2.91904218728235e-20,-4.8074855207858e-09,-6.87472390126231e-09
2.79999899864197,-3.56728004576801e-20,8.80261974423036e-10,1.27127486315715e-09
2.80833220481873,6.45375563150214e-21,-5.70821390155629e-09,-8.16146084048341e-09
2.81666564941406,2.9199091113384e-20,-4.80749484665921e-09,-6.87473766802782e-09
2.82499885559082,-3.56713173486912e-20,8.80263362201816e-10,1.27127675053629e-09
2.83333230018616,6.44626819293011e-21,-5.7082054638613e-09,-8.16144929416396e-09
2.84166550636292,2.91996694935779e-20,-4.80750461662183e-09,-6.87475099070411e-09
2.84999895095825,-3.56643541681441e-20,8.80264749980597e-10,1.27127874893773e-09
2.85833215713501,6.44213915611267e-21,-5.70819702616632e-09,-8.16143685966608e-09
2.86666560173035,2.9195097381989e-20,-4.80751394249523e-09,-6.87476475746962e-09
2.8749988079071,-3.56613911813405e-20,8.80266193270529e-10,1.27128074733918e-09
2.88333225250244,6.44738981429782e-21,-5.70818903256054e-09,-8.16142531334663e-09
2.8916654586792,2.91802533674028e-20,-4.80752326836864e-09,-6.87477808014592e-09
2.89999890327454,-3.56607966452752e-20,8.8026758104931e-10,1.27128274574062e-09
2.90833210945129,6.43756017827843e-21,-5.70818059486555e-09,-8.16141287884875e-09
2.91666555404663,2.92027940390949e-20,-4.80753303833126e-09,-6.87479184691142e-09
2.92499876022339,-3.56651684240596e-20,8.80268968828091e-10,1.27128474414206e-09
2.93333220481873,6.4460852276872e-21,-5.70817215717057e-09,-8.16140133252929e-09
2.94166541099548,2.91857140519154e-20,-4.80754236420466e-09,-6.87480516958772e-09
2.94999885559082,-3.56712268758117e-20,8.80270356606871e-10,1.27128674254351e-09
2.95833206176758,6.44142547049627e-21,-5.70816371947558e-09,-8.16138889803142e-09
2.96666550636292,2.92060736809767e-20,-4.80755169007807e-09,-6.87481893635322e-09
2.97499871253967,-3.56362300273173e-20,8.80271744385652e-10,1.27128874094495e-09
2.98333215713501,6.43907034835184e-21,-5.70815528178059e-09,-8.16137735171196e-09
2.99166536331177,2.91983608679995e-20,-4.80756146004069e-09,-6.87483225902952e-09
2.9999988079071,-3.56622409801729e-20,8.80273132164433e-10,1.2712907393464e-09
3.00833201408386,6.4483555315071e-21,-5.70814728817481e-09,-8.16136491721409e-09
3.0166654586792,2.91965126363183e-20,-4.80757078591409e-09,-6.87484602579502e-09
3.02499890327454,-3.56769945218797e-20,8.80274575454365e-10,1.27129273774784e-09
3.03333210945129,6.449404047557e-21,-5.70813885047983e-09,-8.16135337089463e-09
3.04166555404663,2.91888353662581e-20,-4.8075801117875e-09,-6.87485934847132e-09
3.04999876022339,-3.56845199267493e-20,8.80275963233146e-10,1.27129473614929e-09
3.05833220481873,6.45028817761602e-21,-5.70813041278484e-09,-8.16134093639675e-09
3.06666541099548,2.920007985271e-20,-4.80758988175012e-09,-6.87487311523682e-09
3.07499885559082,-3.56650004029976e-20,8.80277351011927e-10,1.27129673455073e-09
3.08333206176758,6.44179422825958e-21,-5.70812197508985e-09,-8.1613293900773e-09
3.09166550636292,2.91831549618953e-20,-4.80759920762353e-09,-6.87488688200233e-09
3.09999871253967,-3.56676919711627e-20,8.80278738790707e-10,1.27129873295218e-09
3.10833215713501,6.4407037069442e-21,-5.70811398148408e-09,-8.16131784375784e-09
3.11666536331177,2.92068427004524e-20,-4.80760853349693e-09,-6.87490020467862e-09
3.1249988079071,-3.56490384021148e-20,8.80280126569488e-10,1.27130073135362e-09
3.13333201408386,6.44798636984701e-21,-5.70810554378909e-09,-8.16130540925997e-09
3.1416654586792,2.92044225509259e-20,-4.80761830345955e-09,-6.87491397144413e-09
3.14999866485596,-3.56509254078872e-20,8.80281514348269e-10,1.27130272975506e-09
3.15833210945129,6.46155164721674e-21,-5.7080971060941e-09,-8.16129386294051e-09
3.16666531562805,2.92140708372895e-20,-4.80762762933296e-09,-6.87492729412043e-09
3.17499876022339,-3.56675788800633e-20,8.8028290212705e-10,1.27130472815651e-09
3.18333196640015,6.45058181057761e-21,-5.70808866839911e-09,-8.16128142844263e-09
3.19166541099548,2.92000475409673e-20,-4.80763695520636e-09,-6.87494106088593e-09
3.19999861717224,-3.5663930884315e-20,8.80284345416982e-10,1.27130672655795e-09
3.20833206176758,6.44951471527567e-21,-5.70808023070413e-09,-8.16126988212318e-09
3.21666526794434,2.91866252430589e-20,-4.80764672516898e-09,-6.87495438356223e-09
3.22499871253967,-3.56606997100472e-20,8.80285733195763e-10,1.2713087249594e-09
3.23333215713501,6.45039965312826e-21,-5.70807223709835e-09,-8.1612574476253e-09
3.24166536331177,2.92210017060939e-20,-4.80765605104239e-09,-6.87496815032773e-09
3.2499988079071,-3.56727778394602e-20,8.80287120974543e-10,1.27131072336084e-09
3.25833201408386,6.45405734239939e-21,-5.70806379940336e-09,-8.16124590130585e-09
3.2666654586792,2.92090980600913e-20,-4.80766537691579e-09,-6.87498147300403e-09
3.27499866485596,-3.56666224524801e-20,8.80288508753324e-10,1.27131272176229e-09
3.28333210945129,6.4418669296806e-21,-5.70805536170838e-09,-8.16123346680797e-09
3.29166531562805,2.91974367521589e-20,-4.80767514687841e-09,-6.87499523976953e-09
3.29999876022339,-3.56573845252485e-20,8.80289896532105e-10,1.27131472016373e-09
3.30833196640015,6.44474469426285e-21,-5.70804692401339e-09,-8.16122192048852e-09
3.31666541099548,2.91921247016627e-20,-4.80768447275182e-09,-6.87500856244583e-09
3.32499861717224,-3.56783580774207e-20,8.80291284310886e-10,1.27131671856517e-09
3.33333206176758,6.45220789902787e-21,-5.7080384863184e-09,-8.16120948599064e-09
3.34166526794434,2.92062772449556e-20,-4.80769379862522e-09,-6.87502232921133e-09
3.34999871253967,-3.56713238110397e-20,8.80292672089666e-10,1.27131871696662e-09
3.35833191871643,6.44766082903953e-21,-5.70803049271262e-09,-8.16119793967118e-09
3.36666536331177,2.91957403856683e-20,-4.80770356858784e-09,-6.87503565188763e-09
3.37499856948853,-3.56814761605891e-20,8.80294115379598e-10,1.27132071536806e-09
3.38333201408386,6.450625835327e-21,-5.70802205501764e-09,-8.16118639335173e-09
3.39166522026062,2.920599290162e-20,-4.80771289446125e-09,-6.87504941865313e-09
3.39999866485596,-3.56830658983288e-20,8.80295503158379e-10,1.27132271376951e-09
3.40833187103271,6.44663291172559e-21,-5.70801361732265e-09,-8.16117395885385e-09
3.41666531562805,2.91839304437196e-20,-4.80772222033465e-09,-6.87506274132943e-09
3.42499852180481,-3.56413158956148e-20,8.8029689093716e-10,1.27132471217095e-09
3.43333196640015,6.44242067217075e-21,-5.70800517962766e-09,-8.1611624125344e-09
3.4416651725769,2.91943477495589e-20,-4.80773199029727e-09,-6.87507650809493e-09
3.44999861717224,-3.56414289867141e-20,8.80298278715941e-10,1.2713267105724e-09
3.45833206176758,6.43902390022174e-21,-5.70799674193267e-09,-8.16114997803652e-09
3.46666526794434,2.91839304437196e-20,-4.80774131617068e-09,-6.87509027486044e-09
3.47499871253967,-3.56900678529671e-20,8.80299666494722e-10,1.27132870897384e-09
3.48333191871643,6.43827184441091e-21,-5.7079887483269e-09,-8.16113843171706e-09
3.49166536331177,2.9172375764538e-20,-4.80775064204408e-09,-6.87510359753674e-09
3.49999856948853,-3.56953895969862e-20,8.80301054273502e-10,1.27133059635298e-09
3.50833201408386,6.43666554690304e-21,-5.70798031063191e-09,-8.16112599721919e-09
3.51666522026062,2.9184092002433e-20,-4.8077604120067e-09,-6.87511736430224e-09
3.52499866485596,-3.56620697279368e-20,8.80302442052283e-10,1.27133259475443e-09
3.53333187103271,6.43650923884783e-21,-5.70797187293692e-09,-8.16111445089973e-09
3.54166531562805,2.91867318718097e-20,-4.80776973788011e-09,-6.87513068697854e-09
3.54999852180481,-3.56615462777054e-20,8.80303885342215e-10,1.27133459315587e-09
3.55833196640015,6.43917899658659e-21,-5.70796343524194e-09,-8.16110201640186e-09
3.5666651725769,2.92080770090227e-20,-4.80777906375351e-09,-6.87514445374404e-09
3.57499861717224,-3.56481401356683e-20,8.80305273120996e-10,1.27133659155731e-09
3.583331823349,6.44525845097143e-21,-5.70795544163616e-09,-8.1610904700824e-09
3.59166526794434,2.91835265469361e-20,-4.80778883371613e-09,-6.87515777642034e-09
3.59999847412109,-3.56560177385332e-20,8.80306660899777e-10,1.27133858995876e-09
3.60833191871643,6.43902066904747e-21,-5.70794700394117e-09,-8.16107803558452e-09
3.61666512489319,2.91741335233396e-20,-4.80779815958954e-09,-6.87517154318584e-09
3.62499856948853,-3.56800770621311e-20,8.80308048678557e-10,1.2713405883602e-09
3.63333177566528,6.44722987117156e-21,-5.70793856624618e-09,-8.16106648926507e-09
3.64166522026062,2.92048005983152e-20,-4.80780748546294e-09,-6.87518486586214e-09
3.64999842643738,-3.56432061325614e-20,8.80309436457338e-10,1.27134258676165e-09
3.65833187103271,6.445811385668e-21,-5.7079301285512e-09,-8.16105494294561e-09
3.66666531562805,2.92068297757554e-20,-4.80781725542556e-09,-6.87519863262764e-09
3.67499852180481,-3.56711202470608e-20,8.80310824236119e-10,1.27134458516309e-09
3.68333196640015,6.44320786700174e-21,-5.70792169085621e-09,-8.16104250844774e-09
3.6916651725769,2.91995725583499e-20,-4.80782658129897e-09,-6.87521195530394e-09
3.69999861717224,-3.56663671897129e-20,8.803122120149e-10,1.27134658356454e-09
3.708331823349,6.45206088059868e-21,-5.70791369725043e-09,-8.16103096212828e-09
3.71666526794434,2.92196769246441e-20,-4.80783590717238e-09,-6.87522572206944e-09
3.72499847412109,-3.56574588422566e-20,8.80313655304832e-10,1.27134858196598e-09
3.73333191871643,6.45943320858742e-21,-5.70790525955545e-09,-8.1610185276304e-09
3.74166512489319,2.92150498830926e-20,-4.80784567713499e-09,-6.87523904474574e-09
3.74999856948853,-3.56176475441032e-20,8.80315043083613e-10,1.27135058036743e-09
3.75833177566528,6.45858017858072e-21,-5.70789682186046e-09,-8.16100698131095e-09
3.76666522026062,2.92061641538562e-20,-4.8078550030084e-09,-6.87525281151125e-09
3.77499842643738,-3.56509900313725e-20,8.80316430862393e-10,1.27135257876887e-09
3.78333187103271,6.45315947984973e-21,-5.70788838416547e-09,-8.16099454681307e-09
3.79166507720947,2.92139125097503e-20,-4.80786432888181e-09,-6.87526613418754e-09
3.79999852180481,-3.56635786863198e-20,8.80317818641174e-10,1.27135457717031e-09
3.80833172798157,6.45260937243064e-21,-5.70787994647048e-09,-8.16098300049362e-09
3.8166651725769,2.92042836104323e-20,-4.80787409884442e-09,-6.87527990095305e-09
3.82499837875366,-3.5642815160475e-20,8.80319206419955e-10,1.27135657557176e-09
3.833331823349,6.44877518026513e-21,-5.70787195286471e-09,-8.16097056599574e-09
3.84166502952576,2.92191276250185e-20,-4.80788342471783e-09,-6.87529366771855e-09
3.84999847412109,-3.56572778964976e-20,8.80320594198736e-10,1.2713585739732e-09
3.85833168029785,6.4545727146951e-21,-5.70786351516972e-09,-8.16095901967628e-09
3.86666512489319,2.92129625445156e-20,-4.80789275059124e-09,-6.87530699039485e-09
3.87499833106995,-3.56327662085022e-20,8.80321981977517e-10,1.27136057237465e-09
3.88333177566528,6.45378067310271e-21,-5.70785507747473e-09,-8.16094747335683e-09
3.89166522026062,2.91971330217777e-20,-4.80790207646464e-09,-6.87532075716035e-09
3.89999842643738,-3.56554393583393e-20,8.80323425267449e-10,1.27136257077609e-09
3.90833187103271,6.4573660648496e-21,-5.70784663977975e-09,-8.16093503885895e-09
3.91666507720947,2.92013626288943e-20,-4.80791184642726e-09,-6.87533407983665e-09
3.92499852180481,-3.56550322303815e-20,8.80324813046229e-10,1.27136456917754e-09
3.93333172798157,6.45557559040847e-21,-5.70783864617397e-09,-8.1609234925395e-09
3.9416651725769,2.92114083496928e-20,-4.80792117230067e-09,-6.87534784660215e-09
3.94999837875366,-3.56294930289689e-20,8.8032620082501e-10,1.27136656757898e-09
3.958331823349,6.45990738341122e-21,-5.70783020847898e-09,-8.16091105804162e-09
3.96666502952576,2.92136798652031e-20,-4.80793049817407e-09,-6.87536116927845e-09
3.97499847412109,-3.5643044573848e-20,8.80327588603791e-10,1.27136856598042e-09
3.98333168029785,6.46497709583737e-21,-5.70782177078399e-09,-8.16089951172216e-09
3.99166512489319,2.9211085232266e-20,-4.80794026813669e-09,-6.87537493604395e-09
3.99999833106995,-3.56417811847093e-20,8.80328976382572e-10,1.27137056438187e-09
4.00833177566528,6.46734029591747e-21,-5.70781333308901e-09,-8.16088707722429e-09
4.01666498184204,2.92194442800968e-20,-4.8079495940101e-09,-6.87538825872025e-09
4.0249981880188,-3.56327952890706e-20,8.80330364161352e-10,1.27137256278331e-09
4.03333187103271,6.46373390153784e-21,-5.70780489539402e-09,-8.16087553090483e-09
4.04166507720947,2.92150208025242e-20,-4.8079589198835e-09,-6.87540202548576e-09
4.04999828338623,-3.56367793269428e-20,8.80331751940133e-10,1.27137456118476e-09
4.05833148956299,6.4580749037046e-21,-5.70779690178824e-09,-8.16086309640696e-09
4.0666651725769,2.92171113722754e-20,-4.80796868984612e-09,-6.87541534816205e-09
4.07499837875366,-3.56151627710913e-20,8.80333139718914e-10,1.2713764485639e-09
4.08333158493042,6.46499405950228e-21,-5.70778846409326e-09,-8.1608515500875e-09
4.09166526794434,2.92293672162732e-20,-4.80797801571953e-09,-6.87542911492756e-09
4.09999847412109,-3.56224813808079e-20,8.80334583008846e-10,1.27137844696534e-09
4.10833168029785,6.47196854915929e-21,-5.70778002639827e-09,-8.16083911558962e-09
4.11666488647461,2.92289762441868e-20,-4.80798734159293e-09,-6.87544243760385e-09
4.12499856948853,-3.56289081864265e-20,8.80335970787627e-10,1.27138044536679e-09
4.13333177566528,6.47292053387794e-21,-5.70777158870328e-09,-8.16082756927017e-09
4.14166498184204,2.92043417715692e-20,-4.80799711155555e-09,-6.87545620436936e-09
4.1499981880188,-3.56311797019367e-20,8.80337358566408e-10,1.27138244376823e-09
4.15833187103271,6.46912955866826e-21,-5.70776315100829e-09,-8.16081602295071e-09
4.16666507720947,2.92209015396916e-20,-4.80800643742896e-09,-6.87546952704565e-09
4.17499828338623,-3.56733045208658e-20,8.80338746345188e-10,1.27138444216968e-09
4.18333148956299,6.46816545704611e-21,-5.70775515740252e-09,-8.16080358845284e-09
4.1916651725769,2.92152566782457e-20,-4.80801576330236e-09,-6.87548329381116e-09
4.19999837875366,-3.56265041927712e-20,8.80340134123969e-10,1.27138644057112e-09
4.20833158493042,6.48063011568087e-21,-5.70774671970753e-09,-8.16079204213338e-09
4.21666479110718,2.92318422957623e-20,-4.80802553326498e-09,-6.87549661648745e-09
4.22499847412109,-3.56515134816039e-20,8.8034152190275e-10,1.27138843897256e-09
4.23333168029785,6.47308088090098e-21,-5.70773828201254e-09,-8.1607796076355e-09
4.24166488647461,2.92294544579784e-20,-4.80803485913839e-09,-6.87551038325296e-09
4.24999809265137,-3.56228465035001e-20,8.80342909681531e-10,1.27139043737401e-09
4.25833177566528,6.46789323061405e-21,-5.70772984431756e-09,-8.16076806131605e-09
4.26666498184204,2.92203942453315e-20,-4.80804418501179e-09,-6.87552415001846e-09
4.2749981880188,-3.56131529806968e-20,8.80344352971463e-10,1.27139243577545e-09
4.28333139419556,6.47150002889046e-21,-5.70772185071178e-09,-8.16075562681817e-09
4.29166507720947,2.92387634710439e-20,-4.80805395497441e-09,-6.87553747269476e-09
4.29999828338623,-3.56325820315689e-20,8.80345740750244e-10,1.2713944341769e-09
4.30833148956299,6.46214577938523e-21,-5.70771341301679e-09,-8.16074408049872e-09
4.3166651725769,2.92117896282564e-20,-4.80806328084782e-09,-6.87555123946026e-09
4.32499837875366,-3.56425954406248e-20,8.80347128529024e-10,1.27139643257834e-09
4.33333158493042,6.4624592032892e-21,-5.7077049753218e-09,-8.16073164600084e-09
4.34166479110718,2.92426085684225e-20,-4.80807260672123e-09,-6.87556456213656e-09
4.34999847412109,-3.56414354490627e-20,8.80348516307805e-10,1.27139843097979e-09
4.35833168029785,6.45285534557178e-21,-5.70769653762682e-09,-8.16072009968138e-09
4.36666488647461,2.92123389278819e-20,-4.80808237668384e-09,-6.87557832890207e-09
4.37499809265137,-3.56240097262365e-20,8.80349904086586e-10,1.27140042938123e-09
4.38333177566528,6.45330286320786e-21,-5.70768809993183e-09,-8.16070766518351e-09
4.39166498184204,2.92195121347564e-20,-4.80809170255725e-09,-6.87559165157836e-09
4.3999981880188,-3.5654072571624e-20,8.80351291865367e-10,1.27140242778268e-09
4.40833139419556,6.4569557057176e-21,-5.70768010632605e-09,-8.16069611886405e-09
4.41666507720947,2.92142388583514e-20,-4.80810102843066e-09,-6.87560541834387e-09
4.42499828338623,-3.56389442137022e-20,8.80352679644147e-10,1.27140442618412e-09
4.43333148956299,6.46559990467749e-21,-5.70767166863106e-09,-8.1606845725446e-09
4.44166469573975,2.92391221313876e-20,-4.80811079839327e-09,-6.87561874102016e-09
4.44999837875366,-3.56232988678976e-20,8.80354067422928e-10,1.27140642458556e-09
4.45833158493042,6.4682316961186e-21,-5.70766323093608e-09,-8.16067213804672e-09
4.46666479110718,2.92192084043752e-20,-4.80812012426668e-09,-6.87563250778567e-09
4.47499799728394,-3.56416390130416e-20,8.8035551071286e-10,1.27140842298701e-09
4.48333168029785,6.46081817065795e-21,-5.70765479324109e-09,-8.16066059172726e-09
4.49166488647461,2.92158544454853e-20,-4.80812945014009e-09,-6.87564583046196e-09
4.49999809265137,-3.56343139409765e-20,8.80356898491641e-10,1.27141042138845e-09
4.50833129882812,6.46019738130175e-21,-5.7076463555461e-09,-8.16064815722939e-09
4.51666498184204,2.92252248508619e-20,-4.8081392201027e-09,-6.87565959722747e-09
4.5249981880188,-3.5616739584134e-20,8.80358286270422e-10,1.2714124197899e-09
4.53333139419556,6.45754014436328e-21,-5.70763836194033e-09,-8.16063661090993e-09
4.54166507720947,2.92220679936022e-20,-4.80814854597611e-09,-6.87567291990376e-09
4.54999828338623,-3.56087779707382e-20,8.80359674049203e-10,1.27141430716904e-09
4.55833148956299,6.46276010639289e-21,-5.70762992424534e-09,-8.16062417641206e-09
4.56666469573975,2.92254962695004e-20,-4.80815787184952e-09,-6.87568668666927e-09
4.57499837875366,-3.5662289447787e-20,8.80361061827983e-10,1.27141630557048e-09
4.58333158493042,6.46462409004862e-21,-5.70762148655035e-09,-8.1606126300926e-09
4.59166479110718,2.92369895563709e-20,-4.80816764181213e-09,-6.87570000934556e-09
4.59999799728394,-3.56604218290602e-20,8.80362449606764e-10,1.27141830397193e-09
4.60833168029785,6.45478395271286e-21,-5.70761304885536e-09,-8.16060019559472e-09
4.61666488647461,2.92055308436997e-20,-4.80817696768554e-09,-6.87571377611107e-09
4.62499809265137,-3.56515070192554e-20,8.80363837385545e-10,1.27142030237337e-09
4.63333129882812,6.4594727904722e-21,-5.70760461116038e-09,-8.16058864927527e-09
4.64166498184204,2.92194862853623e-20,-4.80818629355895e-09,-6.87572754287658e-09
4.6499981880188,-3.56398489424972e-20,8.80365225164326e-10,1.27142230077482e-09
4.65833139419556,6.45631956828362e-21,-5.7075966175546e-09,-8.16057621477739e-09
4.66666460037231,2.92257321452219e-20,-4.80819606352156e-09,-6.87574086555287e-09
4.67499828338623,-3.56537300671516e-20,8.80366668454258e-10,1.27142429917626e-09
4.68333148956299,6.4551276688756e-21,-5.70758817985961e-09,-8.16056466845794e-09
4.69166469573975,2.92214346834457e-20,-4.80820538939497e-09,-6.87575463231838e-09
4.6999979019165,-3.56542018185947e-20,8.80368056233038e-10,1.2714262975777e-09
4.70833158493042,6.46391202001935e-21,-5.70757974216463e-09,-8.16055312213848e-09
4.71666479110718,2.92129851627355e-20,-4.80821471526838e-09,-6.87576795499467e-09
4.72499799728394,-3.56375709646384e-20,8.80369444011819e-10,1.27142829597915e-09
4.73333120346069,6.45722227759469e-21,-5.70757130446964e-09,-8.16054068764061e-09
4.74166488647461,2.92319424621646e-20,-4.80822448523099e-09,-6.87578172176018e-09
4.74999809265137,-3.56427731552095e-20,8.803708317906e-10,1.27143029438059e-09
4.75833129882812,6.45294218338022e-21,-5.70756331086386e-09,-8.16052914132115e-09
4.76666498184204,2.9218578325393e-20,-4.8082338111044e-09,-6.87579504443647e-09
4.7749981880188,-3.56468185853928e-20,8.80372219569381e-10,1.27143229278204e-09
4.78333139419556,6.46518429488729e-21,-5.70755487316887e-09,-8.16051670682327e-09
4.79166460037231,2.92050073934683e-20,-4.80824313697781e-09,-6.87580881120198e-09
4.79999828338623,-3.56426632952844e-20,8.80373607348162e-10,1.27143429118348e-09
4.80833148956299,6.45860441238773e-21,-5.70754643547389e-09,-8.16050516050382e-09
4.81666469573975,2.92022835135606e-20,-4.80825246285121e-09,-6.87582213387827e-09
4.8249979019165,-3.56552131761405e-20,8.80374995126942e-10,1.27143628958493e-09
4.83333158493042,6.46488500737074e-21,-5.7075379977789e-09,-8.16049272600594e-09
4.84166479110718,2.92108590500673e-20,-4.80826223281383e-09,-6.87583590064378e-09
4.84999799728394,-3.56224749184593e-20,8.80376382905723e-10,1.27143828798637e-09
4.85833120346069,6.46205490260894e-21,-5.70752956008391e-09,-8.16048117968649e-09
4.86666488647461,2.92312639155683e-20,-4.80827155868724e-09,-6.87584922332007e-09
4.87499809265137,-3.56304333006809e-20,8.80377770684504e-10,1.27144028638781e-09
4.88333129882812,6.46169745395557e-21,-5.70752156647814e-09,-8.16046874518861e-09
4.89166450500488,2.92074727794346e-20,-4.80828088456065e-09,-6.87586299008558e-09
4.8999981880188,-3.56288112511984e-20,8.80379213974436e-10,1.27144228478926e-09
4.90833139419556,6.46474323959974e-21,-5.70751312878315e-09,-8.16045719886915e-09
4.91666460037231,2.92456491034085e-20,-4.80829065452326e-09,-6.87587631276187e-09
4.92499780654907,-3.56526863978631e-20,8.80380601753217e-10,1.2714442831907e-09
4.93333148956299,6.46253634757484e-21,-5.70750469108816e-09,-8.16044476437128e-09
4.94166469573975,2.92430027716832e-20,-4.80829998039667e-09,-6.87589007952738e-09
4.9499979019165,-3.56238190869547e-20,8.80381989531998e-10,1.27144628159215e-09
4.95833158493042,6.46886298679117e-21,-5.70749625339317e-09,-8.16043321805182e-09
4.96666479110718,2.92161904876091e-20,-4.80830930627008e-09,-6.87590340220368e-09
4.97499799728394,-3.56287627835844e-20,8.80383377310778e-10,1.27144827999359e-09
4.98333120346069,6.45991303796619e-21,-5.70748781569819e-09,-8.16042167173237e-09
4.99166488647461,2.92181033427757e-20,-4.80831907623269e-09,-6.87591716896918e-09
4.99999809265137,-3.56283201127097e-20,8.80384765089559e-10,1.27145016737273e-09
5.00833129882812,6.46017557087544e-21,-5.70747982209241e-09,-8.16040923723449e-09
5.01666450500488,2.92283655522501e-20,-4.8083284021061e-09,-6.87593049164548e-09
5.0249981880188,-3.56304526877265e-20,8.8038615286834e-10,1.27145216577418e-09
5.03333139419556,6.46165625648366e-21,-5.70747138439742e-09,-8.16039769091503e-09
5.04166460037231,2.92127266687941e-20,-4.80833772797951e-09,-6.87594425841098e-09
5.04999780654907,-3.56412157292125e-20,8.80387540647121e-10,1.27145416417562e-09
5.05833148956299,6.46116552189174e-21,-5.70746294670244e-09,-8.16038525641716e-09
5.06666469573975,2.9232840728611e-20,-4.80834749794212e-09,-6.87595802517649e-09
5.0749979019165,-3.56229563634252e-20,8.80388928425901e-10,1.27145616257707e-09
5.08333110809326,6.45819243766859e-21,-5.70745450900745e-09,-8.1603737100977e-09
5.09166479110718,2.92397037427558e-20,-4.80835682381553e-09,-6.87597134785278e-09
5.09999799728394,-3.56267400684928e-20,8.80390371715833e-10,1.27145816097851e-09
5.10833120346069,6.46260016326663e-21,-5.70744607131246e-09,-8.16036127559983e-09
5.11666440963745,2.92014789511679e-20,-4.80836614968894e-09,-6.87598511461829e-09
5.12499809265137,-3.56498397333332e-20,8.80391759494614e-10,1.27146015937996e-09
5.13333129882812,6.45733496479728e-21,-5.70743807770668e-09,-8.16034972928037e-09
5.14166450500488,2.92174183338309e-20,-4.80837591965155e-09,-6.87599843729458e-09
5.14999771118164,-3.56507444621282e-20,8.80393147273395e-10,1.2714621577814e-09
5.15833139419556,6.46157790050766e-21,-5.7074296400117e-09,-8.16033729478249e-09
5.16666460037231,2.92310732762865e-20,-4.80838524552496e-09,-6.87601220406009e-09
5.17499780654907,-3.56455325780342e-20,8.80394535052176e-10,1.27146415618284e-09
5.18333148956299,6.4573442544233e-21,-5.70742120231671e-09,-8.16032574846304e-09
5.19166469573975,2.92089106519838e-20,-4.80839457139837e-09,-6.87602552673638e-09
5.1999979019165,-3.56504859681867e-20,8.80395922830957e-10,1.27146615458429e-09
5.20833110809326,6.46250040076111e-21,-5.70741276462172e-09,-8.16031331396516e-09
5.21666479110718,2.92200226602907e-20,-4.80840434136098e-09,-6.87603929350189e-09
5.22499799728394,-3.56216154261041e-20,8.80397310609737e-10,1.27146815298573e-09
5.23333120346069,6.45666853510455e-21,-5.70740477101594e-09,-8.16030176764571e-09
5.24166440963745,2.92041866752043e-20,-4.80841366723439e-09,-6.87605261617819e-09
5.24999809265137,-3.56421398450531e-20,8.80398698388518e-10,1.27147015138718e-09
5.25833129882812,6.45740645452795e-21,-5.70739633332096e-09,-8.16029022132625e-09
5.26666450500488,2.92319004568991e-20,-4.8084229931078e-09,-6.87606638294369e-09
5.27499771118164,-3.56513874658075e-20,8.80400086167299e-10,1.27147214978862e-09
5.28333139419556,6.46341886204673e-21,-5.70738789562597e-09,-8.16027778682837e-09
5.29166460037231,2.92151791300633e-20,-4.80843276307041e-09,-6.87607970561999e-09
5.29999780654907,-3.56420105980823e-20,8.8040147394608e-10,1.27147414819007e-09
5.30833101272583,6.45986255086825e-21,-5.70737945793098e-09,-8.16026624050892e-09
5.31666469573975,2.92330475237642e-20,-4.80844208894382e-09,-6.87609347238549e-09
5.3249979019165,-3.56460883400083e-20,8.80402917236012e-10,1.27147614659151e-09
5.33333110809326,6.46399926172458e-21,-5.707371020236e-09,-8.16025380601104e-09
5.34166431427002,2.92272992647418e-20,-4.80845141481723e-09,-6.87610679506179e-09
5.34999799728394,-3.56243716177545e-20,8.80404305014792e-10,1.27147814499295e-09
5.35833120346069,6.46143088207848e-21,-5.70736302663022e-09,-8.16024225969159e-09
5.36666440963745,2.92149787972587e-20,-4.80846118477984e-09,-6.87612056182729e-09
5.37499761581421,-3.56461303452738e-20,8.80405692793573e-10,1.2714800323721e-09
5.38333129882812,6.4628525987563e-21,-5.70735458893523e-09,-8.16022982519371e-09
5.39166450500488,2.92179191658424e-20,-4.80847051065325e-09,-6.87613388450359e-09
5.39999771118164,-3.56491934984796e-20,8.80407080572354e-10,1.27148203077354e-09
5.40833139419556,6.46027089051634e-21,-5.70734615124024e-09,-8.16021827887425e-09
5.41666460037231,2.92113340326846e-20,-4.80847983652666e-09,-6.87614765126909e-09
5.42499780654907,-3.56407892142091e-20,8.80408468351135e-10,1.27148402917499e-09
5.43333101272583,6.46213891313991e-21,-5.70733771354526e-09,-8.16020584437638e-09
5.44166469573975,2.92406763262104e-20,-4.80848960648927e-09,-6.87616097394539e-09
5.4499979019165,-3.56546606453407e-20,8.80409856129916e-10,1.27148602757643e-09
5.45833110809326,6.45960203744291e-21,-5.70732927585027e-09,-8.16019429805692e-09
5.46666431427002,2.92103355998359e-20,-4.80849893236268e-09,-6.87617474071089e-09
5.47499799728394,-3.56260227478053e-20,8.80411243908696e-10,1.27148802597787e-09
5.48333120346069,6.4677647914369e-21,-5.70732128224449e-09,-8.16018186355905e-09
5.49166440963745,2.92424922461489e-20,-4.80850825823609e-09,-6.8761885074764e-09
5.49999761581421,-3.56435195564654e-20,8.80412631687477e-10,1.27149002437932e-09
5.50833129882812,6.46561606054883e-21,-5.70731284454951e-09,-8.16017031723959e-09
5.51666450500488,2.92277096238738e-20,-4.8085180281987e-09,-6.8762018301527e-09
5.52499771118164,-3.56244911712024e-20,8.80414019466258e-10,1.27149202278076e-09
5.5333309173584,6.46031653085288e-21,-5.70730440685452e-09,-8.16015877092013e-09
5.54166460037231,2.92106360990428e-20,-4.80852735407211e-09,-6.8762155969182e-09
5.54999780654907,-3.56401203611357e-20,8.80415407245039e-10,1.27149402118221e-09
5.55833101272583,6.46299073145625e-21,-5.70729596915953e-09,-8.16014633642226e-09
5.56666421890259,2.92361720692811e-20,-4.80853667994552e-09,-6.8762289195945e-09
5.5749979019165,-3.56524666780129e-20,8.80416850534971e-10,1.27149601958365e-09
5.58333110809326,6.45488613859908e-21,-5.70728753146454e-09,-8.1601347901028e-09
5.59166431427002,2.92152372912001e-20,-4.80854644990814e-09,-6.87624268636e-09
5.59999799728394,-3.56220936398957e-20,8.80418238313752e-10,1.2714980179851e-09
5.60833120346069,6.46074021857874e-21,-5.70727953785877e-09,-8.16012235560493e-09
5.61666440963745,2.91997502729346e-20,-4.80855577578154e-09,-6.8762560090363e-09
5.62499761581421,-3.56417068677012e-20,8.80419626092532e-10,1.27150001638654e-09
5.63333129882812,6.45135365733082e-21,-5.70727110016378e-09,-8.16011080928547e-09
5.64166450500488,2.92302590203711e-20,-4.80856510165495e-09,-6.8762697758018e-09
5.64999771118164,-3.56533552509365e-20,8.80421013871313e-10,1.27150201478798e-09
5.6583309173584,6.44522573533197e-21,-5.70726266246879e-09,-8.16009837478759e-09
5.66666460037231,2.91938469175474e-20,-4.80857487161757e-09,-6.8762830984781e-09
5.67499780654907,-3.56601148675047e-20,8.80422401650094e-10,1.27150401318943e-09
5.68333101272583,6.44084466692163e-21,-5.70725422477381e-09,-8.16008682846814e-09
5.69166421890259,2.92322914289855e-20,-4.80858419749097e-09,-6.8762968652436e-09
5.6999979019165,-3.56299777051091e-20,8.80423789428875e-10,1.27150601159087e-09
5.70833110809326,6.44979663523053e-21,-5.70724623116803e-09,-8.16007439397026e-09
5.71666431427002,2.92036599937987e-20,-4.80859352336438e-09,-6.8763101879199e-09
5.72499752044678,-3.56438459050664e-20,8.80425177207655e-10,1.27150800999232e-09
5.73333120346069,6.43899643524046e-21,-5.70723779347304e-09,-8.16006284765081e-09
5.74166440963745,2.92164812932932e-20,-4.80860284923779e-09,-6.8763239546854e-09
5.74999761581421,-3.56581858564669e-20,8.80426564986436e-10,1.27150989737146e-09
5.75833082199097,6.44347363108526e-21,-5.70722935577805e-09,-8.16005041315293e-09
5.76666450500488,2.92029459042855e-20,-4.8086126192004e-09,-6.8763372773617e-09
5.77499771118164,-3.56592844557179e-20,8.80427952765217e-10,1.2715118957729e-09
5.7833309173584,6.44102843995811e-21,-5.70722091808307e-09,-8.16003886683347e-09
5.79166412353516,2.92020541001876e-20,-4.80862194507381e-09,-6.8763510441272e-09
5.79999780654907,-3.56417973405807e-20,8.80429396055149e-10,1.27151389417435e-09
5.80833101272583,6.44250064373387e-21,-5.70721248038808e-09,-8.16002732051402e-09
5.81666421890259,2.91924930555292e-20,-4.80863127094722e-09,-6.8763643668035e-09
5.8249979019165,-3.56573683693771e-20,8.8043078383393e-10,1.27151589257579e-09
5.83333110809326,6.44147313031672e-21,-5.7072044867823e-09,-8.16001488601614e-09
5.84166431427002,2.92151015818809e-20,-4.80864104090983e-09,-6.87637813356901e-09
5.84999752044678,-3.56455616586026e-20,8.80432171612711e-10,1.27151789097724e-09
5.85833120346069,6.45407834503213e-21,-5.70719604908732e-09,-8.16000333969669e-09
5.86666440963745,2.92174118714824e-20,-4.80865036678324e-09,-6.8763914562453e-09
5.87499761581421,-3.56602602703468e-20,8.80433559391491e-10,1.27151988937868e-09
5.88333082199097,6.44490019452449e-21,-5.70718761139233e-09,-8.15999090519881e-09
5.89166450500488,2.91991331186495e-20,-4.80865969265665e-09,-6.87640522301081e-09
5.89999771118164,-3.56625350170313e-20,8.80434947170272e-10,1.27152188778012e-09
5.9083309173584,6.44184915822213e-21,-5.70717917369734e-09,-8.15997935887935e-09
5.91666412353516,2.92136766340288e-20,-4.80866946261926e-09,-6.87641898977631e-09
5.92499780654907,-3.56448152573468e-20,8.80436334949053e-10,1.27152388618157e-09
5.93333101272583,6.44039916876946e-21,-5.70717073600235e-09,-8.15996692438148e-09
5.94166421890259,2.92110981569631e-20,-4.80867878849267e-09,-6.87643231245261e-09
5.94999742507935,-3.56304526877265e-20,8.80437722727834e-10,1.27152588458301e-09
5.95833110809326,6.44064877698165e-21,-5.70716274239658e-09,-8.15995537806202e-09
5.96666431427002,2.9195737154494e-20,-4.80868811436608e-09,-6.87644607921811e-09
5.97499752044678,-3.56471190845997e-20,8.80439110506614e-10,1.27152788298446e-09
5.98333072662354,6.45378390427698e-21,-5.70715430470159e-09,-8.15994294356415e-09
5.99166440963745,2.9242191746942e-20,-4.80869788432869e-09,-6.87645940189441e-09
5.99999761581421,-3.56580242977535e-20,8.80440498285395e-10,1.2715298813859e-09
6.00833082199097,6.45089281110088e-21,-5.7071458670066e-09,-8.15993139724469e-09
6.01666402816772,2.92141322296006e-20,-4.8087072102021e-09,-6.87647316865991e-09
6.02499771118164,-3.56447926391269e-20,8.80441886064176e-10,1.27153187978735e-09
6.0333309173584,6.4522046678536e-21,-5.70713742931162e-09,-8.15991896274681e-09
6.04166412353516,2.92125844971263e-20,-4.80871653607551e-09,-6.87648649133621e-09
6.04999780654907,-3.56616916805474e-20,8.80443273842957e-10,1.27153387818879e-09
6.05833101272583,6.45550288898744e-21,-5.70712899161663e-09,-8.15990741642736e-09
6.06666421890259,2.92235123284999e-20,-4.80872630603812e-09,-6.87650025810171e-09
6.07499742507935,-3.56166006436405e-20,8.80444717132889e-10,1.27153587659024e-09
6.08333110809326,6.44100057108005e-21,-5.70712099801085e-09,-8.1598958701079e-09
6.09166431427002,2.92120642780692e-20,-4.80873563191153e-09,-6.87651358077801e-09
6.09999752044678,-3.5659526793788e-20,8.8044610491167e-10,1.27153776396938e-09
6.10833072662354,6.44506054154753e-21,-5.70711256031586e-09,-8.15988343561003e-09
6.11666440963745,2.92119350310985e-20,-4.80874495778494e-09,-6.87652734754352e-09
6.12499761581421,-3.56429250204001e-20,8.8044749269045e-10,1.27153976237082e-09
6.13333082199097,6.44350957789899e-21,-5.70710412262088e-09,-8.15987188929057e-09
6.14166402816772,2.92224008045518e-20,-4.80875472774756e-09,-6.87654067021981e-09
6.14999771118164,-3.56518010561137e-20,8.80448880469231e-10,1.27154176077227e-09
6.1583309173584,6.45000343038367e-21,-5.70709568492589e-09,-8.1598594547927e-09
6.16666412353516,2.92162809604886e-20,-4.80876405362096e-09,-6.87655443698532e-09
6.17499732971191,-3.56664899743351e-20,8.80450268248012e-10,1.27154375917371e-09
6.18333101272583,6.44178816980783e-21,-5.70708769132011e-09,-8.15984790847324e-09
6.19166421890259,2.92033045646292e-20,-4.80877337949437e-09,-6.87656775966161e-09
6.19999742507935,-3.56491870361311e-20,8.80451656026793e-10,1.27154575757515e-09
6.2083306312561,6.43380191870821e-21,-5.70707925362512e-09,-8.15983547397536e-09
6.21666431427002,2.92044225509259e-20,-4.80878314945699e-09,-6.87658152642712e-09
6.22499752044678,-3.56470189181974e-20,8.80453043805574e-10,1.2715477559766e-09
6.23333072662354,6.4295278829455e-21,-5.70707081593014e-09,-8.15982392765591e-09
6.24166393280029,2.92209338514342e-20,-4.80879247533039e-09,-6.87659484910341e-09
6.24999761581421,-3.56571163377842e-20,8.80454431584354e-10,1.27154975437804e-09
6.25833082199097,6.44033333359376e-21,-5.70706237823515e-09,-8.15981149315803e-09
6.26666402816772,2.92008262539658e-20,-4.8088018012038e-09,-6.87660861586892e-09
6.27499771118164,-3.56503114847763e-20,8.80455819363135e-10,1.27155175277949e-09
6.2833309173584,6.43663525464428e-21,-5.70705394054016e-09,-8.15979994683858e-09
6.29166412353516,2.92144424223303e-20,-4.80881157116642e-09,-6.87662193854521e-09
6.29999732971191,-3.56619049380491e-20,8.80457207141916e-10,1.27155375118093e-09
6.30833101272583,6.44315374483275e-21,-5.70704594693439e-09,-8.1597875123407e-09
6.31666421890259,2.9203724617284e-20,-4.80882089703982e-09,-6.87663570531072e-09
6.32499742507935,-3.56695757457608e-20,8.80458650431848e-10,1.27155574958238e-09
6.3333306312561,6.43435646899192e-21,-5.7070375092394e-09,-8.15977596602124e-09
6.34166431427002,2.91855201814593e-20,-4.80883022291323e-09,-6.87664947207622e-09
6.34999752044678,-3.56754920258451e-20,8.80460038210629e-10,1.27155774798382e-09
6.35833072662354,6.43431042475861e-21,-5.70702907154441e-09,-8.15976353152337e-09
6.36666393280029,2.92253993342723e-20,-4.80883999287585e-09,-6.87666279475252e-09
6.37499761581421,-3.56569870908135e-20,8.80461425989409e-10,1.27155974638526e-09
6.38333082199097,6.44892098700396e-21,-5.70702063384942e-09,-8.15975198520391e-09
6.39166402816772,2.92171727645865e-20,-4.80884931874925e-09,-6.87667656151802e-09
6.39999723434448,-3.56609420481173e-20,8.8046281376819e-10,1.27156174478671e-09
6.4083309173584,6.44171466059324e-21,-5.70701219615444e-09,-8.15974043888446e-09
6.41666412353516,2.9205317586198e-20,-4.80885864462266e-09,-6.87668988419432e-09
6.42499732971191,-3.56612619343698e-20,8.80464201546971e-10,1.27156363216585e-09
6.43333053588867,6.43669503136823e-21,-5.70700420254866e-09,-8.15972800438658e-09
6.44166421890259,2.92325951593667e-20,-4.80886841458528e-09,-6.87670365095983e-09
6.44999742507935,-3.56264266445888e-20,8.80465589325752e-10,1.2715656305673e-09
6.4583306312561,6.4347676359175e-21,-5.70699576485367e-09,-8.15971645806712e-09
6.46666431427002,2.92041511322874e-20,-4.80887774045868e-09,-6.87671697363612e-09
6.47499752044678,-3.56379587055505e-20,8.80466977104533e-10,1.27156762896874e-09
6.48333072662354,6.44093554369792e-21,-5.70698732715869e-09,-8.15970402356925e-09
6.49166393280029,2.9226662723411e-20,-4.80888706633209e-09,-6.87673074040163e-09
6.49999761581421,-3.564654393558e-20,8.80468364883313e-10,1.27156962737018e-09
6.50833082199097,6.43374698874566e-21,-5.7069788894637e-09,-8.15969247724979e-09
6.51666402816772,2.920085210336e-20,-4.8088963922055e-09,-6.87674406307792e-09
6.52499723434448,-3.56496006264374e-20,8.80469752662094e-10,1.27157162577163e-09
6.5333309173584,6.44833170159688e-21,-5.70697045176871e-09,-8.15968004275192e-09
6.54166412353516,2.9217479726142e-20,-4.80890616216811e-09,-6.87675782984343e-09
6.54999732971191,-3.56492678154878e-20,8.80471140440875e-10,1.27157362417307e-09
6.55833053588867,6.44487071005929e-21,-5.70696245816293e-09,-8.15966849643246e-09
6.56666421890259,2.9215851214311e-20,-4.80891548804152e-09,-6.87677115251972e-09
6.57499742507935,-3.56387988108602e-20,8.80472528219656e-10,1.27157562257452e-09
6.5833306312561,6.45087988640381e-21,-5.70695402046795e-09,-8.15965606193458e-09
6.59166383743286,2.92079122191351e-20,-4.80892481391493e-09,-6.87678491928523e-09
6.59999752044678,-3.56169463792871e-20,8.80473915998436e-10,1.27157762097596e-09
6.60833072662354,6.44941535666693e-21,-5.70694558277296e-09,-8.15964451561513e-09
6.61666393280029,2.92111143128344e-20,-4.80893458387754e-09,-6.87679824196152e-09
6.62499713897705,-3.56321232048229e-20,8.80475359288369e-10,1.27157961937741e-09
6.63333082199097,6.45458361990826e-21,-5.70693714507797e-09,-8.15963208111725e-09
6.64166402816772,2.92147332280144e-20,-4.80894390975095e-09,-6.87681200872703e-09
6.64999723434448,-3.5632727434411e-20,8.80476747067149e-10,1.27158161777885e-09
6.65833044052124,6.45343372576571e-21,-5.70692870738299e-09,-8.1596205347978e-09
6.66666412353516,2.92232409098614e-20,-4.80895323562436e-09,-6.87682533140332e-09
6.67499732971191,-3.56307790363275e-20,8.8047813484593e-10,1.27158361618029e-09
6.68333053588867,6.45316351881757e-21,-5.70692071377721e-09,-8.15960898847834e-09
6.69166421890259,2.92256416723424e-20,-4.80896300558697e-09,-6.87683909816883e-09
6.69999742507935,-3.56404596344338e-20,8.80479522624711e-10,1.27158561458174e-09
6.7083306312561,6.45116786481042e-21,-5.70691227608222e-09,-8.15959655398046e-09
6.71666383743286,2.92332640124401e-20,-4.80897233146038e-09,-6.87685242084513e-09
6.72499752044678,-3.56353123738252e-20,8.80480910403492e-10,1.27158750196088e-09
6.73333072662354,6.44673994437321e-21,-5.70690383838723e-09,-8.15958500766101e-09
6.74166393280029,2.92131531837974e-20,-4.80898165733379e-09,-6.87686618761063e-09
6.74999713897705,-3.56285462949085e-20,8.80482298182272e-10,1.27158950036232e-09
6.75833082199097,6.45075346671058e-21,-5.70689540069225e-09,-8.15957257316313e-09
6.76666402816772,2.92216059356819e-20,-4.80899142729641e-09,-6.87687995437614e-09
6.77499723434448,-3.56171564056145e-20,8.80483685961053e-10,1.27159149876377e-09
6.78333044052124,6.45800139449001e-21,-5.70688740708647e-09,-8.15956102684368e-09
6.79166412353516,2.92165523791271e-20,-4.80900075316981e-09,-6.87689327705243e-09
6.79999732971191,-3.56497686474993e-20,8.80485073739834e-10,1.27159349716521e-09
6.80833053588867,6.45155035506437e-21,-5.70687896939148e-09,-8.1595485923458e-09
6.81666374206543,2.92191534744127e-20,-4.80901007904322e-09,-6.87690704381794e-09
6.82499742507935,-3.56501014584489e-20,8.80486461518615e-10,1.27159549556666e-09
6.8333306312561,6.44999212127373e-21,-5.7068705316965e-09,-8.15953704602634e-09
6.84166383743286,2.92285174174407e-20,-4.80901984900584e-09,-6.87692036649423e-09
6.84999704360962,-3.56580404536248e-20,8.80487849297396e-10,1.2715974939681e-09
6.85833072662354,6.44808370897182e-21,-5.70686209400151e-09,-8.15952461152847e-09
6.86666393280029,2.91988293882683e-20,-4.80902917487924e-09,-6.87693413325974e-09
6.87499713897705,-3.56360329256869e-20,8.80489237076176e-10,1.27159949236955e-09
6.88333034515381,6.43626124622278e-21,-5.70685365630652e-09,-8.15951306520901e-09
6.89166402816772,2.92219128972374e-20,-4.80903850075265e-09,-6.87694745593603e-09
6.89999723434448,-3.56642055341278e-20,8.80490624854957e-10,1.27160149077099e-09
6.90833044052124,6.43932480332542e-21,-5.70684566270074e-09,-8.15950063071114e-09
6.91666412353516,2.91983640991738e-20,-4.80904827071527e-09,-6.87696122270154e-09
6.92499732971191,-3.56023737833394e-20,8.80492068144889e-10,1.27160348917243e-09
6.93333053588867,6.43613967329096e-21,-5.70683722500576e-09,-8.15948908439168e-09
6.94166374206543,2.92164166698079e-20,-4.80905759658867e-09,-6.87697454537783e-09
6.94999742507935,-3.56472871056616e-20,8.8049345592367e-10,1.27160548757388e-09
6.9583306312561,6.43935509558419e-21,-5.70682878731077e-09,-8.15947753807222e-09
6.96666383743286,2.92446086652943e-20,-4.80906692246208e-09,-6.87698831214334e-09
6.97499704360962,-3.56332444222938e-20,8.80494843702451e-10,1.27160748597532e-09
6.98333072662354,6.44205716506562e-21,-5.70682034961578e-09,-8.15946510357435e-09
6.99166393280029,2.92057344076786e-20,-4.8090766924247e-09,-6.87700163481964e-09
6.99999713897705,-3.56539271687819e-20,8.80496231481231e-10,1.27160937335447e-09
7.00833034515381,6.43883770380456e-21,-5.70681191192079e-09,-8.15945355725489e-09
7.01666402816772,2.92148947867277e-20,-4.8090860182981e-09,-6.87701540158514e-09
7.02499723434448,-3.56429282515744e-20,8.80497619260012e-10,1.27161137175591e-09
7.03333044052124,6.44567163738092e-21,-5.70680391831502e-09,-8.15944112275702e-09
7.041663646698,2.92043256156978e-20,-4.80909534417151e-09,-6.87702872426144e-09
7.04999732971191,-3.56411478745528e-20,8.80499007038793e-10,1.27161337015735e-09
7.05833053588867,6.43519091974658e-21,-5.70679548062003e-09,-8.15942957643756e-09
7.06666374206543,2.91952589407024e-20,-4.80910511413413e-09,-6.87704249102694e-09
7.07499694824219,-3.56585703662047e-20,8.80500394817574e-10,1.2716153685588e-09
7.0833306312561,6.42626156965755e-21,-5.70678704292504e-09,-8.15941714193968e-09
7.09166383743286,2.91899824331231e-20,-4.80911444000753e-09,-6.87705581370324e-09
7.09999704360962,-3.56519399966073e-20,8.80501782596355e-10,1.27161736696024e-09
7.10833072662354,6.42955938689461e-21,-5.70677860523006e-09,-8.15940559562023e-09
7.11666393280029,2.92090172807346e-20,-4.80912376588094e-09,-6.87706958046874e-09
7.12499713897705,-3.56697922344368e-20,8.80503170375135e-10,1.27161936536169e-09
7.13333034515381,6.43607424201203e-21,-5.70677016753507e-09,-8.15939316112235e-09
7.14166402816772,2.92141548478204e-20,-4.80913353584356e-09,-6.87708290314504e-09
7.14999723434448,-3.56353834596591e-20,8.80504558153916e-10,1.27162136376313e-09
7.15833044052124,6.41946560237883e-21,-5.70676217392929e-09,-8.1593816148029e-09
7.166663646698,2.92153051458598e-20,-4.80914286171696e-09,-6.87709666991054e-09
7.17499732971191,-3.56697211486029e-20,8.80505945932697e-10,1.27162336216458e-09
7.18333053588867,6.43037606619079e-21,-5.7067537362343e-09,-8.15936918030502e-09
7.19166374206543,2.92008294851401e-20,-4.80915218759037e-09,-6.87711043667605e-09
7.19999694824219,-3.56473905032382e-20,8.80507333711478e-10,1.27162536056602e-09
7.2083306312561,6.42821521839921e-21,-5.70674529853932e-09,-8.15935763398556e-09
7.21666383743286,2.91905575821428e-20,-4.80916195755299e-09,-6.87712375935234e-09
7.22499704360962,-3.56440623937424e-20,8.80508721490258e-10,1.27162735896746e-09
7.23333024978638,6.43094475286192e-21,-5.70673686084433e-09,-8.15934608766611e-09
7.24166393280029,2.92124907930725e-20,-4.80917128342639e-09,-6.87713752611785e-09
7.24999713897705,-3.56610616015652e-20,8.80510164780191e-10,1.27162935736891e-09
7.25833034515381,6.43070362648219e-21,-5.70672842314934e-09,-8.15933365316823e-09
7.26666355133057,2.92030202212936e-20,-4.8091806092998e-09,-6.87715084879414e-09
7.27499723434448,-3.56814373864979e-20,8.80511552558971e-10,1.27163135577035e-09
7.28333044052124,6.42827782240065e-21,-5.70672042954357e-09,-8.15932210684878e-09
7.291663646698,2.92150660389639e-20,-4.80918993517321e-09,-6.87716461555965e-09
7.29999685287476,-3.56826264586284e-20,8.80512940337752e-10,1.27163324314949e-09
7.30833053588867,6.44108135043675e-21,-5.70671199184858e-09,-8.1593096723509e-09
7.31666374206543,2.92253670225296e-20,-4.80919970513582e-09,-6.87717793823595e-09
7.32499694824219,-3.56497557228022e-20,8.80514328116533e-10,1.27163524155094e-09
7.3333306312561,6.4244714991132e-21,-5.70670355415359e-09,-8.15929812603144e-09
7.34166383743286,2.92202391489667e-20,-4.80920903100923e-09,-6.87719170500145e-09
7.34999704360962,-3.56411898798183e-20,8.80515715895314e-10,1.27163723995238e-09
7.35833024978638,6.43493727256656e-21,-5.7066951164586e-09,-8.15928569153357e-09
7.36666393280029,2.92089558884236e-20,-4.80921835688264e-09,-6.87720502767775e-09
7.37499713897705,-3.56495166159064e-20,8.80517103674094e-10,1.27163923835383e-09
7.38333034515381,6.43061759646731e-21,-5.70668712285283e-09,-8.15927414521411e-09
7.39166355133057,2.92243782832037e-20,-4.80922812684526e-09,-6.87721879444325e-09
7.39999723434448,-3.56639018037466e-20,8.80518491452875e-10,1.27164123675527e-09
7.40833044052124,6.43431204034574e-21,-5.70667868515784e-09,-8.15926171071624e-09
7.416663646698,2.92190080715706e-20,-4.80923745271866e-09,-6.87723211711955e-09
7.42499685287476,-3.56331054818003e-20,8.80519879231656e-10,1.27164323515672e-09
7.43333053588867,6.4307254369085e-21,-5.70667024746285e-09,-8.15925016439678e-09
7.44166374206543,2.91958922508589e-20,-4.80924677859207e-09,-6.87724588388505e-09
7.44999694824219,-3.56546218712495e-20,8.80521267010437e-10,1.27164523355816e-09
7.45833015441895,6.4342324726794e-21,-5.70666180976787e-09,-8.1592377298989e-09
7.46666383743286,2.91955174346438e-20,-4.80925654855469e-09,-6.87725920656135e-09
7.47499704360962,-3.56677856752165e-20,8.80522654789218e-10,1.27164723195961e-09
7.48333024978638,6.4346892799415e-21,-5.70665337207288e-09,-8.15922618357945e-09
7.49166345596313,2.91969165331018e-20,-4.80926587442809e-09,-6.87727297332685e-09
7.49999713897705,-3.56236219853244e-20,8.80524042567998e-10,1.27164923036105e-09
7.50833034515381,6.43451358484069e-21,-5.7066453784671e-09,-8.15921463725999e-09
7.51666355133057,2.92127008193999e-20,-4.8092752003015e-09,-6.87728629600315e-09
7.52499675750732,-3.56402269898865e-20,8.80525430346779e-10,1.27165122876249e-09
7.53333044052124,6.43749555479307e-21,-5.70663694077211e-09,-8.15920220276212e-09
7.541663646698,2.92029329795884e-20,-4.80928497026412e-09,-6.87730006276865e-09
7.54999685287476,-3.56687711833681e-20,8.8052681812556e-10,1.27165311614164e-09
7.55833053588867,6.44609815238427e-21,-5.70662850307713e-09,-8.15919065644266e-09
7.56666374206543,2.92150498830926e-20,-4.80929429613752e-09,-6.87731338544495e-09
7.57499694824219,-3.56243716177545e-20,8.80528205904341e-10,1.27165511454308e-09
7.58333015441895,6.44777593962282e-21,-5.70662006538214e-09,-8.15917822194479e-09
7.59166383743286,2.92445246547633e-20,-4.80930362201093e-09,-6.87732715221046e-09
7.59999704360962,-3.56361912532261e-20,8.80529593683121e-10,1.27165711294452e-09
7.60833024978638,6.44959549463236e-21,-5.70661162768715e-09,-8.15916667562533e-09
7.61666345596313,2.92291474964229e-20,-4.80931339197355e-09,-6.87734047488675e-09
7.62499713897705,-3.56310536861403e-20,8.80531036973053e-10,1.27165911134597e-09
7.63333034515381,6.44809986484316e-21,-5.70660363408138e-09,-8.15915424112745e-09
7.64166355133057,2.92396520439675e-20,-4.80932271784695e-09,-6.87735424165226e-09
7.64999675750732,-3.5631460814098e-20,8.80532424751834e-10,1.27166110974741e-09
7.65833044052124,6.45109839456367e-21,-5.70659519638639e-09,-8.159142694808e-09
7.666663646698,2.92336840650949e-20,-4.80933204372036e-09,-6.87736800841776e-09
7.67499685287476,-3.56055791082131e-20,8.80533812530615e-10,1.27166310814886e-09
7.68333005905151,6.46013881626815e-21,-5.7065867586914e-09,-8.15913026031012e-09
7.69166374206543,2.92323269719024e-20,-4.80934181368298e-09,-6.87738133109406e-09
7.69999694824219,-3.56247496651438e-20,8.80535200309396e-10,1.2716651065503e-09
7.70833015441895,6.4537835003802e-21,-5.70657832099641e-09,-8.15911871399067e-09
7.7166633605957,2.92246658577135e-20,-4.80935113955638e-09,-6.87739509785956e-09
7.72499704360962,-3.56299970921547e-20,8.80536588088177e-10,1.27166710495175e-09
7.73333024978638,6.45719602430376e-21,-5.70656988330143e-09,-8.15910627949279e-09
7.74166345596313,2.92352350287435e-20,-4.80936046542979e-09,-6.87740842053586e-09
7.74999666213989,-3.56431091973334e-20,8.80537975866957e-10,1.27166910335319e-09
7.75833034515381,6.44996829136351e-21,-5.70656188969565e-09,-8.15909473317333e-09
7.76666355133057,2.92299197470729e-20,-4.80937023539241e-09,-6.87742218730136e-09
7.77499675750732,-3.56443790488206e-20,8.80539363645738e-10,1.27167110175463e-09
7.78333044052124,6.44676538987057e-21,-5.70655345200066e-09,-8.15908229867546e-09
7.791663646698,2.92175831237185e-20,-4.80937956126581e-09,-6.87743550997766e-09
7.79999685287476,-3.56538334647282e-20,8.80540751424519e-10,1.27167310015608e-09
7.80833005905151,6.44791003335493e-21,-5.70654501430568e-09,-8.159070752356e-09
7.81666374206543,2.92196316882043e-20,-4.80938888713922e-09,-6.87744927674316e-09
7.82499694824219,-3.56562148401635e-20,8.805421392033e-10,1.27167498753522e-09
7.83333015441895,6.44436543518317e-21,-5.70653657661069e-09,-8.15905920603655e-09
7.8416633605957,2.92319263062932e-20,-4.80939865710184e-09,-6.87746259941946e-09
7.84999704360962,-3.56819188314638e-20,8.8054352698208e-10,1.27167698593667e-09
7.85833024978638,6.45080072263425e-21,-5.7065281389157e-09,-8.15904677153867e-09
7.86666345596313,2.92340459566129e-20,-4.80940798297524e-09,-6.87747636618496e-09
7.87499666213989,-3.56498106527648e-20,8.80544914760861e-10,1.27167898433811e-09
7.88333034515381,6.44785873846343e-21,-5.70652014530992e-09,-8.15903522521921e-09
7.89166355133057,2.9230378573819e-20,-4.80941730884865e-09,-6.87748968886126e-09
7.89999675750732,-3.56493001272305e-20,8.80546302539642e-10,1.27168098273955e-09
7.90832996368408,6.44316586173625e-21,-5.70651170761494e-09,-8.15902279072134e-09
7.916663646698,2.92277354732679e-20,-4.80942707881127e-09,-6.87750345562677e-09
7.92499685287476,-3.56313541853472e-20,8.80547690318423e-10,1.271682981141e-09
7.93333005905151,6.45137304437643e-21,-5.70650326991995e-09,-8.15901124440188e-09
7.94166326522827,2.92392546095326e-20,-4.80943640468467e-09,-6.87751677830306e-09
7.94999694824219,-3.56600922492849e-20,8.80549078097204e-10,1.27168497954244e-09
7.95833015441895,6.4395917790993e-21,-5.70649483222496e-09,-8.15899880990401e-09
7.9666633605957,2.92269955343606e-20,-4.80944573055808e-09,-6.87753054506857e-09
7.97499704360962,-3.56603539744006e-20,8.80550465875984e-10,1.27168697794389e-09
7.98333024978638,6.44135923142378e-21,-5.70648683861918e-09,-8.15898726358455e-09
7.99166345596313,2.91976241602664e-20,-4.8094555005207e-09,-6.87754386774486e-09
7.99999666213989,-3.56411931109926e-20,8.80551853654765e-10,1.27168897634533e-09
8.00833034515381,6.4500296836746e-21,-5.7064784009242e-09,-8.15897482908667e-09
8.01666355133057,2.92088848025897e-20,-4.80946482639411e-09,-6.87755763451037e-09
8.02499675750732,-3.56324657092953e-20,8.80553296944697e-10,1.27169097474678e-09
8.03332996368408,6.44506538830893e-21,-5.70646996322921e-09,-8.15896328276722e-09
8.04166316986084,2.92313576196221e-20,-4.80947415226751e-09,-6.87757095718666e-09
8.0499963760376,-3.56276674155076e-20,8.80554684723478e-10,1.27169297314822e-09
8.05833053588867,6.4390174378732e-21,-5.70646152553422e-09,-8.15895084826934e-09
8.06666374206543,2.92178093059173e-20,-4.80948347814092e-09,-6.87758472395217e-09
8.07499694824219,-3.5630821041593e-20,8.80556072502259e-10,1.27169486052736e-09
8.08333015441895,6.43458507457137e-21,-5.70645308783924e-09,-8.15893930194989e-09
8.0916633605957,2.92210210931395e-20,-4.80949324810354e-09,-6.87759804662846e-09
8.09999656677246,-3.56171822550087e-20,8.8055746028104e-10,1.27169685892881e-09
8.10832977294922,6.42809768443522e-21,-5.70644509423346e-09,-8.15892775563043e-09
8.11666297912598,2.92151920547604e-20,-4.80950257397694e-09,-6.87761181339397e-09
8.12499713897705,-3.5652625005552e-20,8.8055884805982e-10,1.27169885733025e-09
8.13333034515381,6.43999406029564e-21,-5.70643665653847e-09,-8.15891532113255e-09
8.14166355133057,2.92374677701625e-20,-4.80951189985035e-09,-6.87762558015947e-09
8.14999675750732,-3.56408538376945e-20,8.80560235838601e-10,1.27170085573169e-09
8.15832996368408,6.43451923939566e-21,-5.70642821884348e-09,-8.1589037748131e-09
8.16666316986084,2.92178997787968e-20,-4.80952166981297e-09,-6.87763890283577e-09
8.1749963760376,-3.56469542947121e-20,8.80561623617382e-10,1.27170285413314e-09
8.18333053588867,6.43889142207676e-21,-5.7064197811485e-09,-8.15889134031522e-09
8.19166374206543,2.92338747043767e-20,-4.80953099568637e-09,-6.87765266960128e-09
8.19999694824219,-3.56599920828826e-20,8.80563011396163e-10,1.27170485253458e-09
8.20833015441895,6.4333184542584e-21,-5.70641134345351e-09,-8.15887979399577e-09
8.2166633605957,2.92320717091353e-20,-4.80954032155978e-09,-6.87766599227757e-09
8.22499656677246,-3.56674948695324e-20,8.80564399174943e-10,1.27170685093603e-09
8.23332977294922,6.43839260954917e-21,-5.70640334984773e-09,-8.15886735949789e-09
8.24166297912598,2.92266659545853e-20,-4.8095500915224e-09,-6.87767975904308e-09
8.24999713897705,-3.56318000873961e-20,8.80565786953724e-10,1.27170884933747e-09
8.25833034515381,6.44887090380281e-21,-5.70639491215275e-09,-8.15885581317843e-09
8.26666355133057,2.92080737778485e-20,-4.8095594173958e-09,-6.87769308171937e-09
8.27499675750732,-3.56528124136596e-20,8.80567174732505e-10,1.27171084773892e-09
8.28332996368408,6.43778434099326e-21,-5.70638647445776e-09,-8.15884337868056e-09
8.29166316986084,2.92170305929188e-20,-4.80956874326921e-09,-6.87770684848488e-09
8.2999963760376,-3.56461141894024e-20,8.80568562511286e-10,1.27171273511806e-09
8.30832958221436,6.44052720404982e-21,-5.70637803676277e-09,-8.1588318323611e-09
8.31666374206543,2.91978988100792e-20,-4.80957851323183e-09,-6.87772017116117e-09
8.32499694824219,-3.56558044810315e-20,8.80569950290067e-10,1.2717147335195e-09
8.33333015441895,6.43746041577291e-21,-5.70636959906778e-09,-8.15881939786323e-09
8.3416633605957,2.92163520463225e-20,-4.80958783910523e-09,-6.87773393792668e-09
8.34999656677246,-3.5640449940911e-20,8.80571338068847e-10,1.27171673192095e-09
8.35832977294922,6.43096373601075e-21,-5.70636160546201e-09,-8.15880785154377e-09
8.36666297912598,2.92190339209648e-20,-4.80959716497864e-09,-6.87774726060297e-09
8.37499618530273,-3.56423143284635e-20,8.80572725847628e-10,1.27171873032239e-09
8.38333034515381,6.44030182964465e-21,-5.70635316776702e-09,-8.15879541704589e-09
8.39166355133057,2.92182552079662e-20,-4.80960693494126e-09,-6.87776102736848e-09
8.39999675750732,-3.56606092371677e-20,8.80574113626409e-10,1.27172072872384e-09
8.40832996368408,6.43233698507456e-21,-5.70634473007203e-09,-8.15878387072644e-09
8.41666316986084,2.92040962023248e-20,-4.80961626081466e-09,-6.87777435004477e-09
8.4249963760376,-3.56292830026415e-20,8.8057550140519e-10,1.27172272712528e-09
8.43332958221436,6.43638766591601e-21,-5.70633629237705e-09,-8.15877232440698e-09
8.44166374206543,2.92166137714382e-20,-4.80962558668807e-09,-6.87778811681028e-09
8.44999694824219,-3.5628914648775e-20,8.8057688918397e-10,1.27172472552672e-09
8.45833015441895,6.43856992023711e-21,-5.70632785468206e-09,-8.15875988990911e-09
8.4666633605957,2.92274672858037e-20,-4.80963535665069e-09,-6.87780143948657e-09
8.47499656677246,-3.5611236894356e-20,8.80578332473902e-10,1.27172672392817e-09
8.48332977294922,6.43535853691172e-21,-5.70631986107628e-09,-8.15874834358965e-09
8.49166297912598,2.92192084043752e-20,-4.80964468252409e-09,-6.87781520625208e-09
8.49999618530273,-3.56582860228692e-20,8.80579720252683e-10,1.27172872232961e-09
8.50833034515381,6.43695917986462e-21,-5.70631142338129e-09,-8.15873590909177e-09
8.51666355133057,2.92290473300206e-20,-4.8096540083975e-09,-6.87782852892838e-09
8.52499675750732,-3.56466667202022e-20,8.80581108031464e-10,1.27173072073106e-09
8.53332996368408,6.44405201127919e-21,-5.70630298568631e-09,-8.15872436277232e-09
8.54166316986084,2.91960635030951e-20,-4.80966377836012e-09,-6.87784229569388e-09
8.5499963760376,-3.56379263938079e-20,8.80582495810245e-10,1.2717326081102e-09
8.55832958221436,6.44367436778665e-21,-5.70629454799132e-09,-8.15871192827444e-09
8.56666278839111,2.92338133120656e-20,-4.80967310423353e-09,-6.87785561837018e-09
8.57499694824219,-3.56409313858769e-20,8.80583883589026e-10,1.27173460651164e-09
8.58333015441895,6.43828961586938e-21,-5.70628611029633e-09,-8.15870038195499e-09
8.5916633605957,2.92096215103227e-20,-4.80968243010693e-09,-6.87786938513568e-09
8.59999656677246,-3.56442368771529e-20,8.80585271367806e-10,1.27173660491309e-09
8.60832977294922,6.4376074342021e-21,-5.70627811669056e-09,-8.15868794745711e-09
8.61666297912598,2.92093694787298e-20,-4.80969220006955e-09,-6.87788315190119e-09
8.62499618530273,-3.56414936101995e-20,8.80586659146587e-10,1.27173860331453e-09
8.63333034515381,6.44444217557203e-21,-5.70626967899557e-09,-8.15867640113765e-09
8.64166355133057,2.92154860916188e-20,-4.80970152594296e-09,-6.87789647457748e-09
8.64999675750732,-3.56455551962541e-20,8.80588046925368e-10,1.27174060171598e-09
8.65832996368408,6.43597326781616e-21,-5.70626124130058e-09,-8.15866396663978e-09
8.66666316986084,2.92075729458369e-20,-4.80971085181636e-09,-6.87791024134299e-09
8.6749963760376,-3.56691363060604e-20,8.80589434704149e-10,1.27174260011742e-09
8.68332958221436,6.43321828785609e-21,-5.70625280360559e-09,-8.15865242032032e-09
8.69166278839111,2.92244461378633e-20,-4.80972017768977e-09,-6.87792356401928e-09
8.69999694824219,-3.56594815573483e-20,8.8059082248293e-10,1.27174459851886e-09
8.70833015441895,6.43951544260722e-21,-5.70624436591061e-09,-8.15864087400087e-09
8.7166633605957,2.92320910961809e-20,-4.80972994765239e-09,-6.87793733078479e-09
8.72499656677246,-3.56310278367461e-20,8.8059221026171e-10,1.27174659692031e-09
8.73332977294922,6.42141642384301e-21,-5.70623637230483e-09,-8.15862843950299e-09
8.74166297912598,2.92066359052993e-20,-4.80973927352579e-09,-6.87795065346108e-09
8.74999618530273,-3.56556913899321e-20,8.80593598040491e-10,1.27174859532175e-09
8.75832939147949,6.42845715257251e-21,-5.70622793460984e-09,-8.15861689318353e-09
8.76666355133057,2.92113760379501e-20,-4.8097485993992e-09,-6.87796442022659e-09
8.77499675750732,-3.56306239399627e-20,8.80594985819272e-10,1.2717504827009e-09
8.78332996368408,6.42901089506265e-21,-5.70621949691485e-09,-8.15860445868566e-09
8.79166316986084,2.92243524338096e-20,-4.80975836936182e-09,-6.87797774290289e-09
8.7999963760376,-3.56453645569723e-20,8.80596373598053e-10,1.27175248110234e-09
8.80832958221436,6.42580314680831e-21,-5.70621105921987e-09,-8.1585929123662e-09
8.81666278839111,2.9223790209487e-20,-4.80976769523522e-09,-6.87799150966839e-09
8.82499599456787,-3.5644950966666e-20,8.80597761376833e-10,1.27175447950378e-09
8.83333015441895,6.4274457950267e-21,-5.70620306561409e-09,-8.15858047786833e-09
8.8416633605957,2.91851550587671e-20,-4.80977702110863e-09,-6.87800483234469e-09
8.84999656677246,-3.56502727106851e-20,8.80599149155614e-10,1.27175647790523e-09
8.85832977294922,6.42504301306181e-21,-5.7061946279191e-09,-8.15856893154887e-09
8.86666297912598,2.91971394841263e-20,-4.80978679107125e-09,-6.87801859911019e-09
8.87499618530273,-3.56562762324746e-20,8.80600536934395e-10,1.27175847630667e-09
8.88332939147949,6.42470212417656e-21,-5.70618619022412e-09,-8.15855649705099e-09
8.89166355133057,2.92205428793478e-20,-4.80979611694465e-09,-6.87803192178649e-09
8.89999675750732,-3.5647351729147e-20,8.80601924713176e-10,1.27176047470812e-09
8.90832996368408,6.42555313469934e-21,-5.70617775252913e-09,-8.15854495073154e-09
8.91666316986084,2.92101966593424e-20,-4.80980544281806e-09,-6.87804568855199e-09
8.9249963760376,-3.56518139808108e-20,8.80603312491957e-10,1.27176247310956e-09
8.93332958221436,6.42924798247455e-21,-5.70616931483414e-09,-8.15853251623366e-09
8.94166278839111,2.92242296491874e-20,-4.80981521278068e-09,-6.87805901122829e-09
8.94999599456787,-3.56319454902382e-20,8.80604700270737e-10,1.27176447151101e-09
8.95833015441895,6.43511054428667e-21,-5.70616132122836e-09,-8.15852096991421e-09
8.9666633605957,2.92278162526246e-20,-4.80982453865408e-09,-6.87807277799379e-09
8.97499656677246,-3.56383722958568e-20,8.80606088049518e-10,1.27176646991245e-09
8.98332977294922,6.43804364272825e-21,-5.70615288353338e-09,-8.15850853541633e-09
8.99166297912598,2.92191760926326e-20,-4.80983386452749e-09,-6.87808610067009e-09
8.99999618530273,-3.56326369615315e-20,8.80607475828299e-10,1.27176835729159e-09
9.00832939147949,6.44162782278479e-21,-5.70614444583839e-09,-8.15849698909688e-09
9.01666259765625,2.92369927875451e-20,-4.80984363449011e-09,-6.87809986743559e-09
9.02499675750732,-3.56357873564426e-20,8.80608919118231e-10,1.27177035569304e-09
9.03332996368408,6.44039028304023e-21,-5.7061360081434e-09,-8.15848544277742e-09
9.04166316986084,2.91994077684623e-20,-4.80985296036351e-09,-6.87811319011189e-09
9.0499963760376,-3.56359553775045e-20,8.80610306897012e-10,1.27177235409448e-09
9.05832958221436,6.43763045631875e-21,-5.70612757044842e-09,-8.15847300827954e-09
9.06666278839111,2.91925382919689e-20,-4.80986228623692e-09,-6.8781269568774e-09
9.07499599456787,-3.56501046896231e-20,8.80611694675792e-10,1.27177435249592e-09
9.08333015441895,6.44021458793942e-21,-5.70611957684264e-09,-8.15846146196009e-09
9.0916633605957,2.92487510307056e-20,-4.80987205619954e-09,-6.8781407236429e-09
9.09999656677246,-3.56468185853928e-20,8.80613082454573e-10,1.27177635089737e-09
9.10832977294922,6.43901461059572e-21,-5.70611113914765e-09,-8.15844902746221e-09
9.11666297912598,2.92324594500474e-20,-4.80988138207294e-09,-6.8781540463192e-09
9.12499618530273,-3.56386372521468e-20,8.80614470233354e-10,1.27177834929881e-09
9.13332939147949,6.44704730982543e-21,-5.70610270145266e-09,-8.15843748114276e-09
9.14166259765625,2.92376325600502e-20,-4.80989070794635e-09,-6.8781678130847e-09
9.14999675750732,-3.56057535916235e-20,8.80615858012135e-10,1.27178034770026e-09
9.15832996368408,6.44161651367485e-21,-5.70609426375768e-09,-8.15842504664488e-09
9.16666316986084,2.9231464248373e-20,-4.80990047790897e-09,-6.878181135761e-09
9.1749963760376,-3.56329762348296e-20,8.80617245790916e-10,1.2717823461017e-09
9.18332958221436,6.43498372069666e-21,-5.70608582606269e-09,-8.15841350032542e-09
9.19166278839111,2.92241197892623e-20,-4.80990980378238e-09,-6.8781949025265e-09
9.19999599456787,-3.56450317460227e-20,8.80618633569696e-10,1.27178423348084e-09
9.20832920074463,6.44679366264541e-21,-5.70607783245691e-09,-8.15840106582755e-09
9.2166633605957,2.92289859377096e-20,-4.80991912965578e-09,-6.8782082252028e-09
9.22499656677246,-3.56429444074457e-20,8.80620021348477e-10,1.27178623188229e-09
9.23332977294922,6.43711023726164e-21,-5.70606939476193e-09,-8.15838951950809e-09
9.24166297912598,2.92347051161635e-20,-4.8099288996184e-09,-6.8782219919683e-09
9.24999618530273,-3.56336580126001e-20,8.80621409127258e-10,1.27178823028373e-09
9.25832939147949,6.43659850003698e-21,-5.70606095706694e-09,-8.15837708501022e-09
9.26666259765625,2.9224756330593e-20,-4.80993822549181e-09,-6.8782353146446e-09
9.27499675750732,-3.56323526181959e-20,8.80622796906039e-10,1.27179022868518e-09
9.28332996368408,6.43582746107733e-21,-5.70605251937195e-09,-8.15836553869076e-09
9.29166316986084,2.91976855525775e-20,-4.80994755136521e-09,-6.8782490814101e-09
9.2999963760376,-3.56407019725039e-20,8.8062418468482e-10,1.27179222708662e-09
9.30832958221436,6.43345456747443e-21,-5.70604408167696e-09,-8.1583539923713e-09
9.31666278839111,2.92337131456633e-20,-4.80995732132783e-09,-6.8782624040864e-09
9.32499599456787,-3.56536783683633e-20,8.806255724636e-10,1.27179422548807e-09
9.33332920074463,6.43175779708706e-21,-5.70603608807119e-09,-8.15834155787343e-09
9.3416633605957,2.92065131206771e-20,-4.80996664720124e-09,-6.8782761708519e-09
9.34999656677246,-3.56675918047604e-20,8.80626960242381e-10,1.27179622388951e-09
9.35832977294922,6.43612513300675e-21,-5.7060276503762e-09,-8.15833001155397e-09
9.36666297912598,2.92375711677391e-20,-4.80997597307464e-09,-6.8782894935282e-09
9.37499618530273,-3.56615818206223e-20,8.80628348021162e-10,1.27179822229095e-09
9.38332939147949,6.43555119567744e-21,-5.70601921268121e-09,-8.1583175770561e-09
9.39166259765625,2.92299552899899e-20,-4.80998529894805e-09,-6.87830326029371e-09
9.39999580383301,-3.56425631288821e-20,8.80629735799943e-10,1.2718002206924e-09
9.40832996368408,6.43767650055207e-21,-5.70601077498623e-09,-8.15830603073664e-09
9.41666316986084,2.92275900704259e-20,-4.80999506891067e-09,-6.87831658297e-09
9.4249963760376,-3.5626814385501e-20,8.80631123578723e-10,1.27180210807154e-09
9.43332958221436,6.43652943368701e-21,-5.70600233729124e-09,-8.15829359623876e-09
9.44166278839111,2.92277645538363e-20,-4.81000439478407e-09,-6.87833034973551e-09
9.44999599456787,-3.5631279868339e-20,8.80632511357504e-10,1.27180410647298e-09
9.45832920074463,6.44239522667339e-21,-5.70599434368546e-09,-8.15828204991931e-09
9.46666240692139,2.92177059083407e-20,-4.81001372065748e-09,-6.8783436724118e-09
9.47499656677246,-3.56204489721934e-20,8.80633899136285e-10,1.27180610487443e-09
9.48332977294922,6.44011563322747e-21,-5.70598590599047e-09,-8.15826961542143e-09
9.49166297912598,2.92405179986713e-20,-4.8100234906201e-09,-6.87835743917731e-09
9.49999618530273,-3.56507153815598e-20,8.80635286915066e-10,1.27180810327587e-09
9.50832939147949,6.44493816082213e-21,-5.70597746829549e-09,-8.15825806910198e-09
9.51666259765625,2.92288696154359e-20,-4.8100328164935e-09,-6.8783707618536e-09
9.52499580383301,-3.56346241337062e-20,8.80636674693847e-10,1.27181010167732e-09
9.53332996368408,6.43967377014635e-21,-5.7059690306005e-09,-8.1582456346041e-09
9.54166316986084,2.92251052974139e-20,-4.81004214236691e-09,-6.87838452861911e-09
9.5499963760376,-3.56255283781424e-20,8.80638062472627e-10,1.27181210007876e-09
9.55832958221436,6.44475761895992e-21,-5.70596059290551e-09,-8.15823408828464e-09
9.56666278839111,2.9222885480692e-20,-4.81005191232953e-09,-6.8783978512954e-09
9.57499599456787,-3.56360167698156e-20,8.80639450251408e-10,1.27181409848021e-09
9.58332920074463,6.43789945157655e-21,-5.70595259929974e-09,-8.15822165378677e-09
9.59166240692139,2.920444840032e-20,-4.81006123820293e-09,-6.87841161806091e-09
9.59999656677246,-3.56229822128194e-20,8.80640838030189e-10,1.27181609688165e-09
9.60832977294922,6.43918828621261e-21,-5.70594416160475e-09,-8.15821010746731e-09
9.61666297912598,2.92310312710211e-20,-4.81007056407634e-09,-6.87842538482641e-09
9.62499618530273,-3.56546057153782e-20,8.8064222580897e-10,1.27181798426079e-09
9.63332939147949,6.43876904135137e-21,-5.70593572390976e-09,-8.15819856114786e-09
9.64166259765625,2.9212122439206e-20,-4.81008033403896e-09,-6.87843870750271e-09
9.64999580383301,-3.56261746129959e-20,8.8064361358775e-10,1.27181998266224e-09
9.65832901000977,6.43880539206188e-21,-5.70592728621477e-09,-8.15818612664998e-09
9.66666316986084,2.92220486065566e-20,-4.81008965991236e-09,-6.87845247426822e-09
9.6749963760376,-3.56277029584246e-20,8.80645001366531e-10,1.27182198106368e-09
9.68332958221436,6.4309601009397e-21,-5.70591884851979e-09,-8.15817458033052e-09
9.69166278839111,2.92261425043539e-20,-4.81009898578577e-09,-6.87846579694451e-09
9.69999599456787,-3.56504019576558e-20,8.80646389145312e-10,1.27182397946513e-09
9.70832920074463,6.4322259134591e-21,-5.70591085491401e-09,-8.15816214583265e-09
9.71666240692139,2.92053078926752e-20,-4.81010875574839e-09,-6.87847956371002e-09
9.72499656677246,-3.56389700630964e-20,8.80647776924093e-10,1.27182597786657e-09
9.73332977294922,6.42762956806318e-21,-5.70590241721902e-09,-8.15815059951319e-09
9.74166297912598,2.92327793362999e-20,-4.81011808162179e-09,-6.87849288638631e-09
9.74999618530273,-3.56561502166782e-20,8.80649164702874e-10,1.27182797626801e-09
9.75832939147949,6.42995843691668e-21,-5.70589397952403e-09,-8.15813816501532e-09
9.76666259765625,2.92260617249972e-20,-4.8101274074952e-09,-6.87850665315182e-09
9.77499580383301,-3.56651845799309e-20,8.80650607992806e-10,1.27182997466946e-09
9.78332901000977,6.43326029312158e-21,-5.70588554182905e-09,-8.15812661869586e-09
9.79166316986084,2.92110529205234e-20,-4.81013717745782e-09,-6.87851997582811e-09
9.7999963760376,-3.56399103348083e-20,8.80651995771586e-10,1.2718319730709e-09
9.80832958221436,6.42665981188606e-21,-5.70587754822327e-09,-8.15811418419798e-09
9.81666278839111,2.92211051036704e-20,-4.81014650333123e-09,-6.87853374259362e-09
9.82499599456787,-3.56458492331125e-20,8.80653383550367e-10,1.27183386045004e-09
9.83332920074463,6.43681175753865e-21,-5.70586911052828e-09,-8.15810263787853e-09
9.84166240692139,2.92060446004083e-20,-4.81015582920463e-09,-6.87854706526991e-09
9.84999561309814,-3.56447150909445e-20,8.80654771329148e-10,1.27183585885149e-09
9.85832977294922,6.42625833848328e-21,-5.7058606728333e-09,-8.15809020338065e-09
9.86666297912598,2.92247627929416e-20,-4.81016559916725e-09,-6.87856083203542e-09
9.87499618530273,-3.565993715292e-20,8.80656159107929e-10,1.27183785725293e-09
9.88332939147949,6.42630640220052e-21,-5.70585223513831e-09,-8.1580786570612e-09
9.89166259765625,2.92130917914863e-20,-4.81017492504066e-09,-6.87857415471171e-09
9.89999580383301,-3.56448152573468e-20,8.80657546886709e-10,1.27183985565438e-09
9.90832901000977,6.42096244385838e-21,-5.70584379744332e-09,-8.15806711074174e-09
9.91666316986084,2.92160160041987e-20,-4.81018425091406e-09,-6.87858792147722e-09
9.9249963760376,-3.56374869541074e-20,8.8065893466549e-10,1.27184185405582e-09
9.93332958221436,6.43000488504678e-21,-5.70583580383754e-09,-8.15805467624386e-09
9.94166278839111,2.92047198189585e-20,-4.81019402087668e-09,-6.87860124415351e-09
9.94999599456787,-3.56487346717336e-20,8.80660322444271e-10,1.27184385245727e-09
9.95832920074463,6.43688688234038e-21,-5.70582736614256e-09,-8.15804312992441e-09
9.96666240692139,2.92250180557087e-20,-4.81020334675009e-09,-6.87861501091902e-09
9.97499561309814,-3.56449897407572e-20,8.80661710223052e-10,1.27184585085871e-09
9.98332977294922,6.42430388194806e-21,-5.70581892844757e-09,-8.15803069542653e-09
9.99166297912598,2.92279939672093e-20,-4.81021267262349e-09,-6.87862833359532e-09
9.99999618530273,-3.5661927556269e-20,8.80663098001833e-10,1.27184784926015e-09
10.0083293914795,6.42333452966772e-21,-5.70581049075258e-09,-8.15801914910708e-09
10.0166625976562,2.92171630710637e-20,-4.8102219984969e-09,-6.87864210036082e-09
10.024995803833,-3.56455681209512e-20,8.80664485780613e-10,1.2718497366393e-09
10.0333290100098,6.42449532902342e-21,-5.7058020530576e-09,-8.1580067146092e-09
10.0416622161865,2.92127654428853e-20,-4.81023176845952e-09,-6.87865542303712e-09
10.0499963760376,-3.5645988173606e-20,8.80665873559394e-10,1.27185173504074e-09
10.0583295822144,6.4279001789081e-21,-5.70579405945182e-09,-8.15799516828974e-09
10.0666627883911,2.92164619062476e-20,-4.81024109433292e-09,-6.87866918980262e-09
10.0749959945679,-3.56542858291257e-20,8.80667261338175e-10,1.27185373344219e-09
10.0833292007446,6.42599742116116e-21,-5.70578562175683e-09,-8.15798273379187e-09
10.0916624069214,2.92200711279047e-20,-4.81025042020633e-09,-6.87868251247892e-09
10.0999956130981,-3.56371218314152e-20,8.80668649116956e-10,1.27185573184363e-09
10.1083288192749,6.43149243690031e-21,-5.70577718406184e-09,-8.15797118747241e-09
10.116662979126,2.92298583547619e-20,-4.81026019016895e-09,-6.87869627924442e-09
10.1249961853027,-3.56431415090761e-20,8.80670036895737e-10,1.27185773024507e-09
10.1333293914795,6.42386726952512e-21,-5.70576874636686e-09,-8.15795875297454e-09
10.1416625976562,2.92152017482832e-20,-4.81026951604235e-09,-6.87871004600993e-09
10.149995803833,-3.56452934711384e-20,8.80671424674517e-10,1.27185972864652e-09
10.1583290100098,6.42966318836796e-21,-5.70576030867187e-09,-8.15794720665508e-09
10.1666622161865,2.92338262367627e-20,-4.81027884191576e-09,-6.87872336868622e-09
10.1749963760376,-3.56335513838493e-20,8.80672812453298e-10,1.27186172704796e-09
10.1833295822144,6.43069999141114e-21,-5.70575231506609e-09,-8.1579347721572e-09
10.1916627883911,2.91962476800284e-20,-4.81028861187838e-09,-6.87873713545173e-09
10.1999959945679,-3.56618726263064e-20,8.80674200232079e-10,1.27186372544941e-09
10.2083292007446,6.43090840215141e-21,-5.70574387737111e-09,-8.15792322583775e-09
10.2166624069214,2.92332575500916e-20,-4.81029793775178e-09,-6.87875045812802e-09
10.2249956130981,-3.56423757207746e-20,8.8067558801086e-10,1.27186561282855e-09
10.2333288192749,6.43314397084794e-21,-5.70573543967612e-09,-8.15791167951829e-09
10.241662979126,2.92156831932491e-20,-4.81030726362519e-09,-6.87876422489353e-09
10.2499961853027,-3.56341717693087e-20,8.8067697578964e-10,1.27186761122999e-09
10.2583293914795,6.42398116841806e-21,-5.70572700198113e-09,-8.15789924502042e-09
10.2666625976562,2.9243374356724e-20,-4.81031703358781e-09,-6.87877754756983e-09
10.274995803833,-3.5649041633289e-20,8.80678363568421e-10,1.27186960963144e-09
10.2833290100098,6.43060103669919e-21,-5.70571856428614e-09,-8.15788769870096e-09
10.2916622161865,2.92242458050587e-20,-4.81032635946121e-09,-6.87879131433533e-09
10.2999954223633,-3.56236090606273e-20,8.80679751347202e-10,1.27187160803288e-09
10.3083295822144,6.42868858542944e-21,-5.70571057068037e-09,-8.15787526420308e-09
10.3166627883911,2.92388054763094e-20,-4.81033568533462e-09,-6.87880463701163e-09
10.3249959945679,-3.56251147878361e-20,8.80681139125983e-10,1.27187360643433e-09
10.3333292007446,6.43465777599239e-21,-5.70570213298538e-09,-8.15786371788363e-09
10.3416624069214,2.92080188478859e-20,-4.81034545529724e-09,-6.87881840377713e-09
10.3499956130981,-3.56196088668838e-20,8.80682526904764e-10,1.27187560483577e-09
10.3583288192749,6.43877873487417e-21,-5.70569369529039e-09,-8.15785128338575e-09
10.366662979126,2.92308341693907e-20,-4.81035478117064e-09,-6.87883172645343e-09
10.3749961853027,-3.56473194174043e-20,8.80683914683544e-10,1.27187760323721e-09
10.3833293914795,6.43440170543167e-21,-5.70568525759541e-09,-8.1578397370663e-09
10.3916625976562,2.92429898469861e-20,-4.81036410704405e-09,-6.87884549321893e-09
10.399995803833,-3.56375257281987e-20,8.80685302462325e-10,1.27187949061636e-09
10.4083290100098,6.43048511832233e-21,-5.70567681990042e-09,-8.15782730256842e-09
10.4166622161865,2.92150369583955e-20,-4.81037387700667e-09,-6.87885881589523e-09
10.4249954223633,-3.56379167002851e-20,8.80686690241106e-10,1.2718814890178e-09
10.4333295822144,6.43011555276545e-21,-5.70566882629464e-09,-8.15781575624897e-09
10.4416627883911,2.92354644421165e-20,-4.81038320288008e-09,-6.87887258266073e-09
10.4499959945679,-3.56459300124692e-20,8.80688078019887e-10,1.27188348741925e-09
10.4583292007446,6.43383019148306e-21,-5.70566038859965e-09,-8.15780332175109e-09
10.4666624069214,2.92000507721415e-20,-4.81039252875348e-09,-6.87888590533703e-09
10.4749956130981,-3.56568739997142e-20,8.80689465798667e-10,1.27188548582069e-09
10.4833288192749,6.42830649907228e-21,-5.70565195090467e-09,-8.15779177543163e-09
10.4916620254517,2.92216285539018e-20,-4.8104022987161e-09,-6.87889967210253e-09
10.4999961853027,-3.56177089364143e-20,8.80690853577448e-10,1.27188748422213e-09
10.5083293914795,6.43504026624634e-21,-5.70564351320968e-09,-8.15777934093376e-09
10.5166625976562,2.9217660671901e-20,-4.81041162458951e-09,-6.87891299477883e-09
10.524995803833,-3.56179092692189e-20,8.80692241356229e-10,1.27188948262358e-09
10.5333290100098,6.43532662906582e-21,-5.70563507551469e-09,-8.1577677946143e-09
10.5416622161865,2.92306306054119e-20,-4.81042095046291e-09,-6.87892676154434e-09
10.5499954223633,-3.56418328834976e-20,8.8069362913501e-10,1.27189148102502e-09
10.5583295822144,6.42595380030855e-21,-5.70562708190891e-09,-8.15775624829485e-09
10.5666627883911,2.92350799323786e-20,-4.81043027633632e-09,-6.87894008422063e-09
10.5749959945679,-3.56519464589558e-20,8.80695016913791e-10,1.27189347942647e-09
10.5833292007446,6.43457295766786e-21,-5.70561864421393e-09,-8.15774381379697e-09
10.5916624069214,2.92383014131236e-20,-4.81044004629894e-09,-6.87895385098614e-09
10.5999956130981,-3.56337517166539e-20,8.80696404692571e-10,1.27189536680561e-09
10.6083288192749,6.43085306829208e-21,-5.70561020651894e-09,-8.15773226747751e-09
10.6166620254517,2.92238839135407e-20,-4.81044937217234e-09,-6.87896717366243e-09
10.6249961853027,-3.56212696904574e-20,8.80697792471352e-10,1.27189736520705e-09
10.6333293914795,6.43594661062846e-21,-5.70560176882395e-09,-8.15771983297964e-09
10.6416625976562,2.92371866580012e-20,-4.81045869804575e-09,-6.87898094042794e-09
10.649995803833,-3.56402754575005e-20,8.80699180250133e-10,1.2718993636085e-09
10.6583290100098,6.43617440841433e-21,-5.70559333112897e-09,-8.15770828666018e-09
10.6666622161865,2.92225171268255e-20,-4.81046846800837e-09,-6.87899470719344e-09
10.6749954223633,-3.56422820167208e-20,8.80700568028914e-10,1.27190136200994e-09
10.68332862854,6.43309429154357e-21,-5.70558533752319e-09,-8.15769585216231e-09
10.6916627883911,2.92418201619012e-20,-4.81047779388177e-09,-6.87900802986974e-09
10.6999959945679,-3.56589451824198e-20,8.80701955807695e-10,1.27190336041139e-09
10.7083292007446,6.43000003828538e-21,-5.7055768998282e-09,-8.15768430584285e-09
10.7166624069214,2.92311734426889e-20,-4.81048711975518e-09,-6.87902179663524e-09
10.7249956130981,-3.56508607844018e-20,8.80703343586475e-10,1.27190535881283e-09
10.7333288192749,6.4265071389019e-21,-5.70556846213321e-09,-8.15767187134497e-09
10.7416620254517,2.92153633069966e-20,-4.8104968897178e-09,-6.87903511931154e-09
10.7499952316284,-3.56392124011664e-20,8.80704731365256e-10,1.27190735721427e-09
10.7583293914795,6.43240605142453e-21,-5.70556002443823e-09,-8.15766032502552e-09
10.7666625976562,2.92416133667481e-20,-4.8105062155912e-09,-6.87904888607704e-09
10.774995803833,-3.56285010584687e-20,8.80706119144037e-10,1.27190924459342e-09
10.7833290100098,6.44073601868688e-21,-5.70555158674324e-09,-8.15764789052764e-09
10.7916622161865,2.92502567579144e-20,-4.81051554146461e-09,-6.87906220875334e-09
10.7999954223633,-3.56519949265698e-20,8.80707506922818e-10,1.27191124299486e-09
10.80832862854,6.44631100598916e-21,-5.70554359313746e-09,-8.15763634420819e-09
10.8166627883911,2.92498399364338e-20,-4.81052531142723e-09,-6.87907597551884e-09
10.8249959945679,-3.56147297937394e-20,8.80708894701598e-10,1.27191324139631e-09
10.8333292007446,6.44959993749698e-21,-5.70553515544248e-09,-8.15762479788873e-09
10.8416624069214,2.92446280523399e-20,-4.81053463730063e-09,-6.87908929819514e-09
10.8499956130981,-3.56289211111235e-20,8.80710282480379e-10,1.27191523979775e-09
10.8583288192749,6.44789589696751e-21,-5.70552671774749e-09,-8.15761236339085e-09
10.8666620254517,2.92530840353987e-20,-4.81054396317404e-09,-6.87910306496065e-09
10.8749952316284,-3.56273442980809e-20,8.8071167025916e-10,1.27191723819919e-09
10.8833293914795,6.45041257782533e-21,-5.7055182800525e-09,-8.1576008170714e-09
10.8916625976562,2.92419655647433e-20,-4.81055373313666e-09,-6.87911638763694e-09
10.899995803833,-3.55922149714415e-20,8.80713058037941e-10,1.27191923660064e-09
10.9083290100098,6.45137667944748e-21,-5.70550984235751e-09,-8.15758838257352e-09
10.9166622161865,2.92124326319357e-20,-4.81056305901006e-09,-6.87913015440245e-09
10.9249954223633,-3.56328308319876e-20,8.80714445816722e-10,1.27192123500208e-09
10.93332862854,6.45020537877541e-21,-5.70550184875174e-09,-8.15757683625407e-09
10.9416618347168,2.92462985694364e-20,-4.81057238488347e-09,-6.87914347707874e-09
10.9499959945679,-3.56101803003704e-20,8.80715833595502e-10,1.27192312238122e-09
10.9583292007446,6.44710304758155e-21,-5.70549341105675e-09,-8.15756440175619e-09
10.9666624069214,2.92492874056341e-20,-4.81058215484609e-09,-6.87915724384425e-09
10.9749956130981,-3.56076018233047e-20,8.80717221374283e-10,1.27192512078267e-09
10.9833288192749,6.44359439622352e-21,-5.70548497336176e-09,-8.15755285543673e-09
10.9916620254517,2.92568774339891e-20,-4.81059148071949e-09,-6.87917056652054e-09
10.9999952316284,-3.5636094317998e-20,8.80718609153064e-10,1.27192711918411e-09
11.0083293914795,6.45628240977955e-21,-5.70547653566678e-09,-8.15754042093886e-09
11.0166625976562,2.92678634264996e-20,-4.8106008065929e-09,-6.87918433328605e-09
11.024995803833,-3.55826442332603e-20,8.80719996931845e-10,1.27192911758556e-09
11.0333290100098,6.45335860096398e-21,-5.70546809797179e-09,-8.1575288746194e-09
11.0416622161865,2.92538142807832e-20,-4.81061057655552e-09,-6.87919765596234e-09
11.0499954223633,-3.55913813284804e-20,8.80721384710625e-10,1.271931115987e-09
11.05832862854,6.44469865002954e-21,-5.70546010436601e-09,-8.15751644012153e-09
11.0666618347168,2.92411965452675e-20,-4.81061990242893e-09,-6.87921142272785e-09
11.0749959945679,-3.56041476980124e-20,8.80722772489406e-10,1.27193311438845e-09
11.0833292007446,6.44746615078989e-21,-5.70545166667102e-09,-8.15750489380207e-09
11.0916624069214,2.92373837596315e-20,-4.81062922830233e-09,-6.87922474540414e-09
11.0999956130981,-3.56127426215647e-20,8.80724160268187e-10,1.27193511278989e-09
11.1083288192749,6.44415096599115e-21,-5.70544322897604e-09,-8.15749245930419e-09
11.1166620254517,2.92552166104154e-20,-4.81063855417574e-09,-6.87923851216965e-09
11.1249952316284,-3.56114533830319e-20,8.80725548046968e-10,1.27193700016903e-09
11.1333284378052,6.44881193487243e-21,-5.70543479128105e-09,-8.15748091298474e-09
11.1416625976562,2.92426796542564e-20,-4.81064832413836e-09,-6.87925183484595e-09
11.149995803833,-3.56118508174668e-20,8.80726935825749e-10,1.27193899857048e-09
11.1583290100098,6.4531138395132e-21,-5.70542635358606e-09,-8.15746936666528e-09
11.1666622161865,2.92508222134113e-20,-4.81065765001176e-09,-6.87926560161145e-09
11.1749954223633,-3.56142095746823e-20,8.80728323604529e-10,1.27194099697192e-09
11.18332862854,6.44881031928529e-21,-5.70541835998029e-09,-8.15745693216741e-09
11.1916618347168,2.92407861861355e-20,-4.81066697588517e-09,-6.87927892428775e-09
11.1999959945679,-3.56056405005242e-20,8.8072971138331e-10,1.27194299537337e-09
11.2083292007446,6.44521806129308e-21,-5.7054099222853e-09,-8.15744538584795e-09
11.2166624069214,2.92526672139182e-20,-4.81067674584779e-09,-6.87929269105325e-09
11.2249956130981,-3.56243069942692e-20,8.80731099162091e-10,1.27194499377481e-09
11.2333288192749,6.45458927446323e-21,-5.70540148459031e-09,-8.15743295135007e-09
11.2416620254517,2.92546996225326e-20,-4.81068607172119e-09,-6.87930645781876e-09
11.2499952316284,-3.56319034849727e-20,8.80732486940872e-10,1.27194699217625e-09
11.2583284378052,6.44996021342784e-21,-5.70539304689532e-09,-8.15742140503062e-09
11.2666625976562,2.92601376888253e-20,-4.8106953975946e-09,-6.87931978049505e-09
11.274995803833,-3.55914168713974e-20,8.80733874719652e-10,1.2719489905777e-09
11.2833290100098,6.44732721029638e-21,-5.70538460920034e-09,-8.15740897053274e-09
11.2916622161865,2.92515395340987e-20,-4.81070516755722e-09,-6.87933354726056e-09
11.2999954223633,-3.56184424129731e-20,8.80735262498433e-10,1.27195087795684e-09
11.30832862854,6.44865158784939e-21,-5.70537661559456e-09,-8.15739742421329e-09
11.3166618347168,2.9253510550402e-20,-4.81071449343062e-09,-6.87934686993685e-09
11.3249950408936,-3.56267012944016e-20,8.80736650277214e-10,1.27195287635828e-09
11.3333292007446,6.44332338148181e-21,-5.70536817789957e-09,-8.15738498971541e-09
11.3416624069214,2.92364273320483e-20,-4.81072381930403e-09,-6.87936063670236e-09
11.3499956130981,-3.5616510170761e-20,8.80738038055995e-10,1.27195487475973e-09
11.3583288192749,6.44202202604546e-21,-5.70535974020459e-09,-8.15737344339595e-09
11.3666620254517,2.92533716099085e-20,-4.81073358926665e-09,-6.87937395937865e-09
11.3749952316284,-3.56132369912277e-20,8.80739425834776e-10,1.27195687316117e-09
11.3833284378052,6.44328622297773e-21,-5.7053513025096e-09,-8.15736100889808e-09
11.3916616439819,2.9249781775297e-20,-4.81074291514005e-09,-6.87938772614416e-09
11.399995803833,-3.56288984929037e-20,8.80740813613556e-10,1.27195887156262e-09
11.4083290100098,6.4430475199787e-21,-5.70534330890382e-09,-8.15734946257862e-09
11.4166622161865,2.92433485073299e-20,-4.81075224101346e-09,-6.87940104882045e-09
11.4249954223633,-3.56380653343014e-20,8.80742201392337e-10,1.27196086996406e-09
11.43332862854,6.44255799707713e-21,-5.70533487120883e-09,-8.15733702808075e-09
11.4416618347168,2.9241732920196e-20,-4.81076201097608e-09,-6.87941481558596e-09
11.4499950408936,-3.56333769004388e-20,8.80743589171118e-10,1.27196286836551e-09
11.4583292007446,6.45155156675472e-21,-5.70532643351385e-09,-8.15732548176129e-09
11.4666624069214,2.92289019271786e-20,-4.81077133684948e-09,-6.87942813826226e-09
11.4749956130981,-3.56167557400053e-20,8.80744976949899e-10,1.27196475574465e-09
11.4833288192749,6.44511789489078e-21,-5.70531799581886e-09,-8.15731393544183e-09
11.4916620254517,2.92428250570985e-20,-4.81078066272289e-09,-6.87944190502776e-09
11.4999952316284,-3.56316029857658e-20,8.8074636472868e-10,1.27196675414609e-09
11.5083284378052,6.44636189698388e-21,-5.70530955812387e-09,-8.15730150094396e-09
11.5166616439819,2.92489093582447e-20,-4.81079043268551e-09,-6.87945522770406e-09
11.524995803833,-3.5622917589334e-20,8.8074775250746e-10,1.27196875254754e-09
11.5333290100098,6.44627869424648e-21,-5.70530156451809e-09,-8.1572899546245e-09
11.5416622161865,2.92510871697012e-20,-4.81079975855891e-09,-6.87946899446956e-09
11.5499954223633,-3.56318808667528e-20,8.80749140286241e-10,1.27197075094898e-09
11.55832862854,6.44782965789502e-21,-5.70529312682311e-09,-8.15727752012663e-09
11.5666618347168,2.92579760332401e-20,-4.81080908443232e-09,-6.87948231714586e-09
11.5749950408936,-3.56352445191656e-20,8.80750528065022e-10,1.27197274935043e-09
11.5833282470703,6.44976149621037e-21,-5.70528468912812e-09,-8.15726597380717e-09
11.5916624069214,2.92643414465477e-20,-4.81081885439494e-09,-6.87949608391136e-09
11.5999956130981,-3.56376323569495e-20,8.80751915843803e-10,1.27197474775187e-09
11.6083288192749,6.44280679749575e-21,-5.70527625143313e-09,-8.15725353930929e-09
11.6166620254517,2.92459399090926e-20,-4.81082818026835e-09,-6.87950940658766e-09
11.6249952316284,-3.56267691490612e-20,8.80753303622583e-10,1.27197674615331e-09
11.6333284378052,6.4354445669266e-21,-5.70526781373815e-09,-8.15724199298984e-09
11.6416616439819,2.92517463292518e-20,-4.81083750614175e-09,-6.87952317335316e-09
11.649995803833,-3.55997533010083e-20,8.80754691401364e-10,1.27197863353246e-09
11.6583290100098,6.4376684226164e-21,-5.70525982013237e-09,-8.15722955849196e-09
11.6666622161865,2.92413742598522e-20,-4.81084727610437e-09,-6.87953649602946e-09
11.6749954223633,-3.56149689006353e-20,8.80756079180145e-10,1.2719806319339e-09
11.68332862854,6.43469735787717e-21,-5.70525138243738e-09,-8.15721801217251e-09
11.6916618347168,2.92418460112953e-20,-4.81085660197778e-09,-6.87955026279496e-09
11.6999950408936,-3.56341976187028e-20,8.80757466958926e-10,1.27198263033534e-09
11.7083282470703,6.44112456739258e-21,-5.70524294474239e-09,-8.15720557767463e-09
11.7166624069214,2.92428056700529e-20,-4.81086592785118e-09,-6.87956358547126e-09
11.7249956130981,-3.56377583727459e-20,8.80758854737707e-10,1.27198462873679e-09
11.7333288192749,6.43856951634033e-21,-5.70523450704741e-09,-8.15719403135517e-09
11.7416620254517,2.92319812362558e-20,-4.81087525372459e-09,-6.87957735223677e-09
11.7499952316284,-3.56354868572357e-20,8.80760242516487e-10,1.27198662713823e-09
11.7583284378052,6.43780857480027e-21,-5.70522606935242e-09,-8.1571815968573e-09
11.7666616439819,2.92188238946374e-20,-4.81088502368721e-09,-6.87959111900227e-09
11.7749948501587,-3.56178155651652e-20,8.80761630295268e-10,1.27198862553968e-09
11.7833290100098,6.43864019827744e-21,-5.70521807574664e-09,-8.15717005053784e-09
11.7916622161865,2.92411674646991e-20,-4.81089434956061e-09,-6.87960444167857e-09
11.7999954223633,-3.56273475292551e-20,8.80763018074049e-10,1.27199062394112e-09
11.80832862854,6.43788693077626e-21,-5.70520963805166e-09,-8.15715850421839e-09
11.8166618347168,2.92626547735799e-20,-4.81090367543402e-09,-6.87961820844407e-09
11.8249950408936,-3.5621818990083e-20,8.8076440585283e-10,1.27199251132026e-09
11.8333282470703,6.43981836519483e-21,-5.70520120035667e-09,-8.15714606972051e-09
11.8416614532471,2.92291216470288e-20,-4.81091344539664e-09,-6.87963153112037e-09
11.8499956130981,-3.56206654608694e-20,8.8076579363161e-10,1.27199450972171e-09
11.8583288192749,6.43035546745484e-21,-5.70519276266168e-09,-8.15713452340106e-09
11.8666620254517,2.92412030076161e-20,-4.81092277127004e-09,-6.87964529788587e-09
11.8749952316284,-3.56518236743336e-20,8.80767181410391e-10,1.27199650812315e-09
11.8833284378052,6.43535328625353e-21,-5.70518432496669e-09,-8.15712208890318e-09
11.8916616439819,2.9221521925151e-20,-4.81093209714345e-09,-6.87965862056217e-09
11.8999948501587,-3.56262973976181e-20,8.80768569189172e-10,1.2719985065246e-09
11.9083290100098,6.42421623634604e-21,-5.70517633136092e-09,-8.15711054258372e-09
11.9166622161865,2.92281329077029e-20,-4.81094186710607e-09,-6.87967238732767e-09
11.9249954223633,-3.56503308718219e-20,8.80769956967953e-10,1.27200050492604e-09
11.93332862854,6.42317297095433e-21,-5.70516789366593e-09,-8.15709810808585e-09
11.9416618347168,2.92222133964443e-20,-4.81095119297947e-09,-6.87968571000397e-09
11.9499950408936,-3.56125778316771e-20,8.80771344746734e-10,1.27200250332749e-09
11.9583282470703,6.43107521152299e-21,-5.70515945597094e-09,-8.15708656176639e-09
11.9666614532471,2.92254057966209e-20,-4.81096051885288e-09,-6.87969947676947e-09
11.9749956130981,-3.56171434809175e-20,8.80772732525514e-10,1.27200439070663e-09
11.9833288192749,6.42613797724181e-21,-5.70515101827596e-09,-8.15707412726852e-09
11.9916620254517,2.92277225485709e-20,-4.8109702888155e-09,-6.87971279944577e-09
11.9999952316284,-3.56641538353395e-20,8.80774120304295e-10,1.27200638910807e-09
12.0083284378052,6.43115397139576e-21,-5.70514258058097e-09,-8.15706258094906e-09
12.0166616439819,2.9231839064588e-20,-4.8109796146889e-09,-6.87972656621127e-09
12.0249948501587,-3.56502016248512e-20,8.80775508083076e-10,1.27200838750952e-09
12.0333280563354,6.42889941955042e-21,-5.70513458697519e-09,-8.15705014645118e-09
12.0416622161865,2.92360266664391e-20,-4.81098894056231e-09,-6.87973988888757e-09
12.0499954223633,-3.56306497893568e-20,8.80776895861857e-10,1.27201038591096e-09
12.05832862854,6.4278416138745e-21,-5.7051261492802e-09,-8.15703860013173e-09
12.0666618347168,2.92301814721886e-20,-4.81099871052493e-09,-6.87975365565308e-09
12.0749950408936,-3.56704869369043e-20,8.80778283640637e-10,1.2720123843124e-09
12.0833282470703,6.4275532315711e-21,-5.70511771158522e-09,-8.15702616563385e-09
12.0916614532471,2.92399363873031e-20,-4.81100803639833e-09,-6.87976697832937e-09
12.0999956130981,-3.56542955226485e-20,8.80779671419418e-10,1.27201438271385e-09
12.1083288192749,6.43440937947056e-21,-5.70510927389023e-09,-8.1570146193144e-09
12.1166620254517,2.92329505885361e-20,-4.81101736227174e-09,-6.87978074509488e-09
12.1249952316284,-3.56200547689327e-20,8.80781059198199e-10,1.27201638111529e-09
12.1333284378052,6.42818169496618e-21,-5.70510083619524e-09,-8.15700307299494e-09
12.1416616439819,2.92308115511709e-20,-4.81102713223436e-09,-6.87979406777117e-09
12.1499948501587,-3.56489156174926e-20,8.8078244697698e-10,1.27201826849443e-09
12.1583280563354,6.42835133161524e-21,-5.70509284258947e-09,-8.15699063849706e-09
12.1666622161865,2.92426247242939e-20,-4.81103645810776e-09,-6.87980783453668e-09
12.1749954223633,-3.5659743282464e-20,8.80783834755761e-10,1.27202026689588e-09
12.18332862854,6.42994470442604e-21,-5.70508440489448e-09,-8.15697909217761e-09
12.1916618347168,2.92377198017554e-20,-4.81104578398117e-09,-6.87982115721297e-09
12.1999950408936,-3.56209756535991e-20,8.80785222534541e-10,1.27202226529732e-09
12.2083282470703,6.41935816583443e-21,-5.70507596719949e-09,-8.15696665767973e-09
12.2166614532471,2.92199192627142e-20,-4.81105510985458e-09,-6.87983492397848e-09
12.2249946594238,-3.56175053724355e-20,8.80786610313322e-10,1.27202426369877e-09
12.2333288192749,6.42348114420012e-21,-5.7050675295045e-09,-8.15695511136028e-09
12.2416620254517,2.92268727497384e-20,-4.8110648798172e-09,-6.87984824665477e-09
12.2499952316284,-3.56376452816466e-20,8.80787998092103e-10,1.27202626210021e-09
12.2583284378052,6.42790300618559e-21,-5.70505909180952e-09,-8.1569426768624e-09
12.2666616439819,2.92350540829845e-20,-4.8110742056906e-09,-6.87986201342028e-09
12.2749948501587,-3.56634688263947e-20,8.80789385870884e-10,1.27202826050166e-09
12.2833280563354,6.41992483302164e-21,-5.70505109820374e-09,-8.15693113054294e-09
12.2916622161865,2.9202277051212e-20,-4.81108353156401e-09,-6.87987533609657e-09
12.2999954223633,-3.56278935977064e-20,8.80790773649665e-10,1.2720301478808e-09
12.30832862854,6.41746106264246e-21,-5.70504266050875e-09,-8.15691869604507e-09
12.3166618347168,2.92015597305246e-20,-4.81109330152663e-09,-6.87988910286208e-09
12.3249950408936,-3.56783871579891e-20,8.80792161428445e-10,1.27203214628224e-09
12.3333282470703,6.40979752507284e-21,-5.70503422281377e-09,-8.15690714972561e-09
12.3416614532471,2.92055405372225e-20,-4.81110262740003e-09,-6.87990242553838e-09
12.3499946594238,-3.56732722091232e-20,8.80793549207226e-10,1.27203414468369e-09
12.3583288192749,6.41659793521617e-21,-5.70502578511878e-09,-8.15689471522774e-09
12.3666620254517,2.92192116355495e-20,-4.81111195327344e-09,-6.87991619230388e-09
12.3749952316284,-3.56399878829907e-20,8.80794936986007e-10,1.27203614308513e-09
12.3833284378052,6.41533535387104e-21,-5.70501734742379e-09,-8.15688316890828e-09
12.3916616439819,2.92403629023064e-20,-4.81112172323606e-09,-6.87992995906939e-09
12.3999948501587,-3.56418167276263e-20,8.80796324764788e-10,1.27203814148658e-09
12.4083280563354,6.4202386608224e-21,-5.70500935381801e-09,-8.1568707344104e-09
12.4166612625122,2.92349733036278e-20,-4.81113104910946e-09,-6.87994328174568e-09
12.4249954223633,-3.56385887845328e-20,8.80797712543568e-10,1.27204013988802e-09
12.43332862854,6.42434023265857e-21,-5.70500091612303e-09,-8.15685918809095e-09
12.4416618347168,2.92210404801851e-20,-4.81114037498287e-09,-6.87995704851119e-09
12.4499950408936,-3.56352380568171e-20,8.80799100322349e-10,1.27204202726716e-09
12.4583282470703,6.41051565355385e-21,-5.70499247842804e-09,-8.15684764177149e-09
12.4666614532471,2.92271053942857e-20,-4.81115014494549e-09,-6.87997037118748e-09
12.4749946594238,-3.56542858291257e-20,8.8080048810113e-10,1.27204402566861e-09
12.4833278656006,6.40615154880842e-21,-5.70498404073305e-09,-8.15683520727362e-09
12.4916620254517,2.92064969648058e-20,-4.81115947081889e-09,-6.87998413795299e-09
12.4999952316284,-3.56827104691594e-20,8.80801875879911e-10,1.27204602407005e-09
