Time,U1,U2,U3
0.0,0.0,0.0,0.0
0.000370369991287589,3.52714951517003e-23,-1.65426474602048e-11,-1.97525155953837e-11
0.000740739982575178,-7.36987936448575e-23,-2.16431495121683e-12,-1.10326999272492e-11
0.00111110997386277,-8.32975143000674e-23,8.53863420940959e-12,1.49329264231834e-11
0.00148147996515036,-2.38445388615427e-23,-2.85151225548619e-11,-3.54987185480216e-11
0.00185184995643795,-1.92093865577911e-22,-7.48706565495416e-12,-1.48849613190727e-11
0.00222221994772553,-1.38568024949757e-22,2.07881090813489e-11,2.78010149623586e-11
0.00259258993901312,5.43919972803122e-23,-2.4281455318631e-11,-3.35623230596216e-11
0.00296295993030071,-7.30840564295241e-23,-2.08427025638613e-11,-2.47634759920068e-11
0.0033333299215883,2.84490410792273e-23,1.99868923494995e-11,2.28637022509082e-11
0.00370369991287589,5.10787511861252e-22,-1.34563454129433e-11,-1.84398312591538e-11
0.00407407013699412,3.39416353309449e-22,-1.93470257175976e-11,-2.72991056843308e-11
0.00444443989545107,-3.23612856670554e-22,7.76747416386669e-12,1.40932352593603e-11
0.0048148101195693,-2.41069506017653e-22,-1.2044234533326e-11,-1.96980227268329e-11
0.00518517987802625,6.87366124264149e-23,-8.96560777008393e-12,-1.51196225678385e-11
0.00555555010214448,-5.68706802860508e-23,5.89485535038015e-12,1.13002957685682e-11
0.00592591986060143,-8.19748533083887e-23,-2.19129228651305e-11,-2.9449623295541e-11
0.00629629008471966,7.51261270123282e-23,-6.223333046812e-12,-1.18243297098086e-11
0.0066666598431766,1.3803763274241e-22,1.5403520473023e-11,1.97435054416495e-11
0.00703703006729484,-3.97360881546785e-23,-2.62576627108047e-11,-3.23764105802926e-11
0.00740739982575178,-1.95651640882232e-22,-1.39442528704348e-11,-2.11579018194463e-11
0.00777777004987001,1.67275253892376e-22,1.95035550210054e-11,2.55021958411872e-11
0.00814814027398825,4.98875384026278e-22,-1.84829911792361e-11,-2.61835553239109e-11
0.00851850956678391,-9.94656918691152e-23,-1.95755998216862e-11,-2.53729225130339e-11
0.00888887979090214,-5.79951402908371e-22,1.35381124713452e-11,1.83483749027769e-11
0.00925925001502037,8.82530959081769e-24,-1.31390410704202e-11,-1.99220223651153e-11
0.0096296202391386,3.45121521593752e-22,-1.39657122671943e-11,-2.03922122243849e-11
0.00999999046325684,-8.72157864163002e-23,7.42106376350193e-12,1.25830283692618e-11
0.0103703597560525,-5.81671952718869e-23,-1.74985755052592e-11,-2.43850686171276e-11
0.0107407299801707,2.58903391787067e-22,-7.82251433767422e-12,-1.4356757102596e-11
0.011111100204289,3.40838650588901e-23,1.09161421221748e-11,1.63513907275314e-11
0.0114814704284072,-3.20875824873799e-22,-2.36830104138885e-11,-3.09515711671704e-11
0.0118518397212029,-1.39415652836974e-22,-1.05513766127108e-11,-1.66534251666572e-11
0.0122222099453211,3.6241522065882e-22,1.72400826253805e-11,2.22421785850413e-11
0.0125925801694393,2.61609449749239e-22,-2.19631049458435e-11,-2.88370716194919e-11
0.0129629503935575,-3.64967393946489e-22,-1.6595964186239e-11,-2.30198325679165e-11
0.0133333196863532,-3.16229194328332e-22,1.61573723150843e-11,2.1383764550742e-11
0.0137036899104714,4.04682110281524e-22,-1.60084671213534e-11,-2.30013959268138e-11
0.0140740601345897,2.5427094811612e-22,-1.62892685451332e-11,-2.26928198454601e-11
0.0144444303587079,-3.91250421772928e-22,1.04782224563671e-11,1.57705827563692e-11
0.0148147996515036,-8.54617447272104e-23,-1.56320026367673e-11,-2.2761103765645e-11
0.0151851698756218,2.10370914471217e-22,-1.09984330670665e-11,-1.7218993592083e-11
0.01555554009974,-1.84714507260788e-22,9.60445698666712e-12,1.46947506246553e-11
0.0159259103238583,-1.9880028136667e-22,-2.06442380551453e-11,-2.75753794798383e-11
0.0162962805479765,2.98971921704424e-22,-9.52053279962284e-12,-1.59191548831927e-11
0.0166666507720947,3.32515524328321e-22,1.4123682258449e-11,1.93592503139328e-11
0.0170370191335678,-2.27240484048315e-22,-2.24993131764384e-11,-2.95321440912932e-11
0.017407389357686,-4.74265145215692e-22,-1.36384263257905e-11,-1.99824080893141e-11
0.0177777595818043,6.70214268700727e-23,1.63619274379245e-11,2.15849248197397e-11
0.0181481298059225,5.22088392401537e-22,-1.88345328916428e-11,-2.5889578675331e-11
0.0185185000300407,2.66292147015293e-23,-1.61995711983609e-11,-2.24924540798144e-11
0.018888870254159,-3.68379160563585e-22,1.32070760577863e-11,1.83577701651227e-11
0.0192592404782772,7.39335838938002e-23,-1.60930210130195e-11,-2.30656917177274e-11
0.0196296107023954,1.07730391935611e-22,-1.34635679341355e-11,-1.98390592148767e-11
0.0199999809265137,-2.97313546755032e-22,1.02475614799369e-11,1.54761949783255e-11
0.0203703492879868,2.61054110604625e-23,-1.83121105085116e-11,-2.53550357792731e-11
0.020740719512105,4.14874647560861e-22,-1.04448880100527e-11,-1.67622044716653e-11
0.0211110897362232,-7.61061604693204e-24,1.20496364622302e-11,1.72353485650145e-11
0.0214814599603415,-4.19670517967821e-22,-2.14085815047893e-11,-2.84226982227853e-11
0.0218518301844597,-1.46575152464368e-22,-1.17869056528996e-11,-1.81217523625987e-11
0.0222222004085779,3.29470445503521e-22,1.51259855335484e-11,2.031869811292e-11
0.0225925706326962,2.81680974186193e-22,-2.04710033646638e-11,-2.74817842094155e-11
0.0229629408568144,-2.18389944319166e-22,-1.48181952819293e-11,-2.11637634500716e-11
0.0233333092182875,-2.39359735202564e-22,1.45780418986385e-11,1.97846738991814e-11
0.0237036794424057,1.8574871021842e-22,-1.75299549182162e-11,-2.45560932699007e-11
0.0240740496665239,2.35192236682823e-23,-1.46317038346444e-11,-2.09605423295844e-11
0.0244444198906422,-2.21160171382812e-22,1.17684976347343e-11,1.69587781317926e-11
0.0248147901147604,2.24922267972473e-22,-1.73950246568078e-11,-2.44082132977441e-11
0.0251851603388786,2.76521293751519e-22,-1.19759107145012e-11,-1.83133265496682e-11
0.0255555305629969,-3.2562133440057e-22,1.13393782211202e-11,1.65349817171645e-11
0.0259259007871151,-3.1750740143028e-22,-1.98672675533196e-11,-2.68826488847296e-11
0.0262962691485882,2.18798536402747e-22,-1.12902404439397e-11,-1.76298177445577e-11
0.0266666393727064,3.09600768484108e-22,1.36079862655958e-11,1.88098616543675e-11
0.0270370095968246,-2.52725948256026e-23,-2.07704183713409e-11,-2.7793949433641e-11
0.0274073798209429,-2.53873286489241e-22,-1.33467455837311e-11,-1.96777281968874e-11
0.0277777500450611,-6.90089335217844e-23,1.47014258405909e-11,1.98938990281228e-11
0.0281481202691793,1.69567330273263e-22,-1.89454753968255e-11,-2.59590543505439e-11
0.0285184904932976,-3.41774902265653e-23,-1.45858134598109e-11,-2.09253447902569e-11
0.0288888607174158,-8.12404679818386e-23,1.31042815487703e-11,1.83025677946702e-11
0.0292592290788889,2.53933795276115e-22,-1.758647047434e-11,-2.46038311252361e-11
0.0296295993030071,1.89292727788555e-23,-1.32241613493012e-11,-1.95611495751313e-11
0.0299999695271254,-4.16066143072106e-22,1.16617349457671e-11,1.68593958238539e-11
0.0303703397512436,-2.04066404381007e-23,-1.87169654775055e-11,-2.57361753436269e-11
0.0307407099753618,3.91478270045905e-22,-1.17284532780149e-11,-1.80622235917971e-11
0.0311110801994801,7.42592509190244e-23,1.25686648588808e-11,1.77630739978119e-11
0.0314814485609531,-2.15999254014239e-22,-2.02411490346499e-11,-2.72569432302472e-11
0.0318518206477165,-1.25356094156694e-22,-1.2416064704146e-11,-1.87539046792029e-11
0.0322221890091896,4.48358561813225e-23,1.4091131039784e-11,1.92894537148769e-11
0.032592561095953,1.06947589482142e-22,-1.9757546293464e-11,-2.67759460437222e-11
0.0329629294574261,-1.46101189055293e-23,-1.39177332852958e-11,-2.02540137439478e-11
0.0333333015441895,6.07608752649449e-24,1.38022093754131e-11,1.89990679438923e-11
0.0337036699056625,1.31387434337201e-22,-1.83001860193377e-11,-2.53173627895453e-11
0.0340740382671356,-1.54680893903018e-22,-1.38067769023253e-11,-2.01432013430258e-11
0.034444410353899,-2.74373572605401e-22,1.24057630487839e-11,1.76018678799128e-11
0.0348147787153721,2.33384435700764e-22,-1.82483993194094e-11,-2.52649290377605e-11
0.0351851508021355,3.12879653059441e-22,-1.24867538184303e-11,-1.88235434184225e-11
0.0355555191636086,-1.82324031526028e-22,1.22081416156772e-11,1.74049889084538e-11
0.0359258912503719,-2.16688428144589e-22,-1.94793885882616e-11,-2.64970476115955e-11
0.036296259611845,4.61018895817808e-23,-1.21609146364055e-11,-1.84969730504525e-11
0.0366666316986084,6.5543688446202e-23,1.33405170590906e-11,1.85372169003717e-11
0.0370370000600815,5.04800802275319e-23,-1.99161919595126e-11,-2.69335942437721e-11
0.0374073684215546,2.64760715562769e-23,-1.31870339301066e-11,-1.95236639355389e-11
0.0377777405083179,-9.83359057910412e-24,1.38707786576098e-11,1.90676797268141e-11
0.038148108869791,-1.52847874615541e-23,-1.90016353346367e-11,-2.60185727130047e-11
0.0385184809565544,-1.5094048152192e-22,-1.37933041724492e-11,-2.01304233699018e-11
0.0388888493180275,-5.41154163360545e-23,1.30705229625661e-11,1.82675038290503e-11
0.0392592214047909,3.00848527134636e-22,-1.83358068311934e-11,-2.53528864568864e-11
0.039629589766264,1.01514243733117e-22,-1.31086608581854e-11,-1.9445167698251e-11
0.0399999618530273,-3.09577998802939e-22,1.23616733169185e-11,1.75579949884819e-11
0.0403703302145004,-8.50896043283378e-23,-1.89063990158056e-11,-2.5923232310765e-11
0.0407406985759735,1.62611949982816e-22,-1.23713227162536e-11,-1.87079657321121e-11
0.0411110706627369,2.2125229140388e-23,1.28204382873753e-11,1.80171710884025e-11
0.04148143902421,1.83632067036524e-23,-1.96579436756439e-11,-2.66751534055976e-11
0.0418518111109734,3.96670912244642e-23,-1.27225920770746e-11,-1.9059311420766e-11
0.0422221794724464,-8.15769076915845e-23,1.35736803741349e-11,1.87706621079808e-11
0.0425925515592098,-7.39911454963324e-23,-1.94091565736132e-11,-2.64263090576922e-11
0.0429629199206829,-2.30747321026264e-23,-1.34658629732942e-11,-1.9802753187248e-11
0.043333288282156,8.38549234156966e-23,1.34211877722556e-11,1.86179734823488e-11
0.0437036603689194,1.95407258084682e-22,-1.86863614859423e-11,-2.57030733502583e-11
0.0440740287303925,-8.29071228152917e-23,-1.3402366889903e-11,-1.97394340456514e-11
0.0444444008171558,-2.77324164826417e-22,1.27277910433321e-11,1.79244848130811e-11
0.0448147691786289,7.11643350176762e-23,-1.86686256731239e-11,-2.56853930485912e-11
0.0451851412653923,1.88634552736336e-22,-1.27461262031114e-11,-1.90829539670201e-11
0.0455555096268654,-4.69715708644635e-23,1.26372879175052e-11,1.78339201045707e-11
0.0459258817136288,-1.28315128767118e-24,-1.92815693966786e-11,-2.62984963667057e-11
0.0462962500751019,2.2003569433863e-23,-1.25913498377761e-11,-1.89281472440239e-11
0.0466666184365749,-1.31730961173319e-22,1.32019716339582e-11,1.83987512725192e-11
0.0470369905233383,-2.76207939267304e-23,-1.94920590085301e-11,-2.65089616924286e-11
0.0474073588848114,1.08567316558066e-22,-1.31039025116908e-11,-1.94409661979922e-11
0.0477777309715748,7.74596469897316e-23,1.34595425083095e-11,1.86564600573869e-11
0.0481480993330479,3.04075428931759e-23,-1.90343556888406e-11,-2.60511091865201e-11
0.0485184714198112,-1.44456814809247e-22,-1.34000336868279e-11,-1.97372066607082e-11
0.0488888397812843,-1.50431723036038e-22,1.30583720919786e-11,1.82551369853901e-11
0.0492592081427574,1.67489319187617e-22,-1.87080923669258e-11,-2.57246845353221e-11
0.0496295802295208,1.40688483062991e-22,-1.30559001110253e-11,-1.93930062980519e-11
0.0499999485909939,-1.11201089617771e-22,1.27099901783834e-11,1.79066379779602e-11
0.0503703206777573,-1.336669899178e-23,-1.89956834983906e-11,-2.60123173001503e-11
0.0507406890392303,6.33658241360341e-24,-1.26928545798877e-11,-1.90299009189543e-11
0.0511110611259937,-1.21219496896333e-22,1.29423190914357e-11,1.81390631681655e-11
0.0514814294874668,6.08526860525382e-23,-1.93665205400206e-11,-2.63832514862949e-11
0.0518518015742302,1.54735028693778e-22,-1.28718390113303e-11,-1.92089712192089e-11
0.0522221699357033,-2.75568078409861e-23,1.33146575362342e-11,1.85115117679047e-11
0.0525925382971764,-7.92034082435045e-23,-1.92384684571945e-11,-2.62551039936776e-11
0.0529629103839397,-8.51225724032888e-23,-1.32398475863327e-11,-1.95771558686442e-11
0.0533332787454128,-2.35243118211209e-23,1.32345514755605e-11,1.84313883599962e-11
0.0537036508321762,1.75069881211782e-22,-1.88800520356525e-11,-2.58965314470228e-11
0.0540740191936493,5.9525550641805e-23,-1.32041808043049e-11,-1.95415194442772e-11
0.0544443912804127,-1.52147451328683e-22,1.28903294288607e-11,1.80870561583557e-11
0.0548147596418858,-9.63913794368895e-24,-1.88752208307719e-11,-2.58916603435022e-11
0.0551851317286491,1.98467653432818e-23,-1.28779764629883e-11,-1.9215247448745e-11
0.0555555000901222,-7.02154741882146e-23,1.28491609713288e-11,1.80458703535891e-11
0.0559258684515953,1.14604551107256e-22,-1.91803344040675e-11,-2.61968259585021e-11
0.0562962405383587,1.078308612605e-22,-1.28046592426379e-11,-1.9141955381885e-11
0.0566666088998318,-1.37102510714474e-22,1.3130712663012e-11,1.83275235265956e-11
0.0570369809865952,-8.50303198535887e-23,-1.92816214383829e-11,-2.62981077886471e-11
0.0574073493480682,2.68351831284389e-23,-1.30606853457338e-11,-1.93981081197947e-11
0.0577777214348316,3.71152145484956e-23,1.32557732152039e-11,1.84526265795126e-11
0.0581480897963047,1.14704389343421e-22,-1.90526049798079e-11,-2.60689751035992e-11
0.0585184581577778,-1.21072328583576e-23,-1.32052667412008e-11,-1.95427805882442e-11
0.0588888302445412,-1.58068729635693e-22,1.30546849372304e-11,1.82514715146853e-11
0.0592591986060143,1.75478211393542e-23,-1.88927293948149e-11,-2.59090023740915e-11
0.0596295706927776,5.7170845015931e-23,-1.30323980773728e-11,-1.93699015160753e-11
0.0599999390542507,-2.94347543347371e-23,1.28835423232609e-11,1.80802785937351e-11
0.0603703111410141,1.01366827718036e-22,-1.90376325814867e-11,-2.60539124996573e-11
0.0607406795024872,2.42322277088572e-23,-1.28536929364098e-11,-1.91911798952393e-11
0.0611110515892506,-1.81149802602276e-22,1.30011279519948e-11,1.81979049884706e-11
0.0614814199507236,-1.30776138133136e-23,-1.92205470289641e-11,-2.62368460290929e-11
0.0618517883121967,1.14370139511548e-22,-1.29448543897959e-11,-1.92824159417349e-11
0.0622221603989601,1.84466524102067e-23,1.31851543572203e-11,1.83819921090178e-11
0.0625925287604332,3.30406312216151e-23,-1.91546986605395e-11,-2.61709334758997e-11
0.0629628971219063,-4.50421559298122e-23,-1.31270740805212e-11,-1.94647405832304e-11
0.06333327293396,-1.2868855816471e-22,1.31432208866356e-11,1.83400482300922e-11
0.063703641295433,5.96496731720761e-23,-1.89769814445961e-11,-2.59931173807182e-11
0.0640740096569061,8.83005522025132e-23,-1.31073294579176e-11,-1.94450323898199e-11
0.0644443780183792,-3.18362141687418e-23,1.2972360165231e-11,1.81691345996216e-11
0.0648147463798523,4.47306820899948e-23,-1.89765286817689e-11,-2.59926229845275e-11
0.065185122191906,-3.06386034077587e-23,-1.29452351615988e-11,-1.92829294198837e-11
0.0655554905533791,-1.49715323738127e-22,1.29538012261232e-11,1.81505713237051e-11
0.0659258589148521,7.29073578976418e-23,-1.91283620887273e-11,-2.61444633303798e-11
0.0662962272763252,1.35561505646004e-22,-1.29106248261679e-11,-1.92483529115606e-11
0.0666666030883789,-4.89708063001141e-23,1.30941698456288e-11,1.82909885154681e-11
0.067036971449852,-2.48666359597232e-23,-1.91770228169519e-11,-2.61930980377523e-11
0.0674073398113251,-3.10130693685799e-23,-1.30385164470725e-11,-1.93763304012773e-11
0.0677777081727982,-7.95408829387581e-23,1.31548530749037e-11,1.83516951635099e-11
0.0681480765342712,9.32360194352614e-23,-1.90624287188523e-11,-2.60784241423728e-11
0.0685184523463249,8.75168220486198e-23,-1.31091049473953e-11,-1.94469874231773e-11
0.068888820707798,-7.22932139057092e-23,1.30540855902694e-11,1.82508955864913e-11
0.0692591890692711,-6.15892304913858e-24,-1.89840868719537e-11,-2.60000163759821e-11
0.0696295574307442,-2.6819876071434e-23,-1.30223219360626e-11,-1.93602200243559e-11
0.0699999332427979,-8.16985879084931e-23,1.29700408399436e-11,1.8166825682675e-11
0.0703703016042709,1.18420542673962e-22,-1.90570493413533e-11,-2.60729597634235e-11
0.070740669965744,9.59522126823439e-23,-1.29344035482148e-11,-1.92723163816577e-11
0.0711110383272171,-1.17332520469932e-22,1.30295288447435e-11,1.82263371062419e-11
0.0714814066886902,-3.53115030213695e-23,-1.91472306759755e-11,-2.61631289549813e-11
0.0718517825007439,1.57506871344558e-23,-1.29808308199642e-11,-1.93188035013669e-11
0.0722221508622169,-3.64972587806689e-23,1.31204734576951e-11,1.8317312944216e-11
0.07259251922369,9.69445681466757e-23,-1.91133879556826e-11,-2.61292341929842e-11
0.0729628875851631,5.40486723925855e-23,-1.30710720025462e-11,-1.94091184096967e-11
0.0733332633972168,-1.17042005086644e-22,1.30985890536839e-11,1.82954242033961e-11
0.0737036317586899,-1.61546959361775e-23,-1.90252587989326e-11,-2.60410339125716e-11
0.074074000120163,2.07014424915472e-23,-1.30602880940578e-11,-1.939837526721e-11
0.074444368481636,-2.82981004336223e-23,1.30137966375399e-11,1.82106066337617e-11
0.0748147368431091,1.06653009887471e-22,-1.90259769744516e-11,-2.60417104547273e-11
0.0751851126551628,3.28125557566976e-23,-1.29797830469847e-11,-1.93178875673716e-11
0.0755554810166359,-1.49800949856223e-22,1.30055237412829e-11,1.82023337375048e-11
0.075925849378109,-2.57925251596247e-24,-1.91014981609783e-11,-2.61172142940191e-11
0.0762962177395821,6.65377920262998e-23,-1.29635208817591e-11,-1.93016644334243e-11
0.0766665935516357,-2.20660046190677e-23,1.30754998842186e-11,1.82723350339309e-11
0.0770369619131088,6.83511434336877e-23,-1.91248215181128e-11,-2.61405029566841e-11
0.0774073302745819,1.17723172278806e-23,-1.30274246251671e-11,-1.93656340963244e-11
0.077777698636055,-1.34072527531956e-22,1.31049303353503e-11,1.83017767607652e-11
0.0781480669975281,1.51031632821797e-23,-1.90674698252735e-11,-2.60830905485232e-11
0.0785184428095818,7.16945946963912e-23,-1.30619022542522e-11,-1.94001672365607e-11
0.0788888111710548,-1.98400773805273e-23,1.30544507495611e-11,1.82512841645499e-11
0.0792591795325279,5.83083130215e-23,-1.90290699864093e-11,-2.60446369332312e-11
0.079629547894001,-1.25986300934379e-23,-1.30183763075165e-11,-1.9356670780124e-11
0.0799999237060547,-1.36831508594538e-22,1.30131955558555e-11,1.82100168277799e-11
0.0803702920675278,4.78883944748422e-23,-1.90657715309905e-11,-2.60813089875134e-11
0.0807406604290009,9.37927911512792e-23,-1.29751626110064e-11,-1.93134865739131e-11
0.0811110287904739,-4.20008888809063e-23,1.30432825998228e-11,1.82401160148116e-11
0.081481397151947,2.67110889971604e-23,-1.91101995339338e-11,-2.6125709234881e-11
0.0818517729640007,-1.05444284076333e-23,-1.29988190350483e-11,-1.93371950396592e-11
0.0822221413254738,-1.14211811972426e-22,1.30882240809149e-11,1.82850748431385e-11
0.0825925096869469,6.00770590778631e-23,-1.90928054616402e-11,-2.61082683250535e-11
0.08296287804842,9.23416089409218e-23,-1.30435315326416e-11,-1.93819665178507e-11
0.083333246409893,-5.14306197529998e-23,1.30768364886569e-11,1.82736863835187e-11
0.0837036222219467,1.00895223003068e-23,-1.90490834911516e-11,-2.60644908434138e-11
0.0840739905834198,-1.82936086614284e-23,-1.30377202089971e-11,-1.93761985622931e-11
0.0844443589448929,-9.48840319078023e-23,1.30347685770027e-11,1.82316071961619e-11
0.084814727306366,8.5393031786922e-23,-1.90498849333975e-11,-2.60652489175728e-11
0.0851851031184196,8.62291170613732e-23,-1.29977729967923e-11,-1.93362825751109e-11
0.0855554714798927,-8.14348685524341e-23,1.30311351986823e-11,1.82279746852032e-11
0.0859258398413658,-1.90839632747734e-24,-1.90874191452473e-11,-2.61027553738469e-11
0.0862962082028389,0.0,-1.29901870510318e-11,-1.93287382627139e-11
0.086666576564312,-7.50638448661392e-23,1.30660196204224e-11,1.82628738520929e-11
0.0870369523763657,8.72596470826305e-23,-1.90985578046865e-11,-2.61138558693697e-11
0.0874073207378387,7.50629297874891e-23,-1.30221415248211e-11,-1.93607473802926e-11
0.0877776890993118,-9.61022161611935e-23,1.30802877210123e-11,1.82771488915767e-11
0.0881480574607849,-9.19611523703864e-24,-1.90698359880948e-11,-2.60850820110736e-11
0.0885184332728386,1.07922987592456e-23,-1.30390039043693e-11,-1.93776591994599e-11
0.0888888016343117,-5.31141625207118e-23,1.30550110652439e-11,1.82518670316378e-11
0.0892591699957848,9.16958284712462e-23,-1.90509968911456e-11,-2.60661943418672e-11
0.0896295383572578,5.31649083650228e-23,-1.30172079712554e-11,-1.93559005629007e-11
0.0899999067187309,-1.15421217781664e-22,1.30347711790879e-11,1.82316228086732e-11
0.0903702825307846,-1.38724059664658e-24,-1.90694300628014e-11,-2.60845910843299e-11
0.0907406508922577,3.29204687730882e-23,-1.2996002711485e-11,-1.93347317323234e-11
0.0911110192537308,-4.42809871978081e-23,1.30499864386957e-11,1.82468450071749e-11
0.0914813876152039,8.16210460369535e-23,-1.90912875785987e-11,-2.61064156403812e-11
0.0918517634272575,3.74779201709418e-23,-1.30080763868778e-11,-1.93468539799735e-11
0.0922221317887306,-1.23212273138891e-22,1.30721978380821e-11,1.82690650801787e-11
0.0925925001502037,6.29442687011975e-24,-1.90823364054626e-11,-2.60974176297113e-11
0.0929628685116768,5.08478503369896e-23,-1.30302574286034e-11,-1.93690861960416e-11
0.0933332368731499,-3.53925379689974e-23,1.30662902372847e-11,1.8263158346743e-11
0.0937036126852036,6.81447711099946e-23,-1.90606246064373e-11,-2.60756589931521e-11
0.0940739810466766,1.68108010173807e-23,-1.30271748249866e-11,-1.93660469605117e-11
0.0944443494081497,-1.2447835071556e-22,1.30454284527626e-11,1.82422930927739e-11
0.0948147177696228,2.5073027216078e-23,-1.90612196165896e-11,-2.60762106352175e-11
0.0951850935816765,6.58154352508325e-23,-1.30073850995727e-11,-1.93462953990142e-11
0.0955554619431496,-4.02444585209955e-23,1.30438654669107e-11,1.82407318416455e-11
0.0959258303046227,5.1631997009441e-23,-1.90798470772746e-11,-2.6094803401433e-11
0.0962961986660957,6.56783659353849e-24,-1.3003891366492e-11,-1.93428450340205e-11
0.0966665670275688,-1.19586857745113e-22,1.30612586718426e-11,1.82581328528331e-11
0.0970369428396225,4.05799137323317e-23,-1.90851327797059e-11,-2.61000492052244e-11
0.0974073112010956,7.62633047170841e-23,-1.30198967926431e-11,-1.93588998997907e-11
0.0977776795625687,-4.75696662701404e-23,1.30681767490648e-11,1.82650561342257e-11
0.0981480479240417,3.34103829496667e-23,-1.90707276359614e-11,-2.60855989586695e-11
0.0985184162855148,-9.83004898807013e-25,-1.30281696889001e-11,-1.93672196335815e-11
0.0988887920975685,-1.06857760313143e-22,1.30555280128397e-11,1.82524047959154e-11
0.0992591604590416,5.78338542077767e-23,-1.90614642125997e-11,-2.60762886977739e-11
0.0996295288205147,7.7736114338019e-23,-1.30172877685353e-11,-1.93563776118566e-11
0.0999998971819878,-6.22028751343655e-23,1.30456071292806e-11,1.82424839123563e-11
0.100370272994041,1.99966710033791e-23,-1.90706946762154e-11,-2.60854809974731e-11
0.100740641355515,0.0,-1.30069141221489e-11,-1.93460455988337e-11
0.101111009716988,-9.28716919147941e-23,1.30533040973435e-11,1.82501843498661e-11
0.101481378078461,6.96099634900287e-23,-1.90814239409143e-11,-2.60961703635321e-11
0.101851746439934,7.47030072663166e-23,-1.3013101013426e-11,-1.93522784602829e-11
0.102222122251987,-7.74093113530912e-23,1.30642840295847e-11,1.8261172088363e-11
0.102592490613461,9.50142965090814e-24,-1.90767974334038e-11,-2.60915022226582e-11
0.102962858974934,7.27568937240236e-24,-1.30241321200097e-11,-1.93633581391239e-11
0.103333227336407,-7.65672496684221e-23,1.30612317836287e-11,1.82581207097687e-11
0.10370360314846,7.63667654025256e-23,-1.90659935755955e-11,-2.60806532620395e-11
0.104073971509933,6.42576242896383e-23,-1.30225335723266e-11,-1.93618038268895e-11
0.104444339871407,-9.24749579883404e-23,1.30508928317119e-11,1.82477800231284e-11
0.10481470823288,6.58073723035202e-24,-1.90663630716958e-11,-2.60809811247764e-11
0.105185076594353,1.89503953184537e-23,-1.3012760140263e-11,-1.93520702934658e-11
0.105555452406406,-6.34754529248935e-23,1.30502423104084e-11,1.82471329712719e-11
0.105925820767879,7.69082458387566e-23,-1.90755831269707e-11,-2.60901612814113e-11
0.106296189129353,5.17460662963359e-23,-1.3011191082879e-11,-1.93505454715304e-11
0.106666557490826,-1.04298304261597e-22,1.30589185298735e-11,1.82558135275457e-11
0.107036933302879,8.70013472009903e-24,-1.90780620468178e-11,-2.60926003026185e-11
0.107407301664352,3.29015645103555e-23,-1.30192358629988e-11,-1.93586362218223e-11
0.107777670025826,-5.33690781890685e-23,1.30622760871613e-11,1.82591754216421e-11
0.108148038387299,7.13682397844577e-23,-1.90708143721352e-11,-2.6085309259849e-11
0.108518406748772,3.73353793162556e-23,-1.30233228715082e-11,-1.93627700678656e-11
0.108888782560825,-1.11477670562028e-22,1.30559538874531e-11,1.82528523545722e-11
0.109259150922298,1.67834685647366e-23,-1.90662364368821e-11,-2.60806862217855e-11
0.109629519283772,4.64540875769694e-23,-1.30179200752423e-11,-1.93574097723248e-11
0.109999887645245,-4.94677255615309e-23,1.30510975290821e-11,1.82479968635629e-11
0.110370263457298,6.18486892096957e-23,-1.90708351888169e-11,-2.60852433403569e-11
0.110740631818771,2.48293670151169e-23,-1.30128772340976e-11,-1.93524085645436e-11
0.111111000180244,-1.1284864770643e-22,1.30549945853708e-11,1.82518982566604e-11
0.111481368541718,2.76809177494827e-23,-1.90760740537144e-11,-2.60904440413379e-11
0.111851736903191,5.77731750269471e-23,-1.30160734621021e-11,-1.93556507627202e-11
0.112222112715244,-5.0508927293114e-23,1.30604277392976e-11,1.82573366147576e-11
0.112592481076717,4.94693537704393e-23,-1.90736645228062e-11,-2.60879911423428e-11
0.11296284943819,1.52433911966917e-23,-1.30215881480322e-11,-1.93612122861841e-11
0.113333217799664,-1.09064702825138e-22,1.30588586819136e-11,1.82557684247353e-11
0.113703593611717,4.04621367991822e-23,-1.90682643286255e-11,-2.60825493147987e-11
0.11407396197319,6.48400939385045e-23,-1.30207901752333e-11,-1.93604576814721e-11
0.114444330334663,-5.68963403535758e-23,1.30537412476595e-11,1.82506509904812e-11
0.114814698696136,3.71782540011537e-23,-1.90684603523783e-11,-2.60827019704646e-11
0.11518506705761,1.06718444321837e-23,-1.30159945321839e-11,-1.93557045391479e-11
0.115555442869663,-1.00798159979568e-22,1.30534862433085e-11,1.82503994555772e-11
0.115925811231136,5.2135631054883e-23,-1.90730001237149e-11,-2.60872001084378e-11
0.116296179592609,6.73002671119629e-23,-1.30153266636457e-11,-1.935508177342e-11
0.116666547954082,-6.62034412202309e-23,1.30578187151897e-11,1.82547362642671e-11
0.117036916315556,2.62192641994695e-23,-1.90741346328682e-11,-2.60882947189511e-11
0.117407292127609,1.05598214504769e-23,-1.30193989270055e-11,-1.93591982722285e-11
0.117777660489082,-9.01855700454187e-23,1.30594528247041e-11,1.82563721085049e-11
0.118148028850555,6.14059426043622e-23,-1.90704656927165e-11,-2.60845824107125e-11
0.118518397212029,6.45204285670472e-23,-1.30214476354307e-11,-1.9361292083464e-11
0.118888773024082,-7.77677697484237e-23,1.3056298230063e-11,1.82532201159491e-11
0.119259141385555,1.92494098891341e-23,-1.90681793271752e-11,-2.60822526770843e-11
0.119629509747028,1.54047732052382e-23,-1.30187943758742e-11,-1.93586830593562e-11
0.119999878108501,-7.89990806472778e-23,1.30539277304331e-11,1.82508504836809e-11
0.120370246469975,6.63965228153928e-23,-1.90704448760348e-11,-2.6084478327304e-11
0.120740622282028,5.82134730080307e-23,-1.30163735692634e-11,-1.93563047534706e-11
0.121110990643501,-8.82518005985706e-23,1.30559053151957e-11,1.82528315378905e-11
0.121481359004974,1.59782940159956e-23,-1.90729793070332e-11,-2.6086971124939e-11
0.121851727366447,2.35586067601145e-23,-1.30180519142264e-11,-1.93580290686057e-11
0.122222103178501,-6.88531555811086e-23,1.30585993407539e-11,1.82555290328956e-11
0.122592471539974,6.72806528744155e-23,-1.90717025505549e-11,-2.60856527350972e-11
0.122962839901447,4.87321474772922e-23,-1.30208378801289e-11,-1.93608601373185e-11
0.12333320826292,-9.72505199601567e-23,1.30577987658698e-11,1.82547310600967e-11
0.123703576624393,1.78634428098113e-23,-1.90689807694211e-11,-2.60828875858765e-11
0.124073952436447,3.35815783878741e-23,-1.30204692513902e-11,-1.93605357440285e-11
0.12444432079792,-6.19057648739103e-23,1.3055272141127e-11,1.82522053027157e-11
0.124814689159393,6.37184031510399e-23,-1.9069060566701e-11,-2.6082925749793e-11
0.125185057520866,3.89424025761611e-23,-1.30181464566559e-11,-1.93582545826576e-11
0.125555425882339,-1.02673263418616e-22,1.30551845375915e-11,1.82521203012653e-11
0.125925794243813,2.27945602635281e-23,-1.90712688696859e-11,-2.6085094154138e-11
0.126296162605286,4.36195083961186e-23,-1.30179001259223e-11,-1.93580533547344e-11
0.12666654586792,-5.81629480447731e-23,1.30573538092982e-11,1.82542921750573e-11
0.127036914229393,5.68387219530585e-23,-1.90717615311531e-11,-2.60855434475182e-11
0.127407282590866,2.92507667280906e-23,-1.30199896003491e-11,-1.93601870646098e-11
0.127777650952339,-1.03919335482729e-22,1.30581535168206e-11,1.82550953520266e-11
0.128148019313812,3.10532255440993e-23,-1.90698810909051e-11,-2.60836213739069e-11
0.128518387675285,5.17406736431878e-23,-1.30210451795842e-11,-1.93612886140171e-11
0.128888756036758,-5.89888854125395e-23,1.30565861941601e-11,1.82535288967278e-11
0.129259124398232,4.82049359571149e-23,-1.90687153567293e-11,-2.60824140063676e-11
0.129629492759705,2.24664698576031e-23,-1.30197727599146e-11,-1.93600586950726e-11
0.129999876022339,-1.01642815438893e-22,1.30554352051337e-11,1.82523805097867e-11
0.130370244383812,4.00228864253806e-23,-1.90698082325191e-11,-2.60834635140705e-11
0.130740612745285,5.75466331076293e-23,-1.301864258757e-11,-1.93589727581767e-11
0.131110981106758,-6.31135866504505e-23,1.3056443946835e-11,1.82533918535732e-11
0.131481349468231,3.89553651385557e-23,-1.90710086611645e-11,-2.6084624044076e-11
0.131851717829704,1.83984798301684e-23,-1.3019549847948e-11,-1.9359925121365e-11
0.132222086191177,-9.59953665293031e-23,1.3057784888082e-11,1.82547362642671e-11
0.13259245455265,4.86740652265625e-23,-1.90703113023272e-11,-2.60838833171517e-11
0.132962822914124,5.9197801023791e-23,-1.30209861989861e-11,-1.93614065752135e-11
0.133333206176758,-6.98869293984082e-23,1.30573824322355e-11,1.82543355431442e-11
0.133703574538231,3.13614618987617e-23,-1.9068914849929e-11,-2.60824452313901e-11
0.134073942899704,1.83114637391571e-23,-1.30208465537462e-11,-1.93613111654223e-11
0.134444311261177,-8.84344376753473e-23,1.30561403702267e-11,1.82530952158588e-11
0.13481467962265,5.53507030938709e-23,-1.90689217888229e-11,-2.60824105369206e-11
0.135185047984123,5.78200586082662e-23,-1.30197519432329e-11,-1.93602599229958e-11
0.135555416345596,-7.78961331949212e-23,1.30561221556302e-11,1.82530796033475e-11
0.135925784707069,2.56475909009521e-23,-1.90699730312494e-11,-2.60834201459836e-11
0.136296153068542,2.16004820216786e-23,-1.30197016362521e-11,-1.93602529841019e-11
0.136666536331177,-8.01776262179035e-23,1.30572132966966e-11,1.82541742138609e-11
0.13703690469265,5.92328201370956e-23,-1.90701569119378e-11,-2.60835623933087e-11
0.137407273054123,5.29296826648604e-23,-1.30208014509359e-11,-1.93613979015961e-11
0.137777641415596,-8.57548791287033e-23,1.30576105483726e-11,1.82545732002604e-11
0.138148009777069,2.35234140974108e-23,-1.906916985428e-11,-2.60825337022874e-11
0.138518378138542,2.71758448217495e-23,-1.30213747770447e-11,-1.93620154631535e-11
0.138888746500015,-7.29240754379453e-23,1.30568368617023e-11,1.8253802983037e-11
0.139259114861488,6.02465127111918e-23,-1.90685522927225e-11,-2.60818745073665e-11
0.139629483222961,4.6672690400137e-23,-1.3020794512042e-11,-1.93614794335994e-11
0.139999866485596,-9.23177853415842e-23,1.30562834849135e-11,1.82532513409717e-11
0.140370234847069,2.41867388336186e-23,-1.90690553625306e-11,-2.60823342090877e-11
0.140740603208542,3.44731458275113e-23,-1.30202983811278e-11,-1.93610284054957e-11
0.141110971570015,-6.73817848424649e-23,1.30568030345946e-11,1.82537734927379e-11
0.141481339931488,5.77785519028771e-23,-1.90695983309785e-11,-2.60828372788957e-11
0.141851708292961,3.91961381086037e-23,-1.30208153287237e-11,-1.93615887211784e-11
0.142222076654434,-9.63722148500581e-23,1.30574761073032e-11,1.82544483001701e-11
0.142592445015907,2.78014809393494e-23,-1.90691958751321e-11,-2.60823931896859e-11
0.14296281337738,4.13770892314937e-23,-1.30215846785853e-11,-1.93624023064887e-11
0.143333196640015,-6.50064299935358e-23,1.30572800835504e-11,1.82542557458643e-11
0.143703565001488,5.3228995424963e-23,-1.90684586176548e-11,-2.60816125641217e-11
0.144073933362961,3.24241017143051e-23,-1.30215664639888e-11,-1.93624283273408e-11
0.144444301724434,-9.77030105753914e-23,1.30566746650573e-11,1.82536520620946e-11
0.144814670085907,3.3402623713803e-23,-1.90684204537384e-11,-2.60815327668418e-11
0.14518503844738,4.77902633336764e-23,-1.30210816087772e-11,-1.93619877075779e-11
0.145555406808853,-6.50876132470139e-23,1.30566842060365e-11,1.82536642051589e-11
0.145925775170326,4.67276960933363e-23,-1.90688957679708e-11,-2.60819664477108e-11
0.146296143531799,2.72382247866908e-23,-1.30211215074172e-11,-1.93620727090282e-11
0.146666526794434,-9.61776375746199e-23,1.3057238450187e-11,1.82542210513947e-11
0.147036895155907,3.98032139068255e-23,-1.90689339318872e-11,-2.60819629782638e-11
0.14740726351738,5.17140732534638e-23,-1.30217286606338e-11,-1.93627232303317e-11
0.147777631878853,-6.78785210881517e-23,1.30574414128337e-11,1.82544257487649e-11
0.148148000240326,4.04314532654127e-23,-1.90683944328862e-11,-2.60813801111759e-11
0.148518368601799,2.40944073978279e-23,-1.30220669317116e-11,-1.93631066042199e-11
0.148888736963272,-9.22232419398152e-23,1.30570649778394e-11,1.82540527832176e-11
0.149259105324745,4.62370182994015e-23,-1.90680440187441e-11,-2.60809880636703e-11
0.149629473686218,5.3367134435798e-23,-1.30218344787658e-11,-1.9362917519361e-11
0.149999856948853,-7.27464176512023e-23,1.3056804769318e-11,1.82537943094196e-11
0.150370225310326,3.44407141779759e-23,-1.90682487161142e-11,-2.60811528624005e-11
0.150740593671799,2.3992713760814e-23,-1.30216497307156e-11,-1.93627770067595e-11
0.151110962033272,-8.68055535020363e-23,1.30570779882655e-11,1.82540701304523e-11
0.151481330394745,5.12462692703369e-23,-1.90684690259957e-11,-2.60813298041951e-11
0.151851698756218,5.25790939459185e-23,-1.30219689198352e-11,-1.93631412986894e-11
0.152222067117691,-7.82582140395304e-23,1.3057420596152e-11,1.8254415340424e-11
0.152592435479164,3.03297738296955e-23,-1.90682174910917e-11,-2.60810366359276e-11
0.152962803840637,2.58579075291713e-23,-1.30224078048746e-11,-1.93636252865392e-11
0.153333187103271,-8.08732437641274e-23,1.30573303905313e-11,1.82543286042502e-11
0.153703555464745,5.45292085907227e-23,-1.90678046269044e-11,-2.60805821383769e-11
0.154073923826218,4.94422295770742e-23,-1.30224537750467e-11,-1.936371549216e-11
0.154444292187691,-8.41183840253787e-23,1.30570415590725e-11,1.82540406401532e-11
0.154814660549164,2.85514920227101e-23,-1.90677421768592e-11,-2.60804780549684e-11
0.155185028910637,3.02155941022739e-23,-1.30222716290818e-11,-1.93635767142819e-11
0.15555539727211,-7.53762968934791e-23,1.30570606410307e-11,1.82540631915584e-11
0.155925765633583,5.52180797984852e-23,-1.90679295269947e-11,-2.60806237717404e-11
0.156296133995056,4.49315071438023e-23,-1.30223531610851e-11,-1.93637033490957e-11
0.15666651725769,-8.88341818950154e-23,1.3057347737766e-11,1.82543528903789e-11
0.157036885619164,2.88548121962112e-23,-1.90678983019721e-11,-2.60805509133544e-11
0.157407253980637,3.52227435477577e-23,-1.30227148509299e-11,-1.9364109274389e-11
0.15777762234211,-7.12668238264825e-23,1.3057457025345e-11,1.82544639126814e-11
0.158147990703583,5.37474474336487e-23,-1.9067580847576e-11,-2.60801918255948e-11
0.158518359065056,3.9470724812493e-23,-1.30229386302583e-11,-1.93643764218043e-11
0.158888727426529,-9.19047630151594e-23,1.30572792161887e-11,1.82542887056103e-11
0.159259095788002,3.14421876129148e-23,-1.9067362272418e-11,-2.607992988235e-11
0.159629464149475,4.03415168113303e-23,-1.30228805170218e-11,-1.93643625440165e-11
0.159999847412109,-6.91383571973386e-23,1.30571638570776e-11,1.82541759485844e-11
0.160370215773582,5.04569224267982e-23,-1.90674177835692e-11,-2.60799454948613e-11
0.160740584135056,3.46197256500322e-23,-1.30228492919993e-11,-1.93643764218043e-11
0.161110952496529,-9.32919906942087e-23,1.30573121759348e-11,1.82543251348033e-11
0.161481320858002,3.53266396844189e-23,-1.90674784988909e-11,-2.6079962842096e-11
0.161851689219475,4.50746317555584e-23,-1.30230678671572e-11,-1.93646383650492e-11
0.162222057580948,-6.91766137957982e-23,1.30574925871763e-11,1.82545090154917e-11
0.162592425942421,4.59568527711905e-23,-1.90673032918198e-11,-2.6079747736385e-11
0.162962794303894,3.05818495987935e-23,-1.30233436881899e-11,-1.93649592888923e-11
0.163333162665367,-9.23011309101531e-23,1.30574561579833e-11,1.82544760557457e-11
0.163703545928001,4.00567790453125e-23,-1.90670517569158e-11,-2.60794528333941e-11
0.164073914289474,4.81831413080254e-23,-1.30234234854698e-11,-1.93650824542591e-11
0.164444282650948,-7.09106247287826e-23,1.30573243189991e-11,1.8254345951485e-11
0.164814651012421,4.12723505913857e-23,-1.90669754290829e-11,-2.60793331374742e-11
0.165185019373894,2.82543628295932e-23,-1.30233913930855e-11,-1.93650963320469e-11
0.165555387735367,-8.96349325117999e-23,1.30573468704043e-11,1.82543702376137e-11
0.16592575609684,4.46209799370711e-23,-1.90670205318932e-11,-2.60793383416447e-11
0.166296124458313,4.97098806158848e-23,-1.30234928744088e-11,-1.93652403140954e-11
0.166666492819786,-7.43695904715595e-23,1.30575003934319e-11,1.82545263627265e-11
0.16703687608242,3.68934499708199e-23,-1.90669563471246e-11,-2.60792307887892e-11
0.167407244443893,2.79142691161343e-23,-1.30237313988868e-11,-1.9365523074022e-11
0.167777612805367,-8.57631022147793e-23,1.30575645782005e-11,1.82545922822186e-11
0.16814798116684,4.83109083756786e-23,-1.9066749915031e-11,-2.60789844580556e-11
0.168518349528313,4.90127926329336e-23,-1.3023899667064e-11,-1.93657364450095e-11
0.168888717889786,-7.85824043171401e-23,1.30574865156441e-11,1.82545176891091e-11
0.169259086251259,3.37444623875842e-23,-1.90665955246416e-11,-2.60787866995793e-11
0.169629454612732,2.92125479949545e-23,-1.30239291573631e-11,-1.93658093033955e-11
0.169999822974205,-8.13826775149446e-23,1.3057440545472e-11,1.82544743210222e-11
0.170370206236839,5.08382861873747e-23,-1.90665764426834e-11,-2.60787259842576e-11
0.170740574598312,4.68260165611194e-23,-1.302397252545e-11,-1.93658977742928e-11
0.171110942959785,-8.27425222542519e-23,1.3057526414284e-11,1.82545627919195e-11
0.171481311321259,3.21636072216266e-23,-1.90665573607252e-11,-2.6078665268936e-11
0.171851679682732,3.19882907740503e-23,-1.30241407936271e-11,-1.93661111452803e-11
0.172222048044205,-7.75723657467568e-23,1.30576261608839e-11,1.82546651406046e-11
0.172592416405678,5.14857579748311e-23,-1.9066422052294e-11,-2.60784883271414e-11
0.172962784767151,4.37504435291672e-23,-1.30243359500182e-11,-1.936635053712e-11
0.173333153128624,-8.64350665556211e-23,1.305761922199e-11,1.82546599364342e-11
0.173703536391258,3.23350898052036e-23,-1.90662503146699e-11,-2.60782732214304e-11
0.174073904752731,3.56690810479317e-23,-1.30244339618946e-11,-1.93664910497215e-11
0.174444273114204,-7.44508999427824e-23,1.30575645782005e-11,1.82546078947299e-11
0.174814641475677,5.06729819624074e-23,-1.90661653132196e-11,-2.60781465866167e-11
0.175185009837151,3.98042394260023e-23,-1.30244764626197e-11,-1.93665795206188e-11
0.175555378198624,-8.87811451986356e-23,1.30575871296057e-11,1.8254633915582e-11
0.175925746560097,3.38877100616415e-23,-1.90661410270909e-11,-2.60780806671246e-11
0.17629611492157,3.94820370778739e-23,-1.30245857501987e-11,-1.93667321762847e-11
0.176666483283043,-7.26320138872835e-23,1.30576747331412e-11,1.82547223864793e-11
0.177036866545677,4.8291811630885e-23,-1.90660594950876e-11,-2.60779575017578e-11
0.17740723490715,3.60464910376512e-23,-1.3024763559355e-11,-1.93669542208896e-11
0.177777603268623,-8.98631783706729e-23,1.30577172338664e-11,1.82547674892897e-11
0.178147971630096,3.66064844616058e-23,-1.90659103088686e-11,-2.60777666821754e-11
0.17851833999157,4.29343069692872e-23,-1.30249049393183e-11,-1.9367141571025e-11
0.178888708353043,-7.23694494235897e-23,1.3057688610929e-11,1.82547414684375e-11
0.179259076714516,4.5229986866789e-23,-1.90657854087783e-11,-2.60776001487217e-11
0.179629445075989,3.3071311599941e-23,-1.30249777977043e-11,-1.93672577974979e-11
0.179999813437462,-8.94182040221431e-23,1.30576782025882e-11,1.82547327948201e-11
0.180370196700096,4.01322825002731e-23,-1.90657281629036e-11,-2.60775012694836e-11
0.180740565061569,4.5196993548289e-23,-1.30250584623459e-11,-1.93673826975882e-11
0.181110933423042,-7.36362148869681e-23,1.30577319790159e-11,1.82547900406949e-11
0.181481301784515,4.16396631615183e-23,-1.90656709170289e-11,-2.60774023902455e-11
0.181851670145988,3.12810895942941e-23,-1.30252015770327e-11,-1.93675700477236e-11
0.182222038507462,-8.74372165169521e-23,1.30577926943376e-11,1.825485249074e-11
0.182592406868935,4.32728008728303e-23,-1.90655564252795e-11,-2.60772462651326e-11
0.182962775230408,4.64415541549073e-23,-1.30253568347838e-11,-1.93677695409233e-11
0.183333143591881,-7.60768558644133e-23,1.30577987658698e-11,1.82548611643574e-11
0.183703526854515,3.85666649715607e-23,-1.90654228515719e-11,-2.60770710580616e-11
0.184073895215988,3.08664927015026e-23,-1.30254635202776e-11,-1.93679204618658e-11
0.184444263577461,-8.48206721794171e-23,1.30577831533585e-11,1.8254849021293e-11
0.184814631938934,4.62797430060283e-23,-1.90653343806746e-11,-2.60769392190774e-11
0.185185000300407,4.5941309055914e-23,-1.30255433175575e-11,-1.9368045361956e-11
0.18555536866188,-7.91293626034969e-23,1.30578057047637e-11,1.82548733074217e-11
0.185925737023354,3.6069039837766e-23,-1.90652736653529e-11,-2.60768368703923e-11
0.186296105384827,3.16859929642824e-23,-1.30256569419451e-11,-1.93682032217923e-11
0.1866664737463,-8.1593783004069e-23,1.30578603485532e-11,1.82549305532964e-11
0.187036857008934,4.80053068164396e-23,-1.90651851944557e-11,-2.60767085008551e-11
0.187407225370407,4.47019801748192e-23,-1.30258035260788e-11,-1.93683940413747e-11
0.18777759373188,-8.22246256036434e-23,1.30578924409375e-11,1.82549652477659e-11
0.188147962093353,3.4690798862149e-23,-1.90650637638123e-11,-2.60765437021249e-11
0.188518330454826,3.35155885954306e-23,-1.30259327629778e-11,-1.93685657789988e-11
0.188888698816299,-7.88844307587566e-23,1.30578889714905e-11,1.82549635130425e-11
0.189259067177773,4.88018796258701e-23,-1.90649544762334e-11,-2.60763927811825e-11
0.189629435539246,4.23889137829664e-23,-1.30260273054073e-11,-1.93687045568769e-11
0.189999803900719,-8.48387213169286e-23,1.30578950430227e-11,1.82549721866598e-11
0.190370187163353,3.48054992377682e-23,-1.90648781484004e-11,-2.60762748199861e-11
0.190740555524826,3.61272735497894e-23,-1.30261261846454e-11,-1.93688485389254e-11
0.191110923886299,-7.63385936018784e-23,1.30579332069392e-11,1.82550120852998e-11
0.191481292247772,4.82185706290007e-23,-1.90648035552909e-11,-2.60761568587897e-11
0.191851660609245,3.96821300687614e-23,-1.30262554215443e-11,-1.9369022011273e-11
0.192222028970718,-8.67742010142192e-23,1.30579739729408e-11,1.82550554533867e-11
0.192592397332191,3.56566959317197e-23,-1.90646977371589e-11,-2.60760111420177e-11
0.192962765693665,3.89296104077221e-23,-1.30263915973372e-11,-1.93692024225145e-11
0.193333134055138,-7.51420620026136e-23,1.30579878507286e-11,1.82550728006214e-11
0.193703517317772,4.66581438050447e-23,-1.90645832454095e-11,-2.60758550169049e-11
0.194073885679245,3.69183337992142e-23,-1.30265026196397e-11,-1.93693585476273e-11
0.194444254040718,-8.74582380823544e-23,1.30579913201756e-11,1.82550780047919e-11
0.194814622402191,3.7750859733261e-23,-1.90644913050653e-11,-2.60757214431973e-11
0.195184990763664,4.14407534619887e-23,-1.30266014988778e-11,-1.93695007949524e-11
0.195555359125137,-7.4731261108498e-23,1.30580138715808e-11,1.82551022909205e-11
0.19592572748661,4.44374593360805e-23,-1.90644149772323e-11,-2.60756017472774e-11
0.196296095848083,3.48387576135323e-23,-1.3026716857989e-11,-1.93696603895122e-11
0.196666464209557,-8.7276863183026e-23,1.30580520354973e-11,1.8255143924284e-11
0.19703683257103,4.02029770591553e-23,-1.90643230368881e-11,-2.60754681735698e-11
0.197407215833664,4.32454400211936e-23,-1.30268478296114e-11,-1.93698373313067e-11
0.197777584195137,-7.55009306056168e-23,1.30580780563494e-11,1.8255173414583e-11
0.19814795255661,4.19997750093081e-23,-1.90642154840326e-11,-2.60753189873508e-11
0.198518320918083,3.33614830398739e-23,-1.30269709949782e-11,-1.93700038647604e-11
0.198888689279556,-8.58906136914992e-23,1.30580875973285e-11,1.82551838229239e-11
0.199259057641029,4.26434665753067e-23,-1.90641131353475e-11,-2.60751750053023e-11
0.199629426002502,4.41802244166624e-23,-1.30270759457485e-11,-1.93701530509793e-11
0.199999794363976,-7.7477355339332e-23,1.30581014751163e-11,1.82552011701587e-11
0.200370162725449,3.95163051955967e-23,-1.90640281338972e-11,-2.60750483704886e-11
0.200740545988083,3.29527805157661e-23,-1.30271843659657e-11,-1.93703057066452e-11
0.201110914349556,-8.39997645887824e-23,1.30581318327772e-11,1.82552341299047e-11
0.201481282711029,4.48458936474805e-23,-1.90639431324469e-11,-2.60749200009514e-11
0.201851651072502,4.41247611841381e-23,-1.30273075313325e-11,-1.93704722400989e-11
0.202222019433975,-7.93069067942695e-23,1.30581630577997e-11,1.82552670896508e-11
0.202592387795448,3.77332902231799e-23,-1.90638425184853e-11,-2.60747777536263e-11
0.202962756156921,3.33812645159332e-23,-1.30274332987845e-11,-1.93706422429996e-11
0.203333124518394,-8.18924331210112e-23,1.30581812723962e-11,1.82552879063325e-11
0.203703492879868,4.62003520445269e-23,-1.90637384350767e-11,-2.60746320368543e-11
0.204073876142502,4.32817150010593e-23,-1.30275469231722e-11,-1.93708018375593e-11
0.204444244503975,-8.17973848482629e-23,1.30581934154606e-11,1.82553017841203e-11
0.204814612865448,3.66834236434139e-23,-1.9063644760009e-11,-2.60744967284232e-11
0.205184981226921,3.46495793021294e-23,-1.30276544760277e-11,-1.93709527585018e-11
0.205555349588394,-7.96313747509178e-23,1.30582159668657e-11,1.82553278049724e-11
0.205925717949867,4.69515274865837e-23,-1.90635597585587e-11,-2.60743700936095e-11
0.20629608631134,4.15066959227779e-23,-1.30277707025006e-11,-1.93711123530615e-11
0.206666454672813,-8.35763229875215e-23,1.30582463245266e-11,1.8255359029995e-11
0.207036823034286,3.64090451988035e-23,-1.9063466083491e-11,-2.60742347851783e-11
0.207407206296921,3.64595038977451e-23,-1.30278947352291e-11,-1.93712823559622e-11
0.207777574658394,-7.76092402609105e-23,1.30582697432935e-11,1.82553867855706e-11
0.208147943019867,4.65498836898558e-23,-1.90633654695294e-11,-2.60740908031298e-11
0.20851831138134,3.95594653534431e-23,-1.3028014431149e-11,-1.93714454199689e-11
0.208888679742813,-8.53412067808926e-23,1.30582853558048e-11,1.82554041328054e-11
0.209259048104286,3.71120307058822e-23,-1.90632665902912e-11,-2.60739520252518e-11
0.209629416465759,3.84913792422101e-23,-1.30281254534514e-11,-1.93715998103583e-11
0.209999784827232,-7.65914771645433e-23,1.30583035704013e-11,1.82554249494871e-11
0.210370153188705,4.56985450009413e-23,-1.90631763846705e-11,-2.60738201862676e-11
0.21074053645134,3.75938858794529e-23,-1.30282373431156e-11,-1.93717576701946e-11
0.211110904812813,-8.59495763109991e-23,1.30583295912534e-11,1.82554527050627e-11
0.211481273174286,3.84002374086645e-23,-1.90630861790497e-11,-2.60736883472834e-11
0.211851641535759,4.04944548527473e-23,-1.30283570390355e-11,-1.93719207342014e-11
0.212222009897232,-7.63444122399153e-23,1.30583564794673e-11,1.82554821953618e-11
0.212592378258705,4.39831827397563e-23,-1.90629890345351e-11,-2.60735478346819e-11
0.212962746620178,3.59418975479497e-23,-1.30284784696788e-11,-1.9372087267655e-11
0.213333114981651,-8.5923758471293e-23,1.30583764287873e-11,1.8255504746767e-11
0.213703483343124,4.01213804425629e-23,-1.90628901552969e-11,-2.60734073220803e-11
0.214073866605759,4.1903085905877e-23,-1.302859382879e-11,-1.93722468622148e-11
0.214444234967232,-7.68153369567833e-23,1.3058393776022e-11,1.82555238287252e-11
0.214814603328705,4.21656125042473e-23,-1.90627964802292e-11,-2.60732720136492e-11
0.215184971690178,3.46904801623433e-23,-1.30287057184542e-11,-1.93724029873277e-11
0.215555340051651,-8.50541308311519e-23,1.30584154600655e-11,1.82555481148539e-11
0.215925708413124,4.20967954343194e-23,-1.90627062746085e-11,-2.60731384399415e-11
0.216296076774597,4.27385116926114e-23,-1.3028821944927e-11,-1.93725625818875e-11
0.21666644513607,-7.79704754466293e-23,1.30584414809176e-11,1.8255577605153e-11
0.217036813497543,4.02338183651059e-23,-1.90626125995408e-11,-2.60730031315104e-11
0.217407196760178,3.42536847236788e-23,-1.30289425082086e-11,-1.93727273806177e-11
0.217777565121651,-8.37455494289095e-23,1.30584640323228e-11,1.82556018912816e-11
0.218147933483124,4.38140982933312e-23,-1.90625137203027e-11,-2.60728643536323e-11
0.218518301844597,4.30103058288962e-23,-1.3029060469405e-11,-1.93728904446244e-11
0.21888867020607,-7.9661894201619e-23,1.3058483114281e-11,1.82556227079633e-11
0.219259038567543,3.87601409971752e-23,-1.9062416575788e-11,-2.60727255757542e-11
0.219629406929016,3.43837331770699e-23,-1.30291740937927e-11,-1.93730483044607e-11
0.219999775290489,-8.20039717421222e-23,1.3058503063601e-11,1.82556452593685e-11
0.220370143651962,4.50084873463774e-23,-1.90623246354438e-11,-2.60725920020466e-11
0.220740526914597,4.23217343882778e-23,-1.30292885855421e-11,-1.93732061642971e-11
0.22111089527607,-8.13260877890477e-23,1.30585273497297e-11,1.82556730149441e-11
0.221481263637543,3.78752063000292e-23,-1.90622326950995e-11,-2.60724566936155e-11
0.221851631999016,3.53884674467265e-23,-1.30294065467385e-11,-1.93733692283038e-11
0.222222000360489,-8.01734610323239e-23,1.30585516358583e-11,1.82556990357963e-11
0.222592368721962,4.56824017513769e-23,-1.90621372853084e-11,-2.60723196504609e-11
0.222962737083435,4.10240960645126e-23,-1.30295253752966e-11,-1.93735322923105e-11
0.223333105444908,-8.29928688402456e-23,1.30585724525401e-11,1.82557215872015e-11
0.223703473806381,3.76174854422935e-23,-1.90620401407937e-11,-2.60721808725828e-11
0.224073857069016,3.67539509637842e-23,-1.30296416017694e-11,-1.93736918868703e-11
0.224444225430489,-7.86742087938461e-23,1.30585915344983e-11,1.82557441386066e-11
0.224814593791962,4.56341960391806e-23,-1.90619447310025e-11,-2.60720438294282e-11
0.225184962153435,3.96054401669994e-23,-1.30297552261571e-11,-1.93738514814301e-11
0.225555330514908,-8.40803483079726e-23,1.30586140859035e-11,1.82557684247353e-11
0.225925698876381,3.80496676223842e-23,-1.90618527906583e-11,-2.60719102557205e-11
0.226296067237854,3.82706875153654e-23,-1.30298723199918e-11,-1.93740110759899e-11
0.226666435599327,-7.77620079083719e-23,1.30586375046704e-11,1.82557944455874e-11
0.2270368039608,4.48750341693194e-23,-1.90617591155906e-11,-2.60717732125659e-11
0.227407187223434,3.8087065940179e-23,-1.30299902811881e-11,-1.93741741399966e-11
0.227777555584908,-8.47754231178936e-23,1.30586600560756e-11,1.82558204664396e-11
0.228147923946381,3.89931231769232e-23,-1.90616619710759e-11,-2.60716361694113e-11
0.228518292307854,3.99074003442999e-23,-1.30301073750227e-11,-1.93743354692799e-11
0.228888660669327,-7.7443396455084e-23,1.30586800053956e-11,1.82558430178448e-11
0.2292590290308,4.36879405019247e-23,-1.90615665612848e-11,-2.60714973915332e-11
0.229629397392273,3.68328528315244e-23,-1.30302227341339e-11,-1.93744950638397e-11
0.229999765753746,-8.46837006827218e-23,1.3058701689439e-11,1.825586556925e-11
0.230370134115219,4.04830195250652e-23,-1.90614728862171e-11,-2.60713620831021e-11
0.230740517377853,4.12619565600985e-23,-1.30303380932451e-11,-1.93746546583995e-11
0.231110885739326,-7.75693302099935e-23,1.30587242408442e-11,1.82558915901021e-11
0.2314812541008,4.23019466013312e-23,-1.90613792111494e-11,-2.6071226774671e-11
0.231851622462273,3.58533084682934e-23,-1.30304551870797e-11,-1.93748159876828e-11
0.232221990823746,-8.40025161356198e-23,1.30587476596111e-11,1.82559158762308e-11
0.232592359185219,4.20814063357804e-23,-1.90612838013582e-11,-2.60710897315164e-11
0.232962727546692,4.1827295305547e-23,-1.3030573148276e-11,-1.93749790516895e-11
0.233333095908165,-7.85619002444916e-23,1.30587684762928e-11,1.82559401623594e-11
0.233703464269638,4.08985977608228e-23,-1.9061188391567e-11,-2.60709526883618e-11
0.234073832631111,3.54307914120134e-23,-1.30306893747489e-11,-1.93751386462493e-11
0.234444215893745,-8.30682082121378e-23,1.30587892929745e-11,1.82559627137646e-11
0.234814584255219,4.32766221150552e-23,-1.90610947164993e-11,-2.60708156452072e-11
0.235184952616692,4.19812872651333e-23,-1.30308047338601e-11,-1.93752982408091e-11
0.235555320978165,-7.97489528911192e-23,1.3058810977018e-11,1.82559887346168e-11
0.235925689339638,3.9760129479626e-23,-1.90610010414316e-11,-2.60706803367761e-11
0.236296057701111,3.56518302376563e-23,-1.3030920960333e-11,-1.93754595700923e-11
0.236666426062584,-8.17448845772987e-23,1.30588343957849e-11,1.82560130207454e-11
0.237036794424057,4.43322063586623e-23,-1.90609056316404e-11,-2.60705450283449e-11
0.23740716278553,4.1553487996232e-23,-1.30310389215293e-11,-1.93756208993756e-11
0.237777546048164,-8.0987565486512e-23,1.30588560798284e-11,1.82560373068741e-11
0.238147914409637,3.90059910760092e-23,-1.90608102218492e-11,-2.60704062504669e-11
0.238518282771111,3.62959036123331e-23,-1.30311551480022e-11,-1.93757822286589e-11
0.238888651132584,-8.04838241559869e-23,1.30588777638718e-11,1.82560615930027e-11
0.239259019494057,4.46716658279534e-23,-1.90607165467815e-11,-2.60702692073123e-11
0.23962938785553,4.08219173253917e-23,-1.30312713744751e-11,-1.93759418232187e-11
0.239999756217003,-8.22542552192435e-23,1.30588985805535e-11,1.82560858791314e-11
0.240370124578476,3.88440852638216e-23,-1.90606211369904e-11,-2.60701338988811e-11
0.240740492939949,3.72549344365848e-23,-1.3031387600948e-11,-1.93761031525019e-11
0.241110876202583,-7.93848336299309e-23,1.30589211319587e-11,1.82561101652601e-11
0.241481244564056,4.47186409171375e-23,-1.90605274619227e-11,-2.606999859045e-11
0.241851612925529,3.95679156314598e-23,-1.30315046947826e-11,-1.93762644817852e-11
0.242221981287003,-8.29893473651647e-23,1.30589436833639e-11,1.82561344513887e-11
0.242592349648476,3.90394482447214e-23,-1.90604320521315e-11,-2.60698615472954e-11
0.242962718009949,3.83533538273454e-23,-1.30316217886173e-11,-1.93764258110685e-11
0.243333086371422,-7.87434266051138e-23,1.30589653674074e-11,1.82561587375174e-11
0.243703454732895,4.40780416858873e-23,-1.90603366423403e-11,-2.60697245041408e-11
0.244073823094368,3.85112995577887e-23,-1.30317380150902e-11,-1.93765854056283e-11
0.244444206357002,-8.36850974400206e-23,1.30589861840891e-11,1.82561830236461e-11
0.244814574718475,3.99074508313978e-23,-1.90602429672726e-11,-2.60695874609862e-11
0.245184943079948,3.93866133073347e-23,-1.30318533742013e-11,-1.93767467349115e-11
0.245555311441422,-7.85388339516229e-23,1.30590087354943e-11,1.82562073097747e-11
0.245925679802895,4.33094103297198e-23,-1.90601492922049e-11,-2.60694521525551e-11
0.246296048164368,3.73477644324675e-23,-1.30319704680359e-11,-1.93769063294713e-11
0.246666416525841,-8.35344250071234e-23,1.30590304195377e-11,1.82562315959034e-11
0.247036784887314,4.06734316149238e-23,-1.90600538824137e-11,-2.60693151094005e-11
0.247407153248787,4.03597394982409e-23,-1.30320875618706e-11,-1.93770676587546e-11
0.247777536511421,-7.86998814831456e-23,1.30590529709429e-11,1.82562558820321e-11
0.248147904872894,4.22002655860918e-23,-1.90599584726225e-11,-2.60691780662459e-11
0.248518273234367,3.67777619413474e-23,-1.30322037883435e-11,-1.93772289880378e-11
0.24888864159584,-8.33075170563456e-23,1.30590746549863e-11,1.82562801681607e-11
0.249259009957314,4.19013441009982e-23,-1.90598647975548e-11,-2.60690410230913e-11
0.249629378318787,4.08592872441939e-23,-1.30323200148164e-11,-1.93773903173211e-11
0.24999974668026,-7.93450119314353e-23,1.30590963390298e-11,1.82563044542894e-11
0.250370115041733,4.11262472408515e-23,-1.90597693877637e-11,-2.60689057146601e-11
0.250740498304367,3.64372958855413e-23,-1.30324362412892e-11,-1.93775499118809e-11
0.251110851764679,-8.24945170074249e-23,1.30591180230732e-11,1.8256328740418e-11
0.251481235027313,4.2742351867498e-23,-1.9059675712696e-11,-2.60687686715055e-11
0.251851588487625,4.1000796268816e-23,-1.30325533351239e-11,-1.93777112411642e-11
0.252221971750259,-8.00349496791416e-23,1.30591405744784e-11,1.82563530265467e-11
0.252592325210571,4.02607563872973e-23,-1.90595803029048e-11,-2.60686333630744e-11
0.252962708473206,3.65154846230232e-23,-1.30326695615968e-11,-1.93778725704474e-11
0.25333309173584,-8.17072338240143e-23,1.30591622585219e-11,1.82563773126754e-11
0.253703445196152,4.35241224909029e-23,-1.90594848931136e-11,-2.60684963199198e-11
0.254073828458786,4.08523989107695e-23,-1.30327857880697e-11,-1.93780321650072e-11
0.254444181919098,-8.1176368300124e-23,1.30591839425653e-11,1.8256401598804e-11
0.254814565181732,3.98500754000393e-23,-1.90593912180459e-11,-2.60683592767652e-11
0.255184918642044,3.69500901838148e-23,-1.30329020145425e-11,-1.93781934942905e-11
0.255555301904678,-8.06399176410247e-23,1.30592056266088e-11,1.82564258849327e-11
0.25592565536499,4.38234541836672e-23,-1.90592975429782e-11,-2.60682222336106e-11
0.256296038627625,4.0267326020916e-23,-1.30330191083772e-11,-1.93783548235738e-11
0.256666421890259,-8.19660054444757e-23,1.30592273106522e-11,1.82564501710614e-11
0.257036775350571,3.96098640989559e-23,-1.9059202133187e-11,-2.60680869251795e-11
0.257407158613205,3.76741414325064e-23,-1.30331353348501e-11,-1.93785144181335e-11
0.257777512073517,-7.98925318867566e-23,1.30592498620574e-11,1.825647445719e-11
0.258147895336151,4.40644511902122e-23,-1.90591067233958e-11,-2.60679498820249e-11
0.258518248796463,3.96131899365323e-23,-1.30332524286847e-11,-1.93786757474168e-11
0.258888632059097,-8.25092024420365e-23,1.30592706787391e-11,1.82564987433187e-11
0.259258985519409,3.98340078811217e-23,-1.90590130483281e-11,-2.60678128388703e-11
0.259629368782043,3.85237824927529e-23,-1.30333686551576e-11,-1.93788370767001e-11
0.259999752044678,-7.93001730775826e-23,1.30592932301443e-11,1.82565230294474e-11
0.26037010550499,4.36145259506412e-23,-1.9058917638537e-11,-2.60676775304391e-11
0.260740488767624,3.85984308224922e-23,-1.30334848816305e-11,-1.93789966712599e-11
0.261110842227936,-8.28741673621151e-23,1.30593149141878e-11,1.8256547315576e-11
0.26148122549057,4.03160902466332e-23,-1.90588239634693e-11,-2.60675404872845e-11
0.261851578950882,3.93066953867486e-23,-1.30336019754651e-11,-1.93791580005431e-11
0.262221962213516,-7.8998329651696e-23,1.30593365982312e-11,1.82565716017047e-11
0.262592315673828,4.30172888256292e-23,-1.90587285536781e-11,-2.60674034441299e-11
0.262962698936462,3.79341910076344e-23,-1.3033718201938e-11,-1.93793193298264e-11
0.263333082199097,-8.28226642113351e-23,1.30593582822747e-11,1.82565958878333e-11
0.263703435659409,4.09420608412569e-23,-1.90586331438869e-11,-2.60672664009753e-11
0.264073818922043,3.99919725442268e-23,-1.30338344284109e-11,-1.93794806591097e-11
0.264444172382355,-7.92230982116988e-23,1.30593799663181e-11,1.8256620173962e-11
0.264814555644989,4.22966770104843e-23,-1.90585394688192e-11,-2.60671310925442e-11
0.265184909105301,3.73830770020289e-23,-1.30339515222455e-11,-1.93796402536695e-11
0.265555292367935,-8.25591720472168e-23,1.30594025177233e-11,1.82566444600907e-11
0.265925645828247,4.17723842756563e-23,-1.9058444059028e-11,-2.60669940493896e-11
0.266296029090881,4.03441137414302e-23,-1.30340677487184e-11,-1.93798015829527e-11
0.266666412353516,-7.93565987204112e-23,1.30594242017668e-11,1.82566687462193e-11
0.267036765813828,4.14623209191374e-23,-1.90583503839603e-11,-2.6066857006235e-11
0.267407149076462,3.70721522094014e-23,-1.30341839751913e-11,-1.9379962912236e-11
0.267777502536774,-8.21388354024788e-23,1.30594458858102e-11,1.8256693032348e-11
0.268147885799408,4.25440290804818e-23,-1.90582549741691e-11,-2.60667216978039e-11
0.26851823925972,4.05932328598554e-23,-1.30343010690259e-11,-1.93801225067958e-11
0.268888622522354,-8.01794058881057e-23,1.30594675698537e-11,1.82567173184767e-11
0.269258975982666,4.08780589782945e-23,-1.90581612991014e-11,-2.60665846546493e-11
0.2696293592453,3.70640300975213e-23,-1.30344172954988e-11,-1.9380283836079e-11
0.269999742507935,-8.14734154517068e-23,1.30594892538971e-11,1.82567416046053e-11
0.270370095968246,4.30818586684434e-23,-1.90580658893102e-11,-2.60664476114947e-11
0.270740479230881,4.03196180326013e-23,-1.30345335219717e-11,-1.93804451653623e-11
0.271110832691193,-8.08630390594575e-23,1.30595118053023e-11,1.8256765890734e-11
0.271481215953827,4.03635859840147e-23,-1.90579722142425e-11,-2.60663123030636e-11
0.271851569414139,3.74418029632571e-23,-1.30346506158063e-11,-1.93806047599221e-11
0.272221952676773,-8.0804373051658e-23,1.30595334893457e-11,1.82567901768627e-11
0.272592306137085,4.33761637395196e-23,-1.90578768044514e-11,-2.6066175259909e-11
0.272962689399719,3.98409119917642e-23,-1.30347668422792e-11,-1.93807660892054e-11
0.273333072662354,-8.16895065417522e-23,1.30595551733892e-11,1.82568144629913e-11
0.273703426122665,4.02994957686309e-23,-1.90577813946602e-11,-2.60660382167544e-11
0.2740738093853,3.79819170924002e-23,-1.30348830687521e-11,-1.93809274184886e-11
0.274444162845612,-8.01197238274603e-23,1.30595768574326e-11,1.825683874912e-11
0.274814546108246,4.32855930412694e-23,-1.90576877195925e-11,-2.60659011735997e-11
0.275184899568558,3.93549768295917e-23,-1.30350001625867e-11,-1.93810870130484e-11
0.275555282831192,-8.19796748262414e-23,1.30595985414761e-11,1.82568613005252e-11
0.275925636291504,4.04436742985564e-23,-1.90575923098013e-11,-2.60657658651686e-11
0.276296019554138,3.86702708074088e-23,-1.30351163890596e-11,-1.93812483423317e-11
0.276666402816772,-7.9679331183068e-23,1.30596210928813e-11,1.82568873213773e-11
0.277036756277084,4.30642292049335e-23,-1.90574986347336e-11,-2.6065628822014e-11
0.277407139539719,3.86427805825837e-23,-1.30352326155325e-11,-1.93814096716149e-11
0.277777493000031,-8.23291338963671e-23,1.30596427769247e-11,1.82569098727825e-11
0.278147876262665,4.08103968007319e-23,-1.90574032249424e-11,-2.60654917788594e-11
0.278518229722977,3.92247201169216e-23,-1.30353497093671e-11,-1.93815710008982e-11
0.278888612985611,-7.96321320573868e-23,1.30596644609682e-11,1.82569341589112e-11
0.279258966445923,4.26136381667585e-23,-1.90573095498747e-11,-2.60653564704283e-11
0.279629349708557,3.82507671997868e-23,-1.303546593584e-11,-1.9381730595458e-11
0.279999732971191,-8.25604279137779e-23,1.30596861450116e-11,1.82569584450398e-11
0.280370086431503,4.13395646959542e-23,-1.90572141400835e-11,-2.60652194272737e-11
0.280740469694138,3.96789115162681e-23,-1.30355821623129e-11,-1.93818919247413e-11
0.281110823154449,-7.9709976851514e-23,1.30597078290551e-11,1.82569827311685e-11
0.281481206417084,4.20805259670101e-23,-1.90571187302924e-11,-2.60650823841191e-11
0.281851559877396,3.77843295237477e-23,-1.30356983887858e-11,-1.93820532540245e-11
0.28222194314003,-8.20414647232256e-23,1.30597303804603e-11,1.82570070172972e-11
0.282592296600342,4.1860263380498e-23,-1.90570250552247e-11,-2.60649453409645e-11
0.282962679862976,3.99179237487755e-23,-1.30358154826204e-11,-1.93822128485843e-11
0.28333306312561,-8.01451314594956e-23,1.30597520645037e-11,1.82570313034258e-11
0.283703416585922,4.13881427504977e-23,-1.90569296454335e-11,-2.60648100325334e-11
0.284073799848557,3.76216285397677e-23,-1.30359317090933e-11,-1.93823741778676e-11
0.284444153308868,-8.17313161697289e-23,1.30597737485472e-11,1.82570555895545e-11
0.284814536571503,4.24126900506497e-23,-1.90568359703658e-11,-2.60646729893788e-11
0.285184890031815,4.01151105760882e-23,-1.30360479355662e-11,-1.93825355071509e-11
0.285555273294449,-8.04748058981184e-23,1.30597954325906e-11,1.82570798756831e-11
0.285925626754761,4.10802061629792e-23,-1.90567405605746e-11,-2.60645359462242e-11
0.286296010017395,3.74701735568525e-23,-1.30361650294009e-11,-1.93826951017106e-11
0.286666393280029,-8.12608016605316e-23,1.30598171166341e-11,1.82571041618118e-11
0.287036746740341,4.26495628923823e-23,-1.90566468855069e-11,-2.6064400637793e-11
0.287407130002975,3.97863101953485e-23,-1.30362812558737e-11,-1.93828564309939e-11
0.287777483463287,-8.0958434431004e-23,1.30598396680393e-11,1.82571284479405e-11
0.288147866725922,4.07133700648333e-23,-1.90565514757157e-11,-2.60642635946384e-11
0.288518220186234,3.78144545439963e-23,-1.30363974823466e-11,-1.93830177602772e-11
0.288888603448868,-8.06244812108314e-23,1.30598613520827e-11,1.82571527340691e-11
0.28925895690918,4.28619147817369e-23,-1.90564560659245e-11,-2.60641265514838e-11
0.289629340171814,3.95340798095131e-23,-1.30365145761813e-11,-1.9383177354837e-11
0.289999723434448,-8.16396568434294e-23,1.30598830361262e-11,1.82571770201978e-11
0.29037007689476,4.05847668046206e-23,-1.90563623908568e-11,-2.60639895083292e-11
0.290740460157394,3.81639514794454e-23,-1.30366308026542e-11,-1.93833386841202e-11
0.291110813617706,-8.04310525168712e-23,1.30599047201696e-11,1.82572013063265e-11
0.291481196880341,4.2970597726371e-23,-1.90562669810657e-11,-2.60638541998981e-11
0.291851550340652,3.91260020632423e-23,-1.3036747029127e-11,-1.93835000134035e-11
0.292221933603287,-8.19392283499089e-23,1.30599264042131e-11,1.82572255924551e-11
0.292592287063599,4.06680736716555e-23,-1.9056173305998e-11,-2.60637171567435e-11
0.292962670326233,3.8748989659419e-23,-1.30368641229617e-11,-1.93836596079633e-11
0.293333053588867,-7.99920167132359e-23,1.30599480882565e-11,1.82572498785838e-11
0.293703407049179,4.27313772345845e-23,-1.90560778962068e-11,-2.60635801135889e-11
0.294073790311813,3.86716718243765e-23,-1.30369803494346e-11,-1.93838209372466e-11
0.294444143772125,-8.20331974609389e-23,1.30599706396617e-11,1.82572741647125e-11
0.29481452703476,4.09277351272181e-23,-1.90559842211391e-11,-2.60634448051578e-11
0.295184880495071,3.90320708175358e-23,-1.30370965759075e-11,-1.93839822665298e-11
0.295555263757706,-7.98734477637375e-23,1.30599923237051e-11,1.82572984508411e-11
0.295925617218018,4.25058450572255e-23,-1.90558888113479e-11,-2.60633077620032e-11
0.296296000480652,3.82360281226336e-23,-1.30372136697421e-11,-1.93841418610896e-11
0.296666383743286,-8.18944021178306e-23,1.30600140077486e-11,1.82573227369698e-11
0.297036737203598,4.14017963550452e-23,-1.90557934015567e-11,-2.60631707188486e-11
0.297407120466232,3.94842805982883e-23,-1.3037329896215e-11,-1.93843031903729e-11
0.297777473926544,-7.98676354365879e-23,1.3060035691792e-11,1.82573470230984e-11
0.298147857189178,4.19996235480143e-23,-1.9055699726489e-11,-2.6063033675694e-11
0.29851821064949,3.79186346705834e-23,-1.30374461226879e-11,-1.93844645196561e-11
0.298888593912125,-8.20033027880746e-23,1.30600573758355e-11,1.82573713092271e-11
0.299258947372437,4.18023325910621e-23,-1.90556043166978e-11,-2.60628983672628e-11
0.299629330635071,3.98434805228716e-23,-1.30375632165225e-11,-1.93846241142159e-11
0.299999713897705,-8.02290347053749e-23,1.30600790598789e-11,1.82573955953558e-11
0.300370067358017,4.15587670534097e-23,-1.90555106416301e-11,-2.60627613241082e-11
0.300740450620651,3.7759499337895e-23,-1.30376794429954e-11,-1.93847854434992e-11
0.301110804080963,-8.16854801956919e-23,1.30601016112841e-11,1.82574198814844e-11
0.301481187343597,4.22403428755207e-23,-1.9055415231839e-11,-2.60626242809536e-11
0.301851540803909,3.97022933534988e-23,-1.30377956694683e-11,-1.93849467727825e-11
0.302221924066544,-8.05790175791417e-23,1.30601232953276e-11,1.82574441676131e-11
0.302592277526855,4.11956386015184e-23,-1.90553215567713e-11,-2.60624889725225e-11
0.30296266078949,3.78026942056213e-23,-1.30379127633029e-11,-1.93851081020657e-11
0.303333044052124,-8.13235571232638e-23,1.3060144979371e-11,1.82574684537418e-11
0.303703397512436,4.25256643986083e-23,-1.90552261469801e-11,-2.60623519293679e-11
0.30407378077507,3.97483912293563e-23,-1.30380289897758e-11,-1.93852676966255e-11
0.304444134235382,-8.08509915757129e-23,1.30601666634145e-11,1.82574927398704e-11
0.304814517498016,4.10236858568419e-23,-1.90551307371889e-11,-2.60622148862133e-11
0.305184870958328,3.79470715284948e-23,-1.30381452162487e-11,-1.93854290259088e-11
0.305555254220963,-8.09023306434247e-23,1.30601883474579e-11,1.82575170259991e-11
0.305925607681274,4.26741595754071e-23,-1.90550370621212e-11,-2.60620778430587e-11
0.306295990943909,3.9428568085718e-23,-1.30382623100833e-11,-1.93855903551921e-11
0.306666374206543,-8.11244612525605e-23,1.30602100315014e-11,1.82575413121278e-11
0.307036727666855,4.11078257609928e-23,-1.905494165233e-11,-2.60619425346276e-11
0.307407110929489,3.8427399467353e-23,-1.30383785365562e-11,-1.93857499497518e-11
0.307777464389801,-8.06614503882937e-23,1.30602325829066e-11,1.82575655982564e-11
0.308147847652435,4.25712258490502e-23,-1.90548479772623e-11,-2.6061805491473e-11
0.308518201112747,3.92049512626368e-23,-1.30384947630291e-11,-1.93859112790351e-11
0.308888584375381,-8.15569968423368e-23,1.306025426695e-11,1.82575898843851e-11
0.309258937835693,4.09621483953475e-23,-1.90547525674711e-11,-2.60616684483184e-11
0.309629321098328,3.8717495176639e-23,-1.3038610989502e-11,-1.93860726083184e-11
0.309999704360962,-8.03400179684087e-23,1.30602759509935e-11,1.82576141705137e-11
0.310370057821274,4.24879473810078e-23,-1.90546588924034e-11,-2.60615331398872e-11
0.310740441083908,3.87629872073213e-23,-1.30387280833366e-11,-1.93862322028782e-11
0.31111079454422,-8.16435127955342e-23,1.30602976350369e-11,1.82576384566424e-11
0.311481177806854,4.13106198116198e-23,-1.90545634826123e-11,-2.60613960967326e-11
0.311851531267166,3.89426487007636e-23,-1.30388443098095e-11,-1.93863935321614e-11
0.3122219145298,-8.03482915415826e-23,1.30603193190804e-11,1.82576610080476e-11
0.312592267990112,4.22772300114488e-23,-1.90544680728211e-11,-2.6061259053578e-11
0.312962651252747,3.84742357170178e-23,-1.30389605362824e-11,-1.93865548614447e-11
0.313333034515381,-8.1730666148343e-23,1.30603410031238e-11,1.82576852941763e-11
0.313703387975693,4.13676923203907e-23,-1.90543743977534e-11,-2.60611220104234e-11
0.314073771238327,3.92151843662993e-23,-1.3039077630117e-11,-1.93867144560045e-11
0.314444124698639,-8.00786967495015e-23,1.3060363554529e-11,1.82577095803049e-11
0.314814507961273,4.20848268366654e-23,-1.90542789879622e-11,-2.60609867019923e-11
0.315184861421585,3.82374228287141e-23,-1.30391938565899e-11,-1.93868757852877e-11
0.315555244684219,-8.17833936112479e-23,1.30603852385724e-11,1.82577338664336e-11
0.315925598144531,4.16405940173865e-23,-1.90541853128945e-11,-2.60608496588377e-11
0.316295981407166,3.93704921458756e-23,-1.30393100830628e-11,-1.9387037114571e-11
0.3166663646698,-8.03418291930471e-23,1.30604069226159e-11,1.82577581525623e-11
0.317036718130112,4.18766716873265e-23,-1.90540899031033e-11,-2.60607126156831e-11
0.317407101392746,3.81378875151369e-23,-1.30394271768974e-11,-1.93871967091308e-11
0.317777454853058,-8.16715710002111e-23,1.30604286066593e-11,1.82577824386909e-11
0.318147838115692,4.18815089823974e-23,-1.90539944933121e-11,-2.60605755725285e-11
0.318518191576004,3.95882493101528e-23,-1.30395434033703e-11,-1.93873580384141e-11
0.318888574838638,-8.04740296589876e-23,1.30604502907028e-11,1.82578067248196e-11
0.31925892829895,4.15542768571372e-23,-1.90539008182444e-11,-2.60604402640974e-11
0.319629311561584,3.80541609741004e-23,-1.30396596298432e-11,-1.93875193676973e-11
0.319999694824219,-8.13049715603367e-23,1.30604719747462e-11,1.82578310109482e-11
0.320370048284531,4.22156136638638e-23,-1.90538054084533e-11,-2.60603032209428e-11
0.320740431547165,3.94411488394344e-23,-1.30397767236778e-11,-1.93876789622571e-11
0.321110785007477,-8.08799269937164e-23,1.30604936587897e-11,1.82578552970769e-11
0.321481168270111,4.13276528962853e-23,-1.90537117333855e-11,-2.60601661777882e-11
0.321851521730423,3.82034103019246e-23,-1.30398929501507e-11,-1.93878402915404e-11
0.322221904993057,-8.09260595794537e-23,1.30605162101949e-11,1.82578795832056e-11
0.322592258453369,4.24188463211541e-23,-1.90536163235944e-11,-2.6060030869357e-11
0.322962641716003,3.93696054662181e-23,-1.30400091766236e-11,-1.93880016208237e-11
0.323332995176315,-8.10593581397744e-23,1.30605378942383e-11,1.82579038693342e-11
0.32370337843895,4.11912746229907e-23,-1.90535226485267e-11,-2.60598938262024e-11
0.324073761701584,3.83744763669436e-23,-1.30401262704583e-11,-1.93881612153834e-11
0.324444115161896,-8.07715185726773e-23,1.30605595782818e-11,1.82579281554629e-11
0.32481449842453,4.24518711940903e-23,-1.90534272387355e-11,-2.60597567830478e-11
0.325184851884842,3.91228150651852e-23,-1.30402424969311e-11,-1.93883225446667e-11
0.325555235147476,-8.13575160075117e-23,1.30605812623252e-11,1.82579524415916e-11
0.325925588607788,4.12472995244795e-23,-1.90533318289443e-11,-2.60596197398932e-11
0.326295971870422,3.86421778928521e-23,-1.3040358723404e-11,-1.938848387395e-11
0.326666325330734,-8.07388786638629e-23,1.30606029463687e-11,1.82579767277202e-11
0.327036708593369,4.23006938902137e-23,-1.90532381538766e-11,-2.60594844314621e-11
0.327407091856003,3.88639929576258e-23,-1.30404749498769e-11,-1.93886434685098e-11
0.327777445316315,-8.15529200091786e-23,1.30606246304121e-11,1.82580010138489e-11
0.328147828578949,4.14202146794603e-23,-1.90531427440854e-11,-2.60593473883075e-11
0.328518182039261,3.89610544034042e-23,-1.30405920437116e-11,-1.9388804797793e-11
0.328888565301895,-8.06511573312023e-23,1.30606471818173e-11,1.82580252999776e-11
0.329258918762207,4.20724101660172e-23,-1.90530490690177e-11,-2.60592103451529e-11
0.329629302024841,3.86365391151016e-23,-1.30407082701844e-11,-1.93889661270763e-11
0.329999655485153,-8.14717683101367e-23,1.30606688658608e-11,1.82580495861062e-11
0.330370038747787,4.16571916508323e-23,-1.90529536592265e-11,-2.60590750367218e-11
0.330740422010422,3.9132495966214e-23,-1.30408244966573e-11,-1.93891257216361e-11
0.331110775470734,-8.05664652244178e-23,1.30606905499042e-11,1.82580738722349e-11
0.331481158733368,4.18680163054745e-23,-1.90528582494354e-11,-2.60589379935672e-11
0.33185151219368,3.83770228099456e-23,-1.3040941590492e-11,-1.93892870509194e-11
0.332221895456314,-8.13623627689134e-23,1.30607122339477e-11,1.82580981583635e-11
0.332592248916626,4.18918714592483e-23,-1.90527645743677e-11,-2.60588009504126e-11
0.33296263217926,3.94040944649944e-23,-1.30410578169649e-11,-1.93894483802026e-11
0.333332985639572,-8.04833697721054e-23,1.30607339179911e-11,1.82581224444922e-11
0.333703368902206,4.17223452507164e-23,-1.90526691645765e-11,-2.6058663907258e-11
0.334073752164841,3.83295933368801e-23,-1.30411740434377e-11,-1.93896079747624e-11
0.334444105625153,-8.12424054242219e-23,1.30607556020346e-11,1.82581467306209e-11
0.334814488887787,4.20632183587496e-23,-1.90525754895088e-11,-2.60585285988268e-11
0.335184842348099,3.94002006475662e-23,-1.30412911372724e-11,-1.93897693040457e-11
0.335555225610733,-8.08218478984304e-23,1.3060777286078e-11,1.82581692820261e-11
0.335925579071045,4.14343037352276e-23,-1.90524800797176e-11,-2.60583915556722e-11
0.336295962333679,3.83537293251362e-23,-1.30414073637453e-11,-1.93899306333289e-11
0.336666315793991,-8.10328965895696e-23,1.30607998374832e-11,1.82581935681547e-11
0.337036699056625,4.23526451139879e-23,-1.90523864046499e-11,-2.60582545125176e-11
0.33740708231926,3.93806873842147e-23,-1.30415235902182e-11,-1.93900902278887e-11
0.337777435779572,-8.08805012844554e-23,1.30608215215267e-11,1.82582178542834e-11
0.338147819042206,4.1383112973366e-23,-1.90522909948587e-11,-2.6058117469363e-11
0.338518172502518,3.84667383829746e-23,-1.30416406840528e-11,-1.9390251557172e-11
0.338888555765152,-8.08706373676965e-23,1.30608432055701e-11,1.82582421404121e-11
0.339258909225464,4.2359628110721e-23,-1.90521955850675e-11,-2.60579821609319e-11
0.339629292488098,3.91930299966371e-23,-1.30417569105257e-11,-1.93904128864553e-11
0.33999964594841,-8.11613610102631e-23,1.30608648896136e-11,1.82582664265407e-11
0.340370029211044,4.14135977141873e-23,-1.90521019099998e-11,-2.60578451177773e-11
0.340740412473679,3.87603587227851e-23,-1.30418731369986e-11,-1.93905724810151e-11
0.34111076593399,-8.06839234577616e-23,1.3060886573657e-11,1.82582907126694e-11
0.341481149196625,4.23455800757208e-23,-1.90520065002087e-11,-2.60577080746227e-11
0.341851502656937,3.9099827658407e-23,-1.30419893634715e-11,-1.93907338102983e-11
0.342221885919571,-8.12783080617403e-23,1.30609082577005e-11,1.8258314998798e-11
0.342592239379883,4.15339053131208e-23,-1.9051912825141e-11,-2.60575727661916e-11
0.342962622642517,3.87820587085659e-23,-1.30421064573061e-11,-1.93908951395816e-11
0.343332976102829,-8.04637366018963e-23,1.30609299417439e-11,1.82583392849267e-11
0.343703359365463,4.23341479034823e-23,-1.90518174153498e-11,-2.6057435723037e-11
0.344073742628098,3.89269535241933e-23,-1.3042222683779e-11,-1.93910564688649e-11
0.344444096088409,-8.12428030101181e-23,1.30609524931491e-11,1.82583635710554e-11
0.344814479351044,4.15170426224108e-23,-1.90517220055586e-11,-2.60572986798824e-11
0.345184832811356,3.91017871888956e-23,-1.30423389102519e-11,-1.93912160634246e-11
0.34555521607399,-8.04576529065952e-23,1.30609741771925e-11,1.8258387857184e-11
0.345925569534302,4.2143849409594e-23,-1.90516283304909e-11,-2.60571616367278e-11
0.346295952796936,3.87298897591818e-23,-1.30424560040865e-11,-1.93913773927079e-11
0.346666306257248,-8.12439642133706e-23,1.3060995861236e-11,1.82584121433127e-11
0.347036689519882,4.16948297823422e-23,-1.90515329206997e-11,-2.60570263282967e-11
0.347407072782516,3.91068043442528e-23,-1.30425722305594e-11,-1.93915387219912e-11
0.347777426242828,-8.05635622162866e-23,1.30610175452794e-11,1.82584364294414e-11
0.348147809505463,4.20340557488054e-23,-1.9051439245632e-11,-2.6056889285142e-11
0.348518162965775,3.87595004421202e-23,-1.30426884570323e-11,-1.9391698316551e-11
0.348888546228409,-8.12021672071683e-23,1.30610392293229e-11,1.825846071557e-11
0.349258899688721,4.19427308995298e-23,-1.90513438358408e-11,-2.60567522419874e-11
0.349629282951355,3.93984840862365e-23,-1.30428055508669e-11,-1.93918596458342e-11
0.349999636411667,-8.05080137867845e-23,1.30610609133663e-11,1.82584850016987e-11
0.350370019674301,4.1858307005453e-23,-1.90512501607731e-11,-2.60566151988328e-11
0.350740402936935,3.85996929999405e-23,-1.30429217773398e-11,-1.93920209751175e-11
0.351110756397247,-8.12365994079594e-23,1.30610825974098e-11,1.82585092878274e-11
0.351481139659882,4.19670246599669e-23,-1.9051154750982e-11,-2.60564798904017e-11
0.351851493120193,3.9235562221203e-23,-1.30430380038127e-11,-1.93921805696773e-11
0.352221876382828,-8.04883238185902e-23,1.30611042814532e-11,1.8258533573956e-11
0.35259222984314,4.18286174364241e-23,-1.90510593411908e-11,-2.60563428472471e-11
0.352962613105774,3.85941173310624e-23,-1.30431550976473e-11,-1.93923418989606e-11
0.353332966566086,-8.11103942848986e-23,1.30611268328584e-11,1.82585578600847e-11
0.35370334982872,4.20570147565909e-23,-1.90509656661231e-11,-2.60562058040925e-11
0.354073733091354,3.93225704236052e-23,-1.30432713241202e-11,-1.93925032282438e-11
0.354444086551666,-8.05608800892088e-23,1.30611485169019e-11,1.82585804114899e-11
0.354814469814301,4.19042313319114e-23,-1.90508702563319e-11,-2.60560687609379e-11
0.355184823274612,3.87158764340615e-23,-1.30433875505931e-11,-1.93926628228036e-11
0.355555206537247,-8.09296315416326e-23,1.30611702009453e-11,1.82586046976185e-11
0.355925559997559,4.21362290132496e-23,-1.90507765812642e-11,-2.60559334525068e-11
0.356295943260193,3.93015804126391e-23,-1.3043503777066e-11,-1.93928241520869e-11
0.356666296720505,-8.08258426900545e-23,1.30611918849888e-11,1.82586289837472e-11
0.357036679983139,4.17104618500401e-23,-1.9050681171473e-11,-2.60557964093522e-11
0.357407063245773,3.87478600106028e-23,-1.30436208709006e-11,-1.93929854813701e-11
0.357777416706085,-8.08813848086693e-23,1.30612135690322e-11,1.82586532698759e-11
0.358147799968719,4.21293564570433e-23,-1.90505857616818e-11,-2.60556593661976e-11
0.358518153429031,3.91898745530162e-23,-1.30437370973735e-11,-1.93931450759299e-11
0.358888536691666,-8.07788013365543e-23,1.30612352530757e-11,1.82586775560045e-11
0.359258890151978,4.16806965503643e-23,-1.90504920866141e-11,-2.6055522323043e-11
0.359629273414612,3.88140738395434e-23,-1.30438533238464e-11,-1.93933064052132e-11
0.359999626874924,-8.07437001817156e-23,1.30612569371191e-11,1.82587018421332e-11
0.360370010137558,4.2083681410631e-23,-1.9050396676823e-11,-2.60553870146119e-11
0.360740393400192,3.9027274543232e-23,-1.3043970417681e-11,-1.93934677344965e-11
0.361110746860504,-8.09596839866779e-23,1.30612786211626e-11,1.82587261282618e-11
0.361481130123138,4.18562622779867e-23,-1.90503030017553e-11,-2.60552499714573e-11
0.36185148358345,3.89963448848601e-23,-1.30440866441539e-11,-1.93936273290563e-11
0.362221866846085,-8.07215931437077e-23,1.30613011725678e-11,1.82587504143905e-11
0.362592220306396,4.21899220419026e-23,-1.90502075919641e-11,-2.60551129283026e-11
0.362962603569031,3.89547435161624e-23,-1.30442028706268e-11,-1.93937886583395e-11
0.363332957029343,-8.09192438212326e-23,1.30613228566112e-11,1.82587747005192e-11
0.363703340291977,4.17553196365546e-23,-1.90501121821729e-11,-2.60549776198715e-11
0.364073723554611,3.89606757501697e-23,-1.30443199644614e-11,-1.93939499876228e-11
0.364444077014923,-8.08160481930552e-23,1.30613445406547e-11,1.82587989866478e-11
0.364814460277557,4.18762362361069e-23,-1.90500185071052e-11,-2.60548405767169e-11
0.365184813737869,3.8994265447514e-23,-1.30444361909343e-11,-1.93941095821826e-11
0.365555197000504,-8.10447421249224e-23,1.30613662246981e-11,1.82588232727765e-11
0.365925550460815,4.18196812200898e-23,-1.9049923097314e-11,-2.60547035335623e-11
0.36629593372345,3.89906619308989e-23,-1.30445524174072e-11,-1.93942709114658e-11
0.366666287183762,-8.07433278393684e-23,1.30613879087416e-11,1.82588475589052e-11
0.367036670446396,4.20412406939301e-23,-1.90498294222463e-11,-2.60545664904077e-11
0.36740705370903,3.87968324955989e-23,-1.30446686438801e-11,-1.93944322407491e-11
0.367777407169342,-8.09900330434236e-23,1.3061409592785e-11,1.82588718450338e-11
0.368147790431976,4.195268316871e-23,-1.90497340124551e-11,-2.60544311819766e-11
0.368518143892288,3.9190966336509e-23,-1.30447857377147e-11,-1.93945918353089e-11
0.368888527154922,-8.06699132880849e-23,1.30614312768285e-11,1.82588961311625e-11
0.369258880615234,4.19659928299029e-23,-1.9049638602664e-11,-2.6054294138822e-11
0.369629263877869,3.89087024382901e-23,-1.30449019641876e-11,-1.93947531645922e-11
0.369999617338181,-8.10896188440987e-23,1.30614529608719e-11,1.82589204172912e-11
0.370370000600815,4.18752706703589e-23,-1.90495449275963e-11,-2.60541570956674e-11
0.370740383863449,3.89894533959921e-23,-1.30450181906605e-11,-1.93949144938754e-11
0.371110737323761,-8.06430730846456e-23,1.30614746449154e-11,1.82589429686963e-11
0.371481120586395,4.19104570221754e-23,-1.90494495178051e-11,-2.60540200525128e-11
0.371851474046707,3.87517096518202e-23,-1.30451352844951e-11,-1.93950740884352e-11
0.372221857309341,-8.08509221559533e-23,1.30614971963205e-11,1.8258967254825e-11
0.372592210769653,4.19669268412147e-23,-1.90493558427374e-11,-2.60538847440817e-11
0.372962594032288,3.90500631570621e-23,-1.3045251510968e-11,-1.93952354177185e-11
0.373332947492599,-8.07790853264802e-23,1.3061518880364e-11,1.82589915409537e-11
0.373703330755234,4.1889277684592e-23,-1.90492604329462e-11,-2.60537477009271e-11
0.374073714017868,3.8953389830849e-23,-1.30453677374409e-11,-1.93953967470017e-11
0.37444406747818,-8.10102278825972e-23,1.30615405644074e-11,1.82590158270823e-11
0.374814450740814,4.19749416680117e-23,-1.90491667578785e-11,-2.60536106577725e-11
0.375184804201126,3.91819133687607e-23,-1.30454848312755e-11,-1.93955563415615e-11
0.37555518746376,-8.08365711983655e-23,1.30615622484509e-11,1.8259040113211e-11
0.375925540924072,4.18789278295155e-23,-1.90490713480873e-11,-2.60534736146179e-11
0.376295924186707,3.88812753223374e-23,-1.30456010577484e-11,-1.93957176708448e-11
0.376666277647018,-8.07235558296399e-23,1.30615839324943e-11,1.82590643993397e-11
0.377036660909653,4.20949715879065e-23,-1.90489759382961e-11,-2.60533383061867e-11
0.377407044172287,3.90401361314308e-23,-1.30457172842213e-11,-1.93958790001281e-11
0.377777397632599,-8.07088514623666e-23,1.30616056165378e-11,1.82590886854683e-11
0.378147780895233,4.18178794617822e-23,-1.90488822632284e-11,-2.60532012630321e-11
0.378518134355545,3.88282007606341e-23,-1.30458335106942e-11,-1.93960385946879e-11
0.378888517618179,-8.08145714454407e-23,1.30616273005812e-11,1.8259112971597e-11
0.379258871078491,4.20262618030618e-23,-1.90487868534372e-11,-2.60530642198775e-11
0.379629254341125,3.91486676147711e-23,-1.30459506045288e-11,-1.93961999239711e-11
0.379999607801437,-8.08170011370288e-23,1.30616489846247e-11,1.82591372577257e-11
0.380369991064072,4.18287341878381e-23,-1.90486931783695e-11,-2.60529271767229e-11
0.380740374326706,3.87908907952608e-23,-1.30460668310017e-11,-1.93963612532544e-11
0.381110727787018,-8.08787279251405e-23,1.30616706686681e-11,1.82591615438543e-11
0.381481111049652,4.20227119289883e-23,-1.90485977685784e-11,-2.60527918682918e-11
0.381851464509964,3.90424743151538e-23,-1.30461830574746e-11,-1.93965208478142e-11
0.382221847772598,-8.08253630626241e-23,1.30616932200733e-11,1.8259185829983e-11
0.38259220123291,4.18608187385752e-23,-1.90485023587872e-11,-2.60526548251372e-11
0.382962584495544,3.89298092006702e-23,-1.30463001513093e-11,-1.93966821770974e-11
0.383332937955856,-8.09605990653279e-23,1.30617149041168e-11,1.82592101161116e-11
0.383703321218491,4.19164081888443e-23,-1.90484086837195e-11,-2.60525177819826e-11
0.384073704481125,3.89572016067431e-23,-1.30464163777821e-11,-1.93968435063807e-11
0.384444057941437,-8.07395791723467e-23,1.30617365881602e-11,1.82592344022403e-11
0.384814441204071,4.20265489484313e-23,-1.90483132739283e-11,-2.6052380738828e-11
0.385184794664383,3.90355070956389e-23,-1.3046532604255e-11,-1.93970031009405e-11
0.385555177927017,-8.0872032073777e-23,1.30617582722037e-11,1.82592569536455e-11
0.385925531387329,4.19148872650191e-23,-1.90482195988606e-11,-2.60522454303969e-11
0.386295914649963,3.89588960799675e-23,-1.30466488307279e-11,-1.93971644302238e-11
0.386666268110275,-8.09128761360057e-23,1.30617799562471e-11,1.82592812397742e-11
0.38703665137291,4.20277953486615e-23,-1.90481241890694e-11,-2.60521083872423e-11
0.387407034635544,3.90839904868738e-23,-1.30467659245626e-11,-1.93973240247836e-11
0.387777388095856,-8.10604057470565e-23,1.30618016402906e-11,1.82593055259028e-11
0.38814777135849,4.18776908956161e-23,-1.90480287792782e-11,-2.60519713440877e-11
0.388518124818802,3.90496403276169e-23,-1.30468821510354e-11,-1.93974853540668e-11
0.388888508081436,-8.0731753672167e-23,1.3061823324334e-11,1.82593298120315e-11
0.389258861541748,4.20879601921809e-23,-1.90479351042105e-11,-2.60518343009331e-11
0.389629244804382,3.90726687551621e-23,-1.30469983775083e-11,-1.93976466833501e-11
0.389999598264694,-8.09020087881754e-23,1.30618450083775e-11,1.82593540981602e-11
0.390369981527328,4.17965391965742e-23,-1.90478396944194e-11,-2.60516989925019e-11
0.390740364789963,3.89532509913297e-23,-1.3047115471343e-11,-1.93978062779099e-11
0.391110718250275,-8.06825539952301e-23,1.30618666924209e-11,1.82593783842888e-11
0.391481101512909,4.20133718158705e-23,-1.90477460193517e-11,-2.60515619493473e-11
0.391851454973221,3.89576623015117e-23,-1.30472316978159e-11,-1.93979676071931e-11
0.392221838235855,-8.10148790064944e-23,1.30618883764644e-11,1.82594026704175e-11
0.392592191696167,4.18721436257306e-23,-1.90476506095605e-11,-2.60514249061927e-11
0.392962574958801,3.90447399236736e-23,-1.30473479242887e-11,-1.93981289364764e-11
0.393332928419113,-8.08200682282283e-23,1.30619109278696e-11,1.82594269565461e-11
0.393703311681747,4.2073643944473e-23,-1.90475551997693e-11,-2.60512878630381e-11
0.394073665142059,3.90215190140676e-23,-1.30474650181234e-11,-1.93982885310362e-11
0.394444048404694,-8.09407008378547e-23,1.3061932611913e-11,1.82594512426748e-11
0.394814431667328,4.19231576827494e-23,-1.90474615247016e-11,-2.6051152554607e-11
0.39518478512764,3.89288751893584e-23,-1.30475812445963e-11,-1.93984498603195e-11
0.395555168390274,-8.08615307574067e-23,1.30619542959565e-11,1.82594755288035e-11
0.395925521850586,4.19655321351343e-23,-1.90473661149104e-11,-2.60510155114524e-11
0.39629590511322,3.88736549259929e-23,-1.30476974710692e-11,-1.93986111896027e-11
0.396666258573532,-8.08551378286308e-23,1.30619759799999e-11,1.82594998149321e-11
0.397036641836166,4.2068017788497e-23,-1.90472724398427e-11,-2.60508784682978e-11
0.397406995296478,3.90780361647612e-23,-1.3047813697542e-11,-1.93987707841625e-11
0.397777378559113,-8.08067396343736e-23,1.30619976640434e-11,1.82595223663373e-11
0.398147761821747,4.1997645084864e-23,-1.90471770300515e-11,-2.60507414251432e-11
0.398518115282059,3.90452227065476e-23,-1.30479307913767e-11,-1.93989321134458e-11
0.398888498544693,-8.06540161631229e-23,1.30620193480868e-11,1.8259546652466e-11
0.399258852005005,4.19585838482811e-23,-1.90470816202604e-11,-2.60506061167121e-11
0.399629235267639,3.90921977957317e-23,-1.30480470178496e-11,-1.93990934427291e-11
0.399999588727951,-8.06181324582662e-23,1.30620410321303e-11,1.82595709385946e-11
0.400369971990585,4.1990570580266e-23,-1.90469879451927e-11,-2.60504690735575e-11
0.400740325450897,3.90130245598401e-23,-1.30481632443225e-11,-1.93992530372888e-11
0.401110708713531,-8.0711969040664e-23,1.30620627161737e-11,1.82595952247233e-11
0.401481091976166,4.19093084406974e-23,-1.90468925354015e-11,-2.60503320304029e-11
0.401851445436478,3.8953831592956e-23,-1.30482803381571e-11,-1.93994143665721e-11
0.402221828699112,-8.08437466771594e-23,1.30620844002172e-11,1.8259619510852e-11
0.402592182159424,4.20609369730117e-23,-1.90467988603338e-11,-2.60501949872483e-11
0.402962565422058,3.90945454457857e-23,-1.304839656463e-11,-1.93995756958554e-11
0.40333291888237,-8.07811489866083e-23,1.30621060842606e-11,1.82596437969806e-11
0.403703302145004,4.19494551498859e-23,-1.90467034505426e-11,-2.60500596788171e-11
0.404073655605316,3.9006391817349e-23,-1.30485127911029e-11,-1.93997352904152e-11
0.40444403886795,-8.07693981145641e-23,1.30621286356658e-11,1.82596680831093e-11
0.404814422130585,4.20144478221452e-23,-1.90466080407514e-11,-2.60499226356625e-11
0.405184775590897,3.91409020680201e-23,-1.30486290175758e-11,-1.93998966196984e-11
0.405555158853531,-8.07683315746202e-23,1.30621503197093e-11,1.8259692369238e-11
0.405925512313843,4.19610040735383e-23,-1.90465143656837e-11,-2.60497855925079e-11
0.406295895576477,3.90027441245233e-23,-1.30487461114104e-11,-1.94000579489817e-11
0.406666249036789,-8.06622013838754e-23,1.30621720037527e-11,1.82597166553666e-11
0.407036632299423,4.20899638988802e-23,-1.90464189558925e-11,-2.60496485493533e-11
0.407406985759735,3.9143158210209e-23,-1.30488623378833e-11,-1.94002175435415e-11
0.407777369022369,-8.05211467431347e-23,1.30621936877962e-11,1.82597409414953e-11
0.408147752285004,4.19765572551456e-23,-1.90463252808248e-11,-2.60495132409222e-11
0.408518105745316,3.8923069173096e-23,-1.30489785643562e-11,-1.94003788728248e-11
0.40888848900795,-8.08950352577732e-23,1.30622153718396e-11,1.8259765227624e-11
0.409258842468262,4.20616690359317e-23,-1.90462298710337e-11,-2.60493761977676e-11
0.409629225730896,3.91179146612419e-23,-1.30490956581908e-11,-1.9400540202108e-11
0.409999579191208,-8.06175266130909e-23,1.30622370558831e-11,1.82597877790291e-11
0.410369962453842,4.20370755083506e-23,-1.90461344612425e-11,-2.6049239154613e-11
0.410740315914154,3.90976283142033e-23,-1.30492118846637e-11,-1.94006997966678e-11
0.411110699176788,-8.06857409932872e-23,1.30622587399265e-11,1.82598120651578e-11
0.411481082439423,4.20719273831432e-23,-1.90460407861748e-11,-2.60491021114584e-11
0.411851435899734,3.9143824008813e-23,-1.30493281111366e-11,-1.94008611259511e-11
0.412221819162369,-8.07175731085347e-23,1.306228042397e-11,1.82598363512865e-11
0.412592172622681,4.19470286137414e-23,-1.90459453763836e-11,-2.60489668030273e-11
0.412962555885315,3.90784369061011e-23,-1.30494443376095e-11,-1.94010224552343e-11
0.413332909345627,-8.07556025150536e-23,1.30623021080134e-11,1.82598606374151e-11
0.413703292608261,4.2025078511704e-23,-1.90458517013159e-11,-2.60488297598727e-11
0.414073646068573,3.91964757410711e-23,-1.30495614314441e-11,-1.94011820497941e-11
0.414444029331207,-8.07696505500538e-23,1.30623237920569e-11,1.82598849235438e-11
0.414814412593842,4.20411902068322e-23,-1.90457562915247e-11,-2.60486927167181e-11
0.415184766054153,3.91360205967386e-23,-1.3049677657917e-11,-1.94013433790774e-11
0.415555149316788,-8.08638657856861e-23,1.30623454761003e-11,1.82599092096725e-11
0.4159255027771,4.19982540854828e-23,-1.90456608817335e-11,-2.60485556735635e-11
0.416295886039734,3.91156490527221e-23,-1.30497938843899e-11,-1.94015047083607e-11
0.416666239500046,-8.07953358611278e-23,1.30623671601438e-11,1.82599334958011e-11
0.41703662276268,4.19431095527643e-23,-1.90455672066658e-11,-2.60484203651323e-11
0.417406976222992,3.9143549485218e-23,-1.30499109782245e-11,-1.94016643029205e-11
0.417777359485626,-8.07776401333018e-23,1.30623888441872e-11,1.82599577819298e-11
0.41814774274826,4.20453774805171e-23,-1.90454717968747e-11,-2.60482833219777e-11
0.418518096208572,3.90006773089516e-23,-1.30500272046974e-11,-1.94018256322037e-11
0.418888479471207,-8.07147395201631e-23,1.30624113955924e-11,1.82599820680585e-11
0.419258832931519,4.21317135734281e-23,-1.90453763870835e-11,-2.60481462788231e-11
0.419629216194153,3.90687276060796e-23,-1.30501434311703e-11,-1.9401986961487e-11
0.419999569654465,-8.07735443674819e-23,1.30624330796358e-11,1.82600063541871e-11
0.420369952917099,4.19252907626371e-23,-1.90452827120158e-11,-2.60480092356685e-11
0.420740306377411,3.92126694777335e-23,-1.30502596576432e-11,-1.94021465560468e-11
0.421110689640045,-8.07496197939484e-23,1.30624547636793e-11,1.82600289055923e-11
0.421481072902679,4.20153408126899e-23,-1.90451873022246e-11,-2.60478739272374e-11
0.421851426362991,3.90627859057415e-23,-1.30503767514778e-11,-1.940230788533e-11
0.422221809625626,-8.0731520169339e-23,1.30624764477227e-11,1.8260053191721e-11
0.422592163085938,4.19083428749494e-23,-1.90450936271569e-11,-2.60477368840828e-11
0.422962546348572,3.91426470283424e-23,-1.30504929779507e-11,-1.94024692146133e-11
0.423332899808884,-8.0740734064712e-23,1.30624981317662e-11,1.82600774778496e-11
0.423703283071518,4.20311432743433e-23,-1.90449982173657e-11,-2.60475998409282e-11
0.42407363653183,3.90115509676692e-23,-1.30506092044236e-11,-1.94026288091731e-11
0.424444019794464,-8.09052904495411e-23,1.30625198158096e-11,1.82601017639783e-11
0.424814403057098,4.18296745100371e-23,-1.90449028075745e-11,-2.60474627977736e-11
0.42518475651741,3.91067664789294e-23,-1.30507262982582e-11,-1.94027901384564e-11
0.425555139780045,-8.07368023819604e-23,1.30625414998531e-11,1.8260126050107e-11
0.425925493240356,4.2235379362705e-23,-1.90448091325068e-11,-2.60473274893425e-11
0.426295876502991,3.91666504879665e-23,-1.30508425247311e-11,-1.94029514677396e-11
0.426666229963303,-8.09755811116399e-23,1.30625631838965e-11,1.82601503362356e-11
0.427036613225937,4.17180191375121e-23,-1.90447137227157e-11,-2.60471904461879e-11
0.427406966686249,3.90000809301073e-23,-1.3050958751204e-11,-1.94031110622994e-11
0.427777349948883,-8.04933409739474e-23,1.306258486794e-11,1.82601746223643e-11
0.428147733211517,4.23433460216372e-23,-1.9044620047648e-11,-2.60470534030333e-11
0.428518086671829,3.91611852596151e-23,-1.30510749776769e-11,-1.94032723915827e-11
0.428888469934464,-8.10796855075801e-23,1.30626065519834e-11,1.8260198908493e-11
0.429258823394775,4.16215098943674e-23,-1.90445246378568e-11,-2.60469163598787e-11
0.42962920665741,3.91155638557444e-23,-1.30511920715115e-11,-1.94034319861425e-11
0.429999560117722,-8.05655375239933e-23,1.30626282360269e-11,1.82602231946216e-11
0.430369943380356,4.21905657524012e-23,-1.90444292280656e-11,-2.60467810514475e-11
0.430740296840668,3.90609462821105e-23,-1.30513082979844e-11,-1.94035933154257e-11
0.431110680103302,-8.10395798191587e-23,1.30626499200703e-11,1.82602474807503e-11
0.431481063365936,4.17372768099304e-23,-1.90443355529979e-11,-2.60466440082929e-11
0.431851416826248,3.91766216898085e-23,-1.30514245244573e-11,-1.9403754644709e-11
0.432221800088882,-8.03010482396908e-23,1.30626716041138e-11,1.82602700321555e-11
0.432592153549194,4.2289189142772e-23,-1.90442401432067e-11,-2.60465069651383e-11
0.432962536811829,3.88063840234393e-23,-1.30515416182919e-11,-1.94039142392688e-11
0.433332890272141,-8.08590379569462e-23,1.30626932881572e-11,1.82602943182841e-11
0.433703273534775,4.19821613230163e-23,-1.9044146468139e-11,-2.60463699219837e-11
0.434073626995087,3.93175090920373e-23,-1.30516578447648e-11,-1.94040755685521e-11
0.434444010257721,-8.03555238183617e-23,1.30627158395624e-11,1.82603186044128e-11
0.434814393520355,4.19756516428264e-23,-1.90440510583478e-11,-2.60462328788291e-11
0.435184746980667,3.90659949919039e-23,-1.30517740712377e-11,-1.94042368978353e-11
0.435555130243301,-8.09857290183247e-23,1.30627375236059e-11,1.82603428905415e-11
0.435925483703613,4.20500159826398e-23,-1.90439556485567e-11,-2.6046097570398e-11
0.436295866966248,3.94863127039802e-23,-1.30518902977106e-11,-1.94043964923951e-11
0.436666220426559,-8.05565823749972e-23,1.30627592076493e-11,1.82603671766701e-11
0.437036603689194,4.20801378474448e-23,-1.9043861973489e-11,-2.60459605272434e-11
0.437406957149506,3.89065346485225e-23,-1.30520073915452e-11,-1.94045578216784e-11
0.43777734041214,-8.08357444721368e-23,1.30627808916928e-11,1.82603914627988e-11
0.438147723674774,4.2182910646177e-23,-1.90437665636978e-11,-2.60458234840888e-11
0.438518077135086,3.94183476038299e-23,-1.30521236180181e-11,-1.94047191509616e-11
0.43888846039772,-8.05241507254617e-23,1.30628025757362e-11,1.82604157489274e-11
0.439258813858032,4.19923628722426e-23,-1.90436728886301e-11,-2.60456864409342e-11
0.439629197120667,3.89573467571496e-23,-1.3052239844491e-11,-1.94048787455214e-11
0.439999550580978,-8.08638342312499e-23,1.30628242597797e-11,1.82604400350561e-11
0.440369933843613,4.21790136733052e-23,-1.90435774788389e-11,-2.60455511325031e-11
0.440740287303925,3.94967319788163e-23,-1.30523560709639e-11,-1.94050400748047e-11
0.441110670566559,-8.08007632241557e-23,1.30628459438231e-11,1.82604643211848e-11
0.441481053829193,4.17678467477295e-23,-1.90434820690477e-11,-2.60454140893485e-11
0.441851407289505,3.90403286134916e-23,-1.30524731647985e-11,-1.9405201404088e-11
0.442221790552139,-8.06771266322022e-23,1.30628676278666e-11,1.826048687259e-11
0.442592144012451,4.23414022683667e-23,-1.904338839398e-11,-2.60452770461939e-11
0.442962527275085,3.93362682043635e-23,-1.30525893912714e-11,-1.94053609986478e-11
0.443332880735397,-8.08212736076914e-23,1.306288931191e-11,1.82605111587186e-11
0.443703263998032,4.19128330712219e-23,-1.90432929841888e-11,-2.60451400030393e-11
0.444073617458344,3.89826691922072e-23,-1.30527056177443e-11,-1.9405522327931e-11
0.444444000720978,-8.06130017069386e-23,1.30629109959535e-11,1.82605354448473e-11
0.444814383983612,4.24110050437562e-23,-1.90431975743977e-11,-2.60450046946081e-11
0.445184737443924,3.93292536531943e-23,-1.30528227115789e-11,-1.94056836572143e-11
0.445555120706558,-8.0711369506376e-23,1.30629326799969e-11,1.8260559730976e-11
0.44592547416687,4.18097889043383e-23,-1.90431038993299e-11,-2.60448676514535e-11
0.446295857429504,3.91302114250325e-23,-1.30529389380518e-11,-1.94058432517741e-11
0.446666210889816,-8.03758574970547e-23,1.30629543640404e-11,1.82605840171046e-11
0.447036594152451,4.23645506027695e-23,-1.90430084895388e-11,-2.60447306082989e-11
0.447406947612762,3.9223476872135e-23,-1.30530551645247e-11,-1.94060045810573e-11
0.447777330875397,-8.08875063692938e-23,1.30629760480838e-11,1.82606083032333e-11
0.448147714138031,4.19412478410279e-23,-1.90429148144711e-11,-2.60445935651443e-11
0.448518067598343,3.94143717448676e-23,-1.30531713909976e-11,-1.94061659103406e-11
0.448888450860977,-8.01959341017919e-23,1.30629977321273e-11,1.82606325893619e-11
0.449258804321289,4.23791666176215e-23,-1.90428194046799e-11,-2.60444582567132e-11
0.449629187583923,3.91020490907161e-23,-1.30532884848322e-11,-1.94063255049004e-11
0.449999541044235,-8.10183310618156e-23,1.30630194161707e-11,1.82606568754906e-11
0.45036992430687,4.19268558626731e-23,-1.90427239948887e-11,-2.60443212135586e-11
0.450740277767181,3.94410951968929e-23,-1.30534047113051e-11,-1.94064868341837e-11
0.451110661029816,-8.02436002331289e-23,1.30630411002142e-11,1.82606811616193e-11
0.45148104429245,4.22809881448013e-23,-1.9042630319821e-11,-2.6044184170404e-11
0.451851397752762,3.90445853069362e-23,-1.3053520937778e-11,-1.94066464287435e-11
0.452221781015396,-8.10440794817621e-23,1.30630627842576e-11,1.82607037130245e-11
0.452592134475708,4.20202948591747e-23,-1.90425349100298e-11,-2.60440471272494e-11
0.452962517738342,3.94472577782845e-23,-1.30536380316126e-11,-1.94068077580267e-11
0.453332871198654,-8.02825257856362e-23,1.30630844683011e-11,1.82607279991531e-11
0.453703254461288,4.21875365265252e-23,-1.90424412349621e-11,-2.60439100840948e-11
0.4540736079216,3.89205353518684e-23,-1.30537542580855e-11,-1.940696908731e-11
0.454443991184235,-8.08442957243494e-23,1.30631070197063e-11,1.82607522852818e-11
0.454814374446869,4.23955623026756e-23,-1.90423458251709e-11,-2.60437747756637e-11
0.455184727907181,3.9608456771101e-23,-1.30538704845584e-11,-1.94071286818698e-11
0.455555111169815,-8.05291300154955e-23,1.30631287037497e-11,1.82607765714105e-11
0.455925464630127,4.20137189146688e-23,-1.90422504153798e-11,-2.60436377325091e-11
0.456295847892761,3.89039945164077e-23,-1.30539867110313e-11,-1.9407290011153e-11
0.456666201353073,-8.07821461067925e-23,1.30631503877932e-11,1.82608008575391e-11
0.457036584615707,4.23470221134555e-23,-1.90421567403121e-11,-2.60435006893545e-11
0.457406938076019,3.96547218854704e-23,-1.30541038048659e-11,-1.94074513404363e-11
0.457777321338654,-8.05792447710824e-23,1.30631720718366e-11,1.82608251436678e-11
0.458147704601288,4.18130831874785e-23,-1.90420613305209e-11,-2.60433636461999e-11
0.4585180580616,3.88937393246399e-23,-1.30542200313388e-11,-1.94076109349961e-11
0.458888441324234,-8.05804312178838e-23,1.30631937558801e-11,1.82608494297964e-11
0.459258794784546,4.24883355005732e-23,-1.90419659207297e-11,-2.60432283377687e-11
0.45962917804718,3.94983317887321e-23,-1.30543362578117e-11,-1.94077722642794e-11
0.459999531507492,-8.06151221650518e-23,1.30632154399235e-11,1.82608737159251e-11
0.460369914770126,4.19179827552112e-23,-1.9041872245662e-11,-2.60430912946141e-11
0.460740268230438,3.90361760496866e-23,-1.30544524842846e-11,-1.94079335935626e-11
0.461110651493073,-8.0507294345639e-23,1.3063237123967e-11,1.82608962673303e-11
0.461481034755707,4.24953374299679e-23,-1.90417768358708e-11,-2.60429542514595e-11
0.461851388216019,3.94561087976411e-23,-1.30545695781192e-11,-1.94080931881224e-11
0.462221771478653,-8.07210504074049e-23,1.30632588080104e-11,1.8260920553459e-11
0.462592124938965,4.17397632995036e-23,-1.90416831608031e-11,-2.60428172083049e-11
0.462962508201599,3.91273652148865e-23,-1.30546858045921e-11,-1.94082545174057e-11
0.463332861661911,-8.04543144472443e-23,1.30632804920539e-11,1.82609448395876e-11
0.463703244924545,4.22968442489962e-23,-1.90415877510119e-11,-2.60426801651503e-11
0.464073598384857,3.91880412402725e-23,-1.3054802031065e-11,-1.9408415846689e-11
0.464443981647491,-8.09646758984861e-23,1.30633021760973e-11,1.82609691257163e-11
0.464814335107803,4.19397206063154e-23,-1.90414923412208e-11,-2.60425448567192e-11
0.465184718370438,3.92717172942111e-23,-1.30549191248996e-11,-1.94085754412487e-11
0.465555101633072,-8.05394609379103e-23,1.30633238601408e-11,1.8260993411845e-11
0.465925455093384,4.24041924409787e-23,-1.90413986661531e-11,-2.60424078135646e-11
0.466295838356018,3.92169230157344e-23,-1.30550353513725e-11,-1.9408736770532e-11
0.46666619181633,-8.08274141009777e-23,1.30633455441842e-11,1.82610176979736e-11
0.467036575078964,4.20689044681544e-23,-1.90413032563619e-11,-2.604227077041e-11
0.467406928539276,3.93833190241945e-23,-1.30551515778454e-11,-1.94088980998153e-11
0.46777731180191,-8.02670956663301e-23,1.30633672282277e-11,1.82610419841023e-11
0.468147665262222,4.21626968743416e-23,-1.90412095812942e-11,-2.60421337272554e-11
0.468518048524857,3.91583295831382e-23,-1.30552678043183e-11,-1.94090576943751e-11
0.468888431787491,-8.06451682992099e-23,1.30633889122711e-11,1.82610662702309e-11
0.469258785247803,4.21432025436518e-23,-1.9041114171503e-11,-2.60419984188243e-11
0.469629168510437,3.94524484830408e-23,-1.30553848981529e-11,-1.94092190236583e-11
0.469999521970749,-8.03657474556934e-23,1.30634105963146e-11,1.82610888216361e-11
0.470369905233383,4.206757602639e-23,-1.90410187617118e-11,-2.60418613756697e-11
0.470740258693695,3.90376811962937e-23,-1.30555011246258e-11,-1.94093786182181e-11
0.471110641956329,-8.07298540951072e-23,1.3063432280358e-11,1.82611131077648e-11
0.471480995416641,4.23325670262283e-23,-1.90409250866441e-11,-2.60417243325151e-11
0.471851378679276,3.94337272360381e-23,-1.30556173510987e-11,-1.94095399475014e-11
0.47222176194191,-8.05468509868704e-23,1.30634539644015e-11,1.82611373938935e-11
0.472592115402222,4.19480320448128e-23,-1.90408296768529e-11,-2.60415872893605e-11
0.472962498664856,3.90184361456499e-23,-1.30557335775716e-11,-1.94097012767847e-11
0.473332852125168,-8.04545542609595e-23,1.30634756484449e-11,1.82611616800221e-11
0.473703235387802,4.24793424862537e-23,-1.90407342670618e-11,-2.60414519809293e-11
0.474073588848114,3.94797367594742e-23,-1.30558506714062e-11,-1.94098608713444e-11
0.474443972110748,-8.04733543940528e-23,1.30634973324883e-11,1.82611859661508e-11
0.47481432557106,4.19754749379837e-23,-1.90406405919941e-11,-2.60413149377747e-11
0.475184708833694,3.90043218463337e-23,-1.30559668978791e-11,-1.94100222006277e-11
0.475555092096329,-8.04792235191876e-23,1.30635190165318e-11,1.82612102522794e-11
0.475925445556641,4.25671805703282e-23,-1.90405451822029e-11,-2.60411778946201e-11
0.476295828819275,3.95822413454986e-23,-1.3056083124352e-11,-1.9410183529911e-11
0.476666182279587,-8.07806882918396e-23,1.30635407005752e-11,1.82612345384081e-11
0.477036565542221,4.1855918334632e-23,-1.90404515071352e-11,-2.60410408514655e-11
0.477406919002533,3.92812467339461e-23,-1.30562002181867e-11,-1.94103431244708e-11
0.477777302265167,-8.04860645209577e-23,1.30635623846187e-11,1.82612570898133e-11
0.478147655725479,4.24016964850746e-23,-1.9040356097344e-11,-2.60409038083109e-11
0.478518038988113,3.93848872796741e-23,-1.30563164446595e-11,-1.9410504453754e-11
0.478888422250748,-8.07770090445777e-23,1.30635840686621e-11,1.8261281375942e-11
0.47925877571106,4.19612186437045e-23,-1.90402606875528e-11,-2.60407684998798e-11
0.479629158973694,3.92604523604845e-23,-1.30564326711324e-11,-1.94106657830373e-11
0.479999512434006,-8.01527171459602e-23,1.30636057527056e-11,1.82613056620706e-11
0.48036989569664,4.24732524800654e-23,-1.90401670124851e-11,-2.60406314567252e-11
0.480740249156952,3.92561925115963e-23,-1.30565488976053e-11,-1.94108253775971e-11
0.481110632419586,-8.08936342408055e-23,1.3063627436749e-11,1.82613299481993e-11
0.481480985879898,4.19890181020045e-23,-1.90400716026939e-11,-2.60404944135706e-11
0.481851369142532,3.94847696920495e-23,-1.305666599144e-11,-1.94109867068804e-11
0.482221752405167,-8.01632752603157e-23,1.30636491207925e-11,1.8261354234328e-11
0.482592105865479,4.23936343266232e-23,-1.90399761929028e-11,-2.6040357370416e-11
0.482962489128113,3.92120667880019e-23,-1.30567822179128e-11,-1.94111480361636e-11
0.483332842588425,-8.08559708657467e-23,1.30636708048359e-11,1.82613785204566e-11
0.483703225851059,4.2091106169471e-23,-1.90398825178351e-11,-2.60402203272614e-11
0.484073579311371,3.96695871803683e-23,-1.30568984443857e-11,-1.94113076307234e-11
0.484443962574005,-8.01494102410456e-23,1.30636924888794e-11,1.82614028065853e-11
0.484814316034317,4.22995326869612e-23,-1.90397871080439e-11,-2.60400850188303e-11
0.485184699296951,3.91321330901976e-23,-1.30570146708586e-11,-1.94114689600067e-11
0.485555082559586,-8.08747394444037e-23,1.30637150402846e-11,1.82614270927139e-11
0.485925436019897,4.20693809401412e-23,-1.90396934329762e-11,-2.60399479756757e-11
0.486295819282532,3.95787293367486e-23,-1.30571317646933e-11,-1.94116285545665e-11
0.486666172742844,-8.03326152976741e-23,1.3063736724328e-11,1.82614496441191e-11
0.487036556005478,4.22881036701664e-23,-1.9039598023185e-11,-2.60398109325211e-11
0.48740690946579,3.9169742822715e-23,-1.30572479911661e-11,-1.94117898838497e-11
0.487777292728424,-8.07632386886161e-23,1.30637584083715e-11,1.82614739302478e-11
0.488147646188736,4.21690550932377e-23,-1.90395026133938e-11,-2.60396738893665e-11
0.48851802945137,3.94556007712181e-23,-1.3057364217639e-11,-1.9411951213133e-11
0.488888412714005,-8.02271161956535e-23,1.30637800924149e-11,1.82614982163765e-11
0.489258766174316,4.2233356723344e-23,-1.90394089383261e-11,-2.60395385809353e-11
0.489629149436951,3.9120394839928e-23,-1.30574804441119e-11,-1.94121108076928e-11
0.489999502897263,-8.06506650819975e-23,1.30638017764584e-11,1.82615225025051e-11
0.490369886159897,4.22102872750318e-23,-1.90393135285349e-11,-2.60394015377807e-11
0.490740239620209,3.95979617656179e-23,-1.30575975379466e-11,-1.9412272136976e-11
0.491110622882843,-8.03082489620336e-23,1.30638234605018e-11,1.82615467886338e-11
0.491480976343155,4.21539910053916e-23,-1.90392181187438e-11,-2.60392644946261e-11
0.491851359605789,3.90574027189242e-23,-1.30577137644194e-11,-1.94124334662593e-11
0.492221742868423,-8.07869676246452e-23,1.30638451445453e-11,1.82615710747625e-11
0.492592096328735,4.23595460691868e-23,-1.90391244436761e-11,-2.60391274514715e-11
0.49296247959137,3.96165220849959e-23,-1.30578299908923e-11,-1.94125930608191e-11
0.493332833051682,-8.05342733885975e-23,1.30638668285887e-11,1.82615953608911e-11
0.493703216314316,4.19320371010986e-23,-1.90390290338849e-11,-2.60389904083169e-11
0.494073569774628,3.90782318022657e-23,-1.3057947084727e-11,-1.94127543901024e-11
0.494443953037262,-8.06104710411547e-23,1.30638885126322e-11,1.82616179122963e-11
0.494814306497574,4.23820980247453e-23,-1.90389353588172e-11,-2.60388550998858e-11
0.495184689760208,3.95908493956964e-23,-1.30580633111999e-11,-1.94129157193856e-11
0.495555073022842,-8.04908544843742e-23,1.30639101966756e-11,1.8261642198425e-11
0.495925426483154,4.1998676914928e-23,-1.9038839949026e-11,-2.60387180567312e-11
0.496295809745789,3.91367274161097e-23,-1.30581795376727e-11,-1.94130753139454e-11
0.4966661632061,-8.06869400618632e-23,1.30639318807191e-11,1.82616664845536e-11
0.497036546468735,4.23992005291705e-23,-1.90387445392348e-11,-2.60385810135766e-11
0.497406899929047,3.95269011752756e-23,-1.30582957641456e-11,-1.94132366432287e-11
0.497777283191681,-8.0751803360934e-23,1.30639535647625e-11,1.82616907706823e-11
0.498147636651993,4.19559301201959e-23,-1.90386508641671e-11,-2.6038443970422e-11
0.498518019914627,3.91148538809297e-23,-1.30584128579803e-11,-1.9413397972512e-11
0.498888403177261,-8.05473937231732e-23,1.3063975248806e-11,1.8261715056811e-11
0.499258756637573,4.23361863200614e-23,-1.90385554543759e-11,-2.60383086619909e-11
0.499629139900208,3.9323321419187e-23,-1.30585290844532e-11,-1.94135575670717e-11
0.499999493360519,-8.07248621832989e-23,1.30639969328494e-11,1.82617393429396e-11
0.500369846820831,4.19794413306151e-23,-1.90384600445848e-11,-2.60381716188363e-11
0.500740230083466,3.92136949969103e-23,-1.3058645310926e-11,-1.9413718896355e-11
0.5011106133461,-8.04291781833604e-23,1.30640186168929e-11,1.82617636290683e-11
0.501480996608734,4.23142181215728e-23,-1.90383663695171e-11,-2.60380345756817e-11
0.501851320266724,3.91084483303793e-23,-1.30587615373989e-11,-1.94138784909148e-11
0.502221703529358,-8.07461298733037e-23,1.30640403009363e-11,1.82617861804735e-11
0.502592086791992,4.19711267366741e-23,-1.90382709597259e-11,-2.60378975325271e-11
0.502962470054626,3.94117937474294e-23,-1.30588786312336e-11,-1.94140398201981e-11
0.503332853317261,-8.02997103315955e-23,1.30640619849798e-11,1.82618104666021e-11
0.50370317697525,4.21614473186677e-23,-1.90381772846582e-11,-2.60377604893725e-11
0.504073560237885,3.90985497037406e-23,-1.30589948577065e-11,-1.94142011494813e-11
0.504443943500519,-8.08945998065535e-23,1.30640836690232e-11,1.82618347527308e-11
0.504814326763153,4.20223679856336e-23,-1.9038081874867e-11,-2.60376251809413e-11
0.505184650421143,3.94957948120609e-23,-1.30591110841793e-11,-1.94143607440411e-11
0.505555033683777,-8.0463780778107e-23,1.30641053530667e-11,1.82618590388595e-11
0.505925416946411,4.21671681379524e-23,-1.90379864650758e-11,-2.60374881377867e-11
0.506295800209045,3.89956727753689e-23,-1.30592273106522e-11,-1.94145220733244e-11
0.50666618347168,-8.08621050481457e-23,1.30641270371101e-11,1.82618833249881e-11
0.507036507129669,4.2283761779744e-23,-1.90378927900081e-11,-2.60373510946321e-11
0.507406890392303,3.9472722208305e-23,-1.30593444044869e-11,-1.94146834026077e-11
0.507777273654938,-8.05574343447748e-23,1.30641487211536e-11,1.82619076111168e-11
0.508147656917572,4.19448229586504e-23,-1.90377973802169e-11,-2.60372140514775e-11
0.508517980575562,3.90860762351072e-23,-1.30594606309598e-11,-1.94148429971674e-11
0.508888363838196,-8.07186270267041e-23,1.3064170405197e-11,1.8261930162522e-11
0.50925874710083,4.21505768153938e-23,-1.90377019704258e-11,-2.60370770083229e-11
0.509629130363464,3.94584627585822e-23,-1.30595768574326e-11,-1.94150043264507e-11
0.509999513626099,-8.05694376523087e-23,1.30641920892405e-11,1.82619544486506e-11
0.510369837284088,4.18352154690354e-23,-1.90376082953581e-11,-2.60369416998918e-11
0.510740220546722,3.91358249592341e-23,-1.30596930839055e-11,-1.9415165655734e-11
0.511110603809357,-8.03037366776558e-23,1.30642137732839e-11,1.82619787347793e-11
0.511480987071991,4.24519942563915e-23,-1.90375128855669e-11,-2.60368046567372e-11
0.51185131072998,3.93386284761919e-23,-1.30598101777402e-11,-1.94153252502938e-11
0.512221693992615,-8.07700860012735e-23,1.30642354573274e-11,1.8262003020908e-11
0.512592077255249,4.16841833155654e-23,-1.90374192104992e-11,-2.60366676135826e-11
0.512962460517883,3.91664990266727e-23,-1.30599264042131e-11,-1.9415486579577e-11
0.513332843780518,-8.03349692586153e-23,1.30642571413708e-11,1.82620273070366e-11
0.513703167438507,4.25458844813309e-23,-1.9037323800708e-11,-2.6036530570428e-11
0.514073550701141,3.93515878831429e-23,-1.30600426306859e-11,-1.94156461741368e-11
0.514443933963776,-8.10818312092423e-23,1.30642788254143e-11,1.82620515931653e-11
0.51481431722641,4.17205024716418e-23,-1.90372283909168e-11,-2.60363935272734e-11
0.515184640884399,3.92473919793377e-23,-1.30601588571588e-11,-1.94158075034201e-11
0.515555024147034,-8.03357644304077e-23,1.30643005094577e-11,1.8262075879294e-11
0.515925407409668,4.23637743636388e-23,-1.90371347158491e-11,-2.60362582188423e-11
0.516295790672302,3.92394023960896e-23,-1.30602759509935e-11,-1.94159688327034e-11
0.516666173934937,-8.09736941563546e-23,1.30643221935012e-11,1.82620984306991e-11
0.517036497592926,4.18785144664011e-23,-1.90370393060579e-11,-2.60361211756877e-11
0.51740688085556,3.9526232221228e-23,-1.30603921774664e-11,-1.94161284272631e-11
0.517777264118195,-8.02978423089719e-23,1.30643438775446e-11,1.82621227168278e-11
0.518147647380829,4.22638887958197e-23,-1.90369438962668e-11,-2.60359841325331e-11
0.518517971038818,3.90002702567245e-23,-1.30605084039392e-11,-1.94162897565464e-11
0.518888354301453,-8.10460232350325e-23,1.30643655615881e-11,1.82621470029565e-11
0.519258737564087,4.19788859725378e-23,-1.90368502211991e-11,-2.60358470893784e-11
0.519629120826721,3.95623273408072e-23,-1.30606246304121e-11,-1.94164510858297e-11
0.519999504089355,-8.02868676760585e-23,1.30643872456315e-11,1.82621712890851e-11
0.520369827747345,4.20933907106525e-23,-1.90367548114079e-11,-2.60357117809473e-11
0.520740211009979,3.90101404843706e-23,-1.30607417242468e-11,-1.94166106803895e-11
0.521110594272614,-8.08867364410503e-23,1.3064408929675e-11,1.82621955752138e-11
0.521480977535248,4.21728100711465e-23,-1.90366611363402e-11,-2.60355747377927e-11
0.521851301193237,3.97123844621984e-23,-1.30608579507197e-11,-1.94167720096727e-11
0.522221684455872,-8.03879744005589e-23,1.30644306137184e-11,1.82622198613425e-11
0.522592067718506,4.20064992596642e-23,-1.9036565726549e-11,-2.60354376946381e-11
0.52296245098114,3.89636639552786e-23,-1.30609741771925e-11,-1.94169316042325e-11
0.523332834243774,-8.07260991171983e-23,1.30644522977619e-11,1.82622424127477e-11
0.523703157901764,4.23917189723453e-23,-1.90364703167578e-11,-2.60353006514835e-11
0.524073541164398,3.96047838347262e-23,-1.30610912710272e-11,-1.94170929335158e-11
0.524443924427032,-8.04264708127337e-23,1.30644739818053e-11,1.82622666988763e-11
0.524814307689667,4.18942096429714e-23,-1.90363766416901e-11,-2.60351636083289e-11
0.525184631347656,3.90809297065616e-23,-1.30612074975001e-11,-1.94172542627991e-11
0.525555014610291,-8.06206315696139e-23,1.30644956658488e-11,1.8262290985005e-11
0.525925397872925,4.23873392165996e-23,-1.90362812318989e-11,-2.60350282998978e-11
0.526295781135559,3.95343511776645e-23,-1.3061323723973e-11,-1.94174138573588e-11
0.526666164398193,-8.07128714975396e-23,1.30645173498922e-11,1.82623152711336e-11
0.527036488056183,4.17608542846656e-23,-1.90361858221078e-11,-2.60348912567432e-11
0.527406871318817,3.91603616888301e-23,-1.30614399504458e-11,-1.94175751866421e-11
0.527777254581451,-8.03853048952556e-23,1.30645390339357e-11,1.82623395572623e-11
0.528147637844086,4.25496962572249e-23,-1.90360921470401e-11,-2.60347542135886e-11
0.528517961502075,3.931234363083e-23,-1.30615570442805e-11,-1.94177365159254e-11
0.528888344764709,-8.06891236288488e-23,1.30645607179791e-11,1.8262363843391e-11
0.529258728027344,4.18834117149008e-23,-1.90359967372489e-11,-2.6034617170434e-11
0.529629111289978,3.9169900594896e-23,-1.30616732707534e-11,-1.94178961104852e-11
0.529999494552612,-8.03140612891833e-23,1.30645824020226e-11,1.82623863947962e-11
0.530369818210602,4.25442878268587e-23,-1.90359013274577e-11,-2.60344801272794e-11
0.530740201473236,3.93196800372485e-23,-1.30617894972263e-11,-1.94180574397684e-11
0.53111058473587,-8.09100236149724e-23,1.3064604086066e-11,1.82624106809248e-11
0.531480967998505,4.19274333088557e-23,-1.903580765239e-11,-2.60343448188483e-11
0.531851291656494,3.94753917136083e-23,-1.30619057236991e-11,-1.94182187690517e-11
0.532221674919128,-8.01570590363826e-23,1.30646257701095e-11,1.82624349670535e-11
0.532592058181763,4.23400927592641e-23,-1.90357122425988e-11,-2.60342077756937e-11
0.532962441444397,3.9200388491161e-23,-1.30620228175338e-11,-1.94183783636115e-11
0.533332824707031,-8.07739798187016e-23,1.30646474541529e-11,1.82624592531822e-11
0.533703148365021,4.19058532299325e-23,-1.90356185675311e-11,-2.6034070732539e-11
0.534073531627655,3.94711602637127e-23,-1.30621390440067e-11,-1.94185396928948e-11
0.534443914890289,-8.03275539661062e-23,1.30646691381964e-11,1.82624835393108e-11
0.534814298152924,4.21933551645621e-23,-1.90355231577399e-11,-2.60339336893844e-11
0.535184621810913,3.92242436449349e-23,-1.30622552704796e-11,-1.94186992874545e-11
0.535555005073547,-8.08545193616811e-23,1.30646908222398e-11,1.82625078254395e-11
0.535925388336182,4.23004730091602e-23,-1.90354277479488e-11,-2.60337966462298e-11
0.536295771598816,3.94924531972664e-23,-1.30623714969524e-11,-1.94188606167378e-11
0.53666615486145,-8.04174777984141e-23,1.30647125062833e-11,1.82625321115681e-11
0.53703647851944,4.21489328292673e-23,-1.9035334072881e-11,-2.60336613377987e-11
0.537406861782074,3.91088490717191e-23,-1.30624885907871e-11,-1.94190219460211e-11
0.537777245044708,-8.06630596645403e-23,1.30647341903267e-11,1.82625546629733e-11
0.538147628307343,4.22159512963312e-23,-1.90352386630899e-11,-2.60335242946441e-11
0.538517951965332,3.97533389649538e-23,-1.306260481726e-11,-1.94191815405809e-11
0.538888335227966,-8.01849342253295e-23,1.30647558743702e-11,1.8262578949102e-11
0.539258718490601,4.2042881524613e-23,-1.90351432532987e-11,-2.60333872514895e-11
0.539629101753235,3.89964616362741e-23,-1.30627210437329e-11,-1.94193428698641e-11
0.539999485015869,-8.0628412893583e-23,1.30647775584136e-11,1.82626032352307e-11
0.540369808673859,4.23677754661501e-23,-1.9035049578231e-11,-2.60332502083349e-11
0.540740191936493,3.95846647261995e-23,-1.30628372702057e-11,-1.94195041991474e-11
0.541110575199127,-8.05424522984629e-23,1.30647992424571e-11,1.82626275213593e-11
0.541480958461761,4.19178912473462e-23,-1.90349541684398e-11,-2.60331131651803e-11
0.541851282119751,3.90602268409649e-23,-1.30629543640404e-11,-1.94196637937072e-11
0.542221665382385,-8.0497872190987e-23,1.30648200591388e-11,1.8262651807488e-11
0.54259204864502,4.23874969887806e-23,-1.90348587586486e-11,-2.60329778567492e-11
0.542962431907654,3.96061785408067e-23,-1.30630705905133e-11,-1.94198251229905e-11
0.543332815170288,-8.06525015501848e-23,1.30648417431822e-11,1.82626743588932e-11
0.543703138828278,4.19423270027463e-23,-1.90347650835809e-11,-2.60328408135946e-11
0.544073522090912,3.91880570174906e-23,-1.30631868169861e-11,-1.94199847175502e-11
0.544443905353546,-8.02705414107641e-23,1.30648634272257e-11,1.82626986450218e-11
0.54481428861618,4.24469897228088e-23,-1.90346696737898e-11,-2.603270377044e-11
0.54518461227417,3.94185558631089e-23,-1.3063303043459e-11,-1.94201460468335e-11
0.545554995536804,-8.06770256580063e-23,1.30648851112691e-11,1.82627229311505e-11
0.545925378799438,4.19999138488274e-23,-1.9034575998722e-11,-2.60325667272854e-11
0.546295762062073,3.94082785832357e-23,-1.30634201372937e-11,-1.94203073761168e-11
0.546666145324707,-8.04399698005438e-23,1.30649067953126e-11,1.82627472172792e-11
0.547036468982697,4.22687544898831e-23,-1.90344805889309e-11,-2.60324296841308e-11
0.547406852245331,3.92589819237572e-23,-1.30635363637666e-11,-1.94204669706766e-11
0.547777235507965,-8.06960214286041e-23,1.3064928479356e-11,1.82627715034078e-11
0.548147618770599,4.21255005049386e-23,-1.90343851791397e-11,-2.60322943756996e-11
0.548517942428589,3.94672759126154e-23,-1.30636525902394e-11,-1.94206282999598e-11
0.548888325691223,-8.04197244742722e-23,1.30649501633995e-11,1.82627957895365e-11
0.549258708953857,4.22645545944237e-23,-1.9034291504072e-11,-2.6032157332545e-11
0.549629092216492,3.93127349058389e-23,-1.30637688167123e-11,-1.94207896292431e-11
0.549999475479126,-8.07218708227463e-23,1.30649718474429e-11,1.82628183409417e-11
0.550369799137115,4.21812698154941e-23,-1.90341960942808e-11,-2.60320202893904e-11
0.55074018239975,3.95597177889328e-23,-1.3063885910547e-11,-1.94209492238029e-11
0.551110565662384,-8.03282607854773e-23,1.30649935314864e-11,1.82628426270703e-11
0.551480948925018,4.21825730137095e-23,-1.90341006844896e-11,-2.60318832462358e-11
0.551851272583008,3.92525353524397e-23,-1.30640021370199e-11,-1.94211105530862e-11
0.552221655845642,-8.05609936851792e-23,1.30650152155298e-11,1.8262866913199e-11
0.552592039108276,4.22162100427082e-23,-1.90340070094219e-11,-2.60317462030812e-11
0.552962422370911,3.9603603698812e-23,-1.30641183634927e-11,-1.94212718823694e-11
0.553332805633545,-8.0396721290276e-23,1.30650368995733e-11,1.82628911993277e-11
0.553703129291534,4.21352255821782e-23,-1.90339115996307e-11,-2.60316108946501e-11
0.554073512554169,3.92235746908872e-23,-1.30642345899656e-11,-1.94214314769292e-11
0.554443895816803,-8.05209447947429e-23,1.30650585836167e-11,1.82629154854563e-11
0.554814279079437,4.24019646977824e-23,-1.90338161898396e-11,-2.60314738514955e-11
0.555184602737427,3.95731189579907e-23,-1.30643516838003e-11,-1.94215928062125e-11
0.555554986000061,-8.05244915133728e-23,1.30650802676602e-11,1.8262939771585e-11
0.555555999279022,-8.05180859628224e-23,1.30319487839925e-11,1.82260612852092e-11
