Time,U1,U2,U3
0.0,0.0,0.0,0.0
0.000512821017764509,2.64031341080689e-22,-3.84821558299664e-12,9.47105865956033e-11
0.00102564203552902,-6.68308633189202e-23,-1.3688159980485e-11,2.22903487334669e-10
0.00153846305329353,-1.64323154631486e-21,-1.50344114328155e-12,4.32579666531652e-12
0.00205128407105803,3.25033412145127e-22,1.02132226287299e-11,-8.18189127560487e-11
0.00256410497240722,2.96268428486827e-21,-2.22400743654649e-11,3.31966870659173e-10
0.00307692610658705,-2.63020655013275e-21,-8.31171242943185e-12,9.0033036581616e-11
0.00358974700793624,-2.23908078100462e-21,2.2936647373073e-11,-2.41280773138897e-10
0.00410256814211607,6.29339729935336e-21,-2.52667938654971e-11,3.64878016689829e-10
0.00461538881063461,-9.60853383243541e-22,-1.71336521359589e-11,2.10468614758597e-10
0.00512820994481444,-6.94310526135149e-21,3.08910223789649e-11,-3.5031630374327e-10
0.00564103107899427,4.20620897196753e-21,-2.17815765424234e-11,3.2555275142343e-10
0.0061538522131741,1.62527429532165e-21,-2.75506960994987e-11,3.40570738277535e-10
0.00666667288169265,-3.53777029663582e-21,3.53919914208856e-11,-4.05897759847562e-10
0.00717949401587248,7.19552540294445e-21,-1.56574614385008e-11,2.45975462220827e-10
0.00769231515005231,-1.30942771746501e-21,-3.57578411325221e-11,4.45374404023369e-10
0.00820513628423214,-9.30233826724567e-21,3.54960505433155e-11,-4.04959482613876e-10
0.00871795695275068,1.08895952729519e-20,-8.47299834461079e-12,1.50189749525964e-10
0.00923077762126923,4.33635865199e-21,-4.03848829377829e-11,5.08686093247945e-10
0.00974359922111034,-1.47731032357247e-20,3.16216185181073e-11,-3.58773483144503e-10
0.0102564198896289,6.29883092278142e-21,-1.10427953673581e-12,5.86683548964295e-11
0.0107692405581474,9.01233391436341e-21,-4.2320830867526e-11,5.30779420415683e-10
0.0112820621579885,-1.3871586227967e-20,2.65614648331525e-11,-2.91471513591546e-10
0.0117948828265071,1.92140344000269e-21,3.86394171866811e-12,-6.60844946473449e-12
0.0123077044263482,9.06086938303981e-21,-4.09185567373793e-11,5.13137365931726e-10
0.0128205250948668,-1.17600098050015e-20,2.09831232250712e-11,-2.19287449310102e-10
0.0133333457633853,3.01445577457386e-21,6.37076459295005e-12,-3.97814732544521e-11
0.0138461673632264,9.87691536906605e-21,-3.74185162022034e-11,4.69287886328829e-10
0.014358988031745,-1.50577228366897e-20,1.61318389202414e-11,-1.58222809854003e-10
0.0148718087002635,9.24835988551518e-22,6.6684791369398e-12,-4.214182475204e-11
0.0153846303001046,1.65982384832317e-20,-3.3362052703767e-11,4.15661005614965e-10
0.0158974509686232,-1.19318484993237e-20,1.32516367670754e-11,-1.19988713409569e-10
0.0164102725684643,-6.40855675415401e-21,4.78017668850694e-12,-1.86240189936626e-11
0.0169230923056602,1.48986230469182e-20,-2.93224299008354e-11,3.64096225391464e-10
0.0174359139055014,-5.76018811388987e-21,1.21502139946439e-11,-1.05980599296451e-10
0.0179487355053425,-6.709203383384e-21,1.85689549674073e-12,1.89701986758051e-11
0.0184615552425385,1.09448063476656e-20,-2.630085906008e-11,3.25436733117357e-10
0.0189743768423796,-5.27606652400578e-21,1.27244794562165e-11,-1.13790261935254e-10
0.0194871984422207,-6.04827880381203e-21,-1.25414771883631e-12,5.95286875348933e-11
0.0200000181794167,1.17906599163121e-20,-2.47558223920308e-11,3.05066999439774e-10
0.0205128397792578,-3.20990324563204e-21,1.45773827037177e-11,-1.37269320910072e-10
0.0210256613790989,-9.42195956981335e-21,-3.99245567161977e-12,9.45129183249627e-11
0.0215384811162949,7.99634690361445e-21,-2.45376514246276e-11,3.02446456768024e-10
0.022051302716136,2.28696597585963e-21,1.69120533549671e-11,-1.67431221664849e-10
0.0225641243159771,-5.03412104159543e-21,-5.78103710735522e-12,1.17531887000588e-10
0.0230769459158182,2.39825448388747e-21,-2.54496944351867e-11,3.14315490301809e-10
0.0235897656530142,-1.41848035387374e-21,1.91627495121915e-11,-1.96610172586986e-10
0.0241025872528553,-1.20794067365591e-21,-6.46550738295226e-12,1.26557236912461e-10
0.0246154088526964,5.19800821994141e-21,-2.70696989129737e-11,3.34984096017621e-10
0.0251282285898924,-2.12073599422111e-21,2.09267794065715e-11,-2.19153278857576e-10
0.0256410501897335,-3.59188357989199e-21,-6.21362943736825e-12,1.23156457254581e-10
0.0261538717895746,2.53055148115928e-21,-2.88391636960039e-11,3.57896573488503e-10
0.0266666915267706,4.33730165000521e-22,2.18938218249365e-11,-2.31675650885776e-10
0.0271795131266117,1.37420953035984e-21,-5.24599764670231e-12,1.10699768796074e-10
0.0276923347264528,-6.68513446723747e-22,-3.03907871090914e-11,3.77918835114954e-10
0.0282051544636488,-5.52436853399444e-21,2.20669576361798e-11,-2.33962904605534e-10
0.0287179760634899,4.65034074131993e-21,-3.93542880575137e-12,9.38849345488713e-11
0.029230797663331,4.93338999159079e-21,-3.14567677461852e-11,3.91574078717483e-10
0.029743617400527,-7.65645079665688e-21,2.16063382463272e-11,-2.27947077879875e-10
0.0302564390003681,3.76357762867863e-22,-2.65284495759577e-12,7.72869060416959e-11
0.0307692606002092,4.92830291160294e-21,-3.19043923224793e-11,3.97395782947285e-10
0.0312820822000504,-4.87708395269714e-21,2.07304208521553e-11,-2.16693468724216e-10
0.0317949019372463,2.83953999260674e-21,-1.63788969366474e-12,6.42229117109316e-11
0.0323077216744423,3.15355944238914e-21,-3.17989384823747e-11,3.96037286298778e-10
0.0328205451369286,-9.38360957022257e-21,1.97277368052529e-11,-2.03785086028141e-10
0.0333333648741245,4.1877755266666e-21,-1.04585426690534e-12,5.66152714986945e-11
0.0338461846113205,8.70341911407893e-21,-3.12882809938575e-11,3.89430099279053e-10
0.0343590080738068,-1.04937126094564e-20,1.88386060223644e-11,-1.92300397827694e-10
0.0348718278110027,-1.17106550316998e-21,-9.08300561500153e-13,5.48198847427628e-11
0.0353846475481987,9.31571613650787e-21,-3.05643704789915e-11,3.80117298748317e-10
0.035897471010685,-6.30144898173189e-21,1.82142217974857e-11,-1.84262410884983e-10
0.0364102907478809,-7.92455132210042e-22,-1.14281750295681e-12,5.78427444830609e-11
0.0369231104850769,6.65764515118009e-21,-2.98315747104816e-11,3.70680125483247e-10
0.0374359339475632,-8.10124374504383e-21,1.79264606631202e-11,-1.80566103735735e-10
0.0379487536847591,5.15698947235384e-22,-1.61600518123334e-12,6.39569300298071e-11
0.0384615734219551,9.92252581723654e-21,-2.92455157313576e-11,3.63109098344694e-10
0.0389743968844414,-8.52795988898965e-21,1.79609504352696e-11,-1.80991846510103e-10
0.0394872166216373,-3.7727429049763e-21,-2.17923205522719e-12,7.11981515411075e-11
0.0400000363588333,9.84705931883171e-21,-2.88890352612148e-11,3.58529150812359e-10
0.0405128598213196,-4.05178832643259e-21,1.8231199536145e-11,-1.84484663656725e-10
0.0410256795585155,-3.33745162842056e-21,-2.68987371439267e-12,7.77848202515585e-11
0.0415384992957115,6.04843470797045e-21,-2.87876788379604e-11,3.57220808488989e-10
0.0420513227581978,-4.9397925634024e-21,1.86301668536615e-11,-1.89627341606879e-10
0.0425641424953938,-7.46332643892304e-22,-3.05604955404271e-12,8.25076881816322e-11
0.0430769622325897,7.65738541381384e-21,-2.89029633560034e-11,3.58700430469483e-10
0.043589785695076,-6.17378367082456e-21,1.90455585330485e-11,-1.94973245881691e-10
0.044102605432272,-3.20742897393649e-21,-3.23589809461677e-12,8.48179027013174e-11
0.0446154251694679,7.74865477776883e-21,-2.91595671220168e-11,3.62014085375506e-10
0.0451282486319542,-3.02475231527494e-21,1.9385375249481e-11,-1.99358043961873e-10
0.0456410683691502,-2.56111980337127e-21,-3.23281484047866e-12,8.47823131144843e-11
0.0461538918316364,4.33879980414931e-21,-2.94736908490467e-11,3.66059432765908e-10
0.0466667115688324,-4.08027476267416e-21,1.95981304101922e-11,-2.02098213164525e-10
0.0471795313060284,5.30051116513515e-22,-3.09084702276863e-12,8.29523394418885e-11
0.0476923547685146,5.66647032763345e-21,-2.97659293047037e-11,3.69824754153925e-10
0.0482051745057106,-6.32911671919337e-21,1.96683138525833e-11,-2.03001074283726e-10
0.0487179942429066,-1.08464067918435e-21,-2.87126702622209e-12,8.01206531675369e-11
0.0492308177053928,6.80026877946335e-21,-2.99804382708491e-11,3.72590930330929e-10
0.0497436374425888,-4.36029721044967e-21,1.96137620034342e-11,-2.02299343943224e-10
0.0502564571797848,-1.13776926208241e-21,-2.63708369377391e-12,7.71035735258607e-11
0.050769280642271,4.48491229284821e-21,-3.00909921979731e-11,3.74015041160192e-10
0.051282100379467,-5.14312955228056e-21,1.9474914736417e-11,-2.00509692183104e-10
0.051794920116663,1.34264580452498e-21,-2.44067027872774e-12,7.45724870743203e-11
0.0523077435791492,5.78669020523424e-21,-3.00982745671252e-11,3.74108244383109e-10
0.0528205633163452,-7.44792292631752e-21,1.92999262405014e-11,-1.98253483074673e-10
0.0533333830535412,-2.1207996584516e-22,-2.31424688440507e-12,7.29419857847802e-11
0.0538462065160275,7.54847868511814e-21,-3.00243128970035e-11,3.7315611711719e-10
0.0543590262532234,-5.78446877292514e-21,1.913321931446e-11,-1.96105826022475e-10
0.0548718459904194,-1.15972377856747e-21,-2.26774436902499e-12,7.23432355687059e-11
0.0553846694529057,5.80802160995659e-21,-2.99034026707279e-11,3.71597475012919e-10
0.0558974891901016,-5.73577012994821e-21,1.90078074807642e-11,-1.94489147009591e-10
0.0564103089272976,6.4196107022983e-22,-2.29272633864297e-12,7.26648879956215e-11
0.0569231323897839,6.54783409758619e-21,-2.97712687835627e-11,3.69894559426598e-10
0.0574359521269798,-7.53163457366017e-21,1.89401792860533e-11,-1.93617163968263e-10
0.0579487718641758,-6.48620974779616e-22,-2.36758399344006e-12,7.36290264868877e-11
0.0584615953266621,8.18229290478982e-21,-2.96578976655137e-11,3.68433922259825e-10
0.058974415063858,-5.95556025819793e-21,1.89310650489105e-11,-1.93499868905711e-10
0.059487234801054,-1.90260709344181e-21,-2.46525629771233e-12,7.48878181688895e-11
0.0600000582635403,6.53450954269941e-21,-2.95826141361033e-11,3.67463531825152e-10
0.0605128780007362,-5.27977066140702e-21,1.89690398805231e-11,-1.93988922148058e-10
0.0610256977379322,-3.10048084171804e-22,-2.56033909351583e-12,7.6112900704306e-11
0.0615385212004185,6.5387181471832e-21,-2.95522287196981e-11,3.67071928408791e-10
0.0620513409376144,-6.76091590415921e-21,1.90353757062445e-11,-1.94843488565688e-10
0.0625641644001007,-9.65255151364028e-22,-2.63369339358055e-12,7.70578670317157e-11
0.0630769804120064,7.87038442154624e-21,-2.95627133883869e-11,3.67207236839917e-10
0.0635898038744926,-5.60249267323452e-21,1.91097727919587e-11,-1.95802235536391e-10
0.0641026273369789,-2.08484269681581e-21,-2.67507153581259e-12,7.75910169448224e-11
0.0646154433488846,6.42217534589915e-21,-2.96025357005014e-11,3.67720354166323e-10
0.0651282668113708,-4.79403469607939e-21,1.9174993190485e-11,-1.96642466199215e-10
0.0656410902738571,-5.61285666469844e-22,-2.6832971608548e-12,7.76967865045997e-11
0.0661539062857628,6.03236648223354e-21,-2.96566382562702e-11,3.68417574225788e-10
0.0666667297482491,-6.2308033953346e-21,1.92195929310524e-11,-1.97216992736671e-10
0.0671795532107353,-6.63167923281577e-22,-2.66430280615459e-12,7.74517117108076e-11
0.067692369222641,7.28713242461043e-21,-2.97104806035176e-11,3.69111602394057e-10
0.0682051926851273,-5.63707835480333e-21,1.92390547937293e-11,-1.97467681095631e-10
0.0687180161476135,-1.68621252545075e-21,-2.62830230669808e-12,7.69876246087264e-11
0.0692308321595192,6.28561340054226e-21,-2.97529535731034e-11,3.69658886834046e-10
0.0697436556220055,-4.8733018632167e-21,1.92351516659084e-11,-1.97417138192435e-10
0.0702564790844917,-4.31076563133103e-22,-2.58673833221368e-12,7.64517268936338e-11
0.0707692950963974,5.81288412333282e-21,-2.97778052216202e-11,3.6997918617665e-10
0.0712821185588837,-6.20765405118984e-21,1.92140661020579e-11,-1.97145202940341e-10
0.0717949420213699,-2.87380084018744e-22,-2.5495456440483e-12,7.59721938137226e-11
0.0723077580332756,7.06722355070636e-21,-2.97839114482557e-11,3.70057928744671e-10
0.0728205814957619,-5.99386865642001e-21,1.91841438568208e-11,-1.96759414317071e-10
0.0733334049582481,-1.34766513082739e-21,-2.52347882173654e-12,7.56360668541234e-11
0.0738462209701538,6.5017470512112e-21,-2.97743010801987e-11,3.69934055610699e-10
0.0743590444326401,-5.18802348755717e-21,1.91536560917305e-11,-1.96366325977415e-10
0.0748718678951263,-4.84650290773647e-22,-2.51143897345152e-12,7.54806772640393e-11
0.075384683907032,5.97434024693909e-21,-2.97545564575952e-11,3.69679648004606e-10
0.0758975073695183,-6.24607594440807e-21,1.91290819989698e-11,-1.96049412815036e-10
0.0764103308320045,-2.39697190965156e-22,-2.51273611293068e-12,7.5497164075955e-11
0.0769231468439102,7.09584448457684e-21,-2.97310925878591e-11,3.69377306519425e-10
0.0774359703063965,-6.21224595372115e-21,1.91141841937581e-11,-1.95857247087261e-10
0.0779487937688828,-1.29177651925947e-21,-2.52407122980358e-12,7.56430335036029e-11
0.0784616097807884,6.79206482799744e-21,-2.97096271195674e-11,3.6910069445284e-10
0.0789744332432747,-5.33471072137895e-21,1.91098595281325e-11,-1.95801305724608e-10
0.079487256705761,-7.39690662262283e-22,-2.54082280388979e-12,7.58586804483485e-11
0.0800000727176666,6.15648557938198e-21,-2.96941360389269e-11,3.68901104108588e-10
0.0805128961801529,-6.08975940737151e-21,1.9114591853775e-11,-1.95862118190782e-10
0.0810257196426392,-3.73710295182843e-22,-2.55829949238895e-12,7.60836879609705e-11
0.0815385356545448,7.04118594066298e-21,-2.96864581528222e-11,3.68802155481518e-10
0.0820513591170311,-6.19005142157251e-21,1.91253419351556e-11,-1.96000438101862e-10
0.0825641825795174,-1.29326457598398e-21,-2.57273998112428e-12,7.62695670508684e-11
0.083076998591423,6.89719835294194e-21,-2.96863714166484e-11,3.68801073014069e-10
0.0835898220539093,-5.33369168979425e-21,1.91385102210617e-11,-1.96169955279935e-10
0.0841026455163956,-9.34264353116524e-22,-2.58187785387443e-12,7.63871049747067e-11
0.0846154615283012,6.19340739994639e-21,-2.96921376374826e-11,3.68875430201143e-10
0.0851282849907875,-5.87251988730942e-21,1.91508284924646e-11,-1.96328509005639e-10
0.0856411084532738,-4.45308977014934e-22,-2.58506735982544e-12,7.64279819986946e-11
0.0861539244651794,6.86327344651089e-21,-2.97011998329211e-11,3.68992197907758e-10
0.0866667479276657,-6.12052987992363e-21,1.91599514032248e-11,-1.96445873457129e-10
0.087179571390152,-1.18741837516505e-21,-2.58304727433767e-12,7.64017321630561e-11
0.0876923874020576,6.87171165811121e-21,-2.97109004065987e-11,3.69117264531482e-10
0.0882052108645439,-5.37457250663027e-21,1.91647357705715e-11,-1.96507352057118e-10
0.0887180343270302,-9.82641292305413e-22,-2.5774688373198e-12,7.63296162387128e-11
0.0892308503389359,6.19378625512929e-21,-2.97190640152767e-11,3.69222485918641e-10
0.0897436738014221,-5.75347938831638e-21,1.9165207615357e-11,-1.96513208483573e-10
0.0902564972639084,-4.39702990634523e-22,-2.57034324380179e-12,7.62375648721836e-11
0.0907693132758141,6.70436268043408e-21,-2.97243306357498e-11,3.69290403812172e-10
0.0912821367383003,-6.11517178519407e-21,1.91622741979591e-11,-1.96475224978343e-10
0.0917949602007866,-1.03173484536238e-21,-2.56354052569074e-12,7.61496768419967e-11
0.0923077836632729,6.85995341495074e-21,-2.9726259648255e-11,3.69315272807924e-10
0.0928205996751785,-5.49074008780247e-21,1.91573510527343e-11,-1.96411567565669e-10
0.0933334231376648,-9.82870907626818e-22,-2.55843501766051e-12,7.60836602053949e-11
0.0938462466001511,6.25690320548264e-21,-2.97251979974877e-11,3.69301617064721e-10
0.0943590626120567,-5.72151620856266e-21,1.91519335113188e-11,-1.96341568003966e-10
0.094871886074543,-4.54089491139249e-22,-2.55573188480407e-12,7.60486049133924e-11
0.0953847095370293,6.63073431629084e-21,-2.97220408007615e-11,3.69260955146444e-10
0.0958975255489349,-6.12884813417926e-21,1.91472809829563e-11,-1.96281421671607e-10
0.0964103490114212,-9.24959883889849e-22,-2.5554762299318e-12,7.60450868941831e-11
0.0969231724739075,6.88359591706813e-21,-2.97179052199947e-11,3.69207692196838e-10
0.0974359884858131,-5.60770657681238e-21,1.91442053182334e-11,-1.96241578542811e-10
0.0979488119482994,-1.00600742804871e-21,-2.55719382301345e-12,7.60669999211316e-11
0.0984616354107857,6.35745856038647e-21,-2.97138633142957e-11,3.69155622736983e-10
0.0989744514226913,-5.69598023832435e-21,1.9143001420141e-11,-1.96225855009224e-10
0.0994872748851776,-5.19779415464617e-22,-2.5601094594957e-12,7.61043589259103e-11
0.100000098347664,6.59489493910613e-21,-2.97107165259103e-11,3.69115099596584e-10
0.10051291435957,-6.10407229768745e-21,1.9143507959396e-11,-1.96232197158253e-10
0.101025737822056,-8.70613855112205e-22,-2.56337767852444e-12,7.61462490284082e-11
0.101538561284542,6.89234512919172e-21,-2.97088950662605e-11,3.69091673890765e-10
0.102051377296448,-5.67892448495185e-21,1.91452461523189e-11,-1.96254415496533e-10
0.102564200758934,-1.03479628200691e-21,-2.56627314884628e-12,7.61833443552185e-11
0.10307702422142,6.43826780544308e-21,-2.97084613853915e-11,3.69086095020066e-10
0.103589840233326,-5.65849942461161e-21,1.91475932331819e-11,-1.96284474784925e-10
0.104102663695812,-5.95893259439154e-22,-2.56831535205837e-12,7.6209441535191e-11
0.104615487158298,6.55450606855238e-21,-2.97091691525697e-11,3.69095226604443e-10
0.105128303170204,-6.04750089860706e-21,1.91499403140449e-11,-1.96314520195529e-10
0.10564112663269,-8.29036013402107e-22,-2.56931108333358e-12,7.62220564443084e-11
0.106153950095177,6.86402954128955e-21,-2.971059162582e-11,3.69113600795501e-10
0.106666766107082,-5.72635287254475e-21,1.91518207542929e-11,-1.96338542646224e-10
0.107179589569569,-1.03760235491009e-21,-2.56932864740878e-12,7.62220564443084e-11
0.107692413032055,6.49180513188601e-21,-2.9712256960357e-11,3.69135083611027e-10
0.108205229043961,-5.63256198097053e-21,1.91529674065105e-11,-1.9635312820121e-10
0.108718052506447,-6.51688621337193e-22,-2.56862413283709e-12,7.62127583264771e-11
0.109230875968933,6.51517217639707e-21,-2.97137488225463e-11,3.69154318224929e-10
0.109743691980839,-5.99487153213338e-21,1.91533316984405e-11,-1.96357638482247e-10
0.110256515443325,-7.84462923632871e-22,-2.56754470115417e-12,7.61986237995949e-11
0.110769338905811,6.82348072760955e-21,-2.97147757788441e-11,3.69167585390073e-10
0.111282154917717,-5.77170563456739e-21,1.9153038530173e-11,-1.96353655557147e-10
0.111794978380203,-1.01570549469088e-21,-2.56643577917215e-12,7.61841145724418e-11
0.11230780184269,6.53495746423228e-21,-2.97152198680539e-11,3.69173358549801e-10
0.112820617854595,-5.63190120583277e-21,1.9152316885207e-11,-1.96344163150286e-10
0.113333441317081,-6.94093138788865e-22,-2.5655692847959e-12,7.61727278475455e-11
0.113846264779568,6.49330116557199e-21,-2.97151088457515e-11,3.69171943015445e-10
0.114359080791473,-5.95461392803426e-21,1.91514356456812e-11,-1.9633261683083e-10
0.11487190425396,-7.47782128473993e-22,-2.56510459574477e-12,7.61665175375015e-11
0.115384727716446,6.78791034568263e-21,-2.97145745509209e-11,3.69165059632692e-10
0.115897543728352,-5.81529013647197e-21,1.91506342034353e-11,-1.96322083589884e-10
0.116410367190838,-9.89640217717828e-22,-2.56508096013741e-12,7.61659901815648e-11
0.116923190653324,6.57909288134953e-21,-2.97138112725914e-11,3.691552619145e-10
0.11743600666523,-5.64451167120637e-21,1.91500808266465e-11,-1.96314742240133e-10
0.117948830127716,-7.34604339580908e-22,-2.56543679529042e-12,7.61703547458303e-11
0.118461653590202,6.4900970523887e-21,-2.97130132997925e-11,3.69144992351522e-10
0.118974469602108,-5.91930931019087e-21,1.91498501084242e-11,-1.96311591982301e-10
0.119487293064594,-7.29858703836392e-22,-2.56604611691136e-12,7.61779875291246e-11
0.120000116527081,6.75769361562066e-21,-2.97123402270838e-11,3.6913633261193e-10
0.120512932538986,-5.84503511509085e-21,1.91499385793215e-11,-1.96312521794084e-10
0.121025756001472,-9.65718420974671e-22,-2.56675930510042e-12,7.61869525800485e-11
0.121538579463959,6.61601914477856e-21,-2.97118857295331e-11,3.69130531696626e-10
0.122051395475864,-5.66066673475173e-21,1.91502716462288e-11,-1.96316615741488e-10
0.122564218938351,-7.74089188159048e-22,-2.56743888302213e-12,7.61954943584442e-11
0.123077042400837,6.49611269108175e-21,-2.97116810321629e-11,3.69127922672519e-10
0.123589858412743,-5.8824254559241e-21,1.91507452257378e-11,-1.96322527679094e-10
0.124102681875229,-7.24421344363081e-22,-2.56798683880011e-12,7.62023291689395e-11
0.124615505337715,6.72641302143101e-21,-2.97116949099507e-11,3.69128089205972e-10
0.125128328800201,-5.86160740401354e-21,1.91512465608223e-11,-1.96328786561395e-10
0.125641152262688,-9.42078140289596e-22,-2.56835438333658e-12,7.6206846388871e-11
0.126153960824013,6.64211491595876e-21,-2.97118579739575e-11,3.69130226385295e-10
0.126666784286499,-5.67601440862692e-21,1.91516854458618e-11,-1.96334254409791e-10
0.127179607748985,-8.06000416688989e-22,-2.56854151663155e-12,7.62090390793446e-11
0.127692431211472,6.50357347246607e-21,-2.97120869574563e-11,3.69133196231886e-10
0.128205254673958,-5.84920494548343e-21,1.91520046349813e-11,-1.96338167945953e-10
0.128718078136444,-7.23882748002319e-22,-2.56858596892062e-12,7.62093860240398e-11
0.129230886697769,6.69595233771182e-21,-2.97123020631673e-11,3.69136027300598e-10
0.129743710160255,-5.86990627122356e-21,1.91521833114994e-11,-1.963402773697e-10
0.130256533622742,-9.16774814598569e-22,-2.56854607028068e-12,7.6208650501286e-11
0.130769357085228,6.65781559562271e-21,-2.97124477799393e-11,3.69137942435316e-10
0.131282180547714,-5.69469665434648e-21,1.91522370879271e-11,-1.96340790847849e-10
0.131795004010201,-8.26811652841325e-22,-2.56848448759728e-12,7.6207637422776e-11
0.132307812571526,6.51441163875379e-21,-2.97124963521966e-11,3.69138553057979e-10
0.132820636034012,-5.8236794765615e-21,1.91522041281811e-11,-1.9634015246961e-10
0.133333459496498,-7.26129120937801e-22,-2.56845412993645e-12,7.62070268001125e-11
0.133846282958984,6.66848695253886e-21,-2.97124408410454e-11,3.69137859168589e-10
0.134359106421471,-5.87572642387341e-21,1.91521278003481e-11,-1.96338986735434e-10
0.134871929883957,-8.91817830399371e-22,-2.56848882440597e-12,7.62072488447174e-11
0.135384738445282,6.66887227007029e-21,-2.97123020631673e-11,3.69136110567325e-10
0.135897561907768,-5.71597110962236e-21,1.91520566766856e-11,-1.96337862634621e-10
0.136410385370255,-8.43990392784397e-22,-2.56860179827234e-12,7.62084839678323e-11
0.136923208832741,6.52831174655701e-21,-2.97121147130319e-11,3.69133695832247e-10
0.137436032295227,-5.80349958156883e-21,1.91520202474926e-11,-1.96337210378594e-10
0.137948855757713,-7.34434046599576e-22,-2.5687863294821e-12,7.62106419638364e-11
0.138461664319038,6.64637885430189e-21,-2.97119100156618e-11,3.69131114563714e-10
0.138974487781525,-5.87500708370205e-21,1.91520410641743e-11,-1.96337265889746e-10
0.139487311244011,-8.69285438591362e-22,-2.56902246871527e-12,7.62134660936553e-11
0.140000134706497,6.67493799196449e-21,-2.97117191960794e-11,3.69128699828636e-10
0.140512958168983,-5.73578305464528e-21,1.91521173920073e-11,-1.96338070801438e-10
0.14102578163147,-8.55325756012571e-22,-2.56928462880057e-12,7.62166232903816e-11
0.141538590192795,6.54422527982586e-21,-2.97115665404135e-11,3.69126729182767e-10
0.142051413655281,-5.78858246166481e-21,1.9152244026821e-11,-1.96339486335795e-10
0.142564237117767,-7.44748762655914e-22,-2.56954722256675e-12,7.62197804871079e-11
0.143077060580254,6.62843614359288e-21,-2.97114555181111e-11,3.69125341403986e-10
0.14358988404274,-5.87028553030325e-21,1.91523984172104e-11,-1.9634129044821e-10
0.144102707505226,-8.5011982939619e-22,-2.56979051753425e-12,7.62226948225475e-11
0.144615516066551,6.67657902459574e-21,-2.9711386129172e-11,3.69124480981142e-10
0.145128339529037,-5.75350241043303e-21,1.91525649506641e-11,-1.96343233338503e-10
0.145641162991524,-8.62248849803889e-22,-2.57000345484093e-12,7.62252205799285e-11
0.14615398645401,6.55960486154695e-21,-2.97113479652555e-11,3.69124009136357e-10
0.146666809916496,-5.77739088569155e-21,1.91527245452239e-11,-1.96345092962069e-10
0.147179633378983,-7.55563856339876e-22,-2.570183649242e-12,7.62273230647814e-11
0.147692441940308,6.61378357608204e-21,-2.97113236791269e-11,3.69123731580601e-10
0.148205265402794,-5.86403724706292e-21,1.9152863323102e-11,-1.96346702785455e-10
0.14871808886528,-8.33888126436166e-22,-2.57033652174832e-12,7.62290647271513e-11
0.149230912327766,6.67503169601826e-21,-2.97113028624452e-11,3.6912348178042e-10
0.149743735790253,-5.76938807482382e-21,1.91529795495748e-11,-1.96347993419721e-10
0.150256559252739,-8.64180890067633e-22,-2.57047117965814e-12,7.62305843449163e-11
0.150769367814064,6.57449613205682e-21,-2.97112716374226e-11,3.69123093202361e-10
0.15128219127655,-5.77015507481563e-21,1.91530714899191e-11,-1.96348992620443e-10
0.151795014739037,-7.67435089625524e-22,-2.57059889867406e-12,7.62320068181666e-11
0.152307838201523,6.60386750615099e-21,-2.97112230651653e-11,3.69122510335274e-10
0.152820661664009,-5.85493826032483e-21,1.91531460830285e-11,-1.96349755898773e-10
0.153333485126495,-8.21382472277879e-22,-2.5707298702965e-12,7.62334709247803e-11
0.15384629368782,6.66996077190175e-21,-2.97111571456732e-11,3.69121677668005e-10
0.154359117150307,-5.78300222370435e-21,1.91532120025206e-11,-1.96350394277012e-10
0.154871940612793,-8.64117983143607e-22,-2.57087103341935e-12,7.62350668703782e-11
0.155384764075279,6.587864711693e-21,-2.97110738789463e-11,3.69120622956132e-10
0.155897587537766,-5.76668923651665e-21,1.91532744525658e-11,-1.96351018777463e-10
0.156410411000252,-7.79255280455159e-22,-2.57102564064915e-12,7.62368432272176e-11
0.156923219561577,6.59755742670279e-21,-2.97109836733256e-11,3.69119457221956e-10
0.157436043024063,-5.84636191602456e-21,1.91533438415048e-11,-1.96351698789066e-10
0.157948866486549,-8.13258946758981e-22,-2.57119347514545e-12,7.62387861175107e-11
0.158461689949036,6.66332111267824e-21,-2.9710883059364e-11,3.69118235976629e-10
0.158974513411522,-5.79283872596905e-21,1.91534219040612e-11,-1.96352503700759e-10
0.159487336874008,-8.60246733448212e-22,-2.57137171798261e-12,7.62408608467879e-11
0.160000145435333,6.59769071264133e-21,-2.97107893842963e-11,3.69117014731302e-10
0.16051296889782,-5.76598484052627e-21,1.9153508640235e-11,-1.96353447390329e-10
0.161025792360306,-7.89968440688393e-22,-2.57155603235193e-12,7.62430119038982e-11
0.161538615822792,6.59256485856227e-21,-2.97106957092286e-11,3.69115876752701e-10
0.162051439285278,-5.83635133424618e-21,1.91536057847497e-11,-1.96354502102203e-10
0.162564262747765,-8.05208627532088e-22,-2.57174143092342e-12,7.62451768387962e-11
0.16307707130909,6.65512564304478e-21,-2.97106124425017e-11,3.69114822040828e-10
0.163589894771576,-5.80292322085881e-21,1.91537098681582e-11,-1.96355640080803e-10
0.164102718234062,-8.55604040896384e-22,-2.57192422740971e-12,7.62473140181186e-11
0.164615541696548,6.60915613063379e-21,-2.97105395841157e-11,3.69113878351257e-10
0.165128365159035,-5.76730679469858e-21,1.91538156862903e-11,-1.96356805814979e-10
0.165641188621521,-7.9973966313547e-22,-2.57210203656599e-12,7.62493887473958e-11
0.166153997182846,6.59121059264729e-21,-2.97104667257297e-11,3.69112990172837e-10
0.166666820645332,-5.82814495939957e-21,1.91539215044223e-11,-1.96357971549155e-10
0.167179644107819,-8.00950394231028e-22,-2.57227420787098e-12,7.62513802099463e-11
0.167692467570305,6.64865683216068e-21,-2.97104008062377e-11,3.69112157505569e-10
0.168205291032791,-5.80935891220667e-21,1.91540238531074e-11,-1.96359095649967e-10
0.168718114495277,-8.51135427858233e-22,-2.57244095816511e-12,7.62533092224515e-11
0.169230923056602,6.61597592782273e-21,-2.97103383561925e-11,3.69111352593876e-10
0.169743746519089,-5.77160869933935e-21,1.91541227323455e-11,-1.96360178117416e-10
0.170256569981575,-8.07972897118178e-22,-2.57260423901229e-12,7.62551896626995e-11
0.170769393444061,6.59189277431458e-21,-2.97102689672535e-11,3.69110519926608e-10
0.171282216906548,-5.82003955874883e-21,1.91542164074132e-11,-1.96361191195926e-10
0.171795040369034,-7.99191625687394e-22,-2.57276556829555e-12,7.62570492862658e-11
0.172307848930359,6.64029414925886e-21,-2.97101995783144e-11,3.69109659503764e-10
0.172820672392845,-5.81519925969569e-21,1.91543083477574e-11,-1.96362176518861e-10
0.173333495855331,-8.46227577068055e-22,-2.57292711441925e-12,7.6258908909832e-11
0.173846319317818,6.62302836955895e-21,-2.97101301893754e-11,3.69108743569768e-10
0.174359142780304,-5.77393797208964e-21,1.91543968186547e-11,-1.96363120208431e-10
0.17487196624279,-8.16433726938374e-22,-2.57308996158556e-12,7.626078935008e-11
0.175384774804115,6.59160358421761e-21,-2.97100538615425e-11,3.69107799880197e-10
0.175897598266602,-5.81292451301117e-21,1.9154485289552e-11,-1.96364063898002e-10
0.176410421729088,-7.97961911443012e-22,-2.57325519399665e-12,7.62626975459035e-11
0.176923245191574,6.6350487417319e-21,-2.97099740642626e-11,3.69106828435051e-10
0.17743606865406,-5.81751076098751e-21,1.91545737604493e-11,-1.96365007587573e-10
0.177948892116547,-8.4133285292334e-22,-2.57342302849295e-12,7.62646404361966e-11
0.178461700677872,6.62470817628142e-21,-2.97098977364296e-11,3.69105829234329e-10
0.178974524140358,-5.77812395835356e-21,1.915466396607e-11,-1.9636597903272e-10
0.179487347602844,-8.20640210964051e-22,-2.57359259771273e-12,7.62666041431714e-11
0.180000171065331,6.59324098177781e-21,-2.97098179391497e-11,3.69104830033606e-10
0.180512994527817,-5.80748402333779e-21,1.91547559064142e-11,-1.96366964355654e-10
0.181025817990303,-7.9835909344246e-22,-2.57376368481554e-12,7.6268581727934e-11
0.181538626551628,6.62901452378681e-21,-2.97097381418698e-11,3.6910385858846e-10
0.182051450014114,-5.8180976230139e-21,1.91548495814819e-11,-1.96367977434164e-10
0.182564273476601,-8.36176706585521e-22,-2.5739349887588e-12,7.62705731904845e-11
0.183077096939087,6.62757180447624e-21,-2.97096618140369e-11,3.69102887143313e-10
0.183589920401573,-5.78271303360738e-21,1.91549449912731e-11,-1.96369004390462e-10
0.184102743864059,-8.23746732587037e-22,-2.57410629270205e-12,7.6272557714141e-11
0.184615567326546,6.59715110653861e-21,-2.97095889556509e-11,3.69101943453742e-10
0.185128375887871,-5.80266593860774e-21,1.91550404010643e-11,-1.96370045224548e-10
0.185641199350357,-7.99831095269828e-22,-2.57427651244313e-12,7.62745283600097e-11
0.186154022812843,6.62200529900642e-21,-2.9709512627818e-11,3.69101027519747e-10
0.18666684627533,-5.81935535759763e-21,1.91551358108555e-11,-1.96371086058633e-10
0.187179669737816,-8.30289759505106e-22,-2.57444586482247e-12,7.62764920669845e-11
0.187692493200302,6.62926534368935e-21,-2.9709439769432e-11,3.69100083830176e-10
0.188205301761627,-5.78813534792551e-21,1.91552312206467e-11,-1.96372113014931e-10
0.188718125224113,-8.27506860179878e-22,-2.57461434984008e-12,7.62784418961715e-11
0.1892309486866,6.59961406912423e-21,-2.9709366911046e-11,3.69099167896181e-10
0.189743772149086,-5.80051841941001e-21,1.91553266304378e-11,-1.96373139971229e-10
0.190256595611572,-8.02301277510452e-22,-2.57478196749594e-12,7.62803778475707e-11
0.190769419074059,6.61920952547122e-21,-2.970929405266e-11,3.69098251962185e-10
0.191282227635384,-5.81869458245987e-21,1.91554203055055e-11,-1.96374153049739e-10
0.19179505109787,-8.27121997032326e-22,-2.57494915147094e-12,7.62823137989699e-11
0.192307874560356,6.62972174705467e-21,-2.9709221194274e-11,3.6909733602819e-10
0.192820698022842,-5.79184998664311e-21,1.91555139805732e-11,-1.96375152250461e-10
0.193333521485329,-8.28729203307962e-22,-2.57511633544594e-12,7.62842428114752e-11
0.193846344947815,6.60276688741602e-21,-2.97091448664411e-11,3.69096392338619e-10
0.19435915350914,-5.79809140363812e-21,1.91556059209175e-11,-1.96376151451183e-10
0.194871976971626,-8.05139561182114e-22,-2.57528351942093e-12,7.62861787628744e-11
0.195384800434113,6.61608699943818e-21,-2.97090720080551e-11,3.69095448649048e-10
0.195897623896599,-5.81629826284352e-21,1.91556978612617e-11,-1.96377150651905e-10
0.196410447359085,-8.23681957640387e-22,-2.57545135391724e-12,7.62881216531675e-11
0.196923270821571,6.62799024154392e-21,-2.97089956802221e-11,3.69094504959477e-10
0.197436079382896,-5.79483034100836e-21,1.91557915363294e-11,-1.96378149852627e-10
0.197948902845383,-8.28522913025803e-22,-2.57561940525397e-12,7.62900645434605e-11
0.198461726307869,6.6058272133444e-21,-2.97089193523892e-11,3.69093561269906e-10
0.198974549770355,-5.79714224619696e-21,1.91558834766736e-11,-1.9637914905335e-10
0.199487373232841,-8.07245428524045e-22,-2.57578789027157e-12,7.62920143726475e-11
0.200000196695328,6.6143369146754e-21,-2.97088430245562e-11,3.69092617580336e-10
0.200513005256653,-5.81438904274805e-21,1.91559771517413e-11,-1.96380148254072e-10
0.201025828719139,-8.21268371436548e-22,-2.57595680897005e-12,7.62939711407284e-11
0.201538652181625,6.62726645850794e-21,-2.97087701661702e-11,3.69091673890765e-10
0.202051475644112,-5.79672986758103e-21,1.9156070826809e-11,-1.96381161332582e-10
0.202564299106598,-8.28038034937243e-22,-2.57612572766852e-12,7.62959279088093e-11
0.203077122569084,6.60768109958054e-21,-2.97086938383373e-11,3.69090730201194e-10
0.203589931130409,-5.79623630571163e-21,1.91561645018767e-11,-1.96382174411092e-10
0.204102754592896,-8.08846525860831e-22,-2.57629464636699e-12,7.62978777379963e-11
0.204615578055382,6.61394715427934e-21,-2.97086175105044e-11,3.69089786511623e-10
0.205128401517868,-5.81285585055798e-21,1.91562581769444e-11,-1.96383187489602e-10
0.205641224980354,-8.19242374683548e-22,-2.57646334822503e-12,7.62998345060772e-11
0.206154048442841,6.62527686295255e-21,-2.97085446521184e-11,3.69088842822052e-10
0.206666857004166,-5.79918111715993e-21,1.91563518520121e-11,-1.96384200568112e-10
0.207179680466652,-8.26996738542352e-22,-2.57663205008307e-12,7.63017843352642e-11
0.207692503929138,6.61028663773073e-21,-2.97084683242854e-11,3.69087899132481e-10
0.208205327391624,-5.79670603767081e-21,1.91564455270798e-11,-1.96385213646622e-10
0.208718150854111,-8.10211898937362e-22,-2.57680053510068e-12,7.63037341644512e-11
0.209230974316597,6.61277141074265e-21,-2.97083954658994e-11,3.69086983198486e-10
0.209743782877922,-5.81164173682686e-21,1.91565392021475e-11,-1.96386226725132e-10
0.210256606340408,-8.16979441979944e-22,-2.57696880327785e-12,7.63056839936382e-11
0.210769429802895,6.62484267391032e-21,-2.97083191380665e-11,3.69086039508915e-10
0.211282253265381,-5.80148050154824e-21,1.91566328772153e-11,-1.96387239803641e-10
0.211795076727867,-8.25678823337879e-22,-2.57713707145502e-12,7.63076268839313e-11
0.212307900190353,6.61346570931344e-21,-2.97082462796805e-11,3.69085095819344e-10
0.212820708751678,-5.79762894182104e-21,1.9156726552283e-11,-1.96388252882151e-10
0.213333532214165,-8.13776237564414e-22,-2.57730512279175e-12,7.63095767131183e-11
0.213846355676651,6.61237761137877e-21,-2.97081699518476e-11,3.69084152129773e-10
0.214359179139137,-5.80848649515437e-21,1.91568202273507e-11,-1.96389252082874e-10
0.214872002601624,-8.15733016506146e-22,-2.57747339096892e-12,7.63115196034114e-11
0.21538482606411,6.62207113418212e-21,-2.97080936240146e-11,3.69083236195777e-10
0.215897634625435,-5.80472621610023e-21,1.91569139024184e-11,-1.96390265161384e-10
0.216410458087921,-8.2513649093187e-22,-2.57764165914609e-12,7.63134694325984e-11
0.216923281550407,6.61570975984242e-21,-2.97080207656286e-11,3.69082292506206e-10
0.217436105012894,-5.79660062061032e-21,1.91570075774861e-11,-1.96391264362106e-10
0.21794892847538,-8.16088294214308e-22,-2.57780992732326e-12,7.63154123228915e-11
0.218461751937866,6.61086744130536e-21,-2.97079444377957e-11,3.69081348816636e-10
0.218974560499191,-5.8070316589403e-21,1.91570995178303e-11,-1.96392277440616e-10
0.219487383961678,-8.14956625914115e-22,-2.57797841234086e-12,7.63173621520785e-11
0.220000207424164,6.62046160549998e-21,-2.97078715794097e-11,3.69080405127065e-10
0.22051303088665,-5.80598233509684e-21,1.9157193192898e-11,-1.96393276641338e-10
0.221025854349136,-8.24395693743882e-22,-2.57814689735847e-12,7.63193119812655e-11
0.221538677811623,6.61697759184574e-21,-2.97077952515767e-11,3.69079461437494e-10
0.222051486372948,-5.79706146684026e-21,1.91572868679657e-11,-1.96394289719848e-10
0.222564309835434,-8.17428120819285e-22,-2.57831538237607e-12,7.63212618104525e-11
0.22307713329792,6.61038680413303e-21,-2.97077189237438e-11,3.69078517747923e-10
0.223589956760406,-5.80542495753564e-21,1.91573805430334e-11,-1.96395302798358e-10
0.224102780222893,-8.13994897185567e-22,-2.57848386739368e-12,7.63232116396395e-11
0.224615603685379,6.61901363553123e-21,-2.97076460653578e-11,3.69077574058352e-10
0.225128412246704,-5.80601464683951e-21,1.91574742181011e-11,-1.96396315876868e-10
0.22564123570919,-8.2193939545519e-22,-2.57865235241128e-12,7.63251614688265e-11
0.226154059171677,6.61673484987888e-21,-2.97075697375249e-11,3.69076630368781e-10
0.226666882634163,-5.79939275907447e-21,1.91575678931688e-11,-1.9639731507759e-10
0.227179706096649,-8.18494357840556e-22,-2.57882062058845e-12,7.63271112980135e-11
0.227692529559135,6.61246121801295e-21,-2.97074968791389e-11,3.6907568667921e-10
0.228205338120461,-5.80352543096297e-21,1.91576615682365e-11,-1.963983281561e-10
0.228718161582947,-8.14787595110231e-22,-2.57898910560606e-12,7.63290611272005e-11
0.229230985045433,6.61790291937668e-21,-2.97074205513059e-11,3.69074770745215e-10
0.229743808507919,-5.80672994804304e-21,1.91577552433042e-11,-1.9639934123461e-10
0.230256631970406,-8.20464061479359e-22,-2.57915759062366e-12,7.63310109563875e-11
0.230769455432892,6.61831570188939e-21,-2.9707344223473e-11,3.69073827055644e-10
0.231282263994217,-5.80033989703172e-21,1.91578489183719e-11,-1.9640035431312e-10
0.231795087456703,-8.19466385937082e-22,-2.57932585880083e-12,7.63329607855745e-11
0.232307910919189,6.61272859768361e-21,-2.9707271365087e-11,3.69072883366073e-10
0.232820734381676,-5.80210331038836e-21,1.91579425934396e-11,-1.96401353513842e-10
0.233333557844162,-8.14352345838941e-22,-2.57949434381843e-12,7.63349036758676e-11
0.233846381306648,6.61611002155484e-21,-2.97071950372541e-11,3.69071939676502e-10
0.234359189867973,-5.80764154308334e-21,1.91580345337838e-11,-1.96402366592352e-10
0.23487201333046,-8.18708423135797e-22,-2.5796626119956e-12,7.63368535050546e-11
0.235384836792946,6.6193589672811e-21,-2.97071221788681e-11,3.69070995986931e-10
0.235897660255432,-5.80167719928179e-21,1.91581282088515e-11,-1.96403379670862e-10
0.236410483717918,-8.21293766446808e-22,-2.57983088017277e-12,7.63388033342416e-11
0.236923307180405,6.61341279883481e-21,-2.97070458510351e-11,3.6907005229736e-10
0.23743611574173,-5.80069815347866e-21,1.91582218839192e-11,-1.96404378871584e-10
0.237948939204216,-8.15192956019544e-22,-2.57999936519038e-12,7.63407531634286e-11
0.238461762666702,6.61495124168306e-21,-2.97069695232022e-11,3.69069108607789e-10
0.238974586129189,-5.80585914657788e-21,1.91583155589869e-11,-1.96405391950094e-10
0.239487409591675,-8.17788447237241e-22,-2.58016785020798e-12,7.63427029926156e-11
0.240000233054161,6.61826763817216e-21,-2.97068966648162e-11,3.69068192673794e-10
0.240513041615486,-5.80270552049252e-21,1.91584092340547e-11,-1.96406405028604e-10
0.241025865077972,-8.20335268892529e-22,-2.58033611838515e-12,7.63446458829087e-11
0.241538688540459,6.61472505948431e-21,-2.97068203369832e-11,3.69067248984223e-10
0.242051512002945,-5.80180281118145e-21,1.91585029091224e-11,-1.96407404229326e-10
0.242564335465431,-8.16260354244068e-22,-2.58050460340276e-12,7.63465957120957e-11
0.243077158927917,6.61313128277673e-21,-2.97067474785973e-11,3.69066305294652e-10
0.243589982390404,-5.80606674952458e-21,1.91585965841901e-11,-1.96408417307836e-10
0.244102790951729,-8.17523288998891e-22,-2.58067308842036e-12,7.63485455412827e-11
0.244615614414215,6.61751558236133e-21,-2.97066711507643e-11,3.69065361605081e-10
0.245128437876701,-5.80380250415643e-21,1.91586902592578e-11,-1.96409430386346e-10
0.245641261339188,-8.2042493397846e-22,-2.58084135659753e-12,7.63504953704697e-11
0.246154084801674,6.61464629961154e-21,-2.97065948229314e-11,3.6906441791551e-10
0.24666690826416,-5.80241673429233e-21,1.9158782199602e-11,-1.96410429587068e-10
0.247179716825485,-8.16392075082578e-22,-2.58100984161513e-12,7.63524451996567e-11
0.247692540287971,6.6138797035165e-21,-2.97065219645454e-11,3.69063474225939e-10
0.248205363750458,-5.80637290328645e-21,1.91588758746697e-11,-1.96411442665578e-10
0.248718187212944,-8.17472095081585e-22,-2.58117832663274e-12,7.63543950288437e-11
0.24923101067543,6.61712864924276e-21,-2.97064456367124e-11,3.69062530536368e-10
0.249743834137917,-5.80510870635418e-21,1.91589695497374e-11,-1.96412455744088e-10
0.250256657600403,-8.20486578725037e-22,-2.58134659480991e-12,7.63563448580307e-11
0.250769466161728,6.61537089044109e-21,-2.97063727783264e-11,3.69061586846797e-10
0.251282304525375,-5.80292927931056e-21,1.91590632248051e-11,-1.96413468822598e-10
0.2517951130867,-8.17846305451473e-22,-2.58151507982751e-12,7.63582877483238e-11
0.252307921648026,6.61356183674791e-21,-2.97062964504935e-11,3.69060670912802e-10
0.252820760011673,-5.80536679639882e-21,1.91591568998728e-11,-1.9641446802332e-10
0.253333568572998,-8.17016802432415e-22,-2.58168334800468e-12,7.63602375775108e-11
0.253846406936646,6.61639476878719e-21,-2.97062235921075e-11,3.69059727223231e-10
0.254359215497971,-5.80591609602435e-21,1.91592505749405e-11,-1.9641548110183e-10
0.254872024059296,-8.19833730061651e-22,-2.58185183302229e-12,7.63621874066978e-11
0.255384862422943,6.61582487042571e-21,-2.97061472642746e-11,3.6905878353366e-10
0.255897670984268,-5.80269744255685e-21,1.91593442500082e-11,-1.9641649418034e-10
0.256410509347916,-8.18910270553337e-22,-2.58202010119946e-12,7.63641372358848e-11
0.256923317909241,6.61308766192411e-21,-2.97060709364416e-11,3.69057839844089e-10
0.257436156272888,-5.80407553838206e-21,1.91594379250759e-11,-1.96417493381063e-10
0.257948964834213,-8.16545353911906e-22,-2.58218858621706e-12,7.63660870650718e-11
0.258461773395538,6.61429692889383e-21,-2.97059980780556e-11,3.69056896154518e-10
0.258974611759186,-5.8066649206609e-21,1.91595316001436e-11,-1.96418506459572e-10
0.259487420320511,-8.17967676434907e-22,-2.58235707123466e-12,7.63680368942588e-11
0.260000258684158,6.61661610422453e-21,-2.97059217502227e-11,3.69055952464947e-10
0.260513067245483,-5.80387803285494e-21,1.91596235404878e-11,-1.96419519538082e-10
0.261025875806808,-8.18568725335813e-22,-2.58252533941183e-12,7.63699867234457e-11
0.261538714170456,6.61351902368886e-21,-2.97058488918367e-11,3.69055008775376e-10
0.262051522731781,-5.80527713131289e-21,1.91597172155555e-11,-1.96420518738805e-10
0.262564361095428,-8.16753158807003e-22,-2.58269382442944e-12,7.63719296137388e-11
0.263077169656754,6.6153680631636e-21,-2.97057725640038e-11,3.69054092841381e-10
0.263590008020401,-5.80667421028692e-21,1.91598108906232e-11,-1.96421531817315e-10
0.264102816581726,-8.18194060582044e-22,-2.58286230944704e-12,7.63738794429258e-11
0.264615625143051,6.61598440965518e-21,-2.97056962361708e-11,3.6905314915181e-10
0.265128463506699,-5.80455859893509e-21,1.91599045656909e-11,-1.96422544895825e-10
0.265641272068024,-8.19252775025723e-22,-2.58303057762421e-12,7.63758292721128e-11
0.266154110431671,6.61318015428753e-21,-2.97056233777848e-11,3.69052205462239e-10
0.266666918992996,-5.80536558470847e-21,1.91599982407586e-11,-1.96423544096547e-10
0.267179727554321,-8.16227386169117e-22,-2.58319906264182e-12,7.63777791012998e-11
0.267692565917969,6.6158911094982e-21,-2.97055470499519e-11,3.69051261772668e-10
0.268205374479294,-5.80527309234506e-21,1.91600919158263e-11,-1.96424557175057e-10
0.268718212842941,-8.18959192551236e-22,-2.58336733081899e-12,7.63797289304868e-11
0.269231021404266,6.61522266032155e-21,-2.97054741915659e-11,3.69050318083097e-10
0.269743859767914,-5.80271642570567e-21,1.91601855908941e-11,-1.96425570253567e-10
0.270256668329239,-8.1742897909995e-22,-2.58353581583659e-12,7.63816787596738e-11
0.270769476890564,6.61355820167686e-21,-2.97053978637329e-11,3.69049374393526e-10
0.271282315254211,-5.8060344377819e-21,1.91602792659618e-11,-1.96426569454289e-10
0.271795123815536,-8.16898763597445e-22,-2.58370430085419e-12,7.63836216499669e-11
0.272307962179184,6.61677685514436e-21,-2.97053215359e-11,3.69048430703955e-10
0.272820770740509,-5.80561478902387e-21,1.91603729410295e-11,-1.96427582532799e-10
0.273333579301834,-8.19775266002243e-22,-2.58387256903136e-12,7.63855714791539e-11
0.273846417665482,6.615837391226e-21,-2.9705248677514e-11,3.69047487014385e-10
0.274359226226807,-5.80174586173499e-21,1.91604648813737e-11,-1.96428595611309e-10
0.274872064590454,-8.17288725941889e-22,-2.58404105404897e-12,7.63875213083409e-11
0.275384873151779,6.61291358241044e-21,-2.97051723496811e-11,3.69046571080389e-10
0.275897711515427,-5.80499198018376e-21,1.91605585564414e-11,-1.96429594812031e-10
0.276410520076752,-8.1579546904629e-22,-2.58420932222614e-12,7.63894711375279e-11
0.276923328638077,6.61597835120343e-21,-2.97050994912951e-11,3.69045627390818e-10
0.277436167001724,-5.80556389802916e-21,1.91606522315091e-11,-1.96430607890541e-10
0.277948975563049,-8.18737503704207e-22,-2.58437780724374e-12,7.63914209667149e-11
0.278461813926697,6.61574611055293e-21,-2.97050231634621e-11,3.69044683701247e-10
0.278974622488022,-5.80339578009547e-21,1.91607459065768e-11,-1.96431620969051e-10
0.279487431049347,-8.17719027477581e-22,-2.58454629226135e-12,7.63933707959019e-11
0.280000269412994,6.61378397997882e-21,-2.97049468356292e-11,3.69043740011676e-10
0.280513077974319,-5.80447620399126e-21,1.91608395816445e-11,-1.96432620169773e-10
0.281025916337967,-8.15643452394411e-22,-2.58471456043852e-12,7.6395313686195e-11
0.281538724899292,6.61544843862351e-21,-2.97048739772432e-11,3.69042796322105e-10
0.282051563262939,-5.80643631508146e-21,1.91609332567122e-11,-1.96433633248283e-10
0.282564371824265,-8.18239902866968e-22,-2.58488304545612e-12,7.6397263515382e-11
0.28307718038559,6.61639355709684e-21,-2.97047976494103e-11,3.69041852632535e-10
0.283590018749237,-5.80381704444064e-21,1.91610269317799e-11,-1.96434646326793e-10
0.284102827310562,-8.18145340532537e-22,-2.58505153047373e-12,7.6399213344569e-11
0.28461566567421,6.61319832964278e-21,-2.97047247910243e-11,3.69040908942964e-10
0.285128474235535,-5.80510628297348e-21,1.91611206068476e-11,-1.96435645527515e-10
0.28564128279686,-8.15578879396153e-22,-2.5852197986509e-12,7.6401163173756e-11
0.286154121160507,6.61443586938735e-21,-2.97046484631913e-11,3.69039965253393e-10
0.286666929721832,-5.80712415130371e-21,1.91612125471918e-11,-1.96436658606025e-10
0.28717976808548,-8.18180530039797e-22,-2.5853882836685e-12,7.6403113002943e-11
0.287692576646805,6.61667143808387e-21,-2.97045721353584e-11,3.69039049319397e-10
0.288205415010452,-5.80378109762691e-21,1.91613062222595e-11,-1.96437671684535e-10
0.288718223571777,-8.18709230929364e-22,-2.58555655184567e-12,7.640506283213e-11
0.289231032133102,6.6140630726562e-21,-2.97044992769724e-11,3.69038105629826e-10
0.28974387049675,-5.80411512026684e-21,1.91613998973272e-11,-1.96438670885257e-10
0.290256679058075,-8.15590743864167e-22,-2.58572503686327e-12,7.6407012661317e-11
0.290769517421722,6.61462287359809e-21,-2.97044229491394e-11,3.69037161940255e-10
0.291282325983047,-5.80617176268828e-21,1.91614935723949e-11,-1.96439683963767e-10
0.291795134544373,-8.17510515763113e-22,-2.58589352188088e-12,7.64089555516101e-11
0.29230797290802,6.61687702154666e-21,-2.97043500907535e-11,3.69036218250685e-10
0.292820781469345,-5.80484980851598e-21,1.91615872474626e-11,-1.96440697042277e-10
0.293333619832993,-8.18571603100395e-22,-2.58606179005805e-12,7.64109053807971e-11
0.293846428394318,6.61520771614056e-21,-2.97042737629205e-11,3.69035274561114e-10
0.294359266757965,-5.80368779746992e-21,1.91616809225303e-11,-1.96441696242999e-10
0.29487207531929,-8.16643197907703e-22,-2.58623027507565e-12,7.64128552099841e-11
0.295384883880615,6.61278393154294e-21,-2.97041974350876e-11,3.69034330871543e-10
0.295897722244263,-5.80552310445403e-21,1.9161774597598e-11,-1.96442709321509e-10
0.296410530805588,-8.14894324835264e-22,-2.58639854325282e-12,7.64148050391711e-11
0.296923369169235,6.61677887462827e-21,-2.97041245767016e-11,3.69033387181972e-10
0.29743617773056,-5.80540476269647e-21,1.91618682726657e-11,-1.96443722400019e-10
0.297948986291885,-8.18027604620155e-22,-2.58656702827043e-12,7.64167548683581e-11
0.298461824655533,6.61599006421015e-21,-2.97040482488686e-11,3.69032443492401e-10
0.298974633216858,-5.80188157105423e-21,1.916196021301e-11,-1.96444721600741e-10
0.299487471580505,-8.16557268867019e-22,-2.58673551328803e-12,7.64187046975451e-11
0.30000028014183,6.61222493839461e-21,-2.97039753904826e-11,3.6903149980283e-10
0.300513118505478,-5.80460666265233e-21,1.91620538880777e-11,-1.96445734679251e-10
0.301025927066803,-8.13641134090343e-22,-2.5869037814652e-12,7.64206475878382e-11
0.301538735628128,6.61586566400084e-21,-2.97038990626497e-11,3.69030583868835e-10
0.302051573991776,-5.80655546463258e-21,1.91621475631454e-11,-1.96446747757761e-10
0.302564382553101,-8.16805412953365e-22,-2.5870722664828e-12,7.64225974170252e-11
0.303077220916748,6.61761453707328e-21,-2.97038227348168e-11,3.69029640179264e-10
0.303590029478073,-5.80309043412717e-21,1.91622412382131e-11,-1.96447746958484e-10
0.304102867841721,-8.17206987330333e-22,-2.58724075150041e-12,7.64245472462122e-11
0.304615676403046,6.61287682780314e-21,-2.97037498764308e-11,3.69028696489693e-10
0.305128484964371,-5.80421488277236e-21,1.91623349132808e-11,-1.96448760036994e-10
0.305641323328018,-8.13816122371782e-22,-2.58740901967758e-12,7.64264970753992e-11
0.306154131889343,6.61522791097974e-21,-2.97036735485978e-11,3.69027752800122e-10
0.306666970252991,-5.80609623398977e-21,1.91624285883485e-11,-1.96449773115503e-10
0.307179778814316,-8.16632444155843e-22,-2.58757750469518e-12,7.64284469045862e-11
0.307692587375641,6.61558455183954e-21,-2.97036006902118e-11,3.69026809110551e-10
0.308205425739288,-5.8040989643955e-21,1.91625222634162e-11,-1.96450772316226e-10
0.308718234300613,-8.16811976276096e-22,-2.58774577287235e-12,7.64303967337732e-11
0.309231072664261,6.6138797035165e-21,-2.97035243623789e-11,3.6902586542098e-10
0.309743881225586,-5.80458364053567e-21,1.91626142037604e-11,-1.96451785394736e-10
0.310256719589233,-8.14492094126023e-22,-2.58791425788996e-12,7.64323465629602e-11
0.310769528150558,6.61545086200421e-21,-2.97034480345459e-11,3.69024921731409e-10
0.311282336711884,-5.80653244251593e-21,1.91627078788281e-11,-1.96452798473246e-10
0.311795175075531,-8.16580896828852e-22,-2.58808274290756e-12,7.64342894532533e-11
0.312307983636856,6.61651553392545e-21,-2.970337517616e-11,3.69023978041838e-10
0.312820822000504,-5.80457475480643e-21,1.91628015538958e-11,-1.96453797673968e-10
0.313333630561829,-8.17798191247142e-22,-2.58825101108473e-12,7.64362392824403e-11
0.313846439123154,6.61451503315691e-21,-2.9703298848327e-11,3.69023062107843e-10
0.314359277486801,-5.8028820233869e-21,1.91628952289635e-11,-1.96454810752478e-10
0.314872086048126,-8.14558030275925e-22,-2.58841949610233e-12,7.64381891116273e-11
0.315384924411774,6.61468184252848e-21,-2.97032225204941e-11,3.69022118418272e-10
0.315897732973099,-5.80629575900081e-21,1.91629889040312e-11,-1.96455823830988e-10
0.316410571336746,-8.16057143674883e-22,-2.58858798111994e-12,7.64401389408143e-11
0.316923379898071,6.61707412317699e-21,-2.97031496621081e-11,3.69021174728701e-10
0.317436188459396,-5.80424679061825e-21,1.91630825790989e-11,-1.9645682303171e-10
0.317949026823044,-8.1814357348411e-22,-2.58875624929711e-12,7.64420887700012e-11
0.318461835384369,6.61438417059906e-21,-2.97030733342751e-11,3.6902023103913e-10
0.318974673748016,-5.8028404220182e-21,1.91631762541666e-11,-1.9645783611022e-10
0.319487482309341,-8.15131614195554e-22,-2.58892473431471e-12,7.64440385991882e-11
0.320000290870667,6.61290106161015e-21,-2.97030004758891e-11,3.69019287349559e-10
0.320513129234314,-5.80537164316022e-21,1.91632699292343e-11,-1.9645884918873e-10
0.321025937795639,-8.14737057525199e-22,-2.58909300249188e-12,7.64459814894813e-11
0.321538776159286,6.61671061607187e-21,-2.97029241480562e-11,3.69018343659988e-10
0.322051584720612,-5.80451134301143e-21,1.91633618695786e-11,-1.96459848389452e-10
0.322564423084259,-8.16998576590061e-22,-2.58926148750949e-12,7.64479313186683e-11
0.323077231645584,6.61355577829616e-21,-2.97028478202233e-11,3.69017399970417e-10
0.323590040206909,-5.8034244567671e-21,1.91634555446463e-11,-1.96460861467962e-10
0.324102878570557,-8.14540864662627e-22,-2.58942997252709e-12,7.64498811478553e-11
0.324615687131882,6.61432802894616e-21,-2.97027749618373e-11,3.69016456280846e-10
0.325128525495529,-5.80624567579966e-21,1.9163549219714e-11,-1.96461874546472e-10
0.325641334056854,-8.14932392107106e-22,-2.58959824070426e-12,7.64518309770423e-11
0.326154142618179,6.61648645335704e-21,-2.97026986340043e-11,3.69015512591275e-10
0.326666980981827,-5.80532600282369e-21,1.91636428947817e-11,-1.96462873747194e-10
0.327179789543152,-8.16721452909501e-22,-2.58976672572186e-12,7.64537808062293e-11
0.327692627906799,6.6146519541665e-21,-2.97026257756183e-11,3.6901459665728e-10
0.328205436468124,-5.80389540041663e-21,1.91637365698494e-11,-1.96463886825704e-10
0.328718274831772,-8.15232285468835e-22,-2.58993521073947e-12,7.64557306354163e-11
0.329231083393097,6.61349034701724e-21,-2.97025494477854e-11,3.69013652967709e-10
0.329743891954422,-5.80491160472385e-21,1.91638302449171e-11,-1.96464899904214e-10
0.330256730318069,-8.14002520737355e-22,-2.59010347891664e-12,7.64576735257094e-11
0.330769538879395,6.61589797574352e-21,-2.97024731199524e-11,3.69012709278138e-10
0.331282377243042,-5.80601908970413e-21,1.91639239199848e-11,-1.96465899104936e-10
0.331795185804367,-8.16744777948746e-22,-2.59027196393424e-12,7.64596233548964e-11
0.332307994365692,6.61574530275937e-21,-2.97024002615665e-11,3.69011765588567e-10
0.33282083272934,-5.80341355155395e-21,1.9164015860329e-11,-1.96466912183446e-10
0.333333641290665,-8.15493556200644e-22,-2.59044023211141e-12,7.64615731840834e-11
0.333846479654312,6.61274233017424e-21,-2.97023239337335e-11,3.69010821898996e-10
0.334359288215637,-5.80588459207523e-21,1.91641095353967e-11,-1.96467925261956e-10
0.334872126579285,-8.13973339194749e-22,-2.59060871712902e-12,7.64635230132704e-11
0.33538493514061,6.61645091044009e-21,-2.97022510753475e-11,3.69009878209425e-10
0.335897743701935,-5.8054088016643e-21,1.91642032104644e-11,-1.96468924462678e-10
0.336410582065582,-8.17149230090297e-22,-2.59077720214662e-12,7.64654728424574e-11
0.336923390626907,6.61442052130957e-21,-2.97021747475146e-11,3.69008934519854e-10
0.337436228990555,-5.8030847795722e-21,1.91642968855321e-11,-1.96469937541188e-10
0.33794903755188,-8.14960059036774e-22,-2.59094547032379e-12,7.64674226716444e-11
0.338461846113205,6.61347297945555e-21,-2.97020984196816e-11,3.69007990830283e-10
0.338974684476852,-5.80539143410261e-21,1.91643905605998e-11,-1.96470950619698e-10
0.339487493038177,-8.13779822148368e-22,-2.5911139553414e-12,7.64693725008314e-11
0.340000331401825,6.61581033014151e-21,-2.97020255612956e-11,3.69007047140713e-10
0.34051313996315,-5.80621336405698e-21,1.91644842356675e-11,-1.9647194982042e-10
0.341025978326797,-8.16176899071183e-22,-2.591282440359e-12,7.64713153911245e-11
0.341538786888123,6.61519761872098e-21,-2.97019492334627e-11,3.69006131206717e-10
0.342051595449448,-5.80383481589911e-21,1.91645779107352e-11,-1.9647296289893e-10
0.342564433813095,-8.15117023424251e-22,-2.59145070853617e-12,7.64732652203115e-11
0.34307724237442,6.61302425012911e-21,-2.97018763750767e-11,3.69005187517146e-10
0.343590080738068,-5.80566810339929e-21,1.91646698510795e-11,-1.96473962099653e-10
0.344102889299393,-8.13415254814185e-22,-2.59161919355377e-12,7.64752150494985e-11
0.344615697860718,6.61594765504789e-21,-2.97018000472438e-11,3.69004243827575e-10
0.345128536224365,-5.80618387959179e-21,1.91647635261472e-11,-1.96474975178162e-10
0.34564134478569,-8.16201334826583e-22,-2.59178746173094e-12,7.64771648786855e-11
0.346154183149338,6.61493831698599e-21,-2.97017237194108e-11,3.69003300138004e-10
0.346666991710663,-5.80404968898792e-21,1.91648572012149e-11,-1.96475988256672e-10
0.34717983007431,-8.14539350049689e-22,-2.59195594674855e-12,7.64791147078725e-11
0.347692638635635,6.61358566665814e-21,-2.97016508610248e-11,3.69002356448433e-10
0.34820544719696,-5.80572586063933e-21,1.91649508762826e-11,-1.96476987457395e-10
0.348718285560608,-8.14502191545609e-22,-2.59212443176615e-12,7.64810645370595e-11
0.349231094121933,6.61534504104694e-21,-2.97015745331919e-11,3.69001412758863e-10
0.34974393248558,-5.806301009659e-21,1.91650445513503e-11,-1.96478000535905e-10
0.350256741046906,-8.15781686068554e-22,-2.59229269994332e-12,7.64830074273526e-11
0.350769549608231,6.61499486253567e-21,-2.97014982053589e-11,3.69000469069292e-10
0.351282387971878,-5.80537770161198e-21,1.9165138226418e-11,-1.96479013614415e-10
0.351795196533203,-8.14577316347335e-22,-2.59246118496093e-12,7.64849572565396e-11
0.352308034896851,6.61412769614156e-21,-2.9701425346973e-11,3.68999525379721e-10
0.352820843458176,-5.80689110285965e-21,1.91652319014857e-11,-1.96480012815137e-10
0.353333681821823,-8.1523142718817e-22,-2.59262966997853e-12,7.64869070857266e-11
0.353846490383148,6.61633458816645e-21,-2.970134901914e-11,3.6899858169015e-10
0.354359298944473,-5.80463049256255e-21,1.91653238418299e-11,-1.96481025893647e-10
0.354872137308121,-8.15954149995097e-22,-2.5927979381557e-12,7.64888569149136e-11
0.355384945869446,6.61399844917084e-21,-2.9701276160754e-11,3.68997665756154e-10
0.355897784233093,-5.80436068951119e-21,1.91654175168976e-11,-1.96482038972157e-10
0.356410592794418,-8.14502292519805e-22,-2.5929664231733e-12,7.64908067441006e-11
0.356923401355743,6.61385829698698e-21,-2.97011998329211e-11,3.68996722066584e-10
0.357436239719391,-5.80571414763261e-21,1.91655111919653e-11,-1.96483038172879e-10
0.357949048280716,-8.14940671991167e-22,-2.59313469135047e-12,7.64927565732876e-11
0.358461886644363,6.61413415849009e-21,-2.97011235050881e-11,3.68995778377013e-10
0.358974695205688,-5.80559903704932e-21,1.9165604867033e-11,-1.96484051251389e-10
0.359487533569336,-8.15561562321562e-22,-2.59330317636808e-12,7.64947064024746e-11
0.360000342130661,6.61475777512377e-21,-2.97010506467021e-11,3.68994834687442e-10
0.360513150691986,-5.80355006866676e-21,1.91656985421007e-11,-1.96485050452111e-10
0.361025989055634,-8.14850350572963e-22,-2.59347166138568e-12,7.64966492927677e-11
0.361538797616959,6.61244990890301e-21,-2.97009743188692e-11,3.68993890997871e-10
0.362051635980606,-5.80575615289809e-21,1.91657922171684e-11,-1.96486063530621e-10
0.362564444541931,-8.13500527522596e-22,-2.59363992956285e-12,7.64985991219547e-11
0.363077253103256,6.61401500893897e-21,-2.97009014604832e-11,3.689929473083e-10
0.363590091466904,-5.80681436247079e-21,1.91658858922361e-11,-1.96487076609131e-10
0.364102900028229,-8.15582312518812e-22,-2.59380841458046e-12,7.65005489511417e-11
0.364615738391876,6.61514390044877e-21,-2.97008251326503e-11,3.68992003618729e-10
0.365128546953201,-5.80457475480643e-21,1.91659778325803e-11,-1.96488075809853e-10
0.365641385316849,-8.14863426731328e-22,-2.59397689959806e-12,7.65024987803287e-11
0.366154193878174,6.61225765403408e-21,-2.97007488048173e-11,3.68991059929158e-10
0.366667002439499,-5.80631353045928e-21,1.9166071507648e-11,-1.96489088888363e-10
0.367179840803146,-8.13070427935295e-22,-2.59414516777523e-12,7.65044486095157e-11
0.367692649364471,6.61483249602872e-21,-2.97006759464313e-11,3.68990116239587e-10
0.368205487728119,-5.80652638406417e-21,1.91661651827157e-11,-1.96490101966873e-10
0.368718296289444,-8.14963845569119e-22,-2.59431365279283e-12,7.65063984387027e-11
0.369231134653091,6.61385991257411e-21,-2.97005996185984e-11,3.68989200305592e-10
0.369743943214417,-5.8063668448347e-21,1.91662588577834e-11,-1.96491101167595e-10
0.370256751775742,-8.13484119215767e-22,-2.59448192097e-12,7.65083413289958e-11
0.370769590139389,6.61468345811562e-21,-2.97005267602124e-11,3.68988256616021e-10
0.371282398700714,-5.80669723240358e-21,1.91663525328511e-11,-1.96492114246105e-10
0.371795237064362,-8.14669758223653e-22,-2.59465040598761e-12,7.65102911581828e-11
0.372308045625687,6.6143050068295e-21,-2.97004504323795e-11,3.6898731292645e-10
0.372820854187012,-5.80610713920293e-21,1.91664462079189e-11,-1.96493127324615e-10
0.373333692550659,-8.14235165284636e-22,-2.59481889100521e-12,7.65122409873698e-11
0.373846501111984,6.61436680303737e-21,-2.97003741045465e-11,3.68986369236879e-10
0.374359339475632,-5.80676347147607e-21,1.91665398829866e-11,-1.96494126525337e-10
0.374872148036957,-8.14441203131305e-22,-2.59498715918238e-12,7.65141908165567e-11
0.375384986400604,6.61424199893128e-21,-2.97003012461605e-11,3.68985425547308e-10
0.375897794961929,-5.80557722662301e-21,1.91666318233308e-11,-1.96495139603847e-10
0.376410603523254,-8.1486019555706e-22,-2.59515564419999e-12,7.65161406457437e-11
0.376923441886902,6.61400773879686e-21,-2.97002249183276e-11,3.68984481857737e-10
0.377436250448227,-5.80533610024328e-21,1.91667254983985e-11,-1.96496138804569e-10
0.377949088811874,-8.14458772641386e-22,-2.59532412921759e-12,7.65180904749307e-11
0.378461897373199,6.6130145566063e-21,-2.97001485904946e-11,3.68983538168166e-10
0.378974705934525,-5.80569314499987e-21,1.91668191734662e-11,-1.96497151883079e-10
0.379487544298172,-8.13255362175028e-22,-2.59549239739476e-12,7.65200403041177e-11
0.380000352859497,6.61341683780264e-21,-2.97000757321086e-11,3.68982594478595e-10
0.380513191223145,-5.80694522502864e-21,1.91669128485339e-11,-1.96498164961589e-10
0.38102599978447,-8.1415246741822e-22,-2.59566088241237e-12,7.65219831944108e-11
0.381538838148117,6.61447423958178e-21,-2.96999994042757e-11,3.68981650789024e-10
0.382051646709442,-5.80610188854474e-21,1.91670065236016e-11,-1.96499164162312e-10
0.382564455270767,-8.14303322866847e-22,-2.59582936742997e-12,7.65239330235978e-11
0.383077293634415,6.61435024326925e-21,-2.96999265458897e-11,3.68980707099453e-10
0.38359010219574,-5.8057876568472e-21,1.91671001986693e-11,-1.96500177240821e-10
0.384102940559387,-8.13355225654741e-22,-2.59599763560714e-12,7.65258828527848e-11
0.384615749120712,6.61279927962071e-21,-2.96998502180568e-11,3.68979791165458e-10
0.385128557682037,-5.80712293961336e-21,1.91671921390135e-11,-1.96501190319331e-10
0.385641396045685,-8.13506838409838e-22,-2.59616612062474e-12,7.65278326819718e-11
0.38615420460701,6.61491933383716e-21,-2.96997738902238e-11,3.68978847475887e-10
0.386667042970657,-5.80708618500607e-21,1.91672858140812e-11,-1.96502189520054e-10
0.387179851531982,-8.15270958585853e-22,-2.59633438880191e-12,7.65297825111588e-11
0.38769268989563,6.61500294047134e-21,-2.96997010318378e-11,3.68977903786316e-10
0.388205498456955,-5.80523270266671e-21,1.91673794891489e-11,-1.96503202598564e-10
0.38871830701828,-8.14219867693962e-22,-2.59650287381952e-12,7.65317323403458e-11
0.389231145381927,6.61264701053334e-21,-2.96996247040049e-11,3.68976960096745e-10
0.389743953943253,-5.8067553935404e-21,1.91674731642166e-11,-1.96504201799286e-10
0.3902567923069,-8.13119248958997e-22,-2.59667135883712e-12,7.65336752306389e-11
0.390769600868225,6.61481149339598e-21,-2.96995483761719e-11,3.68976016407174e-10
0.39128240942955,-5.80724087747414e-21,1.91675668392843e-11,-1.96505214877796e-10
0.391795247793198,-8.14732463199287e-22,-2.59683962701429e-12,7.65356250598259e-11
0.392308056354523,6.61587253024616e-21,-2.9699475517786e-11,3.68975072717603e-10
0.39282089471817,-5.80454527034124e-21,1.9167660514352e-11,-1.96506227956306e-10
0.393333703279495,-8.14242082017053e-22,-2.5970081120319e-12,7.65375748890129e-11
0.393846541643143,6.61205449395199e-21,-2.9699399189953e-11,3.68974129028032e-10
0.394359350204468,-5.80609542619621e-21,1.91677541894197e-11,-1.96507227157028e-10
0.394872158765793,-8.12225980735248e-22,-2.5971765970495e-12,7.65395247181999e-11
0.39538499712944,6.61478120113722e-21,-2.9699326331567e-11,3.68973185338461e-10
0.395897805690765,-5.8065134593671e-21,1.9167846129764e-11,-1.96508240235538e-10
0.396410644054413,-8.15200377622941e-22,-2.59734486522667e-12,7.65414745473869e-11
0.396923452615738,6.61399077513196e-21,-2.96992500037341e-11,3.68972241648891e-10
0.397436261177063,-5.80446772215881e-21,1.91679398048317e-11,-1.96509253314048e-10
0.39794909954071,-8.13278939649763e-22,-2.59751335024427e-12,7.65434243765739e-11
0.398461908102036,6.6120763043783e-21,-2.96991736759011e-11,3.6897129795932e-10
0.398974746465683,-5.80641975531334e-21,1.91680334798994e-11,-1.9651025251477e-10
0.399487555027008,-8.12580501136942e-22,-2.59768183526188e-12,7.65453742057609e-11
0.400000393390656,6.61397300367349e-21,-2.96991008175151e-11,3.68970382025324e-10
0.400513201951981,-5.80629939407186e-21,1.91681271549671e-11,-1.9651126559328e-10
0.401026010513306,-8.13827633430111e-22,-2.59785010343905e-12,7.6547317096054e-11
0.401538848876953,6.61533494362736e-21,-2.96990244896822e-11,3.68969438335753e-10
0.402051657438278,-5.80405211236862e-21,1.91682208300348e-11,-1.96512264794002e-10
0.402564495801926,-8.13310140676286e-22,-2.59801858845665e-12,7.6549266925241e-11
0.403077304363251,6.61237276461737e-21,-2.96989516312962e-11,3.68968494646182e-10
0.403590112924576,-5.80640157995808e-21,1.91683145051025e-11,-1.96513277872512e-10
0.404102951288223,-8.11197861472918e-22,-2.59818685663382e-12,7.6551216754428e-11
0.404615759849548,6.61419231962691e-21,-2.96988753034633e-11,3.68967550956611e-10
0.405128598213196,-5.80748079216352e-21,1.91684064454467e-11,-1.96514290951022e-10
0.405641406774521,-8.13397685304104e-22,-2.59835534165143e-12,7.6553166583615e-11
0.406154245138168,6.61508735489909e-21,-2.96987989756303e-11,3.68966607267041e-10
0.406667053699493,-5.80575776848522e-21,1.91685001205144e-11,-1.96515290151744e-10
0.407179862260818,-8.13951528768442e-22,-2.59852382666903e-12,7.6555116412802e-11
0.407692700624466,6.61185456504417e-21,-2.96987261172443e-11,3.6896566357747e-10
0.408205509185791,-5.8068898911693e-21,1.91685937955821e-11,-1.96516303230254e-10
0.408718347549438,-8.11431212839569e-22,-2.5986920948462e-12,7.6557066241989e-11
0.409231156110764,6.61438093942479e-21,-2.96986497894114e-11,3.68964719887899e-10
0.409743964672089,-5.80858746935024e-21,1.91686874706498e-11,-1.96517302430976e-10
0.410256803035736,-8.1436532102311e-22,-2.5988605798638e-12,7.65590091322821e-11
0.410769611597061,6.61531474878818e-21,-2.96985734615784e-11,3.68963776198328e-10
0.411282449960709,-5.80538254837338e-21,1.91687811457175e-11,-1.96518315509486e-10
0.411795258522034,-8.14479522838637e-22,-2.59902906488141e-12,7.65609589614691e-11
0.412308096885681,6.61267649499854e-21,-2.96985006031925e-11,3.68962832508757e-10
0.412820905447006,-5.8064229864876e-21,1.91688748207852e-11,-1.96519328587996e-10
0.413333714008331,-8.1233664845392e-22,-2.59919733305858e-12,7.65629087906561e-11
0.413846552371979,6.61386395154195e-21,-2.96984242753595e-11,3.68961888819186e-10
0.414359360933304,-5.80824779215534e-21,1.91689667611294e-11,-1.96520327788718e-10
0.414872199296951,-8.14068456887257e-22,-2.59936581807618e-12,7.65648586198431e-11
0.415385007858276,6.61625219322263e-21,-2.96983514169735e-11,3.68960945129615e-10
0.415897816419601,-5.80444146886789e-21,1.91690604361971e-11,-1.96521340867228e-10
0.416410654783249,-8.14499818652006e-22,-2.59953430309379e-12,7.65668084490301e-11
0.416923463344574,6.61218010585165e-21,-2.96982750891406e-11,3.6896002919562e-10
0.417436301708221,-5.80468623031867e-21,1.91691541112649e-11,-1.96522353945738e-10
0.417949110269547,-8.10903622666157e-22,-2.59970257127096e-12,7.65687582782171e-11
0.418461948633194,6.61269668983771e-21,-2.96981987613076e-11,3.68959085506049e-10
0.418974757194519,-5.80889806597673e-21,1.91692477863326e-11,-1.96523353146461e-10
0.419487565755844,-8.13168776802071e-22,-2.59987105628856e-12,7.65707081074041e-11
0.420000404119492,6.61669930696193e-21,-2.96981259029216e-11,3.68958141816478e-10
0.420513212680817,-5.8048760618069e-21,1.91693414614003e-11,-1.9652436622497e-10
0.421026051044464,-8.14921284945561e-22,-2.60003954130616e-12,7.65726509976972e-11
0.421538859605789,6.61196684834997e-21,-2.96980495750887e-11,3.68957198126907e-10
0.422051668167114,-5.80450245728219e-21,1.9169435136468e-11,-1.96525365425693e-10
0.422564506530762,-8.09717579761488e-22,-2.60020780948333e-12,7.65746008268842e-11
0.423077315092087,6.61361555502011e-21,-2.96979732472558e-11,3.68956254437336e-10
0.423590153455734,-5.80843520026287e-21,1.91695270768122e-11,-1.96526378504203e-10
0.424102962017059,-8.11717777607443e-22,-2.60037629450094e-12,7.65765506560712e-11
0.424615800380707,6.6159254407248e-21,-2.96979003888698e-11,3.68955310747765e-10
0.425128608942032,-5.80658373740743e-21,1.91696207518799e-11,-1.96527391582713e-10
0.425641417503357,-8.13553589462525e-22,-2.60054456267811e-12,7.65785004852582e-11
0.426154255867004,6.61460025537822e-21,-2.96978240610368e-11,3.68954367058194e-10
0.426667064428329,-5.80492452942092e-21,1.91697144269476e-11,-1.96528390783435e-10
0.427179902791977,-8.11052559605063e-22,-2.60071304769571e-12,7.65804503144452e-11
0.427692711353302,6.61330657398076e-21,-2.96977512026508e-11,3.68953423368623e-10
0.428205549716949,-5.8091626183699e-21,1.91698081020153e-11,-1.96529403861945e-10
0.428718358278275,-8.12724338878956e-22,-2.60088153271332e-12,7.65824001436322e-11
0.4292311668396,6.61727082091054e-21,-2.96976748748179e-11,3.68952479679052e-10
0.429744005203247,-5.80489504495573e-21,1.9169901777083e-11,-1.96530403062667e-10
0.430256813764572,-8.14528697272025e-22,-2.60104980089049e-12,7.65843430339253e-11
0.43076965212822,6.61158314640568e-21,-2.96975985469849e-11,3.68951535989481e-10
0.431282460689545,-5.80510789856062e-21,1.91699954521507e-11,-1.96531416141177e-10
0.43179526925087,-8.09860104838957e-22,-2.60121828590809e-12,7.65862928631122e-11
0.432308107614517,6.6128461316476e-21,-2.9697525688599e-11,3.6895059229991e-10
0.432820916175842,-5.8104482218317e-21,1.91700873924949e-11,-1.96532429219687e-10
0.43333375453949,-8.12662441696889e-22,-2.6013867709257e-12,7.65882426922992e-11
0.433846563100815,6.61770056708816e-21,-2.9697449360766e-11,3.68949676365915e-10
0.434359401464462,-5.80577634773726e-21,1.91701810675626e-11,-1.96533428420409e-10
0.434872210025787,-8.15068959707018e-22,-2.60155503910287e-12,7.65901925214862e-11
0.435385018587112,6.61202622117715e-21,-2.96973730329331e-11,3.68948732676344e-10
0.43589785695076,-5.80582804652555e-21,1.91702747426303e-11,-1.96534441498919e-10
0.436410665512085,-8.09969207457592e-22,-2.60172352412047e-12,7.65921423506732e-11
0.436923503875732,6.61364140441425e-21,-2.96973001745471e-11,3.68947788986773e-10
0.437436312437057,-5.81024061888499e-21,1.9170368417698e-11,-1.96535440699641e-10
0.437949120998383,-8.12361387131908e-22,-2.60189200913807e-12,7.65940921798602e-11
0.43846195936203,6.61712743755241e-21,-2.96972238467141e-11,3.68946845297202e-10
0.438974767923355,-5.80575251782704e-21,1.91704620927657e-11,-1.96536453778151e-10
0.439487606287003,-8.1518987630657e-22,-2.60206027731524e-12,7.65960420090472e-11
0.440000414848328,6.61340310531201e-21,-2.96971509883281e-11,3.68945901607631e-10
0.440513253211975,-5.80395073427597e-21,1.91705557678334e-11,-1.96537466856661e-10
0.4410260617733,-8.10102846805824e-22,-2.60222876233285e-12,7.65979848993403e-11
0.441538870334625,6.61226411638261e-21,-2.96970746604952e-11,3.6894495791806e-10
0.442051708698273,-5.80875145144433e-21,1.91706477081777e-11,-1.96538466057383e-10
0.442564517259598,-8.11564094881332e-22,-2.60239724735045e-12,7.65999347285273e-11
0.443077355623245,6.61640769348426e-21,-2.96969983326623e-11,3.68944014228489e-10
0.44359016418457,-5.80578684905363e-21,1.91707413832454e-11,-1.96539479135893e-10
0.444102972745895,-8.14953344252749e-22,-2.60256551552762e-12,7.66018845577143e-11
0.444615811109543,6.61225442285981e-21,-2.96969254742763e-11,3.68943070538919e-10
0.445128619670868,-5.80412804496391e-21,1.91708350583131e-11,-1.96540478336615e-10
0.445641458034515,-8.10348567511469e-22,-2.60273400054523e-12,7.66038343869013e-11
0.44615426659584,6.61314461137058e-21,-2.96968491464433e-11,3.68942126849348e-10
0.446667104959488,-5.80781239142275e-21,1.91709287333808e-11,-1.96541491415125e-10
0.447179913520813,-8.11659111599644e-22,-2.6029022687224e-12,7.66057842160883e-11
0.447692722082138,6.61470042178052e-21,-2.96967728186104e-11,3.68941183159777e-10
0.448205560445786,-5.80639996437095e-21,1.91710224084485e-11,-1.96542504493635e-10
0.448718369007111,-8.13457613489352e-22,-2.60307075374e-12,7.66077340452753e-11
0.449231207370758,6.61274515745173e-21,-2.96966999602244e-11,3.68940239470206e-10
0.449744015932083,-5.80585187643577e-21,1.91711160835162e-11,-1.96543503694357e-10
0.450256824493408,-8.11285608049127e-22,-2.6032392387576e-12,7.66096769355684e-11
0.450769662857056,6.61260540916465e-21,-2.96966236323915e-11,3.68939295780635e-10
0.451282471418381,-5.80754056888747e-21,1.91712080238604e-11,-1.96544516772867e-10
0.451795309782028,-8.10810221534979e-22,-2.60340750693477e-12,7.66116267647554e-11
0.452308118343353,6.61531636437532e-21,-2.96965507740055e-11,3.68938379846639e-10
0.452820956707001,-5.80748200385387e-21,1.91713016989281e-11,-1.9654551597359e-10
0.453333765268326,-8.12977733623488e-22,-2.60357599195238e-12,7.66135765939424e-11
0.453846573829651,6.61358687834849e-21,-2.96964744461725e-11,3.68937436157069e-10
0.454359412193298,-5.80563417606948e-21,1.91713953739958e-11,-1.965465290521e-10
0.454872220754623,-8.11946585135281e-22,-2.60374447696998e-12,7.66155264231294e-11
0.455385059118271,6.61280776145317e-21,-2.96963981183396e-11,3.68936492467498e-10
0.455897867679596,-5.80792427083177e-21,1.91714890490635e-11,-1.9654754213061e-10
0.456410676240921,-8.11149797755684e-22,-2.60391274514715e-12,7.66174762523164e-11
0.456923514604568,6.61369350709932e-21,-2.96963252599536e-11,3.68935548777927e-10
0.457436323165894,-5.80853375107804e-21,1.91715827241312e-11,-1.96548541331332e-10
0.457949161529541,-8.12920834664116e-22,-2.60408123016476e-12,7.66194260815034e-11
0.458461970090866,6.61429167823565e-21,-2.96962489321206e-11,3.68934605088356e-10
0.458974808454514,-5.80556309023559e-21,1.91716746644754e-11,-1.96549554409842e-10
0.459487617015839,-8.12477709405548e-22,-2.60424971518236e-12,7.66213759106904e-11
0.460000425577164,6.61160051396736e-21,-2.96961726042877e-11,3.68933661398785e-10
0.460513263940811,-5.80663907126676e-21,1.91717683395431e-11,-1.96550553610564e-10
0.461026072502136,-8.10308177833122e-22,-2.60441798335953e-12,7.66233188009835e-11
0.461538910865784,6.61289217588091e-21,-2.96960997459017e-11,3.68932717709214e-10
0.462051719427109,-5.80856444723358e-21,1.91718620146109e-11,-1.96551566689074e-10
0.462564527988434,-8.12357651086661e-22,-2.60458646837713e-12,7.66252686301705e-11
0.463077366352081,6.61485672983573e-21,-2.96960234180688e-11,3.68931774019643e-10
0.463590174913406,-5.80598273899362e-21,1.91719556896786e-11,-1.96552565889796e-10
0.464103013277054,-8.12255465200442e-22,-2.60475495339474e-12,7.66272184593575e-11
0.464615821838379,6.61182386888863e-21,-2.96959470902358e-11,3.68930830330072e-10
0.465128660202026,-5.80691493276987e-21,1.91720493647463e-11,-1.96553578968306e-10
0.465641468763351,-8.09494931659599e-22,-2.60492322157191e-12,7.66291682885445e-11
0.466154277324677,6.61292367983002e-21,-2.96958742318498e-11,3.68929886640501e-10
0.466667115688324,-5.810059673126e-21,1.9172143039814e-11,-1.96554592046816e-10
0.467179924249649,-8.1309572197136e-22,-2.60509170658951e-12,7.66311181177315e-11
0.467692762613297,6.61431712373301e-21,-2.96957979040169e-11,3.6892894295093e-10
0.468205571174622,-5.80591326874686e-21,1.91722349801582e-11,-1.96555591247538e-10
0.468718379735947,-8.12590548069431e-22,-2.60526019160712e-12,7.66330679469185e-11
0.469231218099594,6.61116309375086e-21,-2.96957250456309e-11,3.68927999261359e-10
0.469744026660919,-5.80794163839346e-21,1.91723286552259e-11,-1.96556604326048e-10
0.470256865024567,-8.09623269862547e-22,-2.60542845978429e-12,7.66350177761055e-11
0.470769673585892,6.61276737177482e-21,-2.9695648717798e-11,3.68927083327364e-10
0.471282511949539,-5.81009077317832e-21,1.91724223302936e-11,-1.9655760352677e-10
0.471795320510864,-8.13542179378392e-22,-2.60559694480189e-12,7.66369606663986e-11
0.472308129072189,6.61504413794326e-21,-2.9695572389965e-11,3.68926139637793e-10
0.472820967435837,-5.80651871002529e-21,1.91725160053613e-11,-1.9655861660528e-10
0.473333775997162,-8.12949359874449e-22,-2.6057654298195e-12,7.66389104955856e-11
0.473846614360809,6.61210578884349e-21,-2.9695499531579e-11,3.68925195948222e-10
0.474359422922134,-5.80773161206606e-21,1.9172609680429e-11,-1.9655962968379e-10
0.474872231483459,-8.09947043621599e-22,-2.60593369799667e-12,7.66408603247726e-11
0.475385069847107,6.61229238915745e-21,-2.96954232037461e-11,3.68924252258651e-10
0.475897878408432,-5.81038359834634e-21,1.91727016207732e-11,-1.96560628884512e-10
0.476410716772079,-8.12916240338204e-22,-2.60610218301427e-12,7.66428101539596e-11
0.476923525333405,6.61473838807817e-21,-2.96953468759131e-11,3.6892330856908e-10
0.477436363697052,-5.80593992593457e-21,1.91727952958409e-11,-1.96561641963022e-10
0.477949172258377,-8.13594887908635e-22,-2.60627045119144e-12,7.66447599831466e-11
0.478461980819702,6.6095224650164e-21,-2.96952740175271e-11,3.68922364879509e-10
0.47897481918335,-5.80775301859558e-21,1.91728889709086e-11,-1.96562641163744e-10
0.479487627744675,-8.08105577211549e-22,-2.60643893620904e-12,7.66467098123336e-11
0.480000466108322,6.61298628383146e-21,-2.96951976896942e-11,3.68921421189938e-10
0.480513274669647,-5.81180046826277e-21,1.91729826459763e-11,-1.96563654242254e-10
0.481026083230972,-8.12769524831607e-22,-2.60660742122665e-12,7.66486527026267e-11
0.48153892159462,6.61524487464464e-21,-2.96951248313082e-11,3.68920477500367e-10
0.482051730155945,-5.80685515604592e-21,1.9173076321044e-11,-1.96564653442977e-10
0.482564568519592,-8.13667084458681e-22,-2.60677568940382e-12,7.66506025318137e-11
0.483077377080917,6.61082543603988e-21,-2.96950485034753e-11,3.68919533810796e-10
0.483590215444565,-5.80750139089948e-21,1.91731699961117e-11,-1.96565666521487e-10
0.48410302400589,-8.09617059949502e-22,-2.60694417442142e-12,7.66525523610007e-11
0.484615832567215,6.61257834808015e-21,-2.96949721756423e-11,3.68918590121226e-10
0.485128670930862,-5.81080526658829e-21,1.9173261936456e-11,-1.96566679599997e-10
0.485641479492188,-8.12399757326338e-22,-2.60711265943903e-12,7.66545021901877e-11
0.486154317855835,6.61468184252848e-21,-2.96948993172563e-11,3.68917646431655e-10
0.48666712641716,-5.8078406641976e-21,1.91733556115237e-11,-1.96567678800719e-10
0.487179964780807,-8.13634065896632e-22,-2.6072809276162e-12,7.66564520193747e-11
0.487692773342133,6.611164709338e-21,-2.96948229894234e-11,3.68916702742084e-10
0.488205581903458,-5.8071221318198e-21,1.91734492865914e-11,-1.96568691879229e-10
0.488718420267105,-8.0989398168167e-22,-2.6074494126338e-12,7.66584018485617e-11
0.48923122882843,6.61134646289056e-21,-2.96947466615904e-11,3.68915759052513e-10
0.489744067192078,-5.81075518338714e-21,1.91735429616591e-11,-1.96569691079951e-10
0.490256875753403,-8.11684607584101e-22,-2.6076178976514e-12,7.66603516777487e-11
0.490769684314728,6.61508170034412e-21,-2.96946738032045e-11,3.68914843118517e-10
0.491282522678375,-5.80750462207375e-21,1.91736366367268e-11,-1.96570704158461e-10
0.4917953312397,-8.14106069775218e-22,-2.60778616582857e-12,7.66622945680417e-11
0.492308169603348,6.6117095660989e-21,-2.96945974753715e-11,3.68913899428946e-10
0.492820978164673,-5.80590882588224e-21,1.9173728577071e-11,-1.96571703359183e-10
0.49333381652832,-8.10404608190176e-22,-2.60795465084618e-12,7.66642443972287e-11
0.493846625089645,6.61090419591266e-21,-2.96945211475386e-11,3.68912955739376e-10
0.49435943365097,-5.80955318655952e-21,1.91738222521387e-11,-1.96572716437693e-10
0.494872272014618,-8.10491345024427e-22,-2.60812313586378e-12,7.66661942264157e-11
0.495385080575943,6.61336675460149e-21,-2.96944482891526e-11,3.68912012049805e-10
0.49589791893959,-5.80972847776355e-21,1.91739159272064e-11,-1.96573729516203e-10
0.496410727500916,-8.13920479203212e-22,-2.60829140404095e-12,7.66681440556027e-11
0.496923536062241,6.61244667772874e-21,-2.96943719613196e-11,3.68911068360234e-10
0.497436374425888,-5.80699086536517e-21,1.91740096022741e-11,-1.96574728716925e-10
0.497949182987213,-8.11073006879726e-22,-2.60845988905856e-12,7.66700938847897e-11
0.498462021350861,6.61042153925641e-21,-2.96942991029336e-11,3.68910124670663e-10
0.498974829912186,-5.81020507596805e-21,1.91741032773418e-11,-1.96575741795435e-10
0.499487668275833,-8.1148301260205e-22,-2.60862837407616e-12,7.66720437139767e-11
0.500000476837158,6.61352750552132e-21,-2.96942227751007e-11,3.68909180981092e-10
0.500513315200806,-5.80866138246161e-21,1.9174195217686e-11,-1.96576740996157e-10
0.501026093959808,-8.13425756130555e-22,-2.60879664225333e-12,7.66739866042698e-11
0.501538932323456,6.61058148238266e-21,-2.96941464472678e-11,3.68908237291521e-10
0.502051770687103,-5.80824294539393e-21,1.91742888927537e-11,-1.96577754074667e-10
0.502564609050751,-8.10737974497835e-22,-2.60896512727093e-12,7.66759364334568e-11
0.503077387809753,6.61073859823143e-21,-2.96940735888818e-11,3.6890729360195e-10
0.503590226173401,-5.81072408333481e-21,1.91743825678214e-11,-1.96578753275389e-10
0.504103064537048,-8.11201496543969e-22,-2.60913361228854e-12,7.66778862626438e-11
0.504615843296051,6.61318298156501e-21,-2.96939972610488e-11,3.68906349912379e-10
0.505128681659698,-5.80845701068918e-21,1.91744762428891e-11,-1.96579766353899e-10
0.505641520023346,-8.13381276997275e-22,-2.60930188046571e-12,7.66798360918308e-11
0.506154298782349,6.61052937969759e-21,-2.96939209332159e-11,3.68905406222808e-10
0.506667137145996,-5.80751633508047e-21,1.91745699179569e-11,-1.96580779432409e-10
0.507179975509644,-8.10136622674342e-22,-2.60947036548331e-12,7.66817859210178e-11
0.507692813873291,6.61068245657853e-21,-2.96938480748299e-11,3.68904462533237e-10
0.508205592632294,-5.81134810386528e-21,1.91746618583011e-11,-1.96581778633131e-10
0.508718430995941,-8.11709447236284e-22,-2.60963885050092e-12,7.66837357502048e-11
0.509231269359589,6.61337846760821e-21,-2.96937717469969e-11,3.68903518843666e-10
0.509744048118591,-5.80879628398729e-21,1.91747555333688e-11,-1.96582791711641e-10
0.510256886482239,-8.12731306098471e-22,-2.60980711867809e-12,7.66856855793918e-11
0.510769724845886,6.61062873830633e-21,-2.9693695419164e-11,3.68902575154095e-10
0.511282563209534,-5.80897480636559e-21,1.91748492084365e-11,-1.96583790912364e-10
0.511795341968536,-8.10879540320443e-22,-2.60997560369569e-12,7.66876284696849e-11
0.512308180332184,6.61222170722035e-21,-2.9693622560778e-11,3.689016592201e-10
0.512821018695831,-5.80992961836172e-21,1.91749428835042e-11,-1.96584803990874e-10
0.513333797454834,-8.11499017012095e-22,-2.6101440887133e-12,7.66895782988719e-11
0.513846635818481,6.61280574196925e-21,-2.96935462329451e-11,3.68900715530529e-10
0.514359474182129,-5.80967274000743e-21,1.91750365585719e-11,-1.96585803191596e-10
0.514872312545776,-8.13652342226084e-22,-2.61031235689047e-12,7.66915281280589e-11
0.515385091304779,6.61152538916564e-21,-2.96934733745591e-11,3.68899771840958e-10
0.515897929668427,-5.80770333929121e-21,1.91751302336396e-11,-1.96586816270106e-10
0.516410768032074,-8.11289495555668e-22,-2.61048084190807e-12,7.66934779572459e-11
0.516923546791077,6.61032137285411e-21,-2.96933970467261e-11,3.68898828151387e-10
0.517436385154724,-5.8101574161476e-21,1.91752221739838e-11,-1.96587829348616e-10
0.517949223518372,-8.11422680520018e-22,-2.61064932692567e-12,7.66954277864329e-11
0.518462002277374,6.61234772301679e-21,-2.96933207188932e-11,3.68897884461816e-10
0.518974840641022,-5.80893118551297e-21,1.91753158490515e-11,-1.96588828549338e-10
0.519487679004669,-8.12289443017352e-22,-2.61081759510284e-12,7.66973776156199e-11
0.520000517368317,6.6102018194062e-21,-2.96932478605072e-11,3.68896940772245e-10
0.520513296127319,-5.80880476581975e-21,1.91754095241192e-11,-1.96589841627848e-10
0.521026134490967,-8.1059342993645e-22,-2.61098608012045e-12,7.66993274448069e-11
0.521538972854614,6.61072607743115e-21,-2.96931715326743e-11,3.68895997082674e-10
0.522051751613617,-5.80980279477171e-21,1.91755031991869e-11,-1.9659084082857e-10
0.522564589977264,-8.11150302626664e-22,-2.61115456513805e-12,7.67012703351e-11
0.523077428340912,6.61136786942008e-21,-2.96930952048413e-11,3.68895053393103e-10
0.523590266704559,-5.81015903173473e-21,1.91755968742546e-11,-1.9659185390708e-10
0.524103045463562,-8.10960168215844e-22,-2.61132283331522e-12,7.6703220164287e-11
0.524615883827209,6.61213648499903e-21,-2.96930223464553e-11,3.68894109703533e-10
0.525128722190857,-5.80977088692581e-21,1.91756888145989e-11,-1.96592853107802e-10
0.52564150094986,-8.11466957704907e-22,-2.61149131833283e-12,7.6705169993474e-11
0.526154339313507,6.61187516378013e-21,-2.96929460186224e-11,3.68893166013962e-10
0.526667177677155,-5.80915575212458e-21,1.91757824896666e-11,-1.96593866186312e-10
0.527180016040802,-8.10496999579396e-22,-2.61165980335043e-12,7.6707119822661e-11
0.527692794799805,6.61026321171729e-21,-2.96928696907894e-11,3.68892222324391e-10
0.528205633163452,-5.8109906552119e-21,1.91758761647343e-11,-1.96594879264822e-10
0.5287184715271,-8.10230377215206e-22,-2.6118280715276e-12,7.6709069651848e-11
0.529231250286102,6.61288652132594e-21,-2.96927968324034e-11,3.6889127863482e-10
0.52974408864975,-5.81006169260991e-21,1.9175969839802e-11,-1.96595878465544e-10
0.530256927013397,-8.11800122064174e-22,-2.6119965565452e-12,7.6711019481035e-11
0.5307697057724,6.61194746130437e-21,-2.96927205045705e-11,3.68890334945249e-10
0.531282544136047,-5.80802362944051e-21,1.91760635148697e-11,-1.96596891544054e-10
0.531795382499695,-8.10582322774904e-22,-2.61216504156281e-12,7.67129623713281e-11
0.532308220863342,6.61065903056509e-21,-2.96926441767376e-11,3.68889391255678e-10
0.532820999622345,-5.81116473472558e-21,1.91761554552139e-11,-1.96597890744776e-10
0.533333837985992,-8.1060297199796e-22,-2.61233330973998e-12,7.67149122005151e-11
0.53384667634964,6.6139285750273e-21,-2.96925713183516e-11,3.68888447566107e-10
0.534359455108643,-5.80984883900502e-21,1.91762491302816e-11,-1.96598903823286e-10
0.53487229347229,-8.13169130211756e-22,-2.61250179475758e-12,7.67168620297021e-11
0.535385131835938,6.61147449817092e-21,-2.96924949905186e-11,3.68887531632112e-10
0.535897970199585,-5.8079064993733e-21,1.91763428053493e-11,-1.96599903024008e-10
0.536410748958588,-8.10431517813375e-22,-2.61267027977519e-12,7.67188118588891e-11
0.536923587322235,6.60927608797848e-21,-2.96924221321326e-11,3.68886587942541e-10
0.537436425685883,-5.81137354936263e-21,1.9176436480417e-11,-1.96600916102518e-10
0.537949204444885,-8.09271374789946e-22,-2.61283854795236e-12,7.67207616880761e-11
0.538462042808533,6.61370925907388e-21,-2.96923458042997e-11,3.6888564425297e-10
0.53897488117218,-5.81056090903429e-21,1.91765301554847e-11,-1.96601915303241e-10
0.539487719535828,-8.14528040939752e-22,-2.61300703296996e-12,7.67227115172631e-11
0.54000049829483,6.61096356873983e-21,-2.96922694764667e-11,3.68884700563399e-10
0.540513336658478,-5.80661726084045e-21,1.91766220958289e-11,-1.96602928381751e-10
0.541026175022125,-8.10455044801012e-22,-2.61317551798756e-12,7.67246613464501e-11
0.541538953781128,6.6084299242171e-21,-2.96921966180808e-11,3.68883756873828e-10
0.542051792144775,-5.81066228712694e-21,1.91767157708966e-11,-1.96603927582473e-10
0.542564630508423,-8.09138644209478e-22,-2.61334378616473e-12,7.67266042367432e-11
0.543077409267426,6.61188647289006e-21,-2.96921202902478e-11,3.68882813184257e-10
0.543590247631073,-5.81105366311012e-21,1.91768094459643e-11,-1.96604940660983e-10
0.54410308599472,-8.12050285634438e-22,-2.61351227118234e-12,7.67285540659302e-11
0.544615924358368,6.61302990468408e-21,-2.96920439624149e-11,3.68881869494686e-10
0.545128703117371,-5.80810077372615e-21,1.9176903121032e-11,-1.96605953739493e-10
0.545641541481018,-8.10848440268115e-22,-2.61368075619994e-12,7.67305038951172e-11
0.546154379844666,6.60938756349072e-21,-2.96919711040289e-11,3.68880925805115e-10
0.546667158603668,-5.81001726396373e-21,1.91769950613763e-11,-1.96606952940215e-10
0.547179996967316,-8.08746006048844e-22,-2.61384902437711e-12,7.67324537243042e-11
0.547692835330963,6.61094256610709e-21,-2.96918947761959e-11,3.68879982115544e-10
0.548205673694611,-5.81246124340053e-21,1.9177088736444e-11,-1.96607966018725e-10
0.548718452453613,-8.10815169270577e-22,-2.61401750939472e-12,7.67344035534911e-11
0.549231290817261,6.61264741443013e-21,-2.9691818448363e-11,3.68879038425973e-10
0.549744129180908,-5.81020346038091e-21,1.91771824115117e-11,-1.96608965219447e-10
0.550256907939911,-8.1186570480439e-22,-2.61418599441232e-12,7.67363533826781e-11
0.550769746303558,6.6103092559506e-21,-2.9691745589977e-11,3.68878094736402e-10
0.551282584667206,-5.80936254727772e-21,1.91772760865794e-11,-1.96609978297957e-10
0.551795423030853,-8.08541230379623e-22,-2.61435426258949e-12,7.67383032118651e-11
0.552308201789856,6.61107625594242e-21,-2.96916692621441e-11,3.68877151046831e-10
0.552821040153503,-5.81342776840338e-21,1.91773697616471e-11,-1.96610977498679e-10
0.553333878517151,-8.10551172235479e-22,-2.6145227476071e-12,7.67402461021582e-11
0.553846657276154,6.61431914321692e-21,-2.96915929343111e-11,3.6887620735726e-10
0.554359495639801,-5.80961336718026e-21,1.91774617019913e-11,-1.96611990577189e-10
0.554872334003448,-8.12977481187998e-22,-2.6146912326247e-12,7.67421959313452e-11
0.555385172367096,6.610416692495e-21,-2.96915200759251e-11,3.6887526366769e-10
0.555897951126099,-5.80796910337474e-21,1.9177555377059e-11,-1.96612989777911e-10
0.556410789489746,-8.08519369466217e-22,-2.61485950080187e-12,7.67441457605322e-11
0.556923627853394,6.61028138707254e-21,-2.96914437480922e-11,3.68874319978119e-10
0.557436406612396,-5.81274881791036e-21,1.91776490521267e-11,-1.96614002856421e-10
0.557949244976044,-8.10789875234512e-22,-2.61502798581947e-12,7.67460955897192e-11
0.558462083339691,6.61311714638931e-21,-2.96913708897062e-11,3.68873376288548e-10
0.558974862098694,-5.80993648460704e-21,1.91777427271944e-11,-1.96615015934931e-10
0.559487700462341,-8.12931335980486e-22,-2.61519647083708e-12,7.67480454189062e-11
0.560000538825989,6.61100072724391e-21,-2.96912945618732e-11,3.68872460354552e-10
0.560513377189636,-5.80882576845249e-21,1.91778364022621e-11,-1.96616015135653e-10
0.561026155948639,-8.10132078835528e-22,-2.61536473901425e-12,7.67499952480932e-11
0.561538994312286,6.6106073317768e-21,-2.96912182340403e-11,3.68871516664981e-10
0.562051832675934,-5.81106174104579e-21,1.91779283426063e-11,-1.96617028214163e-10
0.562564611434937,-8.10236688102447e-22,-2.61553322403185e-12,7.67519381383863e-11
0.563077449798584,6.61240144128899e-21,-2.96911453756543e-11,3.6887057297541e-10
0.563590288162231,-5.80879547619373e-21,1.9178022017674e-11,-1.96618027414885e-10
0.564103126525879,-8.11810068022467e-22,-2.61570170904946e-12,7.67538879675733e-11
0.564615905284882,6.61035368459678e-21,-2.96910690478214e-11,3.6886962928584e-10
0.565128743648529,-5.8088790828279e-21,1.91781156927417e-11,-1.96619040493395e-10
0.565641582012177,-8.10097545660541e-22,-2.61586997722663e-12,7.67558377967603e-11
0.566154360771179,6.60978782520314e-21,-2.96909927199884e-11,3.68868685596269e-10
0.566667199134827,-5.81034765153261e-21,1.91782093678095e-11,-1.96620039694118e-10
0.567180037498474,-8.09128445815695e-22,-2.61603846224423e-12,7.67577876259473e-11
0.567692875862122,6.61193534440086e-21,-2.96909198616024e-11,3.68867741906698e-10
0.568205654621124,-5.81027656569872e-21,1.91783030428772e-11,-1.96621052772628e-10
0.568718492984772,-8.11054225679295e-22,-2.61620694726183e-12,7.67597374551343e-11
0.569231331348419,6.61082341655596e-21,-2.96908435337695e-11,3.68866798217127e-10
0.569744110107422,-5.80891543353842e-21,1.91783949832214e-11,-1.9662205197335e-10
0.570256948471069,-8.09825420202676e-22,-2.616375215439e-12,7.67616872843213e-11
0.570769786834717,6.6097373381052e-21,-2.96907672059366e-11,3.68865854527556e-10
0.571282565593719,-5.81158478738039e-21,1.91784886582891e-11,-1.9662306505186e-10
0.571795403957367,-8.09833902035129e-22,-2.61654370045661e-12,7.67636371135083e-11
0.572308242321014,6.6107442527864e-21,-2.96906943475506e-11,3.68864910837985e-10
0.572821080684662,-5.81084444457629e-21,1.91785823333568e-11,-1.96624064252582e-10
0.573333859443665,-8.10628922366298e-22,-2.61671218547421e-12,7.67655800038014e-11
0.573846697807312,6.60982740708792e-21,-2.96906180197176e-11,3.68863967148414e-10
0.574359536170959,-5.80991588587108e-21,1.91786760084245e-11,-1.96625077331092e-10
0.574872314929962,-8.09337310939848e-22,-2.61688045365138e-12,7.67675298329884e-11
0.57538515329361,6.60918723068611e-21,-2.96905416918847e-11,3.68863023458843e-10
0.575897991657257,-5.81230089637749e-21,1.91787679487687e-11,-1.96626076531814e-10
0.576410830020905,-8.0950346397915e-22,-2.61704893866899e-12,7.67694796621754e-11
0.576923608779907,6.61225563455016e-21,-2.96904688334987e-11,3.68862079769272e-10
0.577436447143555,-5.80961175159312e-21,1.91788616238364e-11,-1.96627089610324e-10
0.577949285507202,-8.12021810911203e-22,-2.61721742368659e-12,7.67714294913624e-11
0.578462064266205,6.60931445817291e-21,-2.96903925056657e-11,3.68861136079701e-10
0.578974902629852,-5.80894895697145e-21,1.91789552989041e-11,-1.96628102688834e-10
0.5794877409935,-8.08077708333489e-22,-2.61738569186376e-12,7.67733793205494e-11
0.580000579357147,6.61058188627945e-21,-2.96903161778328e-11,3.6886019239013e-10
0.58051335811615,-5.81243418231604e-21,1.91790489739718e-11,-1.96629101889556e-10
0.581026196479797,-8.09237195024645e-22,-2.61755417688136e-12,7.67753291497364e-11
0.581539034843445,6.61301294101917e-21,-2.96902433194468e-11,3.68859248700559e-10
0.582051813602448,-5.81106133714901e-21,1.91791426490395e-11,-1.96630114968066e-10
0.582564651966095,-8.11897360214795e-22,-2.61772266189897e-12,7.67772789789234e-11
0.583077490329742,6.60995826964576e-21,-2.96901669916139e-11,3.68858305010988e-10
0.583590269088745,-5.80965294906504e-21,1.91792345893838e-11,-1.96631114168788e-10
0.584103107452393,-8.08656290475815e-22,-2.61789093007614e-12,7.67792218692165e-11
0.58461594581604,6.61028542604038e-21,-2.96900906637809e-11,3.68857361321417e-10
0.585128784179688,-5.81211510385709e-21,1.91793282644515e-11,-1.96632127247298e-10
0.58564156293869,-8.09365028356614e-22,-2.61805941509374e-12,7.67811716984035e-11
0.586154401302338,6.61267326382427e-21,-2.96900178053949e-11,3.68856417631847e-10
0.586667239665985,-5.80983752989509e-21,1.91794219395192e-11,-1.9663312644802e-10
0.587180018424988,-8.10913316188961e-22,-2.61822790011135e-12,7.67831215275905e-11
0.587692856788635,6.61055280571104e-21,-2.9689941477562e-11,3.68855501697851e-10
0.588205695152283,-5.81042439192147e-21,1.91795156145869e-11,-1.9663413952653e-10
0.58871853351593,-8.095633416773e-22,-2.61839616828852e-12,7.67850713567775e-11
0.589231312274933,6.61114572618917e-21,-2.9689868619176e-11,3.6885455800828e-10
0.58974415063858,-5.80978219603575e-21,1.91796092896546e-11,-1.96635138727252e-10
0.590256989002228,-8.09635740175737e-22,-2.61856465330612e-12,7.67870211859645e-11
0.59076976776123,6.61024867143308e-21,-2.96897922913431e-11,3.68853614318709e-10
0.591282606124878,-5.81003463152542e-21,1.91797012299988e-11,-1.96636151805762e-10
0.591795444488525,-8.09186405004123e-22,-2.61873313832373e-12,7.67889710151515e-11
0.592308282852173,6.61057340444699e-21,-2.96897159635101e-11,3.68852670629138e-10
0.592821061611176,-5.81038481003669e-21,1.91797949050665e-11,-1.96637151006485e-10
0.593333899974823,-8.09968096741438e-22,-2.6189014065009e-12,7.67909139054446e-11
0.59384673833847,6.61042153925641e-21,-2.96896431051241e-11,3.68851726939567e-10
0.594359517097473,-5.81020709545196e-21,1.91798885801342e-11,-1.96638164084995e-10
0.594872355461121,-8.09255471354097e-22,-2.6190698915185e-12,7.67928637346316e-11
0.595385193824768,6.61109241181376e-21,-2.96895667772912e-11,3.68850783249997e-10
0.595897972583771,-5.80973776738957e-21,1.91799822552019e-11,-1.96639163285717e-10
0.596410810947418,-8.09349882227234e-22,-2.6192383765361e-12,7.67948135638186e-11
0.596923649311066,6.6094954039319e-21,-2.96894904494582e-11,3.68849839560426e-10
0.597436487674713,-5.81045104910918e-21,1.91800741955461e-11,-1.96640176364227e-10
0.597949266433716,-8.07489281207067e-22,-2.61940664471327e-12,7.67967633930056e-11
0.598462104797363,6.6111865197643e-21,-2.96894175910722e-11,3.68848895870855e-10
0.598974943161011,-5.81173140191279e-21,1.91801678706138e-11,-1.96641175564949e-10
0.599487721920013,-8.09557687122331e-22,-2.61957512973088e-12,7.67987132221926e-11
0.600000560283661,6.61076162034809e-21,-2.96893412632393e-11,3.68847952181284e-10
0.600513398647308,-5.81084242509237e-21,1.91802615456815e-11,-1.96642188643459e-10
0.601026237010956,-8.09464386965349e-22,-2.61974361474848e-12,7.68006630513796e-11
0.601539015769958,6.60967675358768e-21,-2.96892649354064e-11,3.68847008491713e-10
0.602051854133606,-5.8107095430506e-21,1.91803552207492e-11,-1.96643187844181e-10
0.602564692497253,-8.08977741828361e-22,-2.61991188292565e-12,7.68026128805666e-11
0.603077471256256,6.60998129176242e-21,-2.96891920770204e-11,3.68846064802142e-10
0.603590309619904,-5.81097288375343e-21,1.91804488958169e-11,-1.96644200922691e-10
0.604103147983551,-8.09057561930195e-22,-2.62008036794326e-12,7.68045557708597e-11
0.604615986347198,6.6100232970279e-21,-2.96891157491874e-11,3.68845121112571e-10
0.605128765106201,-5.81180369943703e-21,1.91805408361612e-11,-1.96645200123413e-10
0.605641603469849,-8.09596915597426e-22,-2.62024885296086e-12,7.68065056000466e-11
0.606154441833496,6.60987991366977e-21,-2.96890394213545e-11,3.68844177423e-10
0.606667220592499,-5.81150723919796e-21,1.91806345112289e-11,-1.96646213201923e-10
0.607180058956146,-8.095828801842e-22,-2.62041712113803e-12,7.68084554292336e-11
0.607692897319794,6.61012952188196e-21,-2.96889665629685e-11,3.68843233733429e-10
0.608205735683441,-5.81198585688638e-21,1.91807281862966e-11,-1.96647226280433e-10
0.608718514442444,-8.09966531641402e-22,-2.62058560615563e-12,7.68104052584206e-11
0.609231352806091,6.6107026514177e-21,-2.96888902351355e-11,3.68842290043858e-10
0.609744191169739,-5.81199918548023e-21,1.91808218613643e-11,-1.96648225481155e-10
0.610256969928741,-8.10495888863241e-22,-2.62075409117324e-12,7.68123550876076e-11
0.610769808292389,6.6091876345829e-21,-2.96888139073026e-11,3.68841346354287e-10
0.611282646656036,-5.81169303171836e-21,1.91809138017085e-11,-1.96649238559665e-10
0.611795425415039,-8.09861467990601e-22,-2.62092235935041e-12,7.68143049167946e-11
0.612308263778687,6.60956002741726e-21,-2.96887410489166e-11,3.68840402664716e-10
0.612821102142334,-5.81114413598962e-21,1.91810074767762e-11,-1.96650237760387e-10
0.613333940505981,-8.10601053488238e-22,-2.62109084436801e-12,7.68162547459816e-11
0.613846719264984,6.60918601899576e-21,-2.96886647210837e-11,3.68839458975145e-10
0.614359557628632,-5.8105924129834e-21,1.91811011518439e-11,-1.96651250838897e-10
0.614872395992279,-8.09608628604147e-22,-2.62125932938562e-12,7.68181976362747e-11
0.615385174751282,6.60843840604955e-21,-2.96885883932507e-11,3.68838515285574e-10
0.615898013114929,-5.81255817862856e-21,1.91811948269116e-11,-1.9665225003962e-10
0.616410851478577,-8.09359828185527e-22,-2.62142759756279e-12,7.68201474654617e-11
0.616923689842224,6.61013154136587e-21,-2.96885155348647e-11,3.68837571596003e-10
0.617436468601227,-5.81261755145573e-21,1.91812885019793e-11,-1.96653263118129e-10
0.617949306964874,-8.10001670661564e-22,-2.62159608258039e-12,7.68220972946487e-11
0.618462145328522,6.6094416856597e-21,-2.96884392070318e-11,3.68836627906433e-10
0.618974924087524,-5.81263653460456e-21,1.91813804423235e-11,-1.96654262318852e-10
0.619487762451172,-8.09269557254421e-22,-2.621764567598e-12,7.68240471238357e-11
0.620000600814819,6.60981246290693e-21,-2.96883628791988e-11,3.68835711972437e-10
0.620513439178467,-5.8123178600424e-21,1.91814741173912e-11,-1.96655275397362e-10
0.621026217937469,-8.09603529407255e-22,-2.6219330526156e-12,7.68259969530227e-11
0.621539056301117,6.61041144183682e-21,-2.96882900208129e-11,3.68834768282866e-10
0.622051894664764,-5.81170151355082e-21,1.91815677924589e-11,-1.96656274598084e-10
0.622564673423767,-8.10221895382753e-22,-2.62210132079277e-12,7.68279467822097e-11
0.623077511787415,6.60755548768088e-21,-2.96882136929799e-11,3.68833824593295e-10
0.623590350151062,-5.81203755567466e-21,1.91816614675266e-11,-1.96657287676594e-10
0.624103128910065,-8.08888682587606e-22,-2.62226980581037e-12,7.68298896725028e-11
0.624615967273712,6.60885886260115e-21,-2.9688137365147e-11,3.68832880903724e-10
0.62512880563736,-5.8127161022709e-21,1.91817534078709e-11,-1.96658286877316e-10
0.625641644001007,-8.09228157834115e-22,-2.62243829082798e-12,7.68318395016898e-11
0.62615442276001,6.60989162667649e-21,-2.9688064506761e-11,3.68831937214154e-10
0.626667261123657,-5.81211712334101e-21,1.91818470829386e-11,-1.96659299955826e-10
0.627180099487305,-8.09564856290238e-22,-2.62260655900515e-12,7.68337893308768e-11
0.627692878246307,6.60903859666979e-21,-2.9687988178928e-11,3.68830993524583e-10
0.628205716609955,-5.81244468363241e-21,1.91819407580063e-11,-1.96660299156548e-10
0.628718554973602,-8.09224926659847e-22,-2.62277504402275e-12,7.68357391600638e-11
0.62923139333725,6.60914441762706e-21,-2.96879118510951e-11,3.68830049835012e-10
0.629744172096252,-5.81256504487388e-21,1.9182034433074e-11,-1.96661312235058e-10
0.6302570104599,-8.09262135651024e-22,-2.62294352904036e-12,7.68376889892508e-11
0.630769848823547,6.60952084942926e-21,-2.96878389927091e-11,3.68829106145441e-10
0.63128262758255,-5.81187438137414e-21,1.91821263734182e-11,-1.9666231143578e-10
0.631795465946198,-8.0950053572747e-22,-2.62311179721753e-12,7.68396388184378e-11
0.632308304309845,6.60958991577924e-21,-2.96877626648762e-11,3.6882816245587e-10
0.632821142673492,-5.8116922239248e-21,1.91822200484859e-11,-1.9666332451429e-10
0.633333921432495,-8.08521792846918e-22,-2.62328028223513e-12,7.68415886476248e-11
0.633846759796143,6.60973087575667e-21,-2.96876863370432e-11,3.68827218766299e-10
0.63435959815979,-5.81277668678842e-21,1.91823137235536e-11,-1.96664323715012e-10
0.634872376918793,-8.09909228785246e-22,-2.62344876725273e-12,7.68435315379179e-11
0.63538521528244,6.60816537182393e-21,-2.96876134786572e-11,3.68826275076728e-10
0.635898053646088,-5.81304810542691e-21,1.91824073986213e-11,-1.96665336793522e-10
0.63641083240509,-8.09748881762208e-22,-2.6236170354299e-12,7.68454813671049e-11
0.636923670768738,6.60954346764914e-21,-2.96875371508243e-11,3.68825331387157e-10
0.637436509132385,-5.81192284898816e-21,1.91824993389655e-11,-1.96666335994244e-10
0.637949347496033,-8.09981324361096e-22,-2.62378552044751e-12,7.68474311962919e-11
0.638462126255035,6.60910402794872e-21,-2.96874642924383e-11,3.68824387697586e-10
0.638974964618683,-5.81214337663193e-21,1.91825930140332e-11,-1.96667349072754e-10
0.63948780298233,-8.09166462600439e-22,-2.62395400546511e-12,7.68493810254789e-11
0.640000581741333,6.60883018592952e-21,-2.96873879646053e-11,3.68823444008015e-10
0.64051342010498,-5.81255817862856e-21,1.91826866891009e-11,-1.96668348273477e-10
0.641026258468628,-8.09294194958213e-22,-2.62412227364228e-12,7.68513308546659e-11
0.641539096832275,6.6089457004096e-21,-2.96873116367724e-11,3.68822500318444e-10
0.642051875591278,-5.81310828604765e-21,1.91827803641687e-11,-1.96669361351987e-10
0.642564713954926,-8.09911450217556e-22,-2.62429075865989e-12,7.68532806838529e-11
0.643077552318573,6.60873123121757e-21,-2.96872387783864e-11,3.68821556628873e-10
0.643590331077576,-5.8130166014778e-21,1.91828740392364e-11,-1.96670360552709e-10
0.644103169441223,-8.09800732011786e-22,-2.62445924367749e-12,7.68552305130399e-11
0.644616007804871,6.60863227650562e-21,-2.96871624505535e-11,3.68820612939302e-10
0.645128846168518,-5.81215185846439e-21,1.91829659795806e-11,-1.96671373631219e-10
0.645641624927521,-8.09664467334462e-22,-2.62462751185466e-12,7.6857173403333e-11
0.646154463291168,6.6078923375983e-21,-2.96870861227205e-11,3.68819669249731e-10
0.646667301654816,-5.81272418020657e-21,1.91830596546483e-11,-1.96672372831941e-10
0.647180080413818,-8.09102091550573e-22,-2.62479599687226e-12,7.685912323252e-11
0.647692918777466,6.60742704850374e-21,-2.96870132643345e-11,3.6881872556016e-10
0.648205757141113,-5.81388094059444e-21,1.9183153329716e-11,-1.96673385910451e-10
0.648718535900116,-8.09776952588659e-22,-2.62496448188987e-12,7.6861073061707e-11
0.649231374263763,6.60848727756035e-21,-2.96869369365016e-11,3.6881778187059e-10
0.649744212627411,-5.8118630722642e-21,1.91832470047837e-11,-1.96674385111173e-10
0.650257050991058,-8.10143236484171e-22,-2.62513275006704e-12,7.6863022890894e-11
0.650769829750061,6.60758658773321e-21,-2.96868606086687e-11,3.68816838181019e-10
0.651282668113708,-5.81282232712495e-21,1.91833389451279e-11,-1.96675398189683e-10
0.651795506477356,-8.09080937456539e-22,-2.62530123508464e-12,7.6864972720081e-11
0.652308285236359,6.60726548979035e-21,-2.96867877502827e-11,3.68815894491448e-10
0.652821123600006,-5.81436036607642e-21,1.91834326201956e-11,-1.96676397390405e-10
0.653333961963654,-8.09310855700531e-22,-2.62546972010225e-12,7.6866922549268e-11
0.653846800327301,6.60935565564482e-21,-2.96867114224497e-11,3.68814950801877e-10
0.654359579086304,-5.81412812542592e-21,1.91835262952633e-11,-1.96677410468915e-10
0.654872417449951,-8.11281468107096e-22,-2.62563820511985e-12,7.6868872378455e-11
0.655385255813599,6.6080781301187e-21,-2.96866350946168e-11,3.68814007112306e-10
0.655898034572601,-5.81157832503186e-21,1.9183619970331e-11,-1.96678409669637e-10
0.656410872936249,-8.09215536059631e-22,-2.62580647329702e-12,7.68708152687481e-11
0.656923711299896,6.6064407325585e-21,-2.96865622362308e-11,3.68813063422735e-10
0.657436549663544,-5.81453848455793e-21,1.91837119106752e-11,-1.96679422748147e-10
0.657949328422546,-8.07775694513647e-22,-2.62597495831463e-12,7.68727650979351e-11
0.658462166786194,6.60776309062759e-21,-2.96864859083978e-11,3.68812119733164e-10
0.658975005149841,-5.81493753458e-21,1.9183805585743e-11,-1.96680421948869e-10
0.659487783908844,-8.09839304154608e-22,-2.62614344333223e-12,7.68747149271221e-11
0.660000622272491,6.60855876729103e-21,-2.96864095805649e-11,3.68811203799169e-10
0.660513460636139,-5.81318946930113e-21,1.91838992608107e-11,-1.96681435027379e-10
0.661026239395142,-8.09693699364166e-22,-2.6263117115094e-12,7.68766647563091e-11
0.661539077758789,6.60740766145813e-21,-2.96863367221789e-11,3.68810260109598e-10
0.662051916122437,-5.81366485581528e-21,1.91839929358784e-11,-1.96682434228101e-10
0.662564754486084,-8.08526084250243e-22,-2.626480196527e-12,7.68786145854961e-11
0.663077533245087,6.60713907009712e-21,-2.9686260394346e-11,3.68809316420027e-10
0.663590371608734,-5.81513423231355e-21,1.91840848762226e-11,-1.96683447306611e-10
0.664103209972382,-8.08654927324171e-22,-2.62664868154461e-12,7.68805644146831e-11
0.664615988731384,6.60959637812777e-21,-2.9686184066513e-11,3.68808372730456e-10
0.665128827095032,-5.81501791003991e-21,1.91841785512903e-11,-1.96684446507334e-10
0.665641665458679,-8.10558290916288e-22,-2.62681694972178e-12,7.68825073049761e-11
0.666154503822327,6.6095713365272e-21,-2.9686111208127e-11,3.68807429040885e-10
0.666667282581329,-5.81183964625076e-21,1.9184272226358e-11,-1.96685459585844e-10
0.667180120944977,-8.09556778354568e-22,-2.62698543473938e-12,7.68844571341631e-11
0.667692959308624,6.6066434887438e-21,-2.96860348802941e-11,3.68806485351314e-10
0.668205738067627,-5.81462047560498e-21,1.91843659014257e-11,-1.96686458786566e-10
0.668718576431274,-8.07756206493845e-22,-2.62715391975699e-12,7.68864069633501e-11
0.669231414794922,6.60933505690886e-21,-2.96859585524611e-11,3.68805541661743e-10
0.669744253158569,-5.81550500956078e-21,1.91844578417699e-11,-1.96687471865076e-10
0.670257031917572,-8.11201648005263e-22,-2.62732218793416e-12,7.68883567925371e-11
0.670769870281219,6.60934838550272e-21,-2.96858856940752e-11,3.68804597972172e-10
0.671282708644867,-5.81207713755945e-21,1.91845515168376e-11,-1.96688471065798e-10
0.67179548740387,-8.09857681458256e-22,-2.62749067295176e-12,7.68903066217241e-11
0.672308325767517,6.60601340976158e-21,-2.96858093662422e-11,3.68803654282601e-10
0.672821164131165,-5.81363133238225e-21,1.91846451919053e-11,-1.96689484144308e-10
0.673334002494812,-8.07987235453991e-22,-2.62765915796936e-12,7.68922564509111e-11
0.673846781253815,6.60798806113598e-21,-2.96857330384093e-11,3.6880271059303e-10
0.674359619617462,-5.8154092860231e-21,1.9184738866973e-11,-1.9669048334503e-10
0.67487245798111,-8.09954263276604e-22,-2.62782742614653e-12,7.68942062800981e-11
0.675385236740112,6.60911089419404e-21,-2.96856601800233e-11,3.68801766903459e-10
0.67589807510376,-5.81333567993675e-21,1.91848308073173e-11,-1.9669149642354e-10
0.676410913467407,-8.10293536574721e-22,-2.62799591116414e-12,7.68961491703912e-11
0.67692369222641,6.60713785840677e-21,-2.96855838521903e-11,3.68800823213888e-10
0.677436530590057,-5.81315231079705e-21,1.9184924482385e-11,-1.96692495624262e-10
0.677949368953705,-8.0813536459933e-22,-2.62816439618174e-12,7.68980989995782e-11
0.678462207317352,6.60703324913985e-21,-2.96855075243574e-11,3.68799879524317e-10
0.678974986076355,-5.81508091793813e-21,1.91850181574527e-11,-1.96693508702772e-10
0.679487824440002,-8.09377700618196e-22,-2.62833288119935e-12,7.69000488287652e-11
0.68000066280365,6.60764959563143e-21,-2.96854346659714e-11,3.68798935834747e-10
0.680513441562653,-5.81405502010811e-21,1.91851118325204e-11,-1.96694507903494e-10
0.6810262799263,-8.09497304553202e-22,-2.62850114937652e-12,7.69019986579522e-11
0.681539118289948,6.6064039779512e-21,-2.96853583381385e-11,3.68797992145176e-10
0.682051956653595,-5.81377027287576e-21,1.91852037728646e-11,-1.96695520982004e-10
0.682564735412598,-8.08687743937828e-22,-2.62866963439412e-12,7.69039484871392e-11
0.683077573776245,6.60865570251906e-21,-2.96852820103055e-11,3.68797048455605e-10
0.683590412139893,-5.81413135660019e-21,1.91852974479323e-11,-1.96696520182726e-10
0.684103190898895,-8.09508664150237e-22,-2.62883811941172e-12,7.69058983163262e-11
0.684616029262543,6.60700578415857e-21,-2.96852091519195e-11,3.68796104766034e-10
0.68512886762619,-5.81303881580089e-21,1.9185391123e-11,-1.96697533261236e-10
0.685641705989838,-8.09015506177616e-22,-2.62900638758889e-12,7.69078481455132e-11
0.68615448474884,6.60661885104001e-21,-2.96851328240866e-11,3.68795161076463e-10
0.686667323112488,-5.81460553142399e-21,1.91854847980677e-11,-1.96698532461959e-10
0.687180161476135,-8.0828127231236e-22,-2.6291748726065e-12,7.69097910358063e-11
0.687692940235138,6.60784265829393e-21,-2.96850564962536e-11,3.68794217386892e-10
0.688205778598785,-5.81465359514122e-21,1.91855767384119e-11,-1.96699545540469e-10
0.688718616962433,-8.09017929558317e-22,-2.6293433576241e-12,7.69117408649933e-11
0.689231395721436,6.6084836424893e-21,-2.96849836378676e-11,3.68793273697321e-10
0.689744234085083,-5.81314786793243e-21,1.91856704134796e-11,-1.96700544741191e-10
0.69025707244873,-8.08322671732666e-22,-2.62951162580127e-12,7.69136906941803e-11
0.690769910812378,6.60684301375483e-21,-2.96849073100347e-11,3.6879233000775e-10
0.691282689571381,-5.81466369256081e-21,1.91857640885473e-11,-1.96701557819701e-10
0.691795527935028,-8.08379671666234e-22,-2.62968011081888e-12,7.69156405233673e-11
0.692308366298676,6.60885441973653e-21,-2.96848309822018e-11,3.68791386318179e-10
0.692821145057678,-5.81345240610717e-21,1.9185857763615e-11,-1.96702557020423e-10
0.693333983421326,-8.08974965037975e-22,-2.62984859583648e-12,7.69175903525543e-11
0.693846821784973,6.60676304219171e-21,-2.96847581238158e-11,3.68790442628608e-10
0.694359660148621,-5.81311797957046e-21,1.91859497039593e-11,-1.96703570098933e-10
0.694872438907623,-8.07238158381943e-22,-2.63001708085409e-12,7.69195401817413e-11
0.695385277271271,6.60690925282732e-21,-2.96846817959828e-11,3.68789498939037e-10
0.695898115634918,-5.81662501534135e-21,1.9186043379027e-11,-1.96704569299655e-10
0.696410894393921,-8.07102802472381e-22,-2.63018534903126e-12,7.69214900109283e-11
0.696923732757568,6.60970623805288e-21,-2.96846054681499e-11,3.68788555249466e-10
0.697436571121216,-5.8149423813414e-21,1.91861370540947e-11,-1.96705568500377e-10
0.697949409484863,-8.09643868598505e-22,-2.63035383404886e-12,7.69234329012214e-11
0.698462188243866,6.60789354928865e-21,-2.96845326097639e-11,3.68787611559895e-10
0.698975026607513,-5.81276295429778e-21,1.91862307291624e-11,-1.96706581578887e-10
0.699487864971161,-8.07595102164337e-22,-2.63052231906646e-12,7.69253827304084e-11
0.700000643730164,6.60593424599202e-21,-2.96844562819309e-11,3.68786667870324e-10
0.700513482093811,-5.81529982999478e-21,1.91863226695066e-11,-1.96707580779609e-10
0.701026320457458,-8.07582581364049e-22,-2.63069058724363e-12,7.69273325595954e-11
0.701539099216461,6.60811973148739e-21,-2.9684379954098e-11,3.68785724180754e-10
0.702051937580109,-5.81443306749744e-21,1.91864163445743e-11,-1.96708593858119e-10
0.702564775943756,-8.09413950354512e-22,-2.63085907226124e-12,7.69292823887824e-11
0.703077614307404,6.60844769567557e-21,-2.9684307095712e-11,3.68784780491183e-10
0.703590393066406,-5.81249072786572e-21,1.9186510019642e-11,-1.96709593058841e-10
0.704103231430054,-8.08391788569738e-22,-2.63102755727884e-12,7.69312322179694e-11
0.704616069793701,6.60605581892385e-21,-2.96842307678791e-11,3.68783836801612e-10
0.705128848552704,-5.81441004538079e-21,1.91866036947097e-11,-1.96710606137351e-10
0.705641686916351,-8.06879800960806e-22,-2.63119582545601e-12,7.69331820471564e-11
0.706154525279999,6.60791657140531e-21,-2.96841544400461e-11,3.68782893112041e-10
0.706667363643646,-5.8153091196208e-21,1.91866956350539e-11,-1.96711605338074e-10
0.707180142402649,-8.09007680677436e-22,-2.63136431047362e-12,7.69351318763434e-11
0.707692980766296,6.60703526862377e-21,-2.96840815816601e-11,3.6878194942247e-10
0.708205819129944,-5.81394677577014e-21,1.91867893101216e-11,-1.96712618416583e-10
0.708718597888947,-8.08204229000912e-22,-2.63153279549122e-12,7.69370747666365e-11
0.709231436252594,6.60669397584173e-21,-2.96840052538272e-11,3.68781005732899e-10
0.709744274616241,-5.81429331921036e-21,1.91868829851893e-11,-1.96713617617306e-10
0.710257112979889,-8.07582278441462e-22,-2.63170106366839e-12,7.69390245958235e-11
0.710769891738892,6.60656957563242e-21,-2.96839289259943e-11,3.68780062043328e-10
0.711282730102539,-5.81568272414551e-21,1.9186976660257e-11,-1.96714630695816e-10
0.711795568466187,-8.0866007700816e-22,-2.63186954868599e-12,7.69409744250105e-11
0.712308347225189,6.60805631969239e-21,-2.96838560676083e-11,3.68779118353757e-10
0.712821185588837,-5.81395444980903e-21,1.91870686006013e-11,-1.96715629896538e-10
0.713334023952484,-8.08916400004371e-22,-2.6320380337036e-12,7.69429242541975e-11
0.713846802711487,6.60518744083938e-21,-2.96837797397753e-11,3.68778174664186e-10
0.714359641075134,-5.81436238556034e-21,1.9187162275669e-11,-1.96716642975048e-10
0.714872479438782,-8.07000869021652e-22,-2.6322065187212e-12,7.69448740833845e-11
0.715385317802429,6.60681514487677e-21,-2.96837034119424e-11,3.68777258730191e-10
0.715898096561432,-5.81618799902163e-21,1.91872559507367e-11,-1.9671764217577e-10
0.716410934925079,-8.08313735516332e-22,-2.63237478689837e-12,7.69468239125715e-11
0.716923773288727,6.60875061826318e-21,-2.96836270841094e-11,3.6877631504062e-10
0.717436552047729,-5.8134419047908e-21,1.91873496258044e-11,-1.9671865525428e-10
0.717949390411377,-8.08465651194015e-22,-2.63254327191598e-12,7.69487668028646e-11
0.718462228775024,6.60555781418982e-21,-2.96835542257234e-11,3.68775371351049e-10
0.718975067138672,-5.81483656038413e-21,1.91874415661486e-11,-1.96719654455002e-10
0.719487845897675,-8.06184745083547e-22,-2.63271175693358e-12,7.69507166320516e-11
0.720000684261322,6.60734182628242e-21,-2.96834778978905e-11,3.68774427661478e-10
0.720513522624969,-5.81663955562556e-21,1.91875352412163e-11,-1.96720667533512e-10
0.721026301383972,-8.0812314672163e-22,-2.63288002511075e-12,7.69526664612386e-11
0.72153913974762,6.60809872885465e-21,-2.96834015700576e-11,3.68773483971907e-10
0.722051978111267,-5.81476183947919e-21,1.9187628916284e-11,-1.96721666734234e-10
0.722564816474915,-8.08368917914374e-22,-2.63304851012836e-12,7.69546162904255e-11
0.723077595233917,6.60681191370251e-21,-2.96833287116716e-11,3.68772540282336e-10
0.723590433597565,-5.81454090793863e-21,1.91877225913517e-11,-1.96722665934956e-10
0.724103271961212,-8.07260726114719e-22,-2.63321699514596e-12,7.69565661196125e-11
0.724616050720215,6.60708494792813e-21,-2.96832523838386e-11,3.68771596592765e-10
0.725128889083862,-5.81490320335341e-21,1.91878145316959e-11,-1.96723679013466e-10
0.72564172744751,-8.07138648311914e-22,-2.63338526332313e-12,7.69585159487995e-11
0.726154506206512,6.60752721490604e-21,-2.96831760560057e-11,3.68770652903194e-10
0.72666734457016,-5.81496580735485e-21,1.91879082067636e-11,-1.96724678214188e-10
0.727180182933807,-8.07228161936552e-22,-2.63355374834073e-12,7.69604657779865e-11
0.727693021297455,6.60674648242358e-21,-2.96831031976197e-11,3.68769709213623e-10
0.728205800056458,-5.81486564095254e-21,1.91880018818313e-11,-1.96725691292698e-10
0.728718638420105,-8.06638169710093e-22,-2.63372223335834e-12,7.69624086682796e-11
0.729231476783752,6.60798886892955e-21,-2.96830268697867e-11,3.68768765524052e-10
0.729744255542755,-5.81618557564093e-21,1.9188095556899e-11,-1.96726690493421e-10
0.730257093906403,-8.0792422755577e-22,-2.63389071837594e-12,7.69643584974666e-11
0.73076993227005,6.60851433864485e-21,-2.96829505419538e-11,3.68767821834481e-10
0.731282770633698,-5.81372382474567e-21,1.91881874972433e-11,-1.96727703571931e-10
0.7317955493927,-8.08263147444202e-22,-2.63405898655311e-12,7.69663083266536e-11
0.732308387756348,6.60667822386718e-21,-2.96828776835678e-11,3.6876687814491e-10
0.732821226119995,-5.81405986686951e-21,1.9188281172311e-11,-1.96728702772653e-10
0.733334004878998,-8.0678927759421e-22,-2.63422747157072e-12,7.69682581558406e-11
0.733846843242645,6.60642821175821e-21,-2.96828013557349e-11,3.6876593445534e-10
0.734359681606293,-5.81638954351659e-21,1.91883748473787e-11,-1.96729715851163e-10
0.73487251996994,-8.06811340456007e-22,-2.63439595658832e-12,7.69702079850276e-11
0.735385298728943,6.60907535127709e-21,-2.96827250279019e-11,3.68764990765769e-10
0.73589813709259,-5.8156657604806e-21,1.91884667877229e-11,-1.96730715051885e-10
0.736410975456238,-8.09154093261445e-22,-2.63456422476549e-12,7.69721578142146e-11
0.73692375421524,6.60823726545138e-21,-2.96826521695159e-11,3.68764047076198e-10
0.737436592578888,-5.81197333608609e-21,1.91885604627906e-11,-1.96731728130395e-10
0.737949430942535,-8.06758429977372e-22,-2.63473270978309e-12,7.69741076434016e-11
0.738462269306183,6.60499841714471e-21,-2.9682575841683e-11,3.68763103386627e-10
0.738975048065186,-5.81614882103364e-21,1.91886541378583e-11,-1.96732727331117e-10
0.739487886428833,-8.0498739306894e-22,-2.6349011948007e-12,7.69760505336947e-11
0.74000072479248,6.60990899423818e-21,-2.968249951385e-11,3.68762159697056e-10
0.740513503551483,-5.81649899954491e-21,1.9188747812926e-11,-1.96733740409627e-10
0.741026341915131,-8.09541985634873e-22,-2.63506946297787e-12,7.69780003628817e-11
0.741539180278778,6.60747066935635e-21,-2.96824266554641e-11,3.68761216007485e-10
0.742051959037781,-5.81206825183021e-21,1.91888397532702e-11,-1.96734739610349e-10
0.742564797401428,-8.06588540892824e-22,-2.63523794799547e-12,7.69799501920687e-11
0.743077635765076,6.60449718123642e-21,-2.96823503276311e-11,3.68760272317914e-10
0.743590474128723,-5.8163354213476e-21,1.91889334283379e-11,-1.96735738811071e-10
0.744103252887726,-8.04393412361745e-22,-2.63540643301308e-12,7.69819000212557e-11
0.744616091251373,6.60950550135149e-21,-2.96822739997982e-11,3.68759328628343e-10
0.745128929615021,-5.81681565462315e-21,1.91890271034056e-11,-1.96736751889581e-10
0.745641708374023,-8.08793918304783e-22,-2.63557491803068e-12,7.69838498504427e-11
0.746154546737671,6.6076063786756e-21,-2.96822011414122e-11,3.68758384938772e-10
0.746667385101318,-5.81318987319791e-21,1.91891207784733e-11,-1.96737751090303e-10
0.747180223464966,-8.06561833218017e-22,-2.63574318620785e-12,7.69857996796297e-11
0.747693002223969,6.60551459723399e-21,-2.96821248135792e-11,3.68757441249201e-10
0.748205840587616,-5.8159884740106e-21,1.91892127188176e-11,-1.96738764168813e-10
0.748718678951263,-8.04808214358372e-22,-2.63591167122545e-12,7.69877495088167e-11
0.749231457710266,6.60999825542733e-21,-2.96820484857463e-11,3.6875649755963e-10
0.749744296073914,-5.81681323124245e-21,1.91893063938853e-11,-1.96739763369536e-10
0.750257134437561,-8.09324487216973e-22,-2.63608015624306e-12,7.69896923991098e-11
0.750769972801208,6.60927649187526e-21,-2.96819756273603e-11,3.68755553870059e-10
0.751282751560211,-5.81210985319891e-21,1.9189400068953e-11,-1.96740776448046e-10
0.751795589923859,-8.07167274496443e-22,-2.63624842442023e-12,7.69916422282968e-11
0.752308428287506,6.60455857354751e-21,-2.96818992995274e-11,3.68754610180488e-10
0.752821207046509,-5.81499690740717e-21,1.91894937440207e-11,-1.96741775648768e-10
0.753334045410156,-8.0368457350675e-22,-2.63641690943783e-12,7.69935920574838e-11
0.753846883773804,6.60920500214459e-21,-2.96818229716944e-11,3.68753666490917e-10
0.754359662532806,-5.81594404536442e-21,1.91895856843649e-11,-1.96742788727278e-10
0.754872500896454,-8.08287431738308e-22,-2.63658539445544e-12,7.69955418866708e-11
0.755385339260101,6.60965413536781e-21,-2.96817501133084e-11,3.68752722801347e-10
0.755898177623749,-5.81231462886813e-21,1.91896793594326e-11,-1.96743787928e-10
0.756410956382751,-8.06736417602673e-22,-2.63675387947304e-12,7.69974917158578e-11
0.756923794746399,6.60564505589505e-21,-2.96816737854755e-11,3.68751779111776e-10
0.757436633110046,-5.81429412700393e-21,1.91897730345003e-11,-1.9674480100651e-10
0.757949411869049,-8.03930546647885e-22,-2.63692214765021e-12,7.69994415450448e-11
0.758462250232697,6.60790364670823e-21,-2.96815974576425e-11,3.68750835422205e-10
0.758975088596344,-5.81649859564813e-21,1.91898649748445e-11,-1.96745800207232e-10
0.759487926959991,-8.07127692611663e-22,-2.63709063266782e-12,7.70013913742318e-11
0.760000705718994,6.61005803215128e-21,-2.96815245992565e-11,3.68749891732634e-10
0.760513544082642,-5.81183278000544e-21,1.91899586499122e-11,-1.96746799407954e-10
0.761026382446289,-8.07220891794449e-22,-2.63725911768542e-12,7.70033342645249e-11
0.761539161205292,6.60508606274673e-21,-2.96814482714236e-11,3.68748948043063e-10
0.762051999568939,-5.8132464187476e-21,1.91900523249799e-11,-1.96747812486464e-10
0.762564837932587,-8.02573857352199e-22,-2.63742738586259e-12,7.70052840937119e-11
0.763077676296234,6.60703648031412e-21,-2.96813719435907e-11,3.68748004353492e-10
0.763590455055237,-5.81732900743495e-21,1.91901460000476e-11,-1.96748811687186e-10
0.764103293418884,-8.06248005417258e-22,-2.63759587088019e-12,7.70072339228989e-11
0.764616131782532,6.60994292156799e-21,-2.96812956157577e-11,3.68747060663921e-10
0.765128910541534,-5.81400372521661e-21,1.91902379403919e-11,-1.96749824765696e-10
0.765641748905182,-8.07698853150592e-22,-2.6377643558978e-12,7.70091837520859e-11
0.766154587268829,6.60622020491472e-21,-2.96812227573717e-11,3.6874611697435e-10
0.766667366027832,-5.81278880369192e-21,1.91903316154596e-11,-1.96750823966418e-10
0.767180204391479,-8.03577389397836e-22,-2.63793262407497e-12,7.70111335812729e-11
0.767693042755127,6.6057759184529e-21,-2.96811464295388e-11,3.68745173284779e-10
0.768205881118774,-5.81694086262603e-21,1.91904252905273e-11,-1.96751837044928e-10
0.768718659877777,-8.04977295649354e-22,-2.63810110909257e-12,7.70130834104599e-11
0.769231021404266,1.76068398373981e-20,-2.96921168208009e-11,3.68871433398255e-10
