Time,U1,U2,U3
0.0,0.0,0.0,0.0
0.00833333004266024,-3.97276075086723e-20,-3.68359187596923e-09,-2.90529236224302e-08
0.0166666600853205,2.6180320671031e-19,-3.07850189784631e-09,-2.43056348381288e-08
0.0249999891966581,-4.29111161398941e-19,5.5659893360982e-10,4.41603686951453e-09
0.0333333201706409,5.7826030444353e-19,-3.66347929769972e-09,-2.89156094623877e-08
0.0416666492819786,-3.72910882070257e-19,-3.09399106335206e-09,-2.44112747793679e-08
0.0499999783933163,5.17436835123105e-19,5.6798199477015e-10,4.49352421938443e-09
0.0583333112299442,-1.79443805798732e-19,-3.67131680611976e-09,-2.89687722698773e-08
0.0666666403412819,7.25665854154435e-19,-3.08917624813887e-09,-2.43788509379783e-08
0.0749999731779099,-6.90206534149453e-19,5.65711699707094e-10,4.47855130758512e-09
0.0833332985639572,5.77210870740142e-19,-3.67116448352078e-09,-2.89683246279537e-08
0.0916666314005852,-3.30545844721376e-19,-3.08758774103524e-09,-2.43673632382979e-08
0.0999999567866325,4.03085164195879e-19,5.62716095942051e-10,4.45741799026678e-09
0.10833328962326,-8.31907742958615e-19,-3.66706176535558e-09,-2.89396098196448e-08
0.116666622459888,8.93463629012667e-19,-3.09252956576245e-09,-2.44018085737707e-08
0.124999947845936,-8.37785326499899e-19,5.68261160349692e-10,4.49596093687887e-09
0.133333280682564,3.10075838747074e-19,-3.6730138930352e-09,-2.8980897681663e-08
0.141666606068611,-4.4448338250505e-19,-3.08633452128504e-09,-2.4358900674315e-08
0.14999994635582,8.34848447584424e-20,5.619563703263e-10,4.45234471513345e-09
0.158333271741867,-4.89882466641987e-19,-3.66671715212874e-09,-2.89373875972387e-08
0.166666597127914,2.0779628724869e-19,-3.09252334851351e-09,-2.44016202799457e-08
0.174999937415123,-6.45608264243044e-19,5.67953295504964e-10,4.49368275923234e-09
0.18333326280117,-5.40138374057271e-20,-3.67246277832578e-09,-2.8976938182268e-08
0.191666588187218,-7.82044791570733e-20,-3.08707015506116e-09,-2.4364132045207e-08
0.199999913573265,-3.1202449532449e-19,5.62817736859955e-10,4.4584242964163e-09
0.208333253860474,-1.17916612572177e-19,-3.66766639281479e-09,-2.89440524881002e-08
0.216666579246521,2.30700388497704e-19,-3.09151060307045e-09,-2.4394527287086e-08
0.224999904632568,-3.85079781630769e-20,5.66891145137305e-10,4.48624870585945e-09
0.233333244919777,2.54985952455515e-20,-3.67137453771704e-09,-2.89693211641406e-08
0.241666570305824,-2.43359589672784e-20,-3.08815573113463e-09,-2.43717188652681e-08
0.249999895691872,-3.20222682375503e-19,5.63871394021476e-10,4.46577042012564e-09
0.25833323597908,1.21931954060663e-19,-3.66867425327655e-09,-2.89510602158316e-08
0.266666561365128,1.25946597615506e-19,-3.0905480397081e-09,-2.43878446326562e-08
0.274999886751175,-1.12670051515998e-19,5.65968771848446e-10,4.47984360718579e-09
0.283333212137222,7.33476235669828e-20,-3.67049590721535e-09,-2.89632158256836e-08
0.29166653752327,2.71876786693391e-20,-3.08897640799444e-09,-2.43774174180089e-08
0.299999892711639,-2.74390801832442e-19,5.64620128429283e-10,4.47095160893696e-09
0.308333218097687,8.22783113621543e-20,-3.66934882478631e-09,-2.89557071653235e-08
0.316666543483734,1.73819727265801e-20,-3.08993675091074e-09,-2.43836417723742e-08
0.324999868869781,-4.36576072223971e-20,5.65406998997986e-10,4.47597914288167e-09
0.333333194255829,1.47927439285114e-20,-3.6699796535089e-09,-2.8959661335648e-08
0.341666519641876,2.39441180181158e-19,-3.08943870486189e-09,-2.43805970967514e-08
0.349999874830246,-1.88121395713507e-19,5.65019586673543e-10,4.47368320166674e-09
0.358333200216293,5.45091021039705e-21,-3.66968677667501e-09,-2.89579968892895e-08
0.366666525602341,1.16262876579292e-20,-3.08964587247829e-09,-2.43816806744235e-08
0.374999850988388,-1.22805973775402e-19,5.65147817432887e-10,4.47423031957328e-09
0.383333176374435,-8.08056988428497e-21,-3.66974650667373e-09,-2.89580803780609e-08
0.391666501760483,1.13588971628362e-19,-3.08963832296172e-09,-2.43819453515925e-08
0.39999982714653,-1.68867487411326e-19,5.65177404876493e-10,4.47472991993436e-09
0.4083331823349,4.18215473746907e-20,-3.6698037941818e-09,-2.89587500645894e-08
0.416666507720947,1.5540496784566e-19,-3.08955527827948e-09,-2.43811140165917e-08
0.424999833106995,-1.40195132633553e-19,5.65069102620441e-10,4.47373382783667e-09
0.433333158493042,5.26331275605341e-20,-3.66967456422174e-09,-2.89576185252827e-08
0.441666483879089,1.13783449545191e-19,-3.08969494433597e-09,-2.43823041756741e-08
0.449999809265137,-1.41592382859823e-19,5.652092682773e-10,4.47490844379672e-09
0.458333164453506,2.92306693795031e-20,-3.66981089960916e-09,-2.89587465118757e-08
0.466666489839554,1.65056898973841e-19,-3.08955994121618e-09,-2.438119928172e-08
0.474999815225601,-1.71812586434138e-19,5.65071711644549e-10,4.47379333579079e-09
0.483333140611649,1.69825478882936e-20,-3.66967167764187e-09,-2.895762563071e-08
0.491666465997696,1.06102560569753e-19,-3.08969405615755e-09,-2.4382272201251e-08
0.499999791383743,-1.56663174180839e-19,5.65193558621502e-10,4.47476722342799e-09
0.508333146572113,-3.69489664672325e-21,-3.66977936927526e-09,-2.89584853874203e-08
0.51666647195816,1.10990176938873e-19,-3.08959502426376e-09,-2.43814834988143e-08
0.524999797344208,-1.53942680543728e-19,5.6509791290793e-10,4.47400516634389e-09
0.533333122730255,3.62709392822611e-20,-3.66968611054119e-09,-2.89577428702614e-08
0.541666448116302,1.15825331962581e-19,-3.08968073348126e-09,-2.43821673961975e-08
0.54999977350235,-1.4024073096482e-19,5.65170188426833e-10,4.47458337049511e-09
0.558333098888397,2.04643594972695e-20,-3.66974428622768e-09,-2.89582100521102e-08
0.566666424274445,1.19087460879852e-19,-3.08963077344515e-09,-2.43817641631949e-08
0.574999749660492,-1.53269032407684e-19,5.6512222679217e-10,4.47419434834728e-09
0.583333075046539,2.45290684818054e-20,-3.66969654663762e-09,-2.89578228063192e-08
0.591666400432587,1.19484236155239e-19,-3.08967296192009e-09,-2.43821105527786e-08
0.599999785423279,-1.46450065630526e-19,5.65153590592615e-10,4.47445547280267e-09
0.608333110809326,2.19047879052798e-20,-3.66971653065207e-09,-2.89579933365758e-08
0.616666436195374,1.12811421852562e-19,-3.08965852902077e-09,-2.43819791023725e-08
0.624999761581421,-1.47565777180495e-19,5.65137936447968e-10,4.47431602879078e-09
0.633333086967468,2.98742579013348e-20,-3.66969832299446e-09,-2.89578334644602e-08
0.641666412353516,1.18196690757709e-19,-3.08967407214311e-09,-2.43821194345628e-08
0.649999737739563,-1.46565521949463e-19,5.65145652497989e-10,4.4743933003133e-09
0.65833306312561,2.86319489435538e-20,-3.66969743481604e-09,-2.89578423462444e-08
0.666666388511658,1.18845717345833e-19,-3.0896778469014e-09,-2.43821336454175e-08
0.674999713897705,-1.41650440599067e-19,5.65145985564897e-10,4.47438042172621e-09
0.683333039283752,2.30634336833322e-20,-3.66969299392395e-09,-2.89577926082529e-08
0.6916663646698,1.18348801517539e-19,-3.08968184370428e-09,-2.43821798306953e-08
0.699999749660492,-1.45886070624433e-19,5.6514387614115e-10,4.47437820128016e-09
0.708333075046539,2.70785829169488e-20,-3.66968366805054e-09,-2.89577339884772e-08
0.716666400432587,1.18875818965312e-19,-3.08969227980072e-09,-2.43822491086121e-08
0.724999725818634,-1.44815647213001e-19,5.65149482767424e-10,4.47440973161406e-09
0.733333051204681,2.57090270853281e-20,-3.66968344600593e-09,-2.89577180012657e-08
0.741666376590729,1.1935091790495e-19,-3.08969339002374e-09,-2.43822686485373e-08
0.749999701976776,-1.43913955721833e-19,5.65145208408779e-10,4.47438708306436e-09
0.758333027362823,2.72959747060982e-20,-3.6696727878649e-09,-2.89576469469921e-08
0.766666352748871,1.18306524833419e-19,-3.08970449225399e-09,-2.43823468082383e-08
0.774999678134918,-1.45393704289508e-19,5.65150981568507e-10,4.47442305429036e-09
0.783333003520966,2.72344725350852e-20,-3.66967212173108e-09,-2.89576327361374e-08
0.791666328907013,1.17293487076983e-19,-3.08970604656622e-09,-2.43823681245203e-08
0.79999965429306,-1.44783955855782e-19,5.65147761921736e-10,4.47440484663275e-09
0.808333039283752,2.62814893835902e-20,-3.66966301790228e-09,-2.89575652345775e-08
0.8166663646698,1.19124774480296e-19,-3.08971581652884e-09,-2.43824374024371e-08
0.824999690055847,-1.45205158808634e-19,5.65151925258078e-10,4.47443238016376e-09
0.833333015441895,2.68174798023047e-20,-3.66966057541163e-09,-2.89575421419386e-08
0.841666340827942,1.18302337231568e-19,-3.08971914719791e-09,-2.43824693768602e-08
0.849999666213989,-1.45388715356438e-19,5.65150370945844e-10,4.47442438655798e-09
0.858332991600037,2.60300668670525e-20,-3.66965302589506e-09,-2.89574870748766e-08
0.866666316986084,1.18487302571353e-19,-3.08972714080369e-09,-2.43825279966359e-08
0.874999642372131,-1.44847829708708e-19,5.65152979969952e-10,4.47444170603717e-09
0.883332967758179,2.6455421878838e-20,-3.66964925113678e-09,-2.89574533240966e-08
0.891666293144226,1.18460806942358e-19,-3.089732025785e-09,-2.43825688528432e-08
0.899999618530273,-1.44719099725879e-19,5.65152757925347e-10,4.47444215012638e-09
0.908332943916321,2.60009475245512e-20,-3.66964281184323e-09,-2.89574053624619e-08
0.916666328907013,1.18818743503046e-19,-3.08973890916775e-09,-2.43826221435484e-08
0.92499965429306,-1.44796906402248e-19,5.65154312237581e-10,4.47445325235662e-09
0.933332979679108,2.61598631373894e-20,-3.66963792686192e-09,-2.89573662826115e-08
0.941666305065155,1.18632033329156e-19,-3.08974446028287e-09,-2.43826683288262e-08
0.949999630451202,-1.45167405768489e-19,5.65154922860245e-10,4.47445858142714e-09
0.95833295583725,2.61587952342939e-20,-3.6696323757468e-09,-2.89573218736905e-08
0.966666281223297,1.18655026365246e-19,-3.08975067753181e-09,-2.43827162904608e-08
0.974999606609344,-1.44978020182306e-19,5.65155922060967e-10,4.4744656868545e-09
0.983332931995392,2.6147188856324e-20,-3.66962704667628e-09,-2.89572810174832e-08
0.991666257381439,1.18789986052062e-19,-3.08975689478075e-09,-2.43827642520955e-08
0.999999582767487,-1.44975654962742e-19,5.65156810239387e-10,4.47447323637107e-09
1.00833296775818,2.63205251999193e-20,-3.66962171760576e-09,-2.8957238384919e-08
1.01666629314423,1.18671634600982e-19,-3.08976288998508e-09,-2.43828122137302e-08
1.02499961853027,-1.45016626252457e-19,5.65157642906655e-10,4.47447989770922e-09
1.03333294391632,2.62452016809759e-20,-3.66961638853525e-09,-2.89571957523549e-08
1.04166626930237,1.18660286716954e-19,-3.08976910723402e-09,-2.43828601753648e-08
1.04999959468842,-1.45013847442587e-19,5.65158642107377e-10,4.47448789131499e-09
1.05833292007446,2.62549775987231e-20,-3.66961105946473e-09,-2.89571531197907e-08
1.06666624546051,1.18737653953621e-19,-3.08977510243835e-09,-2.43829081369995e-08
1.07499957084656,-1.4499009184937e-19,5.65159419263495e-10,4.47449410856393e-09
1.0833328962326,2.62228274147586e-20,-3.66960573039421e-09,-2.89571104872266e-08
1.09166622161865,1.18705574855491e-19,-3.08978109764269e-09,-2.43829560986342e-08
1.0999995470047,-1.45040704963101e-19,5.65160418464217e-10,4.4745016580805e-09
1.10833287239075,2.6250463648271e-20,-3.66960040132369e-09,-2.89570696310193e-08
1.11666619777679,1.18657805175116e-19,-3.08978731489162e-09,-2.43830040602688e-08
1.12499952316284,-1.45022662085989e-19,5.65161251131485e-10,4.47450831941865e-09
1.13333284854889,2.62484199305466e-20,-3.66959485020857e-09,-2.89570269984551e-08
1.14166617393494,1.18690259089462e-19,-3.08979331009596e-09,-2.43830520219035e-08
1.14999949932098,-1.45039593439152e-19,5.65162194821056e-10,4.47451586893521e-09
1.15833282470703,2.62839321513367e-20,-3.66958952113805e-09,-2.8956984365891e-08
1.16666615009308,1.18669036736871e-19,-3.08979930530029e-09,-2.43830999835382e-08
1.17499947547913,-1.45020374414608e-19,5.65163082999476e-10,4.47452253027336e-09
1.18333280086517,2.62408816009798e-20,-3.66958419206753e-09,-2.89569417333269e-08
1.19166624546051,1.18703132087744e-19,-3.08980552254923e-09,-2.43831497215297e-08
1.19999957084656,-1.44953670053024e-19,5.65163971177896e-10,4.47453007978993e-09
1.2083328962326,2.62456572765476e-20,-3.66957886299701e-09,-2.89568991007627e-08
1.21666622161865,1.18709930478404e-19,-3.08981151775356e-09,-2.43831959068075e-08
1.2249995470047,-1.45012891015003e-19,5.65164859356315e-10,4.47453674112808e-09
1.23333287239075,2.6261288082068e-20,-3.6695735339265e-09,-2.89568564681986e-08
1.24166619777679,1.18696682663906e-19,-3.0898177350025e-09,-2.4383245644799e-08
1.24999952316284,-1.44964927464172e-19,5.65165803045886e-10,4.47454384655543e-09
1.25833284854889,2.6228310717491e-20,-3.66956820485598e-09,-2.89568156119913e-08
1.26666617393494,1.18733298330708e-19,-3.08982373020683e-09,-2.43832936064337e-08
1.27499949932098,-1.45025764013286e-19,5.65166691224306e-10,4.47455095198279e-09
1.28333282470703,2.62671752815839e-20,-3.66956287578546e-09,-2.89567729794271e-08
1.29166615009308,1.18711197098717e-19,-3.08982994745577e-09,-2.43833415680683e-08
1.29999947547913,-1.45000871046727e-19,5.65167579402726e-10,4.47455805741015e-09
1.30833280086517,2.6260502906721e-20,-3.66955754671494e-09,-2.8956730346863e-08
1.31666612625122,1.18649985733388e-19,-3.0898359426601e-09,-2.4383389529703e-08
1.32499945163727,-1.44973742107575e-19,5.65168467581145e-10,4.47456516283751e-09
1.33333277702332,2.62358409691221e-20,-3.66955199559982e-09,-2.89566877142988e-08
1.34166610240936,1.18707151668534e-19,-3.08984193786443e-09,-2.43834374913376e-08
1.34999942779541,-1.44983112512952e-19,5.65169355759565e-10,4.47457226826486e-09
1.35833275318146,2.62498384160501e-20,-3.6695466665293e-09,-2.89566450817347e-08
1.3666660785675,1.18697264275274e-19,-3.08984815511337e-09,-2.43834854529723e-08
1.37499940395355,-1.44993012830908e-19,5.65170243937985e-10,4.47457937369222e-09
1.3833327293396,2.62603558882918e-20,-3.66954133745878e-09,-2.89566024491705e-08
1.39166605472565,1.18722196015924e-19,-3.08985415031771e-09,-2.4383533414607e-08
1.39999949932098,-1.45021136971735e-19,5.65171187627556e-10,4.47458647911958e-09
1.40833282470703,2.62544880758215e-20,-3.66953600838826e-09,-2.89565615929632e-08
1.41666615009308,1.1867071694749e-19,-3.08986036756664e-09,-2.43835813762416e-08
1.42499947547913,-1.44980643895811e-19,5.65172075805975e-10,4.47459358454694e-09
1.43333280086517,2.62716149150279e-20,-3.66953067931775e-09,-2.89565189603991e-08
1.44166612625122,1.1870875433097e-19,-3.08986636277098e-09,-2.43836293378763e-08
1.44999945163727,-1.44975370619406e-19,5.65172963984395e-10,4.4746006899743e-09
1.45833277702332,2.62594624686067e-20,-3.66952535024723e-09,-2.89564763278349e-08
1.46666610240936,1.18730131779926e-19,-3.08987235797531e-09,-2.4383677299511e-08
1.47499942779541,-1.44973406065451e-19,5.65173852162815e-10,4.47460779540165e-09
1.48333275318146,2.62681462494514e-20,-3.66952002117671e-09,-2.89564336952708e-08
1.4916660785675,1.18721368835312e-19,-3.08987857522425e-09,-2.43837252611456e-08
1.49999940395355,-1.44994266526524e-19,5.65174740341234e-10,4.47461490082901e-09
1.5083327293396,2.6278747732224e-20,-3.66951447006159e-09,-2.89563910627066e-08
1.51666605472565,1.18699190055138e-19,-3.08988457042858e-09,-2.43837732227803e-08
1.52499938011169,-1.45026500721019e-19,5.65175684030805e-10,4.47462200625637e-09
1.53333270549774,2.6252021074268e-20,-3.66950914099107e-09,-2.89563484301425e-08
1.54166603088379,1.18701645747581e-19,-3.08989078767752e-09,-2.4383821184415e-08
1.54999935626984,-1.45009142852853e-19,5.65176572209225e-10,4.47462911168373e-09
1.55833268165588,2.62620199430397e-20,-3.66950381192055e-09,-2.89563075739352e-08
1.56666600704193,1.18676132395563e-19,-3.08989678288185e-09,-2.43838691460496e-08
1.57499933242798,-1.45021537637344e-19,5.65177460387645e-10,4.47463621711108e-09
1.58333265781403,2.62639602631875e-20,-3.66949848285003e-09,-2.8956264941371e-08
1.59166598320007,1.18685580349122e-19,-3.08990300013079e-09,-2.43839171076843e-08
1.59999930858612,-1.45033893647744e-19,5.65178348566064e-10,4.47464332253844e-09
1.60833263397217,2.62454149384775e-20,-3.66949315377951e-09,-2.89562223088069e-08
1.6166660785675,1.18691719580231e-19,-3.08990899533512e-09,-2.43839650693189e-08
1.62499940395355,-1.45012593746971e-19,5.65179236744484e-10,4.4746504279658e-09
1.6333327293396,2.62304901445346e-20,-3.66948782470899e-09,-2.89561796762428e-08
1.64166605472565,1.18665094704264e-19,-3.08991499053946e-09,-2.43840130309536e-08
1.64999938011169,-1.45017130315643e-19,5.65180180434055e-10,4.47465753339316e-09
1.65833270549774,2.62336453862071e-20,-3.66948249563848e-09,-2.89561370436786e-08
1.66666603088379,1.18694278670251e-19,-3.08992120778839e-09,-2.43840609925883e-08
1.67499935626984,-1.4502588033556e-19,5.65181068612475e-10,4.47466463882051e-09
1.68333268165588,2.62386165478181e-20,-3.66947694452335e-09,-2.89560944111145e-08
1.69166600704193,1.18683628719864e-19,-3.08992720299273e-09,-2.43841107305798e-08
1.69999933242798,-1.45042217152658e-19,5.65181956790894e-10,4.47467174424787e-09
1.70833265781403,2.62367360043943e-20,-3.66947161545284e-09,-2.89560535549072e-08
1.71666598320007,1.18656409307832e-19,-3.08993342024166e-09,-2.43841586922144e-08
1.72499930858612,-1.4501215430727e-19,5.65182844969314e-10,4.47467884967523e-09
1.73333263397217,2.62147624037862e-20,-3.66946628638232e-09,-2.8956010922343e-08
1.74166595935822,1.18658283388908e-19,-3.089939415446e-09,-2.43842066538491e-08
1.74999928474426,-1.45019211191871e-19,5.65183733147734e-10,4.47468595510259e-09
1.75833261013031,2.62126653716864e-20,-3.6694609573118e-09,-2.89559682897789e-08
1.76666593551636,1.18673676703119e-19,-3.08994541065033e-09,-2.43842546154838e-08
1.7749992609024,-1.45039761460214e-19,5.65184621326154e-10,4.47469306052994e-09
1.78333258628845,2.62026293444107e-20,-3.66945562824128e-09,-2.89559256572147e-08
1.7916659116745,1.18656809973441e-19,-3.08995162789927e-09,-2.43843025771184e-08
1.79999923706055,-1.45027495922694e-19,5.65185565015724e-10,4.47469972186809e-09
1.80833256244659,2.62151194485428e-20,-3.66945029917076e-09,-2.89558830246506e-08
1.81666588783264,1.18657650078751e-19,-3.0899576231036e-09,-2.43843505387531e-08
1.82499921321869,-1.45047619676034e-19,5.65186453194144e-10,4.47470682729545e-09
1.83333265781403,2.62090092980024e-20,-3.66944474805564e-09,-2.89558403920864e-08
1.84166598320007,1.18665094704264e-19,-3.08996384035254e-09,-2.43843985003878e-08
1.84999930858612,-1.45039813159003e-19,5.65187341372564e-10,4.47471393272281e-09
1.85833263397217,2.62182165290785e-20,-3.66943941898512e-09,-2.89557995358791e-08
1.86666595935822,1.18675912675713e-19,-3.08996983555687e-09,-2.43844464620224e-08
1.87499928474426,-1.45013692346222e-19,5.65188229550984e-10,4.47472103815016e-09
1.88333261013031,2.62094325818315e-20,-3.6694340899146e-09,-2.8955756903315e-08
1.89166593551636,1.1862279217075e-19,-3.08997605280581e-09,-2.43844944236571e-08
1.8999992609024,-1.45079802171741e-19,5.65189117729403e-10,4.47472814357752e-09
1.90833258628845,2.62110772495338e-20,-3.66942876084408e-09,-2.89557142707508e-08
1.9166659116745,1.18639697674519e-19,-3.08998204801014e-09,-2.43845423852918e-08
1.92499923706055,-1.45027922437697e-19,5.65190061418974e-10,4.47473524900488e-09
1.93333256244659,2.62026228820621e-20,-3.66942343177357e-09,-2.89556716381867e-08
1.94166588783264,1.18613628560527e-19,-3.08998804321448e-09,-2.43845903469264e-08
1.94999921321869,-1.45015618126086e-19,5.65190949597394e-10,4.47474235443224e-09
1.95833253860474,2.61731707286113e-20,-3.66941810270305e-09,-2.89556290056225e-08
1.96666586399078,1.18663052602127e-19,-3.08999426046341e-09,-2.43846383085611e-08
1.97499918937683,-1.45093515275333e-19,5.65191837775814e-10,4.47474945985959e-09
1.98333251476288,2.61945352528699e-20,-3.66941277363253e-09,-2.89555863730584e-08
1.99166584014893,1.18627302890028e-19,-3.09000025566775e-09,-2.43846862701957e-08
1.99999916553497,-1.45040821285374e-19,5.65192725954233e-10,4.47475656528695e-09
2.00833249092102,2.6202874913655e-20,-3.66940722251741e-09,-2.89555455168511e-08
2.01666593551636,1.18639154837242e-19,-3.09000647291668e-09,-2.43847342318304e-08
2.02499914169312,-1.44996153532296e-19,5.65193614132653e-10,4.47476367071431e-09
2.03333258628845,2.61899486009967e-20,-3.66940189344689e-09,-2.89555028842869e-08
2.04166579246521,1.18687493204288e-19,-3.09001246812102e-09,-2.43847821934651e-08
2.04999923706055,-1.45019301664751e-19,5.65194502311073e-10,4.47477077614167e-09
2.0583324432373,2.62074712590509e-20,-3.66939656437637e-09,-2.89554602517228e-08
2.06666588783264,1.18641364960441e-19,-3.09001846332535e-09,-2.43848301550997e-08
2.0749990940094,-1.4503620716852e-19,5.65195446000644e-10,4.47477788156903e-09
2.08333253860474,2.6206844411243e-20,-3.66939123530585e-09,-2.89554176191587e-08
2.09166574478149,1.18650993859759e-19,-3.09002468057429e-09,-2.43848781167344e-08
2.09999918937683,-1.4500416684448e-19,5.65196334179063e-10,4.47478498699638e-09
2.10833239555359,2.62058007419545e-20,-3.66938590623533e-09,-2.89553749865945e-08
2.11666584014893,1.18667899363528e-19,-3.09003067577862e-09,-2.43849260783691e-08
2.12499904632568,-1.4503739624065e-19,5.65197222357483e-10,4.47479209242374e-09
2.13333249092102,2.62134650873177e-20,-3.66938057716482e-09,-2.89553341303872e-08
2.14166569709778,1.1864940412202e-19,-3.09003689302756e-09,-2.43849740400037e-08
2.14999914169312,-1.45059096807033e-19,5.65198110535903e-10,4.4747991978511e-09
2.15833258628845,2.62253881203658e-20,-3.6693752480943e-09,-2.89552914978231e-08
2.16666579246521,1.1864759466443e-19,-3.09004288823189e-09,-2.43850237779952e-08
2.17499923706055,-1.45012257704847e-19,5.65198998714322e-10,4.47480630327846e-09
2.1833324432373,2.62128495486197e-20,-3.66936969697917e-09,-2.89552488652589e-08
2.19166588783264,1.18680643114841e-19,-3.09004888343622e-09,-2.43850717396299e-08
2.1999990940094,-1.45050269238933e-19,5.65199942403893e-10,4.47481340870581e-09
2.20833253860474,2.62247887375391e-20,-3.66936436790866e-09,-2.89552062326948e-08
2.21666574478149,1.18702291982435e-19,-3.09005510068516e-09,-2.43851197012646e-08
2.22499918937683,-1.44979700392925e-19,5.65200830582313e-10,4.47482051413317e-09
2.23333239555359,2.62185105659368e-20,-3.66935903883814e-09,-2.89551636001306e-08
2.24166584014893,1.18674723603582e-19,-3.0900610958895e-09,-2.43851676628992e-08
2.24999904632568,-1.4497252718605e-19,5.65201718760733e-10,4.47482761956053e-09
2.25833249092102,2.62220406238244e-20,-3.66935370976762e-09,-2.89551209675665e-08
2.26666569709778,1.18691189667651e-19,-3.09006731313843e-09,-2.43852156245339e-08
2.27499914169312,-1.45033195714102e-19,5.65202606939152e-10,4.47483472498789e-09
2.28333234786987,2.623030112084e-20,-3.6693483806971e-09,-2.89550801113592e-08
2.29166579246521,1.18676158244957e-19,-3.09007330834277e-09,-2.43852635861685e-08
2.29999899864197,-1.44994434547586e-19,5.65203495117572e-10,4.47484183041524e-09
2.3083324432373,2.62333158064318e-20,-3.66934305162658e-09,-2.8955037478795e-08
2.31666564941406,1.18693373941456e-19,-3.0900795255917e-09,-2.43853115478032e-08
2.3249990940094,-1.45000690100968e-19,5.65204383295992e-10,4.4748489358426e-09
2.33333230018616,2.62298584499653e-20,-3.66933772255607e-09,-2.89549948462309e-08
2.34166574478149,1.18709529812795e-19,-3.09008552079604e-09,-2.43853595094379e-08
2.34999895095825,-1.44994705966224e-19,5.65205326985563e-10,4.47485559718075e-09
2.35833239555359,2.62357230312613e-20,-3.66933217144094e-09,-2.89549522136667e-08
2.36666560173035,1.18722131392439e-19,-3.09009151600037e-09,-2.43854074710725e-08
2.37499904632568,-1.45023204923266e-19,5.65206215163983e-10,4.47486270260811e-09
2.38333249092102,2.62423501696846e-20,-3.66932684237042e-09,-2.89549095811026e-08
2.39166569709778,1.18725944178075e-19,-3.09009773324931e-09,-2.43854554327072e-08
2.39999914169312,-1.44988605509207e-19,5.65207103342402e-10,4.47486980803546e-09
2.40833234786987,2.62328585952729e-20,-3.66932151329991e-09,-2.89548669485384e-08
2.41666579246521,1.18708961126123e-19,-3.09010372845364e-09,-2.43855033943419e-08
2.42499899864197,-1.44969102141326e-19,5.65207991520822e-10,4.47487691346282e-09
2.4333324432373,2.62511147298859e-20,-3.66931618422939e-09,-2.89548260923311e-08
2.44166564941406,1.18710020951283e-19,-3.09010994570258e-09,-2.43855513559765e-08
2.4499990940094,-1.44999604426414e-19,5.65208879699242e-10,4.47488401889018e-09
2.45833230018616,2.62541116440193e-20,-3.66931085515887e-09,-2.8954783459767e-08
2.46666574478149,1.18750617424784e-19,-3.09011594090691e-09,-2.43855993176112e-08
2.47499895095825,-1.44939259015789e-19,5.65209823388813e-10,4.47489112431754e-09
2.48333239555359,2.6243019022758e-20,-3.66930552608835e-09,-2.89547408272028e-08
2.49166560173035,1.18730493671444e-19,-3.09012193611125e-09,-2.43856472792459e-08
2.49999904632568,-1.44954006095147e-19,5.65210711567232e-10,4.47489822974489e-09
2.50833225250244,2.62522569499896e-20,-3.66930019701783e-09,-2.89546981946387e-08
2.51666569709778,1.18704799373667e-19,-3.09012815336018e-09,-2.43856952408805e-08
2.52499890327454,-1.4499212102681e-19,5.65211599745652e-10,4.47490533517225e-09
2.53333234786987,2.62450191196297e-20,-3.66929464590271e-09,-2.89546555620745e-08
2.54166555404663,1.18709607360977e-19,-3.09013414856452e-09,-2.43857432025152e-08
2.54999899864197,-1.44945824761901e-19,5.65212487924072e-10,4.47491244059961e-09
2.55833220481873,2.62522763370352e-20,-3.66928931683219e-09,-2.89546129295104e-08
2.56666564941406,1.18706686379439e-19,-3.09014036581345e-09,-2.43857911641499e-08
2.57499885559082,-1.44995171255319e-19,5.65213376102491e-10,4.47491954602697e-09
2.58333230018616,2.62514491564226e-20,-3.66928398776167e-09,-2.89545720733031e-08
2.59166574478149,1.18728477418701e-19,-3.09014636101779e-09,-2.43858391257845e-08
2.59999895095825,-1.44944907108409e-19,5.65214264280911e-10,4.47492665145433e-09
2.60833239555359,2.62541843454403e-20,-3.66927865869116e-09,-2.8954529440739e-08
2.61666560173035,1.18684029385473e-19,-3.09015257826672e-09,-2.43858870874192e-08
2.62499904632568,-1.4494481663553e-19,5.65215207970482e-10,4.47493375688168e-09
2.63333225250244,2.62376488111249e-20,-3.66927332962064e-09,-2.89544868081748e-08
2.64166569709778,1.18702033488493e-19,-3.09015857347106e-09,-2.43859368254107e-08
2.64999890327454,-1.44966633524186e-19,5.65216096148902e-10,4.47494086230904e-09
2.65833234786987,2.62357747300496e-20,-3.66926800055012e-09,-2.89544441756107e-08
2.66666555404663,1.18717943790588e-19,-3.09016456867539e-09,-2.43859847870453e-08
2.67499899864197,-1.45002150591737e-19,5.65216984327321e-10,4.4749479677364e-09
2.68333220481873,2.62621378809005e-20,-3.6692626714796e-09,-2.89544015430465e-08
2.69166564941406,1.1871299363161e-19,-3.09017078592433e-09,-2.438603274868e-08
2.69999885559082,-1.45043005559179e-19,5.65217872505741e-10,4.47495507316376e-09
2.70833230018616,2.62573848235526e-20,-3.66925712036448e-09,-2.89543589104824e-08
2.71666550636292,1.18731088207509e-19,-3.09017678112866e-09,-2.43860807103147e-08
2.72499895095825,-1.44949611698143e-19,5.65218760684161e-10,4.47496217859111e-09
2.73333215713501,2.6269227077244e-20,-3.66925179129396e-09,-2.89543180542751e-08
2.74166560173035,1.18765713470963e-19,-3.0901829983776e-09,-2.43861286719493e-08
2.7499988079071,-1.44931568821032e-19,5.6521964886258e-10,4.47496928401847e-09
2.75833225250244,2.62530679747308e-20,-3.66924646222344e-09,-2.89542754217109e-08
2.7666654586792,1.18747593045669e-19,-3.09018899358193e-09,-2.4386176633584e-08
2.77499890327454,-1.44983022040072e-19,5.65220592552151e-10,4.47497638944583e-09
2.78333210945129,2.62484377020051e-20,-3.66924113315292e-09,-2.89542327891468e-08
2.79166555404663,1.18736451956794e-19,-3.09019498878627e-09,-2.43862245952187e-08
2.79999899864197,-1.44942438491269e-19,5.65221480730571e-10,4.47498349487319e-09
2.80833220481873,2.62618196102351e-20,-3.6692358040824e-09,-2.89541901565826e-08
2.81666564941406,1.18731463023724e-19,-3.0902012060352e-09,-2.43862725568533e-08
2.82499885559082,-1.44955298564854e-19,5.65222368908991e-10,4.47499060030054e-09
2.83333230018616,2.62666243663713e-20,-3.66923047501189e-09,-2.89541475240185e-08
2.84166550636292,1.1874719238006e-19,-3.09020720123954e-09,-2.4386320518488e-08
2.84999895095825,-1.45007010277836e-19,5.65223257087411e-10,4.47499726163869e-09
2.85833215713501,2.62619860157099e-20,-3.66922514594137e-09,-2.89541048914543e-08
2.86666560173035,1.18751612626458e-19,-3.09021341848847e-09,-2.43863684801227e-08
2.8749988079071,-1.4493982770246e-19,5.6522414526583e-10,4.47500436706605e-09
2.88333225250244,2.62644303990435e-20,-3.66921959482625e-09,-2.8954064035247e-08
2.8916654586792,1.18763063908063e-19,-3.09021941369281e-09,-2.43864164417573e-08
2.89999890327454,-1.44958646061396e-19,5.6522503344425e-10,4.47501147249341e-09
2.90833210945129,2.62603203453748e-20,-3.66921426575573e-09,-2.89540214026829e-08
2.91666555404663,1.1877499340346e-19,-3.09022540889714e-09,-2.4386464403392e-08
2.92499876022339,-1.44992922358029e-19,5.65225977133821e-10,4.47501857792076e-09
2.93333220481873,2.62716229929636e-20,-3.66920893668521e-09,-2.89539787701187e-08
2.94166541099548,1.1870937471643e-19,-3.09023162614608e-09,-2.43865123650266e-08
2.94999885559082,-1.44927458767363e-19,5.65226865312241e-10,4.47502568334812e-09
2.95833206176758,2.62329119096484e-20,-3.66920360761469e-09,-2.89539361375546e-08
2.96666550636292,1.18742125898808e-19,-3.09023762135041e-09,-2.43865603266613e-08
2.97499871253967,-1.44953799299994e-19,5.6522775349066e-10,4.47503278877548e-09
2.98333215713501,2.62420674419361e-20,-3.66919827854417e-09,-2.89538935049904e-08
2.99166536331177,1.1872984743659e-19,-3.09024383859935e-09,-2.4386608288296e-08
2.9999988079071,-1.44970924523614e-19,5.6522864166908e-10,4.47503989420284e-09
3.00833201408386,2.62522181758984e-20,-3.66919294947365e-09,-2.89538508724263e-08
3.0166654586792,1.18721782425618e-19,-3.09024983380368e-09,-2.43866562499306e-08
3.02499890327454,-1.44965237656902e-19,5.652295298475e-10,4.47504699963019e-09
3.03333210945129,2.62540195555527e-20,-3.66918739835853e-09,-2.8953810016219e-08
3.04166555404663,1.187156819686e-19,-3.09025605105262e-09,-2.43867042115653e-08
3.04999876022339,-1.45004968175699e-19,5.65230418025919e-10,4.47505410505755e-09
3.05833220481873,2.62502439284208e-20,-3.66918206928801e-09,-2.89537673836548e-08
3.06666541099548,1.18710046800677e-19,-3.09026204625695e-09,-2.43867521732e-08
3.07499885559082,-1.44941133096865e-19,5.6523136171549e-10,4.47506121048491e-09
3.08333206176758,2.62614027887545e-20,-3.66917674021749e-09,-2.89537247510907e-08
3.09166550636292,1.18726267295502e-19,-3.09026804146129e-09,-2.43868001348346e-08
3.09999871253967,-1.44960067778074e-19,5.6523224989391e-10,4.47506831591227e-09
3.10833215713501,2.62581279936341e-20,-3.66917141114698e-09,-2.89536821185266e-08
3.11666536331177,1.18762456447301e-19,-3.09027425871022e-09,-2.43868480964693e-08
3.1249988079071,-1.44960339196712e-19,5.6523313807233e-10,4.47507542133962e-09
3.13333201408386,2.62553314123054e-20,-3.66916608207646e-09,-2.89536394859624e-08
3.1416654586792,1.1872587955459e-19,-3.09028025391456e-09,-2.43868978344608e-08
3.14999866485596,-1.44967085888583e-19,5.65234026250749e-10,4.47508252676698e-09
3.15833210945129,2.62580359051675e-20,-3.66916075300594e-09,-2.89535968533983e-08
3.16666531562805,1.18736568279067e-19,-3.09028647116349e-09,-2.43869457960955e-08
3.17499876022339,-1.44967047114492e-19,5.65234914429169e-10,4.47508963219434e-09
3.18333196640015,2.62737717238516e-20,-3.66915542393542e-09,-2.8953555997191e-08
3.19166541099548,1.18754766252544e-19,-3.09029246636783e-09,-2.43869937577301e-08
3.19999861717224,-1.4495823247109e-19,5.65235802607589e-10,4.4750967376217e-09
3.20833206176758,2.62491937967837e-20,-3.6691498728203e-09,-2.89535133646268e-08
3.21666526794434,1.18717969639982e-19,-3.09029846157216e-09,-2.43870417193648e-08
3.22499871253967,-1.44972811529386e-19,5.6523674629716e-10,4.47510384304906e-09
3.23333215713501,2.62578032606202e-20,-3.66914454374978e-09,-2.89534707320627e-08
3.24166536331177,1.18740019173185e-19,-3.0903046788211e-09,-2.43870896809995e-08
3.2499988079071,-1.44928402270249e-19,5.65237634475579e-10,4.47511094847641e-09
3.25833201408386,2.6272834683314e-20,-3.66913921467926e-09,-2.89534280994985e-08
3.2666654586792,1.18753525481625e-19,-3.09031067402543e-09,-2.43871376426341e-08
3.27499866485596,-1.44983719973714e-19,5.65238522653999e-10,4.47511805390377e-09
3.28333210945129,2.62657374090348e-20,-3.66913388560874e-09,-2.89533854669344e-08
3.29166531562805,1.1877159420813e-19,-3.09031689127437e-09,-2.43871856042688e-08
3.29999876022339,-1.44926838381904e-19,5.65239410832419e-10,4.47512471524192e-09
3.30833196640015,2.62695631193678e-20,-3.66912855653823e-09,-2.89533428343702e-08
3.31666541099548,1.18741725233199e-19,-3.0903228864787e-09,-2.43872335659034e-08
3.32499861717224,-1.44965276430993e-19,5.65240299010838e-10,4.47513182066928e-09
3.33333206176758,2.62755149423691e-20,-3.66912322746771e-09,-2.89533019781629e-08
3.34166526794434,1.18765041386715e-19,-3.09032888168304e-09,-2.43872815275381e-08
3.34999871253967,-1.44938134567144e-19,5.65241187189258e-10,4.47513892609663e-09
3.35833191871643,2.62536641263832e-20,-3.66911789839719e-09,-2.89532593455988e-08
3.36666536331177,1.1874326327215e-19,-3.09033509893197e-09,-2.43873294891728e-08
3.37499856948853,-1.44972113595744e-19,5.65242130878829e-10,4.47514603152399e-09
3.38333201408386,2.62643690067324e-20,-3.66911234728207e-09,-2.89532167130346e-08
3.39166522026062,1.18758902155606e-19,-3.09034109413631e-09,-2.43873774508074e-08
3.39999866485596,-1.44974155697881e-19,5.65243019057249e-10,4.47515313695135e-09
3.40833187103271,2.62577709488776e-20,-3.66910701821155e-09,-2.89531740804705e-08
3.41666531562805,1.18735353357543e-19,-3.09034731138524e-09,-2.43874254124421e-08
3.42499852180481,-1.44959046727005e-19,5.65243907235669e-10,4.47516024237871e-09
3.43333196640015,2.62518837493617e-20,-3.66910168914103e-09,-2.89531314479063e-08
3.4416651725769,1.18726952304447e-19,-3.09035330658958e-09,-2.43874733740768e-08
3.44999861717224,-1.4493246062513e-19,5.65244795414088e-10,4.47516734780606e-09
3.45833206176758,2.62459674692773e-20,-3.66909636007051e-09,-2.89530888153422e-08
3.46666526794434,1.18780538098503e-19,-3.09035952383852e-09,-2.43875213357114e-08
3.47499871253967,-1.44930082480869e-19,5.65245683592508e-10,4.47517445323342e-09
3.48333191871643,2.62509176282556e-20,-3.66909103099999e-09,-2.89530479591349e-08
3.49166536331177,1.1874123409471e-19,-3.09036551904285e-09,-2.43875692973461e-08
3.49999856948853,-1.44970291213457e-19,5.65246571770928e-10,4.47518155866078e-09
3.50833201408386,2.62634432753047e-20,-3.66908570192948e-09,-2.89530053265707e-08
3.51666522026062,1.18715281302991e-19,-3.09037151424718e-09,-2.43876172589808e-08
3.52499866485596,-1.44946742415393e-19,5.65247515460499e-10,4.47518866408814e-09
3.53333187103271,2.62532327646185e-20,-3.66908037285896e-09,-2.89529626940066e-08
3.54166531562805,1.18734241833595e-19,-3.09037773149612e-09,-2.43876652206154e-08
3.54999852180481,-1.44961476570055e-19,5.65248403638918e-10,4.47519576951549e-09
3.55833196640015,2.62588340052117e-20,-3.66907482174383e-09,-2.89529200614425e-08
3.5666651725769,1.18709426415218e-19,-3.09038372670045e-09,-2.43877131822501e-08
3.57499861717224,-1.4494110724747e-19,5.65249291817338e-10,4.47520287494285e-09
3.583331823349,2.62591603538127e-20,-3.66906949267332e-09,-2.89528774288783e-08
3.59166526794434,1.18747231154151e-19,-3.09038994394939e-09,-2.43877611438847e-08
3.59999847412109,-1.44948267529648e-19,5.65250179995758e-10,4.47520998037021e-09
3.60833191871643,2.62577725644647e-20,-3.6690641636028e-09,-2.89528347963142e-08
3.61666512489319,1.18747709367943e-19,-3.09039593915372e-09,-2.43878108818762e-08
3.62499856948853,-1.4496388056371e-19,5.65251068174177e-10,4.47521708579757e-09
3.63333177566528,2.62657988013459e-20,-3.66905883453228e-09,-2.89527939401069e-08
3.64166522026062,1.18753628879201e-19,-3.09040193435806e-09,-2.43878588435109e-08
3.64999842643738,-1.449290614298e-19,5.65251956352597e-10,4.47522419122492e-09
3.65833187103271,2.62724937944287e-20,-3.66905350546176e-09,-2.89527513075427e-08
3.66666531562805,1.18774101599362e-19,-3.09040815160699e-09,-2.43879068051456e-08
3.67499852180481,-1.44898597918803e-19,5.65252900042168e-10,4.47523129665228e-09
3.68333196640015,2.62611039051348e-20,-3.66904817639124e-09,-2.89527086749786e-08
3.6916651725769,1.18781895191696e-19,-3.09041414681133e-09,-2.43879547667802e-08
3.69999861717224,-1.44959033802308e-19,5.65253788220588e-10,4.47523840207964e-09
3.708331823349,2.62788026621866e-20,-3.66904262527612e-09,-2.89526660424144e-08
3.71666526794434,1.1875570975543e-19,-3.09042036406026e-09,-2.43880027284149e-08
3.72499847412109,-1.44960403820198e-19,5.65254676399007e-10,4.47524506341779e-09
3.73333191871643,2.62825136658331e-20,-3.6690372962056e-09,-2.89526234098503e-08
3.74166512489319,1.18781791794119e-19,-3.0904263592646e-09,-2.43880506900496e-08
3.74999856948853,-1.44866764389917e-19,5.65255564577427e-10,4.47525216884515e-09
3.75833177566528,2.62843231234231e-20,-3.66903196713508e-09,-2.89525807772861e-08
3.76666522026062,1.18772912527232e-19,-3.09043235446893e-09,-2.43880986516842e-08
3.77499842643738,-1.44895457217415e-19,5.65256452755847e-10,4.4752592742725e-09
3.78333187103271,2.62729300029549e-20,-3.66902663806457e-09,-2.89525399210788e-08
3.79166507720947,1.18776234174379e-19,-3.09043857171787e-09,-2.43881466133189e-08
3.79999852180481,-1.44880141451386e-19,5.65257340934266e-10,4.47526637969986e-09
3.80833172798157,2.62859694067125e-20,-3.66902130899405e-09,-2.89524972885147e-08
3.8166651725769,1.18765222332474e-19,-3.0904445669222e-09,-2.43881945749536e-08
3.82499837875366,-1.44895289196353e-19,5.65258284623837e-10,4.47527348512722e-09
3.833331823349,2.62819482103363e-20,-3.66901597992353e-09,-2.89524546559505e-08
3.84166502952576,1.18800816948208e-19,-3.09045078417114e-09,-2.43882425365882e-08
3.84999847412109,-1.44957534537448e-19,5.65259172802257e-10,4.47528059055458e-09
3.85833168029785,2.6264763209993e-20,-3.66901065085301e-09,-2.89524120233864e-08
3.86666512489319,1.18792286648141e-19,-3.09045677937547e-09,-2.43882904982229e-08
3.87499833106995,-1.44933417052713e-19,5.65260060980677e-10,4.47528769598193e-09
3.88333177566528,2.62729186938449e-20,-3.66900509973789e-09,-2.89523693908222e-08
3.89166522026062,1.18760427269861e-19,-3.09046299662441e-09,-2.43883384598576e-08
3.89999842643738,-1.44902475327925e-19,5.65260949159097e-10,4.47529480140929e-09
3.90833187103271,2.62688118713506e-20,-3.66899977066737e-09,-2.89523267582581e-08
3.91666507720947,1.18817076217124e-19,-3.09046899182874e-09,-2.43883864214922e-08
3.92499852180481,-1.44914236802259e-19,5.65261837337516e-10,4.47530190683665e-09
3.93333172798157,2.62655403074044e-20,-3.66899444159685e-09,-2.89522859020508e-08
3.9416651725769,1.18768130389315e-19,-3.09047498703308e-09,-2.43884343831269e-08
3.94999837875366,-1.44935756422883e-19,5.65262725515936e-10,4.47530901226401e-09
3.958331823349,2.62572248804263e-20,-3.66898911252633e-09,-2.89522432694866e-08
3.96666502952576,1.18761965308812e-19,-3.09048120428201e-09,-2.43884823447615e-08
3.97499847412109,-1.44922275963838e-19,5.65263669205507e-10,4.47531611769136e-09
3.98333168029785,2.62571134049141e-20,-3.66898378345581e-09,-2.89522006369225e-08
3.99166512489319,1.18781895191696e-19,-3.09048719948635e-09,-2.43885303063962e-08
3.99999833106995,-1.44919510078665e-19,5.65264557383927e-10,4.47532322311872e-09
4.00833177566528,2.62603865844473e-20,-3.6689784543853e-09,-2.89521580043584e-08
4.01666498184204,1.18747838614913e-19,-3.09049341673528e-09,-2.43885782680309e-08
4.0249981880188,-1.44929668890562e-19,5.65265445562346e-10,4.47533032854608e-09
4.03333187103271,2.62469109721635e-20,-3.66897312531478e-09,-2.89521153717942e-08
4.04166507720947,1.18779232704099e-19,-3.09049941193962e-09,-2.43886262296655e-08
4.04999828338623,-1.44946199578116e-19,5.65266333740766e-10,4.47533743397344e-09
4.05833148956299,2.62657600272547e-20,-3.66896757419966e-09,-2.89520727392301e-08
4.0666651725769,1.18788887452811e-19,-3.09050540714395e-09,-2.43886741913002e-08
4.07499837875366,-1.44945630891445e-19,5.65267221919186e-10,4.47534453940079e-09
4.08333158493042,2.62629585991645e-20,-3.66896224512914e-09,-2.89520318830228e-08
4.09166526794434,1.18765894416722e-19,-3.09051162439289e-09,-2.43887221529349e-08
4.09999847412109,-1.44922314737929e-19,5.65268110097605e-10,4.47535120073894e-09
4.10833168029785,2.62482454471361e-20,-3.66895691605862e-09,-2.89519892504586e-08
4.11666488647461,1.18780835366536e-19,-3.09051761959722e-09,-2.43887718909264e-08
4.12499856948853,-1.44918463178202e-19,5.65268998276025e-10,4.4753583061663e-09
4.13333177566528,2.62532683075354e-20,-3.6689515869881e-09,-2.89519466178945e-08
4.14166498184204,1.18760246324102e-19,-3.09052383684616e-09,-2.4388819852561e-08
4.1499981880188,-1.44946122029934e-19,5.65269941965596e-10,4.47536541159366e-09
4.15833187103271,2.62538466877293e-20,-3.66894625791758e-09,-2.89519039853303e-08
4.16666507720947,1.1874388365761e-19,-3.09052983205049e-09,-2.43888678141957e-08
4.17499828338623,-1.44918243458352e-19,5.65270830144016e-10,4.47537251702101e-09
4.18333148956299,2.6261250923564e-20,-3.66894092884706e-09,-2.89518613527662e-08
4.1916651725769,1.18765610073386e-19,-3.09053582725483e-09,-2.43889157758304e-08
4.19999837875366,-1.44944739087347e-19,5.65271718322435e-10,4.47537962244837e-09
4.20833158493042,2.62459335419475e-20,-3.66893559977655e-09,-2.8951818720202e-08
4.21666479110718,1.18745654341108e-19,-3.09054204450376e-09,-2.4388963737465e-08
4.22499847412109,-1.44952972119382e-19,5.65272606500855e-10,4.47538672787573e-09
4.23333168029785,2.62520776198177e-20,-3.66893004866142e-09,-2.89517778639947e-08
4.24166488647461,1.18762055781692e-19,-3.0905480397081e-09,-2.43890116990997e-08
4.24999809265137,-1.44971583683164e-19,5.65273494679275e-10,4.47539383330309e-09
4.25833177566528,2.62331187048015e-20,-3.6689247195909e-09,-2.89517352314306e-08
4.26666498184204,1.18764614871712e-19,-3.09055425695703e-09,-2.43890596607343e-08
4.2749981880188,-1.44937837299111e-19,5.65274382857694e-10,4.47540093873044e-09
4.28333139419556,2.62358603561677e-20,-3.66891939052039e-09,-2.89516925988664e-08
4.29166507720947,1.18747593045669e-19,-3.09056025216137e-09,-2.4389107622369e-08
4.29999828338623,-1.44949896041479e-19,5.65275326547265e-10,4.4754080441578e-09
4.30833148956299,2.62312914757531e-20,-3.66891406144987e-09,-2.89516499663023e-08
4.3166651725769,1.18741673534411e-19,-3.09056646941031e-09,-2.43891555840037e-08
4.32499837875366,-1.4494057733489e-19,5.65276214725685e-10,4.47541514958516e-09
4.33333158493042,2.62376471955378e-20,-3.66890873237935e-09,-2.89516073337381e-08
4.34166479110718,1.18761370772747e-19,-3.09057246461464e-09,-2.43892035456383e-08
4.34999847412109,-1.44943730960976e-19,5.65277102904105e-10,4.47542225501252e-09
4.35833168029785,2.62158690809729e-20,-3.66890340330883e-09,-2.8951564701174e-08
4.36666488647461,1.18736749224826e-19,-3.09057845981897e-09,-2.4389251507273e-08
4.37499809265137,-1.44912828010279e-19,5.65277991082525e-10,4.47542936043988e-09
4.38333177566528,2.62153294748702e-20,-3.66889785219371e-09,-2.89515238449667e-08
4.39166498184204,1.18751509228882e-19,-3.09058467706791e-09,-2.43892994689077e-08
4.3999981880188,-1.44989497313305e-19,5.65278879260944e-10,4.47543646586723e-09
4.40833139419556,2.6227417297806e-20,-3.66889252312319e-09,-2.89514812124025e-08
4.41666507720947,1.1873783489938e-19,-3.09059067227224e-09,-2.43893474305423e-08
4.42499828338623,-1.45000379908239e-19,5.65279767439364e-10,4.47544357129459e-09
4.43333148956299,2.62378103698383e-20,-3.66888719405267e-09,-2.89514385798384e-08
4.44166469573975,1.18762314275633e-19,-3.09059688952118e-09,-2.4389395392177e-08
4.44999837875366,-1.44987080394952e-19,5.65280655617784e-10,4.47545023263274e-09
4.45833158493042,2.62181276717861e-20,-3.66888186498215e-09,-2.89513959472742e-08
4.46666479110718,1.18751095638575e-19,-3.09060288472551e-09,-2.43894433538117e-08
4.47499799728394,-1.45001220013548e-19,5.65281599307355e-10,4.4754573380601e-09
4.48333168029785,2.62484845540319e-20,-3.66887653591164e-09,-2.89513533147101e-08
4.49166488647461,1.18754481909208e-19,-3.09060887992985e-09,-2.43894913154463e-08
4.49999809265137,-1.44948900839804e-19,5.65282487485774e-10,4.47546444348745e-09
4.50833129882812,2.62426458221301e-20,-3.66887120684112e-09,-2.8951310682146e-08
4.51666498184204,1.18726254370805e-19,-3.09061509717878e-09,-2.4389539277081e-08
4.5249981880188,-1.44918346855928e-19,5.65283375664194e-10,4.47547154891481e-09
4.53333139419556,2.62365227468926e-20,-3.6688658777706e-09,-2.89512698259387e-08
4.54166507720947,1.18776260023773e-19,-3.09062109238312e-09,-2.43895872387156e-08
4.54999828338623,-1.44959796359435e-19,5.65284263842614e-10,4.47547865434217e-09
4.55833148956299,2.62246013294316e-20,-3.66886032665548e-09,-2.89512271933745e-08
4.56666469573975,1.18753667653293e-19,-3.09062730963205e-09,-2.43896352003503e-08
4.57499837875366,-1.44966362105547e-19,5.65285152021033e-10,4.47548575976953e-09
4.58333158493042,2.62395907468599e-20,-3.66885499758496e-09,-2.89511845608104e-08
4.59166479110718,1.18768026991739e-19,-3.09063330483639e-09,-2.4389683161985e-08
4.59999799728394,-1.4497870519125e-19,5.65286040199453e-10,4.47549286519688e-09
4.60833168029785,2.62298939928822e-20,-3.66884966851444e-09,-2.89511419282462e-08
4.61666488647461,1.18729963758864e-19,-3.09063930004072e-09,-2.43897328999765e-08
4.62499809265137,-1.45010538720137e-19,5.65286983889024e-10,4.47549997062424e-09
4.63333129882812,2.61975321670032e-20,-3.66884433944392e-09,-2.89510992956821e-08
4.64166498184204,1.18719507678934e-19,-3.09064551728966e-09,-2.43897808616111e-08
4.6499981880188,-1.44951188511186e-19,5.65287872067444e-10,4.4755070760516e-09
4.65833139419556,2.62011268483761e-20,-3.6688390103734e-09,-2.89510566631179e-08
4.66666460037231,1.18752478581162e-19,-3.09065151249399e-09,-2.43898288232458e-08
4.67499828338623,-1.44982000989003e-19,5.65288760245863e-10,4.47551418147896e-09
4.68333148956299,2.62212748355229e-20,-3.66883368130289e-09,-2.89510158069106e-08
4.69166469573975,1.18721601479859e-19,-3.09065772974293e-09,-2.43898767848805e-08
4.6999979019165,-1.44946134954631e-19,5.65289648424283e-10,4.47552128690631e-09
4.70833158493042,2.62135733316557e-20,-3.66882835223237e-09,-2.89509731743465e-08
4.71666479110718,1.18726047575652e-19,-3.09066372494726e-09,-2.43899247465151e-08
4.72499799728394,-1.44946496846149e-19,5.65290536602703e-10,4.47552839233367e-09
4.73333120346069,2.62187771378139e-20,-3.66882280111724e-09,-2.89509305417823e-08
4.74166488647461,1.18738610381205e-19,-3.0906699421962e-09,-2.43899727081498e-08
4.74999809265137,-1.44992560466511e-19,5.65291424781122e-10,4.47553549776103e-09
4.75833129882812,2.62128204680513e-20,-3.66881747204673e-09,-2.89508879092182e-08
4.76666498184204,1.18703351807595e-19,-3.09067593740053e-09,-2.43900206697845e-08
4.7749981880188,-1.44961605817025e-19,5.65292312959542e-10,4.47554260318839e-09
4.78333139419556,2.62252847227892e-20,-3.66881214297621e-09,-2.8950845276654e-08
4.79166460037231,1.1874538292247e-19,-3.09068193260487e-09,-2.43900686314191e-08
4.79999828338623,-1.45033790250168e-19,5.65293256649113e-10,4.47554926452653e-09
4.80833148956299,2.62291718254334e-20,-3.66880681390569e-09,-2.89508026440899e-08
4.81666469573975,1.18725065298674e-19,-3.0906881498538e-09,-2.43901165930538e-08
4.8249979019165,-1.44986666804646e-19,5.65294144827533e-10,4.47555636995389e-09
4.83333158493042,2.62051367356425e-20,-3.66880148483517e-09,-2.89507617878826e-08
4.84166479110718,1.18745615567017e-19,-3.09069414505814e-09,-2.43901645546885e-08
4.84999799728394,-1.44976159025927e-19,5.65295033005953e-10,4.47556347538125e-09
4.85833120346069,2.62108559140964e-20,-3.66879615576465e-09,-2.89507191553184e-08
4.86666488647461,1.18725181620948e-19,-3.09070036230708e-09,-2.43902125163231e-08
4.87499809265137,-1.44985038292815e-19,5.65295921184372e-10,4.47557058080861e-09
4.88333129882812,2.62131662036979e-20,-3.66879060464953e-09,-2.89506765227543e-08
4.89166450500488,1.18722713003807e-19,-3.09070635751141e-09,-2.43902604779578e-08
4.8999981880188,-1.44985115840998e-19,5.65296809362792e-10,4.47557768623597e-09
4.90833139419556,2.62161340372629e-20,-3.66878527557901e-09,-2.89506338901901e-08
4.91666460037231,1.18708444138241e-19,-3.09071235271574e-09,-2.43903084395924e-08
4.92499780654907,-1.4494534654811e-19,5.65297697541212e-10,4.47558479166332e-09
4.93333148956299,2.61967906125088e-20,-3.66877994650849e-09,-2.8950591257626e-08
4.94166469573975,1.18754300963449e-19,-3.09071856996468e-09,-2.43903564012271e-08
4.9499979019165,-1.45008509542696e-19,5.65298585719631e-10,4.47559189709068e-09
4.95833158493042,2.61800498986274e-20,-3.66877461743798e-09,-2.89505486250619e-08
4.96666479110718,1.18731101132206e-19,-3.09072456516901e-09,-2.43904043628618e-08
4.97499799728394,-1.44959822208829e-19,5.65299529409202e-10,4.47559900251804e-09
4.98333120346069,2.61942848368641e-20,-3.66876928836746e-09,-2.89505077688545e-08
4.99166488647461,1.18712657589486e-19,-3.09073078241795e-09,-2.43904523244964e-08
4.99999809265137,-1.4498541310903e-19,5.65300417587622e-10,4.4756061079454e-09
5.00833129882812,2.61946855024733e-20,-3.66876395929694e-09,-2.89504651362904e-08
5.01666450500488,1.18758423941815e-19,-3.09073677762228e-09,-2.43905002861311e-08
5.0249981880188,-1.44980450025355e-19,5.65301305766042e-10,4.47561321337275e-09
5.03333139419556,2.62140192337046e-20,-3.66875863022642e-09,-2.89504225037263e-08
5.04166460037231,1.1872525916913e-19,-3.09074277282662e-09,-2.43905482477658e-08
5.04999780654907,-1.44951834746039e-19,5.65302193944461e-10,4.47562031880011e-09
5.05833148956299,2.62031721816877e-20,-3.6687530791113e-09,-2.89503798711621e-08
5.06666469573975,1.18754611156179e-19,-3.09074899007555e-09,-2.43905962094004e-08
5.0749979019165,-1.44972165294532e-19,5.65303082122881e-10,4.47562742422747e-09
5.08333110809326,2.62093824986303e-20,-3.66874775004078e-09,-2.8950337238598e-08
5.09166479110718,1.18737447158468e-19,-3.09075498527989e-09,-2.43906441710351e-08
5.09999799728394,-1.44945462870383e-19,5.65303970301301e-10,4.47563408556562e-09
5.10833120346069,2.62172665638437e-20,-3.66874242097026e-09,-2.89502946060338e-08
5.11666440963745,1.18748924289467e-19,-3.09076120252882e-09,-2.43906939090266e-08
5.12499809265137,-1.44965496150844e-19,5.6530485847972e-10,4.47564119099297e-09
5.13333129882812,2.62191729566617e-20,-3.66873709189974e-09,-2.89502537498265e-08
5.14166450500488,1.18742694585479e-19,-3.09076719773316e-09,-2.43907418706613e-08
5.14999771118164,-1.44934670748329e-19,5.65305802169291e-10,4.47564829642033e-09
5.15833139419556,2.62268098370436e-20,-3.66873176282922e-09,-2.89502111172624e-08
5.16666460037231,1.18735120712995e-19,-3.09077319293749e-09,-2.43907898322959e-08
5.17499780654907,-1.44954225814998e-19,5.65306690347711e-10,4.47565540184769e-09
5.18333148956299,2.62185024880012e-20,-3.66872643375871e-09,-2.89501684846982e-08
5.19166469573975,1.18750526951904e-19,-3.09077941018643e-09,-2.43908377939306e-08
5.1999979019165,-1.44983099588255e-19,5.65307578526131e-10,4.47566250727505e-09
5.20833110809326,2.62023708504692e-20,-3.66872088264358e-09,-2.89501258521341e-08
5.21666479110718,1.18734629574507e-19,-3.09078540539076e-09,-2.43908857555653e-08
5.22499799728394,-1.44936674076375e-19,5.6530846670455e-10,4.4756696127024e-09
5.23333120346069,2.61852553203728e-20,-3.66871555357307e-09,-2.89500832195699e-08
5.24166440963745,1.18749079385832e-19,-3.0907916226397e-09,-2.43909337171999e-08
5.24999809265137,-1.44952287110437e-19,5.6530935488297e-10,4.47567671812976e-09
5.25833129882812,2.6212901247408e-20,-3.66871022450255e-09,-2.89500405870058e-08
5.26666450500488,1.1872706862672e-19,-3.09079761784403e-09,-2.43909816788346e-08
5.27499771118164,-1.44950490577544e-19,5.6531024306139e-10,4.47568382355712e-09
5.28333139419556,2.62181809861615e-20,-3.66870489543203e-09,-2.89499997307985e-08
5.29166460037231,1.18775936906346e-19,-3.09080383509297e-09,-2.43910296404692e-08
5.29999780654907,-1.44973070023327e-19,5.6531113123981e-10,4.47569092898448e-09
5.30833101272583,2.62198224226896e-20,-3.66869956636151e-09,-2.89499570982343e-08
5.31666469573975,1.18754352662237e-19,-3.0908098302973e-09,-2.43910776021039e-08
5.3249979019165,-1.44962872437338e-19,5.65312074929381e-10,4.47569803441183e-09
5.33333110809326,2.62058653654399e-20,-3.66869423729099e-09,-2.89499144656702e-08
5.34166431427002,1.18759186498942e-19,-3.09081582550164e-09,-2.43911255637386e-08
5.34999799728394,-1.44961567042934e-19,5.653129631078e-10,4.47570513983919e-09
5.35833120346069,2.62135216328674e-20,-3.66868890822047e-09,-2.8949871833106e-08
5.36666440963745,1.187364261074e-19,-3.09082204275057e-09,-2.43911735253732e-08
5.37499761581421,-1.44964694819625e-19,5.6531385128622e-10,4.47571224526655e-09
5.38333129882812,2.62171631662672e-20,-3.66868335710535e-09,-2.89498292005419e-08
5.39166450500488,1.18763503347764e-19,-3.09082803795491e-09,-2.43912214870079e-08
5.39999771118164,-1.44967615801163e-19,5.6531473946464e-10,4.47571935069391e-09
5.40833139419556,2.62194815338043e-20,-3.66867802803483e-09,-2.89497865679778e-08
5.41666460037231,1.18765067236109e-19,-3.09083425520384e-09,-2.43912694486426e-08
5.42499780654907,-1.44918592425172e-19,5.65315627643059e-10,4.47572601203206e-09
5.43333101272583,2.62145846892015e-20,-3.66867269896431e-09,-2.89497457117704e-08
5.44166469573975,1.1875751921302e-19,-3.09084025040818e-09,-2.43913174102772e-08
5.4499979019165,-1.4495889163064e-19,5.65316515821479e-10,4.47573311745941e-09
5.45833110809326,2.62281750081718e-20,-3.6686673698938e-09,-2.89497030792063e-08
5.46666431427002,1.1878532023642e-19,-3.09084624561251e-09,-2.43913653719119e-08
5.47499799728394,-1.44973444839542e-19,5.65317403999899e-10,4.47574022288677e-09
5.48333120346069,2.62409058347869e-20,-3.66866204082328e-09,-2.89496604466422e-08
5.49166440963745,1.18788564335385e-19,-3.09085246286145e-09,-2.43914133335466e-08
5.49999761581421,-1.44909726082982e-19,5.6531834768947e-10,4.47574732831413e-09
5.50833129882812,2.62456718168318e-20,-3.66865671175276e-09,-2.8949617814078e-08
5.51666450500488,1.18781895191696e-19,-3.09085845806578e-09,-2.43914612951812e-08
5.52499771118164,-1.44921552180802e-19,5.65319235867889e-10,4.47575443374149e-09
5.5333309173584,2.62722837681013e-20,-3.66865138268224e-09,-2.89495751815139e-08
5.54166460037231,1.18768001142344e-19,-3.09086467531472e-09,-2.43915092568159e-08
5.54999780654907,-1.4489967066866e-19,5.65320124046309e-10,4.47576153916884e-09
5.55833101272583,2.62512585171408e-20,-3.66864583156712e-09,-2.89495325489497e-08
5.56666421890259,1.18795815090442e-19,-3.09087067051905e-09,-2.43915572184505e-08
5.5749979019165,-1.44913771513165e-19,5.65321012224729e-10,4.4757686445962e-09
5.58333110809326,2.62459561601674e-20,-3.6686405024966e-09,-2.89494916927424e-08
5.59166431427002,1.18793889310578e-19,-3.09087666572339e-09,-2.43916051800852e-08
5.59999799728394,-1.44912220549516e-19,5.65321900403148e-10,4.47577575002356e-09
5.60833120346069,2.6270096263122e-20,-3.66863517342608e-09,-2.89494490601783e-08
5.61666440963745,1.18802380836554e-19,-3.09088288297232e-09,-2.43916531417199e-08
5.62499761581421,-1.44925313267649e-19,5.65322788581568e-10,4.47578285545092e-09
5.63333129882812,2.62384323708849e-20,-3.66862984435556e-09,-2.89494064276141e-08
5.64166450500488,1.18798219084097e-19,-3.09088887817666e-09,-2.43917028797114e-08
5.64999771118164,-1.44905344610675e-19,5.65323676759988e-10,4.47578996087827e-09
5.6583309173584,2.62479578726263e-20,-3.66862451528505e-09,-2.894936379505e-08
5.66666460037231,1.18762391823816e-19,-3.09089509542559e-09,-2.4391750841346e-08
5.67499780654907,-1.44973987676819e-19,5.65324620449559e-10,4.47579706630563e-09
5.68333101272583,2.62271684973874e-20,-3.66861918621453e-09,-2.89493211624858e-08
5.69166421890259,1.18798167385309e-19,-3.09090109062993e-09,-2.43917988029807e-08
5.6999979019165,-1.4495037425527e-19,5.65325508627978e-10,4.47580372764378e-09
5.70833110809326,2.62365162845441e-20,-3.6686136350994e-09,-2.89492785299217e-08
5.71666431427002,1.18752297635403e-19,-3.09090708583426e-09,-2.43918467646154e-08
5.72499752044678,-1.44904931020368e-19,5.65326396806398e-10,4.47581083307114e-09
5.73333120346069,2.62264220961315e-20,-3.66860830602889e-09,-2.89492376737144e-08
5.74166440963745,1.18780822441839e-19,-3.0909133030832e-09,-2.439189472625e-08
5.74999761581421,-1.44931685143306e-19,5.65327284984818e-10,4.47581793849849e-09
5.75833082199097,2.62264430987642e-20,-3.66860297695837e-09,-2.89491950411502e-08
5.76666450500488,1.1877221459359e-19,-3.09091929828753e-09,-2.43919426878847e-08
5.77499771118164,-1.4493854815745e-19,5.65328173163238e-10,4.47582504392585e-09
5.7833309173584,2.62345436526536e-20,-3.66859764788785e-09,-2.89491524085861e-08
5.79166412353516,1.18767238585217e-19,-3.09092551553647e-09,-2.43919906495194e-08
5.79999780654907,-1.44893970877252e-19,5.65329061341657e-10,4.47583214935321e-09
5.80833101272583,2.6231435263008e-20,-3.66859231881733e-09,-2.89491097760219e-08
5.81666421890259,1.18769216063869e-19,-3.0909315107408e-09,-2.4392038611154e-08
5.8249979019165,-1.44904620827639e-19,5.65329949520077e-10,4.47583925478057e-09
5.83333110809326,2.6253903233279e-20,-3.66858698974681e-09,-2.89490671434578e-08
5.84166431427002,1.18787504510225e-19,-3.09093772798974e-09,-2.43920865727887e-08
5.84999752044678,-1.44910979778598e-19,5.65330893209648e-10,4.47584636020792e-09
5.85833120346069,2.62573670520941e-20,-3.6685816606763e-09,-2.89490245108937e-08
5.86666440963745,1.18822543363985e-19,-3.09094372319407e-09,-2.43921345344233e-08
5.87499761581421,-1.44930483146478e-19,5.65331781388068e-10,4.47585346563528e-09
5.88333082199097,2.62375260265027e-20,-3.66857610956117e-09,-2.89489836546863e-08
5.89166450500488,1.18781210182751e-19,-3.09094971839841e-09,-2.4392182496058e-08
5.89999771118164,-1.44891915850418e-19,5.65332669566487e-10,4.47586057106264e-09
5.9083309173584,2.62284205774161e-20,-3.66857078049065e-09,-2.89489410221222e-08
5.91666412353516,1.18789029624479e-19,-3.09095593564734e-09,-2.43922304576927e-08
5.92499780654907,-1.44884380752025e-19,5.65333557744907e-10,4.47586767649e-09
5.93333101272583,2.62374484783203e-20,-3.66856545142014e-09,-2.89488983895581e-08
5.94166421890259,1.188198291776e-19,-3.09096193085168e-09,-2.43922784193273e-08
5.94999742507935,-1.44935433305456e-19,5.65334445923327e-10,4.47587478191735e-09
5.95833110809326,2.62589600210081e-20,-3.66856012234962e-09,-2.89488557569939e-08
5.96666431427002,1.18822543363985e-19,-3.09096814810061e-09,-2.4392326380962e-08
5.97499752044678,-1.44919548852756e-19,5.65335334101746e-10,4.47588188734471e-09
5.98333072662354,2.62580375207546e-20,-3.6685547932791e-09,-2.89488131244298e-08
5.99166440963745,1.18799744198351e-19,-3.09097414330495e-09,-2.43923743425967e-08
5.99999761581421,-1.44888542504482e-19,5.65336222280166e-10,4.47588854868286e-09
6.00833082199097,2.62794440502787e-20,-3.66854946420858e-09,-2.89487704918656e-08
6.01666402816772,1.18806736459467e-19,-3.09098013850928e-09,-2.43924223042313e-08
6.02499771118164,-1.44878125198643e-19,5.65337110458586e-10,4.47589565411022e-09
6.0333309173584,2.62539226203246e-20,-3.66854391309346e-09,-2.89487296356583e-08
6.04166412353516,1.18798994565921e-19,-3.09098635575822e-09,-2.4392470265866e-08
6.04999780654907,-1.44920686226098e-19,5.65338054148157e-10,4.47590275953758e-09
6.05833101272583,2.62662737839632e-20,-3.66853858402294e-09,-2.89486870030942e-08
6.06666421890259,1.18842796364295e-19,-3.09099235096255e-09,-2.43925182275007e-08
6.07499742507935,-1.44923128993844e-19,5.65338942326576e-10,4.47590986496493e-09
6.08333110809326,2.62730430940542e-20,-3.66853325495242e-09,-2.894864437053e-08
6.09166431427002,1.18849530131469e-19,-3.09099856821149e-09,-2.43925661891353e-08
6.09999752044678,-1.44884367827328e-19,5.65339830504996e-10,4.47591697039229e-09
6.10833072662354,2.6273245042446e-20,-3.6685279258819e-09,-2.89486017379659e-08
6.11666440963745,1.18831887919967e-19,-3.09100456341582e-09,-2.439261415077e-08
6.12499761581421,-1.44875721204987e-19,5.65340718683416e-10,4.47592407581965e-09
6.13333082199097,2.62586853711953e-20,-3.66852259681139e-09,-2.89485591054017e-08
6.14166402816772,1.18819182942746e-19,-3.09101055862016e-09,-2.43926621124047e-08
6.14999771118164,-1.44848760286897e-19,5.65341606861836e-10,4.47593118124701e-09
6.1583309173584,2.62629117471376e-20,-3.66851726774087e-09,-2.89485164728376e-08
6.16666412353516,1.18815383081807e-19,-3.09101677586909e-09,-2.43927118503962e-08
6.17499732971191,-1.4493439932969e-19,5.65342495040255e-10,4.47593828667436e-09
6.18333101272583,2.62478770932696e-20,-3.66851193867035e-09,-2.89484738402734e-08
6.19166421890259,1.18793256000421e-19,-3.09102277107343e-09,-2.43927598120308e-08
6.19999742507935,-1.44921862373531e-19,5.65343383218675e-10,4.47594539210172e-09
6.2083306312561,2.62488076714587e-20,-3.66850638755523e-09,-2.89484329840661e-08
6.21666431427002,1.18802109417915e-19,-3.09102898832236e-09,-2.43928077736655e-08
6.22499752044678,-1.44889111191153e-19,5.65344271397095e-10,4.47595249752908e-09
6.23333072662354,2.62292736074228e-20,-3.66850105848471e-09,-2.8948390351502e-08
6.24166393280029,1.18841684840347e-19,-3.0910349835267e-09,-2.43928557353001e-08
6.24999761581421,-1.44939517509731e-19,5.65345215086666e-10,4.47595915886723e-09
6.25833082199097,2.62549145908248e-20,-3.66849572941419e-09,-2.89483477189378e-08
6.26666402816772,1.18808093552659e-19,-3.09104097873103e-09,-2.43929036969348e-08
6.27499771118164,-1.44925145246588e-19,5.65346103265085e-10,4.47596626429458e-09
6.2833309173584,2.62543814470707e-20,-3.66849040034367e-09,-2.89483050863737e-08
6.29166412353516,1.18807434393109e-19,-3.09104719597997e-09,-2.43929516585695e-08
6.29999732971191,-1.44919135262449e-19,5.65346991443505e-10,4.47597336972194e-09
6.30833101272583,2.62494878336421e-20,-3.66848507127315e-09,-2.89482624538095e-08
6.31666421890259,1.18820565885333e-19,-3.0910531911843e-09,-2.43929996202041e-08
6.32499742507935,-1.44937772675626e-19,5.65347879621925e-10,4.4759804751493e-09
6.3333306312561,2.62436781823086e-20,-3.66847974220263e-09,-2.89482198212454e-08
6.34166431427002,1.18821393065945e-19,-3.09105940843324e-09,-2.43930475818388e-08
6.34999752044678,-1.44871546527834e-19,5.65348767800344e-10,4.47598758057666e-09
6.35833072662354,2.62486493439196e-20,-3.66847419108751e-09,-2.89481789650381e-08
6.36666393280029,1.18809256775396e-19,-3.09106540363757e-09,-2.43930955434735e-08
6.37499761581421,-1.44894681735591e-19,5.65349655978764e-10,4.47599468600401e-09
6.38333082199097,2.62383515915282e-20,-3.66846886201699e-09,-2.8948136332474e-08
6.39166402816772,1.1880195432155e-19,-3.09107162088651e-09,-2.43931435051081e-08
6.39999723434448,-1.44901144084126e-19,5.65350544157184e-10,4.47600179143137e-09
6.4083309173584,2.62434374598257e-20,-3.66846353294648e-09,-2.89480936999098e-08
6.41666412353516,1.18793488644969e-19,-3.09107761609084e-09,-2.43931914667428e-08
6.42499732971191,-1.44904594978244e-19,5.65351487846755e-10,4.47600889685873e-09
6.43333053588867,2.62341720676128e-20,-3.66845820387596e-09,-2.89480510673457e-08
6.44166421890259,1.18806154848098e-19,-3.09108361129518e-09,-2.43932394283775e-08
6.44999742507935,-1.44867410624771e-19,5.65352376025174e-10,4.47601600228609e-09
6.4583306312561,2.62344321771413e-20,-3.66845287480544e-09,-2.89480084347815e-08
6.46666431427002,1.18831939618755e-19,-3.09108982854411e-09,-2.43932873900121e-08
6.47499752044678,-1.44897408846673e-19,5.65353264203594e-10,4.47602310771344e-09
6.48333072662354,2.62486348036354e-20,-3.66844754573492e-09,-2.89479658022174e-08
6.49166393280029,1.18810743115559e-19,-3.09109582374845e-09,-2.43933353516468e-08
6.49999761581421,-1.44900278129423e-19,5.65354152382014e-10,4.4760302131408e-09
6.50833082199097,2.62340234335965e-20,-3.6684422166644e-09,-2.89479249460101e-08
6.51666402816772,1.18810794814347e-19,-3.09110204099738e-09,-2.43933833132814e-08
6.52499723434448,-1.44904982719157e-19,5.65355040560434e-10,4.47603687447895e-09
6.5333309173584,2.62300458580728e-20,-3.66843666554928e-09,-2.89478823134459e-08
6.54166412353516,1.18824055553542e-19,-3.09110803620172e-09,-2.43934312749161e-08
6.54999732971191,-1.44889628179036e-19,5.65355928738853e-10,4.47604397990631e-09
6.55833053588867,2.62396311365382e-20,-3.66843133647876e-09,-2.89478396808818e-08
6.56666421890259,1.18797288505908e-19,-3.09111403140605e-09,-2.43934792365508e-08
6.57499742507935,-1.44892419913603e-19,5.65356816917273e-10,4.47605108533367e-09
6.5833306312561,2.62291782877819e-20,-3.66842600740824e-09,-2.89477970483176e-08
6.59166383743286,1.18807072501591e-19,-3.09112024865499e-09,-2.43935271981854e-08
6.59999752044678,-1.44916808816977e-19,5.65357705095693e-10,4.47605819076102e-09
6.60833072662354,2.62349378559143e-20,-3.66842067833772e-09,-2.89477544157535e-08
6.61666393280029,1.18796474249992e-19,-3.09112624385932e-09,-2.43935751598201e-08
6.62499713897705,-1.44910889305718e-19,5.65358648785264e-10,4.47606529618838e-09
6.63333082199097,2.62269148502073e-20,-3.66841534926721e-09,-2.89477117831893e-08
6.64166402816772,1.18786780727189e-19,-3.09113246110826e-09,-2.43936231214548e-08
6.64999723434448,-1.44893557286946e-19,5.65359536963683e-10,4.47607240161574e-09
6.65833044052124,2.6223110142507e-20,-3.66841002019669e-09,-2.8947670926982e-08
6.66666412353516,1.18806736459467e-19,-3.09113845631259e-09,-2.43936710830894e-08
6.67499732971191,-1.44926463565689e-19,5.65360425142103e-10,4.4760795070431e-09
6.68333053588867,2.62272541235055e-20,-3.66840446908157e-09,-2.89476282944179e-08
6.69166421890259,1.18771852702072e-19,-3.09114445151693e-09,-2.43937208210809e-08
6.69999742507935,-1.448977319641e-19,5.65361313320523e-10,4.47608661247045e-09
6.7083306312561,2.62199678255316e-20,-3.66839914001105e-09,-2.89475856618537e-08
6.71666383743286,1.18775691337102e-19,-3.09115066876586e-09,-2.43937687827156e-08
6.72499752044678,-1.44930095405566e-19,5.65362201498942e-10,4.47609371789781e-09
6.73333072662354,2.62206496033021e-20,-3.66839381094053e-09,-2.89475430292896e-08
6.74166393280029,1.18792506367991e-19,-3.0911566639702e-09,-2.43938167443503e-08
6.74999713897705,-1.44936816248043e-19,5.65363089677362e-10,4.47610082332517e-09
6.75833082199097,2.62152470799264e-20,-3.66838848187001e-09,-2.89475003967254e-08
6.76666402816772,1.18780912914719e-19,-3.09116288121913e-09,-2.43938647059849e-08
6.77499723434448,-1.4488197675837e-19,5.65363977855782e-10,4.47610748466332e-09
6.78333044052124,2.6232002334092e-20,-3.66838315279949e-09,-2.89474577641613e-08
6.79166412353516,1.18809230926001e-19,-3.09116887642347e-09,-2.43939126676196e-08
6.79999732971191,-1.44931297402393e-19,5.65364866034201e-10,4.47611459009067e-09
6.80833053588867,2.62275045395112e-20,-3.66837782372897e-09,-2.8947416907954e-08
6.81666374206543,1.18810083956008e-19,-3.0911748716278e-09,-2.43939606292543e-08
6.82499742507935,-1.44935252359697e-19,5.65365809723772e-10,4.47612169551803e-09
6.8333306312561,2.62348764636032e-20,-3.66837249465846e-09,-2.89473742753898e-08
6.84166383743286,1.18775277746796e-19,-3.09118108887674e-09,-2.43940085908889e-08
6.84999704360962,-1.44915929937576e-19,5.65366697902192e-10,4.47612880094539e-09
6.85833072662354,2.62232830103304e-20,-3.66836694354333e-09,-2.89473316428257e-08
6.86666393280029,1.18825890860526e-19,-3.09118708408107e-09,-2.43940565525236e-08
6.87499713897705,-1.44934838769391e-19,5.65367586080612e-10,4.47613590637275e-09
6.88333034515381,2.62378717621494e-20,-3.66836161447281e-09,-2.89472890102616e-08
6.89166402816772,1.18792299572838e-19,-3.09119330133001e-09,-2.43941045141582e-08
6.89999723434448,-1.44945398246898e-19,5.65368474259031e-10,4.4761430118001e-09
6.90833044052124,2.62296112651338e-20,-3.6683562854023e-09,-2.89472463776974e-08
6.91666412353516,1.18763128531549e-19,-3.09119929653434e-09,-2.43941524757929e-08
6.92499732971191,-1.44894203521799e-19,5.65369362437451e-10,4.47615011722746e-09
6.93333053588867,2.62181422120703e-20,-3.66835095633178e-09,-2.89472037451333e-08
6.94166374206543,1.18792415895112e-19,-3.09120551378328e-09,-2.43942004374276e-08
6.94999742507935,-1.44976107327139e-19,5.65370250615871e-10,4.47615722265482e-09
6.9583306312561,2.62347310607611e-20,-3.66834562726126e-09,-2.8947162888926e-08
6.96666383743286,1.18833283787251e-19,-3.09121150898761e-09,-2.43942483990622e-08
6.97499704360962,-1.44957999826542e-19,5.65371138794291e-10,4.47616432808218e-09
6.98333072662354,2.62051852032565e-20,-3.66834029819074e-09,-2.89471202563618e-08
6.99166393280029,1.18780551023201e-19,-3.09121750419195e-09,-2.43942963606969e-08
6.99999713897705,-1.4495015453542e-19,5.6537202697271e-10,4.47617143350953e-09
7.00833034515381,2.62001332622888e-20,-3.66833474707562e-09,-2.89470776237977e-08
7.01666402816772,1.1881854963259e-19,-3.09122372144088e-09,-2.43943443223316e-08
7.02499723434448,-1.4496709881328e-19,5.65372970662281e-10,4.47617809484768e-09
7.03333044052124,2.61976662607353e-20,-3.6683294180051e-09,-2.89470349912335e-08
7.041663646698,1.18790451341157e-19,-3.09122971664522e-09,-2.43943922839662e-08
7.04999732971191,-1.44934218383931e-19,5.65373858840701e-10,4.47618520027504e-09
7.05833053588867,2.61962994740201e-20,-3.66832408893458e-09,-2.89469923586694e-08
7.06666374206543,1.1879833540637e-19,-3.09123593389415e-09,-2.43944402456009e-08
7.07499694824219,-1.44945023430683e-19,5.65374747019121e-10,4.4761923057024e-09
7.0833306312561,2.62210841962411e-20,-3.66831875986406e-09,-2.89469497261052e-08
7.09166383743286,1.1880844251948e-19,-3.09124192909849e-09,-2.43944882072356e-08
7.09999704360962,-1.44933236106954e-19,5.6537563519754e-10,4.47619941112976e-09
7.10833072662354,2.62078476908531e-20,-3.66831343079355e-09,-2.89469070935411e-08
7.11666393280029,1.18808028929174e-19,-3.09124792430282e-09,-2.43945361688702e-08
7.12499713897705,-1.44903444680205e-19,5.6537652337596e-10,4.47620651655711e-09
7.13333034515381,2.62140660857315e-20,-3.66830810172303e-09,-2.89468662373338e-08
7.14166402816772,1.18820979475639e-19,-3.09125414155176e-09,-2.43945841305049e-08
7.14999723434448,-1.44918385630019e-19,5.6537741155438e-10,4.47621362198447e-09
7.15833044052124,2.62065875328887e-20,-3.66830277265251e-09,-2.89468236047696e-08
7.166663646698,1.18805986827037e-19,-3.09126013675609e-09,-2.43946320921395e-08
7.17499732971191,-1.44954212890301e-19,5.65378299732799e-10,4.47622072741183e-09
7.18333053588867,2.62169466775912e-20,-3.66829722153739e-09,-2.89467809722055e-08
7.19166374206543,1.18791549940408e-19,-3.09126635400503e-09,-2.43946800537742e-08
7.19999694824219,-1.44928453969038e-19,5.65379187911219e-10,4.47622783283919e-09
7.2083306312561,2.62110966365794e-20,-3.66829189246687e-09,-2.89467383396413e-08
7.21666383743286,1.18801217613817e-19,-3.09127234920936e-09,-2.43947297917657e-08
7.22499704360962,-1.44944415969921e-19,5.65380076089639e-10,4.47623493826654e-09
7.23333024978638,2.62109383090403e-20,-3.66828656339635e-09,-2.89466957070772e-08
7.24166393280029,1.18801088366847e-19,-3.09127834441369e-09,-2.43947777534004e-08
7.24999713897705,-1.44902268532772e-19,5.6538101977921e-10,4.4762420436939e-09
7.25833034515381,2.62074098667399e-20,-3.66828123432583e-09,-2.89466530745131e-08
7.26666355133057,1.18794561394826e-19,-3.09128456166263e-09,-2.4394825715035e-08
7.27499723434448,-1.44920414807459e-19,5.65381907957629e-10,4.47624870503205e-09
7.28333044052124,2.62100610452266e-20,-3.66827590525531e-09,-2.89466122183057e-08
7.291663646698,1.18822969878988e-19,-3.09129055686697e-09,-2.43948736766697e-08
7.29999685287476,-1.44930224652536e-19,5.65382796136049e-10,4.47625581045941e-09
7.30833053588867,2.62024920195043e-20,-3.6682705761848e-09,-2.89465695857416e-08
7.31666374206543,1.18799214285771e-19,-3.0912967741159e-09,-2.43949216383044e-08
7.32499694824219,-1.44905344610675e-19,5.65383684314469e-10,4.47626291588676e-09
7.3333306312561,2.61835654162307e-20,-3.66826502506967e-09,-2.89465269531775e-08
7.34166383743286,1.18828992787823e-19,-3.09130276932024e-09,-2.4394969599939e-08
7.34999704360962,-1.44962109880211e-19,5.65384572492889e-10,4.47627002131412e-09
7.35833024978638,2.61934851212328e-20,-3.66825969599915e-09,-2.89464843206133e-08
7.36666393280029,1.18783484929436e-19,-3.09130876452457e-09,-2.43950175615737e-08
7.37499713897705,-1.44945217301139e-19,5.65385460671308e-10,4.47627712674148e-09
7.38333034515381,2.61841034067463e-20,-3.66825436692864e-09,-2.89464416880492e-08
7.39166355133057,1.18787582058407e-19,-3.09131498177351e-09,-2.43950655232084e-08
7.39999723434448,-1.44922689554144e-19,5.65386348849728e-10,4.47628423216884e-09
7.40833044052124,2.61840597858937e-20,-3.66824903785812e-09,-2.8946399055485e-08
7.416663646698,1.18791071726616e-19,-3.09132097697784e-09,-2.4395113484843e-08
7.42499685287476,-1.44950632749212e-19,5.65387237028148e-10,4.47629133759619e-09
7.43333053588867,2.61733888328743e-20,-3.6682437087876e-09,-2.89463581992777e-08
7.44166374206543,1.18759936131372e-19,-3.09132719422678e-09,-2.43951614464777e-08
7.44999694824219,-1.44955686305767e-19,5.65388180717719e-10,4.47629844302355e-09
7.45833015441895,2.61764956069328e-20,-3.66823837971708e-09,-2.89463155667136e-08
7.46666383743286,1.18755864851795e-19,-3.09133318943111e-09,-2.43952094081124e-08
7.47499704360962,-1.45038701635055e-19,5.65389068896138e-10,4.47630554845091e-09
7.48333024978638,2.61743404136962e-20,-3.66823305064656e-09,-2.89462729341494e-08
7.49166345596313,1.18751509228882e-19,-3.09133918463544e-09,-2.4395257369747e-08
7.49999713897705,-1.44932693269677e-19,5.65389957074558e-10,4.47631220978906e-09
7.50833034515381,2.6152316729887e-20,-3.66822749953144e-09,-2.89462303015853e-08
7.51666355133057,1.18770379286606e-19,-3.09134540188438e-09,-2.43953053313817e-08
7.52499675750732,-1.44974569288188e-19,5.65390845252978e-10,4.47631931521641e-09
7.53333044052124,2.61628422800643e-20,-3.66822217046092e-09,-2.89461876690211e-08
7.541663646698,1.18745447545955e-19,-3.09135139708872e-09,-2.43953532930163e-08
7.54999685287476,-1.44957314817598e-19,5.65391733431397e-10,4.47632642064377e-09
7.55833053588867,2.61710333068331e-20,-3.6682168413904e-09,-2.8946145036457e-08
7.56666374206543,1.18776027379226e-19,-3.09135761433765e-09,-2.4395401254651e-08
7.57499694824219,-1.45007333395263e-19,5.65392621609817e-10,4.47633352607113e-09
7.58333015441895,2.6154741726175e-20,-3.66821151231989e-09,-2.89461041802497e-08
7.59166383743286,1.18792881184206e-19,-3.09136360954199e-09,-2.43954492162857e-08
7.59999704360962,-1.44956513486379e-19,5.65393509788237e-10,4.47634063149849e-09
7.60833024978638,2.61615223453759e-20,-3.66820618324937e-09,-2.89460615476855e-08
7.61666345596313,1.18765299880657e-19,-3.09136982679092e-09,-2.43954971779203e-08
7.62499713897705,-1.44961864310967e-19,5.65394397966656e-10,4.47634773692585e-09
7.63333034515381,2.61642090667796e-20,-3.66820085417885e-09,-2.89460189151214e-08
7.64166355133057,1.18785798450211e-19,-3.09137582199526e-09,-2.4395545139555e-08
7.64999675750732,-1.44946936285849e-19,5.65395286145076e-10,4.4763548423532e-09
7.65833044052124,2.61672108276743e-20,-3.66819530306373e-09,-2.89459762825572e-08
7.666663646698,1.18755050595879e-19,-3.09138181719959e-09,-2.43955931011897e-08
7.67499685287476,-1.44929836911624e-19,5.65396229834647e-10,4.47636194778056e-09
7.68333005905151,2.61734373004884e-20,-3.66818997399321e-09,-2.89459336499931e-08
7.69166374206543,1.18765118934898e-19,-3.09138803444853e-09,-2.43956410628243e-08
7.69999694824219,-1.44951343607551e-19,5.65397118013067e-10,4.47636905320792e-09
7.70833015441895,2.6165023322695e-20,-3.66818464492269e-09,-2.89458910174289e-08
7.7166633605957,1.18760246324102e-19,-3.09139402965286e-09,-2.4395689024459e-08
7.72499704360962,-1.44948138282677e-19,5.65398006191487e-10,4.47637571454607e-09
7.73333024978638,2.61636274554114e-20,-3.66817931585217e-09,-2.89458501612216e-08
7.74166345596313,1.1874741209991e-19,-3.0914002469018e-09,-2.43957369860937e-08
7.74999666213989,-1.44991410168471e-19,5.65398894369906e-10,4.47638281997342e-09
7.75833034515381,2.61661396934046e-20,-3.66817398678165e-09,-2.89458075286575e-08
7.76666355133057,1.18769435783719e-19,-3.09140624210613e-09,-2.43957867240852e-08
7.77499675750732,-1.44975771285015e-19,5.65399782548326e-10,4.47638992540078e-09
7.78333044052124,2.61535025708433e-20,-3.66816865771113e-09,-2.89457648960934e-08
7.791663646698,1.1873717573983e-19,-3.09141223731046e-09,-2.43958346857198e-08
7.79999685287476,-1.45005174970852e-19,5.65400670726746e-10,4.47639703082814e-09
7.80833005905151,2.61499030427089e-20,-3.66816332864062e-09,-2.89457222635292e-08
7.81666374206543,1.18720373633637e-19,-3.0914184545594e-09,-2.43958826473545e-08
7.82499694824219,-1.44993012830908e-19,5.65401558905165e-10,4.4764041362555e-09
7.83333015441895,2.61385018443051e-20,-3.66815777752549e-09,-2.89456796309651e-08
7.8416633605957,1.18754443135117e-19,-3.09142444976374e-09,-2.43959306089891e-08
7.84999704360962,-1.44968391282988e-19,5.65402447083585e-10,4.47641124168285e-09
7.85833024978638,2.61413953608619e-20,-3.66815244845498e-09,-2.89456369984009e-08
7.86666345596313,1.18730765090083e-19,-3.09143066701267e-09,-2.43959785706238e-08
7.87499666213989,-1.44982647223857e-19,5.65403335262005e-10,4.47641834711021e-09
7.88333034515381,2.61456104276942e-20,-3.66814711938446e-09,-2.89455943658368e-08
7.89166355133057,1.18742565338508e-19,-3.09143666221701e-09,-2.43960265322585e-08
7.89999675750732,-1.44952015691798e-19,5.65404278951576e-10,4.47642545253757e-09
7.90832996368408,2.6139526126548e-20,-3.66814179031394e-09,-2.89455535096295e-08
7.916663646698,1.18757260719078e-19,-3.09144265742134e-09,-2.43960744938931e-08
7.92499685287476,-1.44949262731322e-19,5.65405167129995e-10,4.47643255796493e-09
7.93333005905151,2.61488125213936e-20,-3.66813646124342e-09,-2.89455108770653e-08
7.94166326522827,1.18783187661403e-19,-3.09144887467028e-09,-2.43961224555278e-08
7.94999694824219,-1.4500862586497e-19,5.65406055308415e-10,4.47643921930307e-09
7.95833015441895,2.61424293366276e-20,-3.6681311321729e-09,-2.89454682445012e-08
7.9666633605957,1.18749777319474e-19,-3.09145486987461e-09,-2.43961704171625e-08
7.97499704360962,-1.44981574474e-19,5.65406943486835e-10,4.47644632473043e-09
7.98333024978638,2.61415698442723e-20,-3.66812558105778e-09,-2.8945425611937e-08
7.99166345596313,1.18754947198303e-19,-3.09146108712355e-09,-2.43962183787971e-08
7.99999666213989,-1.44948849141016e-19,5.65407831665254e-10,4.47645343015779e-09
8.00833034515381,2.61611055238954e-20,-3.66812025198726e-09,-2.89453829793729e-08
8.01666355133057,1.18747761066731e-19,-3.09146708232788e-09,-2.43962663404318e-08
8.02499675750732,-1.44973470688937e-19,5.65408719843674e-10,4.47646053558515e-09
8.03332996368408,2.61464489174167e-20,-3.66811492291674e-09,-2.89453403468087e-08
8.04166316986084,1.18749131084621e-19,-3.09147307753221e-09,-2.43963143020665e-08
8.0499963760376,-1.44978071881094e-19,5.65409608022094e-10,4.4764676410125e-09
8.05833053588867,2.61585900547279e-20,-3.66810959384622e-09,-2.89452994906014e-08
8.06666374206543,1.18755011821788e-19,-3.09147929478115e-09,-2.43963622637011e-08
8.07499694824219,-1.44930909661481e-19,5.65410496200514e-10,4.47647474643986e-09
8.08333015441895,2.6137656892234e-20,-3.66810426477571e-09,-2.89452568580373e-08
8.0916633605957,1.18751392906608e-19,-3.09148528998548e-09,-2.43964102253358e-08
8.09999656677246,-1.44984107714626e-19,5.65411384378933e-10,4.47648185186722e-09
8.10832977294922,2.61427524540543e-20,-3.66809893570519e-09,-2.89452142254731e-08
8.11666297912598,1.18744090452763e-19,-3.09149150723442e-09,-2.43964581869704e-08
8.12499713897705,-1.44983551952652e-19,5.65412328068504e-10,4.47648895729458e-09
8.13333034515381,2.61287194642093e-20,-3.66809338459007e-09,-2.8945171592909e-08
8.14166355133057,1.18737240363315e-19,-3.09149750243876e-09,-2.43965061486051e-08
8.14999675750732,-1.44986796051617e-19,5.65413216246924e-10,4.47649606272194e-09
8.15832996368408,2.61390899180218e-20,-3.66808805551955e-09,-2.89451289603448e-08
8.16666316986084,1.18738119242716e-19,-3.09150349764309e-09,-2.43965541102398e-08
8.1749963760376,-1.44989846280126e-19,5.65414104425344e-10,4.47650272406008e-09
8.18333053588867,2.61269859392147e-20,-3.66808272644903e-09,-2.89450863277807e-08
8.19166374206543,1.18747425024607e-19,-3.09150971489203e-09,-2.43966020718744e-08
8.19999694824219,-1.44994421622889e-19,5.65414992603763e-10,4.47650982948744e-09
8.20833015441895,2.61269956327375e-20,-3.66807739737851e-09,-2.89450454715734e-08
8.2166633605957,1.1876007830304e-19,-3.09151571009636e-09,-2.43966500335091e-08
8.22499656677246,-1.44941650084747e-19,5.65415880782183e-10,4.4765169349148e-09
8.23332977294922,2.61352044309648e-20,-3.66807206830799e-09,-2.89450028390092e-08
8.24166297912598,1.1874057493516e-19,-3.0915219273453e-09,-2.43966979951438e-08
8.24999713897705,-1.4498528386206e-19,5.65416768960603e-10,4.47652404034216e-09
8.25833034515381,2.61536899789508e-20,-3.66806673923747e-09,-2.89449602064451e-08
8.26666355133057,1.1878073196896e-19,-3.09152792254963e-09,-2.43967459567784e-08
8.27499675750732,-1.44934838769391e-19,5.65417657139022e-10,4.47653114576951e-09
8.28332996368408,2.6126591735954e-20,-3.66806141016696e-09,-2.8944917573881e-08
8.29166316986084,1.18761771438356e-19,-3.09153413979857e-09,-2.43967956947699e-08
8.2999963760376,-1.44938393061085e-19,5.65418545317442e-10,4.47653825119687e-09
8.30832958221436,2.61237499181855e-20,-3.66805585905183e-09,-2.89448749413168e-08
8.31666374206543,1.18759742260916e-19,-3.0915401350029e-09,-2.43968436564046e-08
8.32499694824219,-1.44999849995659e-19,5.65419433495862e-10,4.47654535662423e-09
8.33333015441895,2.61230035169296e-20,-3.66805052998131e-09,-2.89448323087527e-08
8.3416633605957,1.18785824299606e-19,-3.09154613020723e-09,-2.43968916180393e-08
8.34999656677246,-1.44973625785301e-19,5.65420377185433e-10,4.47655246205159e-09
8.35832977294922,2.61355824783541e-20,-3.6680452009108e-09,-2.89447896761885e-08
8.36666297912598,1.18744077528066e-19,-3.09155234745617e-09,-2.43969395796739e-08
8.37499618530273,-1.44988902777239e-19,5.65421265363852e-10,4.47655912338973e-09
8.38333034515381,2.61319118643859e-20,-3.66803987184028e-09,-2.89447488199812e-08
8.39166355133057,1.18705936747009e-19,-3.09155834266051e-09,-2.43969875413086e-08
8.39999675750732,-1.44987519834653e-19,5.65422153542272e-10,4.47656622881709e-09
8.40832996368408,2.61250746996353e-20,-3.66803454276976e-09,-2.89447061874171e-08
8.41666316986084,1.18743547615486e-19,-3.09156455990944e-09,-2.43970355029433e-08
8.4249963760376,-1.45004929401608e-19,5.65423041720692e-10,4.47657333424445e-09
8.43332958221436,2.61259341919905e-20,-3.66802921369924e-09,-2.89446635548529e-08
8.44166374206543,1.18726448241261e-19,-3.09157055511378e-09,-2.43970834645779e-08
8.44999694824219,-1.4500341721205e-19,5.65423929899111e-10,4.47658043967181e-09
8.45833015441895,2.61188498424084e-20,-3.66802366258412e-09,-2.89446209222888e-08
8.4666633605957,1.18720283160758e-19,-3.09157655031811e-09,-2.43971314262126e-08
8.47499656677246,-1.44991642813019e-19,5.65424818077531e-10,4.47658754509916e-09
8.48332977294922,2.61052869884194e-20,-3.6680183335136e-09,-2.89445782897246e-08
8.49166297912598,1.18750953466908e-19,-3.09158276756705e-09,-2.43971793878472e-08
8.49999618530273,-1.45017233713219e-19,5.65425706255951e-10,4.47659465052652e-09
8.50833034515381,2.61151339920004e-20,-3.66801300444308e-09,-2.89445356571605e-08
8.51666355133057,1.18725013599886e-19,-3.09158876277138e-09,-2.43972273494819e-08
8.52499675750732,-1.44997962989886e-19,5.65426594434371e-10,4.47660175595388e-09
8.53332996368408,2.60997746051185e-20,-3.66800767537256e-09,-2.89444948009532e-08
8.54166316986084,1.18706789777016e-19,-3.09159498002032e-09,-2.43972753111166e-08
8.5499963760376,-1.44997782044127e-19,5.6542748261279e-10,4.47660886138124e-09
8.55832958221436,2.61135184048666e-20,-3.66800234630205e-09,-2.8944452168389e-08
8.56666278839111,1.1874207420002e-19,-3.09160097522465e-09,-2.43973232727512e-08
8.57499694824219,-1.45003792028265e-19,5.6542837079121e-10,4.47661552271938e-09
8.58333015441895,2.61244769323957e-20,-3.66799701723153e-09,-2.89444095358249e-08
8.5916633605957,1.18756330140889e-19,-3.09160697042898e-09,-2.43973712343859e-08
8.59999656677246,-1.45000173113085e-19,5.65429314480781e-10,4.47662262814674e-09
8.60832977294922,2.61132292147696e-20,-3.66799168816101e-09,-2.89443669032607e-08
8.61666297912598,1.18734577875718e-19,-3.09161318767792e-09,-2.43974191960206e-08
8.62499618530273,-1.44976882808963e-19,5.65430202659201e-10,4.4766297335741e-09
8.63333034515381,2.61191600351381e-20,-3.66798613704589e-09,-2.89443242706966e-08
8.64166355133057,1.18754300963449e-19,-3.09161918288225e-09,-2.43974671576552e-08
8.64999675750732,-1.44984469606144e-19,5.6543109083762e-10,4.47663683900146e-09
8.65832996368408,2.61226238539532e-20,-3.66798080797537e-09,-2.89442816381325e-08
8.66666316986084,1.18737692727713e-19,-3.09162540013119e-09,-2.43975151192899e-08
8.6749963760376,-1.44984262810991e-19,5.6543197901604e-10,4.47664394442882e-09
8.68332958221436,2.61247742004284e-20,-3.66797547890485e-09,-2.89442407819251e-08
8.69166278839111,1.18742836757147e-19,-3.09163139533553e-09,-2.43975630809246e-08
8.69999694824219,-1.44964500949169e-19,5.6543286719446e-10,4.47665104985617e-09
8.70833015441895,2.61104681763578e-20,-3.66797014983433e-09,-2.8944198149361e-08
8.7166633605957,1.18759251122427e-19,-3.09163739053986e-09,-2.43976110425592e-08
8.72499656677246,-1.4495152455331e-19,5.65433755372879e-10,4.47665815528353e-09
8.73332977294922,2.61136234180303e-20,-3.66796482076381e-09,-2.89441555167969e-08
8.74166297912598,1.18721252513038e-19,-3.0916436077888e-09,-2.43976590041939e-08
8.74999618530273,-1.44962536395214e-19,5.65434643551299e-10,4.47666526071089e-09
8.75832939147949,2.61248016654097e-20,-3.6679594916933e-09,-2.89441128842327e-08
8.76666355133057,1.18735262884663e-19,-3.09164960299313e-09,-2.43977069658285e-08
8.77499675750732,-1.44963699617951e-19,5.65435531729719e-10,4.47667236613825e-09
8.78332996368408,2.61202069356009e-20,-3.66795394057817e-09,-2.89440702516686e-08
8.79166316986084,1.1874357346488e-19,-3.09165582024207e-09,-2.43977549274632e-08
8.7999963760376,-1.44962898286732e-19,5.65436419908139e-10,4.47667902747639e-09
8.80832958221436,2.61029250000296e-20,-3.66794861150765e-09,-2.89440276191044e-08
8.81666278839111,1.18779633369708e-19,-3.0916618154464e-09,-2.43978028890979e-08
8.82499599456787,-1.44960016079285e-19,5.65437308086558e-10,4.47668613290375e-09
8.83333015441895,2.61178287913398e-20,-3.66794328243714e-09,-2.89439867628971e-08
8.8416633605957,1.1872790873203e-19,-3.09166781065073e-09,-2.43978508507325e-08
8.84999656677246,-1.44961799687481e-19,5.65438251776129e-10,4.47669323833111e-09
8.85832977294922,2.61277872704331e-20,-3.66793795336662e-09,-2.8943944130333e-08
8.86666297912598,1.18707087045048e-19,-3.09167402789967e-09,-2.4397900588724e-08
8.87499618530273,-1.44977554893211e-19,5.65439139954549e-10,4.47670034375847e-09
8.88332939147949,2.61098445597241e-20,-3.6679326242961e-09,-2.89439014977688e-08
8.89166355133057,1.18740432763492e-19,-3.091680023104e-09,-2.43979485503587e-08
8.89999675750732,-1.44964927464172e-19,5.65440028132969e-10,4.47670744918582e-09
8.90832996368408,2.61041140721602e-20,-3.66792729522558e-09,-2.89438588652047e-08
8.91666316986084,1.18750966391605e-19,-3.09168624035294e-09,-2.43979965119934e-08
8.9249963760376,-1.45004541660696e-19,5.65440916311388e-10,4.47671455461318e-09
8.93332958221436,2.60884412613743e-20,-3.66792174411046e-09,-2.89438162326405e-08
8.94166278839111,1.18716703019669e-19,-3.09169223555728e-09,-2.4398044473628e-08
8.94999599456787,-1.44962006482634e-19,5.65441804489808e-10,4.47672166004054e-09
8.95833015441895,2.60938211665301e-20,-3.66791641503994e-09,-2.89437736000764e-08
8.9666633605957,1.18755192767547e-19,-3.09169823076161e-09,-2.43980924352627e-08
8.97499656677246,-1.44973406065451e-19,5.65442692668228e-10,4.4767287654679e-09
8.98332977294922,2.60923525978254e-20,-3.66791108596942e-09,-2.89437309675122e-08
8.99166297912598,1.18742565338508e-19,-3.09170444801055e-09,-2.43981403968974e-08
8.99999618530273,-1.44993801237429e-19,5.65443580846647e-10,4.47673542680604e-09
9.00832939147949,2.60970846525406e-20,-3.6679057568989e-09,-2.89436901113049e-08
9.01666259765625,1.18736154688761e-19,-3.09171044321488e-09,-2.4398188358532e-08
9.02499675750732,-1.45013731120313e-19,5.65444469025067e-10,4.4767425322334e-09
9.03332996368408,2.60925076941903e-20,-3.66790042782839e-09,-2.89436474787408e-08
9.04166316986084,1.18705613629582e-19,-3.09171666046382e-09,-2.43982363201667e-08
9.0499963760376,-1.45037745207471e-19,5.65445357203487e-10,4.47674963766076e-09
9.05832958221436,2.60930376067702e-20,-3.66789509875787e-09,-2.89436048461766e-08
9.06666278839111,1.18705574855491e-19,-3.09172265566815e-09,-2.43982842818014e-08
9.07499599456787,-1.45027676868453e-19,5.65446245381906e-10,4.47675674308812e-09
9.08333015441895,2.61023708536427e-20,-3.66788976968735e-09,-2.89435622136125e-08
9.0916633605957,1.18728012129606e-19,-3.09172887291709e-09,-2.4398332243436e-08
9.09999656677246,-1.44962342524758e-19,5.65447189071477e-10,4.47676384851547e-09
9.10832977294922,2.60920262492244e-20,-3.66788421857223e-09,-2.89435195810483e-08
9.11666297912598,1.18743638088365e-19,-3.09173486812142e-09,-2.43983802050707e-08
9.12499618530273,-1.44977813387152e-19,5.65448077249897e-10,4.47677095394283e-09
9.13332939147949,2.609873093583e-20,-3.66787888950171e-09,-2.89434769484842e-08
9.14166259765625,1.18757557987111e-19,-3.09174086332575e-09,-2.43984281667053e-08
9.14999675750732,-1.44955738004555e-19,5.65448965428317e-10,4.47677805937019e-09
9.15832996368408,2.60979328357859e-20,-3.66787356043119e-09,-2.89434360922769e-08
9.16666316986084,1.18733492201165e-19,-3.09174708057469e-09,-2.439847612834e-08
9.1749963760376,-1.45008302747543e-19,5.65449853606736e-10,4.47678516479755e-09
9.18332958221436,2.60956726293856e-20,-3.66786823136067e-09,-2.89433934597128e-08
9.19166278839111,1.18736219312247e-19,-3.09175307577902e-09,-2.43985240899747e-08
9.19999599456787,-1.44959537865494e-19,5.65450741785156e-10,4.4767918261357e-09
9.20832920074463,2.60946338068585e-20,-3.66786290229015e-09,-2.89433508271486e-08
9.2166633605957,1.18712347396756e-19,-3.09175929302796e-09,-2.43985720516093e-08
9.22499656677246,-1.44982117311277e-19,5.65451629963576e-10,4.47679893156305e-09
9.23332977294922,2.60911796815662e-20,-3.66785757321964e-09,-2.89433081945845e-08
9.24166297912598,1.18744529892463e-19,-3.0917652882323e-09,-2.4398620013244e-08
9.24999618530273,-1.44966866168733e-19,5.65452518141996e-10,4.47680603699041e-09
9.25832939147949,2.60902006357631e-20,-3.66785202210451e-09,-2.89432655620203e-08
9.26666259765625,1.18738080468625e-19,-3.09177128343663e-09,-2.43986679748787e-08
9.27499675750732,-1.44993723689247e-19,5.65453406320415e-10,4.47681314241777e-09
9.28332996368408,2.60926143229411e-20,-3.66784669303399e-09,-2.89432229294562e-08
9.29166316986084,1.18731191605086e-19,-3.09177750068557e-09,-2.43987159365133e-08
9.2999963760376,-1.45001362185216e-19,5.65454294498835e-10,4.47682024784513e-09
9.30832958221436,2.60960829885176e-20,-3.66784136396348e-09,-2.8943180296892e-08
9.31666278839111,1.18725621060648e-19,-3.0917834958899e-09,-2.4398763898148e-08
9.32499599456787,-1.44987028696164e-19,5.65455182677255e-10,4.47682735327248e-09
9.33332920074463,2.60767282546535e-20,-3.66783603489296e-09,-2.89431394406847e-08
9.3416633605957,1.18731424249633e-19,-3.09178971313884e-09,-2.43988118597827e-08
9.34999656677246,-1.45021847830074e-19,5.65456070855674e-10,4.47683445869984e-09
9.35832977294922,2.6083696281962e-20,-3.66783070582244e-09,-2.89430968081206e-08
9.36666297912598,1.18702847744409e-19,-3.09179570834317e-09,-2.43988598214173e-08
9.37499618530273,-1.45009957108768e-19,5.65457014545245e-10,4.47684112003799e-09
9.38332939147949,2.60756635827323e-20,-3.66782537675192e-09,-2.89430541755564e-08
9.39166259765625,1.18722196015924e-19,-3.0918017035475e-09,-2.4398907783052e-08
9.39999580383301,-1.450398260837e-19,5.65457902723665e-10,4.47684822546535e-09
9.40832996368408,2.60779981061408e-20,-3.6678198256368e-09,-2.89430115429923e-08
9.41666316986084,1.18726874756264e-19,-3.09180792079644e-09,-2.43989575210435e-08
9.4249963760376,-1.45055361569579e-19,5.65458790902085e-10,4.4768553308927e-09
9.43332958221436,2.60629989951897e-20,-3.66781449656628e-09,-2.89429689104281e-08
9.44166278839111,1.18687932643989e-19,-3.09181391600077e-09,-2.43990054826781e-08
9.44999599456787,-1.44994693041527e-19,5.65459679080504e-10,4.47686243632006e-09
9.45832920074463,2.60731594226748e-20,-3.66780916749576e-09,-2.8942926277864e-08
9.46666240692139,1.18701568199399e-19,-3.09182013324971e-09,-2.43990534443128e-08
9.47499656677246,-1.45038094174292e-19,5.65460567258924e-10,4.47686954174742e-09
9.48332977294922,2.6064776141037e-20,-3.66780383842524e-09,-2.89428854216567e-08
9.49166297912598,1.18693335167364e-19,-3.09182612845404e-09,-2.43991014059475e-08
9.49999618530273,-1.45007488491628e-19,5.65461455437344e-10,4.47687664717478e-09
9.50832939147949,2.60772242399037e-20,-3.66779850935472e-09,-2.89428427890925e-08
9.51666259765625,1.18700340353177e-19,-3.09183212365838e-09,-2.43991493675821e-08
9.52499580383301,-1.4501383451789e-19,5.65462343615764e-10,4.47688375260213e-09
9.53332996368408,2.60518110542875e-20,-3.66779318028421e-09,-2.89428001565284e-08
9.54166316986084,1.18690207390673e-19,-3.09183834090732e-09,-2.43991973292168e-08
9.5499963760376,-1.45048847522255e-19,5.65463231794183e-10,4.47689085802949e-09
9.55832958221436,2.60720834416436e-20,-3.66778785121369e-09,-2.89427575239642e-08
9.56666278839111,1.1868766122535e-19,-3.09184433611165e-09,-2.43992452908515e-08
9.57499599456787,-1.44975965155471e-19,5.65464119972603e-10,4.47689751936764e-09
9.58332920074463,2.60416070059499e-20,-3.66778230009857e-09,-2.89427148914001e-08
9.59166240692139,1.1872556936186e-19,-3.09185055336059e-09,-2.43992932524861e-08
9.59999656677246,-1.45025957883742e-19,5.65465008151023e-10,4.476904624795e-09
9.60832977294922,2.60418331881486e-20,-3.66777697102805e-09,-2.8942672258836e-08
9.61666297912598,1.18664771586837e-19,-3.09185654856492e-09,-2.43993412141208e-08
9.62499618530273,-1.45053784756537e-19,5.65465896329442e-10,4.47691173022235e-09
9.63332939147949,2.60347730723735e-20,-3.66777164195753e-09,-2.89426314026286e-08
9.64166259765625,1.18668661920656e-19,-3.09186254376925e-09,-2.43993891757555e-08
9.64999580383301,-1.45036491511855e-19,5.65466840019013e-10,4.47691883564971e-09
9.65832901000977,2.60347859970706e-20,-3.66776631288701e-09,-2.89425887700645e-08
9.66666316986084,1.18706595906559e-19,-3.09186876101819e-09,-2.43994371373901e-08
9.6749963760376,-1.45065701327236e-19,5.65467728197433e-10,4.47692594107707e-09
9.68332958221436,2.6035538860675e-20,-3.66776098381649e-09,-2.89425461375004e-08
9.69166278839111,1.18651394525369e-19,-3.09187475622252e-09,-2.43994850990248e-08
9.69999599456787,-1.45024187200244e-19,5.65468616375853e-10,4.47693304650443e-09
9.70832920074463,2.60453212407707e-20,-3.66775565474597e-09,-2.89425035049362e-08
9.71666240692139,1.18649132703381e-19,-3.09188097347146e-09,-2.43995330606595e-08
9.72499656677246,-1.44988657207995e-19,5.65469504554272e-10,4.47694015193179e-09
9.73332977294922,2.60388540454737e-20,-3.66775010363085e-09,-2.89424608723721e-08
9.74166297912598,1.18684688545024e-19,-3.09188696867579e-09,-2.43995810222941e-08
9.74999618530273,-1.45070612712123e-19,5.65470392732692e-10,4.47694681326993e-09
9.75832939147949,2.60354419254469e-20,-3.66774477456033e-09,-2.89424182398079e-08
9.76666259765625,1.18683589945773e-19,-3.09189296388013e-09,-2.43996289839288e-08
9.77499580383301,-1.45036349340188e-19,5.65471280911112e-10,4.47695391869729e-09
9.78332901000977,2.60562313006859e-20,-3.66773944548981e-09,-2.89423756072438e-08
9.79166316986084,1.18671789697347e-19,-3.09189918112907e-09,-2.43996769455634e-08
9.7999963760376,-1.45035160268057e-19,5.65472169089531e-10,4.47696102412465e-09
9.80832958221436,2.60500355240274e-20,-3.6677341164193e-09,-2.89423347510365e-08
9.81666278839111,1.18671376107041e-19,-3.0919051763334e-09,-2.43997249071981e-08
9.82499599456787,-1.45045021811922e-19,5.65473057267951e-10,4.47696812955201e-09
9.83332920074463,2.60332431113577e-20,-3.66772878734878e-09,-2.89422921184723e-08
9.84166240692139,1.18680216599837e-19,-3.09191139358234e-09,-2.43997728688328e-08
9.84999561309814,-1.45049480832412e-19,5.65473945446371e-10,4.47697523497936e-09
9.85832977294922,2.60350428754249e-20,-3.66772345827826e-09,-2.89422494859082e-08
9.86666297912598,1.18695700386929e-19,-3.09191738878667e-09,-2.43998208304674e-08
9.87499618530273,-1.45064551029197e-19,5.65474833624791e-10,4.47698234040672e-09
9.88332939147949,2.60340896790159e-20,-3.66771790716314e-09,-2.8942206853344e-08
9.89166259765625,1.18686329981552e-19,-3.091923383991e-09,-2.43998687921021e-08
9.89999580383301,-1.45037641809895e-19,5.6547572180321e-10,4.47698944583408e-09
9.90832901000977,2.60222765058928e-20,-3.66771257809262e-09,-2.89421642207799e-08
9.91666316986084,1.18696126901932e-19,-3.09192960123994e-09,-2.43999167537368e-08
9.9249963760376,-1.450711555494e-19,5.65476665492781e-10,4.47699655126144e-09
9.93332958221436,2.60482955366842e-20,-3.6677072490221e-09,-2.89421215882157e-08
9.94166278839111,1.18674723603582e-19,-3.09193559644427e-09,-2.43999647153714e-08
9.94999599456787,-1.45031851545607e-19,5.65477553671201e-10,4.47700321259958e-09
9.95832920074463,2.60430981928744e-20,-3.66770191995158e-09,-2.89420807320084e-08
9.96666240692139,1.1868201313273e-19,-3.09194181369321e-09,-2.44000126770061e-08
9.97499561309814,-1.45041402896742e-19,5.65478441849621e-10,4.47701031802694e-09
9.98332977294922,2.60483391575368e-20,-3.66769659088106e-09,-2.89420380994443e-08
9.99166297912598,1.18698427498011e-19,-3.09194780889754e-09,-2.44000624149976e-08
9.99999618530273,-1.45031993717275e-19,5.6547933002804e-10,4.4770174234543e-09
10.0083293914795,2.60444536704798e-20,-3.66769126181055e-09,-2.89419954668801e-08
10.0166625976562,1.18697315974062e-19,-3.09195380410188e-09,-2.44001103766323e-08
10.024995803833,-1.449996690499e-19,5.6548021820646e-10,4.47702452888166e-09
10.0333290100098,2.60237111472677e-20,-3.66768571069542e-09,-2.8941952834316e-08
10.0416622161865,1.18688669351722e-19,-3.09196002135081e-09,-2.44001583382669e-08
10.0499963760376,-1.45056305072465e-19,5.6548110638488e-10,4.47703163430901e-09
10.0583295822144,2.60446330006516e-20,-3.6676803816249e-09,-2.89419102017519e-08
10.0666627883911,1.18685502800939e-19,-3.09196601655515e-09,-2.44002062999016e-08
10.0749959945679,-1.4502631977526e-19,5.65481994563299e-10,4.47703873973637e-09
10.0833292007446,2.60552732575155e-20,-3.66767505255439e-09,-2.89418675691877e-08
10.0916624069214,1.18722725928504e-19,-3.09197223380409e-09,-2.44002542615362e-08
10.0999956130981,-1.45017944571558e-19,5.65482882741719e-10,4.47704584516373e-09
10.1083288192749,2.60488706857038e-20,-3.66766972348387e-09,-2.89418267129804e-08
10.116662979126,1.18712528342515e-19,-3.09197822900842e-09,-2.44003022231709e-08
10.1249961853027,-1.45001659453249e-19,5.65483770920139e-10,4.47705250650188e-09
10.1333293914795,2.60521987951997e-20,-3.66766439441335e-09,-2.89417840804163e-08
10.1416625976562,1.18715035733747e-19,-3.09198444625736e-09,-2.44003501848056e-08
10.149995803833,-1.45003171642806e-19,5.65484659098558e-10,4.47705961192923e-09
10.1583290100098,2.60574316819263e-20,-3.66765906534283e-09,-2.89417414478521e-08
10.1666622161865,1.18719210410901e-19,-3.09199044146169e-09,-2.44003981464402e-08
10.1749963760376,-1.44982737696737e-19,5.65485547276978e-10,4.47706671735659e-09
10.1833295822144,2.605959979986e-20,-3.66765373627231e-09,-2.8941698815288e-08
10.1916627883911,1.18735521378605e-19,-3.09199643666602e-09,-2.44004461080749e-08
10.1999959945679,-1.45010848912866e-19,5.65486435455398e-10,4.47707382278395e-09
10.2083292007446,2.60567062833032e-20,-3.66764818515719e-09,-2.89416561827238e-08
10.2166624069214,1.18700534223633e-19,-3.09200265391496e-09,-2.44004940697096e-08
10.2249956130981,-1.45030856343932e-19,5.65487379144969e-10,4.47708092821131e-09
10.2333288192749,2.60642236102372e-20,-3.66764285608667e-09,-2.89416135501597e-08
10.241662979126,1.18753202364198e-19,-3.09200864911929e-09,-2.44005420313442e-08
10.2499961853027,-1.45016755499428e-19,5.65488267323389e-10,4.47708803363867e-09
10.2583293914795,2.60436345678029e-20,-3.66763752701615e-09,-2.89415709175955e-08
10.2666625976562,1.18720735525155e-19,-3.09201486636823e-09,-2.44005899929789e-08
10.274995803833,-1.44994731815619e-19,5.65489155501808e-10,4.47709513906602e-09
10.2833290100098,2.6067117126794e-20,-3.66763219794564e-09,-2.89415300613882e-08
10.2916622161865,1.18697147953e-19,-3.09202086157256e-09,-2.44006379546136e-08
10.2999954223633,-1.45008147651178e-19,5.65490043680228e-10,4.47710180040417e-09
10.3083295822144,2.6022556002467e-20,-3.66762686887512e-09,-2.89414874288241e-08
10.3166627883911,1.1868978087567e-19,-3.0920268567769e-09,-2.44006859162482e-08
10.3249959945679,-1.45037499638227e-19,5.65490931858648e-10,4.47710890583153e-09
10.3333292007446,2.6030929590582e-20,-3.6676215398046e-09,-2.89414447962599e-08
10.3416624069214,1.18668196631561e-19,-3.09203307402584e-09,-2.44007338778829e-08
10.3499956130981,-1.45025208251312e-19,5.65491820037067e-10,4.47711601125889e-09
10.3583288192749,2.60071820753009e-20,-3.66761598868948e-09,-2.89414021636958e-08
10.366662979126,1.18665198101841e-19,-3.09203906923017e-09,-2.44007818395175e-08
10.3749961853027,-1.45057998207782e-19,5.65492708215487e-10,4.47712311668624e-09
10.3833293914795,2.60153666397212e-20,-3.66761065961896e-09,-2.89413595311316e-08
10.3916625976562,1.18667240203978e-19,-3.09204528647911e-09,-2.44008298011522e-08
10.399995803833,-1.45029964539834e-19,5.65493596393907e-10,4.4771302221136e-09
10.4083290100098,2.60142938898643e-20,-3.66760533054844e-09,-2.89413168985675e-08
10.4166622161865,1.18696605115723e-19,-3.09205128168344e-09,-2.44008777627869e-08
10.4249954223633,-1.4505015291666e-19,5.65494484572326e-10,4.47713732754096e-09
10.4333295822144,2.60300797917495e-20,-3.66760000147792e-09,-2.89412760423602e-08
10.4416627883911,1.18714195628437e-19,-3.09205727688777e-09,-2.44009257244215e-08
10.4499959945679,-1.45049416208927e-19,5.65495372750746e-10,4.47714443296832e-09
10.4583292007446,2.6044854336089e-20,-3.6675946724074e-09,-2.8941233409796e-08
10.4666624069214,1.18702007639099e-19,-3.09206349413671e-09,-2.44009736860562e-08
10.4749956130981,-1.45050734528028e-19,5.65496260929166e-10,4.47715109430646e-09
10.4833288192749,2.60344257211397e-20,-3.66758934333689e-09,-2.89411907772319e-08
10.4916620254517,1.18692688932511e-19,-3.09206948934104e-09,-2.44010216476909e-08
10.4999961853027,-1.45009530593765e-19,5.65497149107586e-10,4.47715819973382e-09
10.5083293914795,2.6023738612249e-20,-3.66758379222176e-09,-2.89411481446677e-08
10.5166625976562,1.18644260092585e-19,-3.09207570658998e-09,-2.44010696093255e-08
10.524995803833,-1.45039218622937e-19,5.65498092797156e-10,4.47716530516118e-09
10.5333290100098,2.60225333842471e-20,-3.66757846315124e-09,-2.89411055121036e-08
10.5416622161865,1.18656629027682e-19,-3.09208170179431e-09,-2.44011175709602e-08
10.5499954223633,-1.45064615652682e-19,5.65498980975576e-10,4.47717241058854e-09
10.5583295822144,2.60046762996562e-20,-3.66757313408073e-09,-2.89410628795395e-08
10.5666627883911,1.18684417126385e-19,-3.09208769699865e-09,-2.44011673089517e-08
10.5749959945679,-1.45056511867619e-19,5.65499869153996e-10,4.47717951601589e-09
10.5833292007446,2.60192327397326e-20,-3.66756780501021e-09,-2.89410202469753e-08
10.5916624069214,1.18676235793139e-19,-3.09209391424758e-09,-2.44012152705864e-08
10.5999956130981,-1.4507817365991e-19,5.65500757332416e-10,4.47718662144325e-09
10.6083288192749,2.59983254266329e-20,-3.66756247593969e-09,-2.8940979390768e-08
10.6166620254517,1.18653914841298e-19,-3.09209990945192e-09,-2.4401263232221e-08
10.6249961853027,-1.45048950919832e-19,5.65501645510835e-10,4.47719372687061e-09
10.6333293914795,2.60133794675465e-20,-3.66755714686917e-09,-2.89409367582039e-08
10.6416625976562,1.18680772361811e-19,-3.09210612670086e-09,-2.44013111938557e-08
10.649995803833,-1.45065313586324e-19,5.65502533689255e-10,4.47720038820876e-09
10.6583290100098,2.60012124808411e-20,-3.66755159575405e-09,-2.89408941256397e-08
10.6666622161865,1.1869181005311e-19,-3.09211212190519e-09,-2.44013591554904e-08
10.6749954223633,-1.45026810913749e-19,5.65503421867675e-10,4.47720749363612e-09
10.68332862854,2.60112969757309e-20,-3.66754626668353e-09,-2.89408514930756e-08
10.6916627883911,1.18695028302681e-19,-3.09211811710952e-09,-2.4401407117125e-08
10.6999959945679,-1.45055232322609e-19,5.65504310046094e-10,4.47721459906347e-09
10.7083292007446,2.60093324217761e-20,-3.66754093761301e-09,-2.89408088605114e-08
10.7166624069214,1.18711339270385e-19,-3.09212433435846e-09,-2.44014550787597e-08
10.7249956130981,-1.45101089147817e-19,5.65505198224514e-10,4.47722170449083e-09
10.7333288192749,2.60088202806546e-20,-3.66753560854249e-09,-2.89407662279473e-08
10.7416620254517,1.18659847277253e-19,-3.09213032956279e-09,-2.44015030403943e-08
10.7499952316284,-1.45049984895598e-19,5.65506086402934e-10,4.47722880991819e-09
10.7583293914795,2.59771757754631e-20,-3.66753027947198e-09,-2.894072537174e-08
10.7666625976562,1.18704075590631e-19,-3.09213654681173e-09,-2.4401551002029e-08
10.774995803833,-1.45061268156141e-19,5.65506974581353e-10,4.47723591534555e-09
10.7833290100098,2.59880131339572e-20,-3.66752495040146e-09,-2.89406827391758e-08
10.7916622161865,1.18692417513872e-19,-3.09214254201606e-09,-2.44015989636637e-08
10.7999954223633,-1.45067110119217e-19,5.65507862759773e-10,4.4772430207729e-09
10.80832862854,2.59884574204191e-20,-3.66751939928633e-09,-2.89406401066117e-08
10.8166627883911,1.1867208696538e-19,-3.0921485372204e-09,-2.44016469252983e-08
10.8249959945679,-1.45060182481587e-19,5.65508750938193e-10,4.47724968211105e-09
10.8333292007446,2.59933542650219e-20,-3.66751407021582e-09,-2.89405974740475e-08
10.8416624069214,1.18686640174282e-19,-3.09215475446933e-09,-2.4401694886933e-08
10.8499956130981,-1.45068299191347e-19,5.65509694627764e-10,4.47725678753841e-09
10.8583288192749,2.59900600828559e-20,-3.6675087411453e-09,-2.89405548414834e-08
10.8666620254517,1.18685877617154e-19,-3.09216074967367e-09,-2.44017428485677e-08
10.8749952316284,-1.45073650015935e-19,5.65510582806183e-10,4.47726389296577e-09
10.8833293914795,2.59902281039178e-20,-3.66750341207478e-09,-2.89405122089192e-08
10.8916625976562,1.18641933647113e-19,-3.0921669669226e-09,-2.44017908102023e-08
10.899995803833,-1.45084739406022e-19,5.65511470984603e-10,4.47727099839312e-09
10.9083290100098,2.59925190064737e-20,-3.66749808300426e-09,-2.89404695763551e-08
10.9166622161865,1.1867018703491e-19,-3.09217296212694e-09,-2.4401838771837e-08
10.9249954223633,-1.45057468295202e-19,5.65512359163023e-10,4.47727810382048e-09
10.93332862854,2.5972661825011e-20,-3.66749275393374e-09,-2.89404287201478e-08
10.9416618347168,1.18673780100696e-19,-3.09217895733127e-09,-2.44018867334717e-08
10.9499959945679,-1.45067704655282e-19,5.65513247341443e-10,4.47728520924784e-09
10.9583292007446,2.5979733249896e-20,-3.66748742486322e-09,-2.89403860875836e-08
10.9666624069214,1.18653061811291e-19,-3.09218517458021e-09,-2.44019346951063e-08
10.9749956130981,-1.45027974136486e-19,5.65514135519862e-10,4.47729187058599e-09
10.9833288192749,2.59942509158812e-20,-3.6674818737481e-09,-2.89403434550195e-08
10.9916620254517,1.18652144157799e-19,-3.09219116978454e-09,-2.4401982656741e-08
10.9999952316284,-1.45083627882074e-19,5.65515023698282e-10,4.47729897601334e-09
11.0083293914795,2.59916013529816e-20,-3.66747654467758e-09,-2.89403008224554e-08
11.0166625976562,1.186808240606e-19,-3.09219738703348e-09,-2.44020306183756e-08
11.024995803833,-1.45062715722213e-19,5.65515911876702e-10,4.4773060814407e-09
11.0333290100098,2.60151065301926e-20,-3.66747121560707e-09,-2.89402581898912e-08
11.0416622161865,1.18681599542424e-19,-3.09220338223781e-09,-2.44020785800103e-08
11.0499954223633,-1.44991578189533e-19,5.65516800055121e-10,4.47731318686806e-09
11.05832862854,2.60101434465173e-20,-3.66746588653655e-09,-2.89402155573271e-08
11.0666618347168,1.18684455900477e-19,-3.09220937744215e-09,-2.4402126541645e-08
11.0749959945679,-1.45054857506393e-19,5.65517688233541e-10,4.47732029229542e-09
11.0833292007446,2.60026374286932e-20,-3.66746055746603e-09,-2.89401747011198e-08
11.0916624069214,1.18637991614506e-19,-3.09221559469108e-09,-2.44021745032796e-08
11.0999956130981,-1.45034100442897e-19,5.65518576411961e-10,4.47732739772277e-09
11.1083288192749,2.59866818901589e-20,-3.66745522839551e-09,-2.89401320685556e-08
11.1166620254517,1.1867071694749e-19,-3.09222158989542e-09,-2.44022224649143e-08
11.1249952316284,-1.45089741263789e-19,5.6551946459038e-10,4.47733450315013e-09
11.1333284378052,2.60009507557254e-20,-3.66744967728039e-09,-2.89400894359915e-08
11.1416625976562,1.18677631660423e-19,-3.09222780714435e-09,-2.4402270426549e-08
11.149995803833,-1.45083485710406e-19,5.655203527688e-10,4.47734116448828e-09
11.1583290100098,2.59829514994668e-20,-3.66744434820987e-09,-2.89400468034273e-08
11.1666622161865,1.18650619043544e-19,-3.09223380234869e-09,-2.44023201645405e-08
11.1749954223633,-1.45063736773281e-19,5.65521296458371e-10,4.47734826991564e-09
11.18332862854,2.59817931234917e-20,-3.66743901913935e-09,-2.89400041708632e-08
11.1916618347168,1.18672668576748e-19,-3.09223979755302e-09,-2.44023681261751e-08
11.1999959945679,-1.45083446936315e-19,5.65522184636791e-10,4.477355375343e-09
11.2083292007446,2.59843312108791e-20,-3.66743369006883e-09,-2.8939961538299e-08
11.2166624069214,1.18654716172516e-19,-3.09224601480196e-09,-2.44024160878098e-08
11.2249956130981,-1.45038391442325e-19,5.65523072815211e-10,4.47736248077035e-09
11.2333288192749,2.59824635921523e-20,-3.66742836099831e-09,-2.89399189057349e-08
11.2416620254517,1.1869679898618e-19,-3.09225201000629e-09,-2.44024640494445e-08
11.2499952316284,-1.4509520841065e-19,5.6552396099363e-10,4.47736958619771e-09
11.2583284378052,2.596434801362e-20,-3.6674230319278e-09,-2.89398780495276e-08
11.2666625976562,1.18631787759912e-19,-3.09225822725523e-09,-2.44025120110791e-08
11.274995803833,-1.45080306234927e-19,5.6552484917205e-10,4.47737669162507e-09
11.2833290100098,2.59654385349354e-20,-3.66741748081267e-09,-2.89398354169634e-08
11.2916622161865,1.18662186647423e-19,-3.09226422245956e-09,-2.44025599727138e-08
11.2999954223633,-1.45062819119789e-19,5.6552573735047e-10,4.47738379705243e-09
11.30832862854,2.59546964960821e-20,-3.66741215174216e-09,-2.89397927843993e-08
11.3166618347168,1.18646134173661e-19,-3.09227021766389e-09,-2.44026079343485e-08
11.3249950408936,-1.45114453284589e-19,5.65526625528889e-10,4.47739045839057e-09
11.3333292007446,2.5949048403462e-20,-3.66740682267164e-09,-2.89397501518351e-08
11.3416624069214,1.18658994247246e-19,-3.09227643491283e-09,-2.44026558959831e-08
11.3499956130981,-1.45083085044797e-19,5.65527513707309e-10,4.47739756381793e-09
11.3583288192749,2.59591749036173e-20,-3.66740149360112e-09,-2.8939707519271e-08
11.3666620254517,1.18658619431031e-19,-3.09228243011717e-09,-2.44027038576178e-08
11.3749952316284,-1.45104397870267e-19,5.65528401885729e-10,4.47740466924529e-09
11.3833284378052,2.59489078473814e-20,-3.6673961645306e-09,-2.89396648867069e-08
11.3916616439819,1.18643251966214e-19,-3.0922886473661e-09,-2.44027518192524e-08
11.399995803833,-1.4509692739536e-19,5.65529290064148e-10,4.47741177467265e-09
11.4083290100098,2.59526867056875e-20,-3.66739083546008e-09,-2.89396240304995e-08
11.4166622161865,1.18624782574099e-19,-3.09229464257044e-09,-2.44027997808871e-08
11.4249954223633,-1.45073456145479e-19,5.65530178242568e-10,4.4774188801e-09
11.43332862854,2.59270554158083e-20,-3.66738528434496e-09,-2.89395813979354e-08
11.4416618347168,1.18612374864911e-19,-3.09230063777477e-09,-2.44028477425218e-08
11.4499950408936,-1.4512088978373e-19,5.65531066420988e-10,4.47742598552736e-09
11.4583292007446,2.59333917485475e-20,-3.66737995527444e-09,-2.89395387653713e-08
11.4666624069214,1.18615476792208e-19,-3.09230685502371e-09,-2.44028957041564e-08
11.4749956130981,-1.45152258023522e-19,5.65531954599408e-10,4.47743264686551e-09
11.4833288192749,2.59398040138819e-20,-3.66737462620392e-09,-2.89394961328071e-08
11.4916620254517,1.18617712764801e-19,-3.09231285022804e-09,-2.44029436657911e-08
11.4999952316284,-1.4512238904859e-19,5.65532842777827e-10,4.47743975229287e-09
11.5083284378052,2.59281750176921e-20,-3.6673692971334e-09,-2.8939453500243e-08
11.5166616439819,1.18634941385997e-19,-3.09231906747698e-09,-2.44029916274258e-08
11.524995803833,-1.45111752022901e-19,5.65533730956247e-10,4.47744685772022e-09
11.5333290100098,2.59392773324762e-20,-3.66736396806289e-09,-2.89394108676788e-08
11.5416622161865,1.18630883031117e-19,-3.09232506268131e-09,-2.44030395890604e-08
11.5499954223633,-1.45106763089831e-19,5.65534674645818e-10,4.47745396314758e-09
11.55832862854,2.59397959359462e-20,-3.66735863899237e-09,-2.89393682351147e-08
11.5666618347168,1.18622469053323e-19,-3.09233127993025e-09,-2.44030875506951e-08
11.5749950408936,-1.45157272805985e-19,5.65535562824238e-10,4.47746106857494e-09
11.5833282470703,2.5949831963222e-20,-3.66735308787725e-09,-2.89393273789074e-08
11.5916624069214,1.18626527408204e-19,-3.09233727513458e-09,-2.44031355123298e-08
11.5999956130981,-1.45079130087493e-19,5.65536451002657e-10,4.4774681740023e-09
11.6083288192749,2.59452550048716e-20,-3.66734775880673e-09,-2.89392847463432e-08
11.6166620254517,1.18643471686064e-19,-3.09234327033892e-09,-2.44031834739644e-08
11.6249952316284,-1.45095970967777e-19,5.65537339181077e-10,4.47747527942965e-09
11.6333284378052,2.59343691787635e-20,-3.66734242973621e-09,-2.89392421137791e-08
11.6416616439819,1.18634837988421e-19,-3.09234948758785e-09,-2.44032314355991e-08
11.649995803833,-1.45126822219686e-19,5.65538227359497e-10,4.4774819407678e-09
11.6583290100098,2.59288471019398e-20,-3.66733710066569e-09,-2.89391994812149e-08
11.6666622161865,1.18625183239708e-19,-3.09235548279219e-09,-2.44032793972337e-08
11.6749954223633,-1.45083576183286e-19,5.65539115537916e-10,4.47748904619516e-09
11.68332862854,2.59340153651811e-20,-3.66733177159517e-09,-2.89391568486508e-08
11.6916618347168,1.18668804092323e-19,-3.09236170004112e-09,-2.44033273588684e-08
11.6999950408936,-1.45147669756061e-19,5.65540003716336e-10,4.47749615162252e-09
11.7083282470703,2.59239647976212e-20,-3.66732644252465e-09,-2.89391142160866e-08
11.7166624069214,1.18616717563127e-19,-3.09236769524546e-09,-2.44033753205031e-08
11.7249956130981,-1.45124185581483e-19,5.65540891894756e-10,4.47750325704988e-09
11.7333288192749,2.5930984523718e-20,-3.66732089140953e-09,-2.89390733598793e-08
11.7416620254517,1.18651459148854e-19,-3.09237369044979e-09,-2.44034232821377e-08
11.7499952316284,-1.4510407475284e-19,5.65541780073175e-10,4.47751036247723e-09
11.7583284378052,2.59366843151263e-20,-3.66731556233901e-09,-2.89390307273152e-08
11.7666616439819,1.18664060728498e-19,-3.09237990769873e-09,-2.44034730201292e-08
11.7749948501587,-1.45104630514814e-19,5.65542668251595e-10,4.47751746790459e-09
11.7833290100098,2.59457849174516e-20,-3.66731023326849e-09,-2.8938988094751e-08
11.7916622161865,1.18660971725898e-19,-3.09238590290306e-09,-2.44035209817639e-08
11.7999954223633,-1.45080112364471e-19,5.65543556430015e-10,4.47752412924274e-09
11.80832862854,2.5945343862164e-20,-3.66730490419798e-09,-2.89389454621869e-08
11.8166618347168,1.18653720970841e-19,-3.092392120152e-09,-2.44035689433986e-08
11.8249950408936,-1.45091421474408e-19,5.65544444608435e-10,4.4775312346701e-09
11.8333282470703,2.59320540424006e-20,-3.66729957512746e-09,-2.89389028296227e-08
11.8416614532471,1.18612594584761e-19,-3.09239811535633e-09,-2.44036169050332e-08
11.8499956130981,-1.45150448565932e-19,5.65545332786854e-10,4.47753834009745e-09
11.8583288192749,2.59368927258666e-20,-3.66729424605694e-09,-2.89388601970586e-08
11.8666620254517,1.18655788922373e-19,-3.09240411056066e-09,-2.44036648666679e-08
11.8749952316284,-1.45082296638276e-19,5.65546220965274e-10,4.47754544552481e-09
11.8833284378052,2.59442565720229e-20,-3.66728891698642e-09,-2.89388175644945e-08
11.8916616439819,1.18626398161233e-19,-3.0924103278096e-09,-2.44037128283026e-08
11.8999948501587,-1.45084325815716e-19,5.65547109143694e-10,4.47755255095217e-09
11.9083290100098,2.59241441277931e-20,-3.6672833658713e-09,-2.89387767082872e-08
11.9166622161865,1.18640175888311e-19,-3.09241632301394e-09,-2.44037607899372e-08
11.9249954223633,-1.45099783753413e-19,5.65548052833265e-10,4.47755965637953e-09
11.93332862854,2.59390769996716e-20,-3.66727803680078e-09,-2.8938734075723e-08
11.9416618347168,1.1867327603751e-19,-3.09242254026287e-09,-2.44038087515719e-08
11.9499950408936,-1.4509957695826e-19,5.65548941011684e-10,4.47756631771767e-09
11.9583282470703,2.59345711271552e-20,-3.66727270773026e-09,-2.89386914431589e-08
11.9666614532471,1.18637629722988e-19,-3.09242853546721e-09,-2.44038567132066e-08
11.9749956130981,-1.45075291452463e-19,5.65549829190104e-10,4.47757342314503e-09
11.9833288192749,2.591593856074e-20,-3.66726737865974e-09,-2.89386488105947e-08
11.9916620254517,1.18658115367846e-19,-3.09243453067154e-09,-2.44039046748412e-08
11.9999952316284,-1.45105574017701e-19,5.65550717368524e-10,4.47758052857239e-09
12.0083284378052,2.59498497346804e-20,-3.66726204958923e-09,-2.89386061780306e-08
12.0166616439819,1.18642502333784e-19,-3.09244074792048e-09,-2.44039526364759e-08
12.0249948501587,-1.45100339515387e-19,5.65551605546943e-10,4.47758763399975e-09
12.0333280563354,2.59346195947692e-20,-3.66725672051871e-09,-2.89385635454664e-08
12.0416622161865,1.18660558135592e-19,-3.09244674312481e-09,-2.44040005981105e-08
12.0499954223633,-1.45109141234092e-19,5.65552493725363e-10,4.4775947394271e-09
12.05832862854,2.59242895306351e-20,-3.66725116940358e-09,-2.89385226892591e-08
12.0666618347168,1.18648887134137e-19,-3.09245296037375e-09,-2.44040485597452e-08
12.0749950408936,-1.45101709533276e-19,5.65553381903783e-10,4.47760184485446e-09
12.0833282470703,2.59476686920497e-20,-3.66724584033307e-09,-2.8938480056695e-08
12.0916614532471,1.18652893790229e-19,-3.09245895557808e-09,-2.44040965213799e-08
12.0999956130981,-1.45053267768654e-19,5.65554270082202e-10,4.47760850619261e-09
12.1083288192749,2.59584285023614e-20,-3.66724051126255e-09,-2.89384374241308e-08
12.1166620254517,1.18678549313915e-19,-3.09246495078241e-09,-2.44041444830145e-08
12.1249952316284,-1.45094071037307e-19,5.65555158260622e-10,4.47761561161997e-09
12.1333284378052,2.59399671881824e-20,-3.66723518219203e-09,-2.89383947915667e-08
12.1416616439819,1.18650399323694e-19,-3.09247116803135e-09,-2.44041924446492e-08
12.1499948501587,-1.45127442605145e-19,5.65556046439042e-10,4.47762271704732e-09
12.1583280563354,2.5947166244451e-20,-3.66722985312151e-09,-2.89383521590025e-08
12.1666622161865,1.18652260480072e-19,-3.09247716323569e-09,-2.44042404062839e-08
12.1749954223633,-1.45118744284016e-19,5.65556934617462e-10,4.47762982247468e-09
12.18332862854,2.59510581938566e-20,-3.66722452405099e-09,-2.89383095264384e-08
12.1916618347168,1.18662251270908e-19,-3.09248338048462e-09,-2.44042883679185e-08
12.1999950408936,-1.45074244552e-19,5.65557822795881e-10,4.47763692790204e-09
12.2083282470703,2.59441321718136e-20,-3.66721897293587e-09,-2.89382668938742e-08
12.2166614532471,1.18673986895849e-19,-3.09248937568896e-09,-2.44043363295532e-08
12.2249946594238,-1.45056188750192e-19,5.65558710974301e-10,4.4776440333294e-09
12.2333288192749,2.59624820104803e-20,-3.66721364386535e-09,-2.89382260376669e-08
12.2416620254517,1.18672823673113e-19,-3.09249537089329e-09,-2.44043842911879e-08
12.2499952316284,-1.45089728339091e-19,5.65559599152721e-10,4.47765069466755e-09
12.2583284378052,2.5960559461791e-20,-3.66720831479483e-09,-2.89381834051028e-08
12.2666616439819,1.1867667523284e-19,-3.09250158814223e-09,-2.44044322528225e-08
12.2749948501587,-1.45084028547683e-19,5.6556048733114e-10,4.4776578000949e-09
12.2833280563354,2.59550147667475e-20,-3.66720298572432e-09,-2.89381407725386e-08
12.2916622161865,1.18617467195557e-19,-3.09250758334656e-09,-2.44044802144572e-08
12.2999954223633,-1.45032924295464e-19,5.6556137550956e-10,4.47766490552226e-09
12.30832862854,2.59363983562036e-20,-3.6671976566538e-09,-2.89380981399745e-08
12.3166618347168,1.18691538634472e-19,-3.0925138005955e-09,-2.44045281760918e-08
12.3249950408936,-1.45098038919308e-19,5.6556226368798e-10,4.47767201094962e-09
12.3333282470703,2.59438365193681e-20,-3.66719232758328e-09,-2.89380555074104e-08
12.3416614532471,1.1867049722764e-19,-3.09251979579983e-09,-2.44045761377265e-08
12.3499946594238,-1.45060402201437e-19,5.65563207377551e-10,4.47767911637698e-09
12.3583288192749,2.59553976608982e-20,-3.66718677646816e-09,-2.89380128748462e-08
12.3666620254517,1.18653733895539e-19,-3.09252579100416e-09,-2.4404625875718e-08
12.3749952316284,-1.45092623471235e-19,5.6556409555597e-10,4.47768622180433e-09
12.3833284378052,2.59549356029779e-20,-3.66718144739764e-09,-2.89379702422821e-08
12.3916616439819,1.18636918864649e-19,-3.0925320082531e-09,-2.44046738373527e-08
12.3999948501587,-1.45067226441491e-19,5.6556498373439e-10,4.47769332723169e-09
12.4083280563354,2.59467397294477e-20,-3.66717611832712e-09,-2.89379293860748e-08
12.4166612625122,1.18645022649713e-19,-3.09253800345743e-09,-2.44047217989873e-08
12.4249954223633,-1.45074425497759e-19,5.6556587191281e-10,4.47769998856984e-09
12.43332862854,2.59333174315393e-20,-3.6671707892566e-09,-2.89378867535106e-08
12.4416618347168,1.18647025977759e-19,-3.09254422070637e-09,-2.4404769760622e-08
12.4499950408936,-1.45114233564738e-19,5.6556676009123e-10,4.4777070939972e-09
12.4583282470703,2.59306452504198e-20,-3.66716546018608e-09,-2.89378441209465e-08
12.4666614532471,1.18634333925235e-19,-3.09255021591071e-09,-2.44048177222567e-08
12.4749946594238,-1.45126395704682e-19,5.65567648269649e-10,4.47771419942455e-09
12.4833278656006,2.59179354264375e-20,-3.66716013111557e-09,-2.89378014883823e-08
12.4916620254517,1.18634669967359e-19,-3.09255621111504e-09,-2.44048656838913e-08
12.4999952316284,-1.45133749857316e-19,5.65568536448069e-10,4.47772130485191e-09
