Time,U1,U2,U3
0.0,0.0,0.0,0.0
0.000952381000388414,-2.47126347231326e-21,-5.35677925628253e-11,-4.16584405860121e-10
0.00190476200077683,8.28665014011648e-21,-2.59679205222296e-11,-2.21179630166546e-10
0.0028571430593729,-5.91672356298307e-21,-3.80561120810752e-12,-1.49539582106062e-11
0.00380952400155365,-4.68504597633665e-21,-5.63777635687046e-11,-4.41399278239274e-10
0.00476190494373441,1.85183217865976e-20,-1.136033368071e-11,-1.14117743033049e-10
0.0057142861187458,-1.01058893023784e-20,-2.16589159801606e-11,-1.43734482649371e-10
0.00666666682809591,-6.49897631927658e-21,-4.41026798414512e-11,-3.53322759938379e-10
0.00761904800310731,2.25323643430275e-20,-1.31259222241331e-11,-1.26679708389865e-10
0.00857142917811871,-1.1876346618926e-20,-2.97070493204821e-11,-2.01593436388592e-10
0.00952380988746881,-1.34209319294583e-20,-3.14468624751374e-11,-2.62116356397613e-10
0.0104761905968189,1.1960322414765e-20,-2.3724425202154e-11,-2.03822028699285e-10
0.0114285722374916,1.9364039645925e-21,-2.59874326918874e-11,-1.7284328135414e-10
0.0123809529468417,-1.33170391754326e-20,-2.72976641291223e-11,-2.35330865905325e-10
0.0133333336561918,6.66703332801514e-21,-3.29652624642129e-11,-2.6655866403047e-10
0.0142857152968645,1.27537122146191e-20,-1.6397277632918e-11,-1.07690092954194e-10
0.0152380960062146,-1.57681837411675e-20,-3.29925080311266e-11,-2.72881078844378e-10
0.0161904767155647,1.01738400894363e-20,-3.30218838384688e-11,-2.6970717326158e-10
0.0171428583562374,1.49475817994237e-20,-1.16437666800029e-11,-7.13752043579596e-11
0.0180952381342649,-2.09405941946627e-20,-3.93754369387711e-11,-3.2056793330959e-10
0.0190476197749376,1.47108611258043e-20,-2.83854537097561e-11,-2.34618768857331e-10
0.0200000014156103,9.75169848046013e-21,-1.24585862459892e-11,-7.91292378843345e-11
0.0209523811936378,-2.46288859172859e-20,-4.23747634203941e-11,-3.40106831586695e-10
0.0219047628343105,1.43149275713141e-20,-2.33693828177728e-11,-2.00529259863913e-10
0.0228571444749832,9.57907784196511e-21,-1.69859334930855e-11,-1.09999537256655e-10
0.0238095242530107,-1.78011723513855e-20,-4.02897090689969e-11,-3.26317001198007e-10
0.0247619058936834,7.16173862921335e-21,-2.24398642029167e-11,-1.93168564477375e-10
0.0257142875343561,7.11165704364981e-21,-2.00466553079703e-11,-1.32261243623866e-10
0.0266666673123837,-1.4135511773334e-20,-3.68266563077757e-11,-3.0139737927648e-10
0.0276190489530563,2.43180740138094e-21,-2.46476988124966e-11,-2.09010267426812e-10
0.028571430593729,1.23555636901683e-20,-1.99241578097142e-11,-1.31364835675996e-10
0.0295238103717566,-1.3057703513113e-20,-3.51286534583384e-11,-2.89246154805411e-10
0.0304761920124292,-5.73772589914798e-22,-2.70834049631574e-11,-2.2651121256434e-10
0.0314285717904568,1.48262479744941e-20,-1.80341349492741e-11,-1.17633902618763e-10
0.0323809534311295,-1.62365117551274e-20,-3.56133247891854e-11,-2.93093049830162e-10
0.0333333350718021,2.29845865688497e-21,-2.80990161694028e-11,-2.33238095503907e-10
0.0342857167124748,1.77371514800307e-20,-1.61271794529849e-11,-1.04636257991508e-10
0.0352380983531475,-1.74991722640341e-20,-3.7477469044811e-11,-3.0575078580064e-10
0.0361904762685299,3.17670050664985e-21,-2.70602412005827e-11,-2.26457450014372e-10
0.0371428579092026,1.41762536496765e-20,-1.6049984258304e-11,-1.03489918024113e-10
0.0380952395498753,-1.64445735285787e-20,-3.84040334255875e-11,-3.12924075540622e-10
0.0390476211905479,2.58529767067515e-21,-2.59062580415526e-11,-2.17675794056404e-10
0.0400000028312206,1.05135318246215e-20,-1.67923609045717e-11,-1.09341556642217e-10
0.0409523844718933,-1.2964425166557e-20,-3.84303665279528e-11,-3.12540382463311e-10
0.0419047623872757,2.34487427329331e-21,-2.51626913749803e-11,-2.12952183664683e-10
0.0428571440279484,1.04323938075831e-20,-1.7873471799823e-11,-1.16483322987193e-10
0.0438095256686211,-1.18174552367213e-20,-3.74982718487349e-11,-3.06428327156993e-10
0.0447619073092937,-7.58450708599751e-22,-2.55924899328352e-11,-2.15530940317343e-10
0.0457142889499664,1.13070363311621e-20,-1.80209284994515e-11,-1.17968398938295e-10
0.0466666705906391,-1.09756656775101e-20,-3.69729039051414e-11,-3.02293523546382e-10
0.0476190485060215,-1.04685330781296e-21,-2.61526217348873e-11,-2.1988215415103e-10
0.0485714301466942,1.27310188699429e-20,-1.77340555435057e-11,-1.15584625204335e-10
0.0495238117873669,-1.16951342880529e-20,-3.68513379533919e-11,-3.01752067777272e-10
0.0504761934280396,-7.01729514299796e-22,-2.66065051934827e-11,-2.22807994276764e-10
0.0514285750687122,1.2095507475987e-20,-1.71704629681191e-11,-1.11854310536064e-10
0.0523809567093849,-1.23900984807424e-20,-3.72792248459763e-11,-3.04545083595897e-10
0.0533333346247673,8.38557476175704e-22,-2.64655016651849e-11,-2.22025897667066e-10
0.05428571626544,1.12667314711393e-20,-1.70247479308605e-11,-1.10625057725411e-10
0.0552380979061127,-1.1975802970682e-20,-3.75811014252658e-11,-3.06861452914475e-10
0.0561904795467854,1.57321916909986e-21,-2.61899633924312e-11,-2.19914961241408e-10
0.057142861187458,9.75159265950286e-21,-1.71311194396839e-11,-1.11519266043913e-10
0.0580952428281307,-1.1367583690179e-20,-3.76865726126052e-11,-3.07485065187407e-10
0.0590476207435131,1.64739531825569e-21,-2.59358003823484e-11,-2.18222842574001e-10
0.0600000023841858,9.42947770454092e-21,-1.74091331628379e-11,-1.13393169853815e-10
0.0609523840248585,-1.09382979548967e-20,-3.75046625700204e-11,-3.06281389139684e-10
0.0619047656655312,1.04302820332507e-21,-2.59615696995841e-11,-2.18329354595426e-10
0.0628571435809135,9.6573506152215e-21,-1.75200062790815e-11,-1.14246688498465e-10
0.0638095289468765,-1.1104738164811e-20,-3.73361966343744e-11,-3.05027308966643e-10
0.0647619068622589,8.60880548475678e-22,-2.60938284868395e-11,-2.1931974292233e-10
0.0657142922282219,1.02636255366089e-20,-1.74870985747422e-11,-1.1396687760179e-10
0.0666666701436043,-1.13933086841119e-20,-3.72621586364197e-11,-3.04543501528087e-10
0.0676190480589867,1.34363212047022e-21,-2.62311578708152e-11,-2.2025692381078e-10
0.0685714334249496,1.05114630652965e-20,-1.73539568132375e-11,-1.13055481643087e-10
0.069523811340332,-1.19412431385073e-20,-3.73344653803453e-11,-3.05026837121858e-10
0.070476196706295,1.73346239066536e-21,-2.62407075235505e-11,-2.20351195623358e-10
0.0714285746216774,1.02461561929301e-20,-1.72819952792835e-11,-1.12521034156821e-10
0.0723809525370598,-1.21514277934525e-20,-3.74235191447081e-11,-3.05680425416455e-10
0.0733333379030228,2.01828777704153e-21,-2.61812082430479e-11,-2.19908952159287e-10
0.0742857158184052,9.91334605114176e-21,-1.72857301389273e-11,-1.12566331256225e-10
0.0752381011843681,-1.20737358237707e-20,-3.7472053238119e-11,-3.06007080785875e-10
0.0761904790997505,2.11922966116715e-21,-2.61078259705672e-11,-2.19404980295046e-10
0.0771428644657135,9.94906749046569e-21,-1.73486745802531e-11,-1.12997215750976e-10
0.0780952423810959,-1.19887187820239e-20,-3.74452378826273e-11,-3.05831582281257e-10
0.0790476202964783,1.88377823318986e-21,-2.60930010237415e-11,-2.19285936631231e-10
0.0800000056624413,1.01385605131935e-20,-1.73907017259056e-11,-1.13308501470399e-10
0.0809523835778236,-1.20214974293834e-20,-3.74009295756039e-11,-3.05504732622808e-10
0.0819047689437866,1.75021057663725e-21,-2.61171778648261e-11,-2.19469456497201e-10
0.082857146859169,1.04203100236152e-20,-1.73965373356788e-11,-1.13338331775292e-10
0.0838095247745514,-1.22478137218605e-20,-3.73705649758804e-11,-3.05300451586277e-10
0.0847619101405144,1.71598779632839e-21,-2.61559107705978e-11,-2.19733564676972e-10
0.0857142880558968,1.06084378752149e-20,-1.73672933673208e-11,-1.13141024327135e-10
0.0866666734218597,-1.24001797444579e-20,-3.73792732877298e-11,-3.05352632068434e-10
0.0876190513372421,1.78714794722782e-21,-2.61678040347491e-11,-2.19827017700069e-10
0.0885714367032051,1.0616010939905e-20,-1.73442267492607e-11,-1.1296880098044e-10
0.0895238146185875,-1.24633871676908e-20,-3.74002842584709e-11,-3.05509811893145e-10
0.0904761925339699,1.8278098520072e-21,-2.61592275618838e-11,-2.19758461428299e-10
0.0914285778999329,1.06113321995652e-20,-1.73372514261638e-11,-1.12926591688822e-10
0.0923809558153152,-1.23795535435195e-20,-3.74182351770003e-11,-3.05630298846893e-10
0.0933333411812782,1.75760895596852e-21,-2.61393840600421e-11,-2.19624110564531e-10
0.0942857190966606,1.05950890865211e-20,-1.7350237566105e-11,-1.13012751934427e-10
0.095238097012043,-1.22840182217375e-20,-3.74165073924182e-11,-3.05623581997594e-10
0.096190482378006,1.64850078375206e-21,-2.61312291249816e-11,-2.19561160919035e-10
0.0971428602933884,1.06338841803672e-20,-1.73625558375079e-11,-1.13104831056532e-10
0.0980952456593513,-1.22400645581728e-20,-3.74068345743162e-11,-3.05550640344876e-10
0.0990476235747337,1.56792791928797e-21,-2.61336646767418e-11,-2.19582407812169e-10
0.100000001490116,1.06924532529387e-20,-1.73679161330487e-11,-1.1313918552025e-10
0.100952386856079,-1.22600768360003e-20,-3.73968495059884e-11,-3.05483166540554e-10
0.101904764771461,1.53701093317765e-21,-2.61433721893134e-11,-2.19648216281954e-10
0.102857150137424,1.0740945908556e-20,-1.73626096139357e-11,-1.13104317578383e-10
0.103809528052807,-1.22733763492865e-20,-3.73962076583023e-11,-3.05476144379924e-10
0.10476191341877,1.53990374291508e-21,-2.61485624819535e-11,-2.19687254499057e-10
0.105714291334152,1.07313024689538e-20,-1.73561547078815e-11,-1.13056501660491e-10
0.106666669249535,-1.22658234794356e-20,-3.74005444669923e-11,-3.05508729425696e-10
0.107619054615498,1.54581618597995e-21,-2.61482623747922e-11,-2.19683479740773e-10
0.10857143253088,1.06966109664278e-20,-1.73526609748009e-11,-1.13033200854762e-10
0.109523817896843,-1.22267577747445e-20,-3.74058457819348e-11,-3.05545033718602e-10
0.110476195812225,1.53630906154217e-21,-2.61437156645616e-11,-2.19652393496084e-10
0.111428573727608,1.06686483843143e-20,-1.73545778442419e-11,-1.1304574637494e-10
0.112380959093571,-1.21835262786286e-20,-3.74069664133003e-11,-3.05553915502799e-10
0.113333337008953,1.51398073858401e-21,-2.61406001011988e-11,-2.19629467390625e-10
0.114285722374916,1.06569054892316e-20,-1.73578703493993e-11,-1.13069845153468e-10
0.115238100290298,-1.21586026159141e-20,-3.74051276064158e-11,-3.0554023200402e-10
0.116190485656261,1.49757404734255e-21,-2.6140261830121e-11,-2.19627649400422e-10
0.117142863571644,1.06565694471078e-20,-1.73599919162104e-11,-1.13084354380621e-10
0.118095241487026,-1.21517751446862e-20,-3.74024006211116e-11,-3.05521358212602e-10
0.119047626852989,1.49772459986859e-21,-2.61423035996522e-11,-2.19641693721684e-10
0.120000004768372,1.06528851006489e-20,-1.73594385394216e-11,-1.13080822483624e-10
0.120952390134335,-1.21545846507121e-20,-3.74014604009876e-11,-3.05514336051971e-10
0.121904768049717,1.5108918369582e-21,-2.61440556703629e-11,-2.19654433530891e-10
0.122857145965099,1.06403239106829e-20,-1.73578321854828e-11,-1.13069144325184e-10
0.123809531331062,-1.21562874795512e-20,-3.74021646987188e-11,-3.05519609611338e-10
0.124761909246445,1.52605705046147e-21,-2.61444806776145e-11,-2.19657195210665e-10
0.125714287161827,1.06245129671971e-20,-1.73566022665383e-11,-1.13060637241258e-10
0.126666679978371,-1.21524698471538e-20,-3.74035420691587e-11,-3.05529213040501e-10
0.127619057893753,1.53624706338591e-21,-2.61435924991948e-11,-2.19651075106242e-10
0.128571435809135,1.06109194170525e-20,-1.73566751249243e-11,-1.13060998063741e-10
0.129523813724518,-1.2147602890913e-20,-3.74041873862918e-11,-3.05533931488355e-10
0.1304761916399,1.54043385744339e-21,-2.6142645340177e-11,-2.19644205601277e-10
0.131428584456444,1.06048456172226e-20,-1.73574279949129e-11,-1.13066458973243e-10
0.132380962371826,-1.21468944559548e-20,-3.74039688111338e-11,-3.05532266153818e-10
0.133333340287209,1.54347691678427e-21,-2.61422931913113e-11,-2.19641804743986e-10
0.134285718202591,1.06046719416058e-20,-1.73581201495798e-11,-1.13071274565613e-10
0.135238096117973,-1.21518114953968e-20,-3.74032957384252e-11,-3.05527575461539e-10
0.136190488934517,1.5483835558841e-21,-2.61426488096239e-11,-2.19644233356853e-10
0.137142866849899,1.06067334307886e-20,-1.73581930079658e-11,-1.13071864371594e-10
0.138095244765282,-1.21593102430787e-20,-3.74028967520257e-11,-3.05524716637251e-10
0.139047622680664,1.55465617390563e-21,-2.61431345321972e-11,-2.1964773055938e-10
0.140000000596046,1.06073344292024e-20,-1.73578616757819e-11,-1.13069449636516e-10
0.14095239341259,-1.21659947348452e-20,-3.74029383853891e-11,-3.05525049704158e-10
0.141904771327972,1.5600555670813e-21,-2.61433704545899e-11,-2.19649340382766e-10
0.142857149243355,1.06072197225159e-20,-1.7357490444958e-11,-1.13066868367984e-10
0.143809527158737,-1.21696112266444e-20,-3.74032610439556e-11,-3.05527297905783e-10
0.14476190507412,1.56298270804533e-21,-2.61432351461588e-11,-2.19648410570983e-10
0.145714297890663,1.06072544576393e-20,-1.73574037087842e-11,-1.13066223050851e-10
0.146666675806046,-1.21714683440548e-20,-3.74034934969014e-11,-3.05529018751471e-10
0.147619053721428,1.56401314971416e-21,-2.61429853459783e-11,-2.19646606458568e-10
0.14857143163681,1.06099532959465e-20,-1.73575459561093e-11,-1.13067256946042e-10
0.149523809552193,-1.21739369611954e-20,-3.74035143135831e-11,-3.05529129773774e-10
0.150476202368736,1.5628244814804e-21,-2.61428326903124e-11,-2.19645537868907e-10
0.151428580284119,1.06131489272973e-20,-1.73577419798621e-11,-1.13068630847035e-10
0.152380958199501,-1.21761745493759e-20,-3.74033685968111e-11,-3.05528130573052e-10
0.153333336114883,1.56173042606817e-21,-2.61428673847819e-11,-2.19645759913512e-10
0.154285728931427,1.06169932168824e-20,-1.73578148382481e-11,-1.13069165141866e-10
0.155238106846809,-1.21776738142361e-20,-3.74032402272739e-11,-3.05527214639056e-10
0.156190484762192,1.56056568871883e-21,-2.61429818765313e-11,-2.19646578702992e-10
0.157142862677574,1.06192259583014e-20,-1.73577627965438e-11,-1.13068790441595e-10
0.158095240592957,-1.21792215467104e-20,-3.74032159411453e-11,-3.05527048105603e-10
0.1590476334095,1.56009646163063e-21,-2.61430668779816e-11,-2.1964716157008e-10
0.160000011324883,1.06220572747536e-20,-1.73576673867526e-11,-1.13068110429992e-10
0.160952389240265,-1.21793556404425e-20,-3.74032783911904e-11,-3.05527519950388e-10
0.161904767155647,1.55763440781277e-21,-2.61430582043642e-11,-2.19647106058929e-10
0.16285714507103,1.06220960488448e-20,-1.73576205492187e-11,-1.13067784301979e-10
0.163809537887573,-1.21785882365539e-20,-3.74033512495764e-11,-3.05528019550749e-10
0.164761915802956,1.55661305382156e-21,-2.61429992237661e-11,-2.19646661969719e-10
0.165714293718338,1.0622412703923e-20,-1.73576413659005e-11,-1.13067923079857e-10
0.16666667163372,-1.21776915856946e-20,-3.74033755357051e-11,-3.05528213839779e-10
0.167619049549103,1.55479299394104e-21,-2.61429471820618e-11,-2.19646287269448e-10
0.168571442365646,1.06226679666902e-20,-1.73576916728813e-11,-1.1306828390234e-10
0.169523820281029,-1.217646535506e-20,-3.74033512495764e-11,-3.05528047306325e-10
0.170476198196411,1.5537502334203e-21,-2.61429367737209e-11,-2.19646204002721e-10
0.171428576111794,1.06238126101745e-20,-1.73577228979038e-11,-1.13068505946945e-10
0.172380954027176,-1.21752253919347e-20,-3.74033165551069e-11,-3.0552782526172e-10
0.173333346843719,1.55226793222496e-21,-2.61429593251261e-11,-2.19646356658387e-10
0.174285724759102,1.06236445891126e-20,-1.73577211631804e-11,-1.13068499008051e-10
0.175238102674484,-1.21747536404916e-20,-3.74033026773191e-11,-3.05527714239417e-10
0.176190480589867,1.55157322975738e-21,-2.61429818765313e-11,-2.19646509314053e-10
0.17714287340641,1.06230177413047e-20,-1.73577003464986e-11,-1.13068353291279e-10
0.178095251321793,-1.21740621691983e-20,-3.74033130856599e-11,-3.05527797506144e-10
0.179047629237175,1.55180557138208e-21,-2.61429853459783e-11,-2.19646523191841e-10
0.180000007152557,1.06216881130935e-20,-1.73576847339874e-11,-1.13068249207871e-10
0.18095238506794,-1.21737010854739e-20,-3.74033339023416e-11,-3.05527964039598e-10
0.181904777884483,1.55211091735038e-21,-2.61429714681904e-11,-2.19646412169539e-10
0.182857155799866,1.06207454180009e-20,-1.73576864687108e-11,-1.13068256146764e-10
0.183809533715248,-1.21729627621537e-20,-3.74033443106825e-11,-3.05528047306325e-10
0.18476191163063,1.55217705544868e-21,-2.61429541209557e-11,-2.1964627339166e-10
0.185714289546013,1.06201121078444e-20,-1.73576986117752e-11,-1.13068346352385e-10
0.186666682362556,-1.21724772782199e-20,-3.74033443106825e-11,-3.05528047306325e-10
0.187619060277939,1.55224046724368e-21,-2.61429437126148e-11,-2.19646204002721e-10
0.188571438193321,1.06205224669764e-20,-1.73577107548395e-11,-1.13068429619112e-10
0.189523816108704,-1.21720717658493e-20,-3.74033373717886e-11,-3.05527991795174e-10
0.190476194024086,1.55256701779312e-21,-2.61429454473383e-11,-2.19646190124934e-10
0.19142858684063,1.0619709826648e-20,-1.73577142242864e-11,-1.13068457374688e-10
0.192380964756012,-1.21728529022286e-20,-3.74033339023416e-11,-3.05527991795174e-10
0.193333342671394,1.55322284519528e-21,-2.61429489167853e-11,-2.19646217880509e-10
0.194285720586777,1.0619691247396e-20,-1.7357712489563e-11,-1.130684434969e-10
0.195238098502159,-1.21730209232905e-20,-3.74033339023416e-11,-3.05527991795174e-10
0.196190491318703,1.55424904594789e-21,-2.61429489167853e-11,-2.19646204002721e-10
0.197142869234085,1.06198406892059e-20,-1.7357709020116e-11,-1.13068422680218e-10
0.198095247149467,-1.21732834561998e-20,-3.74033408412355e-11,-3.05528047306325e-10
0.19904762506485,1.55401579555544e-21,-2.61429437126148e-11,-2.19646162369358e-10
0.200000002980232,1.06192340362371e-20,-1.7357709020116e-11,-1.13068422680218e-10
0.200952395796776,-1.21731630949583e-20,-3.74033443106825e-11,-3.05528102817476e-10
0.201904773712158,1.55429155608435e-21,-2.61429367737209e-11,-2.19646092980419e-10
0.202857151627541,1.06199222763561e-20,-1.7357712489563e-11,-1.13068450435794e-10
0.203809529542923,-1.21732769938512e-20,-3.74033477801294e-11,-3.05528102817476e-10
0.204761922359467,1.55385474171303e-21,-2.6142929834827e-11,-2.19646051347056e-10
0.205714300274849,1.06197502163264e-20,-1.73577176937334e-11,-1.13068485130263e-10
0.206666678190231,-1.21732026768431e-20,-3.74033477801294e-11,-3.05528130573052e-10
0.207619056105614,1.55401932965229e-21,-2.61429263653801e-11,-2.19646009713692e-10
0.208571434020996,1.06196540888919e-20,-1.73577211631804e-11,-1.13068512885839e-10
0.20952382683754,-1.21731162429314e-20,-3.74033477801294e-11,-3.05528130573052e-10
0.210476204752922,1.55408698236352e-21,-2.61429246306566e-11,-2.19645995835904e-10
0.211428582668304,1.06194060962669e-20,-1.73577228979038e-11,-1.13068519824733e-10
0.212380960583687,-1.21734030096477e-20,-3.74033477801294e-11,-3.05528130573052e-10
0.213333338499069,1.55427630898078e-21,-2.61429228959331e-11,-2.19645968080329e-10
0.214285731315613,1.06195078782563e-20,-1.73577228979038e-11,-1.13068526763627e-10
0.215238109230995,-1.21729805336122e-20,-3.74033512495764e-11,-3.05528158328627e-10
0.216190487146378,1.55442958781011e-21,-2.61429194264862e-11,-2.19645926446965e-10
0.21714286506176,1.06195595770446e-20,-1.73577246326273e-11,-1.13068540641414e-10
0.218095242977142,-1.21733973550927e-20,-3.74033512495764e-11,-3.05528186084203e-10
0.219047635793686,1.55463769562779e-21,-2.61429142223157e-11,-2.1964589869139e-10
0.220000013709068,1.06201872326461e-20,-1.73577263673508e-11,-1.13068554519202e-10
0.220952391624451,-1.21735346799991e-20,-3.74033547190233e-11,-3.05528213839779e-10
0.221904769539833,1.55404659268518e-21,-2.61429107528688e-11,-2.19645857058026e-10
0.222857147455215,1.06202890146355e-20,-1.73577298367977e-11,-1.13068575335884e-10
0.223809540271759,-1.21733941239184e-20,-3.74033547190233e-11,-3.05528241595354e-10
0.224761918187141,1.55430427883303e-21,-2.61429072834218e-11,-2.19645815424663e-10
0.225714296102524,1.06203932200057e-20,-1.73577315715212e-11,-1.13068596152566e-10
0.226666674017906,-1.21732786094384e-20,-3.74033581884703e-11,-3.05528241595354e-10
0.227619051933289,1.55355151620284e-21,-2.61429038139749e-11,-2.19645787669087e-10
0.228571444749832,1.06201670378069e-20,-1.73577333062447e-11,-1.13068610030354e-10
0.229523822665215,-1.21726630707403e-20,-3.74033581884703e-11,-3.0552826935093e-10
0.230476200580597,1.55371186322587e-21,-2.61429003445279e-11,-2.19645746035724e-10
0.231428578495979,1.06199158140076e-20,-1.73577350409682e-11,-1.13068623908141e-10
0.232380971312523,-1.21724942418849e-20,-3.74033616579172e-11,-3.05528297106505e-10
0.233333349227905,1.55362593418519e-21,-2.6142896875081e-11,-2.19645718280148e-10
0.234285727143288,1.06190716697301e-20,-1.73577367756916e-11,-1.13068637785929e-10
0.23523810505867,-1.21725750212415e-20,-3.74033616579172e-11,-3.05528297106505e-10
0.236190482974052,1.55400963612949e-21,-2.6142893405634e-11,-2.19645676646785e-10
0.237142875790596,1.06192930051675e-20,-1.73577402451386e-11,-1.13068651663717e-10
0.238095253705978,-1.21725620965445e-20,-3.74033651273642e-11,-3.05528324862081e-10
0.239047631621361,1.55453783214808e-21,-2.61428882014636e-11,-2.19645648891209e-10
0.240000009536743,1.06192243427143e-20,-1.73577419798621e-11,-1.13068672480399e-10
0.240952387452126,-1.21727947410918e-20,-3.74033651273642e-11,-3.05528352617657e-10
0.241904780268669,1.55424823815433e-21,-2.61428847320166e-11,-2.19645607257846e-10
0.242857158184052,1.06188527576735e-20,-1.73577437145855e-11,-1.13068686358186e-10
0.243809536099434,-1.21725879459386e-20,-3.74033685968111e-11,-3.05528380373232e-10
0.244761914014816,1.5549088113437e-21,-2.61428812625697e-11,-2.1964557950227e-10
0.245714291930199,1.06188333706279e-20,-1.7357745449309e-11,-1.13068700235974e-10
0.246666684746742,-1.21732963808968e-20,-3.74033685968111e-11,-3.05528380373232e-10
0.247619062662125,1.55471948472644e-21,-2.61428777931227e-11,-2.19645537868907e-10
0.248571440577507,1.06191581036418e-20,-1.73577471840325e-11,-1.13068721052656e-10
0.249523818492889,-1.21733214224974e-20,-3.74033685968111e-11,-3.05528408128808e-10
0.250476211309433,1.5546278001566e-21,-2.61428743236758e-11,-2.19645510113331e-10
0.251428574323654,1.06193648987949e-20,-1.73577506534794e-11,-1.13068734930444e-10
0.252380967140198,-1.21735104461921e-20,-3.74033720662581e-11,-3.05528435884383e-10
0.253333359956741,1.55516801210449e-21,-2.61428708542288e-11,-2.19645468479968e-10
0.254285722970963,1.06195926965808e-20,-1.73577523882029e-11,-1.13068748808232e-10
0.255238115787506,-1.21740678237533e-20,-3.74033720662581e-11,-3.05528435884383e-10
0.256190478801727,1.55489931976929e-21,-2.61428673847819e-11,-2.19645440724392e-10
0.257142871618271,1.06201912716139e-20,-1.73577541229264e-11,-1.13068762686019e-10
0.258095264434814,-1.21741591044263e-20,-3.74033755357051e-11,-3.05528463639959e-10
0.259047627449036,1.55490406555649e-21,-2.61428639153349e-11,-2.19645399091029e-10
0.260000020265579,1.06201920794075e-20,-1.73577558576499e-11,-1.13068783502701e-10
0.2609523832798,-1.21739175741498e-20,-3.74033755357051e-11,-3.05528491395535e-10
0.261904776096344,1.55480238454125e-21,-2.6142860445888e-11,-2.19645371335453e-10
0.262857168912888,1.06204311863033e-20,-1.73577575923733e-11,-1.13068797380489e-10
0.263809531927109,-1.21742011096918e-20,-3.7403379005152e-11,-3.05528491395535e-10
0.264761924743652,1.55441171537744e-21,-2.6142856976441e-11,-2.19645329702089e-10
0.265714287757874,1.06207688440143e-20,-1.73577610618203e-11,-1.13068811258277e-10
0.266666680574417,-1.21738917247557e-20,-3.7403379005152e-11,-3.0552851915111e-10
0.267619073390961,1.55441545142268e-21,-2.61428535069941e-11,-2.19645301946514e-10
0.268571436405182,1.06208690104166e-20,-1.73577627965438e-11,-1.13068825136065e-10
0.269523829221725,-1.21740500522948e-20,-3.7403382474599e-11,-3.05528546906686e-10
0.270476192235947,1.55412030384816e-21,-2.61428500375471e-11,-2.1964526031315e-10
0.27142858505249,1.06211170030416e-20,-1.73577645312673e-11,-1.13068845952746e-10
0.272380977869034,-1.21739894677773e-20,-3.7403382474599e-11,-3.05528574662262e-10
0.273333340883255,1.5541340363388e-21,-2.61428448333767e-11,-2.19645232557575e-10
0.274285733699799,1.06209320183148e-20,-1.73577662659907e-11,-1.13068859830534e-10
0.27523809671402,-1.21737729791013e-20,-3.74033859440459e-11,-3.05528574662262e-10
0.276190489530563,1.55383535466742e-21,-2.61428413639297e-11,-2.19645190924211e-10
0.277142882347107,1.06204958097887e-20,-1.73577680007142e-11,-1.13068873708322e-10
0.278095245361328,-1.21734102797898e-20,-3.74033859440459e-11,-3.05528602417837e-10
0.279047638177872,1.5535157713375e-21,-2.61428378944828e-11,-2.19645163168636e-10
0.280000001192093,1.06198641152193e-20,-1.73577697354377e-11,-1.1306888758611e-10
0.280952394008636,-1.21728569411964e-20,-3.74033894134929e-11,-3.05528630173413e-10
0.28190478682518,1.55387160440374e-21,-2.61428344250358e-11,-2.19645121535272e-10
0.282857149839401,1.06198390736187e-20,-1.73577732048846e-11,-1.13068908402791e-10
0.283809542655945,-1.21727915099175e-20,-3.74033894134929e-11,-3.05528630173413e-10
0.284761905670166,1.55393531912133e-21,-2.61428309555889e-11,-2.19645093779697e-10
0.28571429848671,1.06200539467075e-20,-1.73577749396081e-11,-1.13068922280579e-10
0.286666691303253,-1.2172870673687e-20,-3.74033894134929e-11,-3.05528657928988e-10
0.287619054317474,1.55396470261233e-21,-2.61428274861419e-11,-2.19645052146333e-10
0.288571447134018,1.06196435875755e-20,-1.73577766743316e-11,-1.13068936158367e-10
0.289523810148239,-1.21730128453548e-20,-3.74033928829398e-11,-3.05528685684564e-10
0.290476202964783,1.55421340205675e-21,-2.6142824016695e-11,-2.19645024390758e-10
0.291428595781326,1.06196540888919e-20,-1.73577784090551e-11,-1.13068950036155e-10
0.292380958795547,-1.21733488874787e-20,-3.74033928829398e-11,-3.05528685684564e-10
0.293333351612091,1.55411343760284e-21,-2.6142820547248e-11,-2.19644982757394e-10
0.294285714626312,1.06197284059001e-20,-1.73577801437785e-11,-1.13068970852837e-10
0.295238107442856,-1.21734296668354e-20,-3.74033963523868e-11,-3.0552871344014e-10
0.296190500259399,1.55351284308582e-21,-2.61428170778011e-11,-2.19644955001819e-10
0.297142863273621,1.06195676549802e-20,-1.73577836132255e-11,-1.13068984730624e-10
0.298095256090164,-1.21731962144945e-20,-3.74033963523868e-11,-3.05528741195715e-10
0.299047619104385,1.55384413942246e-21,-2.61428136083541e-11,-2.19644913368455e-10
0.300000011920929,1.06193850936341e-20,-1.7357785347949e-11,-1.13068998608412e-10
0.300952404737473,-1.21732664925349e-20,-3.74033998218337e-11,-3.05528768951291e-10
0.301904767751694,1.55461376474337e-21,-2.61428101389072e-11,-2.1964488561288e-10
0.302857160568237,1.06196532810983e-20,-1.73577870826724e-11,-1.130690124862e-10
0.303809553384781,-1.21739757352866e-20,-3.74033998218337e-11,-3.05528768951291e-10
0.304761916399002,1.55467232977697e-21,-2.61428049347368e-11,-2.19644843979516e-10
0.305714309215546,1.06194408313902e-20,-1.73577888173959e-11,-1.13069033302882e-10
0.306666672229767,-1.21739531170668e-20,-3.74034032912807e-11,-3.05528796706867e-10
0.30761906504631,1.55473069286219e-21,-2.61428014652898e-11,-2.19644816223941e-10
0.308571457862854,1.06194456781516e-20,-1.73577905521194e-11,-1.13069047180669e-10
0.309523820877075,-1.21738456805224e-20,-3.74034032912807e-11,-3.05528824462442e-10
0.310476213693619,1.55467374341572e-21,-2.61427979958428e-11,-2.19644774590577e-10
0.31142857670784,1.06196896318089e-20,-1.73577922868429e-11,-1.13069061058457e-10
0.312380969524384,-1.21738561818387e-20,-3.74034067607276e-11,-3.05528824462442e-10
0.313333362340927,1.55444968167508e-21,-2.61427945263959e-11,-2.19644746835002e-10
0.314285725355148,1.0620047484359e-20,-1.73577957562898e-11,-1.13069074936245e-10
0.315238118171692,-1.21743101618233e-20,-3.74034067607276e-11,-3.05528852218018e-10
0.316190481185913,1.55437698025406e-21,-2.61427910569489e-11,-2.19644705201638e-10
0.317142874002457,1.06205822437003e-20,-1.73577974910133e-11,-1.13069095752927e-10
0.318095266819,-1.21744046736707e-20,-3.74034102301746e-11,-3.05528879973593e-10
0.319047629833221,1.55450289507631e-21,-2.6142787587502e-11,-2.19644677446063e-10
0.320000022649765,1.06204707681881e-20,-1.73577992257368e-11,-1.13069109630715e-10
0.320952385663986,-1.21746058142689e-20,-3.74034102301746e-11,-3.05528879973593e-10
0.32190477848053,1.55427651092917e-21,-2.6142784118055e-11,-2.19644635812699e-10
0.322857171297073,1.0620493386408e-20,-1.73578009604602e-11,-1.13069123508502e-10
0.323809534311295,-1.21741259848901e-20,-3.74034136996215e-11,-3.05528907729169e-10
0.324761927127838,1.55447250184335e-21,-2.61427806486081e-11,-2.19644608057123e-10
0.325714290142059,1.0620427955129e-20,-1.73578026951837e-11,-1.13069144325184e-10
0.326666682958603,-1.21742019174854e-20,-3.74034136996215e-11,-3.05528935484745e-10
0.327619075775146,1.55430084571037e-21,-2.61427771791611e-11,-2.1964456642376e-10
0.328571438789368,1.06206347502822e-20,-1.73578061646307e-11,-1.13069158202972e-10
0.329523831605911,-1.21739296910533e-20,-3.74034136996215e-11,-3.0552896324032e-10
0.330476194620132,1.55424904594789e-21,-2.61427737097142e-11,-2.19644538668184e-10
0.331428587436676,1.06205555865126e-20,-1.73578078993541e-11,-1.1306917208076e-10
0.33238098025322,-1.21741704135363e-20,-3.74034171690685e-11,-3.0552896324032e-10
0.333333343267441,1.55395995682512e-21,-2.61427702402672e-11,-2.19644497034821e-10
0.334285736083984,1.06206856412769e-20,-1.73578096340776e-11,-1.13069185958548e-10
0.335238099098206,-1.2173721280313e-20,-3.74034171690685e-11,-3.05528990995896e-10
0.336190491914749,1.55379153186641e-21,-2.61427667708203e-11,-2.19644469279245e-10
0.337142884731293,1.0620698565974e-20,-1.73578113688011e-11,-1.13069206775229e-10
0.338095247745514,-1.21736235372914e-20,-3.74034206385154e-11,-3.05529018751471e-10
0.339047640562057,1.5534692222332e-21,-2.61427615666499e-11,-2.19644427645882e-10
0.340000003576279,1.06199190451819e-20,-1.73578131035246e-11,-1.13069220653017e-10
0.340952396392822,-1.21736954309189e-20,-3.74034206385154e-11,-3.05529018751471e-10
0.341904789209366,1.55346124527173e-21,-2.61427580972029e-11,-2.19644399890306e-10
0.342857152223587,1.06204117992577e-20,-1.73578165729715e-11,-1.13069234530805e-10
0.343809545040131,-1.21731235130735e-20,-3.74034241079624e-11,-3.05529046507047e-10
0.344761908054352,1.55361432215267e-21,-2.61427546277559e-11,-2.19644358256943e-10
0.345714300870895,1.06200725259596e-20,-1.7357818307695e-11,-1.13069248408593e-10
0.346666693687439,-1.21730419259232e-20,-3.74034241079624e-11,-3.05529074262623e-10
0.34761905670166,1.55332927199773e-21,-2.6142751158309e-11,-2.19644330501367e-10
0.348571449518204,1.06193624754142e-20,-1.73578200424185e-11,-1.13069269225274e-10
0.349523812532425,-1.21730193077034e-20,-3.74034275774093e-11,-3.05529074262623e-10
0.350476205348969,1.55404033228503e-21,-2.6142747688862e-11,-2.19644288868004e-10
0.351428598165512,1.06191879920038e-20,-1.7357821777142e-11,-1.13069283103062e-10
0.352380961179733,-1.21730483882718e-20,-3.74034275774093e-11,-3.05529102018198e-10
0.353333353996277,1.55451329541848e-21,-2.61427442194151e-11,-2.19644261112428e-10
0.35428574681282,1.06194901067978e-20,-1.73578235118654e-11,-1.1306929698085e-10
0.355238109827042,-1.21731025104408e-20,-3.74034310468563e-11,-3.05529129773774e-10
0.356190502643585,1.55419068286268e-21,-2.61427407499681e-11,-2.19644219479065e-10
0.357142865657806,1.06191015580921e-20,-1.73578252465889e-11,-1.13069310858638e-10
0.35809525847435,-1.21732156015401e-20,-3.74034310468563e-11,-3.0552915752935e-10
0.359047651290894,1.55431427527842e-21,-2.61427372805212e-11,-2.19644177845701e-10
0.360000014305115,1.06195959277551e-20,-1.73578287160359e-11,-1.1306933167532e-10
0.360952407121658,-1.21730807000145e-20,-3.74034345163032e-11,-3.0552915752935e-10
0.36190477013588,1.55403195142678e-21,-2.61427338110742e-11,-2.19644150090126e-10
0.362857162952423,1.0618937575998e-20,-1.73578304507593e-11,-1.13069345553107e-10
0.363809555768967,-1.2173195406701e-20,-3.74034345163032e-11,-3.05529185284925e-10
0.364761918783188,1.55431265969129e-21,-2.61427303416273e-11,-2.19644108456762e-10
0.365714311599731,1.06192703869476e-20,-1.73578321854828e-11,-1.13069359430895e-10
0.366666674613953,-1.21730992792665e-20,-3.74034345163032e-11,-3.05529213040501e-10
0.367619067430496,1.55449491811483e-21,-2.61427268721803e-11,-2.19644080701187e-10
0.36857146024704,1.06191274074863e-20,-1.73578339202063e-11,-1.13069373308683e-10
0.369523823261261,-1.21736897763639e-20,-3.74034379857502e-11,-3.05529213040501e-10
0.370476216077805,1.55452763375429e-21,-2.61427216680099e-11,-2.19644039067823e-10
0.371428579092026,1.06195579614574e-20,-1.73578356549298e-11,-1.13069394125365e-10
0.372380971908569,-1.21731889443524e-20,-3.74034379857502e-11,-3.05529240796076e-10
0.373333364725113,1.55439495366092e-21,-2.6142718198563e-11,-2.19644011312248e-10
0.374285727739334,1.06188753758934e-20,-1.73578391243767e-11,-1.13069408003152e-10
0.375238120555878,-1.21734151265512e-20,-3.74034414551971e-11,-3.05529268551652e-10
0.376190483570099,1.55443685795221e-21,-2.6142714729116e-11,-2.19643969678884e-10
0.377142876386642,1.06192380752049e-20,-1.73578408591002e-11,-1.1306942188094e-10
0.378095269203186,-1.21731332065963e-20,-3.74034414551971e-11,-3.05529268551652e-10
0.379047632217407,1.55430569247178e-21,-2.6142711259669e-11,-2.19643941923309e-10
0.380000025033951,1.06195918887873e-20,-1.73578425938237e-11,-1.13069435758728e-10
0.380952388048172,-1.21731639027519e-20,-3.74034449246441e-11,-3.05529296307228e-10
0.381904780864716,1.55399822604536e-21,-2.61427077902221e-11,-2.19643900289945e-10
0.382857173681259,1.0619124176312e-20,-1.73578443285471e-11,-1.1306945657541e-10
0.38380953669548,-1.21734635941652e-20,-3.74034449246441e-11,-3.05529324062803e-10
0.384761929512024,1.55473352013967e-21,-2.61427043207751e-11,-2.1964387253437e-10
0.385714292526245,1.06195878498194e-20,-1.73578460632706e-11,-1.13069470453198e-10
0.386666685342789,-1.21736211139107e-20,-3.7403448394091e-11,-3.05529351818379e-10
0.387619078159332,1.55454500131598e-21,-2.61427008513282e-11,-2.19643830901006e-10
0.388571441173553,1.06197873748305e-20,-1.73578477979941e-11,-1.13069484330985e-10
0.389523833990097,-1.21734805578301e-20,-3.7403448394091e-11,-3.05529351818379e-10
0.390476197004318,1.55446290929474e-21,-2.61426973818812e-11,-2.19643803145431e-10
0.391428589820862,1.06198398814123e-20,-1.7357851267441e-11,-1.13069505147667e-10
0.392380982637405,-1.21737519764686e-20,-3.7403451863538e-11,-3.05529379573954e-10
0.393333345651627,1.55389775672047e-21,-2.61426939124343e-11,-2.19643761512067e-10
0.39428573846817,1.06199166218012e-20,-1.73578530021645e-11,-1.13069519025455e-10
0.395238101482391,-1.21732697237091e-20,-3.7403451863538e-11,-3.0552940732953e-10
0.396190494298935,1.55349598039511e-21,-2.61426904429873e-11,-2.19643733756492e-10
0.397142887115479,1.06192703869476e-20,-1.7357854736888e-11,-1.13069532903243e-10
0.3980952501297,-1.21732842639933e-20,-3.74034553329849e-11,-3.0552940732953e-10
0.399047642946243,1.55406153686617e-21,-2.61426869735404e-11,-2.19643692123128e-10
0.400000005960464,1.06193471273365e-20,-1.73578564716115e-11,-1.13069546781031e-10
0.400952398777008,-1.21735039838435e-20,-3.74034553329849e-11,-3.05529435085106e-10
0.401904791593552,1.55411666877711e-21,-2.614268176937e-11,-2.19643664367553e-10
0.402857154607773,1.06195458445539e-20,-1.7357858206335e-11,-1.13069567597712e-10
0.403809547424316,-1.2173581532026e-20,-3.74034553329849e-11,-3.05529462840681e-10
0.404761910438538,1.55430044181359e-21,-2.6142678299923e-11,-2.19643622734189e-10
0.405714303255081,1.06193406649879e-20,-1.73578616757819e-11,-1.130695814755e-10
0.406666696071625,-1.21735193319213e-20,-3.74034588024319e-11,-3.05529462840681e-10
0.407619059085846,1.55420078028227e-21,-2.61426748304761e-11,-2.19643594978614e-10
0.40857145190239,1.06193180467681e-20,-1.73578634105054e-11,-1.13069595353288e-10
0.409523844718933,-1.21735290254441e-20,-3.74034588024319e-11,-3.05529490596257e-10
0.410476207733154,1.55423157741201e-21,-2.61426713610291e-11,-2.1964355334525e-10
0.411428600549698,1.06192372674114e-20,-1.73578651452289e-11,-1.13069609231076e-10
0.412380963563919,-1.21733715056986e-20,-3.74034622718789e-11,-3.05529518351833e-10
0.413333356380463,1.55435476593097e-21,-2.61426678915821e-11,-2.19643525589674e-10
0.414285749197006,1.06191799140681e-20,-1.73578668799523e-11,-1.13069630047757e-10
0.415238112211227,-1.21736469633049e-20,-3.74034622718789e-11,-3.05529546107408e-10
0.416190505027771,1.55437940363476e-21,-2.61426644221352e-11,-2.19643483956311e-10
0.417142868041992,1.06189230357138e-20,-1.73578686146758e-11,-1.13069643925545e-10
0.418095260858536,-1.21741849538205e-20,-3.74034657413258e-11,-3.05529546107408e-10
0.419047653675079,1.55502765797223e-21,-2.61426609526882e-11,-2.19643456200735e-10
0.420000016689301,1.06193026986903e-20,-1.73578720841228e-11,-1.13069657803333e-10
0.420952409505844,-1.2174764141808e-20,-3.74034657413258e-11,-3.05529573862984e-10
0.421904772520065,1.55472039349421e-21,-2.61426574832413e-11,-2.19643414567372e-10
0.422857165336609,1.06194481015323e-20,-1.73578738188462e-11,-1.13069671681121e-10
0.423809558153152,-1.21745040322794e-20,-3.74034692107728e-11,-3.05529601618559e-10
0.424761921167374,1.55502149854629e-21,-2.61426540137943e-11,-2.19643386811796e-10
0.425714313983917,1.06199788219058e-20,-1.73578755535697e-11,-1.13069692497803e-10
0.426666676998138,-1.21745032244858e-20,-3.74034692107728e-11,-3.05529601618559e-10
0.427619069814682,1.55472423051365e-21,-2.61426505443474e-11,-2.19643345178433e-10
0.428571462631226,1.0620234084673e-20,-1.73578772882932e-11,-1.1306970637559e-10
0.429523825645447,-1.21743812476572e-20,-3.74034726802197e-11,-3.05529629374135e-10
0.43047621846199,1.5540142809425e-21,-2.61426470749004e-11,-2.19643317422857e-10
0.431428581476212,1.06200814116888e-20,-1.73578790230167e-11,-1.13069720253378e-10
0.432380974292755,-1.21739191897369e-20,-3.74034726802197e-11,-3.05529657129711e-10
0.433333367109299,1.55440656569345e-21,-2.61426436054535e-11,-2.19643275789494e-10
0.43428573012352,1.06197671799913e-20,-1.73578807577401e-11,-1.13069734131166e-10
0.435238122940063,-1.21737067400288e-20,-3.74034761496667e-11,-3.05529657129711e-10
0.436190485954285,1.5542659086386e-21,-2.61426384012831e-11,-2.19643248033918e-10
0.437142878770828,1.0619902081517e-20,-1.73578842271871e-11,-1.13069754947848e-10
0.438095271587372,-1.2173840833761e-20,-3.74034761496667e-11,-3.05529684885286e-10
0.439047634601593,1.55414251817125e-21,-2.61426349318361e-11,-2.19643206400555e-10
0.440000027418137,1.0620312440649e-20,-1.73578859619106e-11,-1.13069768825635e-10
0.440952390432358,-1.21738545662516e-20,-3.74034796191136e-11,-3.05529712640862e-10
0.441904783248901,1.5544150475259e-21,-2.61426314623892e-11,-2.19643178644979e-10
0.442857176065445,1.06208706260037e-20,-1.7357887696634e-11,-1.13069782703423e-10
0.443809539079666,-1.21742754267e-20,-3.74034796191136e-11,-3.05529740396437e-10
0.44476193189621,1.55461457253694e-21,-2.61426279929422e-11,-2.19643137011616e-10
0.445714294910431,1.06208245817704e-20,-1.73578894313575e-11,-1.13069796581211e-10
0.446666687726974,-1.21747189053682e-20,-3.74034796191136e-11,-3.05529740396437e-10
0.447619080543518,1.55429589797478e-21,-2.61426245234953e-11,-2.1964310925604e-10
0.448571443557739,1.06205087344857e-20,-1.7357891166081e-11,-1.13069817397893e-10
0.449523836374283,-1.21739789664609e-20,-3.74034830885606e-11,-3.05529768152013e-10
0.450476199388504,1.55425409465769e-21,-2.61426210540483e-11,-2.19643067622677e-10
0.451428592205048,1.06204344174776e-20,-1.73578946355279e-11,-1.13069831275681e-10
0.452380985021591,-1.21737002776803e-20,-3.74034830885606e-11,-3.05529795907589e-10
0.453333348035812,1.55414201330027e-21,-2.61426175846013e-11,-2.19643039867101e-10
0.454285740852356,1.0619860884045e-20,-1.73578963702514e-11,-1.13069845153468e-10
0.455238103866577,-1.21737333972165e-20,-3.74034865580075e-11,-3.05529795907589e-10
0.456190496683121,1.55440141600946e-21,-2.61426141151544e-11,-2.19642998233738e-10
0.457142889499664,1.06204950019951e-20,-1.73578981049749e-11,-1.1306986597015e-10
0.458095252513885,-1.21740355120106e-20,-3.74034865580075e-11,-3.05529823663164e-10
0.459047645330429,1.55357837533894e-21,-2.61426106457074e-11,-2.19642970478162e-10
0.46000000834465,1.06202615496543e-20,-1.73578998396984e-11,-1.13069879847938e-10
0.460952401161194,-1.21738198311282e-20,-3.74034900274545e-11,-3.0552985141874e-10
0.461904793977737,1.55392663534049e-21,-2.61426071762605e-11,-2.19642928844799e-10
0.462857156991959,1.06204812695045e-20,-1.73579015744219e-11,-1.13069893725726e-10
0.463809549808502,-1.21736251528786e-20,-3.74034900274545e-11,-3.0552985141874e-10
0.464761942625046,1.55384121117078e-21,-2.61426037068135e-11,-2.19642901089223e-10
0.465714305639267,1.06194820288622e-20,-1.73579033091453e-11,-1.13069907603514e-10
0.466666698455811,-1.21731800586232e-20,-3.74034934969014e-11,-3.05529879174316e-10
0.467619061470032,1.55437041693133e-21,-2.61425985026431e-11,-2.1964285945586e-10
0.468571454286575,1.06194796054814e-20,-1.73579067785923e-11,-1.13069928420195e-10
0.469523847103119,-1.21730782766338e-20,-3.74034934969014e-11,-3.05529906929891e-10
0.47047621011734,1.55455085781934e-21,-2.61425950331962e-11,-2.19642831700284e-10
0.471428602933884,1.06198681541872e-20,-1.73579085133158e-11,-1.13069942297983e-10
0.472380965948105,-1.21726461070754e-20,-3.74034969663484e-11,-3.05529934685467e-10
0.473333358764648,1.55372771617463e-21,-2.61425915637492e-11,-2.19642790066921e-10
0.474285751581192,1.06185239856918e-20,-1.73579102480392e-11,-1.13069956175771e-10
0.475238114595413,-1.21726428759012e-20,-3.74034969663484e-11,-3.05529934685467e-10
0.476190507411957,1.5548917467046e-21,-2.61425880943023e-11,-2.19642762311345e-10
0.477142870426178,1.06188777992741e-20,-1.73579119827627e-11,-1.13069970053559e-10
0.478095263242722,-1.21731251286606e-20,-3.74035004357953e-11,-3.05529962441042e-10
0.479047656059265,1.55462396313715e-21,-2.61425846248553e-11,-2.19642720677982e-10
0.480000019073486,1.06190490515103e-20,-1.73579137174862e-11,-1.1306999087024e-10
0.48095241189003,-1.2173081507808e-20,-3.74035004357953e-11,-3.05529990196618e-10
0.481904774904251,1.55437263836364e-21,-2.61425811554084e-11,-2.19642692922406e-10
0.482857167720795,1.06192582700441e-20,-1.73579171869331e-11,-1.13070004748028e-10
0.483809560537338,-1.21732479132828e-20,-3.74035004357953e-11,-3.05529990196618e-10
0.484761923551559,1.55460720142064e-21,-2.61425776859614e-11,-2.19642651289043e-10
0.485714316368103,1.06192477687277e-20,-1.73579189216566e-11,-1.13070018625816e-10
0.486666679382324,-1.21735338722055e-20,-3.74035039052423e-11,-3.05530017952194e-10
0.487619072198868,1.55487922590431e-21,-2.61425742165144e-11,-2.19642623533467e-10
0.488571465015411,1.06195296886826e-20,-1.73579206563801e-11,-1.13070032503604e-10
0.489523828029633,-1.21736501944792e-20,-3.74035039052423e-11,-3.05530045707769e-10
0.490476220846176,1.55469262559034e-21,-2.61425707470675e-11,-2.19642581900104e-10
0.491428583860397,1.06192437297599e-20,-1.73579223911036e-11,-1.13070053320286e-10
0.492380976676941,-1.21739733119059e-20,-3.74035073746892e-11,-3.05530045707769e-10
0.493333369493484,1.55481652092867e-21,-2.61425672776205e-11,-2.19642554144528e-10
0.494285732507706,1.06200466765654e-20,-1.7357924125827e-11,-1.13070067198073e-10
0.495238125324249,-1.21734805578301e-20,-3.74035073746892e-11,-3.05530073463345e-10
0.49619048833847,1.55472342272008e-21,-2.61425638081736e-11,-2.19642512511165e-10
0.497142881155014,1.06199004659298e-20,-1.7357927595274e-11,-1.13070081075861e-10
0.498095273971558,-1.2174161527807e-20,-3.74035108441362e-11,-3.0553010121892e-10
0.499047636985779,1.55451723341212e-21,-2.61425586040032e-11,-2.19642484755589e-10
0.5,1.06198342268573e-20,-1.73579293299975e-11,-1.13070094953649e-10
0.500952422618866,-1.21743408579789e-20,-3.74035108441362e-11,-3.05530128974496e-10
0.501904785633087,1.55489346326592e-21,-2.61425551345562e-11,-2.19642443122225e-10
0.502857148647308,1.06203633316437e-20,-1.73579310647209e-11,-1.13070115770331e-10
0.503809571266174,-1.21739151507691e-20,-3.74035143135831e-11,-3.05530128974496e-10
0.504761934280396,1.55395884610897e-21,-2.61425516651093e-11,-2.1964241536665e-10
0.505714297294617,1.0619450524913e-20,-1.73579327994444e-11,-1.13070129648118e-10
0.506666719913483,-1.21737931739405e-20,-3.74035143135831e-11,-3.05530156730072e-10
0.507619082927704,1.5541901779917e-21,-2.61425481956623e-11,-2.19642373733286e-10
0.508571445941925,1.06201298793028e-20,-1.73579345341679e-11,-1.13070143525906e-10
0.509523808956146,-1.21736316152271e-20,-3.74035177830301e-11,-3.05530184485647e-10
0.510476231575012,1.55402801343314e-21,-2.61425447262154e-11,-2.19642345977711e-10
0.511428594589233,1.06202550873057e-20,-1.73579362688914e-11,-1.13070157403694e-10
0.512380957603455,-1.21735395267605e-20,-3.74035177830301e-11,-3.05530184485647e-10
0.513333380222321,1.55373438047155e-21,-2.61425412567684e-11,-2.19642304344347e-10
0.514285743236542,1.06197106344416e-20,-1.73579397383383e-11,-1.13070178220376e-10
0.515238106250763,-1.21733908927442e-20,-3.7403521252477e-11,-3.05530212241223e-10
0.516190528869629,1.55425510439965e-21,-2.61425377873215e-11,-2.19642276588772e-10
0.51714289188385,1.06191589114354e-20,-1.73579414730618e-11,-1.13070192098164e-10
0.518095254898071,-1.21736041502458e-20,-3.7403521252477e-11,-3.05530239996799e-10
0.519047617912292,1.55429983596842e-21,-2.61425343178745e-11,-2.19642234955408e-10
0.520000040531158,1.0619413366409e-20,-1.73579432077853e-11,-1.13070205975951e-10
0.52095240354538,-1.21734571318167e-20,-3.7403521252477e-11,-3.05530239996799e-10
0.521904766559601,1.55426924078707e-21,-2.61425308484275e-11,-2.19642207199833e-10
0.522857189178467,1.06189836202313e-20,-1.73579449425088e-11,-1.13070219853739e-10
0.523809552192688,-1.21732761860577e-20,-3.7403524721924e-11,-3.05530267752374e-10
0.524761915206909,1.5545176373089e-21,-2.61425273789806e-11,-2.19642165566469e-10
0.525714337825775,1.06194707197522e-20,-1.73579466772322e-11,-1.13070240670421e-10
0.526666700839996,-1.21733270770524e-20,-3.7403524721924e-11,-3.0553029550795e-10
0.527619063854218,1.55445260992676e-21,-2.61425239095336e-11,-2.19642137810894e-10
0.528571426868439,1.06193640910014e-20,-1.73579501466792e-11,-1.13070254548209e-10
0.529523849487305,-1.21738626441873e-20,-3.74035281913709e-11,-3.05530323263525e-10
0.530476212501526,1.55441363388716e-21,-2.61425204400867e-11,-2.1964209617753e-10
0.531428575515747,1.0619577348503e-20,-1.73579518814027e-11,-1.13070268425997e-10
0.532380998134613,-1.21740371275977e-20,-3.74035281913709e-11,-3.05530323263525e-10
0.533333361148834,1.55460518193672e-21,-2.61425152359163e-11,-2.19642068421955e-10
0.534285724163055,1.06197227513451e-20,-1.73579536161261e-11,-1.13070289242678e-10
0.535238146781921,-1.21742309980538e-20,-3.74035316608179e-11,-3.05530351019101e-10
0.536190509796143,1.55478733938607e-21,-2.61425117664693e-11,-2.19642026788591e-10
0.537142872810364,1.06197308292808e-20,-1.73579553508496e-11,-1.13070303120466e-10
0.538095235824585,-1.21745113024215e-20,-3.74035316608179e-11,-3.05530378774677e-10
0.539047658443451,1.55453995260619e-21,-2.61425082970224e-11,-2.19641999033016e-10
0.540000021457672,1.06199424711953e-20,-1.73579570855731e-11,-1.13070316998254e-10
0.540952384471893,-1.217401047041e-20,-3.74035351302648e-11,-3.05530378774677e-10
0.541904807090759,1.55416543931371e-21,-2.61425048275754e-11,-2.19641957399652e-10
0.54285717010498,1.06201735001555e-20,-1.73579588202966e-11,-1.13070330876042e-10
0.543809533119202,-1.21735556826318e-20,-3.74035351302648e-11,-3.05530406530252e-10
0.544761955738068,1.55382919524147e-21,-2.61425013581285e-11,-2.19641915766289e-10
0.545714318752289,1.06197130578223e-20,-1.73579622897435e-11,-1.13070351692723e-10
0.54666668176651,-1.2173159863784e-20,-3.74035385997118e-11,-3.05530434285828e-10
0.547619104385376,1.55411242786088e-21,-2.61424978886815e-11,-2.19641888010713e-10
0.548571467399597,1.06200256739327e-20,-1.7357964024467e-11,-1.13070365570511e-10
0.549523830413818,-1.21732689159156e-20,-3.74035385997118e-11,-3.05530434285828e-10
0.55047619342804,1.55422673065061e-21,-2.61424944192346e-11,-2.1964184637735e-10
0.551428616046906,1.06200499077397e-20,-1.73579657591905e-11,-1.13070379448299e-10
0.552380979061127,-1.21735774930581e-20,-3.74035420691587e-11,-3.05530462041403e-10
0.553333342075348,1.5542343037153e-21,-2.61424909497876e-11,-2.19641818621774e-10
0.554285764694214,1.06197946449726e-20,-1.73579674939139e-11,-1.13070393326087e-10
0.555238127708435,-1.21734660175459e-20,-3.74035420691587e-11,-3.05530489796979e-10
0.556190490722656,1.55420380950814e-21,-2.61424874803406e-11,-2.19641776988411e-10
0.557142913341522,1.06194933379721e-20,-1.73579692286374e-11,-1.13070414142769e-10
0.558095276355743,-1.21733214224974e-20,-3.74035420691587e-11,-3.05530517552555e-10
0.559047639369965,1.55460447511735e-21,-2.61424840108937e-11,-2.19641749232835e-10
0.560000002384186,1.06192792726768e-20,-1.73579726980844e-11,-1.13070428020556e-10
0.560952425003052,-1.21736194983236e-20,-3.74035455386057e-11,-3.05530517552555e-10
0.561904788017273,1.55473392403645e-21,-2.61424805414467e-11,-2.19641707599472e-10
0.562857151031494,1.06198164553989e-20,-1.73579744328078e-11,-1.13070441898344e-10
0.56380957365036,-1.2173413510964e-20,-3.74035455386057e-11,-3.0553054530813e-10
0.564761936664581,1.55439879068037e-21,-2.61424753372763e-11,-2.19641679843896e-10
0.565714299678802,1.06196379330206e-20,-1.73579761675313e-11,-1.13070455776132e-10
0.566666722297668,-1.21736534256534e-20,-3.74035490080527e-11,-3.05530573063706e-10
0.56761908531189,1.5543711237507e-21,-2.61424718678294e-11,-2.19641638210533e-10
0.568571448326111,1.06195838108516e-20,-1.73579779022548e-11,-1.13070476592814e-10
0.569523811340332,-1.21735564904254e-20,-3.74035490080527e-11,-3.05530573063706e-10
0.570476233959198,1.55444049302326e-21,-2.61424683983824e-11,-2.19641610454957e-10
0.571428596973419,1.06199578192731e-20,-1.73579796369783e-11,-1.13070490470601e-10
0.57238095998764,-1.21732842639933e-20,-3.74035524774996e-11,-3.05530600819282e-10
0.573333382606506,1.55467758043516e-21,-2.61424649289355e-11,-2.19641568821594e-10
0.574285745620728,1.06203148640297e-20,-1.73579831064252e-11,-1.13070504348389e-10
0.575238108634949,-1.21735799164388e-20,-3.74035524774996e-11,-3.05530628574857e-10
0.576190531253815,1.55406507096302e-21,-2.61424614594885e-11,-2.19641541066018e-10
0.577142894268036,1.06198132242246e-20,-1.73579848411487e-11,-1.13070518226177e-10
0.578095257282257,-1.21734070486155e-20,-3.74035559469466e-11,-3.05530628574857e-10
0.579047620296478,1.55424036216705e-21,-2.61424579900416e-11,-2.19641499432655e-10
0.580000042915344,1.06195094938434e-20,-1.73579865758722e-11,-1.13070539042859e-10
0.580952405929565,-1.21733391939559e-20,-3.74035559469466e-11,-3.05530656330433e-10
0.581904768943787,1.55429256582631e-21,-2.61424545205946e-11,-2.19641471677079e-10
0.582857191562653,1.06197203279644e-20,-1.73579883105957e-11,-1.13070552920647e-10
0.583809554576874,-1.21728860217648e-20,-3.74035594163935e-11,-3.05530684086008e-10
0.584761917591095,1.55395107109589e-21,-2.61424510511477e-11,-2.19641430043716e-10
0.585714340209961,1.0618997352722e-20,-1.73579900453191e-11,-1.13070566798434e-10
0.586666703224182,-1.21730500038589e-20,-3.74035594163935e-11,-3.05530711841584e-10
0.587619066238403,1.55420441535332e-21,-2.61424475817007e-11,-2.1964140228814e-10
0.588571429252625,1.06193859014277e-20,-1.73579917800426e-11,-1.13070580676222e-10
0.58952385187149,-1.21728852139713e-20,-3.74035628858405e-11,-3.05530711841584e-10
0.590476214885712,1.55432477659479e-21,-2.61424441122537e-11,-2.19641360654776e-10
0.591428577899933,1.06191581036418e-20,-1.73579952494896e-11,-1.13070601492904e-10
0.592381000518799,-1.2173370697905e-20,-3.74035628858405e-11,-3.0553073959716e-10
0.59333336353302,1.55453530779318e-21,-2.61424406428068e-11,-2.19641332899201e-10
0.594285726547241,1.06189884669927e-20,-1.7357996984213e-11,-1.13070615370692e-10
0.595238149166107,-1.21735871865809e-20,-3.74035663552874e-11,-3.05530767352735e-10
0.596190512180328,1.5551604390398e-21,-2.61424354386364e-11,-2.19641291265837e-10
0.59714287519455,1.06197631410234e-20,-1.73579987189365e-11,-1.1307062924848e-10
0.598095238208771,-1.21735314488248e-20,-3.74035663552874e-11,-3.05530767352735e-10
0.599047660827637,1.55449017232763e-21,-2.61424319691894e-11,-2.19641263510262e-10
0.600000023841858,1.06199497413374e-20,-1.735800045366e-11,-1.13070650065161e-10
0.600952386856079,-1.21732172171273e-20,-3.74035663552874e-11,-3.05530795108311e-10
0.601904809474945,1.55453056200597e-21,-2.61424284997425e-11,-2.19641221876898e-10
0.602857172489166,1.06199667050023e-20,-1.73580021883835e-11,-1.13070663942949e-10
0.603809535503387,-1.21736695815248e-20,-3.74035698247344e-11,-3.05530822863886e-10
0.604761958122253,1.55419855884996e-21,-2.61424250302955e-11,-2.19641194121323e-10
0.605714321136475,1.06201226091607e-20,-1.73580056578304e-11,-1.13070677820737e-10
0.606666684150696,-1.21732180249208e-20,-3.74035698247344e-11,-3.05530822863886e-10
0.607619106769562,1.55436486335055e-21,-2.61424215608486e-11,-2.19641152487959e-10
0.608571469783783,1.06195563458703e-20,-1.73580073925539e-11,-1.13070691698525e-10
0.609523832798004,-1.21735419501412e-20,-3.74035732941813e-11,-3.05530850619462e-10
0.610476195812225,1.55491436492447e-21,-2.61424180914016e-11,-2.19641124732384e-10
0.611428618431091,1.06200062868871e-20,-1.73580091272774e-11,-1.13070712515206e-10
0.612380981445312,-1.21738472961095e-20,-3.74035732941813e-11,-3.05530878375038e-10
0.613333344459534,1.55481490534154e-21,-2.61424146219547e-11,-2.1964108309902e-10
0.6142857670784,1.06201282637157e-20,-1.73580108620008e-11,-1.13070726392994e-10
0.615238130092621,-1.21739111118013e-20,-3.74035767636283e-11,-3.05530906130613e-10
0.616190493106842,1.55466102066704e-21,-2.61424111525077e-11,-2.19641055343445e-10
0.617142915725708,1.0619515956192e-20,-1.73580125967243e-11,-1.13070740270782e-10
0.618095278739929,-1.21739757352866e-20,-3.74035767636283e-11,-3.05530906130613e-10
0.61904764175415,1.55492284675692e-21,-2.61424076830608e-11,-2.19641013710081e-10
0.620000004768372,1.06198826944714e-20,-1.73580143314478e-11,-1.1307075414857e-10
0.620952427387238,-1.21740266262814e-20,-3.74035802330752e-11,-3.05530933886189e-10
0.621904790401459,1.55441423973233e-21,-2.61424042136138e-11,-2.19640985954506e-10
0.62285715341568,1.06197679877848e-20,-1.73580178008947e-11,-1.13070774965252e-10
0.623809576034546,-1.2173726934868e-20,-3.74035802330752e-11,-3.05530961641765e-10
0.624761939048767,1.55409960413801e-21,-2.61424007441668e-11,-2.19640944321142e-10
0.625714302062988,1.06194481015323e-20,-1.73580195356182e-11,-1.13070788843039e-10
0.626666724681854,-1.21740330886299e-20,-3.74035837025222e-11,-3.05530961641765e-10
0.627619087696075,1.55451682951534e-21,-2.61423972747199e-11,-2.19640916565567e-10
0.628571450710297,1.06194973769399e-20,-1.73580212703417e-11,-1.13070802720827e-10
0.629523813724518,-1.21740040080615e-20,-3.74035837025222e-11,-3.0553098939734e-10
0.630476236343384,1.55456761953586e-21,-2.61423920705495e-11,-2.19640874932203e-10
0.631428599357605,1.06201840014718e-20,-1.73580230050652e-11,-1.13070816598615e-10
0.632380962371826,-1.21735419501412e-20,-3.74035871719691e-11,-3.05531017152916e-10
0.633333384990692,1.55415998670714e-21,-2.61423886011025e-11,-2.19640847176628e-10
0.634285748004913,1.06194093274411e-20,-1.73580247397886e-11,-1.13070837415297e-10
0.635238111019135,-1.21732955731033e-20,-3.74035871719691e-11,-3.05531017152916e-10
0.636190533638,1.55384121117078e-21,-2.61423851316556e-11,-2.19640805543264e-10
0.637142896652222,1.06189383837916e-20,-1.73580282092356e-11,-1.13070851293084e-10
0.638095259666443,-1.21730007284513e-20,-3.74035871719691e-11,-3.05531044908491e-10
0.639047622680664,1.55416412664917e-21,-2.61423816622086e-11,-2.19640777787689e-10
0.64000004529953,1.06191379088026e-20,-1.73580299439591e-11,-1.13070865170872e-10
0.640952408313751,-1.21732600301863e-20,-3.74035906414161e-11,-3.05531072664067e-10
0.641904771327972,1.55414504252615e-21,-2.61423781927617e-11,-2.19640736154325e-10
0.642857193946838,1.06188075212337e-20,-1.73580316786826e-11,-1.1307087904866e-10
0.64380955696106,-1.21732858795805e-20,-3.74035906414161e-11,-3.05531100419643e-10
0.644761919975281,1.5547987494702e-21,-2.61423747233147e-11,-2.19640708398749e-10
0.645714342594147,1.06191476023254e-20,-1.7358033413406e-11,-1.13070899865342e-10
0.646666705608368,-1.21737091634095e-20,-3.7403594110863e-11,-3.05531100419643e-10
0.647619068622589,1.55463961413751e-21,-2.61423712538678e-11,-2.19640666765386e-10
0.64857143163681,1.06193333948458e-20,-1.73580351481295e-11,-1.1307091374313e-10
0.649523854255676,-1.21737123945838e-20,-3.7403594110863e-11,-3.05531128175218e-10
0.650476217269897,1.55465980897669e-21,-2.61423677844208e-11,-2.1964063900981e-10
0.651428580284119,1.06193374338137e-20,-1.73580386175765e-11,-1.13070927620917e-10
0.652381002902985,-1.21737253192809e-20,-3.740359758031e-11,-3.05531155930794e-10
0.653333365917206,1.55462265047261e-21,-2.61423643149739e-11,-2.19640597376447e-10
0.654285728931427,1.06190094696255e-20,-1.73580403522999e-11,-1.13070941498705e-10
0.655238151550293,-1.2173775402482e-20,-3.740359758031e-11,-3.05531155930794e-10
0.656190514564514,1.55480500987034e-21,-2.61423608455269e-11,-2.19640569620871e-10
0.657142877578735,1.0619040165781e-20,-1.73580420870234e-11,-1.13070962315387e-10
0.658095300197601,-1.21737729791013e-20,-3.74036010497569e-11,-3.05531183686369e-10
0.659047663211823,1.55485832424576e-21,-2.61423573760799e-11,-2.19640527987508e-10
0.660000026226044,1.06193818624598e-20,-1.73580438217469e-11,-1.13070976193175e-10
0.660952389240265,-1.21734175499319e-20,-3.74036010497569e-11,-3.05531211441945e-10
0.661904811859131,1.55447553106923e-21,-2.61423521719095e-11,-2.19640500231932e-10
0.662857174873352,1.0619051474891e-20,-1.73580455564704e-11,-1.13070990070963e-10
0.663809537887573,-1.21739692729381e-20,-3.74036045192039e-11,-3.05531211441945e-10
0.664761960506439,1.55446301026894e-21,-2.61423487024626e-11,-2.19640458598569e-10
0.66571432352066,1.06194174053768e-20,-1.73580472911938e-11,-1.13071010887644e-10
0.666666686534882,-1.21741437563486e-20,-3.74036045192039e-11,-3.05531239197521e-10
0.667619109153748,1.55456156108411e-21,-2.61423452330156e-11,-2.19640430842993e-10
0.668571472167969,1.06196468187498e-20,-1.73580507606408e-11,-1.13071024765432e-10
0.66952383518219,-1.21743505515017e-20,-3.74036079886508e-11,-3.05531266953096e-10
0.670476198196411,1.55450521748281e-21,-2.61423417635687e-11,-2.1964038920963e-10
0.671428620815277,1.06190288566711e-20,-1.73580524953643e-11,-1.1307103864322e-10
0.672380983829498,-1.21743917489736e-20,-3.74036079886508e-11,-3.05531294708672e-10
0.673333346843719,1.55442383228094e-21,-2.61423382941217e-11,-2.19640361454054e-10
0.674285769462585,1.06193043142774e-20,-1.73580542300877e-11,-1.13071052521008e-10
0.675238132476807,-1.21739006104849e-20,-3.74036079886508e-11,-3.05531294708672e-10
0.676190495491028,1.55416432859756e-21,-2.61423348246748e-11,-2.19640319820691e-10
0.677142918109894,1.06193560130657e-20,-1.73580559648112e-11,-1.13071073337689e-10
0.678095281124115,-1.21737140101709e-20,-3.74036114580978e-11,-3.05531322464248e-10
0.679047644138336,1.55407738981492e-21,-2.61423313552278e-11,-2.19640292065115e-10
0.680000007152557,1.06191459867383e-20,-1.73580576995347e-11,-1.13071087215477e-10
0.680952429771423,-1.21736469633049e-20,-3.74036114580978e-11,-3.05531350219823e-10
0.681904792785645,1.5542218838892e-21,-2.61423278857809e-11,-2.19640250431752e-10
0.682857155799866,1.06192009167009e-20,-1.73580611689816e-11,-1.13071101093265e-10
0.683809578418732,-1.21737737868949e-20,-3.74036149275447e-11,-3.05531350219823e-10
0.684761941432953,1.55455247340648e-21,-2.61423244163339e-11,-2.19640222676176e-10
0.685714304447174,1.06192631168055e-20,-1.73580629037051e-11,-1.13071114971053e-10
0.68666672706604,-1.2173943423544e-20,-3.74036149275447e-11,-3.05531377975399e-10
0.687619090080261,1.55477007279857e-21,-2.6142320946887e-11,-2.19640181042813e-10
0.688571453094482,1.06194577950551e-20,-1.73580646384286e-11,-1.13071135787735e-10
0.689523816108704,-1.21737729791013e-20,-3.74036183969917e-11,-3.05531405730974e-10
0.69047623872757,1.55430862072346e-21,-2.614231747744e-11,-2.19640153287237e-10
0.691428601741791,1.0619528880889e-20,-1.73580663731521e-11,-1.13071149665522e-10
0.692380964756012,-1.2173678467254e-20,-3.74036183969917e-11,-3.05531405730974e-10
0.693333387374878,1.55380788968614e-21,-2.61423140079931e-11,-2.19640111653874e-10
0.694285750389099,1.06191653737839e-20,-1.73580681078755e-11,-1.1307116354331e-10
0.69523811340332,-1.21734207811061e-20,-3.74036218664386e-11,-3.0553143348655e-10
0.696190536022186,1.55394157952147e-21,-2.61423088038226e-11,-2.19640083898298e-10
0.697142899036407,1.06195797718838e-20,-1.7358069842599e-11,-1.13071177421098e-10
0.698095262050629,-1.21733917005377e-20,-3.74036218664386e-11,-3.05531461242126e-10
0.69904762506485,1.5545324805157e-21,-2.61423053343757e-11,-2.19640042264935e-10
0.700000047683716,1.06197195201708e-20,-1.7358073312046e-11,-1.1307119823778e-10
0.700952410697937,-1.21737535920557e-20,-3.74036253358856e-11,-3.05531488997701e-10
0.701904773712158,1.554461495656e-21,-2.61423018649287e-11,-2.19640014509359e-10
0.702857196331024,1.06193818624598e-20,-1.73580750467695e-11,-1.13071212115567e-10
0.703809559345245,-1.2173937768989e-20,-3.74036253358856e-11,-3.05531488997701e-10
0.704761922359467,1.5543320467369e-21,-2.61422983954818e-11,-2.19639972875996e-10
0.705714344978333,1.06190466281296e-20,-1.73580767814929e-11,-1.13071225993355e-10
0.706666707992554,-1.21737681323399e-20,-3.74036288053325e-11,-3.05531516753277e-10
0.707619071006775,1.55466707911879e-21,-2.61422949260348e-11,-2.1963994512042e-10
0.708571493625641,1.06190870178079e-20,-1.73580785162164e-11,-1.13071239871143e-10
0.709523856639862,-1.21736938153318e-20,-3.74036288053325e-11,-3.05531544508852e-10
0.710476219654083,1.55433780226606e-21,-2.61422914565879e-11,-2.19639903487057e-10
0.711428582668304,1.06194182131704e-20,-1.73580802509399e-11,-1.13071260687825e-10
0.71238100528717,-1.21732317574115e-20,-3.74036322747795e-11,-3.05531544508852e-10
0.713333368301392,1.55401296827795e-21,-2.61422879871409e-11,-2.19639875731481e-10
0.714285731315613,1.06191346776284e-20,-1.73580837203868e-11,-1.13071274565613e-10
0.715238153934479,-1.21735354877926e-20,-3.74036322747795e-11,-3.05531572264428e-10
0.7161905169487,1.55410869181564e-21,-2.6142284517694e-11,-2.19639834098118e-10
0.717142879962921,1.0619250999902e-20,-1.73580854551103e-11,-1.130712884434e-10
0.718095302581787,-1.21734320902161e-20,-3.74036322747795e-11,-3.05531600020004e-10
0.719047665596008,1.55442080305507e-21,-2.6142281048247e-11,-2.19639806342542e-10
0.720000028610229,1.06190926723629e-20,-1.73580871898338e-11,-1.13071309260082e-10
0.720952391624451,-1.21736978542996e-20,-3.74036357442264e-11,-3.05531627775579e-10
0.721904814243317,1.55448542654042e-21,-2.61422775788001e-11,-2.19639764709179e-10
0.722857177257538,1.06192897739932e-20,-1.73580889245573e-11,-1.1307132313787e-10
0.723809540271759,-1.21734999448757e-20,-3.74036357442264e-11,-3.05531627775579e-10
0.724761962890625,1.55477108254053e-21,-2.61422741093531e-11,-2.19639736953603e-10
0.725714325904846,1.06190385501939e-20,-1.73580906592807e-11,-1.13071337015658e-10
0.726666688919067,-1.21738981871042e-20,-3.74036392136734e-11,-3.05531655531155e-10
0.727619111537933,1.55513792179412e-21,-2.61422689051827e-11,-2.1963969532024e-10
0.728571474552155,1.06194957613528e-20,-1.73580941287277e-11,-1.13071350893446e-10
0.729523837566376,-1.21743586294374e-20,-3.74036392136734e-11,-3.05531683286731e-10
0.730476200580597,1.55446078883663e-21,-2.61422654357357e-11,-2.19639667564664e-10
0.731428623199463,1.06194311378674e-20,-1.73580958634512e-11,-1.13071371710127e-10
0.732380986213684,-1.21739458469247e-20,-3.74036426831204e-11,-3.05531683286731e-10
0.733333349227905,1.55440636374506e-21,-2.61422619662888e-11,-2.196396259313e-10
0.734285771846771,1.06192227271272e-20,-1.73580975981746e-11,-1.13071385587915e-10
0.735238134860992,-1.21740678237533e-20,-3.74036426831204e-11,-3.05531711042306e-10
0.736190497875214,1.55452147432835e-21,-2.61422584968418e-11,-2.19639584297937e-10
0.73714292049408,1.06197275981065e-20,-1.73580993328981e-11,-1.13071399465703e-10
0.738095283508301,-1.21738448727288e-20,-3.74036461525673e-11,-3.05531738797882e-10
0.739047646522522,1.55431023631059e-21,-2.61422550273949e-11,-2.19639556542361e-10
0.740000009536743,1.06194787976879e-20,-1.73581010676216e-11,-1.13071413343491e-10
0.740952432155609,-1.21735128695728e-20,-3.74036461525673e-11,-3.05531738797882e-10
0.74190479516983,1.55451915192184e-21,-2.61422515579479e-11,-2.19639514908998e-10
0.742857158184052,1.0619051474891e-20,-1.73581028023451e-11,-1.13071434160172e-10
0.743809580802917,-1.21732067158109e-20,-3.74036496220143e-11,-3.05531766553457e-10
0.744761943817139,1.5547987494702e-21,-2.6142248088501e-11,-2.19639487153422e-10
0.74571430683136,1.06186685807402e-20,-1.7358106271792e-11,-1.1307144803796e-10
0.746666729450226,-1.21736162671493e-20,-3.74036496220143e-11,-3.05531794309033e-10
0.747619092464447,1.55506007068911e-21,-2.6142244619054e-11,-2.19639445520059e-10
0.748571455478668,1.06185062142333e-20,-1.73581080065155e-11,-1.13071461915748e-10
0.749523818492889,-1.21741251770965e-20,-3.74036530914612e-11,-3.05531822064609e-10
0.750476241111755,1.55532391626291e-21,-2.61422411496071e-11,-2.19639417764483e-10
0.751428604125977,1.06192364596178e-20,-1.7358109741239e-11,-1.13071475793536e-10
0.752380967140198,-1.21742188811503e-20,-3.74036530914612e-11,-3.05531822064609e-10
0.753333389759064,1.55502644628188e-21,-2.61422376801601e-11,-2.1963937613112e-10
0.754285752773285,1.06190991347114e-20,-1.73581114759624e-11,-1.13071496610218e-10
0.755238115787506,-1.21739256520855e-20,-3.74036530914612e-11,-3.05531849820184e-10
0.756190538406372,1.55504027974672e-21,-2.61422342107132e-11,-2.19639348375544e-10
0.757142901420593,1.06190005838963e-20,-1.73581132106859e-11,-1.13071510488005e-10
0.758095264434814,-1.21742083798339e-20,-3.74036565609082e-11,-3.0553187757576e-10
0.759047627449036,1.55546528013713e-21,-2.61422290065427e-11,-2.19639306742181e-10
0.760000050067902,1.0619709826648e-20,-1.73581166801329e-11,-1.13071524365793e-10
0.760952413082123,-1.21744999933116e-20,-3.74036565609082e-11,-3.0553187757576e-10
0.761904776096344,1.55497444457101e-21,-2.61422255370958e-11,-2.19639278986605e-10
0.76285719871521,1.06195078782563e-20,-1.73581184148563e-11,-1.13071538243581e-10
0.763809561729431,-1.21744814140595e-20,-3.74036600303551e-11,-3.05531905331335e-10
0.764761924743652,1.55503442324336e-21,-2.61422220676488e-11,-2.19639237353242e-10
0.765714347362518,1.06190442047489e-20,-1.73581201495798e-11,-1.13071559060263e-10
0.76666671037674,-1.21747714119501e-20,-3.74036600303551e-11,-3.05531933086911e-10
0.767619073390961,1.55523041415754e-21,-2.61422185982019e-11,-2.19639209597666e-10
0.768571496009827,1.06197267903129e-20,-1.73581218843033e-11,-1.1307157293805e-10
0.769523859024048,-1.21744272918906e-20,-3.74036634998021e-11,-3.05531933086911e-10
0.770476222038269,1.55451814217988e-21,-2.61422151287549e-11,-2.19639167964303e-10
0.77142858505249,1.06197372916293e-20,-1.73581236190268e-11,-1.13071586815838e-10
0.772381007671356,-1.21741679901556e-20,-3.74036634998021e-11,-3.05531960842487e-10
0.773333370685577,1.55441232122261e-21,-2.6142211659308e-11,-2.19639140208727e-10
0.774285733699799,1.06197817202755e-20,-1.73581270884737e-11,-1.13071600693626e-10
0.775238156318665,-1.21741898005819e-20,-3.7403666969249e-11,-3.05531988598062e-10
0.776190519332886,1.55432295905927e-21,-2.6142208189861e-11,-2.19639098575364e-10
0.777142882347107,1.06200240583456e-20,-1.73581288231972e-11,-1.13071621510308e-10
0.778095304965973,-1.21741687979491e-20,-3.7403666969249e-11,-3.05532016353638e-10
0.779047667980194,1.55420047735968e-21,-2.61422047204141e-11,-2.19639070819788e-10
0.780000030994415,1.0619763948817e-20,-1.73581305579207e-11,-1.13071635388096e-10
0.780952394008636,-1.21740629769919e-20,-3.7403670438696e-11,-3.05532016353638e-10
0.781904816627502,1.55450087559239e-21,-2.61422012509671e-11,-2.19639029186425e-10
0.782857179641724,1.06197065954738e-20,-1.73581322926442e-11,-1.13071649265883e-10
0.783809542655945,-1.21741114446059e-20,-3.7403670438696e-11,-3.05532044109214e-10
0.784761965274811,1.55467758043516e-21,-2.61421977815202e-11,-2.19639001430849e-10
0.785714328289032,1.06197558708813e-20,-1.73581340273676e-11,-1.13071670082565e-10
0.786666691303253,-1.21738424493481e-20,-3.74036739081429e-11,-3.05532071864789e-10
0.787619113922119,1.55423642417341e-21,-2.61421943120732e-11,-2.19638959797486e-10
0.78857147693634,1.06192930051675e-20,-1.73581357620911e-11,-1.13071683960353e-10
0.789523839950562,-1.21734094719962e-20,-3.74036739081429e-11,-3.05532071864789e-10
0.790476202964783,1.55422955792809e-21,-2.61421908426263e-11,-2.1963893204191e-10
0.791428625583649,1.0619021586529e-20,-1.73581392315381e-11,-1.13071697838141e-10
0.79238098859787,-1.21731372455641e-20,-3.74036739081429e-11,-3.05532099620365e-10
0.793333351612091,1.55508289085737e-21,-2.61421856384558e-11,-2.19638890408547e-10
0.794285774230957,1.06189456539337e-20,-1.73581409662615e-11,-1.13071711715929e-10
0.795238137245178,-1.21736865451897e-20,-3.74036773775899e-11,-3.0553212737594e-10
0.796190500259399,1.55434598117593e-21,-2.61421821690089e-11,-2.19638862652971e-10
0.797142922878265,1.06186516170753e-20,-1.7358142700985e-11,-1.1307173253261e-10
0.798095285892487,-1.21735072150178e-20,-3.74036773775899e-11,-3.0553212737594e-10
0.799047648906708,1.55482156963847e-21,-2.61421786995619e-11,-2.19638821019608e-10
0.800000011920929,1.06189844280249e-20,-1.73581444357085e-11,-1.13071746410398e-10
0.800952434539795,-1.21735371033798e-20,-3.74036808470368e-11,-3.05532155131516e-10
0.801904797554016,1.55473069286219e-21,-2.6142175230115e-11,-2.19638793264032e-10
0.802857160568237,1.06186217287134e-20,-1.7358146170432e-11,-1.13071760288186e-10
0.803809583187103,-1.21736356541949e-20,-3.74036808470368e-11,-3.05532182887092e-10
0.804761946201324,1.55546942007916e-21,-2.6142171760668e-11,-2.19638751630669e-10
0.805714309215546,1.06198487671415e-20,-1.73581496398789e-11,-1.13071774165974e-10
0.806666731834412,-1.21737317816294e-20,-3.74036843164838e-11,-3.05532210642667e-10
0.807619094848633,1.55472493733302e-21,-2.61421682912211e-11,-2.19638723875093e-10
0.808571457862854,1.06199909388093e-20,-1.73581513746024e-11,-1.13071794982655e-10
0.809523820877075,-1.21734999448757e-20,-3.74036843164838e-11,-3.05532210642667e-10
0.810476243495941,1.55427287585812e-21,-2.61421648217741e-11,-2.1963868224173e-10
0.811428606510162,1.06195078782563e-20,-1.73581531093259e-11,-1.13071808860443e-10
0.812380969524384,-1.2173195406701e-20,-3.74036877859307e-11,-3.05532238398243e-10
0.81333339214325,1.55438596695749e-21,-2.61421613523272e-11,-2.19638654486154e-10
0.814285755157471,1.06193358182265e-20,-1.73581548440493e-11,-1.13071822738231e-10
0.815238118171692,-1.21730710064917e-20,-3.74036877859307e-11,-3.05532266153818e-10
0.816190540790558,1.55434305292425e-21,-2.61421578828802e-11,-2.19638612852791e-10
0.817142903804779,1.06190813632529e-20,-1.73581565787728e-11,-1.13071836616019e-10
0.818095266819,-1.21728698658935e-20,-3.74036912553777e-11,-3.05532266153818e-10
0.819047689437866,1.55462396313715e-21,-2.61421544134333e-11,-2.19638585097215e-10
0.820000052452087,1.06190377424003e-20,-1.73581583134963e-11,-1.13071857432701e-10
0.820952415466309,-1.21733771602535e-20,-3.74036912553777e-11,-3.05532293909394e-10
0.82190477848053,1.5544076764096e-21,-2.61421509439863e-11,-2.19638543463851e-10
0.822857201099396,1.06188293316601e-20,-1.73581617829432e-11,-1.13071871310488e-10
0.823809564113617,-1.21731372455641e-20,-3.74036947248246e-11,-3.0553232166497e-10
0.824761927127838,1.55461578422729e-21,-2.61421457398159e-11,-2.19638515708276e-10
0.825714349746704,1.06186306144426e-20,-1.73581635176667e-11,-1.13071885188276e-10
0.826666712760925,-1.21734603629909e-20,-3.74036947248246e-11,-3.0553232166497e-10
0.827619075775146,1.55490598406621e-21,-2.61421422703689e-11,-2.19638474074912e-10
0.828571498394012,1.06188818382419e-20,-1.73581652523902e-11,-1.13071899066064e-10
0.829523861408234,-1.21735201397149e-20,-3.74036981942716e-11,-3.05532349420545e-10
0.830476224422455,1.5543343691434e-21,-2.6142138800922e-11,-2.19638446319337e-10
0.831428587436676,1.06187695549361e-20,-1.73581669871137e-11,-1.13071919882746e-10
0.832381010055542,-1.21734070486155e-20,-3.74036981942716e-11,-3.05532377176121e-10
0.833333373069763,1.55480329330901e-21,-2.6142135331475e-11,-2.19638404685973e-10
0.834285736083984,1.06189521162822e-20,-1.73581687218372e-11,-1.13071933760533e-10
0.83523815870285,-1.21737842882113e-20,-3.74036981942716e-11,-3.05532404931697e-10
0.836190521717072,1.55401943062649e-21,-2.61421318620281e-11,-2.19638376930398e-10
0.837142884731293,1.0618502983059e-20,-1.73581721912841e-11,-1.13071947638321e-10
0.838095307350159,-1.21731679417197e-20,-3.74037016637185e-11,-3.05532404931697e-10
0.83904767036438,1.55481541021252e-21,-2.61421283925811e-11,-2.19638335297034e-10
0.840000033378601,1.06189706955343e-20,-1.73581739260076e-11,-1.13071961516109e-10
0.840952396392822,-1.21734829812108e-20,-3.74037016637185e-11,-3.05532432687272e-10
0.841904819011688,1.55493355002168e-21,-2.61421249231342e-11,-2.19638307541459e-10
0.842857182025909,1.06186887755794e-20,-1.73581756607311e-11,-1.13071982332791e-10
0.843809545040131,-1.21734959059079e-20,-3.74037051331655e-11,-3.05532460442848e-10
0.844761967658997,1.55513559938762e-21,-2.61421214536872e-11,-2.19638265908095e-10
0.845714330673218,1.06181152421469e-20,-1.73581773954545e-11,-1.13071996210579e-10
0.846666693687439,-1.21738666831551e-20,-3.74037051331655e-11,-3.05532460442848e-10
0.847619116306305,1.55551637308024e-21,-2.61421179842403e-11,-2.1963823815252e-10
0.848571479320526,1.06187315886385e-20,-1.7358179130178e-11,-1.13072010088366e-10
0.849523842334747,-1.21738553740452e-20,-3.74037086026124e-11,-3.05532488198423e-10
0.850476205348969,1.55548688861504e-21,-2.61421145147933e-11,-2.19638196519156e-10
0.851428627967834,1.06191039814728e-20,-1.7358182599625e-11,-1.13072030905048e-10
0.852380990982056,-1.21740920575603e-20,-3.74037086026124e-11,-3.05532515953999e-10
0.853333353996277,1.55488063954305e-21,-2.61421110453464e-11,-2.19638168763581e-10
0.854285776615143,1.06195902732001e-20,-1.73581843343484e-11,-1.13072044782836e-10
0.855238139629364,-1.21737907505598e-20,-3.74037120720594e-11,-3.05532515953999e-10
0.856190502643585,1.55430246129751e-21,-2.61421058411759e-11,-2.19638127130217e-10
0.857142925262451,1.06190821710465e-20,-1.73581860690719e-11,-1.13072058660624e-10
0.858095288276672,-1.21733610043822e-20,-3.74037120720594e-11,-3.05532543709575e-10
0.859047651290894,1.55507541876688e-21,-2.6142102371729e-11,-2.19638099374642e-10
0.860000014305115,1.06191362932155e-20,-1.73581878037954e-11,-1.13072072538412e-10
0.860952436923981,-1.2173786711592e-20,-3.74037155415063e-11,-3.0553257146515e-10
0.861904799938202,1.55509066587046e-21,-2.6142098902282e-11,-2.19638057741278e-10
0.862857162952423,1.06188083290273e-20,-1.73581895385189e-11,-1.13072093355093e-10
0.863809585571289,-1.21739741196995e-20,-3.74037155415063e-11,-3.05532599220726e-10
0.86476194858551,1.55517720075631e-21,-2.61420954328351e-11,-2.19638029985703e-10
0.865714311599731,1.06195175717791e-20,-1.73581912732423e-11,-1.13072107232881e-10
0.866666734218597,-1.21734611707845e-20,-3.74037190109533e-11,-3.05532599220726e-10
0.867619097232819,1.55472342272008e-21,-2.61420919633881e-11,-2.19637988352339e-10
0.86857146024704,1.06190708619366e-20,-1.73581947426893e-11,-1.13072121110669e-10
0.869523823261261,-1.21734894435593e-20,-3.74037190109533e-11,-3.05532626976301e-10
0.870476245880127,1.55490164217579e-21,-2.61420884939412e-11,-2.19637960596764e-10
0.871428608894348,1.06194715275458e-20,-1.73581964774128e-11,-1.13072134988457e-10
0.872380971908569,-1.21734417837389e-20,-3.74037190109533e-11,-3.05532654731877e-10
0.873333394527435,1.55452965323821e-21,-2.61420850244942e-11,-2.196379189634e-10
0.874285757541656,1.06194384080095e-20,-1.73581982121362e-11,-1.13072155805138e-10
0.875238120555878,-1.21733585810015e-20,-3.74037224804002e-11,-3.05532654731877e-10
0.876190543174744,1.55469242364195e-21,-2.61420815550473e-11,-2.19637891207825e-10
0.877142906188965,1.06190773242851e-20,-1.73581999468597e-11,-1.13072169682926e-10
0.878095269203186,-1.21732810328191e-20,-3.74037224804002e-11,-3.05532682487453e-10
0.879047691822052,1.55525353724839e-21,-2.61420780856003e-11,-2.19637849574461e-10
0.880000054836273,1.06190829788401e-20,-1.73582016815832e-11,-1.13072183560714e-10
0.880952417850494,-1.21738060986376e-20,-3.74037259498472e-11,-3.05532710243028e-10
0.881904780864716,1.55500978553957e-21,-2.61420746161534e-11,-2.19637821818885e-10
0.882857203483582,1.06189068798425e-20,-1.73582051510301e-11,-1.13072197438502e-10
0.883809566497803,-1.21735564904254e-20,-3.74037259498472e-11,-3.05532710243028e-10
0.884761929512024,1.55512600683901e-21,-2.61420711467064e-11,-2.19637780185522e-10
0.88571435213089,1.06190320878454e-20,-1.73582068857536e-11,-1.13072218255184e-10
0.886666715145111,-1.21733981628863e-20,-3.74037294192942e-11,-3.05532737998604e-10
0.887619078159332,1.55506219114722e-21,-2.61420676772595e-11,-2.19637752429946e-10
0.888571500778198,1.06188963785261e-20,-1.73582086204771e-11,-1.13072232132971e-10
0.889523863792419,-1.21739393845761e-20,-3.74037294192942e-11,-3.0553276575418e-10
0.890476226806641,1.55579294140272e-21,-2.6142062473089e-11,-2.19637710796583e-10
0.891428589820862,1.06194489093259e-20,-1.73582103552006e-11,-1.13072246010759e-10
0.892381012439728,-1.21745597700355e-20,-3.74037328887411e-11,-3.05532793509755e-10
0.893333375453949,1.55567661912908e-21,-2.61420590036421e-11,-2.19637683041007e-10
0.89428573846817,1.06193018908967e-20,-1.73582120899241e-11,-1.13072259888547e-10
0.895238161087036,-1.21740023924743e-20,-3.74037328887411e-11,-3.05532793509755e-10
0.896190524101257,1.55584161096513e-21,-2.61420555341951e-11,-2.19637641407644e-10
0.897142887115479,1.06194222521382e-20,-1.73582138246475e-11,-1.13072280705229e-10
0.898095309734344,-1.21738190233346e-20,-3.74037363581881e-11,-3.05532821265331e-10
0.899047672748566,1.55523253461565e-21,-2.61420520647482e-11,-2.19637613652068e-10
0.900000035762787,1.06194965691464e-20,-1.73582172940945e-11,-1.13072294583016e-10
0.900952398777008,-1.21734765188623e-20,-3.74037363581881e-11,-3.05532849020906e-10
0.901904821395874,1.5553854095482e-21,-2.61420485953012e-11,-2.19637572018705e-10
0.902857184410095,1.0619515956192e-20,-1.7358219028818e-11,-1.13072308460804e-10
0.903809547424316,-1.2173551643664e-20,-3.7403739827635e-11,-3.05532849020906e-10
0.904761970043182,1.55479986018635e-21,-2.61420451258543e-11,-2.19637544263129e-10
0.905714333057404,1.06196807460796e-20,-1.73582207635414e-11,-1.13072322338592e-10
0.906666696071625,-1.21735734540903e-20,-3.7403739827635e-11,-3.05532876776482e-10
0.907619118690491,1.55499787058445e-21,-2.61420416564073e-11,-2.19637502629766e-10
0.908571481704712,1.06198447281737e-20,-1.73582224982649e-11,-1.13072343155274e-10
0.909523844718933,-1.21737802492434e-20,-3.7403739827635e-11,-3.05532904532058e-10
0.910476207733154,1.55486912848472e-21,-2.61420381869604e-11,-2.1963747487419e-10
0.91142863035202,1.06197542552942e-20,-1.73582242329884e-11,-1.13072357033062e-10
0.912380993366241,-1.2174137294e-20,-3.7403743297082e-11,-3.05532904532058e-10
0.913333356380463,1.5553143237143e-21,-2.61420347175134e-11,-2.19637433240827e-10
0.914285778999329,1.06200046713e-20,-1.73582277024353e-11,-1.13072370910849e-10
0.91523814201355,-1.21744604114268e-20,-3.7403743297082e-11,-3.05532932287633e-10
0.916190505027771,1.55512903606489e-21,-2.61420312480665e-11,-2.19637405485251e-10
0.917142927646637,1.0620185617059e-20,-1.73582294371588e-11,-1.13072391727531e-10
0.918095290660858,-1.21738602208066e-20,-3.74037467665289e-11,-3.05532960043209e-10
0.919047653675079,1.55494516205421e-21,-2.61420277786195e-11,-2.19637363851888e-10
0.920000016689301,1.06200345596619e-20,-1.73582311718823e-11,-1.13072405605319e-10
0.920952439308167,-1.21736566568277e-20,-3.74037467665289e-11,-3.05532987798784e-10
0.921904802322388,1.55437435492497e-21,-2.61420225744491e-11,-2.19637336096312e-10
0.922857165336609,1.06196080446586e-20,-1.73582329066058e-11,-1.13072419483107e-10
0.923809587955475,-1.21736873529832e-20,-3.74037502359759e-11,-3.05532987798784e-10
0.924761950969696,1.55456580200033e-21,-2.61420191050021e-11,-2.19637294462949e-10
0.925714313983917,1.06196637824147e-20,-1.73582346413292e-11,-1.13072433360895e-10
0.926666736602783,-1.21738012518762e-20,-3.74037502359759e-11,-3.0553301555436e-10
0.927619099617004,1.55454974710319e-21,-2.61420156355552e-11,-2.19637252829585e-10
0.928571462631226,1.06195030314949e-20,-1.73582381107762e-11,-1.13072454177576e-10
0.929523885250092,-1.21736211139107e-20,-3.74037537054228e-11,-3.05533043309936e-10
0.930476248264313,1.55446684728838e-21,-2.61420121661082e-11,-2.1963722507401e-10
0.931428611278534,1.06197687955784e-20,-1.73582398454997e-11,-1.13072468055364e-10
0.932380974292755,-1.21733561576208e-20,-3.74037537054228e-11,-3.05533043309936e-10
0.933333396911621,1.55455509873557e-21,-2.61420086966613e-11,-2.19637183440646e-10
0.934285759925842,1.061935924424e-20,-1.73582415802231e-11,-1.13072481933152e-10
0.935238122940063,-1.21736897763639e-20,-3.74037571748698e-11,-3.05533071065511e-10
0.936190545558929,1.55462729528562e-21,-2.61420052272143e-11,-2.19637155685071e-10
0.937142908573151,1.06188559888478e-20,-1.73582433149466e-11,-1.1307249581094e-10
0.938095271587372,-1.21734644019588e-20,-3.74037571748698e-11,-3.05533098821087e-10
0.939047694206238,1.55529362400415e-21,-2.61420017577674e-11,-2.19637114051707e-10
0.940000057220459,1.06186516170753e-20,-1.73582450496701e-11,-1.13072516627621e-10
0.94095242023468,-1.21734942903207e-20,-3.74037606443167e-11,-3.05533098821087e-10
0.941904783248901,1.55530563993346e-21,-2.61419982883204e-11,-2.19637086296132e-10
0.942857205867767,1.06183179983322e-20,-1.73582467843936e-11,-1.13072530505409e-10
0.943809568881989,-1.21734757110687e-20,-3.74037606443167e-11,-3.05533126576663e-10
0.94476193189621,1.5553143237143e-21,-2.61419948188735e-11,-2.19637044662768e-10
0.945714354515076,1.06187041236572e-20,-1.73582502538405e-11,-1.13072544383197e-10
0.946666717529297,-1.21732479132828e-20,-3.74037606443167e-11,-3.05533154332238e-10
0.947619080543518,1.55575972089228e-21,-2.61419913494265e-11,-2.19637016907193e-10
0.948571503162384,1.06196791304925e-20,-1.7358251988564e-11,-1.13072558260985e-10
0.949523866176605,-1.21734425915324e-20,-3.74037641137637e-11,-3.05533182087814e-10
0.950476229190826,1.55478239165047e-21,-2.61419878799796e-11,-2.19636975273829e-10
0.951428592205048,1.06195329198569e-20,-1.73582537232875e-11,-1.13072579077667e-10
0.952381014823914,-1.21733989706798e-20,-3.74037641137637e-11,-3.05533182087814e-10
0.953333377838135,1.55508339572835e-21,-2.61419844105326e-11,-2.19636947518254e-10
0.954285740852356,1.06191815296552e-20,-1.7358255458011e-11,-1.13072592955454e-10
0.955238163471222,-1.21732357963793e-20,-3.74037675832106e-11,-3.05533209843389e-10
0.956190526485443,1.55553424551291e-21,-2.61419792063622e-11,-2.1963690588489e-10
0.957142889499664,1.06191379088026e-20,-1.73582571927344e-11,-1.13072606833242e-10
0.95809531211853,-1.21732091391916e-20,-3.74037675832106e-11,-3.05533237598965e-10
0.959047675132751,1.55591441336035e-21,-2.61419757369152e-11,-2.19636878129315e-10
0.960000038146973,1.06190813632529e-20,-1.73582606621814e-11,-1.1307262071103e-10
0.960952401161194,-1.21740557068498e-20,-3.74037710526576e-11,-3.05533237598965e-10
0.96190482378006,1.55542367876843e-21,-2.61419722674683e-11,-2.19636836495951e-10
0.962857186794281,1.06192671557733e-20,-1.73582623969049e-11,-1.13072641527712e-10
0.963809549808502,-1.217388364682e-20,-3.74037710526576e-11,-3.05533265354541e-10
0.964761972427368,1.55552737926759e-21,-2.61419687980213e-11,-2.19636808740375e-10
0.965714335441589,1.06191524490868e-20,-1.73582641316283e-11,-1.13072655405499e-10
0.966666698455811,-1.21740557068498e-20,-3.74037745221045e-11,-3.05533293110116e-10
0.967619121074677,1.55584514506198e-21,-2.61419653285744e-11,-2.19636767107012e-10
0.968571484088898,1.06197906060047e-20,-1.73582658663518e-11,-1.13072669283287e-10
0.969523847103119,-1.21740379353913e-20,-3.74037745221045e-11,-3.05533293110116e-10
0.97047621011734,1.55610676920348e-21,-2.61419618591274e-11,-2.19636739351436e-10
0.971428632736206,1.06201686533941e-20,-1.73582676010753e-11,-1.13072683161075e-10
0.972380995750427,-1.21745323050543e-20,-3.74037779915515e-11,-3.05533320865692e-10
0.973333358764648,1.5560060979302e-21,-2.61419583896805e-11,-2.19636697718073e-10
0.974285781383514,1.06200555622947e-20,-1.73582710705222e-11,-1.13072703977757e-10
0.975238144397736,-1.21748206873577e-20,-3.74037779915515e-11,-3.05533348621267e-10
0.976190507411957,1.55606011912499e-21,-2.61419549202335e-11,-2.19636669962497e-10
0.977142930030823,1.06204917708208e-20,-1.73582728052457e-11,-1.13072717855545e-10
0.978095293045044,-1.21746841702448e-20,-3.74037814609984e-11,-3.05533376376843e-10
0.979047656059265,1.55564935609619e-21,-2.61419514507866e-11,-2.19636628329134e-10
0.980000078678131,1.06204731915688e-20,-1.73582745399692e-11,-1.13072731733332e-10
0.980952441692352,-1.21744079048449e-20,-3.74037814609984e-11,-3.05533376376843e-10
0.981904804706573,1.55504330897259e-21,-2.61419479813396e-11,-2.19636600573558e-10
0.982857167720795,1.06209489819797e-20,-1.73582762746927e-11,-1.13072752550014e-10
0.983809590339661,-1.21745524998934e-20,-3.74037849304454e-11,-3.05533404132419e-10
0.984761953353882,1.55470454054546e-21,-2.61419445118927e-11,-2.19636558940195e-10
0.985714316368103,1.06209255559663e-20,-1.73582780094161e-11,-1.13072766427802e-10
0.986666738986969,-1.21744151749871e-20,-3.74037849304454e-11,-3.05533431887994e-10
0.98761910200119,1.55437809097021e-21,-2.61419393077222e-11,-2.19636531184619e-10
0.988571465015411,1.06204408798261e-20,-1.73582797441396e-11,-1.1307278030559e-10
0.989523887634277,-1.21741203303351e-20,-3.74037849304454e-11,-3.05533431887994e-10
0.990476250648499,1.55478067508914e-21,-2.61419358382753e-11,-2.19636489551256e-10
0.99142861366272,1.06205483163705e-20,-1.73582832135866e-11,-1.13072794183378e-10
0.992380976676941,-1.21740338964235e-20,-3.74037883998923e-11,-3.0553345964357e-10
0.993333399295807,1.55416998315253e-21,-2.61419323688283e-11,-2.1963646179568e-10
0.994285762310028,1.06199424711953e-20,-1.735828494831e-11,-1.13072815000059e-10
0.995238125324249,-1.21736986620932e-20,-3.74037883998923e-11,-3.05533487399146e-10
0.996190547943115,1.55448471972105e-21,-2.61419288993814e-11,-2.19636420162317e-10
0.997142910957336,1.06197130578223e-20,-1.73582866830335e-11,-1.13072828877847e-10
0.998095273971558,-1.21735734540903e-20,-3.74037918693393e-11,-3.05533487399146e-10
0.999047696590424,1.55489921879509e-21,-2.61419254299344e-11,-2.19636392406741e-10
1.0,1.06199457023696e-20,-1.7358288417757e-11,-1.13072842755635e-10
1.00095248222351,-1.21734773266558e-20,-3.74037918693393e-11,-3.05533515154721e-10
1.00190484523773,1.55474038638499e-21,-2.61419219604875e-11,-2.19636350773378e-10
1.00285720825195,1.06199788219058e-20,-1.73582901524805e-11,-1.13072856633423e-10
1.00380957126617,-1.21734644019588e-20,-3.74037953387862e-11,-3.05533542910297e-10
1.0047619342804,1.55500544364914e-21,-2.61419184910405e-11,-2.19636323017802e-10
1.00571429729462,1.06197179045837e-20,-1.73582936219274e-11,-1.13072877450104e-10
1.00666666030884,-1.21734442071196e-20,-3.74037953387862e-11,-3.05533570665872e-10
1.00761914253235,1.55546578500811e-21,-2.61419150215936e-11,-2.19636281384439e-10
1.00857150554657,1.06197760657205e-20,-1.73582953566509e-11,-1.13072891327892e-10
1.00952386856079,-1.21730112297677e-20,-3.74037988082332e-11,-3.05533570665872e-10
1.01047623157501,1.55485024631009e-21,-2.61419115521466e-11,-2.19636253628863e-10
1.01142859458923,1.06193754001113e-20,-1.73582970913744e-11,-1.1307290520568e-10
1.01238095760345,-1.21729183335075e-20,-3.74037988082332e-11,-3.05533598421448e-10
1.01333343982697,1.55533360978571e-21,-2.61419080826997e-11,-2.196362119955e-10
1.01428580284119,1.06194481015323e-20,-1.73582988260979e-11,-1.13072919083468e-10
1.01523816585541,-1.21731008948536e-20,-3.74038022776801e-11,-3.05533626177024e-10
1.01619052886963,1.55502876868839e-21,-2.61419046132527e-11,-2.19636184239924e-10
1.01714289188385,1.06187929809495e-20,-1.73583005608213e-11,-1.1307293990015e-10
1.01809525489807,-1.21731259364542e-20,-3.74038022776801e-11,-3.05533626177024e-10
1.01904761791229,1.55570368021357e-21,-2.61418994090823e-11,-2.19636142606561e-10
1.0200001001358,1.06187590536197e-20,-1.73583022955448e-11,-1.13072953777937e-10
1.02095246315002,-1.2173159863784e-20,-3.74038057471271e-11,-3.05533653932599e-10
1.02190482616425,1.55592996338651e-21,-2.61418959396353e-11,-2.19636114850985e-10
1.02285718917847,1.06189828124378e-20,-1.73583057649918e-11,-1.13072967655725e-10
1.02380955219269,-1.2173702701061e-20,-3.74038057471271e-11,-3.05533681688175e-10
1.02476191520691,1.55603194732434e-21,-2.61418924701884e-11,-2.19636073217622e-10
1.02571427822113,1.06194222521382e-20,-1.73583074997152e-11,-1.13072981533513e-10
1.02666676044464,-1.21737285504551e-20,-3.74038057471271e-11,-3.05533681688175e-10
1.02761912345886,1.55598751867816e-21,-2.61418890007414e-11,-2.19636045462046e-10
1.02857148647308,1.06194101352347e-20,-1.73583092344387e-11,-1.13073002350195e-10
1.0295238494873,-1.21739741196995e-20,-3.7403809216574e-11,-3.0553370944375e-10
1.03047621250153,1.55574578645325e-21,-2.61418855312945e-11,-2.19636003828683e-10
1.03142857551575,1.06199133906269e-20,-1.73583109691622e-11,-1.13073016227982e-10
1.03238105773926,-1.2174016124965e-20,-3.7403809216574e-11,-3.05533737199326e-10
1.03333342075348,1.55559917192085e-21,-2.61418820618475e-11,-2.19635976073107e-10
1.0342857837677,1.06201403806192e-20,-1.73583127038857e-11,-1.1307303010577e-10
1.03523814678192,-1.2173775402482e-20,-3.7403812686021e-11,-3.05533764954902e-10
1.03619050979614,1.55509147366402e-21,-2.61418785924006e-11,-2.19635934439744e-10
1.03714287281036,1.06200280973134e-20,-1.73583161733326e-11,-1.13073050922452e-10
1.03809523582458,-1.21738214467153e-20,-3.7403812686021e-11,-3.05533764954902e-10
1.0390477180481,1.55534098090201e-21,-2.61418751229536e-11,-2.19635906684168e-10
1.04000008106232,1.06203075938876e-20,-1.73583179080561e-11,-1.1307306480024e-10
1.04095244407654,-1.21731000870601e-20,-3.7403816155468e-11,-3.05533792710477e-10
1.04190480709076,1.55515518838162e-21,-2.61418716535067e-11,-2.19635865050805e-10
1.04285717010498,1.06195321120633e-20,-1.73583196427796e-11,-1.13073078678028e-10
1.0438095331192,-1.21735451813155e-20,-3.7403816155468e-11,-3.05533820466053e-10
1.04476201534271,1.555781228396e-21,-2.61418681840597e-11,-2.19635837295229e-10
1.04571437835693,1.06204247239548e-20,-1.7358321377503e-11,-1.13073092555815e-10
1.04666674137115,-1.21736849296025e-20,-3.74038196249149e-11,-3.05533820466053e-10
1.04761910438538,1.55501321866222e-21,-2.61418647146128e-11,-2.19635795661866e-10
1.0485714673996,1.0619558769251e-20,-1.73583231122265e-11,-1.13073113372497e-10
1.04952383041382,-1.21733391939559e-20,-3.74038196249149e-11,-3.05533848221629e-10
1.05047619342804,1.55532522892746e-21,-2.61418612451658e-11,-2.1963576790629e-10
1.05142867565155,1.06193212779423e-20,-1.73583265816735e-11,-1.13073127250285e-10
1.05238103866577,-1.21735718385032e-20,-3.74038230943619e-11,-3.05533875977204e-10
1.05333340167999,1.5554635635758e-21,-2.61418560409954e-11,-2.19635726272926e-10
1.05428576469421,1.06191047892664e-20,-1.73583283163969e-11,-1.13073141128073e-10
1.05523812770844,-1.21737342050101e-20,-3.74038230943619e-11,-3.05533875977204e-10
1.05619049072266,1.55567742692265e-21,-2.61418525715484e-11,-2.19635698517351e-10
1.05714285373688,1.06188325628343e-20,-1.73583300511204e-11,-1.13073155005861e-10
1.05809533596039,-1.21735742618839e-20,-3.74038265638088e-11,-3.0553390373278e-10
1.05904769897461,1.55559200275294e-21,-2.61418491021015e-11,-2.19635656883987e-10
1.06000006198883,1.06191564880547e-20,-1.73583317858439e-11,-1.13073175822542e-10
1.06095242500305,-1.21734603629909e-20,-3.74038265638088e-11,-3.05533931488355e-10
1.06190478801727,1.55552354224814e-21,-2.61418456326545e-11,-2.19635629128412e-10
1.06285715103149,1.06196977097445e-20,-1.73583335205674e-11,-1.1307318970033e-10
1.063809633255,-1.21735088306049e-20,-3.74038265638088e-11,-3.05533959243931e-10
1.06476199626923,1.55520153553752e-21,-2.61418421632076e-11,-2.19635587495048e-10
1.06571435928345,1.06197954527661e-20,-1.73583352552908e-11,-1.13073203578118e-10
1.06666672229767,-1.21733925083313e-20,-3.74038300332558e-11,-3.05533959243931e-10
1.06761908531189,1.55537490823182e-21,-2.61418386937606e-11,-2.19635559739473e-10
1.06857144832611,1.06192647323926e-20,-1.73583387247378e-11,-1.13073217455906e-10
1.06952381134033,-1.21735136773663e-20,-3.74038300332558e-11,-3.05533986999507e-10
1.07047629356384,1.55581848787427e-21,-2.61418352243137e-11,-2.19635518106109e-10
1.07142865657806,1.06191290230734e-20,-1.73583404594613e-11,-1.13073238272587e-10
1.07238101959229,-1.21731049338215e-20,-3.74038335027027e-11,-3.05534014755082e-10
1.07333338260651,1.55572104777526e-21,-2.61418317548667e-11,-2.19635490350534e-10
1.07428574562073,1.06188656823706e-20,-1.73583421941848e-11,-1.13073252150375e-10
1.07523810863495,-1.21733101133875e-20,-3.74038335027027e-11,-3.05534014755082e-10
1.07619047164917,1.55569216915524e-21,-2.61418282854198e-11,-2.1963544871717e-10
1.07714295387268,1.06188826460355e-20,-1.73583439289082e-11,-1.13073266028163e-10
1.0780953168869,-1.2173195406701e-20,-3.74038369721497e-11,-3.05534042510658e-10
1.07904767990112,1.55580616902238e-21,-2.61418248159728e-11,-2.19635420961595e-10
1.08000004291534,1.06194311378674e-20,-1.73583456636317e-11,-1.13073279905951e-10
1.08095240592957,-1.21736033424523e-20,-3.74038369721497e-11,-3.05534070266233e-10
1.08190476894379,1.55562441546982e-21,-2.61418213465259e-11,-2.19635379328231e-10
1.0828572511673,1.06196702447632e-20,-1.73583491330787e-11,-1.13073300722633e-10
1.08380961418152,-1.21738707221229e-20,-3.74038404415966e-11,-3.05534070266233e-10
1.08476197719574,1.55573912215632e-21,-2.61418161423554e-11,-2.19635351572656e-10
1.08571434020996,1.06202308534987e-20,-1.73583508678021e-11,-1.1307331460042e-10
1.08666670322418,-1.2173810945399e-20,-3.74038404415966e-11,-3.05534098021809e-10
1.0876190662384,1.55546447234356e-21,-2.61418126729085e-11,-2.19635309939292e-10
1.08857142925262,1.06194852600364e-20,-1.73583526025256e-11,-1.13073328478208e-10
1.08952391147614,-1.2173835179206e-20,-3.74038439110436e-11,-3.05534125777385e-10
1.09047627449036,1.55521446023459e-21,-2.61418092034615e-11,-2.19635282183717e-10
1.09142863750458,1.06186483859011e-20,-1.73583543372491e-11,-1.13073342355996e-10
1.0923810005188,-1.21735338722055e-20,-3.74038439110436e-11,-3.0553415353296e-10
1.09333336353302,1.55528403145554e-21,-2.61418057340146e-11,-2.19635240550353e-10
1.09428572654724,1.06189601942179e-20,-1.73583560719726e-11,-1.13073363172678e-10
1.09523820877075,-1.21733076900068e-20,-3.74038473804905e-11,-3.0553415353296e-10
1.09619057178497,1.55543983463977e-21,-2.61418022645676e-11,-2.19635212794778e-10
1.09714293479919,1.06190232021161e-20,-1.7358357806696e-11,-1.13073377050465e-10
1.09809529781342,-1.2173389277157e-20,-3.74038473804905e-11,-3.05534181288536e-10
1.09904766082764,1.55571327276218e-21,-2.61417987951207e-11,-2.19635171161414e-10
1.10000002384186,1.0619480413275e-20,-1.7358361276143e-11,-1.13073390928253e-10
1.10095238685608,-1.21736679659376e-20,-3.74038508499375e-11,-3.05534209044112e-10
1.10190486907959,1.55555050235844e-21,-2.61417953256737e-11,-2.19635143405839e-10
1.10285723209381,1.06195191873662e-20,-1.73583630108665e-11,-1.13073411744935e-10
1.10380959510803,-1.21737729791013e-20,-3.74038508499375e-11,-3.05534209044112e-10
1.10476195812225,1.55588280843704e-21,-2.61417918562268e-11,-2.19635101772475e-10
1.10571432113647,1.06198342268573e-20,-1.73583647455899e-11,-1.13073425622723e-10
1.1066666841507,-1.21740492445012e-20,-3.74038508499375e-11,-3.05534236799687e-10
1.10761904716492,1.55574629132423e-21,-2.61417883867798e-11,-2.196350740169e-10
1.10857152938843,1.06195296886826e-20,-1.73583664803134e-11,-1.13073439500511e-10
1.10952389240265,-1.21743101618233e-20,-3.74038543193844e-11,-3.05534264555263e-10
1.11047625541687,1.55576012478906e-21,-2.61417849173329e-11,-2.19635032383536e-10
1.11142861843109,1.06196767071118e-20,-1.73583682150369e-11,-1.13073453378298e-10
1.11238098144531,-1.21741413329679e-20,-3.74038543193844e-11,-3.05534264555263e-10
1.11333334445953,1.55525384017098e-21,-2.61417814478859e-11,-2.1963500462796e-10
1.11428582668304,1.0619407711854e-20,-1.73583716844838e-11,-1.1307347419498e-10
1.11523818969727,-1.21739821976352e-20,-3.74038577888314e-11,-3.05534292310838e-10
1.11619055271149,1.55547103566629e-21,-2.6141777978439e-11,-2.19634962994597e-10
1.11714291572571,1.06195676549802e-20,-1.73583734192073e-11,-1.13073488072768e-10
1.11809527873993,-1.21740726705147e-20,-3.74038577888314e-11,-3.05534320066414e-10
1.11904764175415,1.55573690072401e-21,-2.61417727742685e-11,-2.19634935239021e-10
1.12000000476837,1.06197897982112e-20,-1.73583751539308e-11,-1.13073501950556e-10
1.12095248699188,-1.21741146757801e-20,-3.74038612582783e-11,-3.0553434782199e-10
1.1219048500061,1.55524071352552e-21,-2.61417693048216e-11,-2.19634893605658e-10
1.12285721302032,1.06192631168055e-20,-1.73583768886543e-11,-1.13073515828344e-10
1.12380957603455,-1.21741033666702e-20,-3.74038612582783e-11,-3.0553434782199e-10
1.12476193904877,1.55532331041774e-21,-2.61417658353746e-11,-2.19634851972295e-10
1.12571430206299,1.06192065712558e-20,-1.73583786233777e-11,-1.13073536645025e-10
1.12666666507721,-1.21736114203879e-20,-3.74038647277253e-11,-3.05534375577565e-10
1.12761914730072,1.5551873991501e-21,-2.61417623659277e-11,-2.19634824216719e-10
1.12857151031494,1.06190482437167e-20,-1.73583820928247e-11,-1.13073550522813e-10
1.12952387332916,-1.21741663745684e-20,-3.74038647277253e-11,-3.05534403333141e-10
1.13047623634338,1.55546891520818e-21,-2.61417588964807e-11,-2.19634782583356e-10
1.1314285993576,1.06195611926317e-20,-1.73583838275482e-11,-1.13073564400601e-10
1.13238096237183,-1.21743069306491e-20,-3.74038681971722e-11,-3.05534403333141e-10
1.13333344459534,1.55516276144631e-21,-2.61417554270338e-11,-2.1963475482778e-10
1.13428580760956,1.06192784648833e-20,-1.73583855622716e-11,-1.13073578278389e-10
1.13523817062378,-1.21741049822573e-20,-3.74038681971722e-11,-3.05534431088716e-10
1.136190533638,1.55545164862068e-21,-2.61417519575868e-11,-2.19634713194417e-10
1.13714289665222,1.06192291894757e-20,-1.73583872969951e-11,-1.1307359909507e-10
1.13809525966644,-1.21740306652492e-20,-3.74038716666192e-11,-3.05534458844292e-10
1.13904762268066,1.55520809886025e-21,-2.61417484881399e-11,-2.19634685438841e-10
1.14000010490417,1.06197009409188e-20,-1.73583890317186e-11,-1.13073612972858e-10
1.1409524679184,-1.21736647347634e-20,-3.74038716666192e-11,-3.05534458844292e-10
1.14190483093262,1.55501776250104e-21,-2.61417450186929e-11,-2.19634643805477e-10
1.14285719394684,1.06191694127517e-20,-1.73583907664421e-11,-1.13073626850646e-10
1.14380955696106,-1.21741106368123e-20,-3.74038716666192e-11,-3.05534486599868e-10
1.14476191997528,1.55535683385076e-21,-2.6141741549246e-11,-2.19634616049902e-10
1.14571440219879,1.06191589114354e-20,-1.7358394235889e-11,-1.13073640728434e-10
1.14666676521301,-1.2174480606266e-20,-3.74038751360661e-11,-3.05534514355443e-10
1.14761912822723,1.55550152987344e-21,-2.6141738079799e-11,-2.19634574416538e-10
1.14857149124146,1.06192009167009e-20,-1.73583959706125e-11,-1.13073661545116e-10
1.14952385425568,-1.21744224451292e-20,-3.74038751360661e-11,-3.05534542111019e-10
1.1504762172699,1.55608970456438e-21,-2.61417328756286e-11,-2.19634546660963e-10
1.15142858028412,1.06198915802006e-20,-1.7358397705336e-11,-1.13073675422903e-10
1.15238106250763,-1.21744701049496e-20,-3.74038786055131e-11,-3.05534542111019e-10
1.15333342552185,1.5552582830356e-21,-2.61417294061816e-11,-2.19634505027599e-10
1.15428578853607,1.06193810546663e-20,-1.73583994400595e-11,-1.13073689300691e-10
1.15523815155029,-1.2174547653132e-20,-3.74038786055131e-11,-3.05534569866595e-10
1.15619051456451,1.55536753711553e-21,-2.61417259367347e-11,-2.19634477272024e-10
1.15714287757874,1.06196936707767e-20,-1.73584011747829e-11,-1.13073710117373e-10
1.15809524059296,-1.21744224451292e-20,-3.740388207496e-11,-3.0553459762217e-10
1.15904772281647,1.55524990217734e-21,-2.61417224672877e-11,-2.1963443563866e-10
1.16000008583069,1.06196985175381e-20,-1.73584046442299e-11,-1.13073723995161e-10
1.16095244884491,-1.21743562060567e-20,-3.740388207496e-11,-3.0553459762217e-10
1.16190481185913,1.55502553751412e-21,-2.61417189978408e-11,-2.19634407883085e-10
1.16285717487335,1.06198455359673e-20,-1.73584063789534e-11,-1.13073737872948e-10
1.16380953788757,-1.21735492202833e-20,-3.7403885544407e-11,-3.05534625377746e-10
1.16476202011108,1.55479834557342e-21,-2.61417155283938e-11,-2.19634366249721e-10
1.16571438312531,1.06191072126471e-20,-1.73584081136768e-11,-1.13073751750736e-10
1.16666674613953,-1.21737665167528e-20,-3.7403885544407e-11,-3.05534653133321e-10
1.16761910915375,1.55505603172127e-21,-2.61417120589469e-11,-2.19634338494146e-10
1.16857147216797,1.06194214443446e-20,-1.73584098484003e-11,-1.13073772567418e-10
1.16952383518219,-1.21735871865809e-20,-3.74038890138539e-11,-3.05534653133321e-10
1.17047619819641,1.55483257582582e-21,-2.61417085894999e-11,-2.19634296860782e-10
1.17142868041992,1.06194190209639e-20,-1.73584115831238e-11,-1.13073786445206e-10
1.17238104343414,-1.21733391939559e-20,-3.74038890138539e-11,-3.05534680888897e-10
1.17333340644836,1.55509712821899e-21,-2.6141705120053e-11,-2.19634269105207e-10
1.17428576946259,1.06189513084887e-20,-1.73584150525707e-11,-1.13073800322994e-10
1.17523813247681,-1.21736921997446e-20,-3.74038924833009e-11,-3.05534708644473e-10
1.17619049549103,1.55536157963797e-21,-2.6141701650606e-11,-2.19634227471843e-10
1.17714285850525,1.06192316128564e-20,-1.73584167872942e-11,-1.13073814200781e-10
1.17809534072876,-1.21737010854739e-20,-3.74038924833009e-11,-3.05534736400048e-10
1.17904770374298,1.55501907516559e-21,-2.61416981811591e-11,-2.19634199716268e-10
1.1800000667572,1.06188390251829e-20,-1.73584185220177e-11,-1.13073835017463e-10
1.18095242977142,-1.2173467633133e-20,-3.74038924833009e-11,-3.05534736400048e-10
1.18190479278564,1.55514872603308e-21,-2.61416947117121e-11,-2.19634158082904e-10
1.18285715579987,1.06189109188103e-20,-1.73584202567412e-11,-1.13073848895251e-10
1.18380963802338,-1.21734894435593e-20,-3.74038959527478e-11,-3.05534764155624e-10
1.1847620010376,1.55512035228404e-21,-2.61416895075417e-11,-2.19634130327329e-10
1.18571436405182,1.06188527576735e-20,-1.73584219914646e-11,-1.13073862773039e-10
1.18666672706604,-1.21738311402381e-20,-3.74038959527478e-11,-3.05534791911199e-10
1.18761909008026,1.55499474038438e-21,-2.61416860380947e-11,-2.19634088693965e-10
1.18857145309448,1.06184811726327e-20,-1.73584237261881e-11,-1.13073876650827e-10
1.1895238161087,-1.21735621449804e-20,-3.74038994221948e-11,-3.05534791911199e-10
1.19047629833221,1.55533522537285e-21,-2.61416825686478e-11,-2.1963406093839e-10
1.19142866134644,1.06188446797378e-20,-1.73584271956351e-11,-1.13073897467508e-10
1.19238102436066,-1.21737576310236e-20,-3.74038994221948e-11,-3.05534819666775e-10
1.19333338737488,1.55523768429964e-21,-2.61416790992008e-11,-2.19634019305026e-10
1.1942857503891,1.06184537076514e-20,-1.73584289303585e-11,-1.13073911345296e-10
1.19523811340332,-1.21742875436035e-20,-3.74039028916417e-11,-3.05534847422351e-10
1.19619047641754,1.55494324354449e-21,-2.61416756297539e-11,-2.19633991549451e-10
1.19714295864105,1.06185126765818e-20,-1.7358430665082e-11,-1.13073925223084e-10
1.19809532165527,-1.2174118714748e-20,-3.74039028916417e-11,-3.05534847422351e-10
1.19904768466949,1.55579364822209e-21,-2.61416721603069e-11,-2.19633949916087e-10
1.20000004768372,1.06186088040163e-20,-1.73584323998055e-11,-1.13073939100872e-10
1.20095241069794,-1.21743408579789e-20,-3.74039063610887e-11,-3.05534875177926e-10
1.20190477371216,1.55588200064348e-21,-2.614166869086e-11,-2.19633922160511e-10
1.20285725593567,1.06184650167614e-20,-1.7358434134529e-11,-1.13073959917553e-10
1.20380961894989,-1.21745799648747e-20,-3.74039063610887e-11,-3.05534902933502e-10
1.20476198196411,1.5553289649727e-21,-2.6141665221413e-11,-2.19633880527148e-10
1.20571434497833,1.06182598371954e-20,-1.73584376039759e-11,-1.13073973795341e-10
1.20666670799255,-1.21744079048449e-20,-3.74039098305357e-11,-3.05534930689078e-10
1.20761907100677,1.55544124827851e-21,-2.61416617519661e-11,-2.19633852771572e-10
1.208571434021,1.0618376159469e-20,-1.73584393386994e-11,-1.13073987673129e-10
1.20952391624451,-1.21742980449198e-20,-3.74039098305357e-11,-3.05534930689078e-10
1.21047627925873,1.55556948550726e-21,-2.61416582825191e-11,-2.19633811138209e-10
1.21142864227295,1.06184989440912e-20,-1.73584410734229e-11,-1.13074001550917e-10
1.21238100528717,-1.21747851444407e-20,-3.74039132999826e-11,-3.05534958444653e-10
1.21333336830139,1.55503684662406e-21,-2.61416548130722e-11,-2.19633783382633e-10
1.21428573131561,1.06184262426702e-20,-1.73584428081464e-11,-1.13074022367599e-10
1.21523821353912,-1.21745670401776e-20,-3.74039132999826e-11,-3.05534986200229e-10
1.21619057655334,1.55571074840728e-21,-2.61416496089018e-11,-2.1963374174927e-10
1.21714293956757,1.06187251262899e-20,-1.73584445428698e-11,-1.13074036245386e-10
1.21809530258179,-1.21746979027355e-20,-3.74039167694296e-11,-3.05534986200229e-10
1.21904766559601,1.55535855041209e-21,-2.61416461394548e-11,-2.19633713993694e-10
1.22000002861023,1.06184197803216e-20,-1.73584462775933e-11,-1.13074050123174e-10
1.22095239162445,-1.21744919153759e-20,-3.74039167694296e-11,-3.05535013955804e-10
1.22190487384796,1.5554366034655e-21,-2.61416426700078e-11,-2.19633672360331e-10
1.22285723686218,1.06185449883245e-20,-1.73584497470403e-11,-1.13074070939856e-10
1.2238095998764,-1.21745024166923e-20,-3.74039167694296e-11,-3.0553504171138e-10
1.22476196289062,1.55544165217529e-21,-2.61416392005609e-11,-2.19633644604755e-10
1.22571432590485,1.06184092790052e-20,-1.73584514817637e-11,-1.13074084817644e-10
1.22666668891907,-1.21746179311724e-20,-3.74039202388765e-11,-3.0553504171138e-10
1.22761905193329,1.5559521777096e-21,-2.61416357311139e-11,-2.19633602971392e-10
1.2285715341568,1.06189044564618e-20,-1.73584532164872e-11,-1.13074098695432e-10
1.22952389717102,-1.21747746431243e-20,-3.74039202388765e-11,-3.05535069466956e-10
1.23047626018524,1.55552233055779e-21,-2.6141632261667e-11,-2.19633575215816e-10
1.23142862319946,1.06192469609342e-20,-1.73584549512107e-11,-1.13074112573219e-10
1.23238098621368,-1.21743416657725e-20,-3.74039237083235e-11,-3.05535097222531e-10
1.23333334922791,1.55529362400415e-21,-2.614162879222e-11,-2.19633533582453e-10
1.23428583145142,1.06190837866336e-20,-1.73584566859342e-11,-1.13074133389901e-10
1.23523819446564,-1.21744668737753e-20,-3.74039237083235e-11,-3.05535124978107e-10
1.23619055747986,1.55528786847499e-21,-2.61416253227731e-11,-2.19633505826877e-10
1.23714292049408,1.06193697455563e-20,-1.73584601553811e-11,-1.13074147267689e-10
1.2380952835083,-1.21746300480759e-20,-3.74039271777704e-11,-3.05535124978107e-10
1.23904764652252,1.55490214704677e-21,-2.61416218533261e-11,-2.19633464193514e-10
1.24000000953674,1.06194400235967e-20,-1.73584618901046e-11,-1.13074161145477e-10
1.24095249176025,-1.21746211623466e-20,-3.74039271777704e-11,-3.05535152733682e-10
1.24190485477448,1.55468212427397e-21,-2.61416183838792e-11,-2.19633436437938e-10
1.2428572177887,1.06192413063792e-20,-1.73584636248281e-11,-1.13074175023264e-10
1.24380958080292,-1.21746179311724e-20,-3.74039306472174e-11,-3.05535180489258e-10
1.24476194381714,1.5552045647634e-21,-2.61416149144322e-11,-2.19633394804575e-10
1.24571430683136,1.06192130336044e-20,-1.73584653595515e-11,-1.13074195839946e-10
1.24666666984558,-1.21749531655026e-20,-3.74039306472174e-11,-3.05535180489258e-10
1.24761915206909,1.55542953527179e-21,-2.61416114449853e-11,-2.19633367048999e-10
1.24857151508331,1.06196775149054e-20,-1.7358467094275e-11,-1.13074209717734e-10
1.24952387809753,-1.21747891834085e-20,-3.74039341166643e-11,-3.05535208244834e-10
1.25047624111176,1.55521769140886e-21,-2.61416062408149e-11,-2.19633325415636e-10
1.25142860412598,1.06197057876802e-20,-1.7358470563722e-11,-1.13074223595522e-10
1.2523809671402,-1.21747536404916e-20,-3.74039341166643e-11,-3.05535236000409e-10
1.25333344936371,1.55500776605565e-21,-2.61416027713679e-11,-2.1963329766006e-10
1.25428581237793,1.06196282394978e-20,-1.73584722984454e-11,-1.1307423747331e-10
1.25523817539215,-1.21745872350168e-20,-3.74039375861113e-11,-3.05535236000409e-10
1.25619053840637,1.55470221813895e-21,-2.61415993019209e-11,-2.19633256026697e-10
1.25714290142059,1.06198794632971e-20,-1.73584740331689e-11,-1.13074258289991e-10
1.25809526443481,-1.2174209995421e-20,-3.74039375861113e-11,-3.05535263755985e-10
1.25904762744904,1.55506966323772e-21,-2.6141595832474e-11,-2.19633228271121e-10
1.26000010967255,1.06197671799913e-20,-1.73584757678924e-11,-1.13074272167779e-10
1.26095247268677,-1.21740064314422e-20,-3.74039375861113e-11,-3.05535291511561e-10
1.26190483570099,1.55502735504965e-21,-2.6141592363027e-11,-2.19633186637758e-10
1.26285719871521,1.06193358182265e-20,-1.73584775026159e-11,-1.13074286045567e-10
1.26380956172943,-1.21740177405521e-20,-3.74039410555582e-11,-3.05535319267136e-10
1.26476192474365,1.55485378040695e-21,-2.61415888935801e-11,-2.19633158882182e-10
1.26571440696716,1.06184795570456e-20,-1.73584792373394e-11,-1.13074299923355e-10
1.26666676998138,-1.21742059564532e-20,-3.74039410555582e-11,-3.05535319267136e-10
1.26761913299561,1.55551647405443e-21,-2.61415854241331e-11,-2.19633117248819e-10
1.26857149600983,1.06187639003811e-20,-1.73584827067863e-11,-1.13074320740036e-10
1.26952385902405,-1.21741106368123e-20,-3.74039445250052e-11,-3.05535347022712e-10
1.27047622203827,1.55520809886025e-21,-2.61415819546862e-11,-2.19633089493243e-10
1.27142858505249,1.06189820046442e-20,-1.73584844415098e-11,-1.13074334617824e-10
1.272381067276,-1.21740581302305e-20,-3.74039445250052e-11,-3.05535374778287e-10
1.27333343029022,1.5546741473125e-21,-2.61415784852392e-11,-2.1963304785988e-10
1.27428579330444,1.06192655401862e-20,-1.73584861762333e-11,-1.13074348495612e-10
1.27523815631866,-1.21736518100663e-20,-3.74039479944521e-11,-3.05535374778287e-10
1.27619051933289,1.55493587242819e-21,-2.61415750157923e-11,-2.19633020104304e-10
1.27714288234711,1.0619129830867e-20,-1.73584879109567e-11,-1.13074369312294e-10
1.27809524536133,-1.21739523092732e-20,-3.74039479944521e-11,-3.05535402533863e-10
1.27904772758484,1.55534269746334e-21,-2.61415715463453e-11,-2.19632978470941e-10
1.28000009059906,1.06189763500892e-20,-1.73584896456802e-11,-1.13074383190082e-10
1.28095245361328,-1.21741461797293e-20,-3.74039514638991e-11,-3.05535430289439e-10
1.2819048166275,1.55506451355373e-21,-2.61415663421749e-11,-2.19632950715365e-10
1.28285717964172,1.06186386923783e-20,-1.73584931151272e-11,-1.13074397067869e-10
1.28380954265594,-1.21737099712031e-20,-3.74039514638991e-11,-3.05535430289439e-10
1.28476202487946,1.5549135571309e-21,-2.6141562872728e-11,-2.19632909082002e-10
1.28571438789368,1.06189012252875e-20,-1.73584948498506e-11,-1.13074410945657e-10
1.2866667509079,-1.21736994698867e-20,-3.7403954933346e-11,-3.05535458045014e-10
1.28761911392212,1.55467031029306e-21,-2.6141559403281e-11,-2.19632881326426e-10
1.28857147693634,1.06187897497753e-20,-1.73584965845741e-11,-1.13074431762339e-10
1.28952383995056,-1.21735968801037e-20,-3.7403954933346e-11,-3.0553548580059e-10
1.29047620296478,1.55485044825848e-21,-2.6141555933834e-11,-2.19632839693062e-10
1.29142868518829,1.0618478749252e-20,-1.73584983192976e-11,-1.13074445640127e-10
1.29238104820251,-1.21737228959002e-20,-3.7403958402793e-11,-3.05535513556165e-10
1.29333341121674,1.55487296550416e-21,-2.61415524643871e-11,-2.19632811937487e-10
1.29428577423096,1.06179625691627e-20,-1.73585000540211e-11,-1.13074459517915e-10
1.29523813724518,-1.21735080228114e-20,-3.7403958402793e-11,-3.05535513556165e-10
1.2961905002594,1.55579011412524e-21,-2.61415489949401e-11,-2.19632770304123e-10
1.29714286327362,1.06182986112866e-20,-1.7358503523468e-11,-1.13074473395702e-10
1.29809534549713,-1.2173799636289e-20,-3.7403958402793e-11,-3.05535541311741e-10
1.29904770851135,1.55560937031463e-21,-2.61415455254932e-11,-2.19632742548548e-10
1.30000007152557,1.0618316382745e-20,-1.73585052581915e-11,-1.13074494212384e-10
1.30095243453979,-1.21736308074335e-20,-3.74039618722399e-11,-3.05535569067317e-10
1.30190479755402,1.55536147866377e-21,-2.61415420560462e-11,-2.19632700915184e-10
1.30285716056824,1.06182299488334e-20,-1.7358506992915e-11,-1.13074508090172e-10
1.30380964279175,-1.21737438985329e-20,-3.74039618722399e-11,-3.05535569067317e-10
1.30476200580597,1.55547295417601e-21,-2.61415385865993e-11,-2.19632673159609e-10
1.30571436882019,1.06182638761632e-20,-1.73585087276384e-11,-1.1307452196796e-10
1.30666673183441,-1.21737406673587e-20,-3.74039653416869e-11,-3.05535596822892e-10
1.30761909484863,1.55591996694112e-21,-2.61415351171523e-11,-2.19632631526245e-10
1.30857145786285,1.06190312800518e-20,-1.73585104623619e-11,-1.13074535845747e-10
1.30952382087708,-1.21741219459222e-20,-3.74039653416869e-11,-3.05535624578468e-10
1.31047630310059,1.55576557739564e-21,-2.61415316477054e-11,-2.1963260377067e-10
1.31142866611481,1.06193067376581e-20,-1.73585121970854e-11,-1.13074556662429e-10
1.31238102912903,-1.21739781586673e-20,-3.74039688111338e-11,-3.05535624578468e-10
1.31333339214325,1.55511217337418e-21,-2.6141526443535e-11,-2.19632562137306e-10
1.31428575515747,1.061909428795e-20,-1.73585156665323e-11,-1.13074570540217e-10
1.31523811817169,-1.21736800828411e-20,-3.74039688111338e-11,-3.05535652334044e-10
1.3161906003952,1.55528827237177e-21,-2.6141522974088e-11,-2.19632534381731e-10
1.31714296340942,1.06187598614133e-20,-1.73585174012558e-11,-1.13074584418005e-10
1.31809532642365,-1.21741114446059e-20,-3.74039722805808e-11,-3.05535680089619e-10
1.31904768943787,1.55521647971851e-21,-2.61415195046411e-11,-2.19632492748367e-10
1.32000005245209,1.06191791062745e-20,-1.73585191359793e-11,-1.13074598295793e-10
1.32095241546631,-1.21739103040077e-20,-3.74039722805808e-11,-3.05535707845195e-10
1.32190477848053,1.55512560294223e-21,-2.61415160351941e-11,-2.19632464992792e-10
1.32285726070404,1.06189690799471e-20,-1.73585208707028e-11,-1.13074619112474e-10
1.32380962371826,-1.21738400259674e-20,-3.74039757500277e-11,-3.05535707845195e-10
1.32476198673248,1.55550223669281e-21,-2.61415125657471e-11,-2.19632423359428e-10
1.3257143497467,1.06188810304483e-20,-1.73585226054263e-11,-1.13074632990262e-10
1.32666671276093,-1.21741591044263e-20,-3.74039757500277e-11,-3.0553573560077e-10
1.32761907577515,1.55553697181619e-21,-2.61415090963002e-11,-2.19632381726065e-10
1.32857143878937,1.06185732610993e-20,-1.73585260748732e-11,-1.1307464686805e-10
1.32952392101288,-1.21744878764081e-20,-3.74039792194747e-11,-3.05535763356346e-10
1.3304762840271,1.55596792968416e-21,-2.61415056268532e-11,-2.19632353970489e-10
1.33142864704132,1.06189254590945e-20,-1.73585278095967e-11,-1.13074667684732e-10
1.33238101005554,-1.21746389338051e-20,-3.74039792194747e-11,-3.05535763356346e-10
1.33333337306976,1.55555595496502e-21,-2.61415021574063e-11,-2.19632312337126e-10
1.33428573608398,1.06189690799471e-20,-1.73585295443202e-11,-1.13074681562519e-10
1.3352382183075,-1.21750113266395e-20,-3.74039826889216e-11,-3.05535791111922e-10
1.33619058132172,1.55551637308024e-21,-2.61414986879593e-11,-2.1963228458155e-10
1.33714294433594,1.06198035307018e-20,-1.73585312790436e-11,-1.13074695440307e-10
1.33809530735016,-1.21746276246952e-20,-3.74039826889216e-11,-3.05535818867497e-10
1.33904767036438,1.55523505897055e-21,-2.61414952185124e-11,-2.19632242948187e-10
1.3400000333786,1.06196880162217e-20,-1.73585330137671e-11,-1.13074709318095e-10
1.34095239639282,-1.21744151749871e-20,-3.74039826889216e-11,-3.05535846623073e-10
1.34190487861633,1.55503523103692e-21,-2.61414917490654e-11,-2.19632215192611e-10
1.34285724163055,1.06196742837311e-20,-1.73585347484906e-11,-1.13074730134777e-10
1.34380960464478,-1.21744038658771e-20,-3.74039861583686e-11,-3.05535846623073e-10
1.344761967659,1.55497282898388e-21,-2.61414882796185e-11,-2.19632173559248e-10
1.34571433067322,1.06193875170148e-20,-1.73585382179375e-11,-1.13074744012565e-10
1.34666669368744,-1.21741954551368e-20,-3.74039861583686e-11,-3.05535874378648e-10
1.34761905670166,1.55509965257389e-21,-2.61414830754481e-11,-2.19632145803672e-10
1.34857153892517,1.06189012252875e-20,-1.7358539952661e-11,-1.13074757890352e-10
1.34952390193939,-1.21747496015238e-20,-3.74039896278155e-11,-3.05535902134224e-10
1.35047626495361,1.55566551196753e-21,-2.61414796060011e-11,-2.19632104170309e-10
1.35142862796783,1.06192841194382e-20,-1.73585416873845e-11,-1.1307477176814e-10
1.35238099098206,-1.21741397173807e-20,-3.74039896278155e-11,-3.05535902134224e-10
1.35333335399628,1.55545942363377e-21,-2.61414761365542e-11,-2.19632076414733e-10
1.35428583621979,1.06189020330811e-20,-1.7358543422108e-11,-1.13074792584822e-10
1.35523819923401,-1.21744539490783e-20,-3.74039930972625e-11,-3.055359298898e-10
1.35619056224823,1.55551516138989e-21,-2.61414726671072e-11,-2.1963203478137e-10
1.35714292526245,1.06192413063792e-20,-1.73585451568314e-11,-1.1307480646261e-10
1.35809528827667,-1.21743545904695e-20,-3.74039930972625e-11,-3.05535957645375e-10
1.35904765129089,1.55498494588738e-21,-2.61414691976602e-11,-2.19632007025794e-10
1.36000001430511,1.06194367924224e-20,-1.73585486262784e-11,-1.13074820340398e-10
1.36095249652863,-1.21743198553462e-20,-3.74039965667095e-11,-3.05535957645375e-10
1.36190485954285,1.55423157741201e-21,-2.61414657282133e-11,-2.19631965392431e-10
1.36285722255707,1.06192348440307e-20,-1.73585503610019e-11,-1.13074834218185e-10
1.36380958557129,-1.21742406915766e-20,-3.74039965667095e-11,-3.05535985400951e-10
1.36476194858551,1.55481177514147e-21,-2.61414622587663e-11,-2.19631937636855e-10
1.36571431159973,1.06187251262899e-20,-1.73585520957253e-11,-1.13074855034867e-10
1.36666679382324,-1.21745145335958e-20,-3.74040000361564e-11,-3.05536013156527e-10
1.36761915683746,1.55519911215682e-21,-2.61414587893194e-11,-2.19631896003492e-10
1.36857151985168,1.06192728103283e-20,-1.73585538304488e-11,-1.13074868912655e-10
1.36952388286591,-1.21740613614047e-20,-3.74040000361564e-11,-3.05536040912102e-10
1.37047624588013,1.55443372775214e-21,-2.61414553198724e-11,-2.19631868247916e-10
1.37142860889435,1.061871381718e-20,-1.73585555651723e-11,-1.13074882790443e-10
1.37238097190857,-1.21736396931628e-20,-3.74040035056034e-11,-3.05536040912102e-10
1.37333345413208,1.55496454909982e-21,-2.61414518504255e-11,-2.19631826614552e-10
1.3742858171463,1.06183252684743e-20,-1.73585590346192e-11,-1.1307489666823e-10
1.37523818016052,-1.21740371275977e-20,-3.74040035056034e-11,-3.05536068667678e-10
1.37619054317474,1.55461113941428e-21,-2.61414483809785e-11,-2.19631798858977e-10
1.37714290618896,1.06175998698512e-20,-1.73585607693427e-11,-1.13074917484912e-10
1.37809526920319,-1.2173986236603e-20,-3.74040035056034e-11,-3.05536096423253e-10
1.37904763221741,1.55607324577045e-21,-2.61414431768081e-11,-2.19631757225613e-10
1.38000011444092,1.06185126765818e-20,-1.73585625040662e-11,-1.130749313627e-10
1.38095247745514,-1.21747988769314e-20,-3.74040069750503e-11,-3.05536096423253e-10
1.38190484046936,1.55570428605875e-21,-2.61414397073612e-11,-2.19631729470038e-10
1.38285720348358,1.06186944301344e-20,-1.73585642387897e-11,-1.13074945240488e-10
1.3838095664978,-1.21747059806712e-20,-3.74040069750503e-11,-3.05536124178829e-10
1.38476192951202,1.55553283187416e-21,-2.61414362379142e-11,-2.19631687836674e-10
1.38571441173553,1.0618279224241e-20,-1.73585659735132e-11,-1.13074959118276e-10
1.38666677474976,-1.21746825546577e-20,-3.74040104444973e-11,-3.05536151934405e-10
1.38761913776398,1.55542771773626e-21,-2.61414327684673e-11,-2.19631660081099e-10
1.3885715007782,1.06186370767911e-20,-1.73585677082366e-11,-1.13074979934957e-10
1.38952386379242,-1.21748538068939e-20,-3.74040104444973e-11,-3.05536151934405e-10
1.39047622680664,1.55584585188135e-21,-2.61414292990203e-11,-2.19631618447735e-10
1.39142858982086,1.06188988019068e-20,-1.73585711776836e-11,-1.13074993812745e-10
1.39238107204437,-1.21751704619721e-20,-3.74040139139442e-11,-3.0553617968998e-10
1.39333343505859,1.55537349459308e-21,-2.61414258295734e-11,-2.1963159069216e-10
1.39428579807281,1.06188495264992e-20,-1.73585729124071e-11,-1.13075007690533e-10
1.39523816108704,-1.21752237763476e-20,-3.74040139139442e-11,-3.05536207445556e-10
1.39619052410126,1.55550112597666e-21,-2.61414223601264e-11,-2.19631549058796e-10
1.39714288711548,1.06187671315554e-20,-1.73585746471305e-11,-1.13075028507215e-10
1.3980952501297,-1.21750816046798e-20,-3.74040173833912e-11,-3.05536235201131e-10
1.39904773235321,1.55548971589253e-21,-2.61414188906794e-11,-2.19631521303221e-10
1.40000009536743,1.06192655401862e-20,-1.7358576381854e-11,-1.13075042385002e-10
1.40095245838165,-1.21747907989957e-20,-3.74040173833912e-11,-3.05536235201131e-10
1.40190482139587,1.5546546592927e-21,-2.61414154212325e-11,-2.19631479669857e-10
1.4028571844101,1.06191088282342e-20,-1.73585781165775e-11,-1.1307505626279e-10
1.40380954742432,-1.21748982355401e-20,-3.74040208528381e-11,-3.05536262956707e-10
1.40476202964783,1.55448714310175e-21,-2.61414119517855e-11,-2.19631451914282e-10
1.40571439266205,1.06194060962669e-20,-1.73585815860244e-11,-1.13075070140578e-10
1.40666675567627,-1.21743303566625e-20,-3.74040208528381e-11,-3.05536290712283e-10
1.40761911869049,1.55422602383124e-21,-2.61414084823386e-11,-2.19631410280918e-10
1.40857148170471,1.06188543732606e-20,-1.73585833207479e-11,-1.1307509095726e-10
1.40952384471893,-1.21745630012098e-20,-3.74040243222851e-11,-3.05536290712283e-10
1.41047620773315,1.55478723841187e-21,-2.61414050128916e-11,-2.19631382525343e-10
1.41142868995667,1.06188325628343e-20,-1.73585850554714e-11,-1.13075104835048e-10
1.41238105297089,-1.2174445063349e-20,-3.74040243222851e-11,-3.05536318467858e-10
1.41333341598511,1.5550283647916e-21,-2.61413998087212e-11,-2.19631340891979e-10
1.41428577899933,1.06183826218175e-20,-1.73585867901949e-11,-1.13075118712835e-10
1.41523814201355,-1.21746340870437e-20,-3.74040243222851e-11,-3.05536346223434e-10
1.41619050502777,1.55490840744691e-21,-2.61413963392743e-11,-2.19631313136404e-10
1.41714298725128,1.06182323722141e-20,-1.73585885249183e-11,-1.13075132590623e-10
1.4180953502655,-1.21745306894671e-20,-3.7404027791732e-11,-3.05536346223434e-10
1.41904771327972,1.55492910715707e-21,-2.61413928698273e-11,-2.1963127150304e-10
1.42000007629395,1.06183495022813e-20,-1.73585919943653e-11,-1.13075153407305e-10
1.42095243930817,-1.21743497437081e-20,-3.7404027791732e-11,-3.0553637397901e-10
1.42190480232239,1.55462901184695e-21,-2.61413894003804e-11,-2.19631243747465e-10
1.42285716533661,1.06184456297158e-20,-1.73585937290888e-11,-1.13075167285093e-10
1.42380964756012,-1.2173859413013e-20,-3.7404031261179e-11,-3.05536401734585e-10
1.42476201057434,1.55485913203933e-21,-2.61413859309334e-11,-2.19631202114101e-10
1.42571437358856,1.06180174991253e-20,-1.73585954638122e-11,-1.13075181162881e-10
1.42666673660278,-1.21745403829899e-20,-3.7404031261179e-11,-3.05536429490161e-10
1.427619099617,1.55512913703908e-21,-2.61413824614865e-11,-2.19631174358526e-10
1.42857003211975,1.51242624083862e-20,-1.7331825211131e-11,-1.12865022883213e-10
