Time,U1,U2,U3
0.0,0.0,0.0,0.0
0.00166666996665299,2.13419640988843e-22,-2.37679043113559e-10,-3.34075073160633e-10
0.00333333993330598,-2.01240259700955e-21,-1.67199462608458e-10,-2.54817417166819e-10
0.00500001013278961,-9.39294382683703e-22,7.82431498064229e-12,2.97152406847356e-11
0.00666667986661196,-3.83954531250465e-22,-2.22285884143858e-10,-3.24147153563104e-10
0.0083333496004343,-2.59536701943553e-21,-1.67477018364615e-10,-2.50852560945702e-10
0.0100000202655792,3.07310663624395e-21,-4.51061323708535e-12,1.42186956653134e-11
0.0116666899994016,-8.97167342322277e-22,-2.01624120177435e-10,-3.01254937662421e-10
0.0133333597332239,-2.69117800077229e-21,-1.91502938506893e-10,-2.76314665592636e-10
0.0150000303983688,1.60648845007714e-21,1.81940382898427e-11,3.76885328501331e-11
0.0166666992008686,1.23647991940192e-21,-2.19344459262416e-10,-3.19179210839238e-10
0.0183333698660135,2.95748249819392e-21,-1.80958428797062e-10,-2.66030364404202e-10
0.0200000405311584,-1.58682998583193e-21,1.54190618606442e-11,3.5551759453023e-11
0.0216667093336582,4.09550611427572e-21,-2.23500107310315e-10,-3.24274301854999e-10
0.0233333799988031,2.45418005201109e-21,-1.71761729839126e-10,-2.5566121442111e-10
0.0250000506639481,-2.25074330062741e-21,3.62322043027941e-12,2.24101778800723e-11
0.0266667194664478,7.6826023055932e-21,-2.11589565313197e-10,-3.10895559296753e-10
0.0283333901315928,2.98356292129634e-21,-1.81691495182434e-10,-2.67139144138895e-10
0.0300000607967377,-1.81804504142156e-21,1.01581503625381e-11,3.05376106346511e-11
0.0316667295992374,1.37955793156659e-21,-2.14124537545324e-10,-3.15037190778966e-10
0.0333333984017372,-4.08962537710835e-21,-1.82983114771496e-10,-2.66835525897235e-10
0.0350000709295273,1.00946831861209e-21,1.44810708563314e-11,3.32975279293546e-11
0.0366667397320271,2.5179919067804e-21,-2.20297585729057e-10,-3.1969532576781e-10
0.0383334085345268,-4.62653102593419e-21,-1.76263351137074e-10,-2.6157118138137e-10
0.0400000810623169,1.72130812670869e-22,8.39805221891643e-12,2.8602235163655e-11
0.0416667498648167,-9.54616207164757e-22,-2.1573252906304e-10,-3.16443898862317e-10
0.0433334186673164,-3.80488662659223e-21,-1.7883143577091e-10,-2.62904892300853e-10
0.0450000911951065,2.286815120411e-21,8.90622384869255e-12,2.79586995916015e-11
0.0466667599976063,-4.42605746330246e-22,-2.14474341064808e-10,-3.14117870603425e-10
0.048333428800106,9.18012960188306e-22,-1.8131529611054e-10,-2.6637361760784e-10
0.0500001013278961,2.47373249335063e-21,1.19598272257937e-11,3.19163064033123e-11
0.0516667701303959,3.03884694986651e-22,-2.17455664586197e-10,-3.17924547799109e-10
0.0533334389328957,4.42692988035476e-22,-1.78928108440779e-10,-2.63237681652484e-10
0.0550001114606857,-1.47111719243792e-21,1.04988864824129e-11,2.9780709148719e-11
0.0566667802631855,1.29631833858963e-21,-2.17037152139277e-10,-3.16901727082097e-10
0.0583334490656853,-9.66199058147004e-22,-1.78388220861692e-10,-2.63236654696186e-10
0.0600001215934753,-1.04160436618913e-21,9.23642412553605e-12,2.89968743460989e-11
0.0616667903959751,1.75316447576318e-21,-2.1537301109209e-10,-3.15660553251718e-10
0.0633334591984749,-1.93373481269891e-21,-1.80117309955818e-10,-2.64594762766635e-10
0.065000131726265,1.15357818608434e-21,1.07370683524732e-11,3.01750534281719e-11
0.0666667968034744,1.08677739414312e-21,-2.16436660260833e-10,-3.16446119308367e-10
0.0683334693312645,-2.36064058618458e-21,-1.79593215299256e-10,-2.64309130137974e-10
0.0700001418590546,2.10891373342046e-21,1.07482035424655e-11,3.03897185194302e-11
0.071666806936264,5.76993250244439e-23,-2.16888770832036e-10,-3.17070536492992e-10
0.0733334794640541,-1.23060645237666e-21,-1.78854001053885e-10,-2.63426253033217e-10
0.0750001519918442,1.21497483906268e-21,9.89862358746763e-12,2.94228426345189e-11
0.0766668170690536,-1.27001769076601e-21,-2.16093365423831e-10,-3.1618141438372e-10
0.0783334895968437,-2.7508183085877e-22,-1.79469120120679e-10,-2.64114952130967e-10
0.0800001621246338,7.92873266355132e-22,1.02599274562354e-11,2.98409560950397e-11
0.0816668272018433,-1.10822905913275e-21,-2.16182266532527e-10,-3.16312753767534e-10
0.0833334997296333,2.52635115655955e-22,-1.79622747231711e-10,-2.64239158331847e-10
0.0850001722574234,5.68463417183142e-22,1.05900210475851e-11,3.01536191849028e-11
0.0866668373346329,-3.10673846507149e-22,-2.16602555336287e-10,-3.16725951021724e-10
0.0883335098624229,-5.17102084661169e-22,-1.79201126160322e-10,-2.63816551937524e-10
0.090000182390213,4.61071623280713e-23,1.02420615391563e-11,2.97988751729594e-11
0.0916668474674225,2.2091387007554e-22,-2.16377582518135e-10,-3.16489723317659e-10
0.0933335199952126,-5.65262080790236e-22,-1.79284087575837e-10,-2.63914945453081e-10
0.0950001925230026,7.96864725830708e-22,1.01916834346905e-11,2.97680075034279e-11
0.0966668576002121,5.20811807197611e-23,-2.16222859061865e-10,-3.16357939844636e-10
0.0983335301280022,-8.77153852804399e-22,-1.79502523955932e-10,-2.64108485081849e-10
0.100000202655792,1.0828482862335e-21,1.04295495850781e-11,2.99804729653186e-11
0.101666867733002,-2.01863876334637e-22,-2.16438963973609e-10,-3.16548731671418e-10
0.103333540260792,-5.78129071108438e-22,-1.79340209349732e-10,-2.63971705605215e-10
0.105000212788582,1.02827405577319e-21,1.03391514100215e-11,2.99163610550934e-11
0.106666877865791,-4.44834297320157e-22,-2.16422574306208e-10,-3.16559195523425e-10
0.108333550393581,-2.97012416459404e-22,-1.79294676327935e-10,-2.63899763153219e-10
0.110000222921371,6.89129802678057e-22,1.02526407502745e-11,2.98049432356784e-11
0.111666887998581,-3.25478304452123e-22,-2.16318588042164e-10,-3.16432074987105e-10
0.113333560526371,-1.28021472139706e-22,-1.79394957222634e-10,-2.64022026463806e-10
0.115000233054161,4.53113424074888e-22,1.03327233921813e-11,2.99066604814158e-11
0.116666898131371,-2.21199702780495e-22,-2.1636735458852e-10,-3.16502157815535e-10
0.118333570659161,-2.42772587292265e-22,-1.79382689258212e-10,-2.6398952468476e-10
0.120000243186951,4.60250633648544e-22,1.0355456943334e-11,2.99111291290899e-11
0.12166690826416,-1.01499823355769e-22,-2.1641692604657e-10,-3.16535547773e-10
0.12333358079195,-5.23621786539993e-22,-1.79319045723325e-10,-2.63940785893979e-10
0.12500025331974,5.96132517796264e-22,1.02913250837888e-11,2.98614882821013e-11
0.12666691839695,-9.0874542227377e-23,-2.16362899818634e-10,-3.16495774033143e-10
0.128333583474159,-6.07773782350821e-22,-1.79357070861919e-10,-2.63965516111853e-10
0.13000026345253,6.92200882358293e-22,1.03115467553483e-11,2.98701965939507e-11
0.131666928529739,-1.62133786678282e-22,-2.16365911298588e-10,-3.16489112694995e-10
0.133333593606949,-4.98849585119234e-22,-1.79369227804038e-10,-2.63986305037989e-10
0.13500027358532,7.41607152499863e-22,1.03350930244495e-11,2.99022889782563e-11
0.136666938662529,-2.47260461158278e-22,-2.16394929752894e-10,-3.16526721499955e-10
0.138333603739738,-4.2940599554956e-22,-1.79341860806481e-10,-2.63950999945806e-10
0.140000283718109,6.48637029676759e-22,1.03154759040214e-11,2.9876167512155e-11
0.141666948795319,-2.49052576430097e-22,-2.16385909190819e-10,-3.16512732689844e-10
0.143333613872528,-3.66413697841009e-22,-1.79341055894788e-10,-2.63954469392758e-10
0.145000293850899,5.75087526380493e-22,1.03076566379534e-11,2.98728229652934e-11
0.146666958928108,-1.61437380271153e-22,-2.163737522487e-10,-3.16505405217882e-10
0.148333624005318,-4.28522976206692e-22,-1.79355849616591e-10,-2.63964766711311e-10
0.150000303983688,5.44391522297827e-22,1.03236664009132e-11,2.98855211411375e-11
0.151666969060898,-9.95756906337392e-23,-2.16388684748381e-10,-3.16518256049392e-10
0.153333634138107,-4.82238219182746e-22,-1.79345066575465e-10,-2.63955579615782e-10
0.155000314116478,5.91003785952624e-22,1.03193642866928e-11,2.98832729395127e-11
0.156666979193687,-1.16847907438636e-22,-2.16390849683279e-10,-3.16523085519549e-10
0.158333644270897,-5.03719722047255e-22,-1.79338863204315e-10,-2.63946864365039e-10
0.160000324249268,6.44345727326553e-22,1.03122510530795e-11,2.98746305471553e-11
0.161666989326477,-1.57484543425497e-22,-2.16384715701068e-10,-3.16516479692552e-10
0.163333654403687,-4.7922504820384e-22,-1.79343928596865e-10,-2.6395211016883e-10
0.165000334382057,6.51357123052157e-22,1.03168194473535e-11,2.98799700260144e-11
0.166666999459267,-1.81884730665129e-22,-2.16388490459352e-10,-3.16521753251919e-10
0.168333664536476,-4.53053697838032e-22,-1.79342360406842e-10,-2.63949057055513e-10
0.170000344514847,6.25776976603158e-22,1.03187415209649e-11,2.98812675991744e-11
0.171667009592056,-1.84715870412433e-22,-2.16393472585175e-10,-3.16527082322438e-10
0.173333674669266,-4.3651255945477e-22,-1.79336517858175e-10,-2.63942673273121e-10
0.175000354647636,5.9516654815149e-22,1.03144610907879e-11,2.98771424267485e-11
0.176667019724846,-1.5750256731946e-22,-2.16391654594972e-10,-3.16526221899593e-10
0.178333684802055,-4.41814209608835e-22,-1.79336850925083e-10,-2.63941979383731e-10
0.180000364780426,5.91542331826288e-22,1.03148435973144e-11,2.98772985518614e-11
0.181667029857635,-1.39175523577424e-22,-2.16392473384452e-10,-3.16527720700677e-10
0.183333694934845,-4.68250920161385e-22,-1.79336670513841e-10,-2.63940980183008e-10
0.185000374913216,6.04335005136331e-22,1.03165418915974e-11,2.98789083752471e-11
0.186667039990425,-1.40758685372669e-22,-2.16395887320253e-10,-3.16531884037019e-10
0.188333705067635,-4.72455435190242e-22,-1.79333270455828e-10,-2.63936733579939e-10
0.190000385046005,6.20762951446024e-22,1.03150595703871e-11,2.98773436546718e-11
0.191667050123215,-1.549196221456e-22,-2.16396706109734e-10,-3.16533493860405e-10
0.193333715200424,-4.68030241056315e-22,-1.79331535732352e-10,-2.6393406904468e-10
0.195000395178795,6.22511824518463e-22,1.03141757287761e-11,2.98762924122453e-11
0.196667060256004,-1.63207268598107e-22,-2.16397136321156e-10,-3.16534631839005e-10
0.198333725333214,-4.57977855960843e-22,-1.79330952865264e-10,-2.63932681265899e-10
0.200000405311584,6.17222695164686e-22,1.0314887832763e-11,2.98769550766131e-11
0.201667070388794,-1.61909333662641e-22,-2.16399245744903e-10,-3.16537546174445e-10
0.203333735466003,-4.545330202946e-22,-1.79328885074881e-10,-2.63929683663733e-10
0.205000415444374,6.10420517972921e-22,1.03145495616852e-11,2.98764450679112e-11
0.206667080521584,-1.56274973533191e-22,-2.16400855568288e-10,-3.16539849887221e-10
0.208333745598793,-4.54678877520532e-22,-1.7932680340671e-10,-2.63926797083869e-10
0.210000425577164,6.07617928679499e-22,1.03137342416515e-11,2.98755672978324e-11
0.211667090654373,-1.51497732865368e-22,-2.16401688235557e-10,-3.16541487466182e-10
0.213333755731583,-4.59357971269971e-22,-1.79325609916958e-10,-2.63924687660122e-10
0.215000435709953,6.10419710179354e-22,1.03137611298654e-11,2.98754389282951e-11
0.216667100787163,-1.52796147428264e-22,-2.16403173158852e-10,-3.16543707912231e-10
0.218333765864372,-4.62276579914446e-22,-1.79324000093573e-10,-2.63922245169468e-10
0.220000445842743,6.15069773847481e-22,1.03136709242446e-11,2.98752723948414e-11
0.221667110919952,-1.5597879097316e-22,-2.16404810737814e-10,-3.1654612264731e-10
0.223333775997162,-4.61602173260241e-22,-1.79322084958855e-10,-2.63919441856331e-10
0.225000455975533,6.1540263528416e-22,1.03131609155427e-11,2.98746236082614e-11
0.226667121052742,-1.57721921138209e-22,-2.16406004227565e-10,-3.16548037782027e-10
0.228333786129951,-4.59137998984272e-22,-1.79320530646621e-10,-2.63917027121252e-10
0.230000466108322,6.13288639519462e-22,1.03128911660422e-11,2.98742593163315e-11
0.231667131185532,-1.57979582042516e-22,-2.16407308739619e-10,-3.16550119450199e-10
0.233333796262741,-4.57918432646574e-22,-1.79319004089962e-10,-2.63914612386174e-10
0.235000476241112,6.10731417521999e-22,1.03127697353989e-11,2.98740129855979e-11
0.236667141318321,-1.57021059244687e-22,-2.1640882141849e-10,-3.16552367651823e-10
0.238333806395531,-4.58217871624422e-22,-1.79317255488698e-10,-2.63912003362066e-10
0.240000486373901,6.1045378897046e-22,1.03124340664063e-11,2.9873572365835e-11
0.241667151451111,-1.55565011340266e-22,-2.16410167563907e-10,-3.16554504831146e-10
0.24333381652832,-4.58906768075733e-22,-1.79315576276373e-10,-2.63909449849109e-10
0.245000496506691,6.11364273294604e-22,1.03121131425632e-11,2.9873135215519e-11
0.2466671615839,-1.55327166621899e-22,-2.16411472075961e-10,-3.16556558743741e-10
0.24833382666111,-4.60010416036574e-22,-1.79314008086351e-10,-2.6390703511403e-10
0.250000506639481,6.12156213912799e-22,1.03119067104696e-11,2.98728194958464e-11
0.25166717171669,-1.56008704578686e-22,-2.16412887610318e-10,-3.16558723678639e-10
0.2533338367939,-4.59734907943147e-22,-1.79312342751814e-10,-2.63904481601074e-10
0.255000501871109,6.12511895517745e-22,1.03116430325012e-11,2.98724413261287e-11
0.256667166948318,-1.56544877558747e-22,-2.16414289266886e-10,-3.16560860857962e-10
0.25833386182785,-4.5879418184734e-22,-1.79310663539489e-10,-2.63901928088117e-10
0.26000052690506,6.12889387548999e-22,1.03113368538077e-11,2.98720249924944e-11
0.261667191982269,-1.57129568639922e-22,-2.16415635412304e-10,-3.16562970281709e-10
0.263333857059479,-4.58887986875302e-22,-1.79309039838316e-10,-2.63899457841887e-10
0.265000522136688,6.10740959583509e-22,1.03110835841802e-11,2.98716572311175e-11
0.266667187213898,-1.56693145543605e-22,-2.16417009313297e-10,-3.16565107461031e-10
0.26833388209343,-4.5934893407944e-22,-1.79307402259354e-10,-2.63896932084506e-10
0.270000547170639,6.11383811801504e-22,1.03108311819144e-11,2.98712929391876e-11
0.271667212247849,-1.56768245101782e-22,-2.16418397092077e-10,-3.16567244640353e-10
0.273333877325058,-4.59949629570661e-22,-1.79305736924817e-10,-2.63894406327125e-10
0.275000542402267,6.12086844640237e-22,1.03105475546261e-11,2.9870897422235e-11
0.276667207479477,-1.56894500711941e-22,-2.1641977099307e-10,-3.16569381819676e-10
0.278333902359009,-4.60059439008668e-22,-1.79304099345856e-10,-2.6389190832532e-10
0.280000567436218,6.10323734206181e-22,1.03102778051256e-11,2.98705157830703e-11
0.281667232513428,-1.56852684773077e-22,-2.16421131016276e-10,-3.16571491243423e-10
0.283333897590637,-4.6058798843694e-22,-1.79302461766895e-10,-2.63889382567939e-10
0.285000562667847,6.11665327859585e-22,1.03100193313277e-11,2.98701445522465e-11
0.286667227745056,-1.57029238154552e-22,-2.16422518795056e-10,-3.16573628422745e-10
0.288333922624588,-4.59968865154974e-22,-1.79300810310146e-10,-2.63886856810558e-10
0.290000587701797,6.11586366038416e-22,1.03097478471037e-11,2.98697594436348e-11
0.291667252779007,-1.56870418366226e-22,-2.16423892696049e-10,-3.16575765602067e-10
0.293333917856216,-4.59775802492474e-22,-1.79299158853397e-10,-2.63884358808752e-10
0.295000582933426,6.11595049819261e-22,1.0309475495518e-11,2.98693743350231e-11
0.296667248010635,-1.56870961102529e-22,-2.16425266597042e-10,-3.16577875025814e-10
0.298333942890167,-4.6046065997595e-22,-1.79297521274435e-10,-2.63881833051371e-10
0.300000607967377,6.11689309231104e-22,1.03092109501879e-11,2.98689996347523e-11
0.301667273044586,-1.5707120555471e-22,-2.16426640498035e-10,-3.16580012205137e-10
0.303333938121796,-4.60279209345975e-22,-1.79295869817686e-10,-2.63879335049566e-10
0.305000603199005,6.11791848527008e-22,1.03089438027726e-11,2.98686179955876e-11
0.306667268276215,-1.56868588208926e-22,-2.16428014399028e-10,-3.16582149384459e-10
0.308333963155746,-4.60150972117222e-22,-1.79294218360937e-10,-2.63876809292185e-10
0.310000628232956,6.11497054362171e-22,1.03086731859103e-11,2.98682363564229e-11
0.311667293310165,-1.5761278065425e-22,-2.16429388300021e-10,-3.16584286563781e-10
0.313333958387375,-4.60411687490954e-22,-1.79292580781976e-10,-2.63874283534804e-10
0.315000623464584,6.11406934892358e-22,1.03084051711333e-11,2.98678547172582e-11
0.316667288541794,-1.57469839058224e-22,-2.16430762201014e-10,-3.16586395987528e-10
0.318333983421326,-4.60102100606422e-22,-1.79290929325227e-10,-2.63871785532999e-10
0.320000648498535,6.10916806145614e-22,1.0308138023718e-11,2.98674765475404e-11
0.321667313575745,-1.57870706615821e-22,-2.16432136102007e-10,-3.16588533166851e-10
0.323333978652954,-4.60161927817474e-22,-1.79289291746265e-10,-2.63869259775618e-10
0.325000643730164,6.10883888557761e-22,1.03078691415792e-11,2.98670949083757e-11
0.326667308807373,-1.57641192268612e-22,-2.16433510003e-10,-3.16590670346173e-10
0.328334003686905,-4.60173034979019e-22,-1.79287640289516e-10,-2.63866734018237e-10
0.330000668764114,6.10860614005613e-22,1.03076002594404e-11,2.9866713269211e-11
0.331667333841324,-1.577911768148e-22,-2.16434883903993e-10,-3.1659277976992e-10
0.333333998918533,-4.60691991858685e-22,-1.79285988832767e-10,-2.63864236016431e-10
0.335000663995743,6.11134708460297e-22,1.03073331120251e-11,2.98663350994932e-11
0.336667329072952,-1.57740891665258e-22,-2.16436257804986e-10,-3.16594916949242e-10
0.338334023952484,-4.61737983553684e-22,-1.79284351253806e-10,-2.6386171025905e-10
0.340000689029694,6.09996678785764e-22,1.03070642298864e-11,2.98659534603285e-11
0.341667354106903,-1.58172632083242e-22,-2.16437631705979e-10,-3.16597054128565e-10
0.343334019184113,-4.60677552548675e-22,-1.79282699797056e-10,-2.63859212257245e-10
0.345000684261322,6.11319491238736e-22,1.03067953477476e-11,2.98655718211638e-11
0.346667349338531,-1.57767750801359e-22,-2.16439005606972e-10,-3.16599191307887e-10
0.348334044218063,-4.61099372251915e-22,-1.79281048340307e-10,-2.63856686499864e-10
0.350000709295273,6.11093763423873e-22,1.03065273329705e-11,2.98651901819991e-11
0.351667374372482,-1.58098908298483e-22,-2.16440379507965e-10,-3.16601300731634e-10
0.353334039449692,-4.60286782410665e-22,-1.79279410761346e-10,-2.63854160742483e-10
0.355000704526901,6.10322169106145e-22,1.03062593181935e-11,2.98648085428344e-11
0.356667369604111,-1.58061661441982e-22,-2.16441753408958e-10,-3.16603437910956e-10
0.358334064483643,-4.60520487187002e-22,-1.79277759304597e-10,-2.63851662740677e-10
0.360000729560852,6.10702387440687e-22,1.03059904360547e-11,2.98644269036696e-11
0.361667394638062,-1.57956017189555e-22,-2.16443127309951e-10,-3.16605575090279e-10
0.363334059715271,-4.60266234161806e-22,-1.79276121725636e-10,-2.63849136983296e-10
0.36500072479248,6.10498217616642e-22,1.03057224212777e-11,2.98640487339519e-11
0.36666738986969,-1.57957090040386e-22,-2.16444501210944e-10,-3.16607684514025e-10
0.368334084749222,-4.61411988362323e-22,-1.79274470268886e-10,-2.63846611225915e-10
0.370000749826431,6.10439955505626e-22,1.03054535391389e-11,2.98636670947872e-11
0.371667414903641,-1.58122561503865e-22,-2.16445875111937e-10,-3.16609821693348e-10
0.37333407998085,-4.60425571442886e-22,-1.79272818812137e-10,-2.6384411322411e-10
0.37500074505806,6.10089423584669e-22,1.03051855243619e-11,2.98632854556224e-11
0.376667410135269,-1.58066823747746e-22,-2.1644724901293e-10,-3.1661195887267e-10
0.378334075212479,-4.60718194662512e-22,-1.79271181233176e-10,-2.63841587466729e-10
0.38000077009201,6.10085889487813e-22,1.03049166422231e-11,2.98629038164577e-11
0.38166743516922,-1.58025853467772e-22,-2.16448622913923e-10,-3.16614096051993e-10
0.383334100246429,-4.60187878185812e-22,-1.79269529776427e-10,-2.63839089464923e-10
0.385000765323639,6.11661995711122e-22,1.03046486274461e-11,2.9862522177293e-11
0.386667430400848,-1.57686050055127e-22,-2.16449996814916e-10,-3.16616205475739e-10
0.388334095478058,-4.60324395298626e-22,-1.79267878319678e-10,-2.63836563707542e-10
0.39000079035759,6.11256735776004e-22,1.03043797453073e-11,2.98621405381283e-11
0.391667455434799,-1.57934623281805e-22,-2.16451370715909e-10,-3.16618342655062e-10
0.393334120512009,-4.60798873045011e-22,-1.79266240740716e-10,-2.63834037950161e-10
0.395000785589218,6.1123583411746e-22,1.03041108631685e-11,2.98617588989636e-11
0.396667450666428,-1.57627005394093e-22,-2.16452744616902e-10,-3.16620479834384e-10
0.398334115743637,-4.60531341913058e-22,-1.79264589283967e-10,-2.63831539948356e-10
0.400000810623169,6.107265202735e-22,1.03038428483915e-11,2.98613807292458e-11
0.401667475700378,-1.57774755886197e-22,-2.16454118517895e-10,-3.16622589258131e-10
0.403334140777588,-4.60608536685799e-22,-1.79262937827218e-10,-2.63829014190975e-10
0.405000805854797,6.10888129473987e-22,1.03035739662527e-11,2.98609990900811e-11
0.406667470932007,-1.57791050597055e-22,-2.16455492418888e-10,-3.16624726437453e-10
0.408334136009216,-4.60350648589552e-22,-1.79261300248257e-10,-2.63826488433594e-10
0.410000830888748,6.10529570104459e-22,1.03033050841139e-11,2.98606174509164e-11
0.411667495965958,-1.58102581234858e-22,-2.16456866319881e-10,-3.16626863616776e-10
0.413334161043167,-4.60546992913418e-22,-1.79259648791508e-10,-2.63823990431789e-10
0.415000826120377,6.10900650274275e-22,1.03030362019751e-11,2.98602358117517e-11
0.416667491197586,-1.58055337932966e-22,-2.16458240220874e-10,-3.16629000796098e-10
0.418334156274796,-4.60931755086774e-22,-1.79258011212546e-10,-2.63821464674407e-10
0.420000851154327,6.10844458134274e-22,1.03027681871981e-11,2.9859854172587e-11
0.421667516231537,-1.57982093775638e-22,-2.16459614121867e-10,-3.16631110219845e-10
0.423334181308746,-4.6072021414643e-22,-1.79256359755797e-10,-2.63818966672602e-10
0.425000846385956,6.11328275993777e-22,1.03024993050593e-11,2.98594725334222e-11
0.426667511463165,-1.58129957863713e-22,-2.1646098802286e-10,-3.16633247399167e-10
0.428334176540375,-4.60625702299097e-22,-1.79254708299048e-10,-2.63816440915221e-10
0.430000871419907,6.10273852953422e-22,1.03022304229206e-11,2.98590908942575e-11
0.431667536497116,-1.58261767054644e-22,-2.16462361923853e-10,-3.1663538457849e-10
0.433334201574326,-4.61223217103148e-22,-1.79253070720087e-10,-2.6381391515784e-10
0.435000866651535,6.11090532249605e-22,1.03019615407818e-11,2.98587092550928e-11
0.436667531728745,-1.58372788183001e-22,-2.16463735824846e-10,-3.16637494002237e-10
0.438334196805954,-4.60805688803232e-22,-1.79251419263338e-10,-2.63811417156035e-10
0.440000891685486,6.10023234999277e-22,1.0301692658643e-11,2.98583276159281e-11
0.441667556762695,-1.58341082285499e-22,-2.16465109725839e-10,-3.16639631181559e-10
0.443334221839905,-4.6024805880655e-22,-1.79249767806589e-10,-2.63808891398654e-10
0.445000886917114,6.10529873027046e-22,1.03014237765042e-11,2.98579459767634e-11
0.446667551994324,-1.58312771645332e-22,-2.16466483626832e-10,-3.16641768360881e-10
0.448334217071533,-4.60529069993651e-22,-1.79248130227627e-10,-2.63806365641273e-10
0.450000911951065,6.10032474138199e-22,1.03011548943654e-11,2.98575643375987e-11
0.451667577028275,-1.58324888548836e-22,-2.16467857527824e-10,-3.16643905540204e-10
0.453334242105484,-4.60933673596495e-22,-1.79246478770878e-10,-2.63803867639467e-10
0.455000907182693,6.10843296931022e-22,1.03008860122267e-11,2.9857182698434e-11
0.456667572259903,-1.58566317851157e-22,-2.16469231428817e-10,-3.16646014963951e-10
0.458334237337112,-4.61290314456302e-22,-1.79244827314129e-10,-2.63801341882086e-10
0.460000932216644,6.10572686086095e-22,1.03006171300879e-11,2.98568010592692e-11
0.461667597293854,-1.58510983991822e-22,-2.1647060532981e-10,-3.16648152143273e-10
0.463334262371063,-4.60550527010273e-22,-1.79243189735168e-10,-2.63798816124705e-10
0.465000927448273,6.10065896597032e-22,1.03003482479491e-11,2.98564194201045e-11
0.466667592525482,-1.58558568081625e-22,-2.16471979230803e-10,-3.16650289322595e-10
0.468334257602692,-4.60397803539022e-22,-1.79241538278418e-10,-2.637963181229e-10
0.470000952482224,6.10937253420277e-22,1.03000793658103e-11,2.98560377809398e-11
0.471667617559433,-1.58568602392339e-22,-2.16473353131796e-10,-3.16652398746342e-10
0.473334282636642,-4.6144334085014e-22,-1.79239900699457e-10,-2.63793792365519e-10
0.475000947713852,6.1093472906538e-22,1.02998104836716e-11,2.98556561417751e-11
0.476667612791061,-1.58738365259143e-22,-2.16474727032789e-10,-3.16654535925665e-10
0.478334277868271,-4.61548959859019e-22,-1.79238249242708e-10,-2.63791294363713e-10
0.480000972747803,6.09916959658126e-22,1.02995416015328e-11,2.98552745026104e-11
0.481667637825012,-1.5864360097632e-22,-2.16476100933782e-10,-3.16656673104987e-10
0.483334302902222,-4.60806950980681e-22,-1.79236597785959e-10,-2.63788768606332e-10
0.485000967979431,6.09772314122545e-22,1.0299272719394e-11,2.98548928634457e-11
0.486667633056641,-1.58324762331092e-22,-2.16477474834775e-10,-3.16658782528734e-10
0.48833429813385,-4.61293697091864e-22,-1.79234960206998e-10,-2.63786242848951e-10
0.490000993013382,6.10667298907623e-22,1.02990038372552e-11,2.9854511224281e-11
0.491667658090591,-1.58534384761714e-22,-2.16478848735768e-10,-3.16660919708056e-10
0.493334323167801,-4.60853197162388e-22,-1.79233308750248e-10,-2.63783744847146e-10
0.49500098824501,6.10388054768949e-22,1.02987349551165e-11,2.98541295851162e-11
0.49666765332222,-1.58268570191091e-22,-2.16480222636761e-10,-3.16663056887379e-10
0.498334318399429,-4.60497616531638e-22,-1.79231657293499e-10,-2.63781219089765e-10
0.500001013278961,6.11449697464309e-22,1.02984660729777e-11,2.98537479459515e-11
0.501667678356171,-1.58328940138446e-22,-2.16481596537754e-10,-3.16665166311125e-10
0.50333434343338,-4.60056662218281e-22,-1.79230019714538e-10,-2.63778693332384e-10
0.50500100851059,6.09970223546446e-22,1.02981963234772e-11,2.98533628373399e-11
0.506667673587799,-1.58337775380584e-22,-2.16482970438747e-10,-3.16667303490448e-10
0.508334338665009,-4.60423148062185e-22,-1.79228368257789e-10,-2.63776195330578e-10
0.510001003742218,6.11038126641949e-22,1.02979274413384e-11,2.98529811981751e-11
0.511667668819427,-1.58627457726756e-22,-2.1648434433974e-10,-3.1666944066977e-10
0.513334333896637,-4.60752525889108e-22,-1.7922671680104e-10,-2.63773669573197e-10
0.515001058578491,6.09855668321234e-22,1.02976585591996e-11,2.98525995590104e-11
0.516667723655701,-1.58598831542227e-22,-2.16485718240733e-10,-3.16671577849093e-10
0.51833438873291,-4.6045041109507e-22,-1.79225079222078e-10,-2.63771143815816e-10
0.52000105381012,6.10312677531734e-22,1.02973896770608e-11,2.98522179198457e-11
0.521667718887329,-1.5862783637999e-22,-2.16487092141726e-10,-3.16673687272839e-10
0.523334383964539,-4.60914185576693e-22,-1.79223427765329e-10,-2.63768645814011e-10
0.525001049041748,6.09535731581625e-22,1.02971199275603e-11,2.9851836280681e-11
0.526667714118958,-1.58457770590599e-22,-2.16488466042719e-10,-3.16675824452162e-10
0.528334379196167,-4.60424965597711e-22,-1.7922177630858e-10,-2.6376612005663e-10
0.530001044273376,6.09692695969102e-22,1.02968510454216e-11,2.98514546415163e-11
0.531667709350586,-1.58521800852554e-22,-2.16489839943712e-10,-3.16677961631484e-10
0.533334374427795,-4.612365961841e-22,-1.79220138729619e-10,-2.63763594299249e-10
0.53500109910965,6.11113705827557e-22,1.02965821632828e-11,2.98510730023516e-11
0.536667764186859,-1.58538448973098e-22,-2.16491213844705e-10,-3.16680071055231e-10
0.538334429264069,-4.61177728227909e-22,-1.7921848727287e-10,-2.63761096297443e-10
0.540001094341278,6.1045621235116e-22,1.02963124137823e-11,2.98506913631869e-11
0.541667759418488,-1.58649949728885e-22,-2.16492587745698e-10,-3.16682208234553e-10
0.543334424495697,-4.60519124035358e-22,-1.79216849693908e-10,-2.63758570540062e-10
0.545001089572906,6.10254011523934e-22,1.02960435316435e-11,2.98503062545752e-11
0.546667754650116,-1.58543447195793e-22,-2.16493961646691e-10,-3.16684345413876e-10
0.548334419727325,-4.60826237052091e-22,-1.79215198237159e-10,-2.63756072538257e-10
0.550001084804535,6.09841481446714e-22,1.0295773782143e-11,2.98499246154105e-11
0.551667749881744,-1.59088152495405e-22,-2.16495335547684e-10,-3.16686454837622e-10
0.553334414958954,-4.60147993378444e-22,-1.7921354678041e-10,-2.63753546780876e-10
0.555001139640808,6.10119715843429e-22,1.02955049000042e-11,2.98495429762458e-11
0.556667804718018,-1.58767458449327e-22,-2.16496709448677e-10,-3.16688592016945e-10
0.558334469795227,-4.61640997838553e-22,-1.79211909201449e-10,-2.63751021023495e-10
0.560001134872437,6.09725058198878e-22,1.02952351505037e-11,2.9849161337081e-11
0.561667799949646,-1.58953023777784e-22,-2.1649808334967e-10,-3.16690729196267e-10
0.563334465026855,-4.61280015088324e-22,-1.792102577447e-10,-2.6374852302169e-10
0.565001130104065,6.09427436756556e-22,1.02949662683649e-11,2.98487796979163e-11
0.566667795181274,-1.59151438072665e-22,-2.16499457250663e-10,-3.16692838620014e-10
0.568334460258484,-4.60962299781024e-22,-1.79208606287951e-10,-2.63745997264309e-10
0.570001125335693,6.10289402979586e-22,1.02946965188644e-11,2.98483945893047e-11
0.571667790412903,-1.59652219597074e-22,-2.16500831151656e-10,-3.16694975799336e-10
0.573334455490112,-4.61192268512114e-22,-1.79206968708989e-10,-2.63743471506928e-10
0.575001120567322,6.10104973610833e-22,1.02944276367256e-11,2.98480129501399e-11
0.576667845249176,-1.59235284520559e-22,-2.16502205052649e-10,-3.16697112978659e-10
0.578334510326385,-4.62551078265914e-22,-1.7920531725224e-10,-2.63740973505122e-10
0.580001175403595,6.09503621787339e-22,1.02941578872251e-11,2.98476313109752e-11
0.581667840480804,-1.59334479046226e-22,-2.16503578953642e-10,-3.16699222402406e-10
0.583334505558014,-4.61552039571993e-22,-1.79203665795491e-10,-2.63738447747741e-10
0.585001170635223,6.09672299181537e-22,1.02938890050863e-11,2.98472496718105e-11
0.586667835712433,-1.59219974308111e-22,-2.16504952854635e-10,-3.16701359581728e-10
0.588334500789642,-4.6150079516759e-22,-1.7920202821653e-10,-2.6373592199036e-10
0.590001165866852,6.09457880476611e-22,1.02936192555858e-11,2.98468645631988e-11
0.591667830944061,-1.59645088294491e-22,-2.16506326755628e-10,-3.1670349676105e-10
0.593334496021271,-4.62295310627779e-22,-1.79200376759781e-10,-2.63733423988555e-10
0.59500116109848,6.10002181879439e-22,1.02933495060853e-11,2.98464829240341e-11
0.596667885780334,-1.59676428160533e-22,-2.16507700656621e-10,-3.16705633940373e-10
0.598334550857544,-4.61097403255096e-22,-1.79198725303031e-10,-2.63730898231174e-10
0.600001215934753,6.09182927741261e-22,1.02930806239465e-11,2.98461012848694e-11
0.601667881011963,-1.59548998725348e-22,-2.16509074557614e-10,-3.1670774336412e-10
0.603334546089172,-4.62276075043466e-22,-1.7919708772407e-10,-2.63728372473793e-10
0.605001211166382,6.09299855860077e-22,1.0292810874446e-11,2.98457161762578e-11
0.606667876243591,-1.59617433986597e-22,-2.16510448458607e-10,-3.16709880543442e-10
0.608334541320801,-4.61777868361052e-22,-1.79195436267321e-10,-2.63725874471987e-10
0.61000120639801,6.09663564913594e-22,1.02925411249455e-11,2.9845334537093e-11
0.61166787147522,-1.59804425575571e-22,-2.165118223596e-10,-3.16712017722764e-10
0.613334536552429,-4.6202646683128e-22,-1.79193784810572e-10,-2.63723348714606e-10
0.615001201629639,6.08442887859743e-22,1.0292271375445e-11,2.98449528979283e-11
0.616667926311493,-1.59777768387862e-22,-2.16513196260593e-10,-3.16714127146511e-10
0.618334591388702,-4.61918525415897e-22,-1.7919214723161e-10,-2.63720822957225e-10
0.620001256465912,6.10384924568877e-22,1.02920024933062e-11,2.98445712587636e-11
0.621667921543121,-1.59446434185894e-22,-2.16514570161586e-10,-3.16716264325834e-10
0.623334586620331,-4.62064130206339e-22,-1.79190495774861e-10,-2.6371832495542e-10
0.62500125169754,6.09512709464967e-22,1.02917327438057e-11,2.98441861501519e-11
0.62666791677475,-1.5944850415691e-22,-2.16515944062579e-10,-3.16718401505156e-10
0.628334581851959,-4.61532501065092e-22,-1.79188844318112e-10,-2.63715799198039e-10
0.630001246929169,6.09422640482253e-22,1.02914629943052e-11,2.98438045109872e-11
0.631667912006378,-1.59842745282903e-22,-2.16517317963572e-10,-3.16720510928903e-10
0.633334577083588,-4.61625649760781e-22,-1.79187206739151e-10,-2.63713301196233e-10
0.635001242160797,6.09430465982432e-22,1.02911932448047e-11,2.98434194023756e-11
0.636667966842651,-1.59735157277205e-22,-2.16518691864565e-10,-3.16722648108225e-10
0.638334631919861,-4.61283852107766e-22,-1.79185555282402e-10,-2.63710775438852e-10
0.64000129699707,6.09371093155262e-22,1.02909234953041e-11,2.98430377632108e-11
0.64166796207428,-1.59745002261303e-22,-2.16520065765557e-10,-3.16724785287548e-10
0.643334627151489,-4.61267494288036e-22,-1.79183903825653e-10,-2.63708249681471e-10
0.645001292228699,6.09441724605272e-22,1.02906537458036e-11,2.98426561240461e-11
0.646667957305908,-1.59410790294753e-22,-2.1652143966655e-10,-3.16726894711294e-10
0.648334622383118,-4.61688455710611e-22,-1.79182266246691e-10,-2.63705751679666e-10
0.650001287460327,6.09314901015261e-22,1.02903839963031e-11,2.98422710154345e-11
0.651667952537537,-1.59664222904608e-22,-2.16522813567543e-10,-3.16729031890617e-10
0.653334617614746,-4.61590157330933e-22,-1.79180614789942e-10,-2.63703225922285e-10
0.655001282691956,6.09961287330112e-22,1.02901142468026e-11,2.98418893762697e-11
0.65666800737381,-1.59442231134991e-22,-2.16524187468536e-10,-3.16731169069939e-10
0.658334672451019,-4.61418450710859e-22,-1.79178963333193e-10,-2.63700700164904e-10
0.660001337528229,6.10675982688468e-22,1.02898444973021e-11,2.9841507737105e-11
0.661668002605438,-1.59526771780482e-22,-2.16525561369529e-10,-3.16733278493686e-10
0.663334667682648,-4.60881621398525e-22,-1.79177325754232e-10,-2.63698202163098e-10
0.665001332759857,6.1136705008499e-22,1.02895747478016e-11,2.98411226284934e-11
0.666667997837067,-1.59969467898718e-22,-2.16526935270522e-10,-3.16735415673008e-10
0.668334662914276,-4.61388208939196e-22,-1.79175674297483e-10,-2.63695676405717e-10
0.670001327991486,6.10168536867132e-22,1.02893049983011e-11,2.98407409893287e-11
0.671667993068695,-1.5981435891209e-22,-2.16528309171515e-10,-3.16737552852331e-10
0.673334658145905,-4.61575667533826e-22,-1.79174022840733e-10,-2.63693150648336e-10
0.675001323223114,6.09097453084459e-22,1.02890352488005e-11,2.9840355880717e-11
0.676668047904968,-1.59705660190237e-22,-2.16529683072508e-10,-3.16739662276078e-10
0.678334712982178,-4.6132727101199e-22,-1.79172385261772e-10,-2.63690652646531e-10
0.680001378059387,6.08702543004418e-22,1.02887654993e-11,2.98399742415523e-11
0.681668043136597,-1.59371448223688e-22,-2.16531056973501e-10,-3.167417994554e-10
0.683334708213806,-4.61031467105194e-22,-1.79170733805023e-10,-2.6368812688915e-10
0.685001373291016,6.0871445795953e-22,1.02884957497995e-11,2.98395891329406e-11
0.686668038368225,-1.59553694025456e-22,-2.16532430874494e-10,-3.16743936634722e-10
0.688334703445435,-4.61406535755746e-22,-1.79169082348274e-10,-2.63685601131769e-10
0.690001368522644,6.09944828536185e-22,1.0288226000299e-11,2.98392074937759e-11
0.691668033599854,-1.59748952876716e-22,-2.16533804775487e-10,-3.16746046058469e-10
0.693334698677063,-4.61872228747091e-22,-1.79167444769313e-10,-2.63683103129964e-10
0.695001363754272,6.09646449787395e-22,1.02879562507985e-11,2.98388223851642e-11
0.696668088436127,-1.59711882725058e-22,-2.1653517867648e-10,-3.16748183237792e-10
0.698334753513336,-4.61836887778537e-22,-1.79165793312563e-10,-2.63680577372583e-10
0.700001418590546,6.0937286020369e-22,1.02876856339362e-11,2.98384407459995e-11
0.701668083667755,-1.59619188413251e-22,-2.16536552577473e-10,-3.16750320417114e-10
0.703334748744965,-4.61014150030602e-22,-1.79164141855814e-10,-2.63678051615202e-10
0.705001413822174,6.10341202742066e-22,1.02874158844357e-11,2.98380591068348e-11
0.706668078899384,-1.59753547202628e-22,-2.16537926478466e-10,-3.16752429840861e-10
0.708334743976593,-4.60781858893007e-22,-1.79162504276853e-10,-2.63675553613396e-10
0.710001409053802,6.10506144091017e-22,1.02871461349352e-11,2.98376739982231e-11
0.711668074131012,-1.59820922234821e-22,-2.16539286501671e-10,-3.16754567020183e-10
0.713334739208221,-4.61055246528321e-22,-1.79160852820104e-10,-2.63673027856015e-10
0.715001404285431,6.09246339536267e-22,1.02868763854347e-11,2.98372923590584e-11
0.716668128967285,-1.59879651351493e-22,-2.16540660402664e-10,-3.16756704199506e-10
0.718334794044495,-4.61483124683313e-22,-1.79159201363355e-10,-2.63670502098634e-10
0.720001459121704,6.1034599901637e-22,1.02866057685724e-11,2.98369072504467e-11
0.721668124198914,-1.60126028389412e-22,-2.16542034303657e-10,-3.16758813623252e-10
0.723334789276123,-4.61202012522015e-22,-1.79157563784393e-10,-2.63668004096829e-10
0.725001454353333,6.09213573409707e-22,1.02863360190719e-11,2.98365221418351e-11
0.726668119430542,-1.60012369310187e-22,-2.1654340820465e-10,-3.16760950802575e-10
0.728334784507751,-4.6162615463176e-22,-1.79155912327644e-10,-2.63665478339448e-10
0.730001449584961,6.08827347110511e-22,1.02860662695714e-11,2.98361405026704e-11
0.73166811466217,-1.59909299899755e-22,-2.16544782105643e-10,-3.16763087981897e-10
0.73333477973938,-4.61949423519832e-22,-1.79154260870895e-10,-2.63662952582067e-10
0.735001444816589,6.08275422155895e-22,1.02857956527092e-11,2.98357553940587e-11
0.736668169498444,-1.60003950586607e-22,-2.16546156006636e-10,-3.16765197405644e-10
0.738334834575653,-4.60851733036548e-22,-1.79152623291934e-10,-2.63660454580261e-10
0.740001499652863,6.08474694731441e-22,1.02855259032086e-11,2.9835373754894e-11
0.741668164730072,-1.59654112863247e-22,-2.16547529907629e-10,-3.16767334584966e-10
0.743334829807281,-4.61961893833022e-22,-1.79150971835185e-10,-2.6365792882288e-10
0.745001494884491,6.10580663047568e-22,1.02852552863464e-11,2.98349886462823e-11
0.7466681599617,-1.6005274636676e-22,-2.16548903808622e-10,-3.16769471764289e-10
0.74833482503891,-4.61365035361245e-22,-1.79149320378436e-10,-2.63655403065499e-10
0.750001490116119,6.10111435959368e-22,1.02849855368459e-11,2.98346070071176e-11
0.751668155193329,-1.60231609532966e-22,-2.16550277709615e-10,-3.16771581188036e-10
0.753334820270538,-4.61551989084895e-22,-1.79147682799474e-10,-2.63652905063694e-10
0.755001485347748,6.08822803271697e-22,1.02847157873454e-11,2.98342218985059e-11
0.756668150424957,-1.60200332775796e-22,-2.16551651610608e-10,-3.16773718367358e-10
0.758334875106812,-4.62085334787471e-22,-1.79146031342725e-10,-2.63650379306313e-10
0.760001540184021,6.09886970321953e-22,1.02844451704831e-11,2.98338367898943e-11
0.76166820526123,-1.59954182929818e-22,-2.16553025511601e-10,-3.16775827791105e-10
0.76333487033844,-4.61570012978857e-22,-1.79144379885976e-10,-2.63647853548932e-10
0.765001535415649,6.09178232441153e-22,1.02841745536209e-11,2.98334551507295e-11
0.766668200492859,-1.60014363550556e-22,-2.16554399412594e-10,-3.16777964970427e-10
0.768334865570068,-4.61611765808849e-22,-1.79142742307015e-10,-2.63645355547126e-10
0.770001530647278,6.09453841508776e-22,1.02839048041203e-11,2.98330700421179e-11
0.771668195724487,-1.59923209095236e-22,-2.16555773313587e-10,-3.1678010214975e-10
0.773334860801697,-4.61977847755969e-22,-1.79141090850266e-10,-2.63642829789745e-10
0.775001525878906,6.09777463806534e-22,1.02836341872581e-11,2.98326884029532e-11
0.776668190956116,-1.5993166568414e-22,-2.1655714721458e-10,-3.16782211573496e-10
0.77833491563797,-4.61252752055439e-22,-1.79139439393516e-10,-2.63640304032364e-10
0.780001580715179,6.0978342128409e-22,1.02833644377576e-11,2.98323032943415e-11
0.781668245792389,-1.59672868820129e-22,-2.16558521115573e-10,-3.16784348752819e-10
0.783334910869598,-4.61155968288699e-22,-1.79137801814555e-10,-2.63637806030559e-10
0.785001575946808,6.09660586174816e-22,1.02830938208953e-11,2.98319181857298e-11
0.786668241024017,-1.60117205769048e-22,-2.16559895016566e-10,-3.16786485932141e-10
0.788334906101227,-4.61357007912673e-22,-1.79136150357806e-10,-2.63635280273178e-10
0.790001571178436,6.09903328141684e-22,1.02828232040331e-11,2.98315365465651e-11
0.791668236255646,-1.59770586598181e-22,-2.16561268917559e-10,-3.16788595355888e-10
0.793334901332855,-4.60774184854121e-22,-1.79134498901057e-10,-2.63632754515797e-10
0.795001566410065,6.10073368687526e-22,1.02825534545326e-11,2.98311514379535e-11
0.796668231487274,-1.59900628740685e-22,-2.16562642818552e-10,-3.1679073253521e-10
0.798334956169128,-4.61291071762771e-22,-1.79132861322095e-10,-2.63630256513991e-10
0.800001621246338,6.09427790166242e-22,1.02822828376703e-11,2.98307663293418e-11
0.801668286323547,-1.59715871205795e-22,-2.16564016719545e-10,-3.16792869714533e-10
0.803334951400757,-4.6110780359727e-22,-1.79131209865346e-10,-2.6362773075661e-10
0.805001616477966,6.10056203074228e-22,1.0282012220808e-11,2.98303846901771e-11
0.806668281555176,-1.59371927851118e-22,-2.1656537674275e-10,-3.1679497913828e-10
0.808334946632385,-4.61035506073028e-22,-1.79129558408597e-10,-2.63625204999229e-10
0.810001611709595,6.10171414631714e-22,1.02817424713075e-11,2.98299995815654e-11
0.811668276786804,-1.59708247654006e-22,-2.16566750643743e-10,-3.16797116317602e-10
0.813334941864014,-4.60351153460531e-22,-1.79127920829636e-10,-2.63622706997424e-10
0.815001606941223,6.09777463806534e-22,1.02814718544453e-11,2.98296144729537e-11
0.816668272018433,-1.59445373956838e-22,-2.16568124544736e-10,-3.16799253496924e-10
0.818334996700287,-4.60497111660659e-22,-1.79126269372887e-10,-2.63620181240043e-10
0.820001661777496,6.11323126309788e-22,1.0281201237583e-11,2.9829232833789e-11
0.821668326854706,-1.59504910867077e-22,-2.16569498445729e-10,-3.16801362920671e-10
0.823334991931915,-4.60067769379827e-22,-1.79124617916138e-10,-2.63617655482662e-10
0.825001657009125,6.09715213214781e-22,1.02809306207208e-11,2.98288477251774e-11
0.826668322086334,-1.59737378709514e-22,-2.16570872346722e-10,-3.16803500099994e-10
0.828334987163544,-4.60675179655072e-22,-1.79122980337176e-10,-2.63615157480857e-10
0.830001652240753,6.09801041281269e-22,1.02806600038585e-11,2.98284626165657e-11
0.831668317317963,-1.59409616469726e-22,-2.16572246247715e-10,-3.16805637279316e-10
0.833334982395172,-4.61133451043021e-22,-1.79121328880427e-10,-2.63612631723475e-10
0.835001647472382,6.09856122705115e-22,1.02803893869963e-11,2.9828077507954e-11
0.836668312549591,-1.59690640278602e-22,-2.16573620148708e-10,-3.16807746703063e-10
0.838335037231445,-4.61154958546741e-22,-1.79119677423678e-10,-2.63610105966094e-10
0.840001702308655,6.09534216968687e-22,1.02801196374958e-11,2.98276958687893e-11
0.841668367385864,-1.59548519097917e-22,-2.16574994049701e-10,-3.16809883882385e-10
0.843335032463074,-4.61205748567262e-22,-1.79118025966929e-10,-2.63607607964289e-10
0.845001697540283,6.10031666344632e-22,1.02798490206335e-11,2.98273107601776e-11
0.846668362617493,-1.59360252709721e-22,-2.16576367950694e-10,-3.16811993306132e-10
0.848335027694702,-4.60892526611679e-22,-1.79116388387968e-10,-2.63605082206908e-10
0.850001692771912,6.10780945365073e-22,1.02795784037713e-11,2.9826925651566e-11
0.851668357849121,-1.59314915295776e-22,-2.16577741851687e-10,-3.16814130485454e-10
0.853335022926331,-4.61385987506887e-22,-1.79114736931218e-10,-2.63602556449527e-10
0.85500168800354,6.09505590784158e-22,1.0279307786909e-11,2.98265405429543e-11
0.85666835308075,-1.59433130835589e-22,-2.1657911575268e-10,-3.16816267664777e-10
0.858335077762604,-4.60913781679909e-22,-1.79113085474469e-10,-2.63600058447722e-10
0.860001742839813,6.09953310368638e-22,1.02790371700467e-11,2.98261589037896e-11
0.861668407917023,-1.59539709099328e-22,-2.16580489653673e-10,-3.16818377088524e-10
0.863335072994232,-4.61026771805086e-22,-1.79111447895508e-10,-2.63597532690341e-10
0.865001738071442,6.1056056918259e-22,1.02787665531845e-11,2.98257737951779e-11
0.866668403148651,-1.59453502379605e-22,-2.16581863554666e-10,-3.16820514267846e-10
0.868335068225861,-4.60874805640304e-22,-1.79109796438759e-10,-2.6359500693296e-10
0.87000173330307,6.09550928198103e-22,1.02784959363222e-11,2.98253886865663e-11
0.87166839838028,-1.59396691772655e-22,-2.16583237455659e-10,-3.16822651447168e-10
0.873335063457489,-4.60551637726428e-22,-1.7910814498201e-10,-2.63592508931154e-10
0.875001728534698,6.09843147520946e-22,1.02782244520983e-11,2.98250035779546e-11
0.876668393611908,-1.59702466881293e-22,-2.16584597478864e-10,-3.16824760870915e-10
0.878335118293762,-4.60446018717549e-22,-1.79106507403048e-10,-2.63589983173773e-10
0.880001783370972,6.09846530156508e-22,1.0277953835236e-11,2.98246184693429e-11
0.881668448448181,-1.59178663240226e-22,-2.16585971379857e-10,-3.16826898050238e-10
0.883335113525391,-4.61165560837307e-22,-1.79104855946299e-10,-2.63587457416392e-10
0.8850017786026,6.10402897975742e-22,1.02776832183737e-11,2.98242333607313e-11
0.88666844367981,-1.59130952932678e-22,-2.1658734528085e-10,-3.1682903522956e-10
0.888335108757019,-4.60644231064039e-22,-1.7910320448955e-10,-2.63584959414587e-10
0.890001773834229,6.10325602228805e-22,1.02774126015115e-11,2.98238517215665e-11
0.891668438911438,-1.59704145577299e-22,-2.16588719181843e-10,-3.16831144653307e-10
0.893335103988647,-4.60653419715863e-22,-1.79101566910589e-10,-2.63582433657206e-10
0.895001769065857,6.10760447603312e-22,1.02771419846492e-11,2.98234666129549e-11
0.896668434143066,-1.59443392338244e-22,-2.16590093082836e-10,-3.16833281832629e-10
0.898335158824921,-4.60712489620446e-22,-1.7909991545384e-10,-2.63579907899825e-10
0.90000182390213,6.10136982430923e-22,1.0276871367787e-11,2.98230815043432e-11
0.90166848897934,-1.59662291773112e-22,-2.16591466983829e-10,-3.16835391256376e-10
0.903335154056549,-4.60299404185149e-22,-1.79098263997091e-10,-2.63577409898019e-10
0.905001819133759,6.11027675812677e-22,1.0276599883563e-11,2.98226963957315e-11
0.906668484210968,-1.59125096429318e-22,-2.16592840884822e-10,-3.16837528435698e-10
0.908335149288177,-4.60780293792971e-22,-1.79096626418129e-10,-2.63574884140638e-10
0.910001814365387,6.10036866515719e-22,1.02763292667007e-11,2.98223112871199e-11
0.911668479442596,-1.59199527033448e-22,-2.16594214785815e-10,-3.16839665615021e-10
0.913335144519806,-4.60908076637843e-22,-1.7909497496138e-10,-2.63572358383257e-10
0.915001809597015,6.10592779951072e-22,1.02760586498385e-11,2.98219261785082e-11
0.916668474674225,-1.59469443680778e-22,-2.16595588686808e-10,-3.16841775038768e-10
0.918335199356079,-4.60684923664974e-22,-1.79093323504631e-10,-2.63569860381452e-10
0.920001864433289,6.11213771255662e-22,1.02757880329762e-11,2.98215410698965e-11
0.921668529510498,-1.59739208866815e-22,-2.16596962587801e-10,-3.1684391221809e-10
0.923335194587708,-4.60808617054912e-22,-1.79091672047882e-10,-2.63567334624071e-10
0.925001859664917,6.10133801743753e-22,1.02755165487523e-11,2.98211559612849e-11
0.926668524742126,-1.59520953142445e-22,-2.16598336488794e-10,-3.16846049397412e-10
0.928335189819336,-4.61016472437107e-22,-1.79090034468921e-10,-2.6356480886669e-10
0.930001854896545,6.10912110845506e-22,1.027524593189e-11,2.98207708526732e-11
0.931668519973755,-1.5954906183422e-22,-2.16599710389787e-10,-3.16848158821159e-10
0.933335185050964,-4.60733189330599e-22,-1.79088383012171e-10,-2.63562310864884e-10
0.935001850128174,6.09406131201228e-22,1.02749753150277e-11,2.98203892135085e-11
0.936668515205383,-1.59462413352391e-22,-2.16601070412992e-10,-3.16850296000482e-10
0.938335180282593,-4.60797762328857e-22,-1.79086731555422e-10,-2.63559785107503e-10
0.940001904964447,6.09911759487039e-22,1.02747038308038e-11,2.98200041048968e-11
0.941668570041656,-1.59891932338065e-22,-2.16602444313985e-10,-3.16852433179804e-10
0.943335235118866,-4.60903128902245e-22,-1.79085093976461e-10,-2.63557259350122e-10
0.945001900196075,6.09933216503661e-22,1.02744332139415e-11,2.98196189962852e-11
0.946668565273285,-1.59532161278187e-22,-2.16603818214978e-10,-3.16854542603551e-10
0.948335230350494,-4.61018441433927e-22,-1.79083442519712e-10,-2.63554761348317e-10
0.950001895427704,6.11027473864285e-22,1.02741617297175e-11,2.98192338876735e-11
0.951668560504913,-1.59761625138297e-22,-2.16605192115971e-10,-3.16856679782873e-10
0.953335225582123,-4.6121362455454e-22,-1.79081791062963e-10,-2.63552235590936e-10
0.955001890659332,6.08883236327924e-22,1.02738911128553e-11,2.98188487790618e-11
0.956668555736542,-1.59542309184871e-22,-2.16606566016964e-10,-3.1685878920662e-10
0.958335220813751,-4.60814120148587e-22,-1.79080153484001e-10,-2.63549709833555e-10
0.960001945495605,6.10610753357937e-22,1.02736196286313e-11,2.98184636704502e-11
0.961668610572815,-1.59796385505225e-22,-2.16607939917957e-10,-3.16860926385942e-10
0.963335275650024,-4.61230184322662e-22,-1.79078502027252e-10,-2.63547184076174e-10
0.965001940727234,6.10142687472989e-22,1.0273349011769e-11,2.98180785618385e-11
0.966668605804443,-1.59704511608759e-22,-2.1660931381895e-10,-3.16863063565265e-10
0.968335270881653,-4.60963208548787e-22,-1.79076850570503e-10,-2.63544686074368e-10
0.970001935958862,6.09936851574712e-22,1.0273077527545e-11,2.98176934532268e-11
0.971668601036072,-1.60097604153275e-22,-2.16610687719943e-10,-3.16865172989012e-10
0.973335266113281,-4.60429761872015e-22,-1.79075199113754e-10,-2.63542160316987e-10
0.975001931190491,6.08771205457608e-22,1.02728069106828e-11,2.98173083446152e-11
0.9766685962677,-1.60187509052921e-22,-2.16612061620935e-10,-3.16867310168334e-10
0.97833526134491,-4.61475905028308e-22,-1.79073561534793e-10,-2.63539634559606e-10
0.980001986026764,6.09990569846914e-22,1.02725354264588e-11,2.98169232360035e-11
0.981668651103973,-1.59726195817322e-22,-2.16613435521928e-10,-3.16869419592081e-10
0.983335316181183,-4.6164645044513e-22,-1.79071910078044e-10,-2.63537136557801e-10
0.985001981258392,6.1023846149777e-22,1.02722639422348e-11,2.98165381273918e-11
0.986668646335602,-1.59736709755467e-22,-2.16614809422921e-10,-3.16871556771403e-10
0.988335311412811,-4.61322979608665e-22,-1.79070258621294e-10,-2.6353461080042e-10
0.990001976490021,6.08996125478905e-22,1.02719933253725e-11,2.98161530187802e-11
0.99166864156723,-1.5993042875024e-22,-2.16616169446127e-10,-3.16873693950726e-10
0.99333530664444,-4.61967548387991e-22,-1.79068621042333e-10,-2.63532085043039e-10
0.995001971721649,6.09650741190719e-22,1.02717218411486e-11,2.98157679101685e-11
0.996668636798859,-1.59991707465358e-22,-2.1661754334712e-10,-3.16875803374472e-10
0.998335301876068,-4.60837293726539e-22,-1.79066969585584e-10,-2.63529587041234e-10
1.00000202655792,6.10412187601762e-22,1.02714503569246e-11,2.98153793321099e-11
1.00166869163513,-1.60035542888139e-22,-2.16618917248113e-10,-3.16877940553795e-10
1.00333535671234,-4.60994258114016e-22,-1.79065318128835e-10,-2.63527061283853e-10
1.00500202178955,6.09881871125062e-22,1.02711788727006e-11,2.98149942234982e-11
1.00666868686676,-1.59993865788794e-22,-2.16620291149106e-10,-3.16880077733117e-10
1.00833535194397,-4.61228568735529e-22,-1.79063680549874e-10,-2.63524535526471e-10
1.01000201702118,6.09889141267164e-22,1.02709082558383e-11,2.98146091148865e-11
1.01166868209839,-1.59908466862639e-22,-2.16621665050098e-10,-3.16882187156864e-10
1.0133353471756,-4.61125019697666e-22,-1.79062029093124e-10,-2.63522037524666e-10
1.01500201225281,6.09822548784989e-22,1.02706367716143e-11,2.98142240062749e-11
1.01666867733002,-1.60429481091545e-22,-2.16623038951091e-10,-3.16884324336186e-10
1.01833534240723,-4.60924585918867e-22,-1.79060377636375e-10,-2.63519511767285e-10
1.02000200748444,6.09258557413967e-22,1.02703652873903e-11,2.98138388976632e-11
1.02166867256165,-1.60606791779489e-22,-2.16624412852084e-10,-3.16886433759933e-10
1.02333533763885,-4.60670231919475e-22,-1.79058726179626e-10,-2.63516986009904e-10
1.02500200271606,6.09309498895782e-22,1.02700938031663e-11,2.98134537890515e-11
1.02666866779327,-1.602607279667e-22,-2.16625786753077e-10,-3.16888570939255e-10
1.02833533287048,-4.6136978114845e-22,-1.79057088600665e-10,-2.63514488008099e-10
1.03000211715698,6.0920251673526e-22,1.02698223189424e-11,2.98130686804399e-11
1.03166878223419,-1.60253571420568e-22,-2.1662716065407e-10,-3.16890708118578e-10
1.0333354473114,-4.61268251594505e-22,-1.79055437143916e-10,-2.63511962250718e-10
1.03500211238861,6.09626002512731e-22,1.02695508347184e-11,2.98126835718282e-11
1.03666877746582,-1.60342630661323e-22,-2.16628520677276e-10,-3.16892817542325e-10
1.03833544254303,-4.61786047270917e-22,-1.79053785687167e-10,-2.63509436493337e-10
1.04000210762024,6.08917214144834e-22,1.02692802178561e-11,2.98122984632165e-11
1.04166877269745,-1.6050781182399e-22,-2.16629894578269e-10,-3.16894954721647e-10
1.04333543777466,-4.61127897462248e-22,-1.79052148108205e-10,-2.63506938491531e-10
1.04500210285187,6.09954925955772e-22,1.02690087336321e-11,2.98119098851579e-11
1.04666876792908,-1.60320959074535e-22,-2.16631268479262e-10,-3.16897064145394e-10
1.04833543300629,-4.61250429648934e-22,-1.79050496651456e-10,-2.6350441273415e-10
1.0500020980835,6.09406282662522e-22,1.02687372494081e-11,2.98115247765462e-11
1.05166876316071,-1.60632931474445e-22,-2.16632642380254e-10,-3.16899201324716e-10
1.05333542823792,-4.61147183533659e-22,-1.79048845194707e-10,-2.63501886976769e-10
1.05500209331512,6.09590813005471e-22,1.02684657651841e-11,2.98111396679346e-11
1.05666875839233,-1.60460316086608e-22,-2.16634016281247e-10,-3.16901338504039e-10
1.05833542346954,-4.61237303003471e-22,-1.79047193737958e-10,-2.63499361219388e-10
1.06000208854675,6.09432081569566e-22,1.02681942809602e-11,2.98107545593229e-11
1.06166875362396,-1.60275129411386e-22,-2.1663539018224e-10,-3.16903447927785e-10
1.06333541870117,-4.61018340459731e-22,-1.79045556158997e-10,-2.63496863217583e-10
1.06500208377838,6.10104367765657e-22,1.02679227967362e-11,2.98103694507112e-11
1.06666874885559,-1.60298517559504e-22,-2.16636764083233e-10,-3.16905585107108e-10
1.0683354139328,-4.61488627776987e-22,-1.79043904702247e-10,-2.63494337460202e-10
1.0700021982193,6.07985575726655e-22,1.02676513125122e-11,2.98099843420996e-11
1.07166886329651,-1.60491592843778e-22,-2.16638137984226e-10,-3.1690772228643e-10
1.07333552837372,-4.6060631525349e-22,-1.79042253245498e-10,-2.63491811702821e-10
1.07500219345093,6.0949503898069e-22,1.02673789609264e-11,2.9809595764041e-11
1.07666885852814,-1.60460417060804e-22,-2.16639511885219e-10,-3.16909831710177e-10
1.07833552360535,-4.61276531478566e-22,-1.79040615666537e-10,-2.63489313701015e-10
1.08000218868256,6.09529673129873e-22,1.02671074767025e-11,2.98092106554293e-11
1.08166885375977,-1.60744495339105e-22,-2.16640871908425e-10,-3.16911968889499e-10
1.08333551883698,-4.61398003436196e-22,-1.79038964209788e-10,-2.63486787943634e-10
1.08500218391418,6.10367153110405e-22,1.02668359924785e-11,2.98088255468176e-11
1.08666884899139,-1.6057636068121e-22,-2.16642245809417e-10,-3.16914078313246e-10
1.0883355140686,-4.60883792343736e-22,-1.79037312753039e-10,-2.63484262186253e-10
1.09000217914581,6.09231849739159e-22,1.02665645082545e-11,2.9808440438206e-11
1.09166884422302,-1.60681121409423e-22,-2.1664361971041e-10,-3.16916215492569e-10
1.09333550930023,-4.60772872189575e-22,-1.79035675174077e-10,-2.63481764184448e-10
1.09500217437744,6.09368265877778e-22,1.02662930240305e-11,2.98080518601473e-11
1.09666883945465,-1.60603333413281e-22,-2.16644993611403e-10,-3.16918352671891e-10
1.09833550453186,-4.60699413462081e-22,-1.79034023717328e-10,-2.63479238427067e-10
1.10000216960907,6.09185351121962e-22,1.02660215398065e-11,2.98076667515357e-11
1.10166883468628,-1.60535983624637e-22,-2.16646367512396e-10,-3.16920462095638e-10
1.10333549976349,-4.61358522525611e-22,-1.79032372260579e-10,-2.63476712669686e-10
1.1050021648407,6.09503318864751e-22,1.02657491882208e-11,2.9807281642924e-11
1.10666882991791,-1.60452982835633e-22,-2.16647741413389e-10,-3.1692259927496e-10
1.10833549499512,-4.6095775594221e-22,-1.7903072080383e-10,-2.6347421466788e-10
1.11000227928162,6.09189440576895e-22,1.02654777039968e-11,2.98068965343123e-11
1.11166894435883,-1.60638838464903e-22,-2.16649115314382e-10,-3.16924708698707e-10
1.11333560943604,-4.60471565189104e-22,-1.79029083224869e-10,-2.63471688910499e-10
1.11500227451324,6.10049589264399e-22,1.02652062197728e-11,2.98065079562537e-11
1.11666893959045,-1.60507395305432e-22,-2.16650489215375e-10,-3.16926845878029e-10
1.11833560466766,-4.61252853029635e-22,-1.7902743176812e-10,-2.63469163153118e-10
1.12000226974487,6.10182218870672e-22,1.02649338681871e-11,2.98061228476421e-11
1.12166893482208,-1.60735180469536e-22,-2.1665184923858e-10,-3.16928983057352e-10
1.12333559989929,-4.60742882853402e-22,-1.7902578031137e-10,-2.63466637395737e-10
1.1250022649765,6.09754946560855e-22,1.02646623839631e-11,2.98057377390304e-11
1.12666893005371,-1.60615740617598e-22,-2.16653223139573e-10,-3.16931092481099e-10
1.12833559513092,-4.6156627693361e-22,-1.79024142732409e-10,-2.63464139393932e-10
1.13000226020813,6.09839613424091e-22,1.02643908997391e-11,2.98053491609718e-11
1.13166892528534,-1.6109640303348e-22,-2.16654597040566e-10,-3.16933229660421e-10
1.13333559036255,-4.60430014307504e-22,-1.7902249127566e-10,-2.63461613636551e-10
1.13500225543976,6.08693303865496e-22,1.02641185481533e-11,2.98049640523601e-11
1.13666892051697,-1.60573192615814e-22,-2.16655970941559e-10,-3.16935339084168e-10
1.13833558559418,-4.61072311167422e-22,-1.79020839818911e-10,-2.6345908787917e-10
1.14000225067139,6.08761814857393e-22,1.02638470639294e-11,2.98045789437484e-11
1.1416689157486,-1.60910257103397e-22,-2.16657344842552e-10,-3.1693747626349e-10
1.14333558082581,-4.61173285363291e-22,-1.79019188362162e-10,-2.63456589877364e-10
1.14500224590302,6.09253559191271e-22,1.02635747123436e-11,2.98041903656898e-11
1.14666891098022,-1.61000957174836e-22,-2.16658718743545e-10,-3.16939613442813e-10
1.14833557605743,-4.61533510807051e-22,-1.790175507832e-10,-2.63454064119983e-10
1.15000224113464,6.09017582495527e-22,1.02633032281196e-11,2.98038052570782e-11
1.15166902542114,-1.6097873022997e-22,-2.16660092644538e-10,-3.16941722866559e-10
1.15333569049835,-4.61525937742361e-22,-1.79015899326451e-10,-2.63451538362602e-10
1.15500235557556,6.09076450451718e-22,1.02630308765339e-11,2.98034201484665e-11
1.15666902065277,-1.60845141368836e-22,-2.16661466545531e-10,-3.16943860045882e-10
1.15833568572998,-4.6120433492852e-22,-1.79014247869702e-10,-2.63449040360797e-10
1.16000235080719,6.0906589864825e-22,1.02627593923099e-11,2.98030315704079e-11
1.1616690158844,-1.61020672386579e-22,-2.16662826568736e-10,-3.16945969469629e-10
1.16333568096161,-4.61753685041142e-22,-1.79012596412953e-10,-2.63446514603416e-10
1.16500234603882,6.0916217754401e-22,1.02624870407242e-11,2.98026464617962e-11
1.16666901111603,-1.61030580479549e-22,-2.16664200469729e-10,-3.16948106648951e-10
1.16833567619324,-4.61760046415481e-22,-1.79010958833992e-10,-2.63443988846035e-10
1.17000234127045,6.09196306822214e-22,1.02622155565002e-11,2.98022613531845e-11
1.17166900634766,-1.6098644213418e-22,-2.16665574370722e-10,-3.16950243828273e-10
1.17333567142487,-4.61917919570721e-22,-1.79009307377243e-10,-2.63441463088654e-10
1.17500233650208,6.08681287936188e-22,1.02619432049145e-11,2.98018727751259e-11
1.17666900157928,-1.60781615977861e-22,-2.16666948271715e-10,-3.1695235325202e-10
1.17833566665649,-4.62088212552053e-22,-1.79007655920493e-10,-2.63438965086848e-10
1.1800023317337,6.09326916944569e-22,1.02616717206905e-11,2.98014876665142e-11
1.18166899681091,-1.61214467111999e-22,-2.16668322172708e-10,-3.16954490431343e-10
1.18333566188812,-4.61367206306456e-22,-1.79006018341532e-10,-2.63436439329467e-10
1.18500232696533,6.08971033391232e-22,1.02613993691048e-11,2.98010990884556e-11
1.18666899204254,-1.61149679543575e-22,-2.16669696073701e-10,-3.16956599855089e-10
1.18833565711975,-4.61312074395512e-22,-1.79004366884783e-10,-2.63433913572086e-10
1.19000232219696,6.09871420295789e-22,1.0261127017519e-11,2.9800713979844e-11
1.19166910648346,-1.60853635823064e-22,-2.16671069974694e-10,-3.16958737034412e-10
1.19333577156067,-4.61321969866707e-22,-1.79002715428034e-10,-2.63431415570281e-10
1.19500243663788,6.08224985545059e-22,1.0260855533295e-11,2.98003254017853e-11
1.19666910171509,-1.61157088525197e-22,-2.16672429997899e-10,-3.16960846458159e-10
1.1983357667923,-4.61239221513193e-22,-1.79001063971285e-10,-2.634288898129e-10
1.20000243186951,6.09607574721985e-22,1.02605831817093e-11,2.97999402931737e-11
1.20166909694672,-1.6125404899678e-22,-2.16673803898892e-10,-3.16962983637481e-10
1.20333576202393,-4.60472473956867e-22,-1.78999426392323e-10,-2.63426364055519e-10
1.20500242710114,6.09486860070825e-22,1.02603108301236e-11,2.9799555184562e-11
1.20666909217834,-1.61077331532236e-22,-2.16675177799885e-10,-3.16965120816803e-10
1.20833575725555,-4.61953058590884e-22,-1.78997774935574e-10,-2.63423866053714e-10
1.21000242233276,6.08983200781834e-22,1.02600384785378e-11,2.97991666065034e-11
1.21166908740997,-1.60966373512751e-22,-2.16676551700878e-10,-3.1696723024055e-10
1.21333575248718,-4.61124464339588e-22,-1.78996123478825e-10,-2.63421340296333e-10
1.21500241756439,6.09904792267524e-22,1.02597669943139e-11,2.97987814978917e-11
1.2166690826416,-1.61068546777195e-22,-2.16677925601871e-10,-3.16969367419873e-10
1.21833574771881,-4.61765246586569e-22,-1.78994472022076e-10,-2.63418814538952e-10
1.22000241279602,6.09209635416068e-22,1.02594946427281e-11,2.97983929198331e-11
1.22166907787323,-1.61298427155864e-22,-2.16679299502864e-10,-3.16971476843619e-10
1.22333574295044,-4.61785441425742e-22,-1.78992834443115e-10,-2.63416288781571e-10
1.22500240802765,6.08705824665784e-22,1.02592222911424e-11,2.97980078112214e-11
1.22666907310486,-1.60964732682068e-22,-2.16680673403857e-10,-3.16973614022942e-10
1.22833573818207,-4.61753079195966e-22,-1.78991182986366e-10,-2.63413790779765e-10
1.23000240325928,6.09825426549571e-22,1.02589499395567e-11,2.97976192331628e-11
1.23166918754578,-1.61243800115899e-22,-2.16682033427062e-10,-3.16975751202264e-10
1.23333585262299,-4.61776757644898e-22,-1.78989531529616e-10,-2.63411265022384e-10
1.2350025177002,6.09653820903693e-22,1.02586775879709e-11,2.97972341245512e-11
1.2366691827774,-1.61365196342882e-22,-2.16683407328055e-10,-3.16977860626011e-10
1.23833584785461,-4.61395024697417e-22,-1.78987893950655e-10,-2.63408739265003e-10
1.24000251293182,6.09307933795746e-22,1.02584052363852e-11,2.97968455464925e-11
1.24166917800903,-1.61162490644676e-22,-2.16684781229048e-10,-3.16979997805333e-10
1.24333584308624,-4.61044391802265e-22,-1.78986242493906e-10,-2.63406241263198e-10
1.24500250816345,6.1014097091166e-22,1.02581328847995e-11,2.97964604378809e-11
1.24666917324066,-1.6122288583558e-22,-2.16686155130041e-10,-3.1698210722908e-10
1.24833583831787,-4.61157583875833e-22,-1.78984591037157e-10,-2.63403715505817e-10
1.25000250339508,6.09712587885688e-22,1.02578605332138e-11,2.97960718598222e-11
1.25166916847229,-1.60819191000498e-22,-2.16687529031034e-10,-3.16984244408403e-10
1.2533358335495,-4.60938469870799e-22,-1.78982939580408e-10,-2.63401189748436e-10
1.25500249862671,6.09247702687911e-22,1.0257588181628e-11,2.97956832817636e-11
1.25666916370392,-1.60788444357856e-22,-2.16688902932027e-10,-3.16986353832149e-10
1.25833582878113,-4.61017229743576e-22,-1.78981302001446e-10,-2.63398663991055e-10
1.26000249385834,6.09574152263153e-22,1.02573158300423e-11,2.9795298173152e-11
1.26166915893555,-1.61141109358701e-22,-2.1669027683302e-10,-3.16988491011472e-10
1.26333582401276,-4.60721526810976e-22,-1.78979650544697e-10,-2.63396165989249e-10
1.26500248908997,6.09475046089908e-22,1.02570434784566e-11,2.97949095950933e-11
1.26666915416718,-1.61275379795657e-22,-2.16691636856226e-10,-3.16990628190794e-10
1.26833581924438,-4.61465706634525e-22,-1.78977999087948e-10,-2.63393640231868e-10
1.27000248432159,6.09669118494367e-22,1.02567711268708e-11,2.97945244864817e-11
1.27166926860809,-1.61102360511036e-22,-2.16693010757218e-10,-3.16992737614541e-10
1.2733359336853,-4.61908276535016e-22,-1.78976347631199e-10,-2.63391114474487e-10
1.27500259876251,6.09904186422349e-22,1.02564987752851e-11,2.97941359084231e-11
1.27666926383972,-1.61343322807702e-22,-2.16694384658211e-10,-3.16994874793863e-10
1.27833592891693,-4.60832345990941e-22,-1.78974710052238e-10,-2.63388616472682e-10
1.28000259399414,6.09028336247387e-22,1.02562264236994e-11,2.97937507998114e-11
1.28166925907135,-1.61173749267515e-22,-2.16695758559204e-10,-3.1699698421761e-10
1.28333592414856,-4.60980677084672e-22,-1.78973058595489e-10,-2.63386090715301e-10
1.28500258922577,6.09816995204216e-22,1.02559540721137e-11,2.97933622217528e-11
1.28666925430298,-1.60922348763352e-22,-2.16697132460197e-10,-3.16999121396933e-10
1.28833591938019,-4.61125676029939e-22,-1.78971407138739e-10,-2.6338356495792e-10
1.2900025844574,6.10371091104043e-22,1.02556817205279e-11,2.97929736436942e-11
1.29166924953461,-1.60785718054568e-22,-2.1669850636119e-10,-3.17001230820679e-10
1.29333591461182,-4.6106039621231e-22,-1.78969769559778e-10,-2.63381039200539e-10
1.29500257968903,6.09741971376686e-22,1.02554085015805e-11,2.97925885350825e-11
1.29666924476624,-1.60782903398858e-22,-2.16699866384396e-10,-3.17003368000002e-10
1.29833590984344,-4.61411029107463e-22,-1.78968118103029e-10,-2.63378541198733e-10
1.30000257492065,6.09585562347286e-22,1.02551361499947e-11,2.97921999570239e-11
1.30166923999786,-1.60757950150704e-22,-2.16701240285389e-10,-3.17005505179324e-10
1.30333590507507,-4.60844412407348e-22,-1.7896646664628e-10,-2.63376015441352e-10
1.30500257015228,6.09295211047067e-22,1.0254863798409e-11,2.97918113789652e-11
1.30666923522949,-1.60847514262439e-22,-2.16702614186381e-10,-3.17007614603071e-10
1.3083359003067,-4.61328028318459e-22,-1.78964815189531e-10,-2.63373489683971e-10
1.31000256538391,6.09747070573577e-22,1.02545914468233e-11,2.97914262703536e-11
1.31166923046112,-1.60855806768275e-22,-2.16703988087374e-10,-3.17009751782393e-10
1.31333601474762,-4.60935541619119e-22,-1.78963177610569e-10,-2.63370991682166e-10
1.31500267982483,6.09049793264009e-22,1.02543182278758e-11,2.9791037692295e-11
1.31666934490204,-1.60759527872515e-22,-2.16705361988367e-10,-3.1701186120614e-10
1.31833600997925,-4.59911208889133e-22,-1.7896152615382e-10,-2.63368465924785e-10
1.32000267505646,6.0897350725903e-22,1.02540458762901e-11,2.97906491142363e-11
1.32166934013367,-1.6050499716828e-22,-2.1670673588936e-10,-3.17013998385463e-10
1.32333600521088,-4.60404013452068e-22,-1.78959874697071e-10,-2.63365940167404e-10
1.32500267028809,6.09830576233561e-22,1.02537735247044e-11,2.97902640056247e-11
1.3266693353653,-1.60429632552838e-22,-2.16708095912566e-10,-3.17016107809209e-10
1.3283360004425,-4.61495090125523e-22,-1.78958223240322e-10,-2.63363414410023e-10
1.33000266551971,6.09981583143482e-22,1.02535003057569e-11,2.97898754275661e-11
1.33166933059692,-1.60843248102664e-22,-2.16709469813559e-10,-3.17018244988532e-10
1.33333599567413,-4.61108409442445e-22,-1.78956585661361e-10,-2.63360916408217e-10
1.33500266075134,6.10410723475922e-22,1.02532279541712e-11,2.97894868495074e-11
1.33666932582855,-1.60686750720843e-22,-2.16710843714552e-10,-3.17020382167854e-10
1.33833599090576,-4.60897423860179e-22,-1.78954934204612e-10,-2.63358390650836e-10
1.34000265598297,6.09630697812839e-22,1.02529547352237e-11,2.97890982714488e-11
1.34166932106018,-1.60650728176467e-22,-2.16712217615544e-10,-3.17022491591601e-10
1.34333598613739,-4.60521093032177e-22,-1.78953282747862e-10,-2.63355864893455e-10
1.3450026512146,6.09783825180874e-22,1.0252682383638e-11,2.97887131628372e-11
1.34666931629181,-1.60628715801767e-22,-2.16713591516537e-10,-3.17024628770923e-10
1.34833598136902,-4.60521900825744e-22,-1.78951631291113e-10,-2.6335336689165e-10
1.35000264644623,6.09539871523656e-22,1.02524091646905e-11,2.97883245847785e-11
1.35166931152344,-1.6095905288355e-22,-2.1671496541753e-10,-3.1702673819467e-10
1.35333609580994,-4.60632820979906e-22,-1.78949993712152e-10,-2.63350841134269e-10
1.35500276088715,6.10348472884169e-22,1.02521368131048e-11,2.97879360067199e-11
1.35666942596436,-1.60925441098101e-22,-2.16716325440736e-10,-3.17028875373992e-10
1.35833609104156,-4.60481511147397e-22,-1.78948342255403e-10,-2.63348315376888e-10
1.36000275611877,6.09211957822573e-22,1.02518635941573e-11,2.97875474286613e-11
1.36166942119598,-1.60979146748528e-22,-2.16717699341729e-10,-3.17030984797739e-10
1.36333608627319,-4.60394774313146e-22,-1.78946690798654e-10,-2.63345789619507e-10
1.3650027513504,6.09164348489222e-22,1.02515912425716e-11,2.97871623200496e-11
1.36666941642761,-1.6080706147522e-22,-2.16719073242722e-10,-3.17033121977062e-10
1.36833608150482,-4.60752576376205e-22,-1.78945039341905e-10,-2.63343291617701e-10
1.37000274658203,6.09554058398175e-22,1.02513180236241e-11,2.9786773741991e-11
1.37166941165924,-1.6034844929936e-22,-2.16720447143715e-10,-3.17035259156384e-10
1.37333607673645,-4.60267142929569e-22,-1.78943401762943e-10,-2.6334076586032e-10
1.37500274181366,6.10039592819008e-22,1.02510456720384e-11,2.97863851639324e-11
1.37666940689087,-1.60626658452526e-22,-2.16721821044707e-10,-3.17037368580131e-10
1.37833607196808,-4.6055401062003e-22,-1.78941750306194e-10,-2.63338240102939e-10
1.38000273704529,6.10168031996152e-22,1.02507724530909e-11,2.97859965858738e-11
1.3816694021225,-1.61062097050434e-22,-2.167231949457e-10,-3.17039505759453e-10
1.38333606719971,-4.60952808206612e-22,-1.78940098849445e-10,-2.63335742101134e-10
1.38500273227692,6.09709811095302e-22,1.02504992341435e-11,2.97856114772621e-11
1.38666939735413,-1.60916959265648e-22,-2.16724554968906e-10,-3.170416151832e-10
1.38833606243134,-4.60525132000012e-22,-1.78938447392696e-10,-2.63333216343753e-10
1.39000272750854,6.10537042194953e-22,1.02502268825577e-11,2.97852228992035e-11
1.39166939258575,-1.6095147981886e-22,-2.16725928869899e-10,-3.17043752362522e-10
1.39333617687225,-4.60878440711355e-22,-1.78936809813734e-10,-2.63330690586372e-10
1.39500284194946,6.09586673063441e-22,1.02499536636103e-11,2.97848343211449e-11
1.39666950702667,-1.60705721247891e-22,-2.16727302770892e-10,-3.17045861786269e-10
1.39833617210388,-4.60549971652196e-22,-1.78935158356985e-10,-2.63328164828991e-10
1.40000283718109,6.10506497500703e-22,1.02496804446628e-11,2.97844457430863e-11
1.4016695022583,-1.60921692431079e-22,-2.16728676671885e-10,-3.17047998965592e-10
1.40333616733551,-4.60557999100767e-22,-1.78933506900236e-10,-2.63325666827186e-10
1.40500283241272,6.10984963727825e-22,1.02494072257153e-11,2.97840571650276e-11
1.40666949748993,-1.61143229816814e-22,-2.16730050572878e-10,-3.17050108389338e-10
1.40833616256714,-4.61141125081907e-22,-1.78931855443487e-10,-2.63323141069804e-10
1.41000282764435,6.09950129681469e-22,1.02491348741296e-11,2.9783668586969e-11
1.41166949272156,-1.60829540855575e-22,-2.16731410596083e-10,-3.17052245568661e-10
1.41333615779877,-4.6082406610688e-22,-1.78930217864526e-10,-2.63320615312423e-10
1.41500282287598,6.09508418061643e-22,1.02488616551821e-11,2.97832800089104e-11
1.41666948795319,-1.60976937937994e-22,-2.16732784497076e-10,-3.17054382747983e-10
1.4183361530304,-4.61360340061137e-22,-1.78928566407777e-10,-2.63318117310618e-10
1.4200028181076,6.0984132998542e-22,1.02485884362347e-11,2.97828949002987e-11
1.42166948318481,-1.60887853453689e-22,-2.16734158398069e-10,-3.1705649217173e-10
1.42333614826202,-4.60680531287453e-22,-1.78926914951028e-10,-2.63315591553237e-10
1.42500281333923,6.10676386585251e-22,1.02483152172872e-11,2.97825063222401e-11
1.42666947841644,-1.60558059108208e-22,-2.16735532299062e-10,-3.17058629351052e-10
1.42833614349365,-4.60872735669289e-22,-1.78925263494278e-10,-2.63313065795856e-10
1.43000280857086,6.102939468184e-22,1.02480419983397e-11,2.97821177441815e-11
1.43166947364807,-1.60513605218477e-22,-2.16736906200055e-10,-3.17060738774799e-10
1.43333625793457,-4.60422087833129e-22,-1.78923625915317e-10,-2.63310540038475e-10
1.43500292301178,6.10190448267635e-22,1.02477687793923e-11,2.97817291661229e-11
1.43666958808899,-1.60977404943649e-22,-2.16738280101048e-10,-3.17062875954122e-10
1.4383362531662,-4.60762017463519e-22,-1.78921974458568e-10,-2.6330804203667e-10
1.44000291824341,6.09553856449783e-22,1.02474955604448e-11,2.97813405880643e-11
1.44166958332062,-1.60957828571426e-22,-2.16739640124253e-10,-3.17064985377868e-10
1.44333624839783,-4.60362260622077e-22,-1.78920323001819e-10,-2.63305516279289e-10
1.44500291347504,6.0941708690148e-22,1.02472223414973e-11,2.97809520100056e-11
1.44666957855225,-1.60862496308751e-22,-2.16741014025246e-10,-3.17067122557191e-10
1.44833624362946,-4.60807809261345e-22,-1.7891867154507e-10,-2.63302990521908e-10
1.45000290870667,6.09659980329641e-22,1.02469491225499e-11,2.9780563431947e-11
1.45166957378387,-1.60423839158351e-22,-2.16742387926239e-10,-3.17069231980938e-10
1.45333623886108,-4.60813059919531e-22,-1.78917033966108e-10,-2.63300464764527e-10
1.45500290393829,6.1008402146519e-22,1.02466759036024e-11,2.97801748538884e-11
1.4566695690155,-1.61029545494041e-22,-2.16743761827232e-10,-3.1707136916026e-10
1.45833623409271,-4.61319294050516e-22,-1.78915382509359e-10,-2.63297966762721e-10
1.46000289916992,6.10353774029452e-22,1.02464026846549e-11,2.97797862758298e-11
1.46166956424713,-1.61287547186259e-22,-2.16745135728225e-10,-3.17073506339582e-10
1.46333622932434,-4.61193732637954e-22,-1.7891373105261e-10,-2.6329544100534e-10
1.46500289440155,6.09924583209914e-22,1.02461294657075e-11,2.97793976977712e-11
1.46666955947876,-1.61247006046618e-22,-2.1674649575143e-10,-3.17075615763329e-10
1.46833622455597,-4.6161979325742e-22,-1.78912079595861e-10,-2.63292915247959e-10
1.47000288963318,6.09090990735923e-22,1.024585624676e-11,2.97790091197125e-11
1.47166955471039,-1.61559962944937e-22,-2.16747869652423e-10,-3.17077752942652e-10
1.47333633899689,-4.60698959078199e-22,-1.789104420169e-10,-2.63290417246154e-10
1.4750030040741,6.09262192485018e-22,1.02455830278125e-11,2.97786205416539e-11
1.47666966915131,-1.61465716154869e-22,-2.16749243553416e-10,-3.17079862366398e-10
1.47833633422852,-4.61526997971417e-22,-1.78908790560151e-10,-2.63287891488773e-10
1.48000299930573,6.08754696176584e-22,1.02453098088651e-11,2.97782319635953e-11
1.48166966438293,-1.61911365768333e-22,-2.16750617454409e-10,-3.17081999545721e-10
1.48333632946014,-4.60917214802569e-22,-1.78907139103401e-10,-2.63285365731392e-10
1.48500299453735,6.10081598084489e-22,1.02450365899176e-11,2.97778433855367e-11
1.48666965961456,-1.61615334669596e-22,-2.16751991355402e-10,-3.17084108969468e-10
1.48833632469177,-4.61263556294397e-22,-1.78905487646652e-10,-2.63282839974011e-10
1.49000298976898,6.09370739745576e-22,1.02447633709701e-11,2.97774548074781e-11
1.49166965484619,-1.61881023022475e-22,-2.16753351378607e-10,-3.1708624614879e-10
1.4933363199234,-4.60857741001202e-22,-1.78903850067691e-10,-2.63280341972205e-10
1.49500298500061,6.09808210449176e-22,1.02444892846609e-11,2.97770662294194e-11
1.49666965007782,-1.61940181279479e-22,-2.167547252796e-10,-3.17088355572537e-10
1.49833631515503,-4.62064079719241e-22,-1.78902198610942e-10,-2.63277816214824e-10
1.50000298023224,6.08725413659782e-22,1.02442160657135e-11,2.97766776513608e-11
1.50166964530945,-1.6200698833182e-22,-2.16756099180593e-10,-3.17090492751859e-10
1.50333631038666,-4.60824470003664e-22,-1.78900547154193e-10,-2.63275290457443e-10
1.50500297546387,6.08883488763414e-22,1.0243942846766e-11,2.97762890733022e-11
1.50666964054108,-1.61784352851705e-22,-2.16757473081586e-10,-3.17092602175606e-10
1.50833630561829,-4.60956847174447e-22,-1.78898895697444e-10,-2.63272764700062e-10
1.5100029706955,6.09153998634145e-22,1.02436696278185e-11,2.97759004952436e-11
1.51166963577271,-1.61549284923724e-22,-2.16758846982579e-10,-3.17094739354928e-10
1.51333630084991,-4.61577636530645e-22,-1.78897258118482e-10,-2.63270266698257e-10
1.51500308513641,6.08376295377567e-22,1.02433955415093e-11,2.9775511917185e-11
1.51666975021362,-1.61438023981652e-22,-2.16760207005784e-10,-3.17096848778675e-10
1.51833641529083,-4.60747729614804e-22,-1.78895606661733e-10,-2.63267740940876e-10
1.52000308036804,6.08976284049417e-22,1.02431223225619e-11,2.97751233391264e-11
1.52166974544525,-1.61271719481057e-22,-2.16761580906777e-10,-3.17098985957998e-10
1.52333641052246,-4.61812906407018e-22,-1.78893955204984e-10,-2.63265215183495e-10
1.52500307559967,6.09852184711476e-22,1.02428491036144e-11,2.97747347610677e-11
1.52666974067688,-1.61979687433613e-22,-2.1676295480777e-10,-3.1710112313732e-10
1.52833640575409,-4.60848855271966e-22,-1.78892303748235e-10,-2.63262689426114e-10
1.5300030708313,6.09396336704229e-22,1.02425750173052e-11,2.97743461830091e-11
1.53166973590851,-1.61837048760174e-22,-2.16764328708763e-10,-3.17103232561067e-10
1.53333640098572,-4.60495647534819e-22,-1.78890666169274e-10,-2.63260191424308e-10
1.53500306606293,6.09350746854794e-22,1.02423017983577e-11,2.97739576049505e-11
1.53666973114014,-1.6164127241616e-22,-2.16765702609756e-10,-3.17105369740389e-10
1.53833639621735,-4.61181464273156e-22,-1.78889014712524e-10,-2.63257665666927e-10
1.54000306129456,6.09150515024388e-22,1.02420277120485e-11,2.97735690268919e-11
1.54166972637177,-1.61152683525902e-22,-2.16767062632961e-10,-3.17107479164136e-10
1.54333639144897,-4.6058995743376e-22,-1.78887363255775e-10,-2.63255139909546e-10
1.54500305652618,6.10027879812287e-22,1.02417544931011e-11,2.97731804488333e-11
1.54666972160339,-1.61270747604421e-22,-2.16768436533954e-10,-3.17109616343458e-10
1.5483363866806,-4.60782565712378e-22,-1.78885711799026e-10,-2.63252641907741e-10
1.55000305175781,6.09145668262986e-22,1.02414804067918e-11,2.97727884013277e-11
1.55166971683502,-1.61154740875143e-22,-2.16769810434947e-10,-3.17111725767205e-10
1.55333638191223,-4.6021115273796e-22,-1.78884060342277e-10,-2.6325011615036e-10
1.55500316619873,6.09902368886823e-22,1.02412071878444e-11,2.97723998232691e-11
1.55666983127594,-1.61603482823356e-22,-2.1677118433594e-10,-3.17113862946528e-10
1.55833649635315,-4.60775598492863e-22,-1.78882422763316e-10,-2.63247590392979e-10
1.56000316143036,6.09964720452772e-22,1.02409331015352e-11,2.97720112452105e-11
1.56166982650757,-1.61227871436501e-22,-2.16772544359145e-10,-3.17115972370274e-10
1.56333649158478,-4.60137694010466e-22,-1.78880771306567e-10,-2.63245064635598e-10
1.56500315666199,6.10062665422764e-22,1.02406598825877e-11,2.97716226671518e-11
1.5666698217392,-1.61306555578631e-22,-2.16773918260138e-10,-3.17118109549597e-10
1.56833648681641,-4.6069527352005e-22,-1.78879119849817e-10,-2.63242566633792e-10
1.57000315189362,6.09425770682325e-22,1.02403857962785e-11,2.97712340890932e-11
1.57166981697083,-1.61382715365865e-22,-2.16775292161131e-10,-3.17120218973344e-10
1.57333648204803,-4.60739399243645e-22,-1.78877468393068e-10,-2.63240040876411e-10
1.57500314712524,6.10699964059986e-22,1.0240112577331e-11,2.97708455110346e-11
1.57666981220245,-1.61344054870622e-22,-2.16776666062124e-10,-3.17122356152666e-10
1.57833647727966,-4.61105531677863e-22,-1.78875830814107e-10,-2.6323751511903e-10
1.58000314235687,6.10221548319963e-22,1.02398384910218e-11,2.9770453463529e-11
1.58166980743408,-1.61390919519279e-22,-2.16778039963117e-10,-3.17124465576413e-10
1.58333647251129,-4.60579153194802e-22,-1.78874179357358e-10,-2.63234989361649e-10
1.5850031375885,6.10153744147437e-22,1.02395644047126e-11,2.97700648854704e-11
1.58666980266571,-1.61016860610685e-22,-2.16779399986322e-10,-3.17126602755735e-10
1.58833646774292,-4.60059287547374e-22,-1.78872527900609e-10,-2.63232491359844e-10
1.59000313282013,6.10107800888317e-22,1.02392903184034e-11,2.97696763074118e-11
1.59166979789734,-1.60898114956344e-22,-2.16780773887315e-10,-3.17128712179482e-10
1.59333646297455,-4.60732331049934e-22,-1.7887087644386e-10,-2.63229965602463e-10
1.59500324726105,6.09460455318605e-22,1.0239017099456e-11,2.97692877293532e-11
1.59666991233826,-1.61070364312721e-22,-2.16782147788308e-10,-3.17130849358804e-10
1.59833657741547,-4.60166825065974e-22,-1.78869238864898e-10,-2.63227439845082e-10
1.60000324249268,6.09640795232426e-22,1.02387430131468e-11,2.97688991512945e-11
1.60166990756989,-1.61191419751792e-22,-2.16783521689301e-10,-3.17132986538127e-10
1.60333657264709,-4.60561230275035e-22,-1.78867587408149e-10,-2.63224914087701e-10
1.6050032377243,6.09982996782224e-22,1.02384689268376e-11,2.9768507103789e-11
1.60666990280151,-1.61143002624873e-22,-2.16784881712506e-10,-3.17135095961874e-10
1.60833656787872,-4.60820784445515e-22,-1.788659359514e-10,-2.63222416085895e-10
1.61000323295593,6.10018590186267e-22,1.02381948405283e-11,2.97681185257304e-11
1.61166989803314,-1.61395412870995e-22,-2.16786255613499e-10,-3.17137233141196e-10
1.61333656311035,-4.60880460195273e-22,-1.78864284494651e-10,-2.63219890328514e-10
1.61500322818756,6.10286828137591e-22,1.02379216215809e-11,2.97677299476717e-11
1.61666989326477,-1.61755322770393e-22,-2.16787629514492e-10,-3.17139342564943e-10
1.61833655834198,-4.6128693182074e-22,-1.78862633037902e-10,-2.63217364571133e-10
1.62000322341919,6.08685276416924e-22,1.02376475352717e-11,2.97673413696131e-11
1.6216698884964,-1.61791862807523e-22,-2.16789003415485e-10,-3.17141479744265e-10
1.62333655357361,-4.61478984741282e-22,-1.7886099545894e-10,-2.63214838813752e-10
1.62500321865082,6.09242653978117e-22,1.02373734489625e-11,2.97669493221075e-11
1.62666988372803,-1.61752545980007e-22,-2.16790377316478e-10,-3.17143589168012e-10
1.62833654880524,-4.61299099211343e-22,-1.78859344002191e-10,-2.63212340811947e-10
1.63000321388245,6.08953211445661e-22,1.02370993626533e-11,2.97665607440489e-11
1.63166987895966,-1.61617076474475e-22,-2.16791737339683e-10,-3.17145726347334e-10
1.63333654403687,-4.60938065974016e-22,-1.78857692545442e-10,-2.63209815054566e-10
1.63500332832336,6.08768327693026e-22,1.02368252763441e-11,2.97661721659903e-11
1.63666999340057,-1.61376202530231e-22,-2.16793111240676e-10,-3.17147835771081e-10
1.63833665847778,-4.60848400888084e-22,-1.78856041088693e-10,-2.63207289297185e-10
1.64000332355499,6.0847838028959e-22,1.02365511900349e-11,2.97657801184847e-11
1.6416699886322,-1.6159654084739e-22,-2.16794485141669e-10,-3.17149972950403e-10
1.64333665370941,-4.6161883400256e-22,-1.78854403509732e-10,-2.63204763539804e-10
1.64500331878662,6.09873389292609e-22,1.02362771037257e-11,2.97653915404261e-11
1.64666998386383,-1.61449648635951e-22,-2.16795859042662e-10,-3.1715208237415e-10
1.64833664894104,-4.61200598883273e-22,-1.78852752052983e-10,-2.63202265537998e-10
1.65000331401825,6.09321262389601e-22,1.02360030174165e-11,2.97650029623675e-11
1.65166997909546,-1.62057475429755e-22,-2.16797219065867e-10,-3.17154219553473e-10
1.65333664417267,-4.61142134823865e-22,-1.78851100596233e-10,-2.63199739780617e-10
1.65500330924988,6.09589853750611e-22,1.02357289311072e-11,2.97646109148619e-11
1.65666997432709,-1.61724146987419e-22,-2.1679859296686e-10,-3.17156328977219e-10
1.6583366394043,-4.61548101578354e-22,-1.78849449139484e-10,-2.63197214023236e-10
1.66000330448151,6.09263707097956e-22,1.0235454844798e-11,2.97642223368033e-11
1.66166996955872,-1.6192157678389e-22,-2.16799966867853e-10,-3.17158466156542e-10
1.66333663463593,-4.6035387976382e-22,-1.78847797682735e-10,-2.63194688265855e-10
1.66500329971313,6.10696278501837e-22,1.02351807584888e-11,2.97638337587447e-11
1.66666996479034,-1.61989746987876e-22,-2.16801340768846e-10,-3.17160575580289e-10
1.66833662986755,-4.60866020885264e-22,-1.78846160103774e-10,-2.6319219026405e-10
1.67000329494476,6.08824519833027e-22,1.02349066721796e-11,2.97634417112391e-11
1.67166996002197,-1.62092084335388e-22,-2.16802700792051e-10,-3.17162712759611e-10
1.67333662509918,-4.61426932543312e-22,-1.78844508647025e-10,-2.63189664506669e-10
1.67500340938568,6.09950886987938e-22,1.02346325858704e-11,2.97630531331805e-11
1.67667007446289,-1.61978854396497e-22,-2.16804074693044e-10,-3.17164822183358e-10
1.6783367395401,-4.60571176233328e-22,-1.78842857190276e-10,-2.63187138749288e-10
1.68000340461731,6.09379877910302e-22,1.02343584995612e-11,2.97626645551219e-11
1.68167006969452,-1.61762100663291e-22,-2.16805448594037e-10,-3.1716695936268e-10
1.68333673477173,-4.61432789046672e-22,-1.78841205733526e-10,-2.63184640747482e-10
1.68500339984894,6.09891564647865e-22,1.02340835458903e-11,2.97622725076163e-11
1.68667006492615,-1.62037899057531e-22,-2.1680682249503e-10,-3.17169068786427e-10
1.68833673000336,-4.61267241852546e-22,-1.78839568154565e-10,-2.63182114990101e-10
1.69000339508057,6.09790338016507e-22,1.02338094595811e-11,2.97618839295577e-11
1.69167006015778,-1.61896358478472e-22,-2.16808196396023e-10,-3.17171205965749e-10
1.69333672523499,-4.6103424389558e-22,-1.78837916697816e-10,-2.6317958923272e-10
1.69500339031219,6.09592882976487e-22,1.02335353732719e-11,2.97614918820521e-11
1.6966700553894,-1.62259878205373e-22,-2.16809556419228e-10,-3.17173315389496e-10
1.69833672046661,-4.61732530947107e-22,-1.78836265241067e-10,-2.63177063475339e-10
1.70000338554382,6.08953665829542e-22,1.02332612869627e-11,2.97611033039935e-11
1.70167005062103,-1.62400106119885e-22,-2.16810930320221e-10,-3.17175452568819e-10
1.70333671569824,-4.61146729149777e-22,-1.78834613784318e-10,-2.63174565473534e-10
1.70500338077545,6.09282639759681e-22,1.02329863332917e-11,2.97607147259349e-11
1.70667004585266,-1.61887434883912e-22,-2.16812304221214e-10,-3.17177561992565e-10
1.70833671092987,-4.61322676686078e-22,-1.78832962327569e-10,-2.63172039716153e-10
1.71000337600708,6.08203579015535e-22,1.02327122469825e-11,2.97603226784293e-11
1.71167004108429,-1.62427154582603e-22,-2.16813678122207e-10,-3.17179699171888e-10
1.7133367061615,-4.61155917801601e-22,-1.78831324748607e-10,-2.63169513958772e-10
1.71500337123871,6.08931148583864e-22,1.02324381606733e-11,2.97599341003707e-11
1.71667015552521,-1.61672044302351e-22,-2.16815038145413e-10,-3.17181808595635e-10
1.71833682060242,-4.61613381395983e-22,-1.78829673291858e-10,-2.63166988201391e-10
1.72000348567963,6.08888032602228e-22,1.02321640743641e-11,2.97595420528651e-11
1.72167015075684,-1.61705693953124e-22,-2.16816412046406e-10,-3.17183945774957e-10
1.72333681583405,-4.60242353764483e-22,-1.78828021835109e-10,-2.63164490199586e-10
1.72500348091125,6.08945284971285e-22,1.02318891206932e-11,2.97591534748065e-11
1.72667014598846,-1.62220422538337e-22,-2.16817785947399e-10,-3.17186055198704e-10
1.72833681106567,-4.61342871525252e-22,-1.7882637037836e-10,-2.63161964442205e-10
1.73000347614288,6.09060597502967e-22,1.0231615034384e-11,2.97587614273009e-11
1.73167014122009,-1.62252368249555e-22,-2.16819159848392e-10,-3.17188192378026e-10
1.7333368062973,-4.61014351978994e-22,-1.78824718921611e-10,-2.63159438684823e-10
1.73500347137451,6.09819721507505e-22,1.0231340080713e-11,2.97583728492423e-11
1.73667013645172,-1.62130239959652e-22,-2.16820519871597e-10,-3.17190301801773e-10
1.73833680152893,-4.6108629609355e-22,-1.78823081342649e-10,-2.63156912927442e-10
1.74000346660614,6.09584300169838e-22,1.02310659944038e-11,2.97579808017367e-11
1.74167013168335,-1.61927294447731e-22,-2.1682189377259e-10,-3.17192438981095e-10
1.74333679676056,-4.60323436043765e-22,-1.788214298859e-10,-2.63154387170061e-10
1.74500346183777,6.09666493165275e-22,1.02307910407329e-11,2.97575922236781e-11
1.74667012691498,-1.61728930639948e-22,-2.16823267673583e-10,-3.17194548404842e-10
1.74833679199219,-4.61165611324405e-22,-1.78819778429151e-10,-2.63151889168256e-10
1.7500034570694,6.09552038914258e-22,1.02305169544237e-11,2.97572001761726e-11
1.75167012214661,-1.61919254377385e-22,-2.16824641574576e-10,-3.17196685584165e-10
1.75333678722382,-4.61139559981871e-22,-1.78818126972402e-10,-2.63149363410875e-10
1.75500345230103,6.09458738757276e-22,1.02302420007527e-11,2.97568115981139e-11
1.75667023658752,-1.62022210191848e-22,-2.16826001597781e-10,-3.17198795007911e-10
1.75833690166473,-4.61280923856086e-22,-1.78816489393441e-10,-2.63146837653494e-10
1.76000356674194,6.09443845063385e-22,1.02299679144435e-11,2.97564195506084e-11
1.76167023181915,-1.62258401457758e-22,-2.16827375498774e-10,-3.17200932187234e-10
1.76333689689636,-4.60625752786195e-22,-1.78814837936692e-10,-2.63144311896113e-10
1.76500356197357,6.09356855793644e-22,1.02296929607726e-11,2.97560309725498e-11
1.76667022705078,-1.6225835097066e-22,-2.16828749399767e-10,-3.17203041610981e-10
1.76833689212799,-4.61460052079557e-22,-1.78813186479942e-10,-2.63141813894308e-10
1.7700035572052,6.09334691957651e-22,1.02294188744634e-11,2.97556389250442e-11
1.77167022228241,-1.62093396999935e-22,-2.1683012330076e-10,-3.17205178790303e-10
1.77333688735962,-4.61943062145493e-22,-1.78811535023193e-10,-2.63139288136927e-10
1.77500355243683,6.08186716324825e-22,1.02291439207924e-11,2.97552468775386e-11
1.77667021751404,-1.6252716952361e-22,-2.16831483323965e-10,-3.1720728821405e-10
1.77833688259125,-4.60632568544416e-22,-1.78809883566444e-10,-2.63136762379546e-10
1.78000354766846,6.08949525887512e-22,1.02288689671215e-11,2.975485829948e-11
1.78167021274567,-1.62562838658301e-22,-2.16832857224958e-10,-3.17209425393372e-10
1.78333687782288,-4.613441337027e-22,-1.78808245987483e-10,-2.63134236622165e-10
1.78500354290009,6.08855619885354e-22,1.02285948808123e-11,2.97544662519744e-11
1.78667020797729,-1.62617339480521e-22,-2.16834231125951e-10,-3.17211534817119e-10
1.7883368730545,-4.61098564458348e-22,-1.78806594530734e-10,-2.63131738620359e-10
1.79000353813171,6.09377706965091e-22,1.02283199271413e-11,2.97540776739158e-11
1.79167020320892,-1.62609375140822e-22,-2.16835605026944e-10,-3.17213671996441e-10
1.79333686828613,-4.61502360267625e-22,-1.78804943073985e-10,-2.63129212862978e-10
1.79500353336334,6.09805989016867e-22,1.02280449734704e-11,2.97536856264102e-11
1.79667031764984,-1.62801314465393e-22,-2.16836965050149e-10,-3.17215781420188e-10
1.79833698272705,-4.60762370873205e-22,-1.78803291617236e-10,-2.63126687105597e-10
1.80000364780426,6.08255681700603e-22,1.02277700197995e-11,2.97532935789047e-11
1.80167031288147,-1.62465537398807e-22,-2.16838338951142e-10,-3.17217918599511e-10
1.80333697795868,-4.61372103554955e-22,-1.78801640160486e-10,-2.63124161348216e-10
1.80500364303589,6.08968004165356e-22,1.02274959334903e-11,2.9752905000846e-11
1.8066703081131,-1.62564062970426e-22,-2.16839712852135e-10,-3.17220028023257e-10
1.80833697319031,-4.60648875877049e-22,-1.78800002581525e-10,-2.63121663346411e-10
1.81000363826752,6.08448895824397e-22,1.02272209798193e-11,2.97525129533405e-11
1.81167030334473,-1.62500689040744e-22,-2.1684107287534e-10,-3.1722216520258e-10
1.81333696842194,-4.604252180332e-22,-1.78798351124776e-10,-2.6311913758903e-10
1.81500363349915,6.08443493704918e-22,1.02269460261484e-11,2.97521243752819e-11
1.81667029857635,-1.62400333311825e-22,-2.16842446776333e-10,-3.17224274626327e-10
1.81833696365356,-4.61425417930374e-22,-1.78796699668027e-10,-2.63116611831649e-10
1.82000362873077,6.08892071570063e-22,1.02266710724774e-11,2.97517323277763e-11
1.82167029380798,-1.62625354307318e-22,-2.16843820677326e-10,-3.17226411805649e-10
1.82333695888519,-4.61413553462359e-22,-1.78795048211278e-10,-2.63114086074268e-10
1.8250036239624,6.09275924975656e-22,1.02263961188065e-11,2.97513402802707e-11
1.82667028903961,-1.62195002284527e-22,-2.16845194578319e-10,-3.17228521229396e-10
1.82833695411682,-4.60965278519802e-22,-1.78793396754529e-10,-2.63111588072462e-10
1.83000361919403,6.08837192094608e-22,1.02261211651355e-11,2.97509517022121e-11
1.83167028427124,-1.62349290855814e-22,-2.16846554601524e-10,-3.17230658408718e-10
1.83333694934845,-4.60780495741363e-22,-1.78791759175567e-10,-2.63109062315081e-10
1.83500361442566,6.09191813470498e-22,1.02258462114646e-11,2.97505596547065e-11
1.83667039871216,-1.62532988161647e-22,-2.16847928502517e-10,-3.17232767832465e-10
1.83833706378937,-4.60700928075019e-22,-1.78790107718818e-10,-2.631065365577e-10
1.84000372886658,6.09525634162038e-22,1.02255712577937e-11,2.9750167607201e-11
1.84167039394379,-1.62526853979248e-22,-2.1684930240351e-10,-3.17234905011787e-10
1.843337059021,-4.6068598389403e-22,-1.78788456262069e-10,-2.63104010800319e-10
1.84500372409821,6.09279307611218e-22,1.02252963041227e-11,2.97497755596954e-11
1.84667038917542,-1.62723349764408e-22,-2.16850676304503e-10,-3.17237014435534e-10
1.84833705425262,-4.60720567556115e-22,-1.7878680480532e-10,-2.63101512798514e-10
1.85000371932983,6.09986227956491e-22,1.02250213504518e-11,2.97493869816368e-11
1.85167038440704,-1.62562308543773e-22,-2.16852036327708e-10,-3.17239151614856e-10
1.85333704948425,-4.60893536353638e-22,-1.78785153348571e-10,-2.63098987041133e-10
1.85500371456146,6.09289253569511e-22,1.02247463967808e-11,2.97489949341312e-11
1.85667037963867,-1.62382208443667e-22,-2.16853410228701e-10,-3.17241261038603e-10
1.85833704471588,-4.60956695713153e-22,-1.78783515769609e-10,-2.63096461283752e-10
1.86000370979309,6.08804829864833e-22,1.02244714431099e-11,2.97486028866256e-11
1.8616703748703,-1.62040953526956e-22,-2.16854784129694e-10,-3.17243398217926e-10
1.86333703994751,-4.6023387193203e-22,-1.7878186431286e-10,-2.63093935526371e-10
1.86500370502472,6.08829720004114e-22,1.0224196489439e-11,2.9748214308567e-11
1.86667037010193,-1.62294827898918e-22,-2.16856144152899e-10,-3.17245507641672e-10
1.86833703517914,-4.6084582604609e-22,-1.78780212856111e-10,-2.63091437524565e-10
1.87000370025635,6.09473228554383e-22,1.0223921535768e-11,2.97478222610614e-11
1.87167036533356,-1.62551176138678e-22,-2.16857518053892e-10,-3.17247644820995e-10
1.87333703041077,-4.61421934320616e-22,-1.78778561399362e-10,-2.63088911767184e-10
1.87500369548798,6.09935135013382e-22,1.02236465820971e-11,2.97474302135559e-11
1.87667036056519,-1.62525919967937e-22,-2.16858891954885e-10,-3.17249754244742e-10
1.87833714485168,-4.6086294117229e-22,-1.78776909942613e-10,-2.63086386009803e-10
1.88000380992889,6.09930894097156e-22,1.02233716284261e-11,2.97470381660503e-11
1.8816704750061,-1.62393643771349e-22,-2.16860265855878e-10,-3.17251891424064e-10
1.88333714008331,-4.60487418137855e-22,-1.78775272363652e-10,-2.63083860252422e-10
1.88500380516052,6.09290263311469e-22,1.02230966747552e-11,2.97466495879917e-11
1.88667047023773,-1.62269483375755e-22,-2.16861625879083e-10,-3.17254000847811e-10
1.88833713531494,-4.60824772926251e-22,-1.78773620906902e-10,-2.63081334495041e-10
1.89000380039215,6.0902167195046e-22,1.02228208537225e-11,2.97462575404861e-11
1.89167046546936,-1.62270871770948e-22,-2.16862999780076e-10,-3.17256138027133e-10
1.89333713054657,-4.60697898849143e-22,-1.78771969450153e-10,-2.63078836493236e-10
1.89500379562378,6.08770296689846e-22,1.02225459000516e-11,2.97458654929805e-11
1.89667046070099,-1.62205781279936e-22,-2.16864373681069e-10,-3.1725824745088e-10
1.8983371257782,-4.60954423793746e-22,-1.78770317993404e-10,-2.63076310735855e-10
1.90000379085541,6.09320656544426e-22,1.02222709463806e-11,2.9745473445475e-11
1.90167045593262,-1.62226733425579e-22,-2.16865747582062e-10,-3.17260384630202e-10
1.90333712100983,-4.60756968753726e-22,-1.78768666536655e-10,-2.63073784978474e-10
1.90500378608704,6.0973454977329e-22,1.02219959927097e-11,2.97450813979694e-11
1.90667045116425,-1.62417965930779e-22,-2.16867107605268e-10,-3.17262494053949e-10
1.90833711624146,-4.60131988968399e-22,-1.78767028957694e-10,-2.63071259221093e-10
1.91000378131866,6.08773022993134e-22,1.0221720171677e-11,2.97446893504638e-11
1.91167044639587,-1.62261998663486e-22,-2.1686848150626e-10,-3.17264631233272e-10
1.91333711147308,-4.60051512534292e-22,-1.78765377500945e-10,-2.63068761219287e-10
1.91500377655029,6.10193174570924e-22,1.02214452180061e-11,2.97443007724052e-11
1.9166704416275,-1.61907276313401e-22,-2.16869855407253e-10,-3.17266740657018e-10
1.918337225914,-4.60881924321113e-22,-1.78763726044195e-10,-2.63066235461906e-10
1.92000389099121,6.09548403843207e-22,1.02211702643351e-11,2.97439087248996e-11
1.92167055606842,-1.6190876568279e-22,-2.16871215430459e-10,-3.17268877836341e-10
1.92333722114563,-4.60122295445596e-22,-1.78762074587446e-10,-2.63063709704525e-10
1.92500388622284,6.09174950779788e-22,1.02208944433024e-11,2.97435166773941e-11
1.92667055130005,-1.62272058217749e-22,-2.16872589331452e-10,-3.17270987260088e-10
1.92833721637726,-4.60904694002281e-22,-1.78760423130697e-10,-2.63061183947144e-10
1.93000388145447,6.08720970795164e-22,1.02206194896315e-11,2.97431246298885e-11
1.93167054653168,-1.62202916137128e-22,-2.16873963232445e-10,-3.1727312443941e-10
1.93333721160889,-4.60722990936816e-22,-1.78758785551736e-10,-2.63058685945339e-10
1.9350038766861,6.10404463075778e-22,1.02203436685988e-11,2.97427325823829e-11
1.93667054176331,-1.62528873463166e-22,-2.16875337133438e-10,-3.17275233863157e-10
1.93833720684052,-4.60436779578627e-22,-1.78757134094987e-10,-2.63056160187958e-10
1.94000387191772,6.1047822472586e-22,1.02200687149279e-11,2.97423405348773e-11
1.94167053699493,-1.626868980797e-22,-2.16876697156643e-10,-3.17277371042479e-10
1.94333720207214,-4.61172225134234e-22,-1.78755482638238e-10,-2.63053634430577e-10
1.94500386714935,6.09404717562486e-22,1.02197928938952e-11,2.97419484873718e-11
1.94667053222656,-1.62337729310387e-22,-2.16878071057636e-10,-3.17279480466226e-10
1.94833719730377,-4.61286628898153e-22,-1.78753831181488e-10,-2.63051108673196e-10
1.95000386238098,6.09768376128906e-22,1.02195179402242e-11,2.97415564398662e-11
1.95167052745819,-1.62339774037853e-22,-2.16879444958629e-10,-3.17281589889973e-10
1.9533371925354,-4.60531341913058e-22,-1.78752179724739e-10,-2.63048582915815e-10
1.95500385761261,6.09486910557923e-22,1.02192421191916e-11,2.97411678618076e-11
1.95667052268982,-1.62397152624656e-22,-2.16880804981834e-10,-3.17283727069295e-10
1.95833730697632,-4.61171770750353e-22,-1.78750542145778e-10,-2.63046084914009e-10
1.96000397205353,6.09741971376686e-22,1.02189671655206e-11,2.9740775814302e-11
1.96167063713074,-1.6224357087274e-22,-2.16882178882827e-10,-3.17285836493042e-10
1.96333730220795,-4.60655136277193e-22,-1.78748890689029e-10,-2.63043559156628e-10
1.96500396728516,6.09741668454098e-22,1.02186913444879e-11,2.97403837667964e-11
1.96667063236237,-1.61823707544545e-22,-2.1688355278382e-10,-3.17287973672364e-10
1.96833729743958,-4.60573296691441e-22,-1.7874723923228e-10,-2.63041033399247e-10
1.97000396251678,6.09535277197744e-22,1.0218416390817e-11,2.97399917192909e-11
1.97167062759399,-1.62052275258667e-22,-2.16884912807025e-10,-3.17290083096111e-10
1.9733372926712,-4.59776206389257e-22,-1.78745587775531e-10,-2.63038507641866e-10
1.97500395774841,6.1090615336795e-22,1.02181405697843e-11,2.97395996717853e-11
1.97667062282562,-1.62104769218744e-22,-2.16886286708018e-10,-3.17292220275434e-10
1.97833728790283,-4.597262746494e-22,-1.78743936318781e-10,-2.63036009640061e-10
1.98000395298004,6.0924845999438e-22,1.02178647487516e-11,2.97392076242797e-11
1.98167061805725,-1.61827329993822e-22,-2.16887660609011e-10,-3.1729432969918e-10
1.98333728313446,-4.60177629304931e-22,-1.78742284862032e-10,-2.6303348388268e-10
1.98500394821167,6.09803111252284e-22,1.02175897950807e-11,2.97388155767742e-11
1.98667061328888,-1.62295711423131e-22,-2.16889034510004e-10,-3.17296466878503e-10
1.98833727836609,-4.60194744431131e-22,-1.78740647283071e-10,-2.63030958125299e-10
1.9900039434433,6.10219781271535e-22,1.0217313974048e-11,2.97384235292686e-11
1.99167060852051,-1.62249818651109e-22,-2.16890394533209e-10,-3.1729857630225e-10
1.99333727359772,-4.60424107317046e-22,-1.78738995826322e-10,-2.63028432367918e-10
1.99500393867493,6.09711881066317e-22,1.02170381530153e-11,2.9738031481763e-11
1.99667060375214,-1.62233763753966e-22,-2.16891768434202e-10,-3.17300713481572e-10
1.99833738803864,-4.60107502725901e-22,-1.78737344369573e-10,-2.63025906610537e-10
2.00000405311584,6.09675984739686e-22,1.02167623319827e-11,2.97376394342574e-11
2.00167059898376,-1.62129785575771e-22,-2.16893142335195e-10,-3.17302822905319e-10
2.00333738327026,-4.60417796429804e-22,-1.78735692912824e-10,-2.63023408608731e-10
2.00500392913818,6.10578643563651e-22,1.02164873783117e-11,2.97372473867519e-11
2.00667071342468,-1.61942465820661e-22,-2.168945023584e-10,-3.17304960084641e-10
2.0083372592926,-4.60289559201051e-22,-1.78734041456075e-10,-2.6302088285135e-10
2.0100040435791,6.10058525480733e-22,1.0216211557279e-11,2.97368553392463e-11
2.01167058944702,-1.61698714111835e-22,-2.16895876259393e-10,-3.17307069508388e-10
2.01333737373352,-4.60464042611512e-22,-1.78732403877113e-10,-2.63018357093969e-10
2.01500391960144,6.10056051612934e-22,1.02159357362464e-11,2.97364632917407e-11
2.01667070388794,-1.61766720232752e-22,-2.16897250160386e-10,-3.1730920668771e-10
2.01833748817444,-4.60045504569638e-22,-1.78730752420364e-10,-2.63015831336588e-10
2.02000403404236,6.09944424639402e-22,1.02156599152137e-11,2.97360712442352e-11
2.02167081832886,-1.61673988055621e-22,-2.16898610183591e-10,-3.17311316111457e-10
2.02333736419678,-4.59945388654434e-22,-1.78729100963615e-10,-2.63013333334783e-10
2.02500414848328,6.0997966463376e-22,1.0215384094181e-11,2.97356791967296e-11
2.0266706943512,-1.62295269661024e-22,-2.16899984084584e-10,-3.1731345329078e-10
2.0283374786377,-4.60447634304683e-22,-1.78727449506866e-10,-2.63010807577402e-10
2.03000402450562,6.09836735659508e-22,1.02151082731483e-11,2.9735287149224e-11
2.03167080879211,-1.6232543570204e-22,-2.16901357985577e-10,-3.17315562714526e-10
2.03333735466003,-4.60601317030795e-22,-1.78725798050117e-10,-2.63008281820021e-10
2.03500413894653,6.10053072874156e-22,1.02148324521156e-11,2.97348951017185e-11
2.03667068481445,-1.62450479621849e-22,-2.1690273188657e-10,-3.17317672138273e-10
2.03833746910095,-4.60818007655128e-22,-1.78724146593368e-10,-2.6300575606264e-10
2.04000401496887,6.10049942674084e-22,1.02145566310829e-11,2.97344995847659e-11
2.04167079925537,-1.62430625570586e-22,-2.16904091909775e-10,-3.17319809317596e-10
2.04333734512329,-4.60436830065725e-22,-1.78722509014406e-10,-2.63003230305259e-10
2.04500412940979,6.09766508106282e-22,1.02142808100503e-11,2.97341075372604e-11
2.04667067527771,-1.62620065783809e-22,-2.16905465810768e-10,-3.17321918741342e-10
2.04833745956421,-4.60828155561813e-22,-1.78720857557657e-10,-2.63000732303453e-10
2.05000400543213,6.09518111584446e-22,1.02140049890176e-11,2.97337154897548e-11
2.05167078971863,-1.62413977450042e-22,-2.16906839711761e-10,-3.17324055920665e-10
2.05333733558655,-4.60205346721697e-22,-1.78719206100908e-10,-2.62998206546072e-10
2.05500411987305,6.09584906015013e-22,1.02137291679849e-11,2.97333234422492e-11
2.05667066574097,-1.6240853746524e-22,-2.16908199734966e-10,-3.17326165344411e-10
2.05833745002747,-4.6009164977715e-22,-1.78717554644159e-10,-2.62995680788691e-10
2.06000423431396,6.09382856649081e-22,1.02134533469522e-11,2.97329313947436e-11
2.06167078018188,-1.62741525119664e-22,-2.16909573635959e-10,-3.17328302523734e-10
2.06333756446838,-4.61287133769132e-22,-1.7871590318741e-10,-2.6299315503131e-10
2.0650041103363,6.10035301415683e-22,1.02131775259195e-11,2.97325393472381e-11
2.0666708946228,-1.63069274737678e-22,-2.16910947536952e-10,-3.17330411947481e-10
2.06833744049072,-4.60586877720786e-22,-1.78714251730661e-10,-2.62990657029505e-10
2.07000422477722,6.09234172145664e-22,1.02129017048869e-11,2.97321472997325e-11
2.07167077064514,-1.62989315796325e-22,-2.16912307560158e-10,-3.17332549126803e-10
2.07333755493164,-4.60389826577549e-22,-1.78712614151699e-10,-2.62988131272124e-10
2.07500410079956,6.10960931869208e-22,1.02126258838542e-11,2.97317552522269e-11
2.07667088508606,-1.62729105293573e-22,-2.16913681461151e-10,-3.1733465855055e-10
2.07833743095398,-4.60912923399244e-22,-1.7871096269495e-10,-2.62985605514743e-10
2.08000421524048,6.09020409773011e-22,1.02123500628215e-11,2.97313597352744e-11
2.0816707611084,-1.62913774476041e-22,-2.16915055362144e-10,-3.17336795729872e-10
2.0833375453949,-4.60307633582112e-22,-1.78709311238201e-10,-2.62983079757362e-10
2.08500409126282,6.09327775225234e-22,1.02120733744271e-11,2.97309676877688e-11
2.08667087554932,-1.62756822710338e-22,-2.16916415385349e-10,-3.17338905153619e-10
2.08833742141724,-4.61472320444355e-22,-1.78707659781452e-10,-2.62980553999981e-10
2.09000420570374,6.09411129423924e-22,1.02117975533944e-11,2.97305756402633e-11
2.09167075157166,-1.63180586166849e-22,-2.16917789286342e-10,-3.17341014577366e-10
2.09333753585815,-4.60657004299816e-22,-1.78706008324703e-10,-2.62978055998175e-10
2.09500408172607,6.09500441100169e-22,1.02115217323617e-11,2.97301835927577e-11
2.09667086601257,-1.62775528180123e-22,-2.16919163187335e-10,-3.17343151756688e-10
2.09833741188049,-4.60820128113241e-22,-1.78704370745741e-10,-2.62975530240794e-10
2.10000419616699,6.0976827515471e-22,1.0211245911329e-11,2.97297915452521e-11
2.10167098045349,-1.62739745449462e-22,-2.1692052321054e-10,-3.17345261180435e-10
2.10333752632141,-4.60674775758289e-22,-1.78702719288992e-10,-2.62973004483413e-10
2.10500431060791,6.09586269166657e-22,1.02109692229346e-11,2.97293994977466e-11
2.10667085647583,-1.62554041281486e-22,-2.16921897111533e-10,-3.17347398359757e-10
2.10833764076233,-4.60868595727258e-22,-1.78701067832243e-10,-2.62970478726032e-10
2.11000418663025,6.09087507126166e-22,1.02106934019019e-11,2.9729003980794e-11
2.11167097091675,-1.63059240426964e-22,-2.16923271012526e-10,-3.17349507783504e-10
2.11333751678467,-4.61012029572489e-22,-1.78699416375494e-10,-2.62967980724227e-10
2.11500430107117,6.08881014895615e-22,1.02104175808693e-11,2.97286119332885e-11
2.11667084693909,-1.62984506900247e-22,-2.16924631035731e-10,-3.17351644962827e-10
2.11833763122559,-4.60530534119491e-22,-1.78697764918745e-10,-2.62965454966846e-10
2.12000417709351,6.0822715649027e-22,1.02101408924749e-11,2.97282198857829e-11
2.12167096138,-1.6273306853076e-22,-2.16926004936724e-10,-3.17353754386573e-10
2.12333750724792,-4.60451218888637e-22,-1.78696113461996e-10,-2.62962929209465e-10
2.12500429153442,6.09126685114163e-22,1.02098650714422e-11,2.97278278382773e-11
2.12667083740234,-1.62703773392184e-22,-2.16927378837717e-10,-3.17355891565896e-10
2.12833762168884,-4.60964016342354e-22,-1.78694475883034e-10,-2.62960403452084e-10
2.13000416755676,6.0946424185095e-22,1.02095892504095e-11,2.97274323213248e-11
2.13167095184326,-1.62504904713422e-22,-2.16928738860922e-10,-3.17358000989643e-10
2.13333749771118,-4.60896616066612e-22,-1.78692824426285e-10,-2.62957877694703e-10
2.13500428199768,6.08689163923465e-22,1.02093125620151e-11,2.97270402738192e-11
2.1366708278656,-1.62928340003795e-22,-2.16930112761915e-10,-3.17360110413389e-10
2.1383376121521,-4.61030507850333e-22,-1.78691172969536e-10,-2.62955379692897e-10
2.1400043964386,6.09248661942772e-22,1.02090367409824e-11,2.97266482263137e-11
2.14167094230652,-1.62748542826277e-22,-2.16931486662908e-10,-3.17362247592712e-10
2.14333772659302,-4.6062050212801e-22,-1.78689521512787e-10,-2.62952853935516e-10
2.14500427246094,6.08508723035449e-22,1.0208760052588e-11,2.97262561788081e-11
2.14667105674744,-1.62995412113401e-22,-2.16932846686113e-10,-3.17364357016459e-10
2.14833760261536,-4.59720973504117e-22,-1.78687870056038e-10,-2.62950328178135e-10
2.15000438690186,6.09246541484658e-22,1.02084842315553e-11,2.97258606618556e-11
2.15167093276978,-1.62839709903372e-22,-2.16934220587106e-10,-3.17366494195781e-10
2.15333771705627,-4.60350749563748e-22,-1.78686218599289e-10,-2.62947802420754e-10
2.15500426292419,6.09215037535547e-22,1.02082075431609e-11,2.972546861435e-11
2.15667104721069,-1.62800304723434e-22,-2.16935594488099e-10,-3.17368603619528e-10
2.15833759307861,-4.61877832814962e-22,-1.78684581020327e-10,-2.62945276663373e-10
2.16000437736511,6.08726322427545e-22,1.02079308547665e-11,2.97250765668444e-11
2.16167092323303,-1.63077201212054e-22,-2.16936954511304e-10,-3.1737074079885e-10
2.16333770751953,-4.60563401220246e-22,-1.78682929563578e-10,-2.62942778661568e-10
2.16500425338745,6.09755249483443e-22,1.02076550337338e-11,2.97246810498919e-11
2.16667103767395,-1.62887811485929e-22,-2.16938328412297e-10,-3.17372850222597e-10
2.16833758354187,-4.60062922618425e-22,-1.78681278106829e-10,-2.62940252904187e-10
2.17000436782837,6.09175809060453e-22,1.02073783453394e-11,2.97242890023863e-11
2.17167091369629,-1.62986236083351e-22,-2.1693970231329e-10,-3.17374987401919e-10
2.17333769798279,-4.60369581251277e-22,-1.7867962665008e-10,-2.62937727146806e-10
2.17500424385071,6.09725765018249e-22,1.02071025243067e-11,2.97238969548808e-11
2.17667102813721,-1.62766289041201e-22,-2.16941062336495e-10,-3.17377096825666e-10
2.17833757400513,-4.60410122390918e-22,-1.78677975193331e-10,-2.62935201389425e-10
2.18000435829163,6.10033534367256e-22,1.02068258359123e-11,2.97235014379282e-11
2.18167114257812,-1.626856611458e-22,-2.16942436237488e-10,-3.17379206249413e-10
2.18333768844604,-4.60659377193419e-22,-1.78676323736582e-10,-2.62932675632044e-10
2.18500447273254,6.09722634818177e-22,1.02065491475178e-11,2.97231093904227e-11
2.18667101860046,-1.62809316670415e-22,-2.16943810138481e-10,-3.17381343428735e-10
2.18833780288696,-4.61382301948738e-22,-1.7867468615762e-10,-2.62930177630238e-10
2.19000434875488,6.09268705320651e-22,1.02062724591234e-11,2.97227173429171e-11
2.19167113304138,-1.62715082502121e-22,-2.16945170161686e-10,-3.17383452852482e-10
2.1933376789093,-4.60979970265301e-22,-1.78673034700871e-10,-2.62927651872857e-10
2.1950044631958,6.08883943147295e-22,1.02059966380907e-11,2.97223218259646e-11
2.19667100906372,-1.62579587753041e-22,-2.16946544062679e-10,-3.17385590031805e-10
2.19833779335022,-4.60188635492281e-22,-1.78671383244122e-10,-2.62925126115476e-10
2.20000433921814,6.10127743292001e-22,1.02057199496963e-11,2.9721929778459e-11
2.20167112350464,-1.62853631720627e-22,-2.16947917963672e-10,-3.17387699455551e-10
2.20333766937256,-4.60913377783126e-22,-1.78669731787373e-10,-2.62922600358095e-10
2.20500445365906,6.08531038332736e-22,1.02054432613019e-11,2.97215342615065e-11
2.20667099952698,-1.63080394520998e-22,-2.16949277986878e-10,-3.17389836634874e-10
2.20833778381348,-4.60443645823946e-22,-1.78668080330624e-10,-2.62920074600714e-10
2.2100043296814,6.09677499352624e-22,1.02051665729075e-11,2.97211422140009e-11
2.2116711139679,-1.62998012198944e-22,-2.16950651887871e-10,-3.17391946058621e-10
2.21333765983582,-4.60690426758649e-22,-1.78666428873875e-10,-2.62917576598909e-10
2.21500444412231,6.09971940107776e-22,1.02048898845131e-11,2.97207466970484e-11
2.21667098999023,-1.62800355210532e-22,-2.16952025788864e-10,-3.17394055482367e-10
2.21833777427673,-4.60363825722113e-22,-1.78664777417126e-10,-2.62915050841528e-10
2.22000455856323,6.10483121974359e-22,1.02046140634804e-11,2.97203546495428e-11
2.22167110443115,-1.62835860262154e-22,-2.16953385812069e-10,-3.1739619266169e-10
2.22333788871765,-4.60167733833736e-22,-1.78663139838164e-10,-2.62912525084147e-10
2.22500443458557,6.095119016714e-22,1.0204337375086e-11,2.97199626020372e-11
2.22667121887207,-1.63257364421032e-22,-2.16954759713062e-10,-3.17398302085437e-10
2.22833776473999,-4.60755201705298e-22,-1.78661488381415e-10,-2.62909999326766e-10
2.23000454902649,6.1002439620253e-22,1.02040606866916e-11,2.97195670850847e-11
2.23167109489441,-1.62841123542114e-22,-2.16956133614055e-10,-3.17400439264759e-10
2.23333787918091,-4.60309653066029e-22,-1.78659836924666e-10,-2.6290750132496e-10
2.23500442504883,6.09414411085289e-22,1.02037839982971e-11,2.97191750375791e-11
2.23667120933533,-1.62912373459074e-22,-2.1695749363726e-10,-3.17402548688506e-10
2.23833775520325,-4.60647411751209e-22,-1.78658185467917e-10,-2.62904975567579e-10
2.24000453948975,6.09748029828438e-22,1.02035073099027e-11,2.97187795206266e-11
2.24167108535767,-1.62674819041519e-22,-2.16958867538253e-10,-3.17404685867828e-10
2.24333786964417,-4.61593943863278e-22,-1.78656534011168e-10,-2.62902449810198e-10
2.24500441551208,6.09722836766569e-22,1.02032306215083e-11,2.97183874731211e-11
2.24667119979858,-1.63121516262266e-22,-2.16960241439246e-10,-3.17406795291575e-10
2.2483377456665,-4.61178536021476e-22,-1.78654882554419e-10,-2.62899924052817e-10
2.250004529953,6.09645894429317e-22,1.02029539331139e-11,2.97179919561685e-11
2.25167107582092,-1.62999918086891e-22,-2.16961601462451e-10,-3.17408904715322e-10
2.25333786010742,-4.60982393646002e-22,-1.78653244975457e-10,-2.62897398295436e-10
2.25500440597534,6.09391237507338e-22,1.02026772447195e-11,2.9717599908663e-11
2.25667119026184,-1.63033479385243e-22,-2.16962975363444e-10,-3.17411041894644e-10
2.25833773612976,-4.60733189330599e-22,-1.78651593518708e-10,-2.62894900293631e-10
2.26000452041626,6.09119061562375e-22,1.0202400556325e-11,2.97172043917104e-11
2.26167130470276,-1.62883923979388e-22,-2.16964349264437e-10,-3.17413151318391e-10
2.26333785057068,-4.61617824260601e-22,-1.78649942061959e-10,-2.6289237453625e-10
2.26500463485718,6.08856781088607e-22,1.02021238679306e-11,2.97168123442049e-11
2.2666711807251,-1.62913332713934e-22,-2.16965709287642e-10,-3.17415288497713e-10
2.2683379650116,-4.60278300578212e-22,-1.7864829060521e-10,-2.62889848778869e-10
2.27000451087952,6.08813564132775e-22,1.02018463121745e-11,2.97164168272523e-11
2.27167129516602,-1.63138984798151e-22,-2.16967083188635e-10,-3.1741739792146e-10
2.27333784103394,-4.60540682026176e-22,-1.78646639148461e-10,-2.62887323021488e-10
2.27500462532043,6.0966366588779e-22,1.020156962378e-11,2.97160247797468e-11
2.27667117118835,-1.63054822805895e-22,-2.1696844321184e-10,-3.17419535100782e-10
2.27833795547485,-4.60506098364091e-22,-1.78644987691712e-10,-2.62884797264107e-10
2.28000450134277,6.09837240530488e-22,1.02012929353856e-11,2.97156292627943e-11
2.28167128562927,-1.62694004138734e-22,-2.16969817112833e-10,-3.17421644524529e-10
2.28333783149719,-4.59983001542395e-22,-1.78643336234963e-10,-2.62882299262301e-10
2.28500461578369,6.09298543195531e-22,1.02010162469912e-11,2.97152372152887e-11
2.28667116165161,-1.62741449389017e-22,-2.16971191013826e-10,-3.17423753948276e-10
2.28833794593811,-4.60206709873342e-22,-1.78641698656001e-10,-2.6287977350492e-10
2.29000449180603,6.10047771728873e-22,1.02007395585968e-11,2.97148416983362e-11
2.29167127609253,-1.62014308961021e-22,-2.16972551037031e-10,-3.17425891127598e-10
2.29333782196045,-4.59970884638891e-22,-1.78640047199252e-10,-2.62877247747539e-10
2.29500460624695,6.09720514360064e-22,1.02004620028406e-11,2.97144461813836e-11
2.29667115211487,-1.62621832832237e-22,-2.16973924938024e-10,-3.17428000551345e-10
2.29833793640137,-4.59936250489708e-22,-1.78638395742503e-10,-2.62874721990158e-10
2.30000448226929,6.10447124673532e-22,1.02001853144462e-11,2.97140541338781e-11
2.30167126655579,-1.6279221416599e-22,-2.16975298839017e-10,-3.17430137730668e-10
2.30333805084229,-4.60429711384917e-22,-1.78636744285754e-10,-2.62872196232777e-10
2.30500459671021,6.09558703211185e-22,1.01999086260518e-11,2.97136586169255e-11
2.3066713809967,-1.63183527040303e-22,-2.16976658862222e-10,-3.17432247154414e-10
2.30833792686462,-4.59843960074685e-22,-1.78635092829005e-10,-2.62869670475396e-10
2.31000471115112,6.09139104940254e-22,1.01996310702956e-11,2.971326656942e-11
2.31167125701904,-1.62991082844753e-22,-2.16978032763215e-10,-3.17434384333737e-10
2.31333804130554,-4.60317831975895e-22,-1.78633441372256e-10,-2.62867172473591e-10
2.31500458717346,6.09845217491961e-22,1.01993543819012e-11,2.97128710524674e-11
2.31667137145996,-1.62999312241716e-22,-2.16979406664208e-10,-3.17436493757484e-10
2.31833791732788,-4.60184091653467e-22,-1.78631803793294e-10,-2.6286464671621e-10
2.32000470161438,6.09785693203497e-22,1.01990776935068e-11,2.97124755355149e-11
2.3216712474823,-1.6335859105239e-22,-2.16980766687414e-10,-3.1743860318123e-10
2.3233380317688,-4.60751112250365e-22,-1.78630152336545e-10,-2.62862120958829e-10
2.32500457763672,6.09181917999303e-22,1.01988001377507e-11,2.97120834880094e-11
2.32667136192322,-1.63019923599448e-22,-2.16982140588406e-10,-3.17440740360553e-10
2.32833790779114,-4.60627923731406e-22,-1.78628500879796e-10,-2.62859595201448e-10
2.33000469207764,6.09491000012855e-22,1.01985234493562e-11,2.97116879710568e-11
2.33167123794556,-1.63455639876394e-22,-2.16983500611612e-10,-3.174428497843e-10
2.33333802223206,-4.60452380091889e-22,-1.78626849423047e-10,-2.62857069444067e-10
2.33500456809998,6.07874958495081e-22,1.01982458936001e-11,2.97112924541043e-11
2.33667135238647,-1.63232045141418e-22,-2.16984874512605e-10,-3.17444986963622e-10
2.33833789825439,-4.60211657608939e-22,-1.78625197966298e-10,-2.62854571442261e-10
2.34000468254089,6.09193782467317e-22,1.01979692052057e-11,2.97109004065987e-11
2.34167146682739,-1.6328674791203e-22,-2.16986248413598e-10,-3.17447096387369e-10
2.34333801269531,-4.60383111793523e-22,-1.78623546509549e-10,-2.6285204568488e-10
2.34500479698181,6.08353121799616e-22,1.01976916494495e-11,2.97105048896462e-11
2.34667134284973,-1.6363523510552e-22,-2.16987608436803e-10,-3.17449205811116e-10
2.34833812713623,-4.60612828089124e-22,-1.786218950528e-10,-2.62849519927499e-10
2.35000467300415,6.0934524376112e-22,1.01974149610551e-11,2.97101093726937e-11
2.35167145729065,-1.63334432976028e-22,-2.16988982337796e-10,-3.17451342990438e-10
2.35333800315857,-4.60690729681236e-22,-1.78620257473838e-10,-2.62846994170118e-10
2.35500478744507,6.08438243046733e-22,1.01971374052989e-11,2.97097173251881e-11
2.35667133331299,-1.63255572129055e-22,-2.16990356238789e-10,-3.17453452414185e-10
2.35833811759949,-4.59925294789457e-22,-1.78618606017089e-10,-2.62844468412737e-10
2.36000466346741,6.09880861383103e-22,1.01968607169045e-11,2.97093218082356e-11
2.36167144775391,-1.63187692225883e-22,-2.16991716261994e-10,-3.17455589593507e-10
2.36333799362183,-4.60521496928961e-22,-1.7861695456034e-10,-2.62841970410932e-10
2.36500477790833,6.09057366328699e-22,1.01965831611484e-11,2.97089262912831e-11
2.36667132377625,-1.63613159621948e-22,-2.16993090162987e-10,-3.17457699017254e-10
2.36833810806274,-4.61154049778978e-22,-1.78615303103591e-10,-2.62839444653551e-10
2.37000465393066,6.09524069062002e-22,1.01963056053922e-11,2.97085342437775e-11
2.37167143821716,-1.63457507899017e-22,-2.16994450186192e-10,-3.17459836196576e-10
2.37333798408508,-4.60879046556531e-22,-1.78613651646842e-10,-2.6283691889617e-10
2.37500476837158,6.08362007528852e-22,1.01960289169978e-11,2.9708138726825e-11
2.3766713142395,-1.63639576995942e-22,-2.16995824087185e-10,-3.17461945620323e-10
2.378338098526,-4.60388867322688e-22,-1.78612000190093e-10,-2.62834393138789e-10
2.38000464439392,6.09501955713107e-22,1.01957513612416e-11,2.97077432098725e-11
2.38167142868042,-1.63510658191368e-22,-2.16997197988178e-10,-3.1746405504407e-10
2.38333821296692,-4.60523667874172e-22,-1.78610348733343e-10,-2.62831867381408e-10
2.38500475883484,6.09291828411505e-22,1.01954738054855e-11,2.97073476929199e-11
2.38667154312134,-1.63668405128863e-22,-2.16998558011383e-10,-3.17466192223392e-10
2.38833808898926,-4.6083214404255e-22,-1.78608711154382e-10,-2.62829369379602e-10
2.39000487327576,6.08823106194285e-22,1.0195197117091e-11,2.97069556454144e-11
2.39167141914368,-1.6380656307236e-22,-2.16999931912376e-10,-3.17468301647139e-10
2.39333820343018,-4.60733542740284e-22,-1.78607059697633e-10,-2.62826843622221e-10
2.3950047492981,6.09607170825202e-22,1.01949195613349e-11,2.97065601284618e-11
2.39667153358459,-1.64001859788943e-22,-2.17001305813369e-10,-3.17470438826462e-10
2.39833807945251,-4.60201509702254e-22,-1.78605408240884e-10,-2.6282431786484e-10
2.40000486373901,6.08297989888672e-22,1.01946420055787e-11,2.97061646115093e-11
2.40167140960693,-1.63854904468632e-22,-2.17002665836574e-10,-3.17472548250208e-10
2.40333819389343,-4.61087154374215e-22,-1.78603756784135e-10,-2.62821792107459e-10
2.40500473976135,6.09090637326238e-22,1.01943644498226e-11,2.97057690945568e-11
2.40667152404785,-1.63592623994864e-22,-2.17004039737567e-10,-3.17474657673955e-10
2.40833806991577,-4.61286023052978e-22,-1.78602105327386e-10,-2.62819266350078e-10
2.41000485420227,6.09422589995155e-22,1.01940877614282e-11,2.97053735776043e-11
2.41167140007019,-1.63672494583796e-22,-2.17005399760772e-10,-3.17476794853278e-10
2.41333818435669,-4.61378414442197e-22,-1.78600453870636e-10,-2.62816740592697e-10
2.41500473022461,6.08738388843951e-22,1.0193810205672e-11,2.97049815300987e-11
2.41667151451111,-1.63843178840136e-22,-2.17006773661765e-10,-3.17478904277024e-10
2.41833806037903,-4.60804376138686e-22,-1.78598802413887e-10,-2.62814242590892e-10
2.42000484466553,6.09582684582704e-22,1.01935326499158e-11,2.97045860131462e-11
2.42167162895203,-1.64109624499484e-22,-2.17008147562758e-10,-3.17481041456347e-10
2.42333817481995,-4.60675331116366e-22,-1.78597150957138e-10,-2.62811716833511e-10
2.42500495910645,6.08848450717448e-22,1.01932550941597e-11,2.97041904961937e-11
2.42667150497437,-1.63847659570078e-22,-2.17009507585963e-10,-3.17483150880093e-10
2.42833828926086,-4.61352615535153e-22,-1.78595513378177e-10,-2.6280919107613e-10
2.43000483512878,6.08906914776855e-22,1.01929775384035e-11,2.97037949792411e-11
2.43167161941528,-1.64399180627911e-22,-2.17010881486956e-10,-3.1748526030384e-10
2.4333381652832,-4.6071531689793e-22,-1.78593861921428e-10,-2.62806665318749e-10
2.4350049495697,6.0796639062944e-22,1.01926999826474e-11,2.97033994622886e-11
2.43667149543762,-1.63688511615615e-22,-2.17012241510162e-10,-3.17487397483163e-10
2.43833827972412,-4.60718396610904e-22,-1.78592210464679e-10,-2.62804139561368e-10
2.44000482559204,6.08812503903718e-22,1.01924224268912e-11,2.97030039453361e-11
2.44167160987854,-1.64171824604139e-22,-2.17013615411155e-10,-3.17489506906909e-10
2.44333815574646,-4.61864605195303e-22,-1.7859055900793e-10,-2.62801641559562e-10
2.44500494003296,6.09156724937433e-22,1.01921448711351e-11,2.97026118978305e-11
2.44667148590088,-1.64366149444087e-22,-2.17014989312148e-10,-3.17491644086232e-10
2.44833827018738,-4.60810232642046e-22,-1.7858890755118e-10,-2.62799115802181e-10
2.4500048160553,6.08558755749501e-22,1.01918673153789e-11,2.9702216380878e-11
2.4516716003418,-1.64378783840345e-22,-2.17016349335353e-10,-3.17493753509979e-10
2.45333814620972,-4.61448086637346e-22,-1.78587256094431e-10,-2.627965900448e-10
2.45500493049622,6.09430920366314e-22,1.01915897596228e-11,2.97018208639255e-11
2.45667147636414,-1.64477852148267e-22,-2.17017723236346e-10,-3.17495862933725e-10
2.45833826065063,-4.61501300038569e-22,-1.78585604637682e-10,-2.62794064287419e-10
2.46000480651855,6.07936653728757e-22,1.01913122038666e-11,2.9701425346973e-11
2.46167159080505,-1.64777518318055e-22,-2.17019097137339e-10,-3.17498000113048e-10
2.46333837509155,-4.62343222883719e-22,-1.78583967058721e-10,-2.62791538530038e-10
2.46500492095947,6.08517305842098e-22,1.01910346481104e-11,2.97010298300204e-11
2.46667170524597,-1.64937360470114e-22,-2.17020457160544e-10,-3.17500109536795e-10
2.46833825111389,-4.61717586766119e-22,-1.78582315601972e-10,-2.62789040528233e-10
2.47000503540039,6.07733291698278e-22,1.01907570923543e-11,2.97006343130679e-11
2.47167158126831,-1.64477296790189e-22,-2.17021831061537e-10,-3.17502246716117e-10
2.47333836555481,-4.62591770866848e-22,-1.78580664145223e-10,-2.62786514770852e-10
2.47500491142273,6.0846909066357e-22,1.01904786692364e-11,2.97002387961154e-11
2.47667169570923,-1.64571228035896e-22,-2.17023191084742e-10,-3.17504356139864e-10
2.47833824157715,-4.61929329654855e-22,-1.78579012688473e-10,-2.62783989013471e-10
2.48000502586365,6.08120073355552e-22,1.01902011134802e-11,2.96998432791629e-11
2.48167157173157,-1.65002539313547e-22,-2.17024564985735e-10,-3.17506465563611e-10
2.48333835601807,-4.61966235723444e-22,-1.78577361231724e-10,-2.6278146325609e-10
2.48500490188599,6.0813183684937e-22,1.01899235577241e-11,2.96994477622103e-11
2.48667168617249,-1.65026760498781e-22,-2.17025938886728e-10,-3.17508602742933e-10
2.48833823204041,-4.62219176084094e-22,-1.78575709774975e-10,-2.62778937498709e-10
2.4900050163269,6.08069687231813e-22,1.01896460019679e-11,2.96990522452578e-11
2.49167156219482,-1.64995420632738e-22,-2.17027298909933e-10,-3.1751071216668e-10
2.49333834648132,-4.61561935043188e-22,-1.78574058318226e-10,-2.62776411741328e-10
2.49500489234924,6.08139157478571e-22,1.018936757885e-11,2.96986567283053e-11
2.49667167663574,-1.65225629177544e-22,-2.17028672810926e-10,-3.17512821590427e-10
2.49833822250366,-4.62010563395431e-22,-1.78572406861477e-10,-2.62773913739522e-10
2.5,6.21753578989429e-21,1.04132605316387e-11,3.00187340263047e-11
