Time,U1,U2,U3
0.0,0.0,0.0,0.0
0.0033333299215883,-8.84779363491854e-21,-3.23659432588386e-10,6.17070616826254e-09
0.0066666598431766,4.92574874912361e-20,-2.94196667027791e-10,5.4844666586007e-09
0.00999999046325684,-5.96553222744382e-20,7.27366430974818e-11,-1.26226906704829e-09
0.0133333196863532,7.57013853870481e-20,-3.39790168224496e-10,6.38625730076114e-09
0.0166666507720947,1.96297938844662e-22,-2.8397748041975e-10,5.34677280228379e-09
0.0199999809265137,2.34848918989507e-20,6.79897665945006e-11,-1.19655962915743e-09
0.0233333092182875,2.53183930605339e-21,-3.39810457550271e-10,6.38323394142049e-09
0.0266666393727064,-2.25857740380869e-20,-2.80018952469874e-10,5.29797494763784e-09
0.0299999695271254,5.79432135028182e-20,6.09790828942636e-11,-1.10751796622566e-09
0.0333333015441895,-1.38897958336705e-19,-3.30636185097433e-10,6.26554630400733e-09
0.0366666316986084,6.97562509165219e-20,-2.90511364964274e-10,5.43327560720286e-09
0.0399999618530273,-9.78093188341307e-20,7.20239631823993e-11,-1.25044263832308e-09
0.043333288282156,-2.19361723009428e-20,-3.41574185602767e-10,6.40749675540064e-09
0.0466666184365749,4.12887202755844e-20,-2.80217932191462e-10,5.29930721526739e-09
0.0499999485909939,-1.10086585517236e-19,6.27860680113557e-11,-1.12981912714361e-09
0.0533332787454128,-4.36395611141115e-20,-3.33678695785267e-10,6.30397734013854e-09
0.0566666088998318,5.2932382765345e-20,-2.86600632115608e-10,5.38346389689082e-09
0.0599999390542507,-3.45087028808444e-21,6.75912867342809e-11,-1.19372500773096e-09
0.06333327293396,-1.93802165198966e-20,-3.36933453359833e-10,6.34794083964607e-09
0.0666666030883789,7.86596482138277e-20,-2.84794465787996e-10,5.35815614099988e-09
0.0699999332427979,-6.65678444713451e-20,6.70763791732476e-11,-1.18506326973744e-09
0.0733332633972168,3.1790580117853e-20,-3.37515904114127e-10,6.35344665766979e-09
0.0766665935516357,2.05032289081239e-20,-2.83328444039554e-10,5.34121280537647e-09
0.0799999237060547,-3.68177444412499e-20,6.49472767233483e-11,-1.15950160584077e-09
0.083333246409893,2.36287470085268e-20,-3.34939825874514e-10,6.32204022465999e-09
0.086666576564312,-5.37954972669301e-22,-2.86149270944946e-10,5.37585798099371e-09
0.0899999067187309,-1.79400268148854e-21,6.78334194370578e-11,-1.19507059803681e-09
0.0933332368731499,4.10027411580462e-21,-3.37740807543341e-10,6.35659525016763e-09
0.0966665670275688,4.49175874722487e-20,-2.83551987445563e-10,5.34383515216064e-09
0.0999998971819878,-3.07408879205232e-20,6.55271253924283e-11,-1.16669618410725e-09
0.103333227336407,3.34568284291935e-21,-3.35783900684561e-10,6.33262198235229e-09
0.106666557490826,2.34731078063961e-20,-2.85127227384052e-10,5.36298250253253e-09
0.109999887645245,-3.73356855205045e-20,6.67127394993194e-11,-1.18090404122029e-09
0.113333217799664,7.6065218840775e-21,-3.36593503069693e-10,6.34206065441845e-09
0.116666547954082,1.88022111421781e-20,-2.84662404759217e-10,5.35790523059632e-09
0.119999878108501,-2.81378280810013e-20,6.65495575313813e-11,-1.17962961621032e-09
0.12333320826292,2.892394935434e-21,-3.36682459689541e-10,6.34395336263083e-09
0.12666654586792,3.542102412756e-20,-2.84372969616697e-10,5.3534998656346e-09
0.129999876022339,-3.18484989166031e-20,6.61117410816203e-11,-1.17336973470827e-09
0.133333206176758,1.92150291978046e-20,-3.36147110147067e-10,6.33648866710246e-09
0.136666536331177,9.46876555246292e-21,-2.84957862861646e-10,5.3615472062063e-09
0.139999866485596,-3.37699070014188e-20,6.67041560875603e-11,-1.1814546008182e-09
0.143333196640015,7.32458011878692e-21,-3.36713212867323e-10,6.34417718359259e-09
0.146666526794434,3.31911875341871e-20,-2.844429691784e-10,5.3545639033814e-09
0.149999856948853,-2.92652526376912e-20,6.62577978594037e-11,-1.17538800914474e-09
0.153333187103271,-3.17465658697708e-21,-3.36346839269197e-10,6.33917052184074e-09
0.15666651725769,4.35756194065263e-20,-2.84722634358303e-10,5.35842081816895e-09
0.159999847412109,-4.60648740571626e-20,6.64495403146503e-11,-1.17807386068591e-09
0.163333162665367,1.52412939247782e-20,-3.36455086014098e-10,6.34074348582203e-09
0.166666492819786,2.6178162892855e-20,-2.84688495000296e-10,5.35782840316301e-09
0.169999822974205,-3.48550645675118e-20,6.64775456904465e-11,-1.17829790369228e-09
0.173333153128624,6.78872944835952e-21,-3.36533023670427e-10,6.34162278245753e-09
0.176666483283043,2.71512180989015e-20,-2.84571866071559e-10,5.35643351895487e-09
0.179999813437462,-3.54506313773757e-20,6.6333161186094e-11,-1.1765222129867e-09
0.183333143591881,1.55272892991619e-22,-3.36372235620885e-10,6.33961283469375e-09
0.1866664737463,3.71309777059433e-20,-2.84737317057804e-10,5.35851718552749e-09
0.189999803900719,-4.01499575283888e-20,6.64931026905791e-11,-1.17853871106632e-09
0.193333134055138,8.43677372777205e-21,-3.36519340171648e-10,6.34146468669883e-09
0.196666464209557,2.76185008279858e-20,-2.8460706014144e-10,5.35687494362946e-09
0.199999794363976,-3.55345061990189e-20,6.6381830587936e-11,-1.1771266184013e-09
0.203333124518394,5.4917094400828e-21,-3.36428745972839e-10,6.34030428159349e-09
0.206666454672813,3.08036631741978e-20,-2.84675144568425e-10,5.35775157572971e-09
0.209999784827232,-3.7249875225475e-20,6.64266905370248e-11,-1.17770138086115e-09
0.213333114981651,3.88802150932807e-21,-3.36451810856175e-10,6.3405933836691e-09
0.21666644513607,3.28343204921816e-20,-2.84670148564814e-10,5.35769295595401e-09
0.219999775290489,-3.84101155880285e-20,6.64355237489644e-11,-1.17781129294059e-09
0.223333105444908,7.52092565434316e-21,-3.36471128736804e-10,6.3408278627719e-09
0.226666435599327,2.87230131279428e-20,-2.84642170944593e-10,5.35734967499479e-09
0.229999765753746,-3.53091834926291e-20,6.64004753958558e-11,-1.17737108951133e-09
0.233333095908165,4.78601815272102e-21,-3.36431549285976e-10,6.34032160107267e-09
0.236666426062584,3.09849223570977e-20,-2.84682499795963e-10,5.35786615074585e-09
0.239999756217003,-3.69683979414854e-20,6.64381397119662e-11,-1.17784537678745e-09
0.243333086371422,4.97194072788295e-21,-3.36464717198837e-10,6.34072927496732e-09
0.246666416525841,3.19707342391534e-20,-2.84653661752898e-10,5.35751532027007e-09
0.24999974668026,-3.76226913436663e-20,6.64129792826706e-11,-1.17753495842976e-09
0.25333309173584,7.61782533945978e-21,-3.36443345405613e-10,6.34045882463852e-09
0.256666421890259,3.00747619581737e-20,-2.84669898764633e-10,5.35772093357423e-09
0.259999752044678,-3.5900333287269e-20,6.64229088398471e-11,-1.17765242002577e-09
0.263333082199097,5.70574444306482e-21,-3.36447175675048e-10,6.340489466794e-09
0.266666412353516,3.07813906899699e-20,-2.84670231831541e-10,5.35774447030235e-09
0.269999742507935,-3.67899466490241e-20,6.64252888804562e-11,-1.1776946085007e-09
0.273333072662354,5.86883594474736e-21,-3.36450617366424e-10,6.34053654025024e-09
0.276666402816772,3.07931941695701e-20,-2.84665124805628e-10,5.35767741283166e-09
0.279999732971191,-3.74744256812147e-20,6.641779487504e-11,-1.17759058060329e-09
0.28333306312561,6.60884714959443e-21,-3.36441152715139e-10,6.34039842850598e-09
0.286666393280029,2.99626434422558e-20,-2.84674728234791e-10,5.35781730093277e-09
0.289999723434448,-3.61397083705493e-20,6.64256774585148e-11,-1.17770049268273e-09
0.293333053588867,5.80160692124147e-21,-3.36446731585838e-10,6.34046992686876e-09
0.296666383743286,3.10852115440212e-20,-2.84670342853843e-10,5.35776312204916e-09
0.299999713897705,-3.72499333866118e-20,6.64212435053102e-11,-1.17763876428256e-09
0.303333044052124,6.11617142973317e-21,-3.36442040893559e-10,6.34039665214914e-09
0.306666374206543,3.09934171142477e-20,-2.84674006589825e-10,5.3578235181817e-09
0.309999704360962,-3.72333477690953e-20,6.64225063840007e-11,-1.17766085772075e-09
0.313333034515381,6.67156706940962e-21,-3.36440791892656e-10,6.34037755631311e-09
0.3166663646698,3.02213377164832e-20,-2.84676227035874e-10,5.35785682487244e-09
0.319999694824219,-3.65976723930453e-20,6.64241647796437e-11,-1.17768006457908e-09
0.323332995176315,6.00063554313032e-21,-3.36441458026471e-10,6.34037577995628e-09
0.326666325330734,3.09138332920322e-20,-2.84675394368605e-10,5.35785726896165e-09
0.329999655485153,-3.69603846293013e-20,6.64219304558067e-11,-1.17765497353872e-09
0.333332985639572,6.22816837271922e-21,-3.36437711023763e-10,6.34032248925109e-09
0.336666315793991,3.0719093650087e-20,-2.8467922463804e-10,5.35791278011288e-09
0.33999964594841,-3.69844665711191e-20,6.64243035575218e-11,-1.17768494956039e-09
0.343332976102829,6.29515990491643e-21,-3.36438349402002e-10,6.34032160107267e-09
0.346666306257248,3.05268323188053e-20,-2.84679030349011e-10,5.35792032962945e-09
0.349999636411667,-3.67220822958779e-20,6.64232141511789e-11,-1.17767340324093e-09
0.353332966566086,6.09409968220671e-21,-3.36436101200377e-10,6.34028607393589e-09
0.356666296720505,3.07909194228856e-20,-2.84681139772758e-10,5.35795452449861e-09
0.359999626874924,-3.6962517204318e-20,6.64237900793729e-11,-1.1776811748021e-09
0.363332957029343,6.27921890666631e-21,-3.36434935466201e-10,6.34026298129697e-09
0.366666287183762,3.06825458379441e-20,-2.84682666329417e-10,5.35798339029725e-09
0.369999617338181,-3.69081882401795e-20,6.64242341685828e-11,-1.17768872431867e-09
0.373332947492599,6.26260905534276e-21,-3.36434019532206e-10,6.34024432955016e-09
0.376666277647018,3.06295513487782e-20,-2.84683693285714e-10,5.35800426249011e-09
0.379999607801437,-3.68377809528844e-20,6.64239566128266e-11,-1.17768594876111e-09
0.383332937955856,6.15878859884134e-21,-3.36432243175366e-10,6.34021368739468e-09
0.386666268110275,3.0725911427792e-20,-2.84685608420432e-10,5.35803756918085e-09
0.389999598264694,-3.69151417272038e-20,6.64245741743841e-11,-1.17769549667912e-09
0.393332928419113,6.22585767922097e-21,-3.36431327241371e-10,6.34019459155866e-09
0.396666258573532,3.06923136777556e-20,-2.84686746399032e-10,5.35806066181976e-09
0.399999588727951,-3.69040394124196e-20,6.64245533577024e-11,-1.17769627383524e-09
0.40333291888237,6.24868915659715e-21,-3.36429883951439e-10,6.34016839029528e-09
0.406666249036789,3.0643871913133e-20,-2.84688272955691e-10,5.35808908352919e-09
0.409999579191208,-3.68610454076125e-20,6.64247823412012e-11,-1.17770049268273e-09
0.413332909345627,6.20567616864117e-21,-3.36428551683809e-10,6.34014440947794e-09
0.416666239500046,3.06838673882196e-20,-2.8468979951235e-10,5.3581166170602e-09
0.419999569654465,-3.68853599939776e-20,6.64250737747452e-11,-1.17770548868634e-09
0.423332899808884,6.22116641808093e-21,-3.36427385949634e-10,6.34012176092824e-09
0.426666229963303,3.06944494839466e-20,-2.84691104024404e-10,5.35814193014517e-09
0.429999560117722,-3.69078651227527e-20,6.64251501025781e-11,-1.17770770913239e-09
0.433332890272141,6.24293645471014e-21,-3.36425970415277e-10,6.34009644784328e-09
0.436666220426559,3.06596949735223e-20,-2.84692686092214e-10,5.35817079594381e-09
0.439999550580978,-3.68845425068878e-20,6.64254554139099e-11,-1.17771281615831e-09
0.443332880735397,6.22205377931422e-21,-3.36424776925526e-10,6.34007335520437e-09
0.446666210889816,3.06810077989926e-20,-2.84694073870995e-10,5.35819655311798e-09
0.449999541044235,-3.68892115537048e-20,6.64256011306819e-11,-1.17771592478277e-09
0.453332871198654,6.22185586989032e-21,-3.36423472413472e-10,6.34004893029783e-09
0.456666201353073,3.06815861791866e-20,-2.84695517160927e-10,5.35822408664899e-09
0.459999531507492,-3.68964429217161e-20,6.6425809297499e-11,-1.17771981056336e-09
0.463332861661911,6.23464162646795e-21,-3.36422167901418e-10,6.34002494948049e-09
0.46666619181633,3.06568030725527e-20,-2.84696988206434e-10,5.35825117609079e-09
0.469999521970749,-3.68823550019085e-20,6.64260313421039e-11,-1.17772391838855e-09
0.473332852125168,6.21668235599082e-21,-3.36420918900515e-10,6.34000141275237e-09
0.476666182279587,3.06734210018119e-20,-2.84698403740791e-10,5.35827782144338e-09
0.479999512434006,-3.68906041898142e-20,6.64262048144515e-11,-1.17772736007993e-09
0.483332842588425,6.2231418772489e-21,-3.36419586632886e-10,6.33997698784583e-09
0.486666172742844,3.06744323593577e-20,-2.84699874786298e-10,5.35830535497439e-09
0.489999502897263,-3.6883036779679e-20,6.64264268590564e-11,-1.17773146790512e-09
0.493332833051682,6.22683268605628e-21,-3.36418309876407e-10,6.33995345111771e-09
0.4966661632061,3.06697116137525e-20,-2.8470131807623e-10,5.35833200032698e-09
0.499999493360519,-3.68821417444069e-20,6.64266142091918e-11,-1.1777351316411e-09
0.503332853317261,6.22241567083222e-21,-3.36417033119929e-10,6.33992902621117e-09
0.50666618347168,3.06710170081566e-20,-2.84702761366162e-10,5.35835908976878e-09
0.509999513626099,-3.68886977969962e-20,6.64268223760089e-11,-1.17773901742169e-09
0.513332843780518,6.22226582512555e-21,-3.36415728607875e-10,6.33990504539383e-09
0.516666173934937,3.06688747396171e-20,-2.8470423241167e-10,5.35838617921058e-09
0.519999504089355,-3.68864618244029e-20,6.64270236039322e-11,-1.17774290320227e-09
0.523332834243774,6.22200894677126e-21,-3.36414451851397e-10,6.33988150866571e-09
0.526666164398193,3.06661767091035e-20,-2.84705647946026e-10,5.35841326865238e-09
0.529999494552612,-3.68816118318269e-20,6.64272178929615e-11,-1.17774656693825e-09
0.533332824707031,6.22138533013758e-21,-3.36413175094918e-10,6.33985708375917e-09
0.53666615486145,3.06679183120338e-20,-2.84707118991534e-10,5.35844035809419e-09
0.539999485015869,-3.68870692851652e-20,6.64274260597786e-11,-1.17775045271884e-09
0.543332815170288,6.22104726852981e-21,-3.36411870582864e-10,6.33983354703105e-09
0.546666145324707,3.06745357569343e-20,-2.84708562281466e-10,5.35846700344678e-09
0.549999475479126,-3.69042882128383e-20,6.64276272877018e-11,-1.17775422747712e-09
0.553332805633545,6.21983517428261e-21,-3.36410593826386e-10,6.33980956621372e-09
0.556666135787964,3.06726778317303e-20,-2.84710005571398e-10,5.35849409288858e-09
0.559999465942383,-3.68904878675406e-20,6.6427828515625e-11,-1.17775811325771e-09
0.563332796096802,6.22107473351109e-21,-3.36409289314332e-10,6.33978558539638e-09
0.566666126251221,3.06760511776659e-20,-2.8471144886133e-10,5.35852118233038e-09
0.56999945640564,-3.68886816411249e-20,6.64280297435482e-11,-1.17776188801599e-09
0.573332786560059,6.21689601738927e-21,-3.36408012557854e-10,6.33976160457905e-09
0.576666116714478,3.06745712998512e-20,-2.84712892151262e-10,5.35854827177218e-09
0.579999446868896,-3.68886654852535e-20,6.64282240325775e-11,-1.17776566277428e-09
0.583332777023315,6.22039941808912e-21,-3.36406735801376e-10,6.33973762376172e-09
0.586666107177734,3.06706583478129e-20,-2.8471436319677e-10,5.35857536121398e-09
0.589999437332153,-3.68911987258795e-20,6.64284321993946e-11,-1.17776954855486e-09
0.593332767486572,6.22102465030993e-21,-3.36405431289322e-10,6.33971364294439e-09
0.596666097640991,3.06821031670694e-20,-2.84715806486702e-10,5.35860245065578e-09
0.59999942779541,-3.68733012516102e-20,6.6428626488424e-11,-1.17777332331315e-09
0.603332757949829,6.22235549021148e-21,-3.36404154532843e-10,6.33968966212706e-09
0.606666088104248,3.06712173409612e-20,-2.84717249776634e-10,5.35862909600837e-09
0.609999418258667,-3.68888335063154e-20,6.64288277163472e-11,-1.17777720909373e-09
0.613332748413086,6.22920194458813e-21,-3.36402877776365e-10,6.33966568130973e-09
0.616666078567505,3.06805457410723e-20,-2.84718693066566e-10,5.35865618545017e-09
0.619999408721924,-3.68832112630895e-20,6.64290289442704e-11,-1.17778098385202e-09
0.623332738876343,6.22585202466601e-21,-3.36401573264311e-10,6.33964170049239e-09
0.626666069030762,3.0674858874361e-20,-2.84720136356498e-10,5.35868327489197e-09
0.629999399185181,-3.68875862730481e-20,6.64292301721936e-11,-1.1777847586103e-09
0.6333327293396,6.21830319378289e-21,-3.36400296507833e-10,6.33961771967506e-09
0.636666059494019,3.06762418169477e-20,-2.8472157964643e-10,5.35871036433377e-09
0.639999389648438,-3.68868301782694e-20,6.64294314001168e-11,-1.17778864439089e-09
0.643332660198212,6.21684876146561e-21,-3.36398991995779e-10,6.33959373885773e-09
0.646665990352631,3.06695048185993e-20,-2.84723050691937e-10,5.35873745377557e-09
0.64999932050705,-3.68885717811998e-20,6.642963262804e-11,-1.17779241914917e-09
0.653332650661469,6.21626634230384e-21,-3.36397715239301e-10,6.3395697580404e-09
0.656665980815887,3.0668716412078e-20,-2.84724493981869e-10,5.35876454321738e-09
0.659999310970306,-3.68889982962031e-20,6.64298338559632e-11,-1.17779619390745e-09
0.663332641124725,6.21147451086471e-21,-3.36396438482822e-10,6.33954577722307e-09
0.666665971279144,3.06660830050497e-20,-2.84725937271801e-10,5.35879118856997e-09
0.669999301433563,-3.68877187511931e-20,6.64300350838865e-11,-1.17780007968804e-09
0.673332631587982,6.21286755087091e-21,-3.36395133970768e-10,6.33952179640573e-09
0.676665961742401,3.06698440918974e-20,-2.84727380561733e-10,5.35881827801177e-09
0.67999929189682,-3.69007177652724e-20,6.64302363118097e-11,-1.17780385444632e-09
0.683332622051239,6.21627643972342e-21,-3.3639385721429e-10,6.3394978155884e-09
0.686665952205658,3.06749073419751e-20,-2.84728823851665e-10,5.35884536745357e-09
0.689999282360077,-3.68888302751412e-20,6.64304375397329e-11,-1.17780762920461e-09
0.693332612514496,6.21776681885444e-21,-3.36392580457812e-10,6.33947383477107e-09
0.696665942668915,3.06693981898485e-20,-2.84730267141597e-10,5.35887245689537e-09
0.699999272823334,-3.68944719054127e-20,6.64306387676561e-11,-1.17781151498519e-09
0.703332602977753,6.21322580731785e-21,-3.36391275945758e-10,6.33944985395374e-09
0.706665933132172,3.06710008522853e-20,-2.84731738187105e-10,5.35889954633717e-09
0.709999263286591,-3.68990310923046e-20,6.64308399955793e-11,-1.17781528974348e-09
0.71333259344101,6.2107515356223e-21,-3.36389999189279e-10,6.33942587313641e-09
0.716665923595428,3.06693691092801e-20,-2.84733181477037e-10,5.35892663577897e-09
0.719999253749847,-3.68944622118899e-20,6.64310412235025e-11,-1.17781906450176e-09
0.723332583904266,6.21360223912005e-21,-3.36388694677225e-10,6.33940189231907e-09
0.726665914058685,3.06698667101173e-20,-2.84734624766969e-10,5.35895328113156e-09
0.729999244213104,-3.68882842066899e-20,6.64312424514257e-11,-1.17782295028235e-09
0.733332574367523,6.21341159983825e-21,-3.36387417920747e-10,6.33937791150174e-09
0.736665904521942,3.06763969133125e-20,-2.84736068056901e-10,5.35898037057336e-09
0.739999234676361,-3.68871080592565e-20,6.64314436793489e-11,-1.17782672504063e-09
0.74333256483078,6.21683745235567e-21,-3.36386141164269e-10,6.33935393068441e-09
0.746665894985199,3.06812759864569e-20,-2.84737511346833e-10,5.35900746001516e-09
0.749999225139618,-3.68849722530654e-20,6.64316449072722e-11,-1.17783049979892e-09
0.753332555294037,6.21378601215653e-21,-3.36384836652215e-10,6.33932994986708e-09
0.756665885448456,3.06728975515805e-20,-2.84738954636765e-10,5.35903454945696e-09
0.759999215602875,-3.68864262814859e-20,6.64318461351954e-11,-1.1778343855795e-09
0.763332545757294,6.21282675729578e-21,-3.36383559895737e-10,6.33930596904975e-09
0.766665875911713,3.06769623688094e-20,-2.84740425682273e-10,5.35906163889877e-09
0.769999206066132,-3.6898010041236e-20,6.64320473631186e-11,-1.17783816033779e-09
0.773332536220551,6.21160496952577e-21,-3.36382283139258e-10,6.33928198823241e-09
0.776665866374969,3.06807751544454e-20,-2.84741868972205e-10,5.35908872834057e-09
0.779999196529388,-3.68810366828073e-20,6.64322416521479e-11,-1.17784193509607e-09
0.783332526683807,6.21333768672687e-21,-3.36380978627204e-10,6.33925800741508e-09
0.786665856838226,3.06718700381633e-20,-2.84743312262137e-10,5.35911537369316e-09
0.789999186992645,-3.68868818770577e-20,6.64324428800711e-11,-1.17784582087666e-09
0.793332517147064,6.21183680627949e-21,-3.36379701870726e-10,6.33923402659775e-09
0.796665847301483,3.06762353545991e-20,-2.84744755552069e-10,5.35914246313496e-09
0.799999177455902,-3.68800414811328e-20,6.64326441079943e-11,-1.17784959563494e-09
0.803332507610321,6.20879829077742e-21,-3.36378397358672e-10,6.33921004578042e-09
0.80666583776474,3.06872536588523e-20,-2.84746198842001e-10,5.35916955257676e-09
0.809999167919159,-3.68960164067127e-20,6.64328453359175e-11,-1.17785337039322e-09
0.813332498073578,6.21740169616218e-21,-3.36377120602194e-10,6.33918606496309e-09
0.816665828227997,3.06716115442219e-20,-2.84747642131933e-10,5.35919664201856e-09
0.819999158382416,-3.68812854832259e-20,6.64330465638407e-11,-1.17785725617381e-09
0.823332488536835,6.21655714798794e-21,-3.36375843845715e-10,6.33916208414576e-09
0.826665818691254,3.06856348405441e-20,-2.8474911317744e-10,5.35922373146036e-09
0.829999148845673,-3.68886784099506e-20,6.6433247791764e-11,-1.17786103093209e-09
0.833332479000092,6.21320924754973e-21,-3.36374539333661e-10,6.33913810332842e-09
0.83666580915451,3.06781837526826e-20,-2.84750556467372e-10,5.35925082090216e-09
0.839999139308929,-3.68919742077037e-20,6.64334490196872e-11,-1.17786480569038e-09
0.843332469463348,6.21663267668645e-21,-3.36373262577183e-10,6.33911412251109e-09
0.846665799617767,3.0677899409347e-20,-2.84751999757304e-10,5.35927746625475e-09
0.849999129772186,-3.68763708671646e-20,6.64336502476104e-11,-1.17786858044866e-09
0.853332459926605,6.21023495163623e-21,-3.36371958065129e-10,6.33909058578297e-09
0.856665790081024,3.06765617032002e-20,-2.84753443047236e-10,5.35930455569655e-09
0.859999120235443,-3.68844294157885e-20,6.64338514755336e-11,-1.17787246622925e-09
0.863332450389862,6.21612174725535e-21,-3.36370681308651e-10,6.33906660496564e-09
0.866665780544281,3.06897836683039e-20,-2.84754886337169e-10,5.35933164513835e-09
0.8699991106987,-3.68869044952776e-20,6.64340527034568e-11,-1.17787624098753e-09
0.873332440853119,6.21647152186984e-21,-3.36369404552173e-10,6.33904262414831e-09
0.876665771007538,3.06797767215966e-20,-2.84756329627101e-10,5.35935873458016e-09
0.879999101161957,-3.68863164215608e-20,6.643425393138e-11,-1.17788001574581e-09
0.883332431316376,6.20815286371743e-21,-3.36368100040119e-10,6.33901864333097e-09
0.886665761470795,3.06801612313345e-20,-2.84757772917033e-10,5.35938582402196e-09
0.889999091625214,-3.68895379023058e-20,6.64344551593032e-11,-1.1778839015264e-09
0.893332421779633,6.21349439867886e-21,-3.3636682328364e-10,6.33899466251364e-09
0.896665751934052,3.06844910048533e-20,-2.8475924396254e-10,5.35941291346376e-09
0.89999908208847,-3.68896509934052e-20,6.64346563872265e-11,-1.17788767628468e-09
0.903332412242889,6.20975391056712e-21,-3.36365546527162e-10,6.33897068169631e-09
0.906665742397308,3.0685886872137e-20,-2.84760687252472e-10,5.35943955881635e-09
0.909999072551727,-3.68881097232795e-20,6.64348506762558e-11,-1.17789145104297e-09
0.913332402706146,6.21187113750608e-21,-3.36364242015108e-10,6.33894670087898e-09
0.916665732860565,3.06759283930437e-20,-2.84762130542404e-10,5.35946664825815e-09
0.919999063014984,-3.6887608891268e-20,6.6435051904179e-11,-1.17789533682355e-09
0.923332393169403,6.21148783945857e-21,-3.3636296525863e-10,6.33892272006165e-09
0.926665723323822,3.06747167026933e-20,-2.84763573832336e-10,5.35949373769995e-09
0.929999053478241,-3.68857865089809e-20,6.64352531321022e-11,-1.17789911158184e-09
0.93333238363266,6.20616569154274e-21,-3.36361660746576e-10,6.33889873924431e-09
0.936665713787079,3.0679479453564e-20,-2.84765017122268e-10,5.35952082714175e-09
0.939999043941498,-3.6886704162473e-20,6.64354543600254e-11,-1.17790288634012e-09
0.943332374095917,6.20759265887875e-21,-3.36360383990097e-10,6.33887475842698e-09
0.946665704250336,3.06755858885713e-20,-2.847664604122e-10,5.35954791658355e-09
0.949999034404755,-3.68899611861349e-20,6.64356555879486e-11,-1.1779066610984e-09
0.953332364559174,6.20998292004335e-21,-3.36359107233619e-10,6.33885077760965e-09
0.956665694713593,3.06717310976698e-20,-2.84767931457708e-10,5.35957456193614e-09
0.959999024868011,-3.68985754967328e-20,6.64358568158718e-11,-1.17791054687899e-09
0.96333235502243,6.20819002222151e-21,-3.36357802721565e-10,6.33882679679232e-09
0.966665685176849,3.06750882877341e-20,-2.8476937474764e-10,5.35960165137794e-09
0.969999015331268,-3.69016160317188e-20,6.6436058043795e-11,-1.17791432163727e-09
0.973332345485687,6.20382349409538e-21,-3.36356525965087e-10,6.33880281597499e-09
0.976665675640106,3.06702932251207e-20,-2.84770818037572e-10,5.35962874081974e-09
0.979999005794525,-3.68962716694799e-20,6.64362592717183e-11,-1.17791809639556e-09
0.983332335948944,6.20170505546606e-21,-3.36355221453033e-10,6.33877883515765e-09
0.986665666103363,3.06748039443985e-20,-2.84772261327504e-10,5.35965583026154e-09
0.989998996257782,-3.68936834988914e-20,6.64364604996415e-11,-1.17792198217614e-09
0.993332326412201,6.20666490796711e-21,-3.36353944696555e-10,6.33875485434032e-09
0.99666565656662,3.06764938485405e-20,-2.84773704617436e-10,5.35968291970335e-09
0.999998986721039,-3.68881258791508e-20,6.64366617275647e-11,-1.17792575693443e-09
1.0033323764801,6.20793233607365e-21,-3.36352667940076e-10,6.33873087352299e-09
1.00666570663452,3.06804294187987e-20,-2.84775147907368e-10,5.35971000914515e-09
1.00999903678894,-3.68864715179257e-20,6.64368629554879e-11,-1.17792953169271e-09
1.01333236694336,6.20468298645061e-21,-3.36351363428022e-10,6.33870689270566e-09
1.01666569709778,3.06770722287345e-20,-2.84776618952876e-10,5.35973665449774e-09
1.0199990272522,-3.68882874378642e-20,6.64370572445172e-11,-1.177933306451e-09
1.02333235740662,6.20682525499015e-21,-3.36350086671544e-10,6.33868291188833e-09
1.02666568756104,3.06783420802217e-20,-2.84778062242808e-10,5.35976374393954e-09
1.02999901771545,-3.68940356968866e-20,6.64372584724404e-11,-1.17793719223158e-09
1.03333234786987,6.20323824765613e-21,-3.36348809915066e-10,6.338658931071e-09
1.03666567802429,3.06733208354096e-20,-2.8477950553274e-10,5.35979083338134e-09
1.03999900817871,-3.68924330344498e-20,6.64374597003636e-11,-1.17794096698987e-09
1.04333233833313,6.20205159890628e-21,-3.36347505403012e-10,6.33863495025366e-09
1.04666566848755,3.06750462824686e-20,-2.84780948822672e-10,5.35981792282314e-09
1.04999899864197,-3.68876412030106e-20,6.64376609282868e-11,-1.17794474174815e-09
1.05333232879639,6.20047276637969e-21,-3.36346228646534e-10,6.33861096943633e-09
1.05666565895081,3.0673482394123e-20,-2.84782392112604e-10,5.35984501226494e-09
1.05999898910522,-3.69000941486387e-20,6.64378621562101e-11,-1.17794862752874e-09
1.06333231925964,6.19804494281423e-21,-3.3634492413448e-10,6.338586988619e-09
1.06666564941406,3.06691817011725e-20,-2.84783835402536e-10,5.35987210170674e-09
1.06999897956848,-3.68948919580675e-20,6.64380633841333e-11,-1.17795240228702e-09
1.0733323097229,6.20056162367205e-21,-3.36343647378001e-10,6.33856300780167e-09
1.07666563987732,3.06662090208462e-20,-2.84785306448043e-10,5.35989874705933e-09
1.07999897003174,-3.69008082381519e-20,6.64382646120565e-11,-1.1779561770453e-09
1.08333230018616,6.20195870264608e-21,-3.36342370621523e-10,6.33853902698434e-09
1.08666563034058,3.06746553103822e-20,-2.84786749737975e-10,5.35992583650113e-09
1.089998960495,-3.68979906541904e-20,6.64384658399797e-11,-1.17795995180359e-09
1.09333229064941,6.20058343409836e-21,-3.36341066109469e-10,6.338515046167e-09
1.09666562080383,3.06808882455447e-20,-2.84788193027907e-10,5.35995292594293e-09
1.09999895095825,-3.68938547511276e-20,6.64386670679029e-11,-1.17796383758417e-09
1.10333228111267,6.20232342144156e-21,-3.36339789352991e-10,6.33849106534967e-09
1.10666561126709,3.06823616610108e-20,-2.84789636317839e-10,5.35998001538474e-09
1.10999894142151,-3.68875119560399e-20,6.64388613569322e-11,-1.17796761234246e-09
1.11333227157593,6.20618992534975e-21,-3.36338484840937e-10,6.33846708453234e-09
1.11666560173035,3.06805425098981e-20,-2.84791079607771e-10,5.36000710482654e-09
1.11999893188477,-3.68936124130575e-20,6.64390625848554e-11,-1.17797138710074e-09
1.12333226203918,6.20485787375785e-21,-3.36337208084458e-10,6.33844310371501e-09
1.1266655921936,3.06867722138864e-20,-2.84792522897703e-10,5.36003419426834e-09
1.12999892234802,-3.6887114521605e-20,6.64392638127786e-11,-1.17797516185902e-09
1.13333225250244,6.2036445678203e-21,-3.3633593132798e-10,6.33841912289768e-09
1.13666558265686,3.0676161037591e-20,-2.84793966187635e-10,5.36006083962093e-09
1.13999891281128,-3.68913279728502e-20,6.64394650407019e-11,-1.17797904763961e-09
1.1433322429657,6.20213843671473e-21,-3.36334626815926e-10,6.33839514208034e-09
1.14666557312012,3.06857673186891e-20,-2.84795437233143e-10,5.36008792906273e-09
1.14999890327454,-3.68794210956734e-20,6.64396662686251e-11,-1.17798282239789e-09
1.15333223342896,6.20934355143511e-21,-3.36333350059448e-10,6.33837116126301e-09
1.15666556358337,3.06777313882851e-20,-2.84796880523075e-10,5.36011501850453e-09
1.15999889373779,-3.68836862457069e-20,6.64398674965483e-11,-1.17798659715618e-09
1.16333222389221,6.20669802750336e-21,-3.3633207330297e-10,6.33834718044568e-09
1.16666555404663,3.06833245509426e-20,-2.84798323813007e-10,5.36014210794633e-09
1.16999888420105,-3.68830400108533e-20,6.64400687244715e-11,-1.17799037191446e-09
1.17333221435547,6.20368253411795e-21,-3.36330768790916e-10,6.33832319962835e-09
1.17666554450989,3.06792920454564e-20,-2.84799767102939e-10,5.36016919738813e-09
1.17999887466431,-3.68875798106995e-20,6.64402699523947e-11,-1.17799425769505e-09
1.18333220481873,6.20283233138874e-21,-3.36329492034437e-10,6.33829921881102e-09
1.18666553497314,3.06812339811914e-20,-2.84801210392871e-10,5.36019584274072e-09
1.18999886512756,-3.6884616823896e-20,6.6440464241424e-11,-1.17799803245333e-09
1.19333219528198,6.2018605557277e-21,-3.36328187522383e-10,6.33827523799368e-09
1.1966655254364,3.06834311796935e-20,-2.84802653682803e-10,5.36022293218252e-09
1.19999885559082,-3.68750493168891e-20,6.64406654693472e-11,-1.17800180721161e-09
1.20333218574524,6.20345473633207e-21,-3.36326910765905e-10,6.33825125717635e-09
1.20666551589966,3.06859967320621e-20,-2.84804124728311e-10,5.36025002162432e-09
1.20999884605408,-3.68806360171981e-20,6.64408666972705e-11,-1.1780055819699e-09
1.2133321762085,6.20472620340644e-21,-3.36325634009427e-10,6.33822727635902e-09
1.21666550636292,3.06786845846941e-20,-2.84805568018243e-10,5.36027711106613e-09
1.21999883651733,-3.68739345617667e-20,6.64410679251937e-11,-1.17800946775048e-09
1.22333216667175,6.20290786008725e-21,-3.36324329497373e-10,6.33820329554169e-09
1.22666549682617,3.06838609258711e-20,-2.84807011308175e-10,5.36030420050793e-09
1.22999882698059,-3.68886977969962e-20,6.64412691531169e-11,-1.17801324250877e-09
1.23333215713501,6.1992699617585e-21,-3.36323052740894e-10,6.33817931472436e-09
1.23666548728943,3.06708877611859e-20,-2.84808454598107e-10,5.36033128994973e-09
1.23999881744385,-3.68800156317387e-20,6.64414703810401e-11,-1.17801701726705e-09
1.24333214759827,6.20539303699596e-21,-3.36321748228841e-10,6.33815533390703e-09
1.24666547775269,3.06789656968554e-20,-2.84809897888039e-10,5.36035793530232e-09
1.2499988079071,-3.68870240487255e-20,6.64416716089633e-11,-1.17802079202534e-09
1.25333213806152,6.20130762103113e-21,-3.36320471472362e-10,6.33813135308969e-09
1.25666546821594,3.06808139285366e-20,-2.84811341177971e-10,5.36038502474412e-09
1.25999879837036,-3.68806166301525e-20,6.64418728368865e-11,-1.17802467780592e-09
1.26333212852478,6.199052665289e-21,-3.36319194715884e-10,6.33810737227236e-09
1.2666654586792,3.06784584024954e-20,-2.84812812223478e-10,5.36041211418592e-09
1.26999878883362,-3.68802288892403e-20,6.64420671259158e-11,-1.17802845256421e-09
1.27333211898804,6.20428837929316e-21,-3.3631789020383e-10,6.33808339145503e-09
1.27666544914246,3.06841581939037e-20,-2.8481425551341e-10,5.36043920362772e-09
1.27999877929688,-3.68841062983617e-20,6.6442268353839e-11,-1.17803222732249e-09
1.28333210945129,6.19813299231303e-21,-3.36316613447352e-10,6.3380594106377e-09
1.28666532039642,3.06941425223912e-20,-2.84815698803342e-10,5.36046629306952e-09
1.28999865055084,-3.6878390351082e-20,6.64424695817623e-11,-1.17803600208077e-09
1.29333198070526,6.20299873686353e-21,-3.36315308935298e-10,6.33803542982037e-09
1.29666531085968,3.06780157316207e-20,-2.84817142093274e-10,5.36049338251132e-09
1.2999986410141,-3.68926818348684e-20,6.64426708096855e-11,-1.17803988786136e-09
1.30333197116852,6.19985238092027e-21,-3.36314032178819e-10,6.33801144900303e-09
1.30666530132294,3.06785133324579e-20,-2.84818585383206e-10,5.36052002786391e-09
1.30999863147736,-3.68965463192927e-20,6.64428720376087e-11,-1.17804366261964e-09
1.31333196163177,6.19581785595016e-21,-3.36312755422341e-10,6.3379874681857e-09
1.31666529178619,3.06715469207366e-20,-2.84820028673138e-10,5.36054711730571e-09
1.31999862194061,-3.68939516863556e-20,6.64430732655319e-11,-1.17804743737793e-09
1.32333195209503,6.19815601442968e-21,-3.36311450910287e-10,6.33796393145758e-09
1.32666528224945,3.06776021413144e-20,-2.8482147196307e-10,5.36057420674751e-09
1.32999861240387,-3.68908174473159e-20,6.64432744934551e-11,-1.17805121213621e-09
1.33333194255829,6.1974762561431e-21,-3.36310174153809e-10,6.33793995064025e-09
1.33666527271271,3.068071053096e-20,-2.84822943008578e-10,5.36060129618932e-09
1.33999860286713,-3.68864909049713e-20,6.64434687824844e-11,-1.1780550979168e-09
1.34333193302155,6.19244733729208e-21,-3.36308869641755e-10,6.33791596982292e-09
1.34666526317596,3.06855379053161e-20,-2.8482438629851e-10,5.36062838563112e-09
1.34999859333038,-3.68930695757805e-20,6.64436700104076e-11,-1.17805887267508e-09
1.3533319234848,6.19180514140635e-21,-3.36307592885277e-10,6.33789198900558e-09
1.35666525363922,3.06816378779749e-20,-2.84825829588442e-10,5.36065503098371e-09
1.35999858379364,-3.68870240487255e-20,6.64438712383308e-11,-1.17806264743336e-09
1.36333191394806,6.18988218882024e-21,-3.36306316128798e-10,6.33786800818825e-09
1.36666524410248,3.0674761939133e-20,-2.84827272878374e-10,5.36068212042551e-09
1.3699985742569,-3.68950212050383e-20,6.64440724662541e-11,-1.17806642219165e-09
1.37333190441132,6.19147434994069e-21,-3.36305011616744e-10,6.33784402737092e-09
1.37666523456573,3.06849627562964e-20,-2.84828716168306e-10,5.36070920986731e-09
1.37999856472015,-3.68908303720129e-20,6.64442736941773e-11,-1.17807019694993e-09
1.38333189487457,6.19051065221532e-21,-3.36303734860266e-10,6.33782004655359e-09
1.38666522502899,3.06769559064608e-20,-2.84830159458238e-10,5.36073629930911e-09
1.38999855518341,-3.68806360171981e-20,6.64444749221005e-11,-1.17807408273052e-09
1.39333188533783,6.18676168227112e-21,-3.36302430348212e-10,6.33779606573626e-09
1.39666521549225,3.06770916157801e-20,-2.84831630503746e-10,5.36076338875091e-09
1.39999854564667,-3.69069442380864e-20,6.64446692111298e-11,-1.1780778574888e-09
1.40333187580109,6.19138791602903e-21,-3.36301153591734e-10,6.33777208491892e-09
1.40666520595551,3.06738669038608e-20,-2.84833073793678e-10,5.36079047819271e-09
1.40999853610992,-3.6880115798141e-20,6.6444870439053e-11,-1.17808163224709e-09
1.41333186626434,6.19290010558635e-21,-3.36299876835255e-10,6.33774810410159e-09
1.41666519641876,3.06826524666949e-20,-2.8483451708361e-10,5.3608171235453e-09
1.41999852657318,-3.68933248385477e-20,6.64450716669762e-11,-1.17808540700537e-09
1.4233318567276,6.19080630466082e-21,-3.36298572323201e-10,6.33772412328426e-09
1.42666518688202,3.06778897158242e-20,-2.84835960373542e-10,5.3608442129871e-09
1.42999851703644,-3.68872696179698e-20,6.64452728948994e-11,-1.17808929278596e-09
1.43333184719086,6.19589459633902e-21,-3.36297295566723e-10,6.33770014246693e-09
1.43666517734528,3.06818737536964e-20,-2.84837403663474e-10,5.3608713024289e-09
1.43999850749969,-3.68956480528462e-20,6.64454741228226e-11,-1.17809306754424e-09
1.44333183765411,6.19731550522328e-21,-3.36296018810245e-10,6.3376761616496e-09
1.44666516780853,3.06739250649976e-20,-2.84838846953406e-10,5.36089839187071e-09
1.44999849796295,-3.68859997664826e-20,6.64456753507459e-11,-1.17809684230252e-09
1.45333182811737,6.19539174484359e-21,-3.36294714298191e-10,6.33765218083227e-09
1.45666515827179,3.06853698842541e-20,-2.84840290243338e-10,5.36092548131251e-09
1.45999848842621,-3.68934185426014e-20,6.64458765786691e-11,-1.17810061706081e-09
1.46333181858063,6.19783976324823e-21,-3.36293437541713e-10,6.33762820001493e-09
1.46666514873505,3.06799415114843e-20,-2.84841761288845e-10,5.36095257075431e-09
1.46999847888947,-3.68721638782679e-20,6.64460708676984e-11,-1.17810439181909e-09
1.47333180904388,6.19435696128434e-21,-3.36292133029659e-10,6.3376042191976e-09
1.4766651391983,3.06832857768514e-20,-2.84843204578777e-10,5.3609792161069e-09
1.47999846935272,-3.68912665805391e-20,6.64462720956216e-11,-1.17810827759968e-09
1.48333179950714,6.19194448579665e-21,-3.3629085627318e-10,6.33758023838027e-09
1.48666512966156,3.06848884392882e-20,-2.84844647868709e-10,5.3610063055487e-09
1.48999845981598,-3.68865490661081e-20,6.64464733235448e-11,-1.17811205235796e-09
1.4933317899704,6.1950666079329e-21,-3.36289579516702e-10,6.33755625756294e-09
1.49666512012482,3.06840612586757e-20,-2.84846091158641e-10,5.3610333949905e-09
1.49999845027924,-3.68914572198209e-20,6.6446674551468e-11,-1.17811582711624e-09
1.50333178043365,6.18755130048281e-21,-3.36288275004648e-10,6.33753227674561e-09
1.50666511058807,3.06894864002713e-20,-2.84847534448573e-10,5.3610604844323e-09
1.50999844074249,-3.68837767185864e-20,6.64468757793912e-11,-1.17811960187453e-09
1.51333177089691,6.19105672066658e-21,-3.3628699824817e-10,6.33750829592827e-09
1.51666510105133,3.06836832112864e-20,-2.84848977738505e-10,5.3610875738741e-09
1.51999843120575,-3.68852759834466e-20,6.64470770073144e-11,-1.17812337663281e-09
1.52333176136017,6.19422690652006e-21,-3.36285693736116e-10,6.33748431511094e-09
1.52666509151459,3.06936190721598e-20,-2.84850448784013e-10,5.36111421922669e-09
1.52999842166901,-3.68738150083188e-20,6.64472712963438e-11,-1.1781272624134e-09
1.53333175182343,6.19096947896135e-21,-3.36284416979638e-10,6.33746033429361e-09
1.53666508197784,3.06799221244387e-20,-2.84851892073945e-10,5.36114130866849e-09
1.53999841213226,-3.68807717265173e-20,6.6447472524267e-11,-1.17813103717168e-09
1.54333174228668,6.1921363367688e-21,-3.36283140223159e-10,6.33743635347628e-09
1.5466650724411,3.06847494987947e-20,-2.84853335363877e-10,5.36116839811029e-09
1.54999840259552,-3.6880358136211e-20,6.64476737521902e-11,-1.17813481192997e-09
1.55333173274994,6.18941528413854e-21,-3.36281835711105e-10,6.33741237265895e-09
1.55666506290436,3.06797767215966e-20,-2.84854778653809e-10,5.3611954875521e-09
1.55999839305878,-3.68988501465456e-20,6.64478749801134e-11,-1.17813858668825e-09
1.5633317232132,6.1856747960268e-21,-3.36280558954627e-10,6.33738839184161e-09
1.56666505336761,3.06908499558123e-20,-2.84856221943741e-10,5.3612225769939e-09
1.56999838352203,-3.68911341023941e-20,6.64480762080366e-11,-1.17814236144653e-09
1.57333171367645,6.1859631783302e-21,-3.36279254442573e-10,6.33736441102428e-09
1.57666504383087,3.06648874705707e-20,-2.84857665233673e-10,5.3612496664357e-09
1.57999837398529,-3.68868269470952e-20,6.64482704970659e-11,-1.17814624722712e-09
1.58333170413971,6.18090356332363e-21,-3.36277977686095e-10,6.33734043020695e-09
1.58666503429413,3.0676028559446e-20,-2.84859108523605e-10,5.36127631178829e-09
1.58999836444855,-3.69012606025494e-20,6.64484717249891e-11,-1.1781500219854e-09
1.59333169460297,6.18214554593281e-21,-3.36276700929616e-10,6.33731644938962e-09
1.59666502475739,3.0678309768479e-20,-2.84860579569113e-10,5.36130340123009e-09
1.5999983549118,-3.6894329733745e-20,6.64486729529123e-11,-1.17815379674369e-09
1.60333168506622,6.18098716995781e-21,-3.36275396417562e-10,6.33729246857229e-09
1.60666501522064,3.06750915189083e-20,-2.84862022859045e-10,5.36133049067189e-09
1.60999834537506,-3.68928530871046e-20,6.64488741808356e-11,-1.17815757150197e-09
1.61333167552948,6.17794299990077e-21,-3.36274119661084e-10,6.33726848775495e-09
1.6166650056839,3.06859547267966e-20,-2.84863466148977e-10,5.36135758011369e-09
1.61999833583832,-3.68963912229278e-20,6.64490754087588e-11,-1.17816134626025e-09
1.62333166599274,6.18587957169602e-21,-3.3627281514903e-10,6.33724450693762e-09
1.62666499614716,3.06849789121677e-20,-2.84864909438909e-10,5.36138466955549e-09
1.62999832630157,-3.68808072694343e-20,6.6449276636682e-11,-1.17816512101854e-09
1.63333165645599,6.18055055753487e-21,-3.36271538392552e-10,6.33722052612029e-09
1.63666498661041,3.06784971765866e-20,-2.84866352728841e-10,5.36141131490808e-09
1.63999831676483,-3.68916317032314e-20,6.64494709257113e-11,-1.17816900679912e-09
1.64333164691925,6.18063376027227e-21,-3.36270261636074e-10,6.33719654530296e-09
1.64666497707367,3.06794665288669e-20,-2.84867796018773e-10,5.36143840434988e-09
1.64999830722809,-3.68933571502903e-20,6.64496721536345e-11,-1.17817278155741e-09
1.65333163738251,6.17732221054457e-21,-3.3626895712402e-10,6.33717256448563e-09
1.65666496753693,3.06778897158242e-20,-2.84869267064281e-10,5.36146549379168e-09
1.65999829769135,-3.68977063108548e-20,6.64498733815577e-11,-1.17817655631569e-09
1.66333162784576,6.1768645954889e-21,-3.36267680367541e-10,6.3371485836683e-09
1.66666495800018,3.06732335937043e-20,-2.84870710354213e-10,5.36149258323348e-09
1.6699982881546,-3.68861677875445e-20,6.64500746094809e-11,-1.17818033107397e-09
1.67333161830902,6.17718084667036e-21,-3.36266375855487e-10,6.33712460285096e-09
1.67666494846344,3.06737667374585e-20,-2.84872153644145e-10,5.36151967267529e-09
1.67999827861786,-3.68988824582883e-20,6.64502758374041e-11,-1.17818410583226e-09
1.68333160877228,6.17849310731986e-21,-3.36265099099009e-10,6.33710062203363e-09
1.6866649389267,3.06778800223014e-20,-2.84873596934077e-10,5.36154631802788e-09
1.68999826908112,-3.69049570659117e-20,6.64504701264335e-11,-1.17818799161284e-09
1.69333159923553,6.18078239428859e-21,-3.36263822342531e-10,6.3370766412163e-09
1.69666492938995,3.06796087005347e-20,-2.84875040224009e-10,5.36157340746968e-09
1.69999825954437,-3.68875151872142e-20,6.64506713543567e-11,-1.17819176637113e-09
1.70333158969879,6.17928353332512e-21,-3.36262517830477e-10,6.33705266039897e-09
1.70666491985321,3.06783000749562e-20,-2.84876483513941e-10,5.36160049691148e-09
1.70999825000763,-3.6888562087677e-20,6.64508725822799e-11,-1.17819554112941e-09
1.71333158016205,6.17629186984993e-21,-3.36261241073998e-10,6.33702867958164e-09
1.71666491031647,3.06850855409186e-20,-2.84877926803873e-10,5.36162758635328e-09
1.71999824047089,-3.69004592713309e-20,6.64510738102031e-11,-1.1781993158877e-09
1.72333157062531,6.17211032645063e-21,-3.36259936561945e-10,6.3370046987643e-09
1.72666490077972,3.06759154683466e-20,-2.8487939784938e-10,5.36165467579508e-09
1.72999823093414,-3.69020231596765e-20,6.64512750381263e-11,-1.17820309064598e-09
1.73333156108856,6.17593159391907e-21,-3.36258659805466e-10,6.33698071794697e-09
1.73666489124298,3.06677761403661e-20,-2.84880841139312e-10,5.36168176523688e-09
1.7399982213974,-3.69032574682468e-20,6.64514693271556e-11,-1.17820686540426e-09
1.74333155155182,6.1727440405039e-21,-3.36257383048988e-10,6.33695673712964e-09
1.74666488170624,3.06753564751983e-20,-2.84882284429244e-10,5.36170841058947e-09
1.74999821186066,-3.69063141591042e-20,6.64516705550788e-11,-1.17821075118485e-09
1.75333154201508,6.1747433295821e-21,-3.36256078536934e-10,6.33693275631231e-09
1.75666487216949,3.06759574736121e-20,-2.84883727719176e-10,5.36173550003127e-09
1.75999820232391,-3.69031637641931e-20,6.6451871783002e-11,-1.17821452594313e-09
1.76333153247833,6.17101980513526e-21,-3.36254801780456e-10,6.33690877549498e-09
1.76666486263275,3.06775795230945e-20,-2.84885171009108e-10,5.36176258947307e-09
1.76999819278717,-3.68991732639724e-20,6.64520730109253e-11,-1.17821830070142e-09
1.77333152294159,6.16966796260097e-21,-3.36253497268402e-10,6.33688479467764e-09
1.77666485309601,3.06698828659886e-20,-2.8488661429904e-10,5.36178967891487e-09
1.77999818325043,-3.68990989469642e-20,6.64522742388485e-11,-1.1782220754597e-09
1.78333151340485,6.16210539922722e-21,-3.36252220511923e-10,6.33686081386031e-09
1.78666484355927,3.06793728248131e-20,-2.84888057588972e-10,5.36181676835668e-09
1.78999817371368,-3.68944945236326e-20,6.64524685278778e-11,-1.17822585021798e-09
1.7933315038681,6.16582730808693e-21,-3.36250943755445e-10,6.33683683304298e-09
1.79666483402252,3.06693658781058e-20,-2.8488952863448e-10,5.36184341370927e-09
1.79999816417694,-3.68976998485063e-20,6.6452669755801e-11,-1.17822962497627e-09
1.80333149433136,6.16831773565382e-21,-3.36249639243391e-10,6.33681285222565e-09
1.80666482448578,3.0660005166252e-20,-2.84890971924412e-10,5.36187050315107e-09
1.8099981546402,-3.6903742144387e-20,6.64528709837242e-11,-1.17823339973455e-09
1.81333148479462,6.16606641498274e-21,-3.36248362486913e-10,6.33678887140832e-09
1.81666481494904,3.06659376022077e-20,-2.84892415214344e-10,5.36189759259287e-09
1.81999814510345,-3.69039037031004e-20,6.64530722116474e-11,-1.17823728551514e-09
1.82333147525787,6.16029957670831e-21,-3.36247057974859e-10,6.33676489059098e-09
1.82666480541229,3.06776926141939e-20,-2.84893858504276e-10,5.36192468203467e-09
1.82999813556671,-3.69063820137638e-20,6.64532665006767e-11,-1.17824106027342e-09
1.83333146572113,6.16067520071694e-21,-3.36245781218381e-10,6.33674090977365e-09
1.83666479587555,3.06626256485832e-20,-2.84895301794208e-10,5.36195177147647e-09
1.83999812602997,-3.69104694492125e-20,6.64534677285999e-11,-1.17824483503171e-09
1.84333145618439,6.16299639553156e-21,-3.36244476706327e-10,6.33671692895632e-09
1.84666478633881,3.06718506511177e-20,-2.8489674508414e-10,5.36197886091827e-09
1.84999811649323,-3.69074870753634e-20,6.64536689565232e-11,-1.17824860978999e-09
1.85333144664764,6.1623428905359e-21,-3.36243199949848e-10,6.33669294813899e-09
1.85666477680206,3.06643898697334e-20,-2.84898188374072e-10,5.36200550627086e-09
1.85999810695648,-3.69039747889343e-20,6.64538701844464e-11,-1.17825238454827e-09
1.8633314371109,6.1604611354217e-21,-3.3624192319337e-10,6.33666896732166e-09
1.86666476726532,3.06647259118573e-20,-2.8489965941958e-10,5.36203259571266e-09
1.86999809741974,-3.69024819864226e-20,6.64540714123696e-11,-1.17825615930656e-09
1.87333142757416,6.16025716754605e-21,-3.36240618681316e-10,6.33664498650433e-09
1.87666475772858,3.06666549228951e-20,-2.84901102709512e-10,5.36205968515446e-09
1.879998087883,-3.69034998063169e-20,6.64542657013989e-11,-1.17825993406484e-09
1.88333141803741,6.16474607639757e-21,-3.36239341924838e-10,6.33662100568699e-09
1.88666474819183,3.06820837800238e-20,-2.84902545999444e-10,5.36208677459626e-09
1.88999807834625,-3.68973121075941e-20,6.64544669293221e-11,-1.17826381984543e-09
1.89333140850067,6.16587739128808e-21,-3.36238037412784e-10,6.33659702486966e-09
1.89666473865509,3.0667895693814e-20,-2.84903989289376e-10,5.36211386403807e-09
1.89999806880951,-3.69190029804538e-20,6.64546681572453e-11,-1.17826759460371e-09
1.90333139896393,6.16419152611386e-21,-3.36236760656305e-10,6.33657304405233e-09
1.90666472911835,3.0667123443164e-20,-2.84905432579308e-10,5.36214050939066e-09
1.90999805927277,-3.68997257947722e-20,6.64548693851685e-11,-1.17827136936199e-09
1.91333138942719,6.15875871047936e-21,-3.36235483899827e-10,6.336549063235e-09
1.9166647195816,3.06705258696679e-20,-2.8490687586924e-10,5.36216759883246e-09
1.91999804973602,-3.69024076694144e-20,6.64550636741978e-11,-1.17827514412028e-09
1.92333137989044,6.16046073152492e-21,-3.36234179387773e-10,6.33652508241767e-09
1.92666471004486,3.06682608165062e-20,-2.84908346914747e-10,5.36219468827426e-09
1.92999804019928,-3.69036516715075e-20,6.64552649021211e-11,-1.17827891887856e-09
1.9333313703537,6.16221445135876e-21,-3.36232902631295e-10,6.33650110160033e-09
1.93666470050812,3.06715501519108e-20,-2.84909790204679e-10,5.36222177771606e-09
1.93999803066254,-3.69085856746144e-20,6.64554661300443e-11,-1.17828269363685e-09
1.94333136081696,6.16108313646825e-21,-3.36231598119241e-10,6.336477120783e-09
1.94666469097137,3.06555978445508e-20,-2.84911233494611e-10,5.36224886715786e-09
1.94999802112579,-3.69130996250665e-20,6.64556673579675e-11,-1.17828646839513e-09
1.95333135128021,6.15336062996824e-21,-3.36230321362763e-10,6.33645313996567e-09
1.95666468143463,3.0668257585332e-20,-2.84912676784543e-10,5.36227551251045e-09
1.95999801158905,-3.69051767857619e-20,6.64558616469968e-11,-1.17829024315341e-09
1.96333134174347,6.15461513337771e-21,-3.36229044606284e-10,6.33642915914834e-09
1.96666467189789,3.06627064279399e-20,-2.84914120074475e-10,5.36230260195225e-09
1.96999800205231,-3.69035482739309e-20,6.645606287492e-11,-1.178294128934e-09
1.97333133220673,6.16186669622819e-21,-3.3622774009423e-10,6.33640517833101e-09
1.97666466236115,3.06625577939236e-20,-2.84915563364407e-10,5.36232969139405e-09
1.97999799251556,-3.69123790732048e-20,6.64562641028432e-11,-1.17829790369228e-09
1.98333132266998,6.15539788534408e-21,-3.36226463337752e-10,6.33638119751367e-09
1.9866646528244,3.06716664741845e-20,-2.84917006654339e-10,5.36235678083585e-09
1.98999798297882,-3.6916146622401e-20,6.64564653307664e-11,-1.17830167845057e-09
1.99333131313324,6.15752884477369e-21,-3.36225158825698e-10,6.33635721669634e-09
1.99666464328766,3.06603929071642e-20,-2.84918477699847e-10,5.36238387027765e-09
1.99999797344208,-3.69098361390561e-20,6.64566665586896e-11,-1.17830545320885e-09
2.00333142280579,6.15889199641791e-21,-3.3622388206922e-10,6.33633323587901e-09
2.00666475296021,3.06709426911485e-20,-2.84919920989779e-10,5.36241095971945e-09
2.00999808311462,-3.69119428646786e-20,6.6456860847719e-11,-1.17830922796713e-09
2.01333141326904,6.15962264569921e-21,-3.36222605312742e-10,6.33630925506168e-09
2.01666474342346,3.06749590407633e-20,-2.84921364279711e-10,5.36243760507205e-09
2.01999807357788,-3.69081591596111e-20,6.64570620756422e-11,-1.17831300272542e-09
2.0233314037323,6.15533164627159e-21,-3.36221300800688e-10,6.33628527424435e-09
2.02666473388672,3.06742481824244e-20,-2.84922807569643e-10,5.36246469451385e-09
2.02999806404114,-3.69078166551387e-20,6.64572633035654e-11,-1.1783167774837e-09
2.03333139419556,6.15767222813182e-21,-3.36220024044209e-10,6.33626129342701e-09
2.03666472434998,3.06622702194137e-20,-2.84924250859575e-10,5.36249178395565e-09
2.03999805450439,-3.69046016367422e-20,6.64574645314886e-11,-1.17832055224198e-09
2.04333138465881,6.15196718606526e-21,-3.36218719532155e-10,6.33623731260968e-09
2.04666471481323,3.06630133894953e-20,-2.84925694149507e-10,5.36251887339745e-09
2.04999804496765,-3.69105243791751e-20,6.64576588205179e-11,-1.17832443802257e-09
2.05333137512207,6.14970374849068e-21,-3.36217442775677e-10,6.33621333179235e-09
2.05666470527649,3.06658955969422e-20,-2.84927137439439e-10,5.36254596283925e-09
2.05999803543091,-3.69099072248899e-20,6.64578600484411e-11,-1.17832821278085e-09
2.06333136558533,6.15228949569847e-21,-3.36216166019199e-10,6.33618935097502e-09
2.06666469573975,3.06696243720472e-20,-2.84928608484947e-10,5.36257260819184e-09
2.06999802589417,-3.69038196925694e-20,6.64580612763643e-11,-1.17833198753914e-09
2.07333135604858,6.15301085535376e-21,-3.36214861507145e-10,6.33616537015769e-09
2.076664686203,3.06685063857506e-20,-2.84930051774879e-10,5.36259969763364e-09
2.07999801635742,-3.69145407287899e-20,6.64582625042875e-11,-1.17833576229742e-09
2.08333134651184,6.1548182934598e-21,-3.36213584750666e-10,6.33614138934036e-09
2.08666467666626,3.06730688038167e-20,-2.84931495064811e-10,5.36262678707544e-09
2.08999800682068,-3.69146893628063e-20,6.64584567933169e-11,-1.17833953705571e-09
2.0933313369751,6.15361872001288e-21,-3.36212280238612e-10,6.33611740852302e-09
2.09666466712952,3.06666840034635e-20,-2.84932938354743e-10,5.36265387651724e-09
2.09999799728394,-3.69037001391215e-20,6.64586580212401e-11,-1.17834331181399e-09
2.10333132743835,6.15241753097883e-21,-3.36211003482134e-10,6.33609342770569e-09
2.10666465759277,3.06603735201186e-20,-2.84934381644675e-10,5.36268096595904e-09
2.10999798774719,-3.69151708077722e-20,6.64588592491633e-11,-1.17834708657227e-09
2.11333131790161,6.14880790542493e-21,-3.3620969897008e-10,6.33606944688836e-09
2.11666464805603,3.06679990913905e-20,-2.84935824934607e-10,5.36270761131163e-09
2.11999797821045,-3.69133775060535e-20,6.64590604770865e-11,-1.17835086133056e-09
2.12333130836487,6.15119574320883e-21,-3.36208422213602e-10,6.33604546607103e-09
2.12666463851929,3.06662574884602e-20,-2.84937268224539e-10,5.36273470075344e-09
2.12999796867371,-3.69132450279086e-20,6.64592547661158e-11,-1.17835463608884e-09
2.13333129882812,6.15117554836965e-21,-3.36207145457124e-10,6.3360214852537e-09
2.13666462898254,3.06681057201414e-20,-2.84938739270046e-10,5.36276179019524e-09
2.13999795913696,-3.6923264899313e-20,6.6459455994039e-11,-1.17835841084712e-09
2.14333128929138,6.14998203337449e-21,-3.3620584094507e-10,6.33599750443636e-09
2.1466646194458,3.06700185753079e-20,-2.84940182559978e-10,5.36278887963704e-09
2.14999794960022,-3.69040523371167e-20,6.64596572219622e-11,-1.17836229662771e-09
2.15333127975464,6.15016378692705e-21,-3.36204564188591e-10,6.33597352361903e-09
2.15666460990906,3.06613654906188e-20,-2.8494162584991e-10,5.36281596907884e-09
2.15999794006348,-3.69095614892433e-20,6.64598515109915e-11,-1.17836607138599e-09
2.1633312702179,6.14452579172655e-21,-3.36203259676537e-10,6.3359495428017e-09
2.16666460037231,3.06691493894299e-20,-2.84943069139842e-10,5.36284261443143e-09
2.16999793052673,-3.69085501316975e-20,6.64600527389148e-11,-1.17836984614428e-09
2.17333126068115,6.14600768902511e-21,-3.36201982920059e-10,6.33592556198437e-09
2.17666459083557,3.06701219728845e-20,-2.84944512429774e-10,5.36286970387323e-09
2.17999792098999,-3.69122078209686e-20,6.6460253966838e-11,-1.17837362090256e-09
2.18333125114441,6.14553028302705e-21,-3.36200706163581e-10,6.33590158116704e-09
2.18666458129883,3.0660680481674e-20,-2.84945955719706e-10,5.36289679331503e-09
2.18999791145325,-3.69255654953916e-20,6.64604551947612e-11,-1.17837739566085e-09
2.19333124160767,6.14689464636162e-21,-3.36199401651527e-10,6.3358776003497e-09
2.19666457176208,3.06689329007539e-20,-2.84947399009639e-10,5.36292388275683e-09
2.1999979019165,-3.69242601009874e-20,6.64606494837905e-11,-1.17838117041913e-09
2.20333123207092,6.1471321376703e-21,-3.36198124895049e-10,6.33585361953237e-09
2.20666456222534,3.06617467691824e-20,-2.84948870055146e-10,5.36295097219863e-09
2.20999789237976,-3.69017485098638e-20,6.64608507117137e-11,-1.17838494517741e-09
2.21333122253418,6.14667936937603e-21,-3.36196820382995e-10,6.33582963871504e-09
2.2166645526886,3.06706195737217e-20,-2.84950313345078e-10,5.36297806164043e-09
2.21999788284302,-3.69107344055025e-20,6.64610519396369e-11,-1.1783887199357e-09
2.22333121299744,6.14688374114847e-21,-3.36195543626516e-10,6.33580565789771e-09
2.22666454315186,3.06620375748665e-20,-2.8495175663501e-10,5.36300470699302e-09
2.22999787330627,-3.69060653586855e-20,6.64612531675601e-11,-1.17839249469398e-09
2.23333120346069,6.15316393223469e-21,-3.36194266870038e-10,6.33578167708038e-09
2.23666453361511,3.06649811746244e-20,-2.84953199924942e-10,5.36303179643483e-09
2.23999786376953,-3.69053771185665e-20,6.64614474565894e-11,-1.17839626945226e-09
2.24333119392395,6.15030393911092e-21,-3.36192962357984e-10,6.33575769626304e-09
2.24666452407837,3.06695759044332e-20,-2.84954643214874e-10,5.36305888587663e-09
2.24999785423279,-3.69052963392098e-20,6.64616486845127e-11,-1.17840004421055e-09
2.25333118438721,6.1468219449406e-21,-3.36191685601506e-10,6.33573371544571e-09
2.25666451454163,3.06683674452571e-20,-2.84956086504806e-10,5.36308597531843e-09
2.25999784469604,-3.69121528910061e-20,6.64618499124359e-11,-1.17840381896883e-09
2.26333117485046,6.14805988858194e-21,-3.36190381089452e-10,6.33570973462838e-09
2.26666450500488,3.06697374631466e-20,-2.84957529794738e-10,5.36311306476023e-09
2.2699978351593,-3.69115325055466e-20,6.64620442014652e-11,-1.17840770474942e-09
2.27333116531372,6.14786399864196e-21,-3.36189104332973e-10,6.33568575381105e-09
2.27666449546814,3.0665494931333e-20,-2.84959000840246e-10,5.36313971011282e-09
2.27999782562256,-3.69082011648766e-20,6.64622454293884e-11,-1.1784114795077e-09
2.28333115577698,6.14383633991716e-21,-3.3618779982092e-10,6.33566177299372e-09
2.2866644859314,3.06695338991677e-20,-2.84960444130178e-10,5.36316679955462e-09
2.28999781608582,-3.69189028140515e-20,6.64624466573116e-11,-1.17841525426599e-09
2.29333114624023,6.14395387388115e-21,-3.36186523064441e-10,6.33563779217639e-09
2.29666447639465,3.06649617875788e-20,-2.8496188742011e-10,5.36319388899642e-09
2.29999780654907,-3.69030571354422e-20,6.64626478852348e-11,-1.17841902902427e-09
2.30333113670349,6.14183543525184e-21,-3.36185246307963e-10,6.33561381135905e-09
2.30666446685791,3.06629746154041e-20,-2.84963330710042e-10,5.36322097843822e-09
2.30999779701233,-3.69120785739979e-20,6.64628421742641e-11,-1.17842280378255e-09
2.31333112716675,6.13718133261588e-21,-3.36183941795909e-10,6.33558983054172e-09
2.31666445732117,3.06593298508301e-20,-2.84964773999974e-10,5.36324806788002e-09
2.31999778747559,-3.69065629595228e-20,6.64630434021873e-11,-1.17842657854084e-09
2.32333111763,6.13719627679686e-21,-3.36182665039431e-10,6.33556584972439e-09
2.32666444778442,3.06627452020311e-20,-2.84966217289906e-10,5.36327471323261e-09
2.32999777793884,-3.69043269869295e-20,6.64632446301106e-11,-1.17843035329912e-09
2.33333110809326,6.1356606612261e-21,-3.36181360527377e-10,6.33554186890706e-09
2.33666443824768,3.06560663648196e-20,-2.84967660579838e-10,5.36330180267441e-09
2.3399977684021,-3.69179851605594e-20,6.64634389191399e-11,-1.1784341280574e-09
2.34333109855652,6.14028164432582e-21,-3.36180083770898e-10,6.33551788808973e-09
2.34666442871094,3.06583314179813e-20,-2.84969131625346e-10,5.36332889211621e-09
2.34999775886536,-3.69208027445209e-20,6.64636401470631e-11,-1.17843790281569e-09
2.35333108901978,6.13912205666046e-21,-3.3617880701442e-10,6.33549390727239e-09
2.35666441917419,3.06531098403646e-20,-2.84970574915278e-10,5.36335598155802e-09
2.35999774932861,-3.69039166277975e-20,6.64638413749863e-11,-1.17844167757397e-09
2.36333107948303,6.13746365646752e-21,-3.36177502502366e-10,6.33546992645506e-09
2.36666440963745,3.06728393904437e-20,-2.8497201820521e-10,5.36338307099982e-09
2.36999773979187,-3.69023979758916e-20,6.64640426029095e-11,-1.17844545233226e-09
2.37333106994629,6.13869029099893e-21,-3.36176225745888e-10,6.33544594563773e-09
2.37666440010071,3.06617015327426e-20,-2.84973461495142e-10,5.36340971635241e-09
2.37999773025513,-3.69127086529801e-20,6.64642368919388e-11,-1.17844922709054e-09
2.38333106040955,6.13993873595665e-21,-3.36174921233834e-10,6.3354219648204e-09
2.38666439056396,3.06631620235117e-20,-2.84974904785074e-10,5.36343680579421e-09
2.38999772071838,-3.69194359578056e-20,6.6464438119862e-11,-1.17845300184882e-09
2.3933310508728,6.13629154800188e-21,-3.36173644477356e-10,6.33539798400307e-09
2.39666438102722,3.06619567955098e-20,-2.84976348075006e-10,5.36346389523601e-09
2.39999771118164,-3.69123532238107e-20,6.64646393477852e-11,-1.17845677660711e-09
2.40333104133606,6.13546477128612e-21,-3.36172339965302e-10,6.33537400318573e-09
2.40666437149048,3.06647776106455e-20,-2.84977791364938e-10,5.36349098467781e-09
2.4099977016449,-3.69153485223569e-20,6.64648336368145e-11,-1.17846055136539e-09
2.41333103179932,6.13670998506956e-21,-3.36171063208823e-10,6.3353500223684e-09
2.41666436195374,3.06579662952891e-20,-2.84979262410445e-10,5.36351807411961e-09
2.41999769210815,-3.69026015398705e-20,6.64650348647378e-11,-1.17846432612367e-09
2.42333102226257,6.13247957015946e-21,-3.36169786452345e-10,6.33532604155107e-09
2.42666435241699,3.06660668491784e-20,-2.84980705700377e-10,5.3635447194722e-09
2.42999768257141,-3.69202340578498e-20,6.6465236092661e-11,-1.17846810088196e-09
2.43333101272583,6.13793298452992e-21,-3.36168481940291e-10,6.33530206073374e-09
2.43666434288025,3.06688553525715e-20,-2.84982148990309e-10,5.363571808914e-09
2.43999767303467,-3.69049926088286e-20,6.64654303816903e-11,-1.17847198666254e-09
2.44333100318909,6.1388914315971e-21,-3.36167205183813e-10,6.33527807991641e-09
2.44666433334351,3.06630101583211e-20,-2.84983592280241e-10,5.3635988983558e-09
2.44999766349792,-3.69070347109659e-20,6.64656316096135e-11,-1.17847576142083e-09
2.45333099365234,6.13322435582819e-21,-3.36165900671759e-10,6.33525409909907e-09
2.45666432380676,3.06641604563604e-20,-2.84985035570173e-10,5.3636259877976e-09
2.45999765396118,-3.69053028015584e-20,6.64658328375367e-11,-1.17847953617911e-09
2.4633309841156,6.13714780918285e-21,-3.3616462391528e-10,6.33523011828174e-09
2.46666431427002,3.06648422341309e-20,-2.84986478860105e-10,5.36365307723941e-09
2.46999764442444,-3.69120785739979e-20,6.64660340654599e-11,-1.17848331093739e-09
2.47333097457886,6.13750727732014e-21,-3.36163347158802e-10,6.33520613746441e-09
2.47666430473328,3.06640021288213e-20,-2.84987922150037e-10,5.363679722592e-09
2.4799976348877,-3.69102303423167e-20,6.64662283544892e-11,-1.17848708569568e-09
2.48333096504211,6.14082528939637e-21,-3.36162042646748e-10,6.33518215664708e-09
2.48666429519653,3.06703546174317e-20,-2.84989393195545e-10,5.3637068120338e-09
2.48999762535095,-3.69018809880088e-20,6.64664295824124e-11,-1.17849086045396e-09
2.49333095550537,6.13850894134315e-21,-3.3616076589027e-10,6.33515817582975e-09
2.49666428565979,3.06627225838112e-20,-2.84990836485477e-10,5.3637339014756e-09
2.49999761581421,-3.69095130216293e-20,6.64666308103357e-11,-1.17849463521225e-09
2.50333094596863,6.13989430731047e-21,-3.36159461378216e-10,6.33513419501242e-09
2.50666427612305,3.06613299477018e-20,-2.84992279775409e-10,5.3637609909174e-09
2.50999760627747,-3.69096196503801e-20,6.6466825099365e-11,-1.17849840997053e-09
2.51333093643188,6.13519698771867e-21,-3.36158184621738e-10,6.33511021419508e-09
2.5166642665863,3.06716406247903e-20,-2.84993723065341e-10,5.3637880803592e-09
2.51999759674072,-3.69144405623876e-20,6.64670263272882e-11,-1.17850218472881e-09
2.52333092689514,6.13328453644893e-21,-3.36156880109684e-10,6.33508578928854e-09
2.52666425704956,3.06636563931746e-20,-2.84995166355273e-10,5.36381472571179e-09
2.52999758720398,-3.69113967962274e-20,6.64672275552114e-11,-1.1785059594871e-09
2.5333309173584,6.13597691240756e-21,-3.36155603353205e-10,6.33506180847121e-09
2.53666424751282,3.06655304742499e-20,-2.84996609645205e-10,5.36384181515359e-09
2.53999757766724,-3.69033479411263e-20,6.64674218442407e-11,-1.17850973424538e-09
2.54333090782166,6.13282409411577e-21,-3.36154326596727e-10,6.33503782765388e-09
2.54666423797607,3.06655272430757e-20,-2.84998052935137e-10,5.36386890459539e-09
2.54999756813049,-3.69171062811586e-20,6.64676230721639e-11,-1.17851350900366e-09
2.55333089828491,6.13441544744265e-21,-3.36153022084673e-10,6.33501384683655e-09
2.55666422843933,3.06701704404985e-20,-2.84999496225069e-10,5.36389599403719e-09
2.55999755859375,-3.691504802315e-20,6.64678243000871e-11,-1.17851728376195e-09
2.56333088874817,6.14023600398928e-21,-3.36151745328195e-10,6.33498986601921e-09
2.56666421890259,3.06720219033539e-20,-2.85000967270577e-10,5.36392308347899e-09
2.56999754905701,-3.69071510332395e-20,6.64680185891164e-11,-1.17852105852023e-09
2.57333064079285,6.13638727153957e-21,-3.36150440816141e-10,6.33496588520188e-09
2.57666397094727,3.06684966922278e-20,-2.85002410560509e-10,5.36394972883159e-09
2.57999730110168,-3.68982136052148e-20,6.64682198170397e-11,-1.17852483327852e-09
2.5833306312561,6.13447441637304e-21,-3.36149164059663e-10,6.33494190438455e-09
2.58666396141052,3.06741318601508e-20,-2.85003853850441e-10,5.36397681827339e-09
2.58999729156494,-3.69111286087632e-20,6.64684210449629e-11,-1.1785286080368e-09
2.59333062171936,6.1344606838824e-21,-3.36147887303184e-10,6.33491792356722e-09
2.59666395187378,3.06686550197669e-20,-2.85005297140373e-10,5.36400390771519e-09
2.5999972820282,-3.6913057619801e-20,6.64686153339922e-11,-1.17853238279508e-09
2.60333061218262,6.13738287711083e-21,-3.3614658279113e-10,6.33489394274989e-09
2.60666394233704,3.06638696506763e-20,-2.85006740430305e-10,5.36403099715699e-09
2.60999727249146,-3.69038520043121e-20,6.64688165619154e-11,-1.17853615755337e-09
2.61333060264587,6.13421309515413e-21,-3.36145306034652e-10,6.33486996193255e-09
2.61666393280029,3.06662284078918e-20,-2.85008183720237e-10,5.36405808659879e-09
2.61999726295471,-3.69107505613738e-20,6.64690177898386e-11,-1.17853993231165e-09
2.62333059310913,6.12893214471022e-21,-3.36144001522598e-10,6.33484598111522e-09
2.62666392326355,3.06792952766307e-20,-2.85009627010169e-10,5.36408473195138e-09
2.62999725341797,-3.69194488825027e-20,6.64692120788679e-11,-1.17854370706993e-09
2.63333058357239,6.13207446168564e-21,-3.3614272476612e-10,6.33482200029789e-09
2.63666391372681,3.06668067880857e-20,-2.85011098055676e-10,5.36411182139318e-09
2.63999724388123,-3.69048795177293e-20,6.64694133067911e-11,-1.17854748182822e-09
2.64333057403564,6.13690183604171e-21,-3.36141420254066e-10,6.33479801948056e-09
2.64666390419006,3.06686937938581e-20,-2.85012541345608e-10,5.36413891083498e-09
2.64999723434448,-3.69130220768841e-20,6.64696145347143e-11,-1.1785512565865e-09
2.6533305644989,6.12955980031174e-21,-3.36140143497587e-10,6.33477403866323e-09
2.65666389465332,3.06755535768286e-20,-2.8501398463554e-10,5.36416600027678e-09
2.65999722480774,-3.6914831534474e-20,6.64698088237436e-11,-1.17855503134479e-09
2.66333055496216,6.13086398302557e-21,-3.36138866741109e-10,6.33475005784589e-09
2.66666388511658,3.06707875947836e-20,-2.85015427925472e-10,5.36419308971858e-09
2.669997215271,-3.69005852871274e-20,6.64700100516669e-11,-1.17855880610307e-09
2.67333054542542,6.12859246751532e-21,-3.36137562229055e-10,6.33472607702856e-09
2.67666387557983,3.06674885658562e-20,-2.85016871215404e-10,5.36421973507117e-09
2.67999720573425,-3.69011668984956e-20,6.64702112795901e-11,-1.17856258086135e-09
2.68333053588867,6.12747407732188e-21,-3.36136285472577e-10,6.33470209621123e-09
2.68666386604309,3.06664255095221e-20,-2.85018314505336e-10,5.36424682451297e-09
2.68999719619751,-3.69193422537519e-20,6.64704055686194e-11,-1.17856635561964e-09
2.69333052635193,6.12398238962876e-21,-3.36134980960523e-10,6.3346781153939e-09
2.69666385650635,3.0664541734924e-20,-2.85019757795268e-10,5.36427391395478e-09
2.69999718666077,-3.6919765537581e-20,6.64706067965426e-11,-1.17857013037792e-09
2.70333051681519,6.12659964078566e-21,-3.36133704204045e-10,6.33465413457657e-09
2.7066638469696,3.06594881783692e-20,-2.85021228840776e-10,5.36430100339658e-09
2.70999717712402,-3.69131577862033e-20,6.64708080244658e-11,-1.1785739051362e-09
2.71333050727844,6.1216914870729e-21,-3.36132399691991e-10,6.33463015375924e-09
2.71666383743286,3.06710557822479e-20,-2.85022672130708e-10,5.36432809283838e-09
2.71999716758728,-3.69103886698558e-20,6.64710023134951e-11,-1.17857767989449e-09
2.7233304977417,6.12455148019667e-21,-3.36131122935512e-10,6.3346061729419e-09
2.72666382789612,3.06693723404543e-20,-2.8502411542064e-10,5.36435473819097e-09
2.72999715805054,-3.69126892659345e-20,6.64712035414183e-11,-1.17858145465277e-09
2.73333048820496,6.12377276719813e-21,-3.36129846179034e-10,6.33458219212457e-09
2.73666381835938,3.06720897580135e-20,-2.85025558710572e-10,5.36438182763277e-09
2.73999714851379,-3.6914999555536e-20,6.64714047693415e-11,-1.17858522941106e-09
2.74333047866821,6.12401147019717e-21,-3.3612854166698e-10,6.33455821130724e-09
2.74666380882263,3.06608291156903e-20,-2.85027002000504e-10,5.36440891707457e-09
2.74999713897705,-3.6912501857827e-20,6.64715990583709e-11,-1.17858900416934e-09
2.75333046913147,6.12311885830569e-21,-3.36127264910502e-10,6.33453423048991e-09
2.75666379928589,3.06674659476363e-20,-2.85028445290436e-10,5.36443600651637e-09
2.75999712944031,-3.69161918588408e-20,6.64718002862941e-11,-1.17859277892762e-09
2.76333045959473,6.12224563345982e-21,-3.36125960398448e-10,6.33451024967258e-09
2.76666378974915,3.06650813410267e-20,-2.85029888580368e-10,5.36446309595817e-09
2.76999711990356,-3.69068602275554e-20,6.64720015142173e-11,-1.17859655368591e-09
2.77333045005798,6.12561413263399e-21,-3.3612468364197e-10,6.33448626885524e-09
2.7766637802124,3.06684223752196e-20,-2.850313318703e-10,5.36448974131076e-09
2.77999711036682,-3.69172387593035e-20,6.64721958032466e-11,-1.17860032844419e-09
2.78333044052124,6.12018535596733e-21,-3.36123406885491e-10,6.33446228803791e-09
2.78666377067566,3.06634334421502e-20,-2.85032802915808e-10,5.36451683075256e-09
2.78999710083008,-3.69074289142266e-20,6.64723970311698e-11,-1.17860410320247e-09
2.7933304309845,6.12451876455721e-21,-3.36122102373437e-10,6.33443830722058e-09
2.79666376113892,3.06710073146338e-20,-2.8503424620574e-10,5.36454392019436e-09
2.79999709129333,-3.69128314376023e-20,6.6472598259093e-11,-1.17860787796076e-09
2.80333042144775,6.12101536385736e-21,-3.36120825616959e-10,6.33441432640325e-09
2.80666375160217,3.06547868198096e-20,-2.85035689495672e-10,5.36457100963617e-09
2.80999708175659,-3.6911645596646e-20,6.64727925481223e-11,-1.17861165271904e-09
2.81333041191101,6.11569483152867e-21,-3.36119521104905e-10,6.33439034558592e-09
2.81666374206543,3.0669356184583e-20,-2.85037132785604e-10,5.36459809907797e-09
2.81999707221985,-3.69072124255506e-20,6.64729937760455e-11,-1.17861542747733e-09
2.82333040237427,6.12161959344544e-21,-3.36118244348427e-10,6.33436636476858e-09
2.82666373252869,3.06653107543997e-20,-2.85038576075536e-10,5.36462474443056e-09
2.82999706268311,-3.69174810973736e-20,6.64731880650749e-11,-1.17861920223561e-09
2.83333039283752,6.12219070349727e-21,-3.36116939836373e-10,6.33434238395125e-09
2.83666372299194,3.06670782067242e-20,-2.85040019365468e-10,5.36465183387236e-09
2.83999705314636,-3.69171062811586e-20,6.64733892929981e-11,-1.17862297699389e-09
2.84333038330078,6.12279049022073e-21,-3.36115663079894e-10,6.33431840313392e-09
2.8466637134552,3.06710396263765e-20,-2.850414626554e-10,5.36467892331416e-09
2.84999704360962,-3.69147216745489e-20,6.64735905209213e-11,-1.17862675175218e-09
2.85333037376404,6.12336967820823e-21,-3.36114386323416e-10,6.33429442231659e-09
2.85666370391846,3.06613267165276e-20,-2.85042933700907e-10,5.36470601275596e-09
2.85999703407288,-3.69191193027274e-20,6.64737848099506e-11,-1.17863052651046e-09
2.86333036422729,6.12423886408626e-21,-3.36113081811362e-10,6.33427044149926e-09
2.86666369438171,3.0674448515229e-20,-2.8504437699084e-10,5.36473310219776e-09
2.86999702453613,-3.69088409373816e-20,6.64739860378738e-11,-1.17863430126874e-09
2.87333035469055,6.1215008477911e-21,-3.36111805054884e-10,6.33424646068192e-09
2.87666368484497,3.06657178823575e-20,-2.85045820280772e-10,5.36475974755035e-09
2.87999701499939,-3.69224247940033e-20,6.6474187265797e-11,-1.17863807602703e-09
2.88333034515381,6.12652613157107e-21,-3.3611050054283e-10,6.33422247986459e-09
2.88666367530823,3.06678019897602e-20,-2.85047263570704e-10,5.36478683699215e-09
2.88999700546265,-3.69223504769952e-20,6.64743815548263e-11,-1.17864185078531e-09
2.89333033561707,6.1262712727007e-21,-3.36109223786352e-10,6.33419849904726e-09
2.89666366577148,3.06706421919416e-20,-2.85048706860636e-10,5.36481392643395e-09
2.8999969959259,-3.69009245604255e-20,6.64745827827495e-11,-1.1786456255436e-09
2.90333032608032,6.12411931063835e-21,-3.36107919274298e-10,6.33417451822993e-09
2.90666365623474,3.0667546726993e-20,-2.85050150150568e-10,5.36484101587575e-09
2.90999698638916,-3.6900472196028e-20,6.64747840106727e-11,-1.17864940030188e-09
2.91333031654358,6.12469405576124e-21,-3.36106642517819e-10,6.3341505374126e-09
2.916663646698,3.06757862213759e-20,-2.850515934405e-10,5.36486810531756e-09
2.91999697685242,-3.69091220495429e-20,6.64749782997021e-11,-1.17865317506016e-09
2.92333030700684,6.12493760552167e-21,-3.36105365761341e-10,6.33412655659527e-09
2.92666363716125,3.067684927771e-20,-2.85053036730432e-10,5.36489475067015e-09
2.92999696731567,-3.69139009562849e-20,6.64751795276253e-11,-1.17865694981845e-09
2.93333029747009,6.12315480511942e-21,-3.36104061249287e-10,6.33410257577793e-09
2.93666362762451,3.06679409302537e-20,-2.85054507775939e-10,5.36492184011195e-09
2.93999695777893,-3.69052575651186e-20,6.64753738166546e-11,-1.17866072457673e-09
2.94333028793335,6.12257925220297e-21,-3.36102784492809e-10,6.3340785949606e-09
2.94666361808777,3.06722480855527e-20,-2.85055951065871e-10,5.36494892955375e-09
2.94999694824219,-3.6911875010019e-20,6.64755750445778e-11,-1.17866449933501e-09
2.95333027839661,6.12337573665998e-21,-3.36101479980755e-10,6.33405461414327e-09
2.95666360855103,3.06743160370841e-20,-2.85057394355803e-10,5.36497601899555e-09
2.95999693870544,-3.69104920674324e-20,6.6475776272501e-11,-1.1786682740933e-09
2.96333026885986,6.12442869557449e-21,-3.36100203224277e-10,6.33403063332594e-09
2.96666359901428,3.06771562392654e-20,-2.85058837645735e-10,5.36500310843735e-09
2.9699969291687,-3.69076906393422e-20,6.64759705615303e-11,-1.17867204885158e-09
2.97333025932312,6.11977943969993e-21,-3.36098898712223e-10,6.33400665250861e-09
2.97666358947754,3.06698279360261e-20,-2.85060280935667e-10,5.36502975378994e-09
2.97999691963196,-3.69131674797261e-20,6.64761717894535e-11,-1.17867571258756e-09
2.98333024978638,6.12771237642413e-21,-3.36097621955744e-10,6.33398267169127e-09
2.9866635799408,3.0667268846006e-20,-2.85061724225599e-10,5.36505684323174e-09
2.98999691009521,-3.69074127583552e-20,6.64763660784828e-11,-1.17867948734585e-09
2.99333024024963,6.12022816902637e-21,-3.36096345199266e-10,6.33395824678473e-09
2.99666357040405,3.066422831102e-20,-2.85063167515531e-10,5.36508393267354e-09
2.99999690055847,-3.69031476083217e-20,6.64765673064061e-11,-1.17868326210413e-09
3.00333023071289,6.12050524221984e-21,-3.36095040687212e-10,6.3339342659674e-09
3.00666356086731,3.0663323582225e-20,-2.85064638561039e-10,5.36511102211534e-09
3.00999689102173,-3.69138492574966e-20,6.64767685343293e-11,-1.17868703686241e-09
3.01333022117615,6.12292902681746e-21,-3.36093763930734e-10,6.33391028515007e-09
3.01666355133057,3.06781966773797e-20,-2.85066081850971e-10,5.36513811155714e-09
3.01999688148499,-3.68967208027031e-20,6.64769628233586e-11,-1.1786908116207e-09
3.0233302116394,6.11963686413537e-21,-3.3609245941868e-10,6.33388630433274e-09
3.02666354179382,3.06719669733914e-20,-2.85067525140903e-10,5.36516475690973e-09
3.02999687194824,-3.69085792122659e-20,6.64771640512818e-11,-1.17869458637898e-09
3.03333020210266,6.12390645703346e-21,-3.36091182662202e-10,6.3338623235154e-09
3.03666353225708,3.06684643804851e-20,-2.85068968430835e-10,5.36519184635154e-09
3.0399968624115,-3.69026629321816e-20,6.6477365279205e-11,-1.17869836113726e-09
3.04333019256592,6.12247747021354e-21,-3.36089878150148e-10,6.33383834269807e-09
3.04666352272034,3.067581207077e-20,-2.85070411720767e-10,5.36521893579334e-09
3.04999685287476,-3.69038972407519e-20,6.64775595682343e-11,-1.17870213589555e-09
3.05333018302917,6.12694174136126e-21,-3.36088601393669e-10,6.33381436188074e-09
3.05666351318359,3.06727036811244e-20,-2.85071855010699e-10,5.36524602523514e-09
3.05999684333801,-3.68928013883163e-20,6.64777607961575e-11,-1.17870591065383e-09
3.06333017349243,6.12304858026537e-21,-3.36087324637191e-10,6.33379038106341e-09
3.06666350364685,3.06806362139518e-20,-2.85073298300631e-10,5.36527311467694e-09
3.06999683380127,-3.68948725710219e-20,6.64779550851868e-11,-1.17870968541212e-09
3.07333016395569,6.12726889775588e-21,-3.36086020125137e-10,6.33376640024608e-09
3.07666349411011,3.0673036492074e-20,-2.85074741590563e-10,5.36529976002953e-09
3.07999682426453,-3.68968629743709e-20,6.647815631311e-11,-1.1787134601704e-09
3.08333015441895,6.1270972416229e-21,-3.36084743368659e-10,6.33374241942875e-09
3.08666348457336,3.06818899095677e-20,-2.85076212636071e-10,5.36532684947133e-09
3.08999681472778,-3.69095000969322e-20,6.64783575410333e-11,-1.17871723492868e-09
3.0933301448822,6.13044191088684e-21,-3.36083438856605e-10,6.33371843861141e-09
3.09666347503662,3.06779511081353e-20,-2.85077655926003e-10,5.36535393891313e-09
3.09999680519104,-3.68957966868625e-20,6.64785518300626e-11,-1.17872100968697e-09
3.10333013534546,6.12190030170995e-21,-3.36082162100126e-10,6.33369445779408e-09
3.10666346549988,3.06830369764328e-20,-2.85079099215935e-10,5.36538102835493e-09
3.1099967956543,-3.68919548206581e-20,6.64787530579858e-11,-1.17872478444525e-09
3.11333012580872,6.12445696834934e-21,-3.36080857588072e-10,6.33367047697675e-09
3.11666345596313,3.06761028764541e-20,-2.85080542505867e-10,5.36540767370752e-09
3.11999678611755,-3.69036904455987e-20,6.64789473470151e-11,-1.17872855920353e-09
3.12333011627197,6.12132797996777e-21,-3.36079580831594e-10,6.33364649615942e-09
3.12666344642639,3.06782257579481e-20,-2.85081985795799e-10,5.36543476314932e-09
3.12999677658081,-3.68990343234788e-20,6.64791485749383e-11,-1.17873233396182e-09
3.13333010673523,6.12598733326192e-21,-3.36078304075116e-10,6.33362251534209e-09
3.13666343688965,3.06775278243062e-20,-2.85083429085731e-10,5.36546185259112e-09
3.13999676704407,-3.68925881308146e-20,6.64793498028615e-11,-1.1787361087201e-09
3.14333009719849,6.12139583462739e-21,-3.36076999563062e-10,6.33359853452475e-09
3.14666342735291,3.06692947922719e-20,-2.85084872375663e-10,5.36548894203293e-09
3.14999675750732,-3.68923296368732e-20,6.64795440918908e-11,-1.17873977245608e-09
3.15333008766174,6.12159091677381e-21,-3.36075722806584e-10,6.33357455370742e-09
3.15666341781616,3.06778412482102e-20,-2.8508634342117e-10,5.36551603147473e-09
3.15999674797058,-3.68994349890881e-20,6.6479745319814e-11,-1.17874354721437e-09
3.163330078125,6.12470940383901e-21,-3.3607441829453e-10,6.33355057289009e-09
3.16666340827942,3.06923976882866e-20,-2.85087786711102e-10,5.36554267682732e-09
3.16999673843384,-3.68847945384807e-20,6.64799396088434e-11,-1.17874732197265e-09
3.17333006858826,6.12555920267144e-21,-3.36073141538051e-10,6.33352659207276e-09
3.17666339874268,3.06755212650859e-20,-2.85089230001034e-10,5.36556976626912e-09
3.17999672889709,-3.69037518379098e-20,6.64801408367666e-11,-1.17875109673093e-09
3.18333005905151,6.12165836753665e-21,-3.36071837025997e-10,6.33350261125543e-09
3.18666338920593,3.06780383498405e-20,-2.85090673290966e-10,5.36559685571092e-09
3.18999671936035,-3.69091705171569e-20,6.64803420646898e-11,-1.17875487148922e-09
3.19333004951477,6.1203889199462e-21,-3.36070560269519e-10,6.33347863043809e-09
3.19666337966919,3.06785068701094e-20,-2.85092116580898e-10,5.36562394515272e-09
3.19999670982361,-3.68966884909604e-20,6.64805363537191e-11,-1.1787586462475e-09
3.20333003997803,6.1191546113759e-21,-3.36069255757465e-10,6.33345464962076e-09
3.20666337013245,3.06727069122987e-20,-2.8509355987083e-10,5.36565103459452e-09
3.20999670028687,-3.69025886151734e-20,6.64807375816423e-11,-1.17876242100579e-09
3.21333003044128,6.11796998210998e-21,-3.36067979000987e-10,6.33343066880343e-09
3.2166633605957,3.06795440770493e-20,-2.85095003160762e-10,5.36567767994711e-09
3.21999669075012,-3.69077164887364e-20,6.64809318706716e-11,-1.17876619576407e-09
3.22333002090454,6.1182260526707e-21,-3.36066702244509e-10,6.3334066879861e-09
3.22666335105896,3.06840838768956e-20,-2.85096446450694e-10,5.36570476938891e-09
3.22999668121338,-3.69051380116707e-20,6.64811330985948e-11,-1.17876997052235e-09
3.2333300113678,6.11661652398856e-21,-3.36065397732455e-10,6.33338270716877e-09
3.23666334152222,3.06783065373048e-20,-2.85097917496202e-10,5.36573185883071e-09
3.23999667167664,-3.69008696304629e-20,6.64813273876241e-11,-1.17877374528064e-09
3.24333000183105,6.11686734389109e-21,-3.36064120975976e-10,6.33335872635143e-09
3.24666333198547,3.06798930438702e-20,-2.85099360786134e-10,5.36575894827251e-09
3.24999666213989,-3.68936091818832e-20,6.64815286155473e-11,-1.17877752003892e-09
3.25332999229431,6.11415760037077e-21,-3.36062816463922e-10,6.3333347455341e-09
3.25666332244873,3.06893119168608e-20,-2.85100804076066e-10,5.36578603771432e-09
3.25999665260315,-3.69002686320491e-20,6.64817298434706e-11,-1.1787812947972e-09
3.26332998275757,6.12069022694667e-21,-3.36061539707444e-10,6.33331076471677e-09
3.26666331291199,3.06754631039491e-20,-2.85102247365998e-10,5.36581268306691e-09
3.26999664306641,-3.68986562760895e-20,6.64819241324999e-11,-1.17878495853319e-09
3.27332997322083,6.12027865612431e-21,-3.3606023519539e-10,6.33328678389944e-09
3.27666330337524,3.0679889812696e-20,-2.8510369065593e-10,5.36583977250871e-09
3.27999663352966,-3.68965689375125e-20,6.64821253604231e-11,-1.17878873329147e-09
3.28332996368408,6.12073465559285e-21,-3.36058958438912e-10,6.33326280308211e-09
3.2866632938385,3.06778283235131e-20,-2.85105133945862e-10,5.36586686195051e-09
3.28999662399292,-3.68983783951025e-20,6.64823196494524e-11,-1.17879250804975e-09
3.29332995414734,6.12401147019717e-21,-3.36057681682433e-10,6.33323882226478e-09
3.29666328430176,3.06779058716956e-20,-2.85106577235794e-10,5.36589395139231e-09
3.29999661445618,-3.69004463466339e-20,6.64825208773756e-11,-1.17879628280804e-09
3.3033299446106,6.12190030170995e-21,-3.3605637717038e-10,6.33321484144744e-09
3.30666327476501,3.06840871080698e-20,-2.85108020525726e-10,5.36592104083411e-09
3.30999660491943,-3.68974736663075e-20,6.64827151664049e-11,-1.17880005756632e-09
3.31332993507385,6.12393432591152e-21,-3.36055100413901e-10,6.3331904165409e-09
3.31666326522827,3.06904105161119e-20,-2.85109491571234e-10,5.3659476861867e-09
3.31999659538269,-3.68983396210113e-20,6.64829163943281e-11,-1.1788038323246e-09
3.32332992553711,6.1189223707254e-21,-3.36053795901847e-10,6.33316643572357e-09
3.32666325569153,3.0682568456164e-20,-2.85110934861166e-10,5.3659747756285e-09
3.32999658584595,-3.68941100138947e-20,6.64831176222513e-11,-1.17880760708289e-09
3.33332991600037,6.12185425747664e-21,-3.36052519145369e-10,6.33314245490624e-09
3.33666324615479,3.06875250774908e-20,-2.85112378151098e-10,5.3660018650703e-09
3.3399965763092,-3.68875798106995e-20,6.64833119112807e-11,-1.17881138184117e-09
3.34332990646362,6.12012759872729e-21,-3.36051214633315e-10,6.33311847408891e-09
3.34666323661804,3.0685621915847e-20,-2.8511382144103e-10,5.3660289545121e-09
3.34999656677246,-3.68941907932514e-20,6.64835131392039e-11,-1.17881515659946e-09
3.35332989692688,6.1155744702872e-21,-3.36049937876837e-10,6.33309449327157e-09
3.3566632270813,3.06713142761893e-20,-2.85115264730962e-10,5.36605559986469e-09
3.35999655723572,-3.69009762592138e-20,6.64837074282332e-11,-1.17881893135774e-09
3.36332988739014,6.11675384889494e-21,-3.36048661120358e-10,6.33307051245424e-09
3.36666321754456,3.06850596915244e-20,-2.85116708020894e-10,5.3660826893065e-09
3.36999654769897,-3.69040911112079e-20,6.64839086561564e-11,-1.17882259509372e-09
3.37332987785339,6.11927981937878e-21,-3.36047356608304e-10,6.33304653163691e-09
3.37666320800781,3.06801256884175e-20,-2.85118151310826e-10,5.3661097787483e-09
3.37999653816223,-3.69029569690399e-20,6.64841029451857e-11,-1.178826369852e-09
3.38332986831665,6.11786577673984e-21,-3.36046079851826e-10,6.33302255081958e-09
3.38666319847107,3.06827332460516e-20,-2.85119594600758e-10,5.3661368681901e-09
3.38999652862549,-3.68953863277305e-20,6.64843041731089e-11,-1.17883014461029e-09
3.39332985877991,6.11312645188257e-21,-3.36044775339772e-10,6.33299857000225e-09
3.39666318893433,3.06807331491799e-20,-2.85121065646265e-10,5.3661639576319e-09
3.39999651908875,-3.6900966565691e-20,6.64845054010321e-11,-1.17883391936857e-09
3.40332984924316,6.11625544026413e-21,-3.36043498583294e-10,6.33297458918491e-09
3.40666317939758,3.06896802707274e-20,-2.85122508936198e-10,5.36619060298449e-09
3.409996509552,-3.68958031492111e-20,6.64846996900614e-11,-1.17883769412686e-09
3.41332983970642,6.11675909955312e-21,-3.3604219407124e-10,6.33295060836758e-09
3.41666316986084,3.06921359631709e-20,-2.8512395222613e-10,5.36621769242629e-09
3.41999650001526,-3.69022105677841e-20,6.64849009179846e-11,-1.17884146888514e-09
3.42332983016968,6.12110139387224e-21,-3.36040917314762e-10,6.33292662755025e-09
3.4266631603241,3.06808333155822e-20,-2.85125395516062e-10,5.36624478186809e-09
3.42999649047852,-3.68956739022404e-20,6.6485095207014e-11,-1.17884524364342e-09
3.43332982063293,6.11726154715176e-21,-3.36039612802708e-10,6.33290264673292e-09
3.43666315078735,3.06830208205615e-20,-2.85126838805994e-10,5.36627187130989e-09
3.43999648094177,-3.68904490934493e-20,6.64852964349372e-11,-1.17884901840171e-09
3.44332981109619,6.11554135075095e-21,-3.36038336046229e-10,6.33287866591559e-09
3.44666314125061,3.06798445762562e-20,-2.85128282095926e-10,5.36629896075169e-09
3.44999647140503,-3.68883843730922e-20,6.64854907239665e-11,-1.17885268213769e-09
3.45332980155945,6.1145820958902e-21,-3.36037059289751e-10,6.33285468509825e-09
3.45666313171387,3.06834279485192e-20,-2.85129725385858e-10,5.36632560610428e-09
3.45999646186829,-3.6904611330265e-20,6.64856919518897e-11,-1.17885645689597e-09
3.46332979202271,6.1111679563795e-21,-3.36035754777697e-10,6.33283070428092e-09
3.46666312217712,3.06787459770052e-20,-2.8513116867579e-10,5.36635269554608e-09
3.46999645233154,-3.69068020664186e-20,6.6485886240919e-11,-1.17886023165426e-09
3.47332978248596,6.10791295220149e-21,-3.36034478021219e-10,6.33280672346359e-09
3.47666311264038,3.06848076599315e-20,-2.85132639721297e-10,5.36637978498788e-09
3.4799964427948,-3.68965721686868e-20,6.64860874688422e-11,-1.17886400641254e-09
3.48332977294922,6.10886695640406e-21,-3.36033173509165e-10,6.33278274264626e-09
3.48666310310364,3.06858319421744e-20,-2.85134083011229e-10,5.36640687442969e-09
3.48999643325806,-3.6903283317641e-20,6.64862817578715e-11,-1.17886778117082e-09
3.49332976341248,6.10558973790296e-21,-3.36031896752687e-10,6.33275876182893e-09
3.49666309356689,3.06789204604156e-20,-2.85135526301161e-10,5.36643351978228e-09
3.49999642372131,-3.69183825949943e-20,6.64864829857947e-11,-1.17887155592911e-09
3.50332975387573,6.10217802177296e-21,-3.36030592240633e-10,6.3327347810116e-09
3.50666308403015,3.06739638390889e-20,-2.85136969591093e-10,5.36646060922408e-09
3.50999641418457,-3.69162661758489e-20,6.6486684213718e-11,-1.17887533068739e-09
3.51332974433899,6.10155723241676e-21,-3.36029315484154e-10,6.33271080019426e-09
3.51666307449341,3.0677078691083e-20,-2.85138412881025e-10,5.36648769866588e-09
3.51999640464783,-3.69065855777427e-20,6.64868785027473e-11,-1.17887910544567e-09
3.52332973480225,6.10519634243585e-21,-3.360280109721e-10,6.33268681937693e-09
3.52666306495667,3.06782386826451e-20,-2.85139856170957e-10,5.36651478810768e-09
3.52999639511108,-3.6904417459809e-20,6.64870797306705e-11,-1.17888276918166e-09
3.5333297252655,6.11044538503387e-21,-3.36026734215622e-10,6.3326628385596e-09
3.53666305541992,3.06710590134221e-20,-2.85141299460889e-10,5.36654187754948e-09
3.53999638557434,-3.69058359453125e-20,6.64872740196998e-11,-1.17888654393994e-09
3.54332971572876,6.10049700336014e-21,-3.36025457459144e-10,6.33263885774227e-09
3.54666304588318,3.06784713271924e-20,-2.85142742750821e-10,5.36656852290207e-09
3.5499963760376,-3.69016806552042e-20,6.6487475247623e-11,-1.17889031869822e-09
3.55332970619202,6.09994689594105e-21,-3.3602415294709e-10,6.33261487692494e-09
3.55666303634644,3.06729234009746e-20,-2.85144213796329e-10,5.36659561234387e-09
3.55999636650085,-3.69167670078605e-20,6.64876695366523e-11,-1.17889409345651e-09
3.56332969665527,6.09693907659453e-21,-3.36022876190611e-10,6.3325908961076e-09
3.56666302680969,3.0669995957088e-20,-2.85145657086261e-10,5.36662270178567e-09
3.56999635696411,-3.69109412006556e-20,6.64878707645755e-11,-1.17889786821479e-09
3.57332968711853,6.09364610611887e-21,-3.36021571678558e-10,6.33256691529027e-09
3.57666301727295,3.06618049303192e-20,-2.85147100376193e-10,5.36664979122747e-09
3.57999634742737,-3.69142660789772e-20,6.64880650536048e-11,-1.17890164297307e-09
3.58332967758179,6.09105833942716e-21,-3.36020294922079e-10,6.33254249038373e-09
3.58666300773621,3.06687971914347e-20,-2.85148543666125e-10,5.36667688066927e-09
3.58999633789062,-3.69130382327554e-20,6.6488266281528e-11,-1.17890541773136e-09
3.59332966804504,6.08857760538307e-21,-3.36018990410025e-10,6.3325185095664e-09
3.59666299819946,3.066912677121e-20,-2.85149986956057e-10,5.36670352602187e-09
3.59999632835388,-3.69412496152875e-20,6.64884605705574e-11,-1.17890908146734e-09
3.6033296585083,6.08690426100914e-21,-3.36017713653547e-10,6.33249452874907e-09
3.60666298866272,3.06645191167041e-20,-2.85151430245989e-10,5.36673061546367e-09
3.60999631881714,-3.69332783083688e-20,6.64886617984806e-11,-1.17891285622562e-09
3.61332964897156,6.08518891136973e-21,-3.36016436897069e-10,6.33247054793173e-09
3.61666297912598,3.0657459000929e-20,-2.85152873535921e-10,5.36675770490547e-09
3.6199963092804,-3.69268644274473e-20,6.64888560875099e-11,-1.17891663098391e-09
3.62332963943481,6.07837638432289e-21,-3.36015132385015e-10,6.3324465671144e-09
3.62666296958923,3.06502050146978e-20,-2.85154316825853e-10,5.36678479434727e-09
3.62999629974365,-3.69361055858531e-20,6.64890573154331e-11,-1.17892040574219e-09
3.63332962989807,6.08006790405207e-21,-3.36013855628536e-10,6.33242258629707e-09
3.63666296005249,3.06460271063696e-20,-2.85155787871361e-10,5.36681143969986e-09
3.63999629020691,-3.69382413920442e-20,6.64892516044624e-11,-1.17892418050047e-09
3.64332962036133,6.07938410679765e-21,-3.36012551116482e-10,6.33239860547974e-09
3.64666295051575,3.06450512917407e-20,-2.85157231161293e-10,5.36683852914166e-09
3.64999628067017,-3.69305221167184e-20,6.64894528323856e-11,-1.17892795525876e-09
3.65332961082458,6.07391332486551e-21,-3.36011274360004e-10,6.33237462466241e-09
3.656662940979,3.06575656296799e-20,-2.85158674451225e-10,5.36686561858346e-09
3.65999627113342,-3.69261632626312e-20,6.64896540603088e-11,-1.17893173001704e-09
3.66332960128784,6.07669294252937e-21,-3.3600996984795e-10,6.33235064384507e-09
3.66666293144226,3.06562182300102e-20,-2.85160117741157e-10,5.36689270802526e-09
3.66999626159668,-3.69302022304659e-20,6.64898483493381e-11,-1.17893539375302e-09
3.6733295917511,6.07960625002856e-21,-3.36008693091472e-10,6.33232666302774e-09
3.67666292190552,3.06646322078035e-20,-2.85161561031089e-10,5.36691979746706e-09
3.67999625205994,-3.69343575205743e-20,6.64900495772613e-11,-1.17893916851131e-09
3.68332958221436,6.07686257917843e-21,-3.36007388579418e-10,6.33230268221041e-09
3.68666291236877,3.06577142636962e-20,-2.85163004321021e-10,5.36694644281965e-09
3.68999624252319,-3.69195748982992e-20,6.64902438662907e-11,-1.17894294326959e-09
3.69332957267761,6.0801894769839e-21,-3.3600611182294e-10,6.33227870139308e-09
3.69666290283203,3.06613848776644e-20,-2.85164447610953e-10,5.36697353226145e-09
3.69999623298645,-3.69220790583567e-20,6.64904450942139e-11,-1.17894671802787e-09
3.70332956314087,6.07814939433057e-21,-3.36004835066461e-10,6.33225472057575e-09
3.70666289329529,3.06616401404315e-20,-2.85165890900885e-10,5.36700062170326e-09
3.70999622344971,-3.69294655227328e-20,6.64906393832432e-11,-1.17895049278616e-09
3.71332955360413,6.0798522231697e-21,-3.36003530554407e-10,6.33223073975842e-09
3.71666288375854,3.06557561720899e-20,-2.85167361946392e-10,5.36702771114506e-09
3.71999621391296,-3.69291456364803e-20,6.64908406111664e-11,-1.17895426754444e-09
3.72332954406738,6.07759484404686e-21,-3.36002253797929e-10,6.33220675894108e-09
3.7266628742218,3.06555299898911e-20,-2.85168805236324e-10,5.36705480058686e-09
3.72999620437622,-3.6928502632801e-20,6.64910349001957e-11,-1.17895793128042e-09
3.73332953453064,6.07836224793546e-21,-3.36000949285875e-10,6.33218277812375e-09
3.73666286468506,3.06623413052476e-20,-2.85170248526256e-10,5.36708144593945e-09
3.73999619483948,-3.69292070287914e-20,6.64912361281189e-11,-1.17896170603871e-09
3.7433295249939,6.07794663814527e-21,-3.35999672529397e-10,6.33215879730642e-09
3.74666285514832,3.0659219990905e-20,-2.85171691816188e-10,5.36710853538125e-09
3.74999618530273,-3.69263086654732e-20,6.64914304171482e-11,-1.17896548079699e-09
3.75332951545715,6.07819059180249e-21,-3.35998368017343e-10,6.33213481648909e-09
3.75666284561157,3.06594720224978e-20,-2.8517313510612e-10,5.36713562482305e-09
3.75999617576599,-3.69300439029268e-20,6.64916316450714e-11,-1.17896925555527e-09
3.76332950592041,6.07538633643483e-21,-3.35997091260865e-10,6.33211083567176e-09
3.76666283607483,3.06603767512928e-20,-2.85174578396052e-10,5.36716271426485e-09
3.76999616622925,-3.69308193847511e-20,6.64918259341007e-11,-1.17897303031356e-09
3.77332949638367,6.07360959448433e-21,-3.35995786748811e-10,6.33208685485442e-09
3.77666282653809,3.06667938633886e-20,-2.85176021685984e-10,5.36718935961744e-09
3.7799961566925,-3.69353365663774e-20,6.6492027162024e-11,-1.17897669404954e-09
3.78332948684692,6.07111432015604e-21,-3.35994509992332e-10,6.33206287403709e-09
3.78666281700134,3.06527544111951e-20,-2.85177464975916e-10,5.36721644905924e-09
3.78999614715576,-3.69248126317872e-20,6.64922214510533e-11,-1.17898046880782e-09
3.79332947731018,6.07093458608739e-21,-3.35993233235854e-10,6.33203889321976e-09
3.7966628074646,3.0649242124766e-20,-2.85178908265848e-10,5.36724353850104e-09
3.79999613761902,-3.6927681914537e-20,6.64924226789765e-11,-1.17898424356611e-09
3.80332946777344,6.06941310690405e-21,-3.359919287238e-10,6.33201446831322e-09
3.80666279792786,3.06616304469087e-20,-2.85180379311356e-10,5.36727062794284e-09
3.80999612808228,-3.6936719508964e-20,6.64926169680058e-11,-1.17898801832439e-09
3.81332945823669,6.0704381969405e-21,-3.35990651967322e-10,6.33199048749589e-09
3.81666278839111,3.06598339140158e-20,-2.85181822601288e-10,5.36729771738464e-09
3.81999611854553,-3.69329034921538e-20,6.6492818195929e-11,-1.17899179308267e-09
3.82332944869995,6.07530434538779e-21,-3.35989347455268e-10,6.33196650667855e-09
3.82666277885437,3.06563571705037e-20,-2.8518326589122e-10,5.36732436273724e-09
3.82999610900879,-3.69246833848165e-20,6.64930124849583e-11,-1.17899556784096e-09
3.83332943916321,6.06784477569382e-21,-3.35988070698789e-10,6.33194252586122e-09
3.83666276931763,3.06570357170999e-20,-2.85184709181152e-10,5.36735145217904e-09
3.83999609947205,-3.69330553573444e-20,6.64932137128815e-11,-1.17899923157694e-09
3.84332942962646,6.06785608480376e-21,-3.35986766186736e-10,6.33191854504389e-09
3.84666275978088,3.06515718014131e-20,-2.85186152471084e-10,5.36737854162084e-09
3.8499960899353,-3.6934632170387e-20,6.64934080019108e-11,-1.17900300633522e-09
3.85332942008972,6.06581802163435e-21,-3.35985489430257e-10,6.33189456422656e-09
3.85666275024414,3.06483438583196e-20,-2.85187595761016e-10,5.36740563106264e-09
3.85999608039856,-3.69357630813808e-20,6.6493609229834e-11,-1.17900678109351e-09
3.86332941055298,6.06349238395512e-21,-3.35984184918203e-10,6.33187058340923e-09
3.8666627407074,3.06495426239729e-20,-2.85189039050948e-10,5.36743227641523e-09
3.86999607086182,-3.69321732467693e-20,6.64938035188634e-11,-1.17901055585179e-09
3.87332940101624,6.07197744758232e-21,-3.35982908161725e-10,6.3318466025919e-09
3.87666273117065,3.06546704975359e-20,-2.8519048234088e-10,5.36745936585703e-09
3.87999606132507,-3.69296270814462e-20,6.64940047467866e-11,-1.17901433061007e-09
3.88332939147949,6.06957426172065e-21,-3.35981603649671e-10,6.33182262177456e-09
3.88666272163391,3.06548740615148e-20,-2.85191953386388e-10,5.36748645529883e-09
3.88999605178833,-3.69287320461741e-20,6.64941990358159e-11,-1.17901799434605e-09
3.89332938194275,6.06887471249168e-21,-3.35980326893193e-10,6.33179864095723e-09
3.89666271209717,3.06516461184213e-20,-2.8519339667632e-10,5.36751354474063e-09
3.89999604225159,-3.69183373585546e-20,6.64944002637391e-11,-1.17902176910434e-09
3.90332937240601,6.06646142921043e-21,-3.35979050136714e-10,6.3317746601399e-09
3.90666270256042,3.06489707061275e-20,-2.85194839966252e-10,5.36754063418243e-09
3.90999603271484,-3.69204763959199e-20,6.64945945527684e-11,-1.17902554386262e-09
3.91332936286926,6.06602522068428e-21,-3.3597774562466e-10,6.33175067932257e-09
3.91666269302368,3.06524474496397e-20,-2.85196283256184e-10,5.36756727953502e-09
3.9199960231781,-3.69262084990709e-20,6.64947957806916e-11,-1.17902931862091e-09
3.92332935333252,6.0657045266382e-21,-3.35976468868182e-10,6.33172669850524e-09
3.92666268348694,3.06516331937242e-20,-2.85197726546116e-10,5.36759436897682e-09
3.92999601364136,-3.69306513636891e-20,6.64949900697209e-11,-1.17903309337919e-09
3.93332934379578,6.06497751242795e-21,-3.35975164356128e-10,6.3317027176879e-09
3.9366626739502,3.06468058193681e-20,-2.85199169836048e-10,5.36762145841863e-09
3.93999600410461,-3.69224247940033e-20,6.64951912976441e-11,-1.17903675711517e-09
3.94332933425903,6.05665562310127e-21,-3.3597388759965e-10,6.33167873687057e-09
3.94666266441345,3.06443533580989e-20,-2.8520061312598e-10,5.36764854786043e-09
3.94999599456787,-3.69465196605182e-20,6.64953855866735e-11,-1.17904053187345e-09
3.95332932472229,6.06217810382169e-21,-3.35972583087596e-10,6.33165475605324e-09
3.95666265487671,3.06428411685416e-20,-2.85202056415912e-10,5.36767519321302e-09
3.95999598503113,-3.69429685999979e-20,6.64955798757028e-11,-1.17904430663174e-09
3.96332931518555,6.05911535451262e-21,-3.35971306331118e-10,6.33163077523591e-09
3.96666264533997,3.06449834370811e-20,-2.8520352746142e-10,5.36770228265482e-09
3.96999597549438,-3.69458217268764e-20,6.6495781103626e-11,-1.17904808139002e-09
3.9733293056488,6.05574685533845e-21,-3.35970001819064e-10,6.33160679441858e-09
3.97666263580322,3.06486055834353e-20,-2.85204970751352e-10,5.36772937209662e-09
3.97999596595764,-3.69371783357101e-20,6.64959753926553e-11,-1.17905185614831e-09
3.98332929611206,6.05621901067833e-21,-3.35968725062585e-10,6.33158281360124e-09
3.98666262626648,3.0642640835737e-20,-2.85206414041284e-10,5.36775646153842e-09
3.9899959564209,-3.69438733287929e-20,6.64961766205785e-11,-1.17905551988429e-09
3.99332928657532,6.05409693697796e-21,-3.35967448306107e-10,6.33155883278391e-09
3.99666261672974,3.06391576298763e-20,-2.85207857331216e-10,5.36778355098022e-09
3.99999594688416,-3.69416955173364e-20,6.64963709096078e-11,-1.17905929464257e-09
4.00332927703857,6.05214409602987e-21,-3.35966143794053e-10,6.33153440787737e-09
4.00666284561157,3.06499723701506e-20,-2.85209300621148e-10,5.36781019633281e-09
4.00999593734741,-3.69310714163439e-20,6.6496572137531e-11,-1.17906306940085e-09
4.01332950592041,6.04949291754315e-21,-3.35964867037575e-10,6.33151042706004e-09
4.01666259765625,3.06481499878635e-20,-2.8521074391108e-10,5.36783728577461e-09
4.01999616622925,-3.69465261228668e-20,6.64967664265603e-11,-1.17906684415914e-09
4.02332925796509,6.05061494280764e-21,-3.35963562525521e-10,6.33148644624271e-09
4.02666282653809,3.06431416677485e-20,-2.85212187201012e-10,5.36786437521641e-09
4.02999591827393,-3.69525587252247e-20,6.64969676544835e-11,-1.17907050789512e-09
4.03332948684692,6.04782441993062e-21,-3.35962285769043e-10,6.33146246542537e-09
4.03666257858276,3.06393967367721e-20,-2.85213630490944e-10,5.36789146465821e-09
4.03999614715576,-3.69447134341025e-20,6.64971619435129e-11,-1.1790742826534e-09
4.0433292388916,6.05207624137025e-21,-3.35960981256989e-10,6.33143848460804e-09
4.0466628074646,3.06444826050696e-20,-2.85215073780876e-10,5.36791811001081e-09
4.04999589920044,-3.69482935751912e-20,6.64973631714361e-11,-1.17907805741169e-09
4.05332946777344,6.05098652784844e-21,-3.3595970450051e-10,6.33141450379071e-09
4.05666255950928,3.06461628156888e-20,-2.85216544826383e-10,5.36794519945261e-09
4.05999612808228,-3.69449977774381e-20,6.64975574604654e-11,-1.17908183216997e-09
4.06332921981812,6.05212107391321e-21,-3.35958399988456e-10,6.33139052297338e-09
4.06666278839111,3.06479851979759e-20,-2.85217988116315e-10,5.36797228889441e-09
4.06999588012695,-3.69407164715333e-20,6.64977586883886e-11,-1.17908560692825e-09
4.07332944869995,6.05769323393801e-21,-3.35957123231978e-10,6.33136654215605e-09
4.07666254043579,3.06499303648851e-20,-2.85219431406247e-10,5.36799937833621e-09
4.07999610900879,-3.69346386327356e-20,6.64979529774179e-11,-1.17908927066424e-09
4.08332920074463,6.05224143515469e-21,-3.35955818719924e-10,6.33134256133872e-09
4.08666276931763,3.06468252064137e-20,-2.85220874696179e-10,5.36802646777801e-09
4.08999586105347,-3.69300439029268e-20,6.64981542053411e-11,-1.17909304542252e-09
4.09332942962646,6.05512162311763e-21,-3.35954541963446e-10,6.33131858052138e-09
4.0966625213623,3.06430576572175e-20,-2.85222317986111e-10,5.3680531131306e-09
4.0999960899353,-3.69443353867132e-20,6.64983484943704e-11,-1.1790968201808e-09
4.10332918167114,6.05308234825788e-21,-3.35953265206967e-10,6.33129459970405e-09
4.10666275024414,3.06462920626595e-20,-2.85223761276043e-10,5.3680802025724e-09
4.10999584197998,-3.69410525136571e-20,6.64985427833997e-11,-1.17910059493909e-09
4.11332941055298,6.05126279324833e-21,-3.35951960694914e-10,6.33127061888672e-09
4.11666250228882,3.06458364670878e-20,-2.85225204565975e-10,5.3681072920142e-09
4.11999607086182,-3.69373786685147e-20,6.64987440113229e-11,-1.17910425867507e-09
4.12332916259766,6.05224708970966e-21,-3.35950683938435e-10,6.33124663806939e-09
4.12666273117065,3.0642459889978e-20,-2.85226647855907e-10,5.368134381456e-09
4.12999582290649,-3.69405710686912e-20,6.64989383003523e-11,-1.17910803343335e-09
4.13332939147949,6.04935397704964e-21,-3.35949379426381e-10,6.33122265725206e-09
4.13666248321533,3.0645283936288e-20,-2.85228118901415e-10,5.36816102680859e-09
4.13999605178833,-3.69409394225578e-20,6.64991395282755e-11,-1.17911180819164e-09
4.14332914352417,6.05019165897856e-21,-3.35948102669903e-10,6.33119867643472e-09
4.14666271209717,3.06478494886566e-20,-2.85229562191347e-10,5.36818811625039e-09
4.14999580383301,-3.69335400334845e-20,6.64993338173048e-11,-1.17911558294992e-09
4.15332937240601,6.04808776063345e-21,-3.35946798157849e-10,6.33117469561739e-09
4.15666246414185,3.06433840058185e-20,-2.85231005481279e-10,5.3682152056922e-09
4.15999603271484,-3.69332459966262e-20,6.6499535045228e-11,-1.1791192466859e-09
4.16332912445068,6.05075428719794e-21,-3.35945521401371e-10,6.33115071480006e-09
4.16666269302368,3.06403240837869e-20,-2.85232448771211e-10,5.368242295134e-09
4.16999578475952,-3.69449234604299e-20,6.64997293342573e-11,-1.17912302144418e-09
4.17332935333252,6.04977968425942e-21,-3.35944216889317e-10,6.33112673398273e-09
4.17666244506836,3.06541341226075e-20,-2.85233892061143e-10,5.3682693845758e-09
4.17999601364136,-3.69402641071358e-20,6.64999305621805e-11,-1.17912679620247e-09
4.1833291053772,6.04867744993732e-21,-3.35942940132838e-10,6.33110230907619e-09
4.1866626739502,3.06430059584292e-20,-2.85235335351075e-10,5.36829602992839e-09
4.18999576568604,-3.6934981137208e-20,6.65001248512098e-11,-1.17913057096075e-09
4.19332933425903,6.05394224450989e-21,-3.35941635620784e-10,6.33107832825885e-09
4.19666242599487,3.06511582111068e-20,-2.85236778641007e-10,5.36832311937019e-09
4.19999599456787,-3.69283830793531e-20,6.6500326079133e-11,-1.17913423469673e-09
4.20332908630371,6.04748958949713e-21,-3.35940358864306e-10,6.33105434744152e-09
4.20666265487671,3.065754301146e-20,-2.85238221930939e-10,5.36835020881199e-09
4.20999574661255,-3.69315948665753e-20,6.65005203681623e-11,-1.17913800945502e-09
4.21332931518555,6.04359764009158e-21,-3.35939082107828e-10,6.33103036662419e-09
4.21666240692139,3.0649591091587e-20,-2.85239665220871e-10,5.36837729825379e-09
4.21999597549438,-3.69385192730312e-20,6.65007146571917e-11,-1.1791417842133e-09
4.22332906723022,6.04763216506169e-21,-3.35937777595774e-10,6.33100638580686e-09
4.22666263580322,3.06480982890752e-20,-2.85241136266379e-10,5.36840394360638e-09
4.22999572753906,-3.69442836879249e-20,6.65009158851149e-11,-1.17914555897158e-09
4.23332929611206,6.04353140101909e-21,-3.35936500839296e-10,6.33098240498953e-09
4.2366623878479,3.06417522628133e-20,-2.85242579556311e-10,5.36843103304818e-09
4.2399959564209,-3.6945841113922e-20,6.65011101741442e-11,-1.17914922270757e-09
4.24332904815674,6.04246228623324e-21,-3.35935196327242e-10,6.3309584241722e-09
4.24666261672974,3.06397747841614e-20,-2.85244022846243e-10,5.36845812248998e-09
4.24999570846558,-3.69496700554293e-20,6.65013114020674e-11,-1.17915299746585e-09
4.25332927703857,6.04118274122319e-21,-3.35933919570763e-10,6.33093444335486e-09
4.25666236877441,3.06445569220777e-20,-2.85245466136175e-10,5.36848521193178e-09
4.25999593734741,-3.69481352476521e-20,6.65015056910967e-11,-1.17915677222413e-09
4.26332902908325,6.04541356003007e-21,-3.35932615058709e-10,6.33091046253753e-09
4.26666259765625,3.06443533580989e-20,-2.85246909426107e-10,5.36851230137358e-09
4.26999568939209,-3.69402576447873e-20,6.65017069190199e-11,-1.17916054698242e-09
4.27332925796509,6.04021177335572e-21,-3.35931338302231e-10,6.3308864817202e-09
4.27666234970093,3.06493875276081e-20,-2.85248352716039e-10,5.36853894672618e-09
4.27999591827393,-3.69438280923532e-20,6.65019012080492e-11,-1.1791642107184e-09
4.28332901000977,6.04074693659382e-21,-3.35930033790177e-10,6.33086250090287e-09
4.28666257858276,3.06472517214171e-20,-2.85249796005971e-10,5.36856603616798e-09
4.2899956703186,-3.69453435130847e-20,6.65020954970785e-11,-1.17916798547668e-09
4.2933292388916,6.04247117196247e-21,-3.35928757033699e-10,6.33083852008554e-09
4.29666233062744,3.06394742849545e-20,-2.85251239295903e-10,5.36859312560978e-09
4.29999589920044,-3.6939301217204e-20,6.65022967250017e-11,-1.17917176023496e-09
4.30332899093628,6.04464373276077e-21,-3.35927452521645e-10,6.3308145392682e-09
4.30666255950928,3.06445989273432e-20,-2.85252682585835e-10,5.36862021505158e-09
4.30999565124512,-3.69391752014075e-20,6.65024910140311e-11,-1.17917553499325e-09
4.31332921981812,6.03947789290015e-21,-3.35926175765167e-10,6.33079055845087e-09
4.31666231155396,3.06455812043206e-20,-2.85254153631342e-10,5.36864686040417e-09
4.31999588012695,-3.69400217690657e-20,6.65026922419543e-11,-1.17917919872923e-09
4.32332897186279,6.04241503030957e-21,-3.35924899008688e-10,6.33076657763354e-09
4.32666254043579,3.0638598636728e-20,-2.85255596921274e-10,5.36867394984597e-09
4.32999563217163,-3.69445066389494e-20,6.65028865309836e-11,-1.17918297348751e-09
4.33332920074463,6.03775325363472e-21,-3.35923594496634e-10,6.33074259681621e-09
4.33666229248047,3.0640601964774e-20,-2.85257040211206e-10,5.36870103928777e-09
4.33999586105347,-3.69418861566182e-20,6.65030877589068e-11,-1.1791867482458e-09
4.34332895278931,6.03526403775818e-21,-3.35922317740156e-10,6.33071861599888e-09
4.3466625213623,3.063591999326e-20,-2.85258483501138e-10,5.36872812872957e-09
4.34999561309814,-3.69520546620389e-20,6.65032820479361e-11,-1.17919052300408e-09
4.35332918167114,6.03950414619108e-21,-3.35921013228102e-10,6.33069419109233e-09
4.35666227340698,3.06445407662064e-20,-2.8525992679107e-10,5.36875477408216e-09
4.35999584197998,-3.69435534425404e-20,6.65034763369654e-11,-1.17919418674006e-09
4.36332893371582,6.03923636262364e-21,-3.35919736471624e-10,6.330670210275e-09
4.36666250228882,3.06431739794911e-20,-2.85261370081002e-10,5.36878186352396e-09
4.36999559402466,-3.69330715132157e-20,6.65036775648886e-11,-1.17919796149835e-09
4.37332916259766,6.03849359643883e-21,-3.3591843195957e-10,6.33064622945767e-09
4.3766622543335,3.06407699858359e-20,-2.85262813370935e-10,5.36880895296576e-09
4.37999582290649,-3.69407649391473e-20,6.65038718539179e-11,-1.17920173625663e-09
4.38332891464233,6.04261011245599e-21,-3.35917155203092e-10,6.33062224864034e-09
4.38666248321533,3.06499691389763e-20,-2.85264256660867e-10,5.36883604240757e-09
4.38999557495117,-3.69291520988289e-20,6.65040730818411e-11,-1.17920539999261e-09
4.39332914352417,6.04346395025625e-21,-3.35915850691038e-10,6.33059826782301e-09
4.39666223526001,3.06603864448156e-20,-2.85265699950799e-10,5.36886313184937e-09
4.39999580383301,-3.69305382725898e-20,6.65042673708705e-11,-1.17920917475089e-09
4.40332889556885,6.04297967801286e-21,-3.35914573934559e-10,6.33057428700567e-09
4.40666246414185,3.06494876940104e-20,-2.85267170996306e-10,5.36888977720196e-09
4.40999555587769,-3.69319599892676e-20,6.65044685987937e-11,-1.17921294950918e-09
4.41332912445068,6.04828970902519e-21,-3.35913269422505e-10,6.33055030618834e-09
4.41666221618652,3.06516364248985e-20,-2.85268614286238e-10,5.36891686664376e-09
4.41999578475952,-3.69350328359962e-20,6.6504662887823e-11,-1.17921672426746e-09
4.42332887649536,6.04028285918961e-21,-3.35911992666027e-10,6.33052632537101e-09
4.42666244506836,3.06501371600382e-20,-2.8527005757617e-10,5.36894395608556e-09
4.4299955368042,-3.69341830371638e-20,6.65048571768523e-11,-1.17922038800344e-09
4.4333291053772,6.04240654847712e-21,-3.35910688153973e-10,6.33050234455368e-09
4.43666219711304,3.06480982890752e-20,-2.85271500866102e-10,5.36897104552736e-09
4.43999576568604,-3.69357404631609e-20,6.65050584047755e-11,-1.17922416276173e-09
4.44332885742188,6.0437046727392e-21,-3.35909411397495e-10,6.33047836373635e-09
4.44666242599487,3.06412805113702e-20,-2.85272944156034e-10,5.36899769087995e-09
4.44999551773071,-3.69448588369446e-20,6.65052526938048e-11,-1.17922793752001e-09
4.45332908630371,6.04298977543245e-21,-3.35908134641016e-10,6.33045438291902e-09
4.45666217803955,3.06503504175399e-20,-2.85274387445966e-10,5.36902478032175e-09
4.45999574661255,-3.69387519175785e-20,6.6505453921728e-11,-1.17923160125599e-09
4.46332883834839,6.04164762642097e-21,-3.35906830128962e-10,6.33043040210168e-09
4.46666240692139,3.0652873964643e-20,-2.85275830735898e-10,5.36905186976355e-09
4.46999549865723,-3.6940037924937e-20,6.65056482107573e-11,-1.17923537601428e-09
4.47332906723022,6.04420025409252e-21,-3.35905553372484e-10,6.33040642128435e-09
4.47666215896606,3.06506347608755e-20,-2.8527727402583e-10,5.36907895920535e-09
4.47999572753906,-3.69349003578513e-20,6.65058424997866e-11,-1.17923915077256e-09
4.4833288192749,6.04565710979051e-21,-3.3590424886043e-10,6.33038244046702e-09
4.4866623878479,3.06559952789857e-20,-2.85278717315762e-10,5.36910560455794e-09
4.48999547958374,-3.69360151129737e-20,6.65060437277099e-11,-1.17924292553084e-09
4.49332904815674,6.04399588232008e-21,-3.35902972103952e-10,6.33035845964969e-09
4.49666213989258,3.0654731889847e-20,-2.8528018836127e-10,5.36913269399975e-09
4.49999570846558,-3.69319858386617e-20,6.65062380167392e-11,-1.17924658926682e-09
4.50332880020142,6.04313437048093e-21,-3.35901667591898e-10,6.33033447883236e-09
4.50666236877441,3.0655601075725e-20,-2.85281631651202e-10,5.36915978344155e-09
4.50999546051025,-3.69318048929027e-20,6.65064392446624e-11,-1.17925036402511e-09
4.51332902908325,6.0457673736124e-21,-3.3590039083542e-10,6.33031005392581e-09
4.51666212081909,3.06587385459391e-20,-2.85283074941134e-10,5.36918687288335e-09
4.51999568939209,-3.69244055038295e-20,6.65066335336917e-11,-1.17925413878339e-09
4.52332878112793,6.0399460092722e-21,-3.35899086323366e-10,6.33028607310848e-09
4.52666234970093,3.06580664616914e-20,-2.85284518231066e-10,5.36921396232515e-09
4.52999544143677,-3.69276011351803e-20,6.6506827822721e-11,-1.17925780251937e-09
4.53332901000977,6.04477661480254e-21,-3.35897809566887e-10,6.33026209229115e-09
4.53666210174561,3.06569969430087e-20,-2.85285961520998e-10,5.36924060767774e-09
4.5399956703186,-3.69220693648339e-20,6.65070290506442e-11,-1.17926157727766e-09
4.54332876205444,6.03982322465002e-21,-3.35896505054833e-10,6.33023811147382e-09
4.54666233062744,3.06483600141909e-20,-2.8528740481093e-10,5.36926769711954e-09
4.54999542236328,-3.69296755490603e-20,6.65072233396735e-11,-1.17926535203594e-09
4.55332899093628,6.04226558849968e-21,-3.35895228298355e-10,6.33021413065649e-09
4.55666208267212,3.06526542447928e-20,-2.85288848100862e-10,5.36929478656134e-09
4.55999565124512,-3.69431043093172e-20,6.65074245675967e-11,-1.17926901577192e-09
4.56332874298096,6.04669512452403e-21,-3.35893923786301e-10,6.33019014983915e-09
4.56666231155396,3.06570130988801e-20,-2.85290291390794e-10,5.36932187600314e-09
4.56999540328979,-3.69327225463948e-20,6.6507618856626e-11,-1.17927279053021e-09
4.57332897186279,6.04357865694276e-21,-3.35892647029823e-10,6.33016616902182e-09
4.57666206359863,3.06566641320591e-20,-2.85291734680726e-10,5.36934852135573e-09
4.57999563217163,-3.69232584369644e-20,6.65078131456553e-11,-1.17927656528849e-09
4.58332872390747,6.04322645894757e-21,-3.35891370273345e-10,6.33014218820449e-09
4.58666229248047,3.06657921993656e-20,-2.85293205726234e-10,5.36937561079753e-09
4.58999538421631,-3.69351653141412e-20,6.65080143735786e-11,-1.17928034004677e-09
4.59332895278931,6.04245299660722e-21,-3.35890065761291e-10,6.33011820738716e-09
4.59666204452515,3.06654044584535e-20,-2.85294649016166e-10,5.36940270023933e-09
4.59999561309814,-3.69304962673243e-20,6.65082086626079e-11,-1.17928400378275e-09
4.60332870483398,6.04033819304895e-21,-3.35888789004812e-10,6.33009422656983e-09
4.60666227340698,3.06582732568445e-20,-2.85296092306098e-10,5.36942978968113e-09
4.60999536514282,-3.69378019523437e-20,6.65084098905311e-11,-1.17928777854104e-09
4.61332893371582,6.04441068431671e-21,-3.35887484492758e-10,6.33007024575249e-09
4.61666202545166,3.0661174851337e-20,-2.8529753559603e-10,5.36945643503373e-09
4.61999559402466,-3.69319858386617e-20,6.65086041795604e-11,-1.17929155329932e-09
4.6233286857605,6.04523988441318e-21,-3.3588620773628e-10,6.33004626493516e-09
4.6266622543335,3.06588742552583e-20,-2.85298978885962e-10,5.36948352447553e-09
4.62999534606934,-3.69283960040502e-20,6.65087984685897e-11,-1.1792952170353e-09
4.63332891464233,6.04569669167529e-21,-3.35884903224226e-10,6.33002228411783e-09
4.63666200637817,3.06641863057545e-20,-2.85300422175894e-10,5.36951061391733e-09
4.63999557495117,-3.69318372046454e-20,6.65089996965129e-11,-1.17929899179359e-09
4.64332866668701,6.049623780101e-21,-3.35883626467748e-10,6.3299983033005e-09
4.64666223526001,3.06597822152276e-20,-2.85301865465826e-10,5.36953770335913e-09
4.64999532699585,-3.69356467591071e-20,6.65091939855422e-11,-1.17930276655187e-09
4.65332889556885,6.03884175546618e-21,-3.35882321955694e-10,6.32997432248317e-09
4.65666198730469,3.06592426091248e-20,-2.85303308755758e-10,5.36956479280093e-09
4.65999555587769,-3.69326837723036e-20,6.65093882745715e-11,-1.17930643028785e-09
4.66332864761353,6.0408232730859e-21,-3.35881045199216e-10,6.32994989757663e-09
4.66666221618652,3.06573717592238e-20,-2.8530475204569e-10,5.36959143815352e-09
4.66999530792236,-3.69349552878138e-20,6.65095895024947e-11,-1.17931020504614e-09
4.67332887649536,6.03930664066396e-21,-3.35879740687162e-10,6.32992591675929e-09
4.6766619682312,3.06557917150068e-20,-2.85306223091197e-10,5.36961852759532e-09
4.6799955368042,-3.69364222409314e-20,6.65097837915241e-11,-1.17931397980442e-09
4.68332862854004,6.03938095767212e-21,-3.35878463930683e-10,6.32990193594196e-09
4.68666219711304,3.06564314875119e-20,-2.85307666381129e-10,5.36964561703712e-09
4.68999528884888,-3.69286254174232e-20,6.65099850194473e-11,-1.1793176435404e-09
4.69332885742188,6.03518123891756e-21,-3.35877159418629e-10,6.32987795512463e-09
4.69666194915771,3.06621926712313e-20,-2.85309109671061e-10,5.36967270647892e-09
4.69999551773071,-3.69341410318983e-20,6.65101793084766e-11,-1.17932141829868e-09
4.70332860946655,6.03458185609089e-21,-3.35875882662151e-10,6.3298539743073e-09
4.70666217803955,3.06551293242819e-20,-2.85310552960993e-10,5.36969935183151e-09
4.70999526977539,-3.69405613751684e-20,6.65103735975059e-11,-1.17932519305697e-09
4.71332883834839,6.03793783446477e-21,-3.35874605905673e-10,6.32982999348997e-09
4.71666193008423,3.06489060826422e-20,-2.85311996250925e-10,5.36972644127331e-09
4.71999549865723,-3.6932942266245e-20,6.65105748254291e-11,-1.17932885679295e-09
4.72332859039307,6.03540782501309e-21,-3.35873301393619e-10,6.32980601267263e-09
4.72666215896606,3.06580599993428e-20,-2.85313439540857e-10,5.36975353071512e-09
4.7299952507019,-3.6933436635908e-20,6.65107691144584e-11,-1.17933263155123e-09
4.7333288192749,6.03723626575188e-21,-3.3587202463714e-10,6.3297820318553e-09
4.73666191101074,3.06545897181792e-20,-2.85314882830789e-10,5.36978062015692e-09
4.73999547958374,-3.69333817059454e-20,6.65109634034877e-11,-1.17933640630952e-09
4.74332857131958,6.03369611044473e-21,-3.35870720125087e-10,6.32975805103797e-09
4.74666213989258,3.06561019077365e-20,-2.85316326120721e-10,5.36980726550951e-09
4.74999523162842,-3.69394757006144e-20,6.65111646314109e-11,-1.1793400700455e-09
4.75332880020142,6.02800722424951e-21,-3.35869443368608e-10,6.32973407022064e-09
4.75666189193726,3.06536494464673e-20,-2.85317769410653e-10,5.36983435495131e-09
4.75999546051025,-3.6942438687418e-20,6.65113589204402e-11,-1.17934384480378e-09
4.76332855224609,6.03010869921393e-21,-3.35868138856554e-10,6.32971008940331e-09
4.76666212081909,3.06480401279384e-20,-2.85319212700585e-10,5.36986144439311e-09
4.76999521255493,-3.6938528966554e-20,6.65115601483635e-11,-1.17934761956207e-09
4.77332878112793,6.03305512624936e-21,-3.35866862100076e-10,6.32968610858597e-09
4.77666187286377,3.06488770020738e-20,-2.85320683746093e-10,5.36988853383491e-09
4.77999544143677,-3.6940629229828e-20,6.65117544373928e-11,-1.17935128329805e-09
4.78332853317261,6.03151385612363e-21,-3.35865557588022e-10,6.32966212776864e-09
4.78666210174561,3.06489577814305e-20,-2.85322127036025e-10,5.3699151791875e-09
4.78999519348145,-3.69346967938724e-20,6.65119487264221e-11,-1.17935505805633e-09
4.79332876205444,6.02781820055485e-21,-3.35864280831544e-10,6.32963814695131e-09
4.79666185379028,3.06550000773112e-20,-2.85323570325957e-10,5.3699422686293e-09
4.79999542236328,-3.69472079006373e-20,6.65121499543453e-11,-1.17935883281461e-09
4.80332851409912,6.03105462548082e-21,-3.3586297631949e-10,6.32961372204477e-09
4.80666208267212,3.06549225291288e-20,-2.85325013615889e-10,5.3699693580711e-09
4.80999517440796,-3.69356790708498e-20,6.65123442433746e-11,-1.1793624965506e-09
4.81332874298096,6.02767158602245e-21,-3.35861699563011e-10,6.32958974122744e-09
4.8166618347168,3.06474068177819e-20,-2.85326456905821e-10,5.3699964475129e-09
4.81999540328979,-3.69438313235274e-20,6.65125385324039e-11,-1.17936627130888e-09
4.82332849502563,6.03610212358388e-21,-3.35860395050958e-10,6.32956576041011e-09
4.82666206359863,3.06669812714962e-20,-2.85327900195753e-10,5.3700235369547e-09
4.82999515533447,-3.69311166527837e-20,6.65127397603271e-11,-1.17937004606716e-09
4.83332872390747,6.03674270388247e-21,-3.35859118294479e-10,6.32954177959277e-09
4.83666181564331,3.06758928501267e-20,-2.85329343485685e-10,5.3700501823073e-09
4.83999538421631,-3.69183793638201e-20,6.65129340493564e-11,-1.17937370980314e-09
4.84332847595215,6.03748950903511e-21,-3.35857813782425e-10,6.32951779877544e-09
4.84666204452515,3.06640182846926e-20,-2.85330786775617e-10,5.3700772717491e-09
4.84999513626099,-3.69292425717084e-20,6.65131283383857e-11,-1.17937748456143e-09
4.85332870483398,6.042839525829e-21,-3.35856537025947e-10,6.32949381795811e-09
4.85666179656982,3.06589647281378e-20,-2.85332230065549e-10,5.3701043611909e-09
4.85999536514282,-3.69315140872186e-20,6.6513329566309e-11,-1.17938114829741e-09
4.86332845687866,6.03782595505575e-21,-3.35855232513893e-10,6.32946983714078e-09
4.86666202545166,3.06726099770707e-20,-2.85333701111057e-10,5.3701314506327e-09
4.8699951171875,-3.6929588307355e-20,6.65135238553383e-11,-1.17938492305569e-09
4.8733286857605,6.0330785522628e-21,-3.35853955757415e-10,6.32944585632345e-09
4.87666177749634,3.06583928102924e-20,-2.85335144400989e-10,5.37015809598529e-09
4.87999534606934,-3.69259047686898e-20,6.65137181443676e-11,-1.17938869781398e-09
4.88332843780518,6.03707591872884e-21,-3.35852679000936e-10,6.32942187550611e-09
4.88666200637817,3.06640376717382e-20,-2.85336587690921e-10,5.37018518542709e-09
4.88999509811401,-3.69279533331755e-20,6.65139193722908e-11,-1.17939236154996e-09
4.89332866668701,6.03493163070538e-21,-3.35851374488882e-10,6.32939789468878e-09
4.89666175842285,3.0661779080925e-20,-2.85338030980853e-10,5.37021227486889e-09
4.89999532699585,-3.69280470372293e-20,6.65141136613201e-11,-1.17939613630824e-09
4.90332841873169,6.03465132633765e-21,-3.35850097732404e-10,6.32937391387145e-09
4.90666198730469,3.06609002015242e-20,-2.85339474270785e-10,5.37023936431069e-09
4.90999507904053,-3.69238658977268e-20,6.65143079503494e-11,-1.17939991106653e-09
4.91332864761353,6.03585695823632e-21,-3.3584879322035e-10,6.32934993305412e-09
4.91666173934937,3.06599114621983e-20,-2.85340917560717e-10,5.37026600966328e-09
4.91999530792236,-3.69315140872186e-20,6.65145091782726e-11,-1.17940357480251e-09
4.9233283996582,6.03346508148459e-21,-3.35847516463872e-10,6.32932595223679e-09
4.9266619682312,3.06584671273006e-20,-2.85342360850649e-10,5.37029309910508e-09
4.92999505996704,-3.69331846043151e-20,6.65147034673019e-11,-1.17940734956079e-09
4.93332862854004,6.02558343965189e-21,-3.35846211951818e-10,6.32930152733024e-09
4.93666172027588,3.06581407786995e-20,-2.85343804140581e-10,5.37032018854688e-09
4.93999528884888,-3.693075799244e-20,6.65148977563312e-11,-1.17941112431907e-09
4.94332838058472,6.02838244436136e-21,-3.3584493519534e-10,6.32927754651291e-09
4.94666194915771,3.06579113653265e-20,-2.85345247430513e-10,5.37034727798869e-09
4.94999504089355,-3.69390621103082e-20,6.65150989842545e-11,-1.17941478805506e-09
4.95332860946655,6.02921568342567e-21,-3.35843630683286e-10,6.32925356569558e-09
4.95666170120239,3.06633720498391e-20,-2.85346690720445e-10,5.37037392334128e-09
4.95999526977539,-3.6931989069836e-20,6.65152932732838e-11,-1.17941856281334e-09
4.96332836151123,6.03305553014615e-21,-3.35842353926807e-10,6.32922958487825e-09
4.96666193008423,3.06581924774878e-20,-2.85348161765953e-10,5.37040101278308e-09
4.96999502182007,-3.69271455396086e-20,6.65154875623131e-11,-1.17942222654932e-09
4.97332859039307,6.02556324481272e-21,-3.35841049414753e-10,6.32920560406092e-09
4.97666168212891,3.06566318203165e-20,-2.85349605055885e-10,5.37042810222488e-09
4.9799952507019,-3.69345610845531e-20,6.65156887902363e-11,-1.1794260013076e-09
4.98332834243774,6.03049078557109e-21,-3.35839772658275e-10,6.32918162324358e-09
4.98666191101074,3.06604284500811e-20,-2.85351048345817e-10,5.37045519166668e-09
4.98999500274658,-3.69361378975958e-20,6.65158830792656e-11,-1.17942977606589e-09
4.99332857131958,6.03043141274392e-21,-3.35838468146221e-10,6.32915764242625e-09
4.99666166305542,3.06605609282261e-20,-2.85352491635749e-10,5.37048228110848e-09
4.99999523162842,-3.69334075553395e-20,6.65160773682949e-11,-1.17943343980187e-09
5.0,-3.71151352585083e-20,6.63616522844634e-11,-1.17650167386074e-09
