Time,U1,U2,U3
0.0,0.0,0.0,0.0
0.00111110997386277,4.82507497168287e-21,-3.13688970632331e-11,6.24381268909957e-10
0.00222221994772553,-8.74434839852897e-21,-4.48448396472845e-11,7.72208408328368e-10
0.0033333299215883,-5.91809560035653e-21,1.79888499929337e-11,-2.75622469292358e-10
0.00444443989545107,2.84497559512905e-20,-3.11647894990497e-11,6.28801843927107e-10
0.00555555010214448,-3.15624107469334e-20,-5.69348075629694e-11,9.23071341585313e-10
0.0066666598431766,-1.39499195857409e-20,3.61723845321293e-11,-5.06947928080592e-10
0.00777777004987001,6.77582930821281e-20,-4.82349715724695e-11,8.47479253440753e-10
0.00888887979090214,-6.30724893954257e-20,-4.67871505427375e-11,7.92156007456413e-10
0.00999999046325684,-6.47200813104407e-21,3.55022122811022e-11,-4.96975294250745e-10
0.011111100204289,9.1713566406286e-20,-5.59143703560139e-11,9.4416419127441e-10
0.0122222099453211,-9.89037757197664e-20,-3.4632303969051e-11,6.38501029825989e-10
0.0133333196863532,1.24413230942032e-20,2.37240921352466e-11,-3.48660017523983e-10
0.0144444303587079,1.00426634614522e-19,-4.8491644727422e-11,8.52264370188038e-10
0.01555554009974,-1.23464163973749e-19,-3.58630659891279e-11,6.50489273557042e-10
0.0166666507720947,1.70768254754919e-20,1.93925570046716e-11,-2.88997215047715e-10
0.0177777595818043,1.07320519398252e-19,-4.10991692068041e-11,7.53306361733763e-10
0.018888870254159,-1.29925336361886e-19,-4.31101508657772e-11,7.47326200922771e-10
0.0199999809265137,1.28592504441406e-20,2.38245586453578e-11,-3.49236445318368e-10
0.0211110897362232,1.16709807757251e-19,-4.14495937572923e-11,7.6057748987779e-10
0.0222222004085779,-1.41866063320305e-19,-4.64636697172782e-11,7.88184517652724e-10
0.0233333092182875,1.4949347636161e-20,2.92370537502418e-11,-4.17035794786358e-10
0.0244444198906422,1.29757095580111e-19,-4.6778091816746e-11,8.27697743677192e-10
0.0255555305629969,-1.56925442133806e-19,-4.30287437624965e-11,7.45078276853661e-10
0.0266666393727064,3.12318293075963e-20,2.85816058320787e-11,-4.09384304234095e-10
0.0277777500450611,1.33865895553118e-19,-4.86878835859184e-11,8.52772075177199e-10
0.0288888607174158,-1.72806379316635e-19,-3.96299590366134e-11,7.01109781342524e-10
0.0299999695271254,4.28934280457174e-20,2.51250825700211e-11,-3.64925506479707e-10
0.0311110801994801,1.32796170075328e-19,-4.64029717428538e-11,8.23624390910993e-10
0.0322221890091896,-1.75724465722569e-19,-4.01186583953717e-11,7.06937175465328e-10
0.0333333015441895,4.61000938566815e-20,2.39271467222801e-11,-3.48883255618659e-10
0.034444410353899,1.31151373126055e-19,-4.42130082545233e-11,7.9470091618461e-10
0.0355555191636086,-1.76810993306552e-19,-4.23547759365039e-11,7.36517569155382e-10
0.0366666316986084,4.73299983364485e-20,2.53852616011185e-11,-3.68468339173589e-10
0.0377777405083179,1.30681224345395e-19,-4.4465122556181e-11,7.98748567287788e-10
0.0388888493180275,-1.84135419136768e-19,-4.32470968758647e-11,7.47235329168205e-10
0.0399999618530273,5.32557522237164e-20,2.69647134482076e-11,-3.88075405144406e-10
0.0411110706627369,1.30372233612515e-19,-4.60985485895016e-11,8.1909951044068e-10
0.0422221794724464,-1.88002410952271e-19,-4.21193219191096e-11,7.33341054548475e-10
0.043333288282156,6.34515772228708e-20,2.66423862138598e-11,-3.8449315953315e-10
0.0444444008171558,1.2623165180941e-19,-4.65547704553426e-11,8.25478407850966e-10
0.0455555096268654,-1.9063628326961e-19,-4.11798546651188e-11,7.20807413756575e-10
0.0466666184365749,6.54710805272822e-20,2.56391869540851e-11,-3.71209285532359e-10
0.0477777309715748,1.21150707821501e-19,-4.58650235846125e-11,8.16302359041288e-10
0.0488888397812843,-1.88357310209147e-19,-4.1348157536758e-11,7.23198334551256e-10
0.0499999485909939,6.77339752645888e-20,2.5295578132134e-11,-3.66942198848363e-10
0.0511110611259937,1.20184677188312e-19,-4.52008395990244e-11,8.07848843376036e-10
0.0522221699357033,-1.89483426140258e-19,-4.20545820389862e-11,7.32243987666692e-10
0.0533332787454128,6.96002885969645e-20,2.57905433120875e-11,-3.733030551345e-10
0.0544443912804127,1.21268451811819e-19,-4.53416852674859e-11,8.09679601143642e-10
0.0555555000901222,-1.9192775777505e-19,-4.22652850218252e-11,7.34915850397755e-10
0.0566666088998318,7.18511956777376e-20,2.6227384847255e-11,-3.78866438222047e-10
0.0577777214348316,1.19507293814814e-19,-4.58189250429619e-11,8.15746359350555e-10
0.0588888302445412,-1.92965481702892e-19,-4.19192770773069e-11,7.30551563687953e-10
0.0599999390542507,7.45767040973115e-20,2.61118713457131e-11,-3.77478298618783e-10
0.0611110515892506,1.16974169511144e-19,-4.59368272587302e-11,8.17368062122625e-10
0.0622221603989601,-1.91588600799206e-19,-4.1647903875619e-11,7.26952775753631e-10
0.06333327293396,7.56747088122932e-20,2.58092696520107e-11,-3.73479552839839e-10
0.0644443780183792,1.14775562217069e-19,-4.5718113322879e-11,8.14454836906009e-10
0.0655554905533791,-1.9078199630439e-19,-4.17143888875593e-11,7.27897353502982e-10
0.0666666030883789,7.57195058123418e-20,2.57193433217395e-11,-3.72399472370333e-10
0.0677777081727982,1.1463359734444e-19,-4.55238936825086e-11,8.12020950480274e-10
0.068888820707798,-1.90855511981331e-19,-4.1931187688693e-11,7.30631444234575e-10
0.0699999332427979,7.6223058472582e-20,2.5880806178713e-11,-3.74428682503591e-10
0.0711110383272171,1.14967571516758e-19,-4.55830304058047e-11,8.12739320288358e-10
0.0722221508622169,-1.91218178981147e-19,-4.19783825755804e-11,7.31275096033102e-10
0.0733332633972168,7.71584187996205e-20,2.6000424035999e-11,-3.75997122326055e-10
0.074444368481636,1.13775785199828e-19,-4.57210137805308e-11,8.14536438298319e-10
0.0755554810166359,-1.91253153211422e-19,-4.18741187557803e-11,7.29918903097371e-10
0.0766665935516357,7.8355665801063e-20,2.59620346054756e-11,-3.75494413340505e-10
0.077777698636055,1.12410756243356e-19,-4.57525163588546e-11,8.14938061477477e-10
0.0788888111710548,-1.90785072382293e-19,-4.17940022867658e-11,7.28887172840587e-10
0.0799999237060547,7.85415423319916e-20,2.58686943394038e-11,-3.7428840582443e-10
0.0811110287904739,1.11548937442653e-19,-4.56809833015992e-11,8.14009859517739e-10
0.0822221413254738,-1.89876582500465e-19,-4.18213588759819e-11,7.29247828790136e-10
0.083333246409893,7.85495685688727e-20,2.58483338899662e-11,-3.74034414551971e-10
0.0844443589448929,1.11110686814365e-19,-4.5626839112467e-11,8.1332007795254e-10
0.0855554714798927,-1.89712568094633e-19,-4.18853493555638e-11,7.30064453335899e-10
0.086666576564312,7.8588316810692e-20,2.58982696399457e-11,-3.74669212321876e-10
0.0877776890993118,1.1099879771182e-19,-4.56474510968086e-11,8.13576428448926e-10
0.0888888016343117,-1.8969863527119e-19,-4.18965452608777e-11,7.30217497579844e-10
0.0899999067187309,7.87382497590658e-20,2.59321297074733e-11,-3.75112690909063e-10
0.0911110192537308,1.10712942186697e-19,-4.56883246513495e-11,8.14108502833477e-10
0.0922221317887306,-1.89378684395194e-19,-4.18642516486489e-11,7.29797056120418e-10
0.0933332368731499,7.89573750732099e-20,2.59185901907433e-11,-3.74934028268825e-10
0.0944443494081497,1.10245287872572e-19,-4.5695655592759e-11,8.14198708454228e-10
0.0955554619431496,-1.89014052841423e-19,-4.18414920766441e-11,7.29507287910991e-10
0.0966665670275688,7.89378070818442e-20,2.58904720579212e-11,-3.74573594363881e-10
0.0977776795625687,1.09905562210057e-19,-4.56727954067926e-11,8.139043883304e-10
0.0988887920975685,-1.88682056147756e-19,-4.18517234757054e-11,7.29639570984375e-10
0.0999998971819878,7.87871955868742e-20,2.5886189025659e-11,-3.74518555057435e-10
0.101111009716988,1.09772243959768e-19,-4.56576269847186e-11,8.13708489477705e-10
0.102222122251987,-1.88438541930239e-19,-4.18706909421918e-11,7.29884264139002e-10
0.103333227336407,7.86791838934507e-20,2.59015534714857e-11,-3.74715647399881e-10
0.104444339871407,1.09705229405455e-19,-4.56644860813427e-11,8.13794809317869e-10
0.105555452406406,-1.8829158812454e-19,-4.18733346607691e-11,7.29920623943059e-10
0.106666557490826,7.86374952830477e-20,2.59111378186905e-11,-3.74840658512454e-10
0.107777670025826,1.09604726961029e-19,-4.56764938372434e-11,8.13950129519014e-10
0.108888782560825,-1.88171039474958e-19,-4.18634363286152e-11,7.29792670739471e-10
0.109999887645245,7.85857447959749e-20,2.59064159013889e-11,-3.74778680312104e-10
0.111111000180244,1.09522254469018e-19,-4.56778503910016e-11,8.13965617130208e-10
0.112222112715244,-1.88011949378709e-19,-4.18572190796773e-11,7.29714566549688e-10
0.113333217799664,7.8487213367853e-20,2.58980545342347e-11,-3.74671987879438e-10
0.114444330334663,1.09481477049759e-19,-4.56705367968269e-11,8.13871303684266e-10
0.115555442869663,-1.87888221253647e-19,-4.18609660823854e-11,7.29763138807016e-10
0.116666547954082,7.83692755070789e-20,2.58972981947991e-11,-3.74661829338763e-10
0.117777660489082,1.09495745915325e-19,-4.56661895797961e-11,8.13814016176195e-10
0.118888773024082,-1.87807997658926e-19,-4.18666976087501e-11,7.29838245394632e-10
0.119999878108501,7.82881148718206e-20,2.59020079690364e-11,-3.74722836093966e-10
0.121110990643501,1.095152751326e-19,-4.56683094118837e-11,8.13840606017635e-10
0.122222103178501,-1.87761119782649e-19,-4.18674123148222e-11,7.29848403935307e-10
0.12333320826292,7.82368555232365e-20,2.59047210765528e-11,-3.74757974652695e-10
0.12444432079792,1.09518493382171e-19,-4.56717198782375e-11,8.13883793693293e-10
0.125555425882339,-1.87713078683636e-19,-4.18645014488295e-11,7.29811711064343e-10
0.12666654586792,7.81887368760406e-20,2.59030991101028e-11,-3.74737046948681e-10
0.127777650952339,1.09517872996711e-19,-4.56717268171314e-11,8.13882905514873e-10
0.128888756036758,-1.87666834117515e-19,-4.18629783616176e-11,7.29793281362134e-10
0.129999876022339,7.81290700120117e-20,2.59006531500017e-11,-3.74705849681689e-10
0.131110981106758,1.09535670304578e-19,-4.56693086126059e-11,8.13851042114067e-10
0.132222086191177,-1.87627284544478e-19,-4.18644077737618e-11,7.29812432709309e-10
0.133333206176758,7.80751094017397e-20,2.59005768221687e-11,-3.74704794969816e-10
0.134444311261177,1.09564996442233e-19,-4.56679347116129e-11,8.13832390367253e-10
0.135555416345596,-1.87612808883758e-19,-4.1866270866775e-11,7.29837579260817e-10
0.136666536331177,7.80340476391447e-20,2.59020287857181e-11,-3.74723779783537e-10
0.137777641415596,1.09591802263958e-19,-4.56684724758905e-11,8.1383855210504e-10
0.138888746500015,-1.87606953995985e-19,-4.18665831170006e-11,7.29842464242125e-10
0.139999866485596,7.80107056362342e-20,2.5902793798771e-11,-3.74733688524032e-10
0.141110971570015,1.09609560797734e-19,-4.56693086126059e-11,8.13848433089959e-10
0.142222076654434,-1.87602921490499e-19,-4.18658580025877e-11,7.29834137569441e-10
0.143333196640015,7.79856511109618e-20,2.59022525650465e-11,-3.74726888408006e-10
0.144444301724434,1.09626362903926e-19,-4.56690692207662e-11,8.13844547309373e-10
0.145555406808853,-1.87597260473181e-19,-4.18656359579828e-11,7.29832250190299e-10
0.146666526794434,7.79608615419793e-20,2.59015534714857e-11,-3.74717978868233e-10
0.147777631878853,1.09646111841051e-19,-4.56681636951117e-11,8.13832057300345e-10
0.148888736963272,-1.87594494588008e-19,-4.18662778056689e-11,7.29841465041403e-10
0.149999856948853,7.79393742330986e-20,2.59015760228909e-11,-3.74718395201867e-10
0.151110962033272,1.09666481163635e-19,-4.56676085835994e-11,8.13824008183417e-10
0.152222067117691,-1.87596937355755e-19,-4.18670098589757e-11,7.29851901137835e-10
0.153333187103271,7.79263009020111e-20,2.59020322551651e-11,-3.74724418161776e-10
0.154444292187691,1.096847308359e-19,-4.56676224613872e-11,8.13823397560753e-10
0.15555539727211,-1.87603852068688e-19,-4.18672561897093e-11,7.29856008963026e-10
0.15666651725769,7.79171825282274e-20,2.5902250830323e-11,-3.74727332497216e-10
0.15777762234211,1.09697539210697e-19,-4.56676918503263e-11,8.13823397560753e-10
0.158888727426529,-1.87609745730552e-19,-4.18672145563459e-11,7.29856453052236e-10
0.159999847412109,7.79120191117475e-20,2.59020825621459e-11,-3.74725306340196e-10
0.161110952496529,1.09707943591839e-19,-4.56674281723579e-11,8.1381917871326e-10
0.162222057580948,-1.8761297690482e-19,-4.18673463953301e-11,7.29859117587495e-10
0.163333162665367,7.79069526304956e-20,2.59018882731166e-11,-3.74722947116268e-10
0.164444282650948,1.09718684015106e-19,-4.56669806137011e-11,8.13812628397415e-10
0.165555387735367,-1.87618250181225e-19,-4.18677280344948e-11,7.29865001769525e-10
0.166666492819786,7.79009491087061e-20,2.59019177634157e-11,-3.74723446716629e-10
0.167777612805367,1.09728493860183e-19,-4.56666544856876e-11,8.13807521371501e-10
0.168888717889786,-1.87624105068998e-19,-4.18681270208943e-11,7.29871107996161e-10
0.169999822974205,7.78989070065688e-20,2.59020652149111e-11,-3.74725472873649e-10
0.171110942959785,1.09735679991754e-19,-4.56664914216809e-11,8.13804579280486e-10
0.172222048044205,-1.87630812986778e-19,-4.18683733516279e-11,7.29875215821352e-10
0.173333153128624,7.78978665684546e-20,2.59021346038502e-11,-3.74726499829947e-10
0.174444273114204,1.09741819222863e-19,-4.5666338766015e-11,8.13801748211773e-10
0.175555378198624,-1.87635116910903e-19,-4.18685433545285e-11,7.29878379956972e-10
0.176666483283043,7.7896218669578e-20,2.59020895010398e-11,-3.74726027985162e-10
0.177777603268623,1.09746161921079e-19,-4.56660820269406e-11,8.13797640386582e-10
0.178888708353043,-1.87639175265783e-19,-4.18687688685804e-11,7.29882265737558e-10
0.179999813437462,7.78961992825324e-20,2.59020426635059e-11,-3.74725556140376e-10
0.181110933423042,1.09751060381269e-19,-4.56657732461618e-11,8.13792810916425e-10
0.182222038507462,-1.87643634286273e-19,-4.18690672410182e-11,7.29887039696564e-10
0.183333143591881,7.7894661243581e-20,2.59020652149111e-11,-3.7472597247401e-10
0.184444263577461,1.09754136459172e-19,-4.56655060987465e-11,8.1378853655778e-10
0.18555536866188,-1.87646606966599e-19,-4.18693656134561e-11,7.29891869166721e-10
0.1866664737463,7.78947194047178e-20,2.59021189913389e-11,-3.74726805141279e-10
0.18777759373188,1.0975555817585e-19,-4.56652875235886e-11,8.13784872821799e-10
0.188888698816299,-1.87649566722228e-19,-4.18696188830836e-11,7.29896143525366e-10
0.189999803900719,7.78956305958613e-20,2.5902148481638e-11,-3.7472730474164e-10
0.191110923886299,1.09757393482834e-19,-4.56650689484306e-11,8.13781209085818e-10
0.192222028970718,-1.87651117685877e-19,-4.18698513360294e-11,7.29900084817103e-10
0.193333134055138,7.78973560429203e-20,2.59021432774675e-11,-3.74727360252791e-10
0.194444254040718,1.09758401609205e-19,-4.56648156788031e-11,8.13777156771778e-10
0.195555359125137,-1.87652772047102e-19,-4.18701011362099e-11,7.29904248153446e-10
0.196666464209557,7.78980798259563e-20,2.59021398080206e-11,-3.74727443519518e-10
0.197777584195137,1.09759629455427e-19,-4.56645520008347e-11,8.13772882413133e-10
0.198888689279556,-1.87654361784842e-19,-4.18703752225191e-11,7.29908744556695e-10
0.199999794363976,7.78982026105785e-20,2.59021571552553e-11,-3.74727804342001e-10
0.201110914349556,1.09761232117864e-19,-4.56643022006542e-11,8.13768830099093e-10
0.202222019433975,-1.8765388357105e-19,-4.18706458393814e-11,7.29913185448794e-10
0.203333124518394,7.78988876195232e-20,2.59021831761075e-11,-3.74728276186787e-10
0.204444244503975,1.09761451837714e-19,-4.56640628088145e-11,8.13764888807356e-10
0.205555349588394,-1.87656959648953e-19,-4.18709025784558e-11,7.29917459807439e-10
0.206666454672813,7.79012657637843e-20,2.59022005233422e-11,-3.7472863700927e-10
0.207777574658394,1.09763054500151e-19,-4.56638268864218e-11,8.13761003026769e-10
0.208888679742813,-1.8765750248623e-19,-4.18711523786364e-11,7.29921678654932e-10
0.209999784827232,7.7899837584758e-20,2.59022091969596e-11,-3.74728859053874e-10
0.211110904812813,1.09762472888783e-19,-4.56635770862412e-11,8.1375695071273e-10
0.212222009897232,-1.87657605883807e-19,-4.18714091177108e-11,7.29925953013577e-10
0.213333114981651,7.78984352551257e-20,2.5902217870577e-11,-3.74729108854055e-10
0.214444234967232,1.0976389460546e-19,-4.56633272860607e-11,8.1375289839869e-10
0.215555340051651,-1.87657657582595e-19,-4.18716727956792e-11,7.29930338394524e-10
0.21666644513607,7.7896580561096e-20,2.59022334830883e-11,-3.74729414165387e-10
0.217777565121651,1.09764708861376e-19,-4.56630774858802e-11,8.1374884608465e-10
0.21888867020607,-1.8765856231139e-19,-4.18719364736475e-11,7.2993466826432e-10
0.219999775290489,7.78991784252073e-20,2.5902250830323e-11,-3.7472977498787e-10
0.22111089527607,1.0976601425578e-19,-4.56628346245935e-11,8.13744904792912e-10
0.222222000360489,-1.87657554185018e-19,-4.18721966821689e-11,7.29938942622965e-10
0.223333105444908,7.7898306008155e-20,2.59022647081109e-11,-3.74730080299202e-10
0.224444225430489,1.09767229177305e-19,-4.56625917633069e-11,8.13740907990024e-10
0.225555330514908,-1.87657825603657e-19,-4.18724534212433e-11,7.2994321698161e-10
0.226666435599327,7.78963479165487e-20,2.59022768511752e-11,-3.74730385610533e-10
0.227777555584908,1.09767267951396e-19,-4.56623454325733e-11,8.13736855675984e-10
0.228888660669327,-1.87657256916986e-19,-4.18727101603178e-11,7.29947546851406e-10
0.229999765753746,7.78968778291287e-20,2.59022889942395e-11,-3.74730663166289e-10
0.231110885739326,1.09767629842914e-19,-4.56620956323928e-11,8.13732858873095e-10
0.232221990823746,-1.87656597757435e-19,-4.18729703688392e-11,7.29951876721202e-10
0.233333095908165,7.78943252014571e-20,2.59023046067508e-11,-3.74730968477621e-10
0.234444215893745,1.09768625044588e-19,-4.56618493016592e-11,8.13728806559055e-10
0.235555320978165,-1.87656830401982e-19,-4.18732340468075e-11,7.29956206590998e-10
0.236666426062584,7.7894661243581e-20,2.59023184845386e-11,-3.74731301544529e-10
0.237777546048164,1.09769594396869e-19,-4.56616064403725e-11,8.13724809756167e-10
0.238888651132584,-1.87655305287728e-19,-4.1873490785882e-11,7.29960480949643e-10
0.239999756217003,7.78929874953102e-20,2.59023323623264e-11,-3.7473160685586e-10
0.241110876202583,1.09769452225201e-19,-4.56613601096389e-11,8.13720812953278e-10
0.242221981287003,-1.87655240664243e-19,-4.18737509944034e-11,7.29964810819439e-10
0.243333086371422,7.78914946927985e-20,2.59023462401142e-11,-3.74731912167192e-10
0.244444206357002,1.0977007261066e-19,-4.56611137789054e-11,8.13716816150389e-10
0.245555311441422,-1.876536638512e-19,-4.18740112029248e-11,7.29969085178084e-10
0.246666416525841,7.78913395964337e-20,2.5902360117902e-11,-3.74732217478524e-10
0.247777536511421,1.09771998390524e-19,-4.56608674481718e-11,8.13712819347501e-10
0.24888864159584,-1.87655072643181e-19,-4.18742679419992e-11,7.2997341504788e-10
0.24999974668026,7.78896981599056e-20,2.59023739956898e-11,-3.74732522789856e-10
0.251110851764679,1.09771985465827e-19,-4.56606211174382e-11,8.13708767033461e-10
0.252221971750259,-1.87654219613174e-19,-4.18745281505206e-11,7.29977744917676e-10
0.25333309173584,7.78892974942964e-20,2.59023878734777e-11,-3.74732828101187e-10
0.254444181919098,1.09772334432648e-19,-4.56603747867046e-11,8.13704770230572e-10
0.255555301904678,-1.87654671977571e-19,-4.1874788359042e-11,7.29982019276321e-10
0.256666421890259,7.78870292099604e-20,2.59024017512655e-11,-3.74733133412519e-10
0.257777512073517,1.09772580001892e-19,-4.5660128455971e-11,8.13700773427684e-10
0.258888632059097,-1.876536638512e-19,-4.18750485675634e-11,7.29986349146117e-10
0.259999752044678,7.78865122220776e-20,2.59024156290533e-11,-3.74733438723851e-10
0.261110842227936,1.09773588128264e-19,-4.56598821252374e-11,8.13696776624795e-10
0.262221962213516,-1.87654788299845e-19,-4.18753087760848e-11,7.29990623504762e-10
0.263333082199097,7.78860016965433e-20,2.59024295068411e-11,-3.74733744035183e-10
0.264444172382355,1.09774660878121e-19,-4.56596357945038e-11,8.13692724310755e-10
0.265555292367935,-1.8765313393862e-19,-4.18755655151593e-11,7.29994953374558e-10
0.266666412353516,7.78849935701717e-20,2.59024433846289e-11,-3.74734049346515e-10
0.267777502536774,1.09776056745404e-19,-4.56593929332172e-11,8.13688727507866e-10
0.268888622522354,-1.87654154989689e-19,-4.18758257236806e-11,7.29999283244354e-10
0.269999742507935,7.78816525359789e-20,2.59024572624167e-11,-3.74734354657846e-10
0.271110832691193,1.09776547883893e-19,-4.56591466024836e-11,8.13684730704978e-10
0.272221952676773,-1.87654697826966e-19,-4.1876085932202e-11,7.30003557602998e-10
0.273333072662354,7.78811226233989e-20,2.59024711402045e-11,-3.74734659969178e-10
0.274444162845612,1.09777775730115e-19,-4.565890027175e-11,8.13680733902089e-10
0.275555282831192,-1.87654323010751e-19,-4.18763461407234e-11,7.30007887472794e-10
0.276666402816772,7.78786281568642e-20,2.59024850179923e-11,-3.7473496528051e-10
0.277777493000031,1.09778266868604e-19,-4.56586539410164e-11,8.136767370992e-10
0.278888612985611,-1.87654012818021e-19,-4.18766028797979e-11,7.30012161831439e-10
0.279999732971191,7.78785829204245e-20,2.59024988957801e-11,-3.74735270591842e-10
0.281110823154449,1.09779443016037e-19,-4.56584076102828e-11,8.13672684785161e-10
0.28222194314003,-1.87653237336197e-19,-4.18768630883193e-11,7.30016491701235e-10
0.28333306312561,7.78769220968508e-20,2.59025127735679e-11,-3.74735575903173e-10
0.284444153308868,1.09780955205594e-19,-4.56581612795492e-11,8.13668687982272e-10
0.285555273294449,-1.87652952992861e-19,-4.18771232968407e-11,7.30020821571031e-10
0.286666393280029,7.78767411510918e-20,2.59025266513557e-11,-3.74735881214505e-10
0.287777483463287,1.0978176946151e-19,-4.56579149488157e-11,8.13664691179383e-10
0.288888603448868,-1.87653922345141e-19,-4.18773835053621e-11,7.30025095929676e-10
0.289999723434448,7.78762435502546e-20,2.59025405291435e-11,-3.74736186525837e-10
0.291110813617706,1.0978220890121e-19,-4.56576686180821e-11,8.13660694376495e-10
0.292221933603287,-1.87651880243004e-19,-4.18776437138835e-11,7.30029425799472e-10
0.293333053588867,7.78748864570621e-20,2.59025544069313e-11,-3.74736491837169e-10
0.294444143772125,1.09782971458337e-19,-4.56574222873485e-11,8.13656642062455e-10
0.295555263757706,-1.87652022414672e-19,-4.18779004529579e-11,7.30033700158117e-10
0.296666383743286,7.78712481548366e-20,2.59025682847192e-11,-3.74736797148501e-10
0.297777473926544,1.09783721090768e-19,-4.56571759566149e-11,8.13652645259566e-10
0.298888593912125,-1.87652397230887e-19,-4.18781606614793e-11,7.30038030027913e-10
0.299999713897705,7.78708604139245e-20,2.5902582162507e-11,-3.74737102459832e-10
0.301110804080963,1.09785310828507e-19,-4.56569296258813e-11,8.13648648456677e-10
0.302221924066544,-1.87653017616346e-19,-4.18784208700007e-11,7.30042359897709e-10
0.303333044052124,7.78689540211065e-20,2.59025960402948e-11,-3.74737407771164e-10
0.304444134235382,1.09786654997003e-19,-4.56566867645947e-11,8.13644651653789e-10
0.305555254220963,-1.87651557125577e-19,-4.18786810785221e-11,7.30046634256354e-10
0.306666374206543,7.78690057198947e-20,2.59026099180826e-11,-3.74737740838071e-10
0.307777464389801,1.09787598499889e-19,-4.56564404338611e-11,8.13640599339749e-10
0.308888584375381,-1.87651712221942e-19,-4.18789378175966e-11,7.3005096412615e-10
0.309999704360962,7.78685210437546e-20,2.59026237958704e-11,-3.74738046149403e-10
0.31111079454422,1.09788529078078e-19,-4.56561941031275e-11,8.1363660253686e-10
0.3122219145298,-1.87651647598457e-19,-4.18791980261179e-11,7.30055238484795e-10
0.313333034515381,7.7867512917383e-20,2.59026376736582e-11,-3.74738351460735e-10
0.314444124698639,1.09790299761577e-19,-4.56559477723939e-11,8.13632605733972e-10
0.315555244684219,-1.87652203360431e-19,-4.18794582346393e-11,7.30059568354591e-10
0.3166663646698,7.78653932670634e-20,2.5902651551446e-11,-3.74738656772067e-10
0.317777454853058,1.09791385436131e-19,-4.56557014416603e-11,8.13628608931083e-10
0.318888574838638,-1.87653289034985e-19,-4.18797184431607e-11,7.30063898224387e-10
0.319999694824219,7.78635256483366e-20,2.59026654292338e-11,-3.74738962083399e-10
0.321110785007477,1.09791437134919e-19,-4.56554551109267e-11,8.13624556617043e-10
0.322221904993057,-1.8765238430619e-19,-4.18799786516821e-11,7.30068172583032e-10
0.323332995176315,7.78639327762943e-20,2.59026793070216e-11,-3.7473926739473e-10
0.324444115161896,1.09793169044327e-19,-4.56552087801931e-11,8.13620559814154e-10
0.325555235147476,-1.87652099962854e-19,-4.18802353907566e-11,7.30072502452828e-10
0.326666325330734,7.78646759463759e-20,2.59026931848094e-11,-3.74739572706062e-10
0.327777445316315,1.09794551986913e-19,-4.56549624494595e-11,8.13616563011266e-10
0.328888565301895,-1.87651595899669e-19,-4.1880495599278e-11,7.30076832322624e-10
0.329999655485153,7.78611992028638e-20,2.59027070625972e-11,-3.74739878017394e-10
0.331110775470734,1.09795133598281e-19,-4.5654716118726e-11,8.13612566208377e-10
0.332221895456314,-1.87651983640581e-19,-4.18807558077994e-11,7.30081106681268e-10
0.333332985639572,7.7860611129147e-20,2.5902720940385e-11,-3.74740183328726e-10
0.334444105625153,1.09794952652522e-19,-4.56544697879924e-11,8.13608513894337e-10
0.335555225610733,-1.87651983640581e-19,-4.18810160163208e-11,7.30085436551065e-10
0.336666315793991,7.78603138611144e-20,2.59027348181728e-11,-3.74740488640057e-10
0.337777435779572,1.09795922004803e-19,-4.56542234572588e-11,8.13604517091449e-10
0.338888555765152,-1.87651725146639e-19,-4.18812727553952e-11,7.30089710909709e-10
0.33999964594841,7.78601264530069e-20,2.59027486959607e-11,-3.74740793951389e-10
0.34111076593399,1.09796477766777e-19,-4.56539771265252e-11,8.1360052028856e-10
0.342221885919571,-1.87653715549988e-19,-4.18815329639166e-11,7.30094040779505e-10
0.343332976102829,7.78584397800391e-20,2.59027625737485e-11,-3.74741099262721e-10
0.344444096088409,1.09798041655122e-19,-4.56537342652386e-11,8.13596523485671e-10
0.34555521607399,-1.8765291421877e-19,-4.1881793172438e-11,7.30098370649301e-10
0.346666306257248,7.78567143329801e-20,2.59027764515363e-11,-3.74741404574053e-10
0.347777426242828,1.09799605543468e-19,-4.5653487934505e-11,8.13592471171631e-10
0.348888546228409,-1.87651621749063e-19,-4.18820533809594e-11,7.30102645007946e-10
0.349999636411667,7.78550082729667e-20,2.59027903293241e-11,-3.74741709885384e-10
0.351110756397247,1.09800200079533e-19,-4.56532416037714e-11,8.13588474368743e-10
0.352221876382828,-1.87653185637408e-19,-4.18823135894808e-11,7.30106974877742e-10
0.353332966566086,7.78543232640219e-20,2.59028042071119e-11,-3.74742015196716e-10
0.354444086551666,1.09800510272263e-19,-4.56529952730378e-11,8.13584477565854e-10
0.355555206537247,-1.87652035339369e-19,-4.18825703285552e-11,7.30111249236387e-10
0.356666296720505,7.78522940865818e-20,2.59028180848997e-11,-3.74742320508048e-10
0.357777416706085,1.09802138784094e-19,-4.56527489423042e-11,8.13580480762965e-10
0.358888536691666,-1.87650083710111e-19,-4.18828305370766e-11,7.30115579106183e-10
0.359999626874924,7.78516155399855e-20,2.59028319626875e-11,-3.7474262581938e-10
0.361110746860504,1.09802487750915e-19,-4.56525026115706e-11,8.13576428448926e-10
0.362221866846085,-1.87651725146639e-19,-4.1883090745598e-11,7.30119908975979e-10
0.363332957029343,7.78513958201353e-20,2.59028458404753e-11,-3.74742931130712e-10
0.364444077014923,1.09803327856224e-19,-4.5652256280837e-11,8.13572431646037e-10
0.365555197000504,-1.87652035339369e-19,-4.18833509541194e-11,7.30124183334624e-10
0.366666287183762,7.78491921592847e-20,2.59028597182631e-11,-3.74743236442043e-10
0.367777407169342,1.09804012865169e-19,-4.56520099501034e-11,8.13568434843148e-10
0.368888527154922,-1.87650019086626e-19,-4.18836076931939e-11,7.3012851320442e-10
0.369999617338181,7.78487850313269e-20,2.59028735960509e-11,-3.74743541753375e-10
0.371110737323761,1.09805512130029e-19,-4.56517636193698e-11,8.1356443804026e-10
0.372221857309341,-1.87651337405727e-19,-4.18838679017153e-11,7.30132787563065e-10
0.373332947492599,7.78486493220077e-20,2.59028857391153e-11,-3.74743847064707e-10
0.37444406747818,1.09806546105795e-19,-4.56515172886363e-11,8.1356038572622e-10
0.37555518746376,-1.87651156459968e-19,-4.18841281102367e-11,7.30137117432861e-10
0.376666277647018,7.78477575179098e-20,2.59028996169031e-11,-3.74744152376039e-10
0.377777397632599,1.0980807122005e-19,-4.56512709579027e-11,8.13556388923331e-10
0.378888517618179,-1.87650445601629e-19,-4.18843883187581e-11,7.30141447302657e-10
0.379999607801437,7.78480224741997e-20,2.59029134946909e-11,-3.7474445768737e-10
0.381110727787018,1.09808924250056e-19,-4.56510246271691e-11,8.13552392120442e-10
0.382221847772598,-1.8765035512875e-19,-4.18846485272795e-11,7.30145721661302e-10
0.383332937955856,7.78460773072905e-20,2.59029273724787e-11,-3.74744762998702e-10
0.384444057941437,1.09809764355366e-19,-4.56507782964355e-11,8.13548395317554e-10
0.385555177927017,-1.8765004493602e-19,-4.18849052663539e-11,7.30150051531098e-10
0.386666268110275,7.78448623857659e-20,2.59029412502665e-11,-3.74745068310034e-10
0.387777388095856,1.09810462289008e-19,-4.56505354351489e-11,8.13544343003514e-10
0.388888508081436,-1.87651143535271e-19,-4.18851654748753e-11,7.30154325889742e-10
0.389999598264694,7.78440545921989e-20,2.59029551280543e-11,-3.74745373621366e-10
0.391110718250275,1.09811754758715e-19,-4.56502891044153e-11,8.13540346200625e-10
0.392221838235855,-1.87649786442079e-19,-4.18854256833967e-11,7.30158655759539e-10
0.393332928419113,7.78442420003064e-20,2.59029690058421e-11,-3.74745678932698e-10
0.394444048404694,1.09813137701301e-19,-4.56500427736817e-11,8.13536349397737e-10
0.395555168390274,-1.87651065987089e-19,-4.18856858919181e-11,7.30162985629335e-10
0.396666258573532,7.78418573936968e-20,2.59029828836299e-11,-3.74745984244029e-10
0.397777378559113,1.09814662815556e-19,-4.56497964429481e-11,8.13532352594848e-10
0.398888498544693,-1.8765110476118e-19,-4.18859426309925e-11,7.30167259987979e-10
0.399999588727951,7.78406489345207e-20,2.59029967614177e-11,-3.74746289555361e-10
0.401110708713531,1.0981543829738e-19,-4.56495501122145e-11,8.13528300280808e-10
0.402221828699112,-1.87650587773297e-19,-4.18862028395139e-11,7.30171589857775e-10
0.40333291888237,7.78392013684487e-20,2.59030106392055e-11,-3.74746594866693e-10
0.40444403886795,1.09815916511172e-19,-4.56493037814809e-11,8.13524303477919e-10
0.405555158853531,-1.87651970715884e-19,-4.18864630480353e-11,7.3017586421642e-10
0.406666249036789,7.78374823837382e-20,2.59030245169933e-11,-3.74746900178025e-10
0.407777369022369,1.09816536896631e-19,-4.56490574507473e-11,8.13520306675031e-10
0.40888848900795,-1.87652940068164e-19,-4.18867232565567e-11,7.30180194086216e-10
0.409999579191208,7.78357892484219e-20,2.59030383947811e-11,-3.74747205489356e-10
0.411110699176788,1.0981777766755e-19,-4.56488111200137e-11,8.13516254360991e-10
0.412221819162369,-1.87651815619519e-19,-4.18869799956312e-11,7.30184523956012e-10
0.413332909345627,7.78359895812265e-20,2.59030522725689e-11,-3.74747510800688e-10
0.414444029331207,1.09818436827101e-19,-4.56485647892801e-11,8.13512257558102e-10
0.415555149316788,-1.87650148333597e-19,-4.18872402041526e-11,7.30188798314657e-10
0.416666239500046,7.78352205617508e-20,2.59030661503568e-11,-3.7474781611202e-10
0.417777359485626,1.09819095986651e-19,-4.56483184585466e-11,8.13508260755214e-10
0.418888479471207,-1.87649695969199e-19,-4.1887500412674e-11,7.30193128184453e-10
0.419999569654465,7.78324869883202e-20,2.59030800281446e-11,-3.74748121423352e-10
0.421110689640045,1.09820052414235e-19,-4.5648072127813e-11,8.13504263952325e-10
0.422221809625626,-1.87650083710111e-19,-4.18877606211954e-11,7.30197402543098e-10
0.423332899808884,7.78311040457336e-20,2.59030939059324e-11,-3.74748426734683e-10
0.424444019794464,1.09820982992424e-19,-4.56478257970794e-11,8.13500211638285e-10
0.425555139780045,-1.87650962589512e-19,-4.18880208297168e-11,7.30201732412894e-10
0.426666229963303,7.78295789314792e-20,2.59031077837202e-11,-3.74748732046015e-10
0.427777349948883,1.0982258565486e-19,-4.56475829357927e-11,8.13496214835396e-10
0.428888469934464,-1.87650497300418e-19,-4.18882775687912e-11,7.3020606228269e-10
0.429999560117722,7.78288551484432e-20,2.5903121661508e-11,-3.74749037357347e-10
0.431110680103302,1.09823451609564e-19,-4.56473366050592e-11,8.13492218032508e-10
0.432221800088882,-1.87649566722228e-19,-4.18885377773126e-11,7.30210336641335e-10
0.433332890272141,7.78284803322282e-20,2.59031355392958e-11,-3.74749342668679e-10
0.434444010257721,1.09824886250939e-19,-4.56470902743256e-11,8.13488221229619e-10
0.435555130243301,-1.87649036809648e-19,-4.1888797985834e-11,7.30214666511131e-10
0.436666220426559,7.78261215750127e-20,2.59031494170836e-11,-3.74749647980011e-10
0.43777734041214,1.09824782853363e-19,-4.5646843943592e-11,8.13484168915579e-10
0.43888846039772,-1.87649088508437e-19,-4.18890581943554e-11,7.30218940869776e-10
0.439999550580978,7.78279374949512e-20,2.59031632948714e-11,-3.74749953291342e-10
0.441110670566559,1.09826049473676e-19,-4.56465976128584e-11,8.13480172112691e-10
0.442221790552139,-1.87650006161929e-19,-4.18893149334298e-11,7.30223270739572e-10
0.443332880735397,7.78262508219834e-20,2.59031771726592e-11,-3.74750258602674e-10
0.444444000720978,1.09827186847018e-19,-4.56463512821248e-11,8.13476175309802e-10
0.445555120706558,-1.87648946336769e-19,-4.18895751419512e-11,7.30227600609368e-10
0.446666210889816,7.78246223101524e-20,2.59031893157236e-11,-3.74750563914006e-10
0.447777330875397,1.09827833081871e-19,-4.56461049513912e-11,8.13472178506913e-10
0.448888450860977,-1.87649631345714e-19,-4.18898353504726e-11,7.30231874968013e-10
0.449999541044235,7.78238662153738e-20,2.59032031935114e-11,-3.74750869225338e-10
0.451110661029816,1.0982929357264e-19,-4.56458586206576e-11,8.13468126192873e-10
0.452221781015396,-1.87648274252521e-19,-4.1890095558994e-11,7.30236204837809e-10
0.453332871198654,7.78225866703637e-20,2.59032170712992e-11,-3.74751174536669e-10
0.454443991184235,1.09831762189781e-19,-4.5645612289924e-11,8.13464129389985e-10
0.455555111169815,-1.87648093306762e-19,-4.18903522980685e-11,7.30240479196453e-10
0.456666201353073,7.78215785439922e-20,2.5903230949087e-11,-3.74751479848001e-10
0.457777321338654,1.09832020683722e-19,-4.56453659591904e-11,8.13460132587096e-10
0.458888441324234,-1.87649631345714e-19,-4.18906125065899e-11,7.30244809066249e-10
0.459999531507492,7.78215268452039e-20,2.59032448268748e-11,-3.74751785159333e-10
0.461110651493073,1.098330029607e-19,-4.56451196284569e-11,8.13456135784207e-10
0.462221771478653,-1.8764876539101e-19,-4.18908727151113e-11,7.30249138936045e-10
0.463332861661911,7.78186769494997e-20,2.59032587046626e-11,-3.74752090470665e-10
0.464443981647491,1.09833868915404e-19,-4.56448732977233e-11,8.13452083470168e-10
0.465555101633072,-1.87647434147212e-19,-4.18911329236327e-11,7.3025341329469e-10
0.46666619181633,7.78198078604934e-20,2.59032725824504e-11,-3.74752395781996e-10
0.46777731180191,1.09835652523599e-19,-4.56446269669897e-11,8.13448086667279e-10
0.468888431787491,-1.87646994707511e-19,-4.18913931321541e-11,7.30257743164486e-10
0.469999521970749,7.78187351106365e-20,2.59032864602382e-11,-3.74752701093328e-10
0.471110641956329,1.09835794695267e-19,-4.56443806362561e-11,8.1344408986439e-10
0.47222176194191,-1.87647550469485e-19,-4.18916498712285e-11,7.30262017523131e-10
0.473332852125168,7.78176558984311e-20,2.5903300338026e-11,-3.7475300640466e-10
0.474443972110748,1.09837229336642e-19,-4.56441377749695e-11,8.13440093061502e-10
0.475555092096329,-1.87647214427361e-19,-4.18919100797499e-11,7.30266347392927e-10
0.476666182279587,7.78171712222909e-20,2.59033142158138e-11,-3.74753283960416e-10
0.477777302265167,1.0983728103543e-19,-4.56438914442359e-11,8.13436040747462e-10
0.478888422250748,-1.87647330749635e-19,-4.18921702882713e-11,7.30270677262723e-10
0.479999512434006,7.78164991380432e-20,2.59033280936016e-11,-3.74753589271748e-10
0.481110632419586,1.09838521806349e-19,-4.56436451135023e-11,8.13432043944573e-10
0.482221752405167,-1.87648170854945e-19,-4.18924304967927e-11,7.30274951621368e-10
0.483332842588425,7.78122662997524e-20,2.59033419713894e-11,-3.7475389458308e-10
0.484443962574005,1.09839413610447e-19,-4.56433987827687e-11,8.13428047141684e-10
0.485555082559586,-1.87646981782814e-19,-4.18926872358671e-11,7.30279281491164e-10
0.486666172742844,7.78113874203516e-20,2.59033558491772e-11,-3.74754199894411e-10
0.487777292728424,1.09840744854245e-19,-4.56431524520351e-11,8.13424050338796e-10
0.488888412714005,-1.87647291975544e-19,-4.18929474443885e-11,7.30283555849809e-10
0.489999502897263,7.78108381207261e-20,2.59033697269651e-11,-3.74754505205743e-10
0.491110622882843,1.09841507411373e-19,-4.56429061213015e-11,8.13419998024756e-10
0.492221742868423,-1.8764642602084e-19,-4.18932076529099e-11,7.30287885719605e-10
0.493332833051682,7.78111612381529e-20,2.59033836047529e-11,-3.74754810517075e-10
0.494443953037262,1.09842450914259e-19,-4.56426597905679e-11,8.13416001221867e-10
0.495555073022842,-1.87648584445251e-19,-4.18934678614313e-11,7.30292215589401e-10
0.4966661632061,7.78088154056344e-20,2.59033957478172e-11,-3.74755115828407e-10
0.497777283191681,1.09843058375021e-19,-4.56424134598343e-11,8.13412004418979e-10
0.498888403177261,-1.87647149803876e-19,-4.18937246005058e-11,7.30296489948046e-10
0.499999493360519,7.78089575773022e-20,2.5903409625605e-11,-3.74755421139739e-10
0.5011106133461,1.09842993751536e-19,-4.56421671291007e-11,8.13407952104939e-10
0.502221703529358,-1.87644603638553e-19,-4.18939848090272e-11,7.30300819817842e-10
0.503332853317261,7.78068702387252e-20,2.59034235033928e-11,-3.7475572645107e-10
0.504443943500519,1.09844389618819e-19,-4.56419207983672e-11,8.1340395530205e-10
0.505555033683777,-1.87645172325224e-19,-4.18942450175486e-11,7.30305094176487e-10
0.50666618347168,7.78052094151516e-20,2.59034373811806e-11,-3.74756031762402e-10
0.507777273654938,1.09846599742019e-19,-4.56416744676336e-11,8.13399958499161e-10
0.508888363838196,-1.87645043078253e-19,-4.189450522607e-11,7.30309424046283e-10
0.509999513626099,7.78061012192495e-20,2.59034512589684e-11,-3.74756337073734e-10
0.511110603809357,1.09846302473986e-19,-4.56414281369e-11,8.13395961696273e-10
0.512221693992615,-1.8764567638841e-19,-4.18947619651444e-11,7.30313753916079e-10
0.513332843780518,7.78041625146888e-20,2.59034651367562e-11,-3.74756642385066e-10
0.514443933963776,1.09846405871563e-19,-4.56411818061664e-11,8.13391909382233e-10
0.515555024147034,-1.87644487316279e-19,-4.18950221736658e-11,7.30318028274723e-10
0.516666173934937,7.78042206758256e-20,2.5903479014544e-11,-3.74756947696397e-10
0.517777264118195,1.09847750040058e-19,-4.56409354754328e-11,8.13387912579344e-10
0.518888354301453,-1.87644487316279e-19,-4.18952823821872e-11,7.3032235814452e-10
0.519999504089355,7.78013901671671e-20,2.59034928923318e-11,-3.74757253007729e-10
0.521110594272614,1.09849029585068e-19,-4.56406926141462e-11,8.13383915776456e-10
0.522221684455872,-1.87645211099315e-19,-4.18955425907086e-11,7.30326632503164e-10
0.523332834243774,7.78014418659554e-20,2.59035067701197e-11,-3.74757558319061e-10
0.524443924427032,1.09850296205381e-19,-4.56404462834126e-11,8.13379918973567e-10
0.525555014610291,-1.87643492114605e-19,-4.189580279923e-11,7.3033096237296e-10
0.526666164398193,7.77987406042675e-20,2.59035206479075e-11,-3.74757863630393e-10
0.527777254581451,1.09851394804632e-19,-4.5640199952679e-11,8.13375866659527e-10
0.528888344764709,-1.87643854006123e-19,-4.18960595383044e-11,7.30335236731605e-10
0.529999494552612,7.77981654552478e-20,2.59035345256953e-11,-3.74758168941725e-10
0.53111058473587,1.09852738973127e-19,-4.56399536219454e-11,8.13371869856638e-10
0.532221674919128,-1.87644125424761e-19,-4.18963197468258e-11,7.30339566601401e-10
0.533332824707031,7.779855319616e-20,2.59035484034831e-11,-3.74758474253056e-10
0.534443914890289,1.09854199463896e-19,-4.56397072912118e-11,8.1336787305375e-10
0.535555005073547,-1.87643156072481e-19,-4.18965799553472e-11,7.30343896471197e-10
0.53666615486145,7.7797383511075e-20,2.59035605465474e-11,-3.74758779564388e-10
0.537777245044708,1.09855181740874e-19,-4.56394609604782e-11,8.13363876250861e-10
0.538888335227966,-1.87643595512182e-19,-4.18968401638686e-11,7.30348170829842e-10
0.539999485015869,7.77948890445403e-20,2.59035744243352e-11,-3.7475908487572e-10
0.541110575199127,1.09855117117389e-19,-4.56392146297446e-11,8.13359823936821e-10
0.542221665382385,-1.87642936352631e-19,-4.18970969029431e-11,7.30352500699638e-10
0.543332815170288,7.77945982388562e-20,2.5903588302123e-11,-3.74759390187052e-10
0.544443905353546,1.09856590532855e-19,-4.5638968299011e-11,8.13355827133933e-10
0.545554995536804,-1.87641669732318e-19,-4.18973571114645e-11,7.30356775058283e-10
0.546666145324707,7.77928404800545e-20,2.59036021799108e-11,-3.74759695498383e-10
0.547777235507965,1.09856500059975e-19,-4.56387219682775e-11,8.13351830331044e-10
0.548888325691223,-1.87642290117777e-19,-4.18976173199859e-11,7.30361104928079e-10
0.549999475479126,7.77916190961813e-20,2.59036160576986e-11,-3.74760000809715e-10
0.551110565662384,1.0985802517423e-19,-4.56384756375439e-11,8.13347778017004e-10
0.552221655845642,-1.87643828156729e-19,-4.18978775285073e-11,7.30365434797875e-10
0.553332805633545,7.77891827907834e-20,2.59036299354864e-11,-3.74760306121047e-10
0.554443895816803,1.09858839430145e-19,-4.56382293068103e-11,8.13343781214115e-10
0.555554986000061,-1.87642652009295e-19,-4.18981342675817e-11,7.3036970915652e-10
0.556666135787964,7.77884073089591e-20,2.59036438132743e-11,-3.74760583676803e-10
0.557777225971222,1.09860118975155e-19,-4.56379829760767e-11,8.13339784411227e-10
0.55888831615448,-1.87643892780214e-19,-4.18983944761031e-11,7.30374039026316e-10
0.559999465942383,7.77881875891089e-20,2.59036576910621e-11,-3.74760888988135e-10
0.561110556125641,1.09861269273194e-19,-4.56377366453431e-11,8.13335787608338e-10
0.562221646308899,-1.87642794180963e-19,-4.18986546846245e-11,7.30378313384961e-10
0.563332796096802,7.7788032492744e-20,2.59036715688499e-11,-3.74761194299467e-10
0.56444388628006,1.09862005980927e-19,-4.56374903146095e-11,8.13331735294298e-10
0.565554976463318,-1.87643375792331e-19,-4.18989148931459e-11,7.30382643254757e-10
0.566666126251221,7.77883620725194e-20,2.59036854466377e-11,-3.74761499610798e-10
0.567777216434479,1.09862445420628e-19,-4.56372439838759e-11,8.13327738491409e-10
0.568888306617737,-1.87642923427934e-19,-4.18991716322203e-11,7.30386973124553e-10
0.56999945640564,7.77853376934047e-20,2.59036993244255e-11,-3.7476180492213e-10
0.571110546588898,1.098638929867e-19,-4.56369976531423e-11,8.13323741688521e-10
0.572221636772156,-1.87643517963999e-19,-4.18994318407417e-11,7.30391247483198e-10
0.573332786560059,7.77826493564139e-20,2.59037114674898e-11,-3.74762110233462e-10
0.574443876743317,1.0986645207672e-19,-4.56367547918557e-11,8.13319744885632e-10
0.575554966926575,-1.87643039750207e-19,-4.18996920492631e-11,7.30395577352994e-10
0.576666116714478,7.77854992521181e-20,2.59037253452776e-11,-3.74762415544794e-10
0.577777206897736,1.09867421429e-19,-4.56365084611221e-11,8.13315692571592e-10
0.578888297080994,-1.87642975126722e-19,-4.18999522577845e-11,7.30399851711638e-10
0.579999446868896,7.77832891289189e-20,2.59037392230654e-11,-3.74762720856125e-10
0.581110537052155,1.09868739748102e-19,-4.56362621303885e-11,8.13311695768704e-10
0.582221627235413,-1.8764280710566e-19,-4.1900208996859e-11,7.30404181581434e-10
0.583332777023315,7.77826752058081e-20,2.59037531008532e-11,-3.74763026167457e-10
0.584443867206573,1.0986857172704e-19,-4.56360157996549e-11,8.13307698965815e-10
0.585554957389832,-1.87643156072481e-19,-4.19004692053804e-11,7.3040851145123e-10
0.586666107177734,7.77814215101922e-20,2.59037669786411e-11,-3.74763331478789e-10
0.587777197360992,1.09869657401594e-19,-4.56357694689213e-11,8.13303646651775e-10
0.58888828754425,-1.87640907175191e-19,-4.19007294139018e-11,7.30412785809875e-10
0.589999437332153,7.7779392332752e-20,2.59037808564289e-11,-3.74763636790121e-10
0.591110527515411,1.09870704302056e-19,-4.56355231381878e-11,8.13299649848886e-10
0.592221617698669,-1.87640079994578e-19,-4.19009896224232e-11,7.30417115679671e-10
0.593332767486572,7.77789270436574e-20,2.59037947342167e-11,-3.74763942101453e-10
0.59444385766983,1.09870794774936e-19,-4.56352768074542e-11,8.13295653045998e-10
0.595554947853088,-1.87641889452168e-19,-4.19012463614976e-11,7.30421390038316e-10
0.596666097640991,7.77786103885792e-20,2.59038086120045e-11,-3.74764247412784e-10
0.597777187824249,1.09871764127216e-19,-4.56350304767206e-11,8.13291656243109e-10
0.598888278007507,-1.87640790852917e-19,-4.1901506570019e-11,7.30425719908112e-10
0.59999942779541,7.7775844503406e-20,2.59038224897923e-11,-3.74764552724116e-10
0.601110517978668,1.0987178997661e-19,-4.5634784145987e-11,8.13287603929069e-10
0.602221608161926,-1.87640377262611e-19,-4.19017667785404e-11,7.30429994266757e-10
0.603332757949829,7.77744486361223e-20,2.59038363675801e-11,-3.74764858035448e-10
0.604443848133087,1.0987337971435e-19,-4.56345378152534e-11,8.13283607126181e-10
0.605554938316345,-1.87640674530643e-19,-4.19020269870618e-11,7.30434324136553e-10
0.606666088104248,7.77733177251286e-20,2.59038485106444e-11,-3.7476516334678e-10
0.607777178287506,1.0987434906663e-19,-4.56342914845198e-11,8.13279610323292e-10
0.608888268470764,-1.87642225494292e-19,-4.19022871955832e-11,7.30438654006349e-10
0.609999418258667,7.77718701590566e-20,2.59038623884322e-11,-3.74765440902536e-10
0.611110508441925,1.09875176247243e-19,-4.56340451537862e-11,8.13275613520403e-10
0.612221598625183,-1.87645262798104e-19,-4.19025439346576e-11,7.30442928364994e-10
0.613332748413086,7.77719929436788e-20,2.590387626622e-11,-3.74765746213868e-10
0.614443838596344,1.09876882307256e-19,-4.56337988230526e-11,8.13271561206363e-10
0.615554928779602,-1.87641540485347e-19,-4.1902804143179e-11,7.3044725823479e-10
0.616666078567505,7.77705970763951e-20,2.59038901440078e-11,-3.74766051525199e-10
0.617777168750763,1.09877463918625e-19,-4.5633552492319e-11,8.13267564403475e-10
0.618888258934021,-1.87642083322624e-19,-4.19030643517004e-11,7.30451532593435e-10
0.619999408721924,7.77692787572938e-20,2.59039040217957e-11,-3.74766356836531e-10
0.621110498905182,1.09877774111354e-19,-4.56333061615855e-11,8.13263567600586e-10
0.62222158908844,-1.87641101045647e-19,-4.19033245602218e-11,7.30455862463231e-10
0.623332738876343,7.77679604381926e-20,2.59039178995835e-11,-3.74766662147863e-10
0.624443829059601,1.09878640066058e-19,-4.56330598308519e-11,8.13259515286546e-10
0.625554919242859,-1.87640739154129e-19,-4.19035812992963e-11,7.30460192333027e-10
0.626666069030762,7.77676243960687e-20,2.59039317773713e-11,-3.74766967459195e-10
0.62777715921402,1.09879518945459e-19,-4.56328169695652e-11,8.13255518483658e-10
0.628888249397278,-1.87641424163074e-19,-4.19038415078177e-11,7.30464466691672e-10
0.629999399185181,7.77675533102348e-20,2.59039456551591e-11,-3.74767272770526e-10
0.631110489368439,1.0988008763213e-19,-4.56325706388316e-11,8.13251521680769e-10
0.632221579551697,-1.87641178593829e-19,-4.19041017163391e-11,7.30468796561468e-10
0.6333327293396,7.77668424518959e-20,2.59039577982234e-11,-3.74767578081858e-10
0.634443819522858,1.0988105698441e-19,-4.5632324308098e-11,8.1324752487788e-10
0.635554909706116,-1.87640855476402e-19,-4.19043619248605e-11,7.30473070920112e-10
0.636666059494019,7.7764864973244e-20,2.59039716760112e-11,-3.7476788339319e-10
0.637777149677277,1.09882258981238e-19,-4.56320779773645e-11,8.1324347256384e-10
0.638888239860535,-1.87640428961399e-19,-4.19046186639349e-11,7.30477400789908e-10
0.639999389648438,7.77644772323319e-20,2.5903985553799e-11,-3.74768188704522e-10
0.641110479831696,1.09883719472007e-19,-4.56318316466309e-11,8.13239475760952e-10
0.642221570014954,-1.8764161803353e-19,-4.19048788724563e-11,7.30481730659704e-10
0.643332660198212,7.77637599116444e-20,2.59039994315868e-11,-3.74768494015854e-10
0.644443809986115,1.09884055514131e-19,-4.56315853158973e-11,8.13235478958063e-10
0.645554900169373,-1.8763949838321e-19,-4.19051390809777e-11,7.30486005018349e-10
0.646665990352631,7.77621249374649e-20,2.59040133093746e-11,-3.74768799327185e-10
0.647777140140533,1.09885128263988e-19,-4.56313389851637e-11,8.13231482155174e-10
0.648888230323792,-1.87639731027757e-19,-4.19053992894991e-11,7.30490334888145e-10
0.64999932050705,7.77603607163147e-20,2.59040271871624e-11,-3.74769104638517e-10
0.651110470294952,1.09886614604151e-19,-4.56310926544301e-11,8.13227429841135e-10
0.65222156047821,-1.87640480660187e-19,-4.19056560285735e-11,7.3049460924679e-10
0.653332650661469,7.77613946920804e-20,2.59040410649503e-11,-3.74769382194273e-10
0.654443800449371,1.09887415935369e-19,-4.56308463236965e-11,8.13223433038246e-10
0.655554890632629,-1.87640015371093e-19,-4.19059162370949e-11,7.30498939116586e-10
0.656665980815887,7.77593849016859e-20,2.59040549427381e-11,-3.74769687505605e-10
0.65777713060379,1.09889018597806e-19,-4.56305999929629e-11,8.13219436235357e-10
0.658888220787048,-1.87640971798676e-19,-4.19061764456163e-11,7.30503213475231e-10
0.659999310970306,7.77575302076562e-20,2.59040688205259e-11,-3.74769992816937e-10
0.661110460758209,1.09889509736295e-19,-4.56303536622293e-11,8.13215383921317e-10
0.662221550941467,-1.87638089591229e-19,-4.19064366541377e-11,7.30507543345027e-10
0.663332641124725,7.77558823087796e-20,2.59040809635902e-11,-3.74770298128269e-10
0.664443790912628,1.09891706934797e-19,-4.56301073314958e-11,8.13211387118429e-10
0.665554881095886,-1.87639020169418e-19,-4.19066933932122e-11,7.30511873214823e-10
0.666665971279144,7.77563282108285e-20,2.5904094841378e-11,-3.747706034396e-10
0.667777121067047,1.09892404868439e-19,-4.56298610007622e-11,8.1320739031554e-10
0.668888211250305,-1.87639627630181e-19,-4.19069536017336e-11,7.30516147573468e-10
0.669999301433563,7.77540211524013e-20,2.59041087191658e-11,-3.74770908750932e-10
0.671110451221466,1.09894770088003e-19,-4.56296146700286e-11,8.13203393512651e-10
0.672221541404724,-1.87638709976689e-19,-4.1907213810255e-11,7.30520477443264e-10
0.673332631587982,7.77535817127009e-20,2.59041225969536e-11,-3.74771214062264e-10
0.674443781375885,1.098952224524e-19,-4.5629368339295e-11,8.13199341198612e-10
0.675554871559143,-1.87638580729718e-19,-4.19074740187764e-11,7.30524751801909e-10
0.676665961742401,7.77505314841921e-20,2.59041364747414e-11,-3.74771519373596e-10
0.677777111530304,1.09896101331801e-19,-4.56291220085614e-11,8.13195344395723e-10
0.678888201713562,-1.87638192988806e-19,-4.19077307578508e-11,7.30529081671705e-10
0.67999929189682,7.77503957748729e-20,2.59041503525292e-11,-3.74771824684927e-10
0.681110441684723,1.09898078810453e-19,-4.56288756778278e-11,8.13191347592834e-10
0.682221531867981,-1.87637520904558e-19,-4.19079909663722e-11,7.3053335603035e-10
0.683332622051239,7.77511260202574e-20,2.59041642303171e-11,-3.74772129996259e-10
0.684443771839142,1.09899035238036e-19,-4.56286293470942e-11,8.13187295278794e-10
0.6855548620224,-1.87639485458513e-19,-4.19082511748936e-11,7.30537685900146e-10
0.686665952205658,7.77488318865273e-20,2.59041763733814e-11,-3.74772435307591e-10
0.687777101993561,1.09898802593489e-19,-4.56283864858076e-11,8.13183298475906e-10
0.688888192176819,-1.87640118768669e-19,-4.1908511383415e-11,7.30542015769942e-10
0.689999282360077,7.77492260897879e-20,2.59041902511692e-11,-3.74772712863347e-10
0.69111043214798,1.09899875343346e-19,-4.5628140155074e-11,8.13179301673017e-10
0.692221522331238,-1.87639007244721e-19,-4.19087681224894e-11,7.30546290128586e-10
0.693332612514496,7.77458850555951e-20,2.5904204128957e-11,-3.74773018174679e-10
0.694443762302399,1.09900456954714e-19,-4.56278938243404e-11,8.13175304870128e-10
0.695554852485657,-1.87638981395327e-19,-4.19090283310108e-11,7.30550619998382e-10
0.696665942668915,7.77453616053637e-20,2.59042180067448e-11,-3.74773323486011e-10
0.697777092456818,1.09901232436538e-19,-4.56276474936068e-11,8.13171252556089e-10
0.698888182640076,-1.87638942621236e-19,-4.19092885395322e-11,7.30554894357027e-10
0.699999272823334,7.77454973146829e-20,2.59042318845326e-11,-3.74773628797342e-10
0.701110422611237,1.09901594328056e-19,-4.56274011628732e-11,8.131672557532e-10
0.702221512794495,-1.87637404582284e-19,-4.19095487480536e-11,7.30559224226823e-10
0.703332602977753,7.7743881727549e-20,2.59042457623204e-11,-3.74773934108674e-10
0.704443752765656,1.09902085466545e-19,-4.56271548321396e-11,8.13163258950311e-10
0.705554842948914,-1.87638709976689e-19,-4.19098054871281e-11,7.30563554096619e-10
0.706665933132172,7.7743881727549e-20,2.59042596401082e-11,-3.74774239420006e-10
0.707777082920074,1.09902408583972e-19,-4.5626908501406e-11,8.13159206636271e-10
0.708888173103333,-1.87637184862434e-19,-4.19100656956495e-11,7.30567828455264e-10
0.709999263286591,7.77428994505716e-20,2.59042717831726e-11,-3.74774544731338e-10
0.711110413074493,1.09903843225347e-19,-4.56266621706725e-11,8.13155209833383e-10
0.712221503257751,-1.87636125037274e-19,-4.19103259041709e-11,7.3057215832506e-10
0.71333259344101,7.77432871914838e-20,2.59042856609604e-11,-3.7477485004267e-10
0.714443743228912,1.09905148619751e-19,-4.56264158399389e-11,8.13151213030494e-10
0.71555483341217,-1.8763693929319e-19,-4.19105861126923e-11,7.30576432683705e-10
0.716665923595428,7.77418590124574e-20,2.59042995387482e-11,-3.74775155354001e-10
0.717777073383331,1.09905678532331e-19,-4.56261695092053e-11,8.13147216227605e-10
0.718888163566589,-1.87636680799248e-19,-4.19108428517667e-11,7.30580762553501e-10
0.719999253749847,7.77400495548674e-20,2.5904313416536e-11,-3.74775460665333e-10
0.72111040353775,1.09907255345374e-19,-4.56259231784717e-11,8.13143163913566e-10
0.722221493721008,-1.87637146088343e-19,-4.19111030602881e-11,7.30585036912146e-10
0.723332583904266,7.77368506923423e-20,2.59043272943238e-11,-3.74775738221089e-10
0.724443733692169,1.0990810837538e-19,-4.56256768477381e-11,8.13139167110677e-10
0.725554823875427,-1.87637107314252e-19,-4.19113632688095e-11,7.30589366781942e-10
0.726665914058685,7.77366374348407e-20,2.59043411721116e-11,-3.74776043532421e-10
0.727777063846588,1.099106674654e-19,-4.56254305170045e-11,8.13135170307788e-10
0.728888154029846,-1.87635556350603e-19,-4.19116234773309e-11,7.30593696651738e-10
0.729999244213104,7.77356422331662e-20,2.59043550498994e-11,-3.74776348843753e-10
0.731110394001007,1.09910589917218e-19,-4.56251841862709e-11,8.13131117993748e-10
0.732221484184265,-1.87635750221059e-19,-4.19118802164054e-11,7.30597971010383e-10
0.733332574367523,7.77327729504164e-20,2.59043671929637e-11,-3.74776654155085e-10
0.734443724155426,1.09912218429049e-19,-4.56249378555373e-11,8.1312712119086e-10
0.735554814338684,-1.87636150886669e-19,-4.19121404249267e-11,7.30602300880179e-10
0.736665904521942,7.77335678192863e-20,2.59043810707515e-11,-3.74776959466416e-10
0.737777054309845,1.0991322655542e-19,-4.56246915248038e-11,8.13123124387971e-10
0.738888144493103,-1.87636150886669e-19,-4.19124006334481e-11,7.30606575238824e-10
0.739999234676361,7.77321978013967e-20,2.59043949485394e-11,-3.74777264777748e-10
0.741110384464264,1.09914351004066e-19,-4.56244451940702e-11,8.13119127585082e-10
0.742221474647522,-1.87636887594402e-19,-4.19126608419695e-11,7.3061090510862e-10
0.74333256483078,7.77326695528398e-20,2.59044088263272e-11,-3.7477757008908e-10
0.744443714618683,1.09915320356346e-19,-4.56241988633366e-11,8.13115075271043e-10
0.745554804801941,-1.87634496525443e-19,-4.1912917581044e-11,7.30615179467264e-10
0.746665894985199,7.77306339130511e-20,2.5904422704115e-11,-3.74777875400412e-10
0.747777044773102,1.09917297834998e-19,-4.5623952532603e-11,8.13111078468154e-10
0.74888813495636,-1.87635750221059e-19,-4.19131777895654e-11,7.3061950933706e-10
0.749999225139618,7.77285013380344e-20,2.59044365819028e-11,-3.74778152956168e-10
0.751110374927521,1.09917840672275e-19,-4.56237096713163e-11,8.13107081665265e-10
0.752221465110779,-1.87637197787131e-19,-4.19134379980868e-11,7.30623839206856e-10
0.753332555294037,7.77275061363599e-20,2.59044504596906e-11,-3.747784582675e-10
0.75444370508194,1.0991896512092e-19,-4.56234633405828e-11,8.13103029351225e-10
0.755554795265198,-1.87637456281073e-19,-4.19136982066082e-11,7.30628113565501e-10
0.756665885448456,7.77258840868775e-20,2.59044626027549e-11,-3.74778763578831e-10
0.757777035236359,1.09918952196223e-19,-4.56232170098492e-11,8.13099032548337e-10
0.758888125419617,-1.87635763145756e-19,-4.19139549456826e-11,7.30632443435297e-10
0.759999215602875,7.77254769589197e-20,2.59044764805427e-11,-3.74779068890163e-10
0.761110365390778,1.09919559656985e-19,-4.56229706791156e-11,8.13095035745448e-10
0.762221455574036,-1.87635776070453e-19,-4.1914215154204e-11,7.30636717793942e-10
0.763332545757294,7.77230212664762e-20,2.59044903583305e-11,-3.74779374201495e-10
0.764443695545197,1.09919908623806e-19,-4.5622724348382e-11,8.13091038942559e-10
0.765554785728455,-1.87634742094688e-19,-4.19144753627254e-11,7.30641047663738e-10
0.766665875911713,7.77247208641411e-20,2.59045042361183e-11,-3.74779679512827e-10
0.767777025699615,1.09920748729116e-19,-4.56224780176484e-11,8.1308698662852e-10
0.768888115882874,-1.87634716245294e-19,-4.19147355712468e-11,7.30645377533534e-10
0.769999206066132,7.77220519141959e-20,2.59045181139061e-11,-3.74779984824158e-10
0.771110355854034,1.099225840361e-19,-4.56222316869148e-11,8.13082989825631e-10
0.772221446037292,-1.87634250956199e-19,-4.19149923103213e-11,7.30649651892179e-10
0.773332536220551,7.77221423870754e-20,2.5904531991694e-11,-3.7478029013549e-10
0.774443686008453,1.09923398292015e-19,-4.56219853561812e-11,8.13078993022742e-10
0.775554776191711,-1.8763416048332e-19,-4.19152525188426e-11,7.30653981761975e-10
0.776665866374969,7.77215284639645e-20,2.59045441347583e-11,-3.74780595446822e-10
0.777777016162872,1.09923449990804e-19,-4.56217390254476e-11,8.13074940708702e-10
0.77888810634613,-1.87635000588629e-19,-4.1915512727364e-11,7.3065825612062e-10
0.779999196529388,7.77182843649996e-20,2.59045580125461e-11,-3.74780873002578e-10
0.781110346317291,1.09923966978686e-19,-4.5621492694714e-11,8.13070943905814e-10
0.782221436500549,-1.87634716245294e-19,-4.19157729358854e-11,7.30662585990416e-10
0.783332526683807,7.77152470611879e-20,2.59045718903339e-11,-3.7478117831391e-10
0.78444367647171,1.09924936330967e-19,-4.56212463639805e-11,8.13066947102925e-10
0.785554766654968,-1.87633475474375e-19,-4.19160296749599e-11,7.30666860349061e-10
0.786665856838226,7.77164232086214e-20,2.59045857681217e-11,-3.74781483625242e-10
0.787777006626129,1.0992598323143e-19,-4.56210000332469e-11,8.13062950300036e-10
0.788888096809387,-1.87633565947254e-19,-4.19162898834813e-11,7.30671190218857e-10
0.789999186992645,7.7715621877403e-20,2.59045996459095e-11,-3.74781788936573e-10
0.791110336780548,1.09927456646896e-19,-4.56207537025133e-11,8.13058897985997e-10
0.792221426963806,-1.8763416048332e-19,-4.19165500920027e-11,7.30675520088653e-10
0.793332517147064,7.77145879016373e-20,2.59046135236973e-11,-3.74782094247905e-10
0.794443666934967,1.09928025333567e-19,-4.56205073717797e-11,8.13054901183108e-10
0.795554757118225,-1.87634354353776e-19,-4.19168068310771e-11,7.30679794447298e-10
0.796665847301483,7.77126944335164e-20,2.59046256667617e-11,-3.74782399559237e-10
0.797776997089386,1.09929356577365e-19,-4.56202610410461e-11,8.13050904380219e-10
0.798888087272644,-1.87633604721346e-19,-4.19170670395985e-11,7.30684124317094e-10
0.799999177455902,7.77106135572879e-20,2.59046395445495e-11,-3.74782704870569e-10
0.801110327243805,1.09930209607372e-19,-4.56200147103125e-11,8.13046852066179e-10
0.802221417427063,-1.87633087733463e-19,-4.19173272481199e-11,7.30688398675738e-10
0.803332507610321,7.77101094941021e-20,2.59046534223373e-11,-3.74782982426325e-10
0.804443657398224,1.09930558574193e-19,-4.56197683795789e-11,8.13042855263291e-10
0.805554747581482,-1.87634147558623e-19,-4.19175874566413e-11,7.30692728545534e-10
0.80666583776474,7.77104390738774e-20,2.59046673001251e-11,-3.74783287737657e-10
0.807776987552643,1.09930636122375e-19,-4.56195220488453e-11,8.13038858460402e-10
0.808888077735901,-1.87634238031502e-19,-4.19178441957158e-11,7.30697002904179e-10
0.809999167919159,7.77081966389356e-20,2.59046811779129e-11,-3.74783593048988e-10
0.811110317707062,1.09931734721626e-19,-4.56192757181118e-11,8.13034861657513e-10
0.81222140789032,-1.87634509450141e-19,-4.19181044042372e-11,7.30701332773975e-10
0.813332498073578,7.77097088284929e-20,2.59046950557007e-11,-3.7478389836032e-10
0.814443647861481,1.09933233986487e-19,-4.56190293873782e-11,8.13030809343473e-10
0.815554738044739,-1.87634561148929e-19,-4.19183646127586e-11,7.30705662643771e-10
0.816665828227997,7.77063290202088e-20,2.5904707198765e-11,-3.74784203671652e-10
0.8177769780159,1.09933841447249e-19,-4.56187830566446e-11,8.13026812540585e-10
0.818888068199158,-1.8763407001044e-19,-4.19186248212799e-11,7.30709937002416e-10
0.819999158382416,7.77063677943e-20,2.59047210765528e-11,-3.74784508982984e-10
0.821110308170319,1.09935457034383e-19,-4.5618536725911e-11,8.13022815737696e-10
0.822221398353577,-1.87631523845117e-19,-4.19188815603544e-11,7.30714266872212e-10
0.823332488536835,7.77050107011076e-20,2.59047349543406e-11,-3.74784814294316e-10
0.824443638324738,1.09935728453021e-19,-4.56182903951774e-11,8.13018763423656e-10
0.825554728507996,-1.87633591796648e-19,-4.19191417688758e-11,7.30718541230857e-10
0.826665818691254,7.77024516110875e-20,2.59047488321285e-11,-3.74785119605647e-10
0.827776968479156,1.0993652978424e-19,-4.56180475338908e-11,8.13014766620768e-10
0.828888058662415,-1.8763226055285e-19,-4.19194019773972e-11,7.30722871100653e-10
0.829999148845673,7.77024063746477e-20,2.59047627099163e-11,-3.74785397161403e-10
0.831110298633575,1.09937576684702e-19,-4.56178012031572e-11,8.13010769817879e-10
0.832221388816833,-1.87631756489664e-19,-4.19196621859186e-11,7.30727145459298e-10
0.833332479000092,7.77022318912373e-20,2.59047765877041e-11,-3.74785702472735e-10
0.834443628787994,1.09939786807902e-19,-4.56175548724236e-11,8.13006717503839e-10
0.835554718971252,-1.87631743564967e-19,-4.1919918924993e-11,7.30731475329094e-10
0.83666580915451,7.77013853235791e-20,2.59047887307684e-11,-3.74786007784067e-10
0.837776958942413,1.0994102757882e-19,-4.561730854169e-11,8.1300272070095e-10
0.838888049125671,-1.87631420447541e-19,-4.19201791335144e-11,7.3073580519889e-10
0.839999139308929,7.76999248328101e-20,2.59048026085562e-11,-3.74786313095399e-10
0.841110289096832,1.09942294199133e-19,-4.56170622109564e-11,8.12998723898062e-10
0.84222137928009,-1.87631976209515e-19,-4.19204393420358e-11,7.30740079557535e-10
0.843332469463348,7.7696099122477e-20,2.5904816486344e-11,-3.74786618406731e-10
0.844443619251251,1.09942798262319e-19,-4.56168158802228e-11,8.12994727095173e-10
0.845554709434509,-1.8763098100784e-19,-4.19206995505572e-11,7.30744409427331e-10
0.846665799617767,7.76968552172557e-20,2.59048303641318e-11,-3.74786923718062e-10
0.84777694940567,1.09944581870515e-19,-4.56165695494892e-11,8.12990674781133e-10
0.848888039588928,-1.87630955158446e-19,-4.19209562896317e-11,7.30748683785976e-10
0.849999129772186,7.76945223094343e-20,2.59048442419196e-11,-3.74787201273818e-10
0.851110279560089,1.09945938963707e-19,-4.56163232187556e-11,8.12986677978245e-10
0.852221369743347,-1.87629934107377e-19,-4.19212164981531e-11,7.30753013655772e-10
0.853332459926605,7.7695375339441e-20,2.5904856384984e-11,-3.7478750658515e-10
0.854443609714508,1.09946365478711e-19,-4.56160768880221e-11,8.12982681175356e-10
0.855554699897766,-1.87632712917248e-19,-4.19214767066745e-11,7.30757288014416e-10
0.856665790081024,7.76947872657243e-20,2.59048702627718e-11,-3.74787811896482e-10
0.857776939868927,1.09946559349167e-19,-4.56158305572885e-11,8.12978628861316e-10
0.858888030052185,-1.8762992118268e-19,-4.19217369151959e-11,7.30761617884212e-10
0.859999120235443,7.76952137807276e-20,2.59048841405596e-11,-3.74788117207814e-10
0.861110270023346,1.09947192659323e-19,-4.56155842265549e-11,8.12974632058427e-10
0.862221360206604,-1.87631006857234e-19,-4.19219936542703e-11,7.30765947754008e-10
0.863332450389862,7.76930618186653e-20,2.59048980183474e-11,-3.74788422519146e-10
0.864443600177765,1.09949661276464e-19,-4.56153378958213e-11,8.12970635255539e-10
0.865554690361023,-1.87630903459658e-19,-4.19222538627917e-11,7.30770222112653e-10
0.866665780544281,7.76904187181143e-20,2.59049118961352e-11,-3.74788727830477e-10
0.867776930332184,1.09950372134803e-19,-4.56150915650877e-11,8.12966582941499e-10
0.868888020515442,-1.87630644965716e-19,-4.19225140713131e-11,7.30774551982449e-10
0.8699991106987,7.76886092605243e-20,2.59049240391995e-11,-3.74789033141809e-10
0.871110260486603,1.09951070068445e-19,-4.56148452343541e-11,8.1296258613861e-10
0.872221350669861,-1.87630903459658e-19,-4.19227708103875e-11,7.30778826341094e-10
0.873332440853119,7.76907482978896e-20,2.59049379169873e-11,-3.74789310697565e-10
0.874443590641022,1.09951793851481e-19,-4.56145989036205e-11,8.12958589335722e-10
0.87555468082428,-1.87631136104205e-19,-4.19230310189089e-11,7.3078315621089e-10
0.876665771007538,7.76877045317293e-20,2.59049517947751e-11,-3.74789616008897e-10
0.877776920795441,1.09952155742999e-19,-4.56143525728869e-11,8.12954592532833e-10
0.878888010978699,-1.87630283074198e-19,-4.19232912274303e-11,7.30787430569535e-10
0.879999101161957,7.76864314490678e-20,2.5904965672563e-11,-3.74789921320229e-10
0.88111025094986,1.09953719631344e-19,-4.56141062421533e-11,8.12950540218793e-10
0.882221341133118,-1.87629003529188e-19,-4.19235514359517e-11,7.30791760439331e-10
0.883332431316376,7.76848804854193e-20,2.59049795503508e-11,-3.74790226631561e-10
0.884443581104279,1.09953939351194e-19,-4.56138599114198e-11,8.12946543415904e-10
0.885554671287537,-1.87630476944654e-19,-4.19238081750262e-11,7.30796090309127e-10
0.886665761470795,7.76839628319272e-20,2.59049916934151e-11,-3.74790531942892e-10
0.887776911258698,1.09955787582876e-19,-4.56136135806862e-11,8.12942546613016e-10
0.888888001441956,-1.87630644965716e-19,-4.19240683835476e-11,7.30800364667772e-10
0.889999091625214,7.76823601694904e-20,2.59050055712029e-11,-3.74790837254224e-10
0.891110241413116,1.09956214097879e-19,-4.56133672499526e-11,8.12938494298976e-10
0.892221331596375,-1.87630903459658e-19,-4.1924328592069e-11,7.30804694537568e-10
0.893332421779633,7.76808932163728e-20,2.59050194489907e-11,-3.7479111480998e-10
0.894443571567535,1.0995837252229e-19,-4.5613120919219e-11,8.12934497496087e-10
0.895554661750793,-1.87631717715573e-19,-4.19245888005904e-11,7.30808968896213e-10
0.896665751934052,7.76798527782586e-20,2.59050333267785e-11,-3.74791420121312e-10
0.897776901721954,1.0995881196199e-19,-4.56128745884854e-11,8.12930500693199e-10
0.898887991905212,-1.87630890534961e-19,-4.19248455396648e-11,7.30813298766009e-10
0.89999908208847,7.7678747716659e-20,2.59050472045663e-11,-3.74791725432644e-10
0.901110231876373,1.09960518022004e-19,-4.56126282577518e-11,8.12926448379159e-10
0.902221322059631,-1.87630735438596e-19,-4.19251057481862e-11,7.30817573124654e-10
0.903332412242889,7.76777202032419e-20,2.59050593476307e-11,-3.74792030743976e-10
0.904443562030792,1.09961500298981e-19,-4.56123819270182e-11,8.1292245157627e-10
0.90555465221405,-1.87630425245866e-19,-4.19253659567076e-11,7.3082190299445e-10
0.906665742397308,7.7678023933623e-20,2.59050732254185e-11,-3.74792336055307e-10
0.907776892185211,1.09961642470649e-19,-4.56121355962846e-11,8.12918454773381e-10
0.908887982368469,-1.87630619116322e-19,-4.1925626165229e-11,7.30826177353094e-10
0.909999072551727,7.76767508509615e-20,2.59050871032063e-11,-3.74792641366639e-10
0.91111022233963,1.0996199143747e-19,-4.5611889265551e-11,8.12914457970493e-10
0.912221312522888,-1.87630593266928e-19,-4.19258829043034e-11,7.3083050722289e-10
0.913332402706146,7.76748315334465e-20,2.59051009809941e-11,-3.74792918922395e-10
0.914443552494049,1.09962805693385e-19,-4.56116464042644e-11,8.12910405656453e-10
0.915554642677307,-1.87630903459658e-19,-4.19261431128248e-11,7.30834837092686e-10
0.916665732860565,7.7673196559267e-20,2.59051148587819e-11,-3.74793224233727e-10
0.917776882648468,1.09963283907177e-19,-4.56114000735308e-11,8.12906408853564e-10
0.918887972831726,-1.87630360622381e-19,-4.19264033213462e-11,7.30839111451331e-10
0.919999063014984,7.76720397988791e-20,2.59051270018462e-11,-3.74793529545059e-10
0.921110212802887,1.09963813819757e-19,-4.56111537427972e-11,8.12902412050676e-10
0.922221302986145,-1.87630321848289e-19,-4.19266635298676e-11,7.30843441321127e-10
0.923332393169403,7.76723564539573e-20,2.5905140879634e-11,-3.74793834856391e-10
0.924443542957306,1.09966204888715e-19,-4.56109074120636e-11,8.12898359736636e-10
0.925554633140564,-1.87631355824055e-19,-4.19269202689421e-11,7.30847715679772e-10
0.926665723323822,7.76706956303837e-20,2.59051547574218e-11,-3.74794140167722e-10
0.927776873111725,1.09967161316298e-19,-4.56106610813301e-11,8.12894362933747e-10
0.928887963294983,-1.87629959956771e-19,-4.19271804774635e-11,7.30852045549568e-10
0.929999053478241,7.76695324076473e-20,2.59051686352096e-11,-3.74794445479054e-10
0.931110203266144,1.09967988496911e-19,-4.56104147505965e-11,8.12890366130858e-10
0.932221293449402,-1.87629313721918e-19,-4.19274406859849e-11,7.30856319908213e-10
0.93333238363266,7.76689960327188e-20,2.59051825129974e-11,-3.7479472303481e-10
0.934443533420563,1.0996882860222e-19,-4.56101684198629e-11,8.12886313816819e-10
0.935554623603821,-1.87630955158446e-19,-4.19276974250593e-11,7.30860649778009e-10
0.936665713787079,7.76662559969398e-20,2.59051946560618e-11,-3.74795028346142e-10
0.937776863574982,1.09970237394201e-19,-4.56099220891293e-11,8.1288231701393e-10
0.93888795375824,-1.87631045631325e-19,-4.19279576335807e-11,7.30864979647805e-10
0.939999043941498,7.76667988342167e-20,2.59052085338496e-11,-3.74795333657474e-10
0.941110193729401,1.09971193821784e-19,-4.56096757583957e-11,8.12878320211041e-10
0.942221283912659,-1.8763076128799e-19,-4.19282178421021e-11,7.3086925400645e-10
0.943332374095917,7.76652995693565e-20,2.59052224116374e-11,-3.74795638968806e-10
0.94444352388382,1.09972525065583e-19,-4.56094294276621e-11,8.12874323408153e-10
0.945554614067078,-1.87630425245866e-19,-4.19284780506235e-11,7.30873583876246e-10
0.946665704250336,7.76664692544414e-20,2.59052362894252e-11,-3.74795944280137e-10
0.947776854038239,1.0997319714983e-19,-4.56091830969285e-11,8.12870271094113e-10
0.948887944221497,-1.87628938905703e-19,-4.19287347896979e-11,7.30877858234891e-10
0.949999034404755,7.76617646647075e-20,2.5905250167213e-11,-3.74796221835894e-10
0.951110184192657,1.09974696414691e-19,-4.56089367661949e-11,8.12866274291224e-10
0.952221274375916,-1.87628370219032e-19,-4.19289949982193e-11,7.30882188104687e-10
0.953332364559174,7.76629020380498e-20,2.59052623102773e-11,-3.74796527147225e-10
0.954443514347076,1.09976208604248e-19,-4.56086904354613e-11,8.12862277488335e-10
0.955554604530334,-1.87629430044192e-19,-4.19292552067407e-11,7.30886462463332e-10
0.956665694713593,7.76606079043197e-20,2.59052761880652e-11,-3.74796832458557e-10
0.957776844501495,1.0997712625774e-19,-4.56084441047278e-11,8.12858225174296e-10
0.958887934684753,-1.87628008327514e-19,-4.19295154152621e-11,7.30890792333128e-10
0.959999024868011,7.76620748574372e-20,2.5905290065853e-11,-3.74797137769889e-10
0.961110174655914,1.09977914664261e-19,-4.56081977739942e-11,8.12854228371407e-10
0.962221264839172,-1.87629959956771e-19,-4.19297721543366e-11,7.30895066691772e-10
0.96333235502243,7.76609245593979e-20,2.59053039436408e-11,-3.74797443081221e-10
0.964443504810333,1.09979258832757e-19,-4.56079514432606e-11,8.12850231568518e-10
0.965554594993591,-1.87628473616608e-19,-4.1930032362858e-11,7.30899396561568e-10
0.966665685176849,7.76577773956611e-20,2.59053160867051e-11,-3.74797748392552e-10
0.967776834964752,1.0997999554049e-19,-4.5607705112527e-11,8.12846179254478e-10
0.96888792514801,-1.87628344369638e-19,-4.19302925713794e-11,7.30903726431364e-10
0.969999015331268,7.7657124698459e-20,2.59053299644929e-11,-3.74798025948309e-10
0.971110165119171,1.09981326784288e-19,-4.56074587817934e-11,8.1284218245159e-10
0.972221255302429,-1.87628602863579e-19,-4.19305493104538e-11,7.30908000790009e-10
0.973332345485687,7.76562264320125e-20,2.59053438422807e-11,-3.7479833125964e-10
0.97444349527359,1.09982838973846e-19,-4.56072124510598e-11,8.12838185648701e-10
0.975554585456848,-1.87629572215859e-19,-4.19308095189752e-11,7.30912330659805e-10
0.976665675640106,7.76541778675268e-20,2.59053577200685e-11,-3.74798636570972e-10
0.977776825428009,1.09983911723702e-19,-4.56069661203262e-11,8.12834133334661e-10
0.978887915611267,-1.87628706261156e-19,-4.19310697274966e-11,7.3091660501845e-10
0.979999005794525,7.76543523509372e-20,2.59053715978563e-11,-3.74798941882304e-10
0.981110155582428,1.09984389937494e-19,-4.56067197895926e-11,8.12830136531772e-10
0.982221245765686,-1.87630360622381e-19,-4.1931329936018e-11,7.30920934888246e-10
0.983332335948944,7.76520065184188e-20,2.59053837409207e-11,-3.74799247193636e-10
0.984443485736847,1.09984997398256e-19,-4.5606473458859e-11,8.12826139728884e-10
0.985554575920105,-1.8762992118268e-19,-4.19315866750924e-11,7.30925209246891e-10
0.986665666103363,7.76504297053761e-20,2.59053976187085e-11,-3.74799524749392e-10
0.987776815891266,1.09985811654172e-19,-4.56062271281255e-11,8.12822142925995e-10
0.988887906074524,-1.87628085875696e-19,-4.19318468836138e-11,7.30929539116687e-10
0.989998996257782,7.76500290397669e-20,2.59054114964963e-11,-3.74799830060724e-10
0.991110146045685,1.09986186470387e-19,-4.56059807973919e-11,8.12818090611955e-10
0.992221236228943,-1.87628900131612e-19,-4.19321070921352e-11,7.30933868986483e-10
0.993332326412201,7.76510242414414e-20,2.59054253742841e-11,-3.74800135372055e-10
0.994443476200104,1.09986354491449e-19,-4.56057344666583e-11,8.12814093809067e-10
0.995554566383362,-1.87630399396472e-19,-4.19323673006566e-11,7.30938143345128e-10
0.99666565656662,7.76490209133954e-20,2.59054375173484e-11,-3.74800440683387e-10
0.997776806354523,1.09988280271312e-19,-4.56054881359247e-11,8.12810097006178e-10
0.998887896537781,-1.87628344369638e-19,-4.19326240397311e-11,7.30942473214924e-10
0.999998986721039,7.7647230842851e-20,2.59054513951362e-11,-3.74800745994719e-10
1.0011100769043,1.09989249623593e-19,-4.56052418051911e-11,8.12806044692138e-10
1.0022212266922,-1.87628163423879e-19,-4.19328842482525e-11,7.30946747573569e-10
1.0033323764801,7.76462162541309e-20,2.5905465272924e-11,-3.74801023550475e-10
1.00444340705872,1.09990038030114e-19,-4.56049954744575e-11,8.12802047889249e-10
1.00555455684662,-1.87627685210087e-19,-4.19331444567739e-11,7.30951077443365e-10
1.00666570663452,7.76439285827494e-20,2.59054791507118e-11,-3.74801328861807e-10
1.00777673721313,1.09991278801033e-19,-4.56047491437239e-11,8.12798051086361e-10
1.00888788700104,-1.8762842191782e-19,-4.19334046652953e-11,7.3095535180201e-10
1.00999903678894,7.76438962710067e-20,2.59054912937762e-11,-3.74801634173139e-10
1.01111006736755,1.09992493722558e-19,-4.56045028129903e-11,8.12793998772321e-10
1.01222121715546,-1.87627879080543e-19,-4.19336614043697e-11,7.30959681671806e-10
1.01333236694336,7.76446071293456e-20,2.5905505171564e-11,-3.7480193948447e-10
1.01444339752197,1.09993165806805e-19,-4.56042564822567e-11,8.12790001969432e-10
1.01555454730988,-1.87625811129012e-19,-4.19339216128911e-11,7.3096395603045e-10
1.01666569709778,7.76432500361531e-20,2.59055190493518e-11,-3.74802244795802e-10
1.01777672767639,1.09993450150141e-19,-4.56040101515232e-11,8.12786005166544e-10
1.01888787746429,-1.87626858029474e-19,-4.19341818214125e-11,7.30968285900246e-10
1.0199990272522,7.76398766902176e-20,2.59055329271396e-11,-3.74802522351558e-10
1.02111005783081,1.09995388854702e-19,-4.56037638207896e-11,8.12781952852504e-10
1.02222120761871,-1.87626328116894e-19,-4.1934438560487e-11,7.30972615770042e-10
1.02333235740662,7.7640774956664e-20,2.59055450702039e-11,-3.7480282766289e-10
1.02444338798523,1.09995737821523e-19,-4.5603517490056e-11,8.12777956049615e-10
1.02555453777313,-1.87627439640843e-19,-4.19346987690083e-11,7.30976890128687e-10
1.02666568756104,7.76388556391489e-20,2.59055589479917e-11,-3.74803132974222e-10
1.02777671813965,1.09996293583497e-19,-4.56032711593224e-11,8.12773959246726e-10
1.02888786792755,-1.87627504264328e-19,-4.19349589775297e-11,7.30981219998483e-10
1.02999901771545,7.76369298592853e-20,2.59055728257795e-11,-3.74803438285554e-10
1.03111004829407,1.09997534354415e-19,-4.56030282980358e-11,8.12769962443838e-10
1.03222119808197,-1.87628628712973e-19,-4.19352191860511e-11,7.30985494357128e-10
1.03333234786987,7.76356115401841e-20,2.59055867035674e-11,-3.74803743596885e-10
1.03444337844849,1.09998723426546e-19,-4.56027819673022e-11,8.12765910129798e-10
1.03555452823639,-1.87627038975233e-19,-4.19354759251256e-11,7.30989824226924e-10
1.03666567802429,7.76359152705653e-20,2.59055988466317e-11,-3.74804021152642e-10
1.03777670860291,1.09999460134279e-19,-4.56025356365686e-11,8.12761913326909e-10
1.03888785839081,-1.87626806330686e-19,-4.1935736133647e-11,7.30994098585569e-10
1.03999900817871,7.76348166713142e-20,2.59056127244195e-11,-3.74804326463973e-10
1.04111003875732,1.09999563531856e-19,-4.5602289305835e-11,8.12757916524021e-10
1.04222118854523,-1.87626547836745e-19,-4.19359963421684e-11,7.30998428455365e-10
1.04333233833313,7.76315790346979e-20,2.59056266022073e-11,-3.74804631775305e-10
1.04444336891174,1.10000597507621e-19,-4.56020429751014e-11,8.12753864209981e-10
1.04555451869965,-1.8762564310795e-19,-4.19362530812428e-11,7.3100270281401e-10
1.04666566848755,7.76317470557598e-20,2.59056404799951e-11,-3.74804937086637e-10
1.04777669906616,1.10001166194292e-19,-4.56017966443678e-11,8.12749867407092e-10
1.04888784885406,-1.87627607661905e-19,-4.19365132897642e-11,7.31007032683806e-10
1.04999899864197,7.76311008209062e-20,2.59056526230594e-11,-3.74805242397969e-10
1.05111002922058,1.10003247070521e-19,-4.56015503136342e-11,8.12745870604203e-10
1.05222117900848,-1.87626366890986e-19,-4.19367734982856e-11,7.31011362553602e-10
1.05333232879639,7.76283737098242e-20,2.59056665008472e-11,-3.74805519953725e-10
1.054443359375,1.10004022552345e-19,-4.56013039829006e-11,8.12741818290164e-10
1.0555545091629,-1.87626341041592e-19,-4.1937033706807e-11,7.31015636912247e-10
1.05666565895081,7.76309974233297e-20,2.59056803786351e-11,-3.74805825265057e-10
1.05777668952942,1.10004358594469e-19,-4.5601057652167e-11,8.12737821487275e-10
1.05888783931732,-1.87625927451285e-19,-4.19372904458815e-11,7.31019966782043e-10
1.05999898910522,7.76271652506481e-20,2.59056942564229e-11,-3.74806130576388e-10
1.06111001968384,1.10005625214782e-19,-4.56008113214335e-11,8.12733824684386e-10
1.06222116947174,-1.87627349167963e-19,-4.19375506544029e-11,7.31024241140688e-10
1.06333231925964,7.76265901016284e-20,2.59057063994872e-11,-3.7480643588772e-10
1.06444334983826,1.100055476666e-19,-4.56005649906999e-11,8.12729772370346e-10
1.06555449962616,-1.87623820725663e-19,-4.19378108629243e-11,7.31028571010484e-10
1.06666564941406,7.76251037614652e-20,2.5905720277275e-11,-3.74806713443476e-10
1.06777667999268,1.10006633341154e-19,-4.56003186599663e-11,8.12725775567458e-10
1.06888782978058,-1.87625565559767e-19,-4.19380710714456e-11,7.31032845369128e-10
1.06999897956848,7.7623701431833e-20,2.59057341550628e-11,-3.74807018754808e-10
1.07111001014709,1.10008313551773e-19,-4.56000723292327e-11,8.12721778764569e-10
1.072221159935,-1.87625087345976e-19,-4.19383278105201e-11,7.31037175238924e-10
1.0733323097229,7.76213232875719e-20,2.59057480328506e-11,-3.7480732406614e-10
1.07444334030151,1.10009489699206e-19,-4.55998259984991e-11,8.12717726450529e-10
1.07555449008942,-1.87625475086888e-19,-4.19385880190415e-11,7.31041449597569e-10
1.07666563987732,7.76222021669728e-20,2.59057601759149e-11,-3.74807629377472e-10
1.07777667045593,1.10011066512249e-19,-4.55995796677655e-11,8.12713729647641e-10
1.07888782024384,-1.87624376487637e-19,-4.19388482275629e-11,7.31045779467365e-10
1.07999897003174,7.76205995045359e-20,2.59057740537028e-11,-3.74807934688803e-10
1.08111000061035,1.10011699822405e-19,-4.55993333370319e-11,8.12709732844752e-10
1.08222115039825,-1.87624971023702e-19,-4.19391049666373e-11,7.31050109337161e-10
1.08333230018616,7.76180145651217e-20,2.59057879314906e-11,-3.7480821224456e-10
1.08444333076477,1.10013354183631e-19,-4.55990870062983e-11,8.12705680530712e-10
1.08555448055267,-1.87623730252783e-19,-4.19393651751587e-11,7.31054383695806e-10
1.08666563034058,7.7619972656728e-20,2.59058018092784e-11,-3.74808517555891e-10
1.08777666091919,1.10013793623331e-19,-4.55988406755647e-11,8.12701683727823e-10
1.08888781070709,-1.87624234315969e-19,-4.19396253836801e-11,7.31058713565602e-10
1.089998960495,7.76170452128414e-20,2.59058139523427e-11,-3.74808822867223e-10
1.09110999107361,1.10014336460608e-19,-4.55985943448312e-11,8.12697686924935e-10
1.09222114086151,-1.87623937047936e-19,-4.19398855922015e-11,7.31062987924247e-10
1.09333229064941,7.76162826557142e-20,2.59058278301305e-11,-3.74809128178555e-10
1.09444332122803,1.10015667704406e-19,-4.55983480140976e-11,8.12693690122046e-10
1.09555447101593,-1.87624428186425e-19,-4.1940142331276e-11,7.31067317794043e-10
1.09666562080383,7.76147446167627e-20,2.59058417079183e-11,-3.74809405734311e-10
1.09777665138245,1.10016895550628e-19,-4.5598101683364e-11,8.12689637808006e-10
1.09888780117035,-1.87623872424451e-19,-4.19404025397974e-11,7.31071592152688e-10
1.09999895095825,7.76130256320523e-20,2.59058555857061e-11,-3.74809711045643e-10
1.10110998153687,1.10017231592752e-19,-4.55978553526304e-11,8.12685641005118e-10
1.10222113132477,-1.87624350638243e-19,-4.19406627483188e-11,7.31075922022484e-10
1.10333228111267,7.76135490822836e-20,2.59058677287705e-11,-3.74810016356975e-10
1.10444331169128,1.10018679158824e-19,-4.55976090218968e-11,8.12681644202229e-10
1.10555446147919,-1.87623562231721e-19,-4.19409194873932e-11,7.31080196381129e-10
1.10666561126709,7.76104665420322e-20,2.59058816065583e-11,-3.74810321668306e-10
1.1077766418457,1.10019868230954e-19,-4.55973626911632e-11,8.12677591888189e-10
1.10888779163361,-1.87624066294907e-19,-4.19411796959146e-11,7.31084526250925e-10
1.10999894142151,7.76109770675665e-20,2.59058954843461e-11,-3.74810599224062e-10
1.11110997200012,1.10020695411567e-19,-4.55971163604296e-11,8.126735950853e-10
1.11222112178802,-1.87624143843089e-19,-4.1941439904436e-11,7.31088800609569e-10
1.11333227157593,7.76077265062531e-20,2.59059093621339e-11,-3.74810904535394e-10
1.11444330215454,1.10020979754902e-19,-4.5596870029696e-11,8.12669598282412e-10
1.11555445194244,-1.87624105068998e-19,-4.19417001129574e-11,7.31093130479366e-10
1.11666560173035,7.76081077848167e-20,2.59059215051982e-11,-3.74811209846726e-10
1.11777663230896,1.10022052504759e-19,-4.55966236989624e-11,8.12665545968372e-10
1.11888778209686,-1.87622696277017e-19,-4.19419568520318e-11,7.31097460349162e-10
1.11999893188477,7.76072870665527e-20,2.5905935382986e-11,-3.74811515158058e-10
1.12110996246338,1.10022647040825e-19,-4.55963773682289e-11,8.12661549165483e-10
1.12222111225128,-1.87623368361265e-19,-4.19422170605532e-11,7.31101734707806e-10
1.12333226203918,7.76064986600313e-20,2.59059492607738e-11,-3.7481182046939e-10
1.1244432926178,1.10023538844923e-19,-4.55961310374953e-11,8.12657552362595e-10
1.1255544424057,-1.87623161566112e-19,-4.19424772690746e-11,7.31106064577602e-10
1.1266655921936,7.76054517595686e-20,2.59059614038382e-11,-3.74812098025146e-10
1.12777662277222,1.1002368101659e-19,-4.55958847067617e-11,8.12653500048555e-10
1.12888777256012,-1.87624182617181e-19,-4.1942737477596e-11,7.31110338936247e-10
1.12999892234802,7.76037327748581e-20,2.5905975281626e-11,-3.74812403336477e-10
1.13110995292664,1.10024378950232e-19,-4.55956383760281e-11,8.12649503245666e-10
1.13222110271454,-1.87622386084288e-19,-4.19429942166705e-11,7.31114668806043e-10
1.13333225250244,7.76012189212778e-20,2.59059891594138e-11,-3.74812708647809e-10
1.13444328308105,1.10025736043425e-19,-4.55953920452945e-11,8.12645506442777e-10
1.13555443286896,-1.87622928921565e-19,-4.19432544251919e-11,7.31118943164688e-10
1.13666558265686,7.76012447706719e-20,2.59060030372016e-11,-3.74813013959141e-10
1.13777661323547,1.10026446901764e-19,-4.55951457145609e-11,8.12641454128737e-10
1.13888776302338,-1.87623368361265e-19,-4.19435146337133e-11,7.31123273034484e-10
1.13999891281128,7.7600075085587e-20,2.59060151802659e-11,-3.74813291514897e-10
1.14110994338989,1.10028217585262e-19,-4.55948993838273e-11,8.12637457325849e-10
1.1422210931778,-1.87622864298079e-19,-4.19437713727877e-11,7.31127547393129e-10
1.1433322429657,7.76001590961179e-20,2.59060290580537e-11,-3.74813596826229e-10
1.14444327354431,1.10029186937543e-19,-4.55946530530937e-11,8.1263346052296e-10
1.14555442333221,-1.87624105068998e-19,-4.19440315813091e-11,7.31131877262925e-10
1.14666557312012,7.75987955405769e-20,2.59060429358415e-11,-3.74813902137561e-10
1.14777660369873,1.10030233838005e-19,-4.55944067223601e-11,8.1262940820892e-10
1.14888775348663,-1.87624350638243e-19,-4.19442917898305e-11,7.31136207132721e-10
1.14999890327454,7.7597179953443e-20,2.59060568136293e-11,-3.74814207448892e-10
1.15110993385315,1.1003038893437e-19,-4.55941603916266e-11,8.12625411406032e-10
1.15222108364105,-1.87622903072171e-19,-4.19445519983519e-11,7.31140481491366e-10
1.15333223342896,7.75962041388142e-20,2.59060689566937e-11,-3.74814485004649e-10
1.15444326400757,1.10031358286651e-19,-4.5593914060893e-11,8.12621414603143e-10
1.15555441379547,-1.87622722126412e-19,-4.19448087374263e-11,7.31144811361162e-10
1.15666556358337,7.75942460472079e-20,2.59060828344815e-11,-3.7481479031598e-10
1.15777659416199,1.10032663681055e-19,-4.55936677301594e-11,8.12617362289103e-10
1.15888774394989,-1.87622114665649e-19,-4.19450689459477e-11,7.31149085719807e-10
1.15999889373779,7.75923138049958e-20,2.59060967122693e-11,-3.74815095627312e-10
1.16110992431641,1.10032547358781e-19,-4.55934213994258e-11,8.12613365486214e-10
1.16222107410431,-1.87623045243838e-19,-4.19453291544691e-11,7.31153415589603e-10
1.16333222389221,7.7592352579087e-20,2.59061088553336e-11,-3.74815400938644e-10
1.16444325447083,1.10033400388788e-19,-4.55931750686922e-11,8.12609368683326e-10
1.16555440425873,-1.87621584753069e-19,-4.19455858935436e-11,7.31157689948247e-10
1.16666555404663,7.75919196017351e-20,2.59061227331214e-11,-3.748156784944e-10
1.16777658462524,1.10033969075459e-19,-4.55929287379586e-11,8.12605316369286e-10
1.16888773441315,-1.87623497608236e-19,-4.1945846102065e-11,7.31162019818044e-10
1.16999888420105,7.7590821002484e-20,2.59061366109092e-11,-3.74815983805732e-10
1.17110991477966,1.10036011177596e-19,-4.5592682407225e-11,8.12601319566397e-10
1.17222106456757,-1.87623769026874e-19,-4.19461063105864e-11,7.31166294176688e-10
1.17333221435547,7.75894186728518e-20,2.59061487539736e-11,-3.74816289117064e-10
1.17444324493408,1.1003612749987e-19,-4.55924360764914e-11,8.12597322763509e-10
1.17555439472198,-1.87624841776731e-19,-4.19463665191078e-11,7.31170624046484e-10
1.17666554450989,7.75873119472292e-20,2.59061626317614e-11,-3.74816594428395e-10
1.1777765750885,1.10037471668365e-19,-4.55921897457578e-11,8.12593270449469e-10
1.1788877248764,-1.87624066294907e-19,-4.19466232581822e-11,7.31174898405129e-10
1.17999887466431,7.75863167455547e-20,2.59061765095492e-11,-3.74816871984152e-10
1.18110990524292,1.10038130827916e-19,-4.55919434150243e-11,8.1258927364658e-10
1.18222105503082,-1.87623885349148e-19,-4.19468834667036e-11,7.31179228274925e-10
1.18333220481873,7.75856963600953e-20,2.5906190387337e-11,-3.74817177295483e-10
1.18444323539734,1.10038764138072e-19,-4.55916970842907e-11,8.12585276843691e-10
1.18555438518524,-1.876232132649e-19,-4.1947143675225e-11,7.31183558144721e-10
1.18666553497314,7.75848885665284e-20,2.59062025304013e-11,-3.74817482606815e-10
1.18777656555176,1.10039849812626e-19,-4.55914507535571e-11,8.12581224529652e-10
1.18888771533966,-1.87623445909448e-19,-4.19474004142995e-11,7.31187832503366e-10
1.18999886512756,7.75822131542347e-20,2.59062164081891e-11,-3.74817760162571e-10
1.19110989570618,1.10041594646731e-19,-4.55912044228235e-11,8.12577227726763e-10
1.19222104549408,-1.87621326259128e-19,-4.19476606228208e-11,7.31192162373162e-10
1.19333219528198,7.75818706497623e-20,2.59062302859769e-11,-3.74818065473903e-10
1.1944432258606,1.10041904839461e-19,-4.55909580920899e-11,8.12573230923874e-10
1.1955543756485,-1.87622941846262e-19,-4.19479208313422e-11,7.31196436731807e-10
1.1966655254364,7.75824651858275e-20,2.59062424290413e-11,-3.74818370785235e-10
1.19777655601501,1.10042925890529e-19,-4.55907117613563e-11,8.12569178609834e-10
1.19888770580292,-1.87622657502926e-19,-4.19481810398636e-11,7.31200766601603e-10
1.19999885559082,7.75801516650518e-20,2.59062563068291e-11,-3.74818676096567e-10
1.20110988616943,1.10043404104321e-19,-4.55904654306227e-11,8.12565181806946e-10
1.20222103595734,-1.87623329587174e-19,-4.19484377789381e-11,7.31205040960248e-10
1.20333218574524,7.75783357451133e-20,2.59062701846169e-11,-3.74818953652323e-10
1.20444321632385,1.10043688447656e-19,-4.55902190998891e-11,8.12561185004057e-10
1.20555436611176,-1.87623394210659e-19,-4.19486979874595e-11,7.31209370830044e-10
1.20666551589966,7.75784197556443e-20,2.59062840624047e-11,-3.74819258963655e-10
1.20777654647827,1.10045006766758e-19,-4.55899727691556e-11,8.12557188201168e-10
1.20888769626617,-1.87623601005812e-19,-4.19489581959809e-11,7.31213645188689e-10
1.20999884605408,7.75763065676731e-20,2.5906296205469e-11,-3.74819564274986e-10
1.21110987663269,1.1004636385995e-19,-4.5589726438422e-11,8.12553135887129e-10
1.21222102642059,-1.8762268335232e-19,-4.19492149350553e-11,7.31217975058485e-10
1.2133321762085,7.75748525392526e-20,2.59063100832568e-11,-3.74819869586318e-10
1.21444320678711,1.10046467257527e-19,-4.55894801076884e-11,8.1254913908424e-10
1.21555435657501,-1.87621894945799e-19,-4.19494751435767e-11,7.31222249417129e-10
1.21666550636292,7.75732628015129e-20,2.59063239610446e-11,-3.74820147142074e-10
1.21777653694153,1.10047035944198e-19,-4.55892337769548e-11,8.12545142281351e-10
1.21888768672943,-1.87622218063226e-19,-4.19497353520981e-11,7.31226579286925e-10
1.21999883651733,7.75731852533305e-20,2.5906336104109e-11,-3.74820452453406e-10
1.22110986709595,1.10047824350719e-19,-4.55889874462212e-11,8.12541089967311e-10
1.22222101688385,-1.87622799674594e-19,-4.19499955606195e-11,7.31230909156722e-10
1.22333216667175,7.75708652702062e-20,2.59063499818968e-11,-3.74820757764738e-10
1.22444319725037,1.10048884175879e-19,-4.55887411154876e-11,8.12537093164423e-10
1.22555434703827,-1.87621817397617e-19,-4.1950252299694e-11,7.31235183515366e-10
1.22666549682617,7.7570561539825e-20,2.59063638596846e-11,-3.7482106307607e-10
1.22777652740479,1.10050228344374e-19,-4.5588494784754e-11,8.12533096361534e-10
1.22888767719269,-1.87621985418679e-19,-4.19505125082154e-11,7.31239513385162e-10
1.22999882698059,7.75696180369388e-20,2.59063760027489e-11,-3.74821340631826e-10
1.2311098575592,1.1005148203999e-19,-4.55882484540204e-11,8.12529044047494e-10
1.23222100734711,-1.87623135716718e-19,-4.19507727167368e-11,7.31243787743807e-10
1.23333215713501,7.75679766004108e-20,2.59063898805367e-11,-3.74821645943157e-10
1.23444318771362,1.10052192898329e-19,-4.55880021232868e-11,8.12525047244606e-10
1.23555433750153,-1.87621830322314e-19,-4.19510294558112e-11,7.31248117613603e-10
1.23666548728943,7.75676340959384e-20,2.59064037583245e-11,-3.74821951254489e-10
1.23777651786804,1.10052580639241e-19,-4.55877557925533e-11,8.12521050441717e-10
1.23888766765594,-1.8762127456034e-19,-4.19512896643326e-11,7.31252391972248e-10
1.23999881744385,7.75667229047949e-20,2.59064159013889e-11,-3.74822228810245e-10
1.24110984802246,1.10053989431222e-19,-4.55875094618197e-11,8.12516998127677e-10
1.24222099781036,-1.87620240584574e-19,-4.1951549872854e-11,7.31256721842044e-10
1.24333214759827,7.75674273007853e-20,2.59064297791767e-11,-3.74822534121577e-10
1.24444317817688,1.100558505876e-19,-4.5587266600533e-11,8.12513001324788e-10
1.24555432796478,-1.87621171162763e-19,-4.19518100813754e-11,7.31260996200689e-10
1.24666547775269,7.75635175799213e-20,2.59064436569645e-11,-3.74822839432909e-10
1.2477765083313,1.10056845789275e-19,-4.55870202697994e-11,8.125090045219e-10
1.2488876581192,-1.87621533054281e-19,-4.19520668204498e-11,7.31265326070485e-10
1.2499988079071,7.75633754082535e-20,2.59064575347523e-11,-3.74823144744241e-10
1.25110983848572,1.10057892689738e-19,-4.55867739390658e-11,8.1250495220786e-10
1.25222098827362,-1.8761946510275e-19,-4.19523270289712e-11,7.3126960042913e-10
1.25333213806152,7.75631815377974e-20,2.59064696778166e-11,-3.74823422299997e-10
1.25444316864014,1.10058590623379e-19,-4.55865276083323e-11,8.12500955404971e-10
1.25555431842804,-1.87620589551395e-19,-4.19525872374926e-11,7.31273930298926e-10
1.25666546821594,7.75601571586828e-20,2.59064835556044e-11,-3.74823727611329e-10
1.25777649879456,1.10060774897185e-19,-4.55862812775987e-11,8.12496958602082e-10
1.25888764858246,-1.87619646048509e-19,-4.19528439765671e-11,7.31278204657571e-10
1.25999879837036,7.7560292868002e-20,2.59064974333922e-11,-3.7482403292266e-10
1.26110982894897,1.10062894547504e-19,-4.55860349468651e-11,8.12492906288043e-10
1.26222097873688,-1.87617952913192e-19,-4.19531041850885e-11,7.31282534527367e-10
1.26333212852478,7.75586772808681e-20,2.59065095764566e-11,-3.74824310478417e-10
1.26444315910339,1.10063644179934e-19,-4.55857886161315e-11,8.12488909485154e-10
1.2655543088913,-1.87618663771531e-19,-4.19533643936099e-11,7.31286864397163e-10
1.2666654586792,7.75587419043535e-20,2.59065234542444e-11,-3.74824615789748e-10
1.26777648925781,1.10064018996149e-19,-4.55855422853979e-11,8.12484912682265e-10
1.26888763904572,-1.87619710671994e-19,-4.19536246021313e-11,7.31291138755807e-10
1.26999878883362,7.75562151260761e-20,2.59065373320322e-11,-3.7482492110108e-10
1.27110981941223,1.10064716929791e-19,-4.55852959546643e-11,8.12480860368225e-10
1.27222096920013,-1.87618353578802e-19,-4.19538813412057e-11,7.31295468625603e-10
1.27333211898804,7.75565899422911e-20,2.59065494750965e-11,-3.74825226412412e-10
1.27444314956665,1.10065285616462e-19,-4.55850496239307e-11,8.12476863565337e-10
1.27555429935455,-1.87617746118039e-19,-4.19541415497271e-11,7.31299742984248e-10
1.27666544914246,7.75550906774309e-20,2.59065633528843e-11,-3.74825503968168e-10
1.27777647972107,1.10066358366319e-19,-4.55848032931971e-11,8.12472866762448e-10
1.27888762950897,-1.8761522580211e-19,-4.19544017582485e-11,7.31304072854044e-10
1.27999877929688,7.75557046005417e-20,2.59065772306721e-11,-3.748258092795e-10
1.28110980987549,1.10067340643297e-19,-4.55845569624636e-11,8.12468814448408e-10
1.28222095966339,-1.8761778489213e-19,-4.19546584973229e-11,7.31308347212689e-10
1.28333210945129,7.75540825510593e-20,2.59065893737365e-11,-3.74826114590832e-10
1.28444314002991,1.10068322920274e-19,-4.558431063173e-11,8.1246481764552e-10
1.28555428981781,-1.87615962509843e-19,-4.19549187058443e-11,7.31312677082485e-10
1.28666532039642,7.75518142667233e-20,2.59066032515243e-11,-3.74826392146588e-10
1.28777647018433,1.10068710661186e-19,-4.55840643009964e-11,8.12460820842631e-10
1.28888761997223,-1.87616208079088e-19,-4.19551789143657e-11,7.3131695144113e-10
1.28999865055084,7.75525380497593e-20,2.59066171293121e-11,-3.7482669745792e-10
1.29110980033875,1.10070339173017e-19,-4.55838179702628e-11,8.12456768528591e-10
1.29222095012665,-1.87615794488781e-19,-4.19554356534402e-11,7.31321281310926e-10
1.29333198070526,7.7550760903912e-20,2.59066292723764e-11,-3.74827002769251e-10
1.29444313049316,1.10071502395754e-19,-4.55835716395292e-11,8.12452771725702e-10
1.29555428028107,-1.87616169304997e-19,-4.19556958619616e-11,7.31325555669571e-10
1.29666531085968,7.75489966827618e-20,2.59066431501642e-11,-3.74827308080583e-10
1.29777646064758,1.10072290802275e-19,-4.55833253087956e-11,8.12448774922814e-10
1.29888761043549,-1.87616569970606e-19,-4.1955956070483e-11,7.31329885539367e-10
1.2999986410141,7.75484021466966e-20,2.5906657027952e-11,-3.74827585636339e-10
1.301109790802,1.10073221380464e-19,-4.5583078978062e-11,8.12444722608774e-10
1.3022209405899,-1.87614502019074e-19,-4.19562162790044e-11,7.31334159898012e-10
1.30333197116852,7.75473681709309e-20,2.59066691710164e-11,-3.74827890947671e-10
1.30444312095642,1.1007491451578e-19,-4.55828326473284e-11,8.12440725805885e-10
1.30555427074432,-1.87614308148618e-19,-4.19564730180788e-11,7.31338489767808e-10
1.30666530132294,7.75464569797873e-20,2.59066830488042e-11,-3.74828196259003e-10
1.30777645111084,1.10075870943364e-19,-4.55825863165948e-11,8.12436729002997e-10
1.30888760089874,-1.87615445521961e-19,-4.19567332266002e-11,7.31342819637604e-10
1.30999863147736,7.7546114475315e-20,2.5906696926592e-11,-3.74828473814759e-10
1.31110978126526,1.10076530102914e-19,-4.55823399858613e-11,8.12432676688957e-10
1.31222093105316,-1.87613997955889e-19,-4.19569934351216e-11,7.31347093996249e-10
1.31333196163177,7.75445247375752e-20,2.59067090696563e-11,-3.74828779126091e-10
1.31444311141968,1.10077137563677e-19,-4.55820936551277e-11,8.12428679886068e-10
1.31555426120758,-1.8761341634452e-19,-4.1957250174196e-11,7.31351423866045e-10
1.31666529178619,7.75440788355263e-20,2.59067229474441e-11,-3.74829084437422e-10
1.3177764415741,1.1007884362369e-19,-4.55818473243941e-11,8.12424683083179e-10
1.318887591362,-1.87613480968006e-19,-4.19575103827174e-11,7.31355698224689e-10
1.31999862194061,7.75411901657309e-20,2.59067368252319e-11,-3.74829361993179e-10
1.32110977172852,1.10079476933846e-19,-4.55816009936605e-11,8.1242063076914e-10
1.32222092151642,-1.87613972106494e-19,-4.19577705912388e-11,7.31360028094485e-10
1.32333195209503,7.75412418645191e-20,2.59067489682963e-11,-3.7482966730451e-10
1.32444310188293,1.1008065308128e-19,-4.55813546629269e-11,8.12416633966251e-10
1.32555425167084,-1.87612188498299e-19,-4.19580307997602e-11,7.3136430245313e-10
1.32666528224945,7.75390188166229e-20,2.59067628460841e-11,-3.74829972615842e-10
1.32777643203735,1.10081557810075e-19,-4.55811083321933e-11,8.12412637163362e-10
1.32888758182526,-1.8761266671209e-19,-4.19582875388347e-11,7.31368632322926e-10
1.32999861240387,7.75388378708639e-20,2.59067767238719e-11,-3.74830277927174e-10
1.33110976219177,1.10083910104942e-19,-4.55808620014597e-11,8.12408584849322e-10
1.33222091197968,-1.87612653787393e-19,-4.19585477473561e-11,7.31372906681571e-10
1.33333194255829,7.7539852459584e-20,2.59067888669362e-11,-3.7483055548293e-10
1.33444309234619,1.10084362469339e-19,-4.55806156707261e-11,8.12404588046434e-10
1.33555424213409,-1.87613157850579e-19,-4.19588079558775e-11,7.31377236551367e-10
1.33666527271271,7.75375454011568e-20,2.5906802744724e-11,-3.74830860794262e-10
1.33777642250061,1.10086042679959e-19,-4.55803693399925e-11,8.12400535732394e-10
1.33888757228851,-1.87612408218149e-19,-4.19590646949519e-11,7.31381510910012e-10
1.33999860286713,7.75351866439413e-20,2.59068166225118e-11,-3.74831166105594e-10
1.34110975265503,1.10087503170728e-19,-4.5580123009259e-11,8.12396538929505e-10
1.34222090244293,-1.87614101353465e-19,-4.19593249034733e-11,7.31385840779808e-10
1.34333193302155,7.75357294812183e-20,2.59068287655762e-11,-3.7483144366135e-10
1.34444308280945,1.1008864054407e-19,-4.55798766785254e-11,8.12392542126616e-10
1.34555423259735,-1.87612679636787e-19,-4.19595851119947e-11,7.31390115138453e-10
1.34666526317596,7.75336615296869e-20,2.5906842643364e-11,-3.74831748972682e-10
1.34777641296387,1.10090165658324e-19,-4.55796303477918e-11,8.12388489812577e-10
1.34888756275177,-1.87613015678911e-19,-4.19598418510692e-11,7.31394445008249e-10
1.34999859333038,7.75350703216677e-20,2.59068565211518e-11,-3.74832054284013e-10
1.35110974311829,1.1009119963409e-19,-4.55793840170582e-11,8.12384493009688e-10
1.35222089290619,-1.87611736133901e-19,-4.19601020595906e-11,7.31398719366894e-10
1.3533319234848,7.75329377466509e-20,2.59068686642161e-11,-3.74832331839769e-10
1.35444307327271,1.10092285308644e-19,-4.55791376863246e-11,8.12380496206799e-10
1.35555422306061,-1.87612382368755e-19,-4.1960362268112e-11,7.3140304923669e-10
1.35666525363922,7.75335710568074e-20,2.59068825420039e-11,-3.74832637151101e-10
1.35777640342712,1.10093487305472e-19,-4.5578891355591e-11,8.12376443892759e-10
1.35888755321503,-1.87613209549367e-19,-4.19606224766333e-11,7.31407379106486e-10
1.35999858379364,7.7530960267999e-20,2.59068964197917e-11,-3.74832942462433e-10
1.36110973358154,1.10093487305472e-19,-4.55786450248574e-11,8.12372447089871e-10
1.36222088336945,-1.87611787832689e-19,-4.19608792157078e-11,7.3141165346513e-10
1.36333191394806,7.75306113011781e-20,2.5906908562856e-11,-3.74833220018189e-10
1.36444306373596,1.1009419816381e-19,-4.55783986941238e-11,8.12368450286982e-10
1.36555421352386,-1.87611503489354e-19,-4.19611394242292e-11,7.31415983334927e-10
1.36666524410248,7.75304174307221e-20,2.59069224406439e-11,-3.74833525329521e-10
1.36777639389038,1.10095645729882e-19,-4.55781523633902e-11,8.12364397972942e-10
1.36888754367828,-1.87612253121784e-19,-4.19613996327506e-11,7.31420257693571e-10
1.3699985742569,7.75288212306338e-20,2.59069363184317e-11,-3.74833830640853e-10
1.3711097240448,1.10096472910495e-19,-4.55779060326567e-11,8.12360401170054e-10
1.3722208738327,-1.87612395293452e-19,-4.1961656371825e-11,7.31424587563367e-10
1.37333190441132,7.75278648030505e-20,2.5906948461496e-11,-3.74834108196609e-10
1.37444305419922,1.10097804154293e-19,-4.55776597019231e-11,8.12356404367165e-10
1.37555420398712,-1.87612395293452e-19,-4.19619165803464e-11,7.31428861922012e-10
1.37666523456573,7.75260876572032e-20,2.59069623392838e-11,-3.74834413507941e-10
1.37777638435364,1.10098153121114e-19,-4.55774133711895e-11,8.12352352053125e-10
1.37888753414154,-1.87611374242383e-19,-4.19621767888678e-11,7.31433191791808e-10
1.37999856472015,7.75252540142421e-20,2.59069744823481e-11,-3.74834718819272e-10
1.38110971450806,1.10098295292782e-19,-4.55771670404559e-11,8.12348355250236e-10
1.38222086429596,-1.87612162648905e-19,-4.19624335279423e-11,7.31437466150453e-10
1.38333189487457,7.75240261680204e-20,2.59069883601359e-11,-3.74834996375029e-10
1.38444304466248,1.10098915678241e-19,-4.55769207097223e-11,8.12344358447348e-10
1.38555419445038,-1.87610624609953e-19,-4.19626937364637e-11,7.31441796020249e-10
1.38666522502899,7.75231602133166e-20,2.59070022379237e-11,-3.7483530168636e-10
1.38777637481689,1.10099070774606e-19,-4.55766743789887e-11,8.12340306133308e-10
1.3888875246048,-1.87612098025419e-19,-4.19629539449851e-11,7.31446070378894e-10
1.38999855518341,7.75193345029836e-20,2.59070143809881e-11,-3.74835606997692e-10
1.39110970497131,1.10101384295382e-19,-4.55764245788082e-11,8.12336309330419e-10
1.39222085475922,-1.87610042998585e-19,-4.19632141535065e-11,7.3145040024869e-10
1.39333188533783,7.75195025240455e-20,2.59070282587759e-11,-3.74835884553448e-10
1.39444303512573,1.10102573367513e-19,-4.55761782480746e-11,8.12332312527531e-10
1.39555418491364,-1.87610391965406e-19,-4.19634708925809e-11,7.31454674607335e-10
1.39666521549225,7.75194831369999e-20,2.59070421365637e-11,-3.7483618986478e-10
1.39777636528015,1.10102793087363e-19,-4.5575931917341e-11,8.12328260213491e-10
1.39888751506805,-1.87611244995412e-19,-4.19637311011023e-11,7.31459004477131e-10
1.39999854564667,7.75179515603969e-20,2.5907054279628e-11,-3.74836495176112e-10
1.40110969543457,1.10104641319044e-19,-4.55756855866074e-11,8.12324263410602e-10
1.40222084522247,-1.87610547061771e-19,-4.19639913096237e-11,7.31463278835776e-10
1.40333187580109,7.75164005967484e-20,2.59070681574158e-11,-3.74836772731868e-10
1.40444302558899,1.10105610671324e-19,-4.55754392558738e-11,8.12320266607713e-10
1.40555417537689,-1.87610288567829e-19,-4.19642480486981e-11,7.31467608705572e-10
1.40666520595551,7.75150176541618e-20,2.59070820352036e-11,-3.748370780432e-10
1.40777635574341,1.10106347379057e-19,-4.55751929251402e-11,8.12316214293674e-10
1.40888750553131,-1.87609719881158e-19,-4.19645082572195e-11,7.31471938575368e-10
1.40999853610992,7.75153084598459e-20,2.5907094178268e-11,-3.74837383354532e-10
1.41110968589783,1.10108066363768e-19,-4.55749465944066e-11,8.12312217490785e-10
1.41222083568573,-1.87610275643132e-19,-4.19647684657409e-11,7.31476212934012e-10
1.41333186626434,7.7514597601507e-20,2.59071080560558e-11,-3.74837660910288e-10
1.41444301605225,1.10109410532263e-19,-4.55747002636731e-11,8.12308220687896e-10
1.41555416584015,-1.87609900826917e-19,-4.19650252048154e-11,7.31480542803808e-10
1.41666519641876,7.75128204556597e-20,2.59071201991201e-11,-3.74837966221619e-10
1.41777634620667,1.10110883947729e-19,-4.55744539329395e-11,8.12304168373856e-10
1.41888749599457,-1.8760816891751e-19,-4.19652854133368e-11,7.31484817162453e-10
1.41999852657318,7.75128269180082e-20,2.59071340769079e-11,-3.74838271532951e-10
1.42110967636108,1.10111116592277e-19,-4.55742076022059e-11,8.12300171570968e-10
1.42222082614899,-1.87607496833262e-19,-4.19655456218582e-11,7.31489147032249e-10
1.4233318567276,7.7511702469363e-20,2.59071479546957e-11,-3.74838549088707e-10
1.4244430065155,1.10111633580159e-19,-4.55739612714723e-11,8.12296174768079e-10
1.42555415630341,-1.8760882807706e-19,-4.19658058303796e-11,7.31493421390894e-10
1.42666518688202,7.75114052013304e-20,2.59071600977601e-11,-3.74838854400039e-10
1.42777633666992,1.10112964823958e-19,-4.55737149407387e-11,8.12292122454039e-10
1.42888748645782,-1.87607871649477e-19,-4.1966062569454e-11,7.3149775126069e-10
1.42999851703644,7.75099899470011e-20,2.59071739755479e-11,-3.74839159711371e-10
1.43110966682434,1.10114037573815e-19,-4.55734686100051e-11,8.1228812565115e-10
1.43222081661224,-1.87607690703718e-19,-4.19663227779754e-11,7.31502025619335e-10
1.43333184719086,7.75084583703982e-20,2.59071878533357e-11,-3.74839437267127e-10
1.43444299697876,1.10115885805496e-19,-4.55732222792715e-11,8.12284128848262e-10
1.43555414676666,-1.87607367586291e-19,-4.19665829864968e-11,7.31506355489131e-10
1.43666517734528,7.75088073372191e-20,2.59071999964e-11,-3.74839742578459e-10
1.43777632713318,1.10116506190955e-19,-4.55729759485379e-11,8.12280076534222e-10
1.43888747692108,-1.87609694031764e-19,-4.19668397255712e-11,7.31510629847776e-10
1.43999850749969,7.75071335889484e-20,2.59072138741878e-11,-3.74840047889791e-10
1.4411096572876,1.10117902058239e-19,-4.55727296178043e-11,8.12276079731333e-10
1.4422208070755,-1.87609655257673e-19,-4.19670999340926e-11,7.31514959717572e-10
1.44333183765411,7.75059445168179e-20,2.59072260172521e-11,-3.74840325445547e-10
1.44444298744202,1.10118948958702e-19,-4.55724832870708e-11,8.12272027417293e-10
1.44555413722992,-1.87608401562057e-19,-4.1967360142614e-11,7.31519234076217e-10
1.44666516780853,7.75052853572672e-20,2.590723989504e-11,-3.74840630756879e-10
1.44777631759644,1.10119207452643e-19,-4.55722369563372e-11,8.12268030614405e-10
1.44888746738434,-1.87609745730552e-19,-4.19676168816885e-11,7.31523563946013e-10
1.44999849796295,7.75035146737685e-20,2.59072537728278e-11,-3.7484093606821e-10
1.45110964775085,1.10120344825985e-19,-4.55719906256036e-11,8.12264033811516e-10
1.45222079753876,-1.87609189968578e-19,-4.19678770902099e-11,7.31527838304658e-10
1.45333182811737,7.75027715036869e-20,2.59072659158921e-11,-3.74841213623966e-10
1.45444297790527,1.1012134002766e-19,-4.557174429487e-11,8.12259981497476e-10
1.45555412769318,-1.8760860835721e-19,-4.19681372987313e-11,7.31532168174454e-10
1.45666515827179,7.75020671076965e-20,2.59072797936799e-11,-3.74841518935298e-10
1.45777630805969,1.10122438626911e-19,-4.55714979641364e-11,8.12255984694588e-10
1.4588874578476,-1.87607535607353e-19,-4.19683975072527e-11,7.31536442533098e-10
1.45999848842621,7.75011365295074e-20,2.59072936714677e-11,-3.7484182424663e-10
1.46110963821411,1.10122606647973e-19,-4.55712516334028e-11,8.12251987891699e-10
1.46222078800201,-1.8760754853205e-19,-4.19686542463271e-11,7.31540772402894e-10
1.46333181858063,7.75010460566279e-20,2.5907305814532e-11,-3.74842101802386e-10
1.46444296836853,1.10123252882826e-19,-4.55710053026692e-11,8.12247935577659e-10
1.46555411815643,-1.87607199565229e-19,-4.19689144548485e-11,7.31545046761539e-10
1.46666514873505,7.74996049529045e-20,2.59073196923199e-11,-3.74842407113718e-10
1.46777629852295,1.10123407979191e-19,-4.55707589719356e-11,8.1224393877477e-10
1.46888744831085,-1.87607122017047e-19,-4.19691746633699e-11,7.31549376631335e-10
1.46999847888947,7.74963867033337e-20,2.59073318353842e-11,-3.7484271242505e-10
1.47110962867737,1.10124273933895e-19,-4.5570512641202e-11,8.12239941971882e-10
1.47222077846527,-1.87607122017047e-19,-4.19694314024444e-11,7.31553706501131e-10
1.47333180904388,7.74950425348383e-20,2.5907345713172e-11,-3.74842989980806e-10
1.47444295883179,1.10125889521029e-19,-4.55702663104685e-11,8.12235889657842e-10
1.47555410861969,-1.87606540405679e-19,-4.19696916109658e-11,7.31557980859776e-10
1.4766651391983,7.74958180166626e-20,2.59073595909598e-11,-3.74843295292138e-10
1.47777628898621,1.10127401710586e-19,-4.55700199797349e-11,8.12231892854953e-10
1.47888743877411,-1.87607380510988e-19,-4.19699518194872e-11,7.31562310729572e-10
1.47999846935272,7.74929164221701e-20,2.59073717340241e-11,-3.74843600603469e-10
1.48110961914062,1.10128926824841e-19,-4.55697736490013e-11,8.12227896052065e-10
1.48222076892853,-1.87606256062343e-19,-4.19702085585616e-11,7.31566585088217e-10
1.48333179950714,7.74921086286032e-20,2.59073856118119e-11,-3.74843878159226e-10
1.48444294929504,1.10130154671062e-19,-4.55695273182677e-11,8.12223843738025e-10
1.48555409908295,-1.87605894170825e-19,-4.1970468767083e-11,7.31570914958013e-10
1.48666512966156,7.74894590657036e-20,2.59073977548763e-11,-3.74844183470557e-10
1.48777627944946,1.10131602237134e-19,-4.55692809875341e-11,8.12219846935136e-10
1.48888742923737,-1.87606902297197e-19,-4.19707289756044e-11,7.31575189316658e-10
1.48999845981598,7.7489439678658e-20,2.59074116326641e-11,-3.74844461026314e-10
1.49110960960388,1.10132313095473e-19,-4.55690346568005e-11,8.12215850132247e-10
1.49222075939178,-1.87606592104467e-19,-4.19709857146788e-11,7.31579519186454e-10
1.4933317899704,7.74910940398831e-20,2.59074255104519e-11,-3.74844766337645e-10
1.4944429397583,1.10133140276086e-19,-4.55687883260669e-11,8.12211797818208e-10
1.4955540895462,-1.87605713225066e-19,-4.19712459232002e-11,7.31583793545099e-10
1.49666512012482,7.7488715895622e-20,2.59074376535162e-11,-3.74845071648977e-10
1.49777626991272,1.10133463393513e-19,-4.55685419953333e-11,8.12207801015319e-10
1.49888741970062,-1.87608013821145e-19,-4.19715061317216e-11,7.31588123414895e-10
1.49999845027924,7.74865574712111e-20,2.5907451531304e-11,-3.74845349204733e-10
1.50110960006714,1.1013422595064e-19,-4.55682956645997e-11,8.12203748701279e-10
1.50222074985504,-1.87605558128701e-19,-4.1971766340243e-11,7.31592397773539e-10
1.50333178043365,7.74848772605919e-20,2.59074654090918e-11,-3.74845654516065e-10
1.50444293022156,1.10135130679435e-19,-4.55680493338662e-11,8.1219975189839e-10
1.50555408000946,-1.87606824749014e-19,-4.19720230793175e-11,7.31596727643335e-10
1.50666511058807,7.74836752637643e-20,2.59074775521562e-11,-3.74845959827397e-10
1.50777626037598,1.10136978911116e-19,-4.55678030031326e-11,8.12195755095502e-10
1.50888741016388,-1.87606307761131e-19,-4.19722832878389e-11,7.3160100200198e-10
1.50999844074249,7.74839596070998e-20,2.5907491429944e-11,-3.74846237383153e-10
1.5111095905304,1.10138646197038e-19,-4.5567556672399e-11,8.12191702781462e-10
1.5122207403183,-1.87607470983868e-19,-4.19725434963603e-11,7.31605331871776e-10
1.51333177089691,7.74845735302107e-20,2.59075035730083e-11,-3.74846542694485e-10
1.51444292068481,1.10138995163859e-19,-4.55673103416654e-11,8.12187705978573e-10
1.51555407047272,-1.8760573907446e-19,-4.19728002354347e-11,7.31609606230421e-10
1.51666510105133,7.74827252985296e-20,2.59075174507961e-11,-3.74846848005816e-10
1.51777625083923,1.10139486302348e-19,-4.55670640109318e-11,8.12183709175684e-10
1.51888740062714,-1.87605687375672e-19,-4.19730604439561e-11,7.31613936100217e-10
1.51999843120575,7.74803083801772e-20,2.59075313285839e-11,-3.74847125561573e-10
1.52110958099365,1.10139460452954e-19,-4.55668176801982e-11,8.12179656861645e-10
1.52222073078156,-1.8760498944203e-19,-4.19733206524775e-11,7.31618210458862e-10
1.52333176136017,7.74805991858613e-20,2.59075434716483e-11,-3.74847430872904e-10
1.52444291114807,1.10140235934778e-19,-4.55665713494646e-11,8.12175660058756e-10
1.52555406093597,-1.87604718023392e-19,-4.19735773915519e-11,7.31622540328658e-10
1.52666509151459,7.74779302359162e-20,2.59075573494361e-11,-3.74847708428661e-10
1.52777624130249,1.10141399157514e-19,-4.5566325018731e-11,8.12171663255867e-10
1.52888739109039,-1.87606088041281e-19,-4.19738376000733e-11,7.31626814687303e-10
1.52999842166901,7.74772064528802e-20,2.59075694925004e-11,-3.74848013739992e-10
1.53110957145691,1.10142588229645e-19,-4.55660786879974e-11,8.12167610941827e-10
1.53222072124481,-1.87605726149763e-19,-4.19740978085947e-11,7.31631144557099e-10
1.53333175182343,7.74756296398375e-20,2.59075833702882e-11,-3.74848319051324e-10
1.53444290161133,1.10143635130108e-19,-4.55658323572639e-11,8.12163614138939e-10
1.53555405139923,-1.876042398096e-19,-4.19743545476692e-11,7.31635418915744e-10
1.53666508197784,7.74763017240852e-20,2.5907597248076e-11,-3.7484859660708e-10
1.53777623176575,1.10143829000564e-19,-4.55655860265303e-11,8.1215961733605e-10
1.53888738155365,-1.87604834345665e-19,-4.19746147561906e-11,7.3163974878554e-10
1.53999841213226,7.74734647530781e-20,2.59076093911403e-11,-3.74848901918412e-10
1.54110956192017,1.10145586759365e-19,-4.55653396957967e-11,8.1215556502201e-10
1.54222071170807,-1.87604110562629e-19,-4.1974874964712e-11,7.31644023144185e-10
1.54333174228668,7.74722239821592e-20,2.59076232689281e-11,-3.74849207229744e-10
1.54444289207458,1.10146918003164e-19,-4.55650933650631e-11,8.12151568219122e-10
1.54555404186249,-1.87603826219294e-19,-4.19751317037864e-11,7.31648353013981e-10
1.5466650724411,7.74714291132894e-20,2.59076354119925e-11,-3.748494847855e-10
1.547776222229,1.10148843783027e-19,-4.55648470343295e-11,8.12147515905082e-10
1.54888737201691,-1.87605222086577e-19,-4.19753919123078e-11,7.31652682883777e-10
1.54999840259552,7.74714355756379e-20,2.59076492897803e-11,-3.74849790096832e-10
1.55110955238342,1.10149528791972e-19,-4.55646007035959e-11,8.12143519102193e-10
1.55222070217133,-1.87605170387789e-19,-4.19756521208292e-11,7.31656957242421e-10
1.55333173274994,7.74691026678166e-20,2.59076631675681e-11,-3.74850067652588e-10
1.55444288253784,1.10149761436519e-19,-4.55643543728623e-11,8.12139522299304e-10
1.55555403232574,-1.87605222086577e-19,-4.19759123293506e-11,7.31661287112217e-10
1.55666506290436,7.7469361161758e-20,2.59076753106324e-11,-3.7485037296392e-10
1.55777621269226,1.10150433520767e-19,-4.55641080421287e-11,8.12135469985265e-10
1.55888736248016,-1.87604175186115e-19,-4.19761690684251e-11,7.31665561470862e-10
1.55999839305878,7.74673513713634e-20,2.59076891884202e-11,-3.74850678275251e-10
1.56110954284668,1.10151325324865e-19,-4.55638617113951e-11,8.12131473182376e-10
1.56222069263458,-1.87605170387789e-19,-4.19764292769464e-11,7.31669891340658e-10
1.5633317232132,7.74656065372588e-20,2.59077013314846e-11,-3.74850955831008e-10
1.5644428730011,1.10152049107901e-19,-4.55636153806616e-11,8.12127476379487e-10
1.565554022789,-1.87603412628987e-19,-4.19766894854678e-11,7.31674165699303e-10
1.56666505336761,7.74642946805061e-20,2.59077152092724e-11,-3.74851261142339e-10
1.56777620315552,1.10154155833524e-19,-4.5563369049928e-11,8.12123424065447e-10
1.56888735294342,-1.87602856867013e-19,-4.19769462245423e-11,7.31678495569099e-10
1.56999838352203,7.74644110027797e-20,2.59077273523367e-11,-3.74851566453671e-10
1.57110953330994,1.10154918390651e-19,-4.55631227191944e-11,8.12119427262559e-10
1.57222068309784,-1.87603335080805e-19,-4.19772064330637e-11,7.31682769927744e-10
1.57333171367645,7.74619617726848e-20,2.59077412301245e-11,-3.74851844009427e-10
1.57444286346436,1.10156055763993e-19,-4.55628763884608e-11,8.1211543045967e-10
1.57555401325226,-1.87604252734297e-19,-4.19774666415851e-11,7.3168709979754e-10
1.57666504383087,7.74599907563814e-20,2.59077551079123e-11,-3.74852149320759e-10
1.57777619361877,1.10156624450664e-19,-4.55626300577272e-11,8.1211137814563e-10
1.57888734340668,-1.87604420755359e-19,-4.19777233806595e-11,7.31691374156185e-10
1.57999837398529,7.74599972187299e-20,2.59077672509767e-11,-3.74852426876515e-10
1.58110952377319,1.10157852296886e-19,-4.55623837269936e-11,8.12107381342742e-10
1.5822206735611,-1.87603942541567e-19,-4.19779835891809e-11,7.31695704025981e-10
1.58333170413971,7.74590343287981e-20,2.59077811287645e-11,-3.74852732187847e-10
1.58444285392761,1.10158382209466e-19,-4.556213739626e-11,8.12103384539853e-10
1.58555400371552,-1.87603141210349e-19,-4.19782437977023e-11,7.31699978384626e-10
1.58666503429413,7.74583170081107e-20,2.59077932718288e-11,-3.74853037499179e-10
1.58777618408203,1.10158925046743e-19,-4.55618910655264e-11,8.12099332225813e-10
1.58888733386993,-1.87601939213521e-19,-4.19785005367768e-11,7.31704308254422e-10
1.58999836444855,7.7456546324612e-20,2.59078071496166e-11,-3.74853315054935e-10
1.59110951423645,1.10159920248417e-19,-4.55616447347928e-11,8.12095335422924e-10
1.59222066402435,-1.87604071788538e-19,-4.19787607452982e-11,7.31708582613066e-10
1.59333169460297,7.74577224720454e-20,2.59078210274044e-11,-3.74853620366267e-10
1.59444284439087,1.10160992998274e-19,-4.55613984040593e-11,8.12091283108884e-10
1.59555399417877,-1.87603205833834e-19,-4.19790209538196e-11,7.31712912482863e-10
1.59666502475739,7.74577612461366e-20,2.59078331704687e-11,-3.74853897922023e-10
1.59777617454529,1.10161212718124e-19,-4.55611520733257e-11,8.12087286305996e-10
1.59888732433319,-1.87602275255645e-19,-4.1979277692894e-11,7.31717186841507e-10
1.5999983549118,7.74545753083086e-20,2.59078470482565e-11,-3.74854203233355e-10
1.60110950469971,1.10161897727069e-19,-4.55609057425921e-11,8.12083289503107e-10
1.60222065448761,-1.87601254204576e-19,-4.19795379014154e-11,7.31721516711303e-10
1.60333168506622,7.74526753778391e-20,2.59078591913209e-11,-3.74854508544686e-10
1.60444283485413,1.10163952753903e-19,-4.55606594118585e-11,8.12079237189067e-10
1.60555398464203,-1.87602146008674e-19,-4.19797981099368e-11,7.31725791069948e-10
1.60666501522064,7.7452371647458e-20,2.59078730691087e-11,-3.74854786100443e-10
1.60777616500854,1.10165529566946e-19,-4.5560409611678e-11,8.12075240386179e-10
1.60888731479645,-1.87601512698518e-19,-4.19800583184582e-11,7.31730120939744e-10
1.60999834537506,7.74507495979755e-20,2.5907885212173e-11,-3.74855091411774e-10
1.61110949516296,1.10166511843924e-19,-4.55601632809444e-11,8.1207124358329e-10
1.61222064495087,-1.87601809966551e-19,-4.19803150575326e-11,7.31734395298389e-10
1.61333167552948,7.74497285469069e-20,2.59078990899608e-11,-3.7485536896753e-10
1.61444282531738,1.10167261476354e-19,-4.55599169502108e-11,8.1206719126925e-10
1.61555397510529,-1.87601693644277e-19,-4.1980575266054e-11,7.31738725168185e-10
1.6166650056839,7.74473697896914e-20,2.59079129677486e-11,-3.74855674278862e-10
1.6177761554718,1.10167687991357e-19,-4.55596706194772e-11,8.12063194466361e-10
1.6188873052597,-1.87600478722752e-19,-4.19808354745754e-11,7.3174299952683e-10
1.61999833583832,7.74471629945383e-20,2.5907925110813e-11,-3.74855979590194e-10
1.62110948562622,1.1016842469909e-19,-4.55594242887436e-11,8.12059197663473e-10
1.62222063541412,-1.87600297776993e-19,-4.19810922136499e-11,7.31747329396626e-10
1.62333166599274,7.74475507354504e-20,2.59079389886008e-11,-3.7485625714595e-10
1.62444281578064,1.10169238955006e-19,-4.555917795801e-11,8.12055145349433e-10
1.62555396556854,-1.87600375325176e-19,-4.19813524221713e-11,7.31751603755271e-10
1.62666499614716,7.74460902446814e-20,2.59079511316651e-11,-3.74856562457282e-10
1.62777614593506,1.10170660671683e-19,-4.55589316272764e-11,8.12051148546544e-10
1.62888729572296,-1.87600801840179e-19,-4.19816126306927e-11,7.31755933625067e-10
1.62999832630157,7.74445005069417e-20,2.59079650094529e-11,-3.74856840013038e-10
1.63110947608948,1.10172237484726e-19,-4.55586852965428e-11,8.12047096232504e-10
1.63222062587738,-1.87602055535795e-19,-4.19818693697671e-11,7.31760207983712e-10
1.63333165645599,7.74430852526124e-20,2.59079771525172e-11,-3.7485714532437e-10
1.6344428062439,1.10173025891247e-19,-4.55584389658092e-11,8.12043099429616e-10
1.6355539560318,-1.87602973189287e-19,-4.19821295782885e-11,7.31764537853508e-10
1.63666498661041,7.74410948492634e-20,2.59079910303051e-11,-3.74857450635702e-10
1.63777613639832,1.10173710900192e-19,-4.55581926350757e-11,8.12039102626727e-10
1.63888728618622,-1.87602637147163e-19,-4.19823897868099e-11,7.31768812212152e-10
1.63999831676483,7.74416118371463e-20,2.59080031733694e-11,-3.74857728191458e-10
1.64110946655273,1.1017566252945e-19,-4.55579463043421e-11,8.12035050312687e-10
1.64222061634064,-1.87604007165053e-19,-4.19826465258843e-11,7.31773142081948e-10
1.64333164691925,7.74394340256898e-20,2.59080170511572e-11,-3.7485803350279e-10
1.64444279670715,1.10176153667939e-19,-4.55576999736085e-11,8.12031053509799e-10
1.64555394649506,-1.87602947339893e-19,-4.19829067344057e-11,7.31777416440593e-10
1.64666497707367,7.74388976507613e-20,2.5908030928945e-11,-3.74858311058546e-10
1.64777612686157,1.10177278116584e-19,-4.55574536428749e-11,8.1202705670691e-10
1.64888727664948,-1.87602831017619e-19,-4.19831669429271e-11,7.31781746310389e-10
1.64999830722809,7.74377021162822e-20,2.59080430720093e-11,-3.74858616369877e-10
1.65110945701599,1.10177730480981e-19,-4.55572073121413e-11,8.1202300439287e-10
1.65222060680389,-1.87601448075033e-19,-4.19834236820016e-11,7.31786076180185e-10
1.65333163738251,7.743656474294e-20,2.59080569497971e-11,-3.74858893925634e-10
1.65444278717041,1.10178040673711e-19,-4.55569609814077e-11,8.12019007589981e-10
1.65555393695831,-1.87601706568974e-19,-4.1983683890523e-11,7.3179035053883e-10
1.65666496753693,7.7435660014145e-20,2.59080690928615e-11,-3.74859199236965e-10
1.65777611732483,1.10178712757959e-19,-4.55567146506741e-11,8.12014955275941e-10
1.65888726711273,-1.87601099108212e-19,-4.19839440990444e-11,7.31794680408626e-10
1.65999829769135,7.74345808019396e-20,2.59080829706493e-11,-3.74859504548297e-10
1.66110944747925,1.10179798432513e-19,-4.55564683199405e-11,8.12010958473053e-10
1.66222059726715,-1.87602533749587e-19,-4.19842008381188e-11,7.31798954767271e-10
1.66333162784576,7.74325903985906e-20,2.59080951137136e-11,-3.74859782104053e-10
1.66444277763367,1.1018087118237e-19,-4.55562219892069e-11,8.12006961670164e-10
1.66555392742157,-1.87600323626387e-19,-4.19844610466402e-11,7.31803284637067e-10
1.66666495800018,7.7432293130558e-20,2.59081089915014e-11,-3.74860087415385e-10
1.66666996479034,8.01147558465365e-20,2.58708297840027e-11,-3.7405215036479e-10
