Time,U1,U2,U3
0.0,0.0,0.0,0.0
0.333332985639572,5.50930398866253e-16,-3.29313297697809e-06,6.24590320512652e-05
0.666665971279144,-2.04368869612494e-15,-2.77351045951946e-06,5.26035146322101e-05
0.999998986721039,2.52939221115714e-15,5.19666230047733e-07,-9.85609131021192e-06
1.33333194255829,-1.20886996397005e-15,-3.29320960190671e-06,6.24603781034239e-05
1.66666495800018,-7.33762460531094e-16,-2.77366257250833e-06,5.26064868608955e-05
1.99999797344208,1.35750031753242e-15,5.19402192367124e-07,-9.85115002549719e-06
2.33333110809326,1.11200549958353e-16,-3.29355066241988e-06,6.24668973614462e-05
2.66666388511658,-2.73194087049345e-15,-2.77416870630987e-06,5.26160474692006e-05
2.99999690055847,3.39238008276416e-15,5.18802551141562e-07,-9.83975314738927e-06
3.33332991600037,-1.27597424339214e-15,-3.29418139699555e-06,6.24788444838487e-05
3.66666293144226,-1.59804848953912e-16,-2.77473941423523e-06,5.26268777321093e-05
3.99999594688416,8.7852796157382e-16,5.1837997716575e-07,-9.83173686108785e-06
4.33332920074463,1.05315852084775e-15,-3.29448062075244e-06,6.24845124548301e-05
4.66666221618652,-2.95921548035131e-15,-2.77498293144163e-06,5.26315088791307e-05
4.99999523162842,3.75074744076971e-15,5.18228659984743e-07,-9.82888195721898e-06
5.33332777023315,-1.46919050547385e-15,-3.29452768710325e-06,6.24854219495319e-05
5.66666078567505,-3.29615724583519e-16,-2.77501044365636e-06,5.26320109202061e-05
5.99999380111694,1.12781431075285e-15,5.18186197950854e-07,-9.82805522653507e-06
6.33332681655884,4.15341758653199e-16,-3.29472391058516e-06,6.24891254119575e-05
6.66665983200073,-2.87928119287715e-15,-2.77541130344616e-06,5.26396361237857e-05
6.99999284744263,2.6926635292128e-15,5.17669491273409e-07,-9.81827815849101e-06
7.33332586288452,-1.16073181102817e-15,-3.29526392306434e-06,6.24993917881511e-05
7.66665887832642,-5.07347483235586e-16,-2.77596541309322e-06,5.26501244166866e-05
7.99999189376831,8.83284528028686e-16,5.17198088800797e-07,-9.80931508820504e-06
8.33332538604736,3.346982399044e-16,-3.29564591083908e-06,6.25066095381044e-05
8.66665840148926,-2.60347095986692e-15,-2.77628168987576e-06,5.26561452716123e-05
8.99999141693115,2.65025068371964e-15,5.16933766903094e-07,-9.80432287178701e-06
9.33332443237305,-1.07578044152831e-15,-3.29587851410906e-06,6.2511047872249e-05
9.66665744781494,-1.01965826190473e-15,-2.77651361102471e-06,5.26605217601173e-05
9.99999046325684,1.56113561426094e-15,5.16805584993563e-07,-9.80187360255513e-06
10.3333225250244,2.23471696622477e-16,-3.29589647662942e-06,6.25113607384264e-05
10.6666555404663,-2.17009163460194e-15,-2.77647336588416e-06,5.26597759744618e-05
10.9999885559082,2.28366350623569e-15,5.16881357270904e-07,-9.80332606559386e-06
11.3333215713501,-8.51124116389539e-16,-3.29580416291719e-06,6.25096290605143e-05
11.666654586792,-1.30016296326688e-15,-2.77640128842904e-06,5.26583971804939e-05
11.9999876022339,1.8221059359144e-15,5.17010903422488e-07,-9.80576896836283e-06
12.3333206176758,1.04981081502963e-17,-3.29562681145035e-06,6.25062530161813e-05
12.6666536331177,-2.11989857973002e-15,-2.77621757049928e-06,5.26549192727543e-05
12.9999866485596,2.23433463672821e-15,5.17217301876371e-07,-9.80969616648508e-06
13.3333196640015,-5.65872589451411e-16,-3.29541421706381e-06,6.25022366875783e-05
13.6666526794434,-1.44045512449648e-15,-2.7760590910475e-06,5.26519070263021e-05
13.9999856948853,1.86065567589337e-15,5.17357989338052e-07,-9.81235371000366e-06
14.3333187103271,-1.47173470127982e-16,-3.29530666931532e-06,6.25001848675311e-05
14.666651725769,-1.76954256521871e-15,-2.77600020126556e-06,5.26507974427659e-05
14.9999847412109,2.23538178120925e-15,5.1743091944445e-07,-9.81374614639208e-06
15.3333177566528,-5.84090944657871e-16,-3.29519480146701e-06,6.24980675638653e-05
15.6666507720947,-1.47009651309005e-15,-2.77588651442784e-06,5.26486328453757e-05
15.9999837875366,1.82238926843526e-15,5.17575244884938e-07,-9.8164764494868e-06
16.3333168029785,-2.02687162458082e-16,-3.29504791807267e-06,6.24952808720991e-05
16.6666507720947,-1.75087745307213e-15,-2.77577373708482e-06,5.26465009897947e-05
16.9999828338623,2.19147921652011e-15,5.17697060331557e-07,-9.81879202299751e-06
17.3333168029785,-4.9186684439377e-16,-3.29491217598843e-06,6.24927051831037e-05
17.6666488647461,-1.53711968910744e-15,-2.77565868600504e-06,5.26443145645317e-05
17.9999828338623,1.95272836901815e-15,5.17835303526226e-07,-9.82140954874922e-06
18.3333148956299,-2.76617640697425e-16,-3.29476529259409e-06,6.24899184913374e-05
18.6666488647461,-1.75362618086509e-15,-2.77554181593587e-06,5.2642102673417e-05
18.9999809265137,2.13151711890927e-15,5.17958824275411e-07,-9.82375604507979e-06
19.3333148956299,-4.56080443526105e-16,-3.29463500747806e-06,6.24874519417062e-05
19.6666469573975,-1.58907637245467e-15,-2.77543631455046e-06,5.26400981470942e-05
19.9999809265137,1.97440478917133e-15,5.18086153533659e-07,-9.82616802502889e-06
20.3333129882812,-3.17841781328227e-16,-3.29449471792032e-06,6.24847889412194e-05
20.6666450500488,-1.69014339080898e-15,-2.77532080872334e-06,5.26379117218312e-05
20.999979019165,2.08156208029552e-15,5.18214619660284e-07,-9.82860638032435e-06
21.3333110809326,-4.12451417539371e-16,-3.29435738422035e-06,6.24821841483936e-05
21.6666450500488,-1.61415574747345e-15,-2.7752100777434e-06,5.26358053321019e-05
21.9999771118164,1.98383163059956e-15,5.18343313160585e-07,-9.8310465546092e-06
22.3333110809326,-3.24887639611504e-16,-3.29421663991525e-06,6.24795138719492e-05
22.6666431427002,-1.68620257002188e-15,-2.77509229817952e-06,5.26335752510931e-05
22.9999771118164,2.06503985562638e-15,5.18477349942259e-07,-9.83358950179536e-06
23.333309173584,-3.93379306061638e-16,-3.29407203025767e-06,6.24767708359286e-05
23.6666431427002,-1.64347304008557e-15,-2.77497451861564e-06,5.26313415321056e-05
23.9999752044678,2.01363300254105e-15,5.18611386723933e-07,-9.83613062999211e-06
24.333309173584,-3.47668643667468e-16,-3.29392742060008e-06,6.24740277999081e-05
24.6666412353516,-1.68102942217565e-15,-2.774854465315e-06,5.26290641573723e-05
24.9999752044678,2.04350001953594e-15,5.18746617217403e-07,-9.83869631454581e-06
25.3333072662354,-3.90886885144563e-16,-3.29378235619515e-06,6.24712774879299e-05
25.6666412353516,-1.64938014198061e-15,-2.77473577625642e-06,5.26268086105119e-05
25.9999732971191,2.01266738498118e-15,5.18881677180616e-07,-9.84125745162601e-06
26.3333072662354,-3.60754985065192e-16,-3.29363706441654e-06,6.24685198999941e-05
26.6666393280029,-1.6747949420465e-15,-2.77461617770314e-06,5.26245457876939e-05
26.9999732971191,2.03725336330818e-15,5.19015998179384e-07,-9.84380585578037e-06
27.3333053588867,-3.80884828935808e-16,-3.29349336425366e-06,6.24657986918464e-05
27.6666393280029,-1.65644069099156e-15,-2.77449930763396e-06,5.26223266206216e-05
27.9999713897705,2.02059815446632e-15,5.1914793175456e-07,-9.84630696621025e-06
28.3333053588867,-3.63904703549336e-16,-3.29335216520121e-06,6.24631138634868e-05
28.6666374206543,-1.66908593998201e-15,-2.77438402918051e-06,5.26201438333374e-05
28.9999713897705,2.03622125366195e-15,5.19278955835034e-07,-9.8487926152302e-06
29.3333034515381,-3.7438927737045e-16,-3.29321028402774e-06,6.24604290351272e-05
29.6666374206543,-1.65840559567096e-15,-2.77426715911133e-06,5.2617924666265e-05
29.9999694824219,2.02732296079281e-15,5.19412537869357e-07,-9.85132555797463e-06
30.3333034515381,-3.64721269780269e-16,-3.29306612911751e-06,6.24576932750642e-05
30.6666355133057,-1.66633932977142e-15,-2.77414869742643e-06,5.26156763953622e-05
30.9999694824219,2.03342964482604e-15,5.1954663149445e-07,-9.85387032415019e-06
31.3333015441895,-3.71300201151373e-16,-3.29292197420727e-06,6.24549575150013e-05
31.6666355133057,-1.66092710687582e-15,-2.7740304631152e-06,5.26134354004171e-05
31.9999675750732,2.0283652348344e-15,5.19680554589286e-07,-9.85640963335754e-06
32.3333015441895,-3.6625969337072e-16,-3.29277827404439e-06,6.2452229030896e-05
32.666633605957,-1.66542336951808e-15,-2.77391245617764e-06,5.26111980434507e-05
32.9999656677246,2.03228996199551e-15,5.19814022936771e-07,-9.85894166660728e-06
33.3333015441895,-3.69301653382106e-16,-3.29263480125519e-06,6.24495078227483e-05
33.666633605957,-1.66178303366902e-15,-2.77379467661376e-06,5.26089643244632e-05
33.9999656677246,2.02964764271655e-15,5.19947604971094e-07,-9.86147369985702e-06
34.3332977294922,-3.66691018429329e-16,-3.29249110109231e-06,6.24467866146006e-05
34.666633605957,-1.66437654267439e-15,-2.77367689704988e-06,5.26067306054756e-05
34.9999656677246,2.03194013738829e-15,5.2008101647516e-07,-9.86400482361205e-06
35.3332977294922,-3.68732976637143e-16,-3.29234762830311e-06,6.24440654064529e-05
35.6666297912598,-1.66174396427432e-15,-2.77355934485968e-06,5.26044968864881e-05
35.9999656677246,2.03000847875208e-15,5.20214484822645e-07,-9.86653594736708e-06
36.3332977294922,-3.67298499871188e-16,-3.29220392814022e-06,6.24413441983052e-05
36.6666297912598,-1.6637473030737e-15,-2.77344111054845e-06,5.26022595295217e-05
36.9999618530273,2.03150391542045e-15,5.20348407917481e-07,-9.86907616606914e-06
37.3332977294922,-3.68486093002798e-16,-3.29206000060367e-06,6.24386084382422e-05
37.6666297912598,-1.66254959848628e-15,-2.77332287623722e-06,5.26000148965977e-05
37.9999618530273,2.03054232126708e-15,5.20482387855736e-07,-9.87161729426589e-06
38.3332939147949,-3.67877711588433e-16,-3.29191584569344e-06,6.24358799541369e-05
38.6666297912598,-1.66337492621426e-15,-2.77320464192599e-06,5.25977739016525e-05
38.9999618530273,2.03082565378794e-15,5.20616254107154e-07,-9.87415660347324e-06
39.3332939147949,-3.68319439270426e-16,-3.29177191815688e-06,6.2433144194074e-05
39.6666259765625,-1.66265187771466e-15,-2.77308640761476e-06,5.25955292687286e-05
39.9999618530273,2.03018169698979e-15,5.2075017720199e-07,-9.87669682217529e-06
40.3332939147949,-3.67648245069065e-16,-3.29162799062033e-06,6.24304157099687e-05
40.6666259765625,-1.66328789357893e-15,-2.7729684006772e-06,5.25932882737834e-05
40.9999580383301,2.03084661785338e-15,5.20884100296826e-07,-9.87923613138264e-06
41.3332901000977,-3.6829458414738e-16,-3.29148406308377e-06,6.24276872258633e-05
41.6666259765625,-1.6628942350167e-15,-2.77285016636597e-06,5.25910472788382e-05
41.9999580383301,2.03041696039089e-15,5.21017966548243e-07,-9.88177544058999e-06
42.3332901000977,-3.67853809377452e-16,-3.29134013554722e-06,6.2424958741758e-05
42.6666221618652,-1.66320763720718e-15,-2.77273193205474e-06,5.25888062838931e-05
42.9999580383301,2.03067657598922e-15,5.21151889643079e-07,-9.88431565929204e-06
43.3332901000977,-3.68099422462376e-16,-3.29119598063699e-06,6.24222229816951e-05
43.6666221618652,-1.66296051534482e-15,-2.77261369774351e-06,5.25865652889479e-05
43.9999542236328,2.03064544752841e-15,5.21285869581334e-07,-9.88685587799409e-06
44.3332901000977,-3.67857806314172e-16,-3.29105205310043e-06,6.24194944975898e-05
44.6666221618652,-1.6630483950131e-15,-2.77249546343228e-06,5.25843206560239e-05
44.9999542236328,2.0307235863178e-15,5.2141979267617e-07,-9.88939609669615e-06
45.3332862854004,-3.68033512711168e-16,-3.29090812556387e-06,6.24167587375268e-05
45.6666221618652,-1.66312674556072e-15,-2.77237722912105e-06,5.25820796610788e-05
45.9999542236328,2.03064057708896e-15,5.21553715771006e-07,-9.8919363153982e-06
46.3332862854004,-3.67878346863143e-16,-3.29076397065364e-06,6.24140302534215e-05
46.666618347168,-1.66303960704627e-15,-2.77225899480982e-06,5.25798386661336e-05
46.9999542236328,2.03065878829733e-15,5.21687638865842e-07,-9.89447653410025e-06
47.3332862854004,-3.67928851202623e-16,-3.29062004311709e-06,6.24113017693162e-05
47.666618347168,-1.66309657001197e-15,-2.77214076049859e-06,5.25775940332096e-05
47.9999504089355,2.03052538060814e-15,5.21821561960678e-07,-9.8970167528023e-06
48.3332862854004,-3.67892137618315e-16,-3.29047611558053e-06,6.24085660092533e-05
48.666618347168,-1.66309180545164e-15,-2.77202252618736e-06,5.25753530382644e-05
48.9999504089355,2.03071278664772e-15,5.21955428212095e-07,-9.89955606200965e-06
49.3332824707031,-3.67924510158768e-16,-3.29033218804398e-06,6.24058375251479e-05
49.666618347168,-1.66304087759569e-15,-2.7719045192498e-06,5.25731120433193e-05
49.9999504089355,2.03054443884945e-15,5.22089351306931e-07,-9.9020962807117e-06
50.3332824707031,-3.67903307865307e-16,-3.29018803313375e-06,6.24031090410426e-05
50.6666145324707,-1.66315353297767e-15,-2.77178628493857e-06,5.25708710483741e-05
50.9999504089355,2.03069817532938e-15,5.22223274401767e-07,-9.90463558991905e-06
51.3332824707031,-3.67900237370874e-16,-3.29004410559719e-06,6.24003732809797e-05
51.6666145324707,-1.66315639171387e-15,-2.77166805062734e-06,5.25686264154501e-05
51.9999465942383,2.03059483730981e-15,5.22357197496603e-07,-9.9071758086211e-06
52.3332824707031,-3.6786857951447e-16,-3.28990017806063e-06,6.23976447968744e-05
52.6666145324707,-1.66325358874457e-15,-2.77154981631611e-06,5.2566385420505e-05
52.9999465942383,2.03048853467493e-15,5.22491063748021e-07,-9.90971511782845e-06
53.3332786560059,-3.67879273305429e-16,-3.28975625052408e-06,6.23949163127691e-05
53.6666145324707,-1.66312303979157e-15,-2.77143158200488e-06,5.25641444255598e-05
53.9999465942383,2.03059610785923e-15,5.22624986842857e-07,-9.9122544270358e-06
54.3332786560059,-3.67858044542189e-16,-3.28961232298752e-06,6.23921805527061e-05
54.6666107177734,-1.66318614374614e-15,-2.77131334769365e-06,5.25619034306146e-05
54.9999465942383,2.03064735335254e-15,5.22758909937693e-07,-9.91479464573786e-06
55.3332786560059,-3.67819822180444e-16,-3.28946816807729e-06,6.23894520686008e-05
55.6666107177734,-1.66306851204559e-15,-2.77119534075609e-06,5.25596624356695e-05
55.999942779541,2.03067149379154e-15,5.2289277618911e-07,-9.91733395494521e-06
56.3332786560059,-3.67785146769165e-16,-3.28932424054074e-06,6.23867235844955e-05
56.6666107177734,-1.66312981605515e-15,-2.77107710644486e-06,5.25574178027455e-05
56.999942779541,2.03067191730801e-15,5.23026699283946e-07,-9.91987417364726e-06
57.3332748413086,-3.67792240670099e-16,-3.28918031300418e-06,6.23839951003902e-05
57.6666107177734,-1.66314527440644e-15,-2.77095887213363e-06,5.25551768078003e-05
57.999942779541,2.03074095049321e-15,5.23160622378782e-07,-9.92241348285461e-06
58.3332748413086,-3.67756612346755e-16,-3.28903638546763e-06,6.23812593403272e-05
58.6666069030762,-1.66316772077954e-15,-2.7708406378224e-06,5.25529358128551e-05
58.999942779541,2.03051775731161e-15,5.23294488630199e-07,-9.92495279206196e-06
59.3332748413086,-3.6780544909012e-16,-3.28889245793107e-06,6.23785308562219e-05
59.6666069030762,-1.66322542489907e-15,-2.77072240351117e-06,5.255069481791e-05
59.9999389648438,2.03061474258407e-15,5.23428411725035e-07,-9.92749301076401e-06
60.3332748413086,-3.67805607908798e-16,-3.28874830302084e-06,6.23758023721166e-05
60.6666069030762,-1.66321335467957e-15,-2.77060416919994e-06,5.25484538229648e-05
60.9999389648438,2.03052156895988e-15,5.23562334819871e-07,-9.93003231997136e-06
61.3332710266113,-3.67790678953102e-16,-3.28860437548428e-06,6.23730666120537e-05
61.6666069030762,-1.66330705769936e-15,-2.77048616226239e-06,5.25462091900408e-05
61.9999389648438,2.03049806379559e-15,5.23696201071289e-07,-9.93257253867341e-06
62.3332710266113,-3.67811854776784e-16,-3.28846044794773e-06,6.23703381279483e-05
62.6666030883789,-1.66325464753575e-15,-2.77036792795116e-06,5.25439681950957e-05
62.9999351501465,2.0305516386295e-15,5.23830124166125e-07,-9.93511184788076e-06
63.3332710266113,-3.67752165423782e-16,-3.28831652041117e-06,6.2367609643843e-05
63.6666030883789,-1.66326343550258e-15,-2.77024969363993e-06,5.25417272001505e-05
63.9999351501465,2.03048239368606e-15,5.23963990417542e-07,-9.93765115708811e-06
64.3332672119141,-3.67729348473765e-16,-3.28817259287462e-06,6.23648738837801e-05
64.6666030883789,-1.663296893304e-15,-2.7701314593287e-06,5.25394862052053e-05
64.9999313354492,2.03052008665222e-15,5.24097913512378e-07,-9.94019137579016e-06
65.3332672119141,-3.67726463267788e-16,-3.28802843796439e-06,6.23621453996748e-05
65.6666030883789,-1.66321674281136e-15,-2.77001322501746e-06,5.25372452102602e-05
65.9999313354492,2.03043580687397e-15,5.24231836607214e-07,-9.94273068499751e-06
66.3332672119141,-3.67715398899915e-16,-3.28788451042783e-06,6.23594169155695e-05
66.6666030883789,-1.66331309280911e-15,-2.76989521807991e-06,5.25350005773362e-05
66.9999313354492,2.03057006159611e-15,5.24365702858631e-07,-9.94527090369957e-06
67.3332672119141,-3.67754997690199e-16,-3.28774058289127e-06,6.23566884314641e-05
67.6665954589844,-1.66331679857826e-15,-2.76977698376868e-06,5.2532759582391e-05
67.9999313354492,2.03041568984147e-15,5.24499625953467e-07,-9.94781021290692e-06
68.3332672119141,-3.67729295534206e-16,-3.28759665535472e-06,6.23539526714012e-05
68.6665954589844,-1.66334517418199e-15,-2.76965874945745e-06,5.25305185874458e-05
68.9999313354492,2.0304521122582e-15,5.24633549048303e-07,-9.95034952211427e-06
69.3332672119141,-3.67713122498869e-16,-3.28745250044449e-06,6.23512241872959e-05
69.6665954589844,-1.66337651440104e-15,-2.76954051514622e-06,5.25282775925007e-05
69.9999313354492,2.03049382863085e-15,5.24767415299721e-07,-9.95288974081632e-06
70.3332595825195,-3.67694699532266e-16,-3.28730857290793e-06,6.23484957031906e-05
70.6665954589844,-1.66340499588389e-15,-2.76942228083499e-06,5.25260365975555e-05
70.9999313354492,2.03047371159836e-15,5.24901338394557e-07,-9.95542905002367e-06
71.3332595825195,-3.67720269339362e-16,-3.28716464537138e-06,6.23457599431276e-05
71.6665954589844,-1.66340171363122e-15,-2.76930404652376e-06,5.25237919646315e-05
71.9999313354492,2.0304031961055e-15,5.25035261489393e-07,-9.95796926872572e-06
72.3332595825195,-3.67696790644855e-16,-3.28702071783482e-06,6.23430314590223e-05
72.6665954589844,-1.66336402066507e-15,-2.7691860395862e-06,5.25215509696864e-05
72.9999237060547,2.03040827830318e-15,5.2516912774081e-07,-9.96050857793307e-06
73.3332595825195,-3.67691179051579e-16,-3.28687679029827e-06,6.2340302974917e-05
73.6665954589844,-1.66338805522494e-15,-2.76906780527497e-06,5.25193099747412e-05
73.9999237060547,2.03049276983967e-15,5.25303050835646e-07,-9.96304788714042e-06
74.3332595825195,-3.67700496413999e-16,-3.28673263538803e-06,6.23375672148541e-05
74.6665954589844,-1.66341261918041e-15,-2.76894957096374e-06,5.2517068979796e-05
74.9999237060547,2.03038286731476e-15,5.25436973930482e-07,-9.96558810584247e-06
75.3332595825195,-3.67687420342876e-16,-3.28658870785148e-06,6.23348387307487e-05
75.6665878295898,-1.66348715807977e-15,-2.76883133665251e-06,5.25148279848509e-05
75.9999237060547,2.03034580962332e-15,5.25570840181899e-07,-9.96812741504982e-06
76.3332595825195,-3.67689643804363e-16,-3.28644478031492e-06,6.23321102466434e-05
76.6665878295898,-1.66342786577347e-15,-2.76871310234128e-06,5.25125833519269e-05
76.9999237060547,2.03041187819321e-15,5.25704763276735e-07,-9.97066763375187e-06
77.3332595825195,-3.67680379381502e-16,-3.28630085277837e-06,6.23293817625381e-05
77.6665878295898,-1.66344861808067e-15,-2.76859486803005e-06,5.25103423569817e-05
77.9999237060547,2.03037333819411e-15,5.25838686371571e-07,-9.97320694295922e-06
78.333251953125,-3.6762667219869e-16,-3.28615692524181e-06,6.23266460024752e-05
78.6665878295898,-1.66343051275143e-15,-2.76847686109249e-06,5.25081013620365e-05
78.9999237060547,2.03035597401869e-15,5.25972552622989e-07,-9.97574625216657e-06
79.333251953125,-3.67634560193011e-16,-3.28601277033158e-06,6.23239175183699e-05
79.6665878295898,-1.66344628874007e-15,-2.76835862678126e-06,5.25058603670914e-05
79.9999237060547,2.03034305676624e-15,5.26106475717825e-07,-9.97828647086862e-06
80.333251953125,-3.67636413077583e-16,-3.28586884279503e-06,6.23211890342645e-05
80.6665878295898,-1.66346555873962e-15,-2.76824039247003e-06,5.25036157341674e-05
80.9999160766602,2.03022426039539e-15,5.26240341969242e-07,-9.98082578007597e-06
81.333251953125,-3.67592367364326e-16,-3.28572491525847e-06,6.23184532742016e-05
81.6665878295898,-1.66348048769531e-15,-2.7681221581588e-06,5.25013747392222e-05
81.9999160766602,2.03034940951335e-15,5.26374265064078e-07,-9.98336508928332e-06
82.333251953125,-3.67520448973148e-16,-3.28558098772191e-06,6.23157247900963e-05
82.6665802001953,-1.66350409873872e-15,-2.76800392384757e-06,5.24991337442771e-05
82.9999160766602,2.0303220927008e-15,5.26508188158914e-07,-9.98590530798538e-06
83.333251953125,-3.67565976994063e-16,-3.28543706018536e-06,6.2312996305991e-05
83.6665802001953,-1.66348461698093e-15,-2.76788568953634e-06,5.24968927493319e-05
83.9999160766602,2.03037460874353e-15,5.26642054410331e-07,-9.98844461719273e-06
84.333251953125,-3.67498584935197e-16,-3.28529290527513e-06,6.2310260545928e-05
84.6665802001953,-1.66351161615613e-15,-2.76776768259879e-06,5.24946517543867e-05
84.9999160766602,2.03029265830588e-15,5.26775977505167e-07,-9.99098392640008e-06
85.3332443237305,-3.67491146927129e-16,-3.28514897773857e-06,6.23075320618227e-05
85.6665802001953,-1.66346481758579e-15,-2.76764944828756e-06,5.24924071214627e-05
85.9999160766602,2.0303261161073e-15,5.26909900600003e-07,-9.99352414510213e-06
86.3332443237305,-3.67535404398623e-16,-3.28500505020202e-06,6.23048035777174e-05
86.6665802001953,-1.66354337989165e-15,-2.76753121397633e-06,5.24901661265176e-05
86.9999160766602,2.03031510467898e-15,5.27043766851421e-07,-9.99606345430948e-06
87.3332443237305,-3.67502475992799e-16,-3.28486112266546e-06,6.23020678176545e-05
87.6665802001953,-1.66351002796935e-15,-2.7674129796651e-06,5.24879251315724e-05
87.9999084472656,2.03035068006277e-15,5.27177689946257e-07,-9.99860367301153e-06
88.3332443237305,-3.67487732325561e-16,-3.28471696775523e-06,6.22993393335491e-05
88.6665802001953,-1.6635453915949e-15,-2.76729474535387e-06,5.24856841366272e-05
88.9999084472656,2.03038477313889e-15,5.27311556197674e-07,-1.00011429822189e-05
89.3332443237305,-3.6743193403016e-16,-3.28457304021867e-06,6.22966108494438e-05
89.6665802001953,-1.6634257481911e-15,-2.76717651104263e-06,5.24834431416821e-05
89.9999084472656,2.03030366973419e-15,5.2744547929251e-07,-1.00036822914262e-05
90.3332443237305,-3.67419572643086e-16,-3.28442911268212e-06,6.22938823653385e-05
90.6665725708008,-1.66351765126587e-15,-2.76705850410508e-06,5.24811985087581e-05
90.9999084472656,2.03037969094121e-15,5.27579402387346e-07,-1.00062225101283e-05
91.3332443237305,-3.67390058838831e-16,-3.28428518514556e-06,6.22911466052756e-05
91.6665725708008,-1.66354592099049e-15,-2.76694026979385e-06,5.24789575138129e-05
91.9999084472656,2.03042246610505e-15,5.27713268638763e-07,-1.00087618193356e-05
92.3332443237305,-3.67373197589224e-16,-3.28414125760901e-06,6.22884181211703e-05
92.6665725708008,-1.66344279472916e-15,-2.76682203548262e-06,5.24767165188678e-05
92.9999084472656,2.03035322116161e-15,5.27847191733599e-07,-1.0011301128543e-05
93.3332366943359,-3.67337383977423e-16,-3.28399710269878e-06,6.22856896370649e-05
93.6665725708008,-1.66346746456375e-15,-2.76670380117139e-06,5.24744755239226e-05
93.9999084472656,2.0304015020396e-15,5.27981114828435e-07,-1.0013841347245e-05
94.3332366943359,-3.6731631403286e-16,-3.28385317516222e-06,6.2282953877002e-05
94.6665725708008,-1.66352728626565e-15,-2.76658556686016e-06,5.24722345289774e-05
94.9999084472656,2.03045655918117e-15,5.28114981079852e-07,-1.00163806564524e-05
95.3332366943359,-3.6732563139528e-16,-3.28370924762567e-06,6.22802253928967e-05
95.6665725708008,-1.66343675961941e-15,-2.76646733254893e-06,5.24699898960534e-05
95.9999008178711,2.03039366698484e-15,5.28248904174689e-07,-1.00189199656597e-05
96.3332366943359,-3.6730434969248e-16,-3.28356532008911e-06,6.22774969087914e-05
96.6665725708008,-1.6635465562652e-15,-2.76634932561137e-06,5.24677489011083e-05
96.9999008178711,2.0303019756683e-15,5.28382770426106e-07,-1.00214601843618e-05
97.3332366943359,-3.67256677619418e-16,-3.28342139255255e-06,6.22747611487284e-05
97.6665725708008,-1.66352495692504e-15,-2.76623109130014e-06,5.24655079061631e-05
97.9999008178711,2.03031912808548e-15,5.28516693520942e-07,-1.00239994935691e-05
98.3332366943359,-3.67284656176457e-16,-3.28327723764232e-06,6.22720326646231e-05
98.6665649414062,-1.66355788533087e-15,-2.76611285698891e-06,5.24632669112179e-05
98.9999008178711,2.03034835072216e-15,5.28650616615778e-07,-1.00265388027765e-05
99.3332366943359,-3.67272877124534e-16,-3.28313331010577e-06,6.22693041805178e-05
99.6665649414062,-1.66356550862739e-15,-2.76599462267768e-06,5.2461022278294e-05
99.9999008178711,2.03030239918477e-15,5.28784482867195e-07,-1.00290790214785e-05
100.333236694336,-3.67256677619418e-16,-3.28298938256921e-06,6.22665756964125e-05
100.666564941406,-1.66359229604435e-15,-2.76587638836645e-06,5.24587812833488e-05
100.999900817871,2.030342845008e-15,5.28918405962031e-07,-1.00316183306859e-05
101.333229064941,-3.6723592531221e-16,-3.28284545503266e-06,6.22638399363495e-05
101.666564941406,-1.66355068555082e-15,-2.76575815405522e-06,5.24565402884036e-05
101.999900817871,2.03036147973284e-15,5.29052272213448e-07,-1.00341576398932e-05
102.333229064941,-3.67161280533733e-16,-3.28270130012243e-06,6.22611114522442e-05
102.666564941406,-1.66357239077009e-15,-2.76564014711767e-06,5.24542992934585e-05
102.999893188477,2.03041187819321e-15,5.29186195308284e-07,-1.00366978585953e-05
103.333229064941,-3.67187697373776e-16,-3.28255737258587e-06,6.22583829681389e-05
103.666564941406,-1.6635212511559e-15,-2.76552191280643e-06,5.24520582985133e-05
103.999893188477,2.03032908072261e-15,5.2932011840312e-07,-1.00392371678026e-05
104.333229064941,-3.67116149559512e-16,-3.28241344504931e-06,6.2255647208076e-05
104.666564941406,-1.66357239077009e-15,-2.7654036784952e-06,5.24498136655893e-05
104.999893188477,2.03046947643362e-15,5.29453984654538e-07,-1.004177647701e-05
105.333229064941,-3.67103946991116e-16,-3.28226951751276e-06,6.22529187239707e-05
105.666557312012,-1.66361029549448e-15,-2.76528544418397e-06,5.24475726706441e-05
105.999893188477,2.03044237137931e-15,5.29587907749374e-07,-1.0044316695712e-05
106.333229064941,-3.67100691208225e-16,-3.2821255899762e-06,6.22501902398653e-05
106.666557312012,-1.66345888835516e-15,-2.76516720987274e-06,5.2445331675699e-05
106.999893188477,2.03040256083079e-15,5.29721774000791e-07,-1.00468560049194e-05
107.333229064941,-3.67089388612335e-16,-3.28198143506597e-06,6.22474544798024e-05
107.666557312012,-1.66355481483644e-15,-2.76504897556151e-06,5.24430906807538e-05
107.999893188477,2.0304135722591e-15,5.29855697095627e-07,-1.00493953141267e-05
108.333221435547,-3.67070727417716e-16,-3.28183750752942e-06,6.22447259956971e-05
108.666557312012,-1.66361643648335e-15,-2.76493096862396e-06,5.24408496858086e-05
108.999893188477,2.03033395116206e-15,5.29989563347044e-07,-1.00519355328288e-05
109.333221435547,-3.67080494766389e-16,-3.28169357999286e-06,6.22419975115918e-05
109.666557312012,-1.66368769313004e-15,-2.76481273431273e-06,5.24386050528847e-05
109.999893188477,2.03043813621457e-15,5.3012348644188e-07,-1.00544748420361e-05
110.333221435547,-3.67104158749353e-16,-3.28154965245631e-06,6.22392617515288e-05
110.666557312012,-1.66355417956172e-15,-2.7646945000015e-06,5.24363640579395e-05
110.999885559082,2.03035195061219e-15,5.30257409536716e-07,-1.00570141512435e-05
111.333221435547,-3.67109690933289e-16,-3.28140572491975e-06,6.22365332674235e-05
111.666557312012,-1.66359070785758e-15,-2.76457626569027e-06,5.24341230629943e-05
111.999885559082,2.03036338555698e-15,5.30391275788133e-07,-1.00595543699455e-05
112.333221435547,-3.6707771543953e-16,-3.28126157000952e-06,6.22338047833182e-05
112.666557312012,-1.6636063779671e-15,-2.76445803137904e-06,5.24318820680492e-05
112.999885559082,2.03030282270125e-15,5.3052519888297e-07,-1.00620936791529e-05
113.333221435547,-3.6700931752904e-16,-3.28111764247296e-06,6.22310690232553e-05
113.666549682617,-1.66363867109821e-15,-2.76433979706781e-06,5.24296374351252e-05
113.999885559082,2.03032971599732e-15,5.30659065134387e-07,-1.00646329883602e-05
114.333221435547,-3.67019137817272e-16,-3.28097371493641e-06,6.22283405391499e-05
114.666549682617,-1.66356561450651e-15,-2.76422179013025e-06,5.242739644018e-05
114.999885559082,2.03036783247995e-15,5.30792988229223e-07,-1.00671722975676e-05
115.333221435547,-3.66981815428034e-16,-3.28082978739985e-06,6.22256120550446e-05
115.666549682617,-1.66361622472511e-15,-2.76410355581902e-06,5.24251554452349e-05
115.999885559082,2.03032103390961e-15,5.30926911324059e-07,-1.00697125162696e-05
116.333213806152,-3.66925196569465e-16,-3.28068563248962e-06,6.22228835709393e-05
116.666549682617,-1.66370039862424e-15,-2.76398532150779e-06,5.24229144502897e-05
116.999885559082,2.03032908072261e-15,5.31060777575476e-07,-1.0072251825477e-05
117.333213806152,-3.66931284618774e-16,-3.28054170495307e-06,6.22201478108764e-05
117.666549682617,-1.66371352763493e-15,-2.76386708719656e-06,5.24206734553445e-05
117.999885559082,2.03039409050131e-15,5.31194700670312e-07,-1.00747911346843e-05
118.333213806152,-3.6696741586793e-16,-3.28039777741651e-06,6.22174193267711e-05
118.666549682617,-1.66367001131726e-15,-2.76374885288533e-06,5.24184288224205e-05
118.999877929688,2.03035343291985e-15,5.31328566921729e-07,-1.00773313533864e-05
119.333213806152,-3.66934116885191e-16,-3.28025384987995e-06,6.22146908426657e-05
119.666549682617,-1.66366185862514e-15,-2.7636306185741e-06,5.24161878274754e-05
119.999877929688,2.0303324688544e-15,5.31462490016565e-07,-1.00798706625937e-05
120.333213806152,-3.66908520608316e-16,-3.2801099223434e-06,6.22119550826028e-05
120.666549682617,-1.66362204807662e-15,-2.76351238426287e-06,5.24139468325302e-05
120.999877929688,2.03027910577872e-15,5.31596356267983e-07,-1.00824099718011e-05
121.333213806152,-3.66946319453588e-16,-3.27996576743317e-06,6.22092265984975e-05
121.666542053223,-1.66371776279966e-15,-2.76339437732531e-06,5.2411705837585e-05
121.999877929688,2.03028778786643e-15,5.31730279362819e-07,-1.00849501905032e-05
122.333213806152,-3.66882315526511e-16,-3.27982183989661e-06,6.22064981143922e-05
122.666542053223,-1.66365878813071e-15,-2.76327614301408e-06,5.24094648426399e-05
122.999877929688,2.0303083284154e-15,5.31864145614236e-07,-1.00874894997105e-05
123.333213806152,-3.668537811041e-16,-3.27967791236006e-06,6.22037623543292e-05
123.666542053223,-1.66372326851382e-15,-2.76315790870285e-06,5.24072202097159e-05
123.999877929688,2.0303710088535e-15,5.31998068709072e-07,-1.00900288089179e-05
124.333206176758,-3.66835040500142e-16,-3.2795339848235e-06,6.22010338702239e-05
124.666542053223,-1.66376593779854e-15,-2.76303967439162e-06,5.24049792147707e-05
124.999877929688,2.03024882435086e-15,5.32131991803908e-07,-1.00925681181252e-05
125.333206176758,-3.66846263686693e-16,-3.27938982991327e-06,6.21983053861186e-05
125.666542053223,-1.66369828104188e-15,-2.76292144008039e-06,5.24027382198256e-05
125.999870300293,2.0303813850071e-15,5.32265858055325e-07,-1.00951083368273e-05
126.333206176758,-3.66825034923453e-16,-3.27924590237672e-06,6.21955696260557e-05
126.666542053223,-1.6636552941198e-15,-2.76280320576916e-06,5.24004972248804e-05
126.999870300293,2.03034348028272e-15,5.32399781150161e-07,-1.00976476460346e-05
127.333206176758,-3.66784509690882e-16,-3.27910197484016e-06,6.21928411419503e-05
127.666542053223,-1.66372019801939e-15,-2.7626851988316e-06,5.23982525919564e-05
127.999870300293,2.03020689621997e-15,5.32533647401578e-07,-1.0100186955242e-05
128.333206176758,-3.66784827328238e-16,-3.2789580473036e-06,6.2190112657845e-05
128.666534423828,-1.66373999741453e-15,-2.76256696452037e-06,5.23960115970112e-05
128.999877929688,2.03040065500665e-15,5.32667570496415e-07,-1.0102727173944e-05
129.333206176758,-3.66783927355731e-16,-3.27881411976705e-06,6.21873841737397e-05
129.666534423828,-1.66368218741588e-15,-2.76244873020914e-06,5.23937706020661e-05
129.999862670898,2.03025792995504e-15,5.32801436747832e-07,-1.01052664831514e-05
130.333206176758,-3.66756584073403e-16,-3.27866996485682e-06,6.21846484136768e-05
130.666534423828,-1.66373819746952e-15,-2.76233049589791e-06,5.23915296071209e-05
130.999862670898,2.03036910302937e-15,5.32935359842668e-07,-1.01078057923587e-05
131.333206176758,-3.66748272562608e-16,-3.27852603732026e-06,6.21819199295714e-05
131.666534423828,-1.66370886895372e-15,-2.76221226158668e-06,5.23892886121757e-05
131.999862670898,2.03037863215003e-15,5.33069226094085e-07,-1.01103451015661e-05
132.333206176758,-3.66711611917859e-16,-3.27838210978371e-06,6.21791914454661e-05
132.666534423828,-1.66369393999802e-15,-2.76209402727545e-06,5.23870439792518e-05
132.999862670898,2.03032018687667e-15,5.33203149188921e-07,-1.01128853202681e-05
133.333206176758,-3.66695147714947e-16,-3.27823818224715e-06,6.21764556854032e-05
133.666534423828,-1.66375577340317e-15,-2.7619760203379e-06,5.23848029843066e-05
133.999862670898,2.03030981072306e-15,5.33337072283757e-07,-1.01154246294755e-05
134.333206176758,-3.66694485970457e-16,-3.27809402733692e-06,6.21737272012979e-05
134.666534423828,-1.66378711362222e-15,-2.76185778602667e-06,5.23825619893614e-05
134.999862670898,2.0303261161073e-15,5.33470938535174e-07,-1.01179639386828e-05
135.333190917969,-3.66716138250171e-16,-3.27795009980036e-06,6.21709987171926e-05
135.666534423828,-1.66374370318367e-15,-2.76173955171544e-06,5.23803209944163e-05
135.999862670898,2.03021430775826e-15,5.3360486163001e-07,-1.01205032478902e-05
136.333190917969,-3.66712723648603e-16,-3.27780617226381e-06,6.21682629571296e-05
136.666534423828,-1.66380966587444e-15,-2.76162131740421e-06,5.23780763614923e-05
136.999862670898,2.03020266105523e-15,5.33738727881428e-07,-1.01230434665922e-05
137.333190917969,-3.66707535571801e-16,-3.27766224472725e-06,6.21655344730243e-05
137.666534423828,-1.66385286455475e-15,-2.76150308309298e-06,5.23758353665471e-05
137.999862670898,2.0303485624804e-15,5.33872650976264e-07,-1.01255827757996e-05
138.333190917969,-3.66709944321745e-16,-3.2775183171907e-06,6.2162805988919e-05
138.666534423828,-1.66381898323686e-15,-2.76138484878174e-06,5.23735943716019e-05
138.999862670898,2.03030006984417e-15,5.34006517227681e-07,-1.01281220850069e-05
139.333190917969,-3.66659175284468e-16,-3.27737416228047e-06,6.21600702288561e-05
139.666534423828,-1.66382618301691e-15,-2.76126684184419e-06,5.23713533766568e-05
139.999862670898,2.03029202303117e-15,5.34140440322517e-07,-1.01306613942143e-05
140.333190917969,-3.66620873513385e-16,-3.27723023474391e-06,6.21573417447507e-05
140.666519165039,-1.6638416413682e-15,-2.76114860753296e-06,5.23691123817116e-05
140.999862670898,2.03032124566785e-15,5.34274306573934e-07,-1.01332016129163e-05
141.333190917969,-3.66599088884773e-16,-3.27708630720736e-06,6.21546132606454e-05
141.666519165039,-1.66384555889558e-15,-2.76103037322173e-06,5.23668677487876e-05
141.999862670898,2.03025073017499e-15,5.3440822966877e-07,-1.01357409221237e-05
142.333190917969,-3.66599115354552e-16,-3.2769423796708e-06,6.21518775005825e-05
142.666519165039,-1.66388452241115e-15,-2.7609121389105e-06,5.23646267538425e-05
142.999862670898,2.03018000292389e-15,5.34542095920187e-07,-1.0138280231331e-05
143.333190917969,-3.6665110200169e-16,-3.27679822476057e-06,6.21491490164772e-05
143.666519165039,-1.66388367537821e-15,-2.76079390459927e-06,5.23623857588973e-05
143.999862670898,2.03024204808728e-15,5.34676019015023e-07,-1.01408195405384e-05
144.333190917969,-3.66590406797063e-16,-3.27665429722401e-06,6.21464205323718e-05
144.666519165039,-1.66385561741183e-15,-2.76067567028804e-06,5.23601447639521e-05
144.999847412109,2.03020414336289e-15,5.34809885266441e-07,-1.01433597592404e-05
145.333190917969,-3.66530029229792e-16,-3.27651036968746e-06,6.21436920482665e-05
145.666519165039,-1.66381432455565e-15,-2.76055743597681e-06,5.23579001310281e-05
145.999847412109,2.03023823643902e-15,5.34943808361277e-07,-1.01458990684478e-05
146.333190917969,-3.6655072859744e-16,-3.2763664421509e-06,6.21409562882036e-05
146.666519165039,-1.66383465334638e-15,-2.76043942903925e-06,5.2355659136083e-05
146.999847412109,2.03014294523245e-15,5.35077731456113e-07,-1.01484383776551e-05
147.333190917969,-3.66476507335437e-16,-3.27622228724067e-06,6.21382278040983e-05
147.666519165039,-1.66391745081698e-15,-2.76032119472802e-06,5.23534181411378e-05
147.999847412109,2.03020139050581e-15,5.3521159770753e-07,-1.01509776868625e-05
148.333190917969,-3.6654606991623e-16,-3.27607835970412e-06,6.2135499319993e-05
148.666519165039,-1.66391713317962e-15,-2.76020296041679e-06,5.23511771461926e-05
148.999847412109,2.03019884940697e-15,5.35345520802366e-07,-1.01535179055645e-05
149.333190917969,-3.66501997733194e-16,-3.27593443216756e-06,6.213276355993e-05
149.666519165039,-1.66393460323416e-15,-2.76008472610556e-06,5.23489361512475e-05
149.999847412109,2.03022277808773e-15,5.35479387053783e-07,-1.01560572147719e-05
150.33317565918,-3.66545064064606e-16,-3.275790504631e-06,6.21300350758247e-05
150.666519165039,-1.66398521345276e-15,-2.75996649179433e-06,5.23466915183235e-05
150.999847412109,2.03015755655079e-15,5.35613310148619e-07,-1.01585965239792e-05
151.33317565918,-3.66527276372713e-16,-3.27564657709445e-06,6.21273065917194e-05
151.666519165039,-1.66407076378043e-15,-2.7598482574831e-06,5.23444505233783e-05
151.999847412109,2.03011181677164e-15,5.35747176400037e-07,-1.01611358331866e-05
152.33317565918,-3.6653347030114e-16,-3.27550242218422e-06,6.21245708316565e-05
152.666519165039,-1.66403487075929e-15,-2.75973025054554e-06,5.23422095284332e-05
152.999847412109,2.03019652006637e-15,5.35881099494873e-07,-1.01636760518886e-05
153.33317565918,-3.66477327898605e-16,-3.27535849464766e-06,6.21218423475511e-05
153.666519165039,-1.66403307081428e-15,-2.75961201623431e-06,5.2339968533488e-05
153.999847412109,2.0301984258905e-15,5.3601496574629e-07,-1.0166215361096e-05
154.33317565918,-3.66533364422022e-16,-3.27521456711111e-06,6.21191138634458e-05
154.666519165039,-1.66402131823214e-15,-2.75949378192308e-06,5.2337723900564e-05
154.999847412109,2.03010080534333e-15,5.36148888841126e-07,-1.01687546703033e-05
155.33317565918,-3.6647433681351e-16,-3.27507063957455e-06,6.21163781033829e-05
155.66650390625,-1.66408008114285e-15,-2.75937554761185e-06,5.23354829056188e-05
155.999847412109,2.03007814721199e-15,5.36282755092543e-07,-1.01712939795107e-05
156.33317565918,-3.6642846468546e-16,-3.27492648466432e-06,6.21136496192776e-05
156.66650390625,-1.66402968268249e-15,-2.75925731330062e-06,5.23332419106737e-05
156.999847412109,2.03018804973689e-15,5.36416678187379e-07,-1.01738341982127e-05
157.33317565918,-3.66436961484712e-16,-3.27478255712776e-06,6.21109211351722e-05
157.66650390625,-1.66405985823124e-15,-2.75913907898939e-06,5.23310009157285e-05
157.999847412109,2.03022510742834e-15,5.36550544438796e-07,-1.01763735074201e-05
158.33317565918,-3.66416870921995e-16,-3.27463862959121e-06,6.21081853751093e-05
158.66650390625,-1.66398267235392e-15,-2.75902084467816e-06,5.23287599207833e-05
158.999847412109,2.0300948761127e-15,5.36684467533632e-07,-1.01789128166274e-05
159.33317565918,-3.66388415908923e-16,-3.27449470205465e-06,6.2105456891004e-05
159.66650390625,-1.66402661218806e-15,-2.75890283774061e-06,5.23265152878594e-05
159.999847412109,2.03018254402274e-15,5.3681833378505e-07,-1.01814521258348e-05
160.33317565918,-3.66373381074109e-16,-3.2743507745181e-06,6.21027284068987e-05
160.66650390625,-1.66398076652979e-15,-2.75878460342938e-06,5.23242742929142e-05
160.99983215332,2.03019376720929e-15,5.36952256879886e-07,-1.01839914350421e-05
161.33317565918,-3.66362157887558e-16,-3.27420661960787e-06,6.20999926468357e-05
161.66650390625,-1.66406991674748e-15,-2.75866636911815e-06,5.2322033297969e-05
161.99983215332,2.03018084995684e-15,5.37086123131303e-07,-1.01865316537442e-05
162.33317565918,-3.66335952805752e-16,-3.27406269207131e-06,6.20972641627304e-05
162.66650390625,-1.66407108141779e-15,-2.75854813480692e-06,5.23197923030239e-05
162.99983215332,2.03010398171688e-15,5.37220046226139e-07,-1.01890709629515e-05
163.33317565918,-3.66293362930373e-16,-3.27391876453476e-06,6.20945356786251e-05
163.66650390625,-1.66402152999037e-15,-2.75842990049568e-06,5.23175476700999e-05
163.99983215332,2.03018148523155e-15,5.37353912477556e-07,-1.01916102721589e-05
164.33317565918,-3.66299689207698e-16,-3.2737748369982e-06,6.20918071945198e-05
164.66650390625,-1.66403412960546e-15,-2.75831166618445e-06,5.23153066751547e-05
164.99983215332,2.03015522721019e-15,5.37487835572392e-07,-1.01941495813662e-05
165.333160400391,-3.66293071762797e-16,-3.27363068208797e-06,6.20890714344569e-05
165.66650390625,-1.66405287020942e-15,-2.7581936592469e-06,5.23130656802095e-05
165.99983215332,2.03006544171778e-15,5.37621701823809e-07,-1.01966888905736e-05
166.333160400391,-3.66288492490926e-16,-3.27348675455141e-06,6.20863429503515e-05
166.66650390625,-1.66404312933053e-15,-2.75807542493567e-06,5.23108246852644e-05
166.99983215332,2.03004363061939e-15,5.37755624918645e-07,-1.01992291092756e-05
167.333160400391,-3.66252308302211e-16,-3.27334282701486e-06,6.20836144662462e-05
167.66650390625,-1.66413778526238e-15,-2.75795719062444e-06,5.23085800523404e-05
167.99983215332,2.03012176940877e-15,5.37889491170063e-07,-1.0201768418483e-05
168.333160400391,-3.66306994866868e-16,-3.2731988994783e-06,6.20808787061833e-05
168.66650390625,-1.66408135169227e-15,-2.75783895631321e-06,5.23063390573952e-05
168.99983215332,2.03008428820086e-15,5.38023414264899e-07,-1.02043077276903e-05
169.333160400391,-3.66285871982746e-16,-3.27305474456807e-06,6.2078150222078e-05
169.66650390625,-1.66420025394224e-15,-2.75772072200198e-06,5.23040980624501e-05
169.99983215332,2.03006861809133e-15,5.38157280516316e-07,-1.02068470368977e-05
170.333160400391,-3.66254558233477e-16,-3.27291081703152e-06,6.20754217379726e-05
170.666488647461,-1.66409733943915e-15,-2.75760248769075e-06,5.23018570675049e-05
170.99983215332,2.03015268611135e-15,5.38291203611152e-07,-1.0209386346105e-05
171.333160400391,-3.66190898413535e-16,-3.27276688949496e-06,6.20726859779097e-05
171.666488647461,-1.6641873366898e-15,-2.75748448075319e-06,5.22996160725597e-05
171.99983215332,2.03015755655079e-15,5.38425069862569e-07,-1.02119265648071e-05
172.333160400391,-3.66244129140314e-16,-3.2726229619584e-06,6.20699574938044e-05
172.666488647461,-1.66415123191042e-15,-2.75736624644196e-06,5.22973714396358e-05
172.99983215332,2.03007094743194e-15,5.38558992957405e-07,-1.02144658740144e-05
173.333160400391,-3.66211333083387e-16,-3.27247880704817e-06,6.20672290096991e-05
173.666488647461,-1.66413302070205e-15,-2.75724801213073e-06,5.22951304446906e-05
173.99983215332,2.02998497358779e-15,5.38692859208822e-07,-1.02170051832218e-05
174.333160400391,-3.66198468770501e-16,-3.27233487951162e-06,6.20644932496361e-05
174.666488647461,-1.66414519680067e-15,-2.7571297778195e-06,5.22928894497454e-05
174.99983215332,2.02996358600587e-15,5.38826782303659e-07,-1.02195444924291e-05
175.333160400391,-3.66207442025786e-16,-3.27219095197506e-06,6.20617647655308e-05
175.666488647461,-1.66419421883249e-15,-2.75701154350827e-06,5.22906484548002e-05
175.999816894531,2.03003727787228e-15,5.38960648555076e-07,-1.02220838016365e-05
176.333160400391,-3.66186239732325e-16,-3.27204702443851e-06,6.20590362814255e-05
176.666488647461,-1.6641522907016e-15,-2.75689330919704e-06,5.22884038218763e-05
176.999816894531,2.03020117874758e-15,5.39094514806493e-07,-1.02246240203385e-05
177.333160400391,-3.66125835695274e-16,-3.27190309690195e-06,6.20563005213626e-05
177.666488647461,-1.66405403487972e-15,-2.75677507488581e-06,5.22861628269311e-05
177.999816894531,2.03005612435536e-15,5.39228437901329e-07,-1.02271633295459e-05
178.333160400391,-3.6610018647884e-16,-3.27175894199172e-06,6.20535720372573e-05
178.666488647461,-1.66417092542644e-15,-2.75665706794825e-06,5.22839218319859e-05
178.999816894531,2.03003748963052e-15,5.39362304152746e-07,-1.02297026387532e-05
179.333160400391,-3.66081842921576e-16,-3.27161501445516e-06,6.20508435531519e-05
179.666488647461,-1.66409405718648e-15,-2.75653883363702e-06,5.22816808370408e-05
179.999816894531,2.03017005028676e-15,5.39496227247582e-07,-1.02322419479606e-05
180.333160400391,-3.66069269776265e-16,-3.27147108691861e-06,6.2048107793089e-05
180.666488647461,-1.66418648965685e-15,-2.75642059932579e-06,5.22794398420956e-05
180.999816894531,2.03021176665942e-15,5.39630093498999e-07,-1.02347812571679e-05
181.333145141602,-3.6602903571127e-16,-3.27132715938205e-06,6.20453793089837e-05
181.666488647461,-1.66406928147277e-15,-2.75630236501456e-06,5.22771952091716e-05
181.999816894531,2.03009402907975e-15,5.39764016593836e-07,-1.02373205663753e-05
182.333145141602,-3.6599647788236e-16,-3.27118300447182e-06,6.20426508248784e-05
182.666488647461,-1.66410305691155e-15,-2.75618413070333e-06,5.22749542142265e-05
182.999816894531,2.03019736709931e-15,5.39897882845253e-07,-1.02398607850773e-05
183.333145141602,-3.65956349696484e-16,-3.27103907693527e-06,6.20399150648154e-05
183.666488647461,-1.66410835086747e-15,-2.7560658963921e-06,5.22727132192813e-05
183.999816894531,2.03015438017724e-15,5.40031805940089e-07,-1.02424000942847e-05
184.333145141602,-3.65933903323382e-16,-3.27089514939871e-06,6.20371865807101e-05
184.666488647461,-1.66418468971184e-15,-2.75594766208087e-06,5.22704722243361e-05
184.999816894531,2.03008195886025e-15,5.40165672191506e-07,-1.0244939403492e-05
185.333145141602,-3.65939859023792e-16,-3.27075122186216e-06,6.20344580966048e-05
185.666473388672,-1.66411576240575e-15,-2.75582965514332e-06,5.22682275914121e-05
185.999816894531,2.03010313468393e-15,5.40299595286342e-07,-1.02474787126994e-05
186.333145141602,-3.65910689326671e-16,-3.27060706695192e-06,6.20317296124995e-05
186.666473388672,-1.66411279779044e-15,-2.75571142083209e-06,5.2265986596467e-05
186.999816894531,2.03011033446398e-15,5.40433461537759e-07,-1.02500180219067e-05
187.333145141602,-3.65893351621032e-16,-3.27046313941537e-06,6.20289938524365e-05
187.666473388672,-1.66413333833941e-15,-2.75559318652085e-06,5.22637456015218e-05
187.999816894531,2.03006501820131e-15,5.40567384632595e-07,-1.02525573311141e-05
188.333145141602,-3.65878687363133e-16,-3.27031921187881e-06,6.20262653683312e-05
188.666473388672,-1.66409331603265e-15,-2.75547495220962e-06,5.22615046065766e-05
188.999816894531,2.03004468941057e-15,5.40701250884013e-07,-1.02550975498161e-05
189.333145141602,-3.65855552775761e-16,-3.27017528434226e-06,6.20235368842259e-05
189.666473388672,-1.66407605773635e-15,-2.75535671789839e-06,5.22592599736527e-05
189.999816894531,2.03014908622132e-15,5.4083511713543e-07,-1.02576368590235e-05
190.333145141602,-3.65803566128623e-16,-3.27003112943203e-06,6.2020801124163e-05
190.666473388672,-1.66408643388996e-15,-2.75523848358716e-06,5.22570189787075e-05
190.999801635742,2.03010969918927e-15,5.40969040230266e-07,-1.02601761682308e-05
191.333145141602,-3.65779108052271e-16,-3.26988720189547e-06,6.20180726400577e-05
191.666473388672,-1.66421465350235e-15,-2.75512047664961e-06,5.22547779837623e-05
191.999801635742,2.03012812215588e-15,5.41102906481683e-07,-1.02627154774382e-05
192.333145141602,-3.65807721884021e-16,-3.26974327435892e-06,6.20153441559523e-05
192.666473388672,-1.6640820928461e-15,-2.75500224233838e-06,5.22525369888172e-05
192.999801635742,2.03010546402454e-15,5.41236829576519e-07,-1.02652547866455e-05
193.333145141602,-3.65733368273119e-16,-3.26959934682236e-06,6.20126083958894e-05
193.666473388672,-1.66415663174546e-15,-2.75488400802715e-06,5.2250295993872e-05
193.999801635742,2.03022150753831e-15,5.41370695827936e-07,-1.02677940958529e-05
194.333145141602,-3.65746153176667e-16,-3.2694554192858e-06,6.20098799117841e-05
194.666473388672,-1.66408008114285e-15,-2.75476577371592e-06,5.2248051360948e-05
194.999801635742,2.03021494303297e-15,5.41504618922772e-07,-1.02703343145549e-05
195.333145141602,-3.6568948137854e-16,-3.26931126437557e-06,6.20071514276788e-05
195.666473388672,-1.66412846789996e-15,-2.75464753940469e-06,5.22458103660028e-05
195.999801635742,2.03025221248265e-15,5.4163848517419e-07,-1.02728736237623e-05
196.333129882812,-3.65704383864456e-16,-3.26916733683902e-06,6.20044156676158e-05
196.666473388672,-1.66414329097654e-15,-2.75452930509346e-06,5.22435693710577e-05
196.999801635742,2.03008852336559e-15,5.41772408269026e-07,-1.02754129329696e-05
197.333129882812,-3.65698031117351e-16,-3.26902340930246e-06,6.20016871835105e-05
197.666473388672,-1.66417251361322e-15,-2.75441107078223e-06,5.22413283761125e-05
197.999801635742,2.03015162732016e-15,5.41906274520443e-07,-1.0277952242177e-05
198.333129882812,-3.65689322559862e-16,-3.26887948176591e-06,6.19989586994052e-05
198.666473388672,-1.66415589059163e-15,-2.75429306384467e-06,5.22390837431885e-05
198.999801635742,2.03015882710021e-15,5.4204014077186e-07,-1.02804915513843e-05
199.333129882812,-3.6567754350794e-16,-3.26873532685568e-06,6.19962229393423e-05
199.666473388672,-1.6641246562517e-15,-2.75417482953344e-06,5.22368427482434e-05
199.999801635742,2.03021007259352e-15,5.42174063866696e-07,-1.02830308605917e-05
200.333129882812,-3.65645382725723e-16,-3.26859139931912e-06,6.19934944552369e-05
200.666473388672,-1.66410888026306e-15,-2.75405659522221e-06,5.22346017532982e-05
200.999801635742,2.03011202852988e-15,5.42307930118113e-07,-1.0285570169799e-05
201.333129882812,-3.65639532904431e-16,-3.26844747178257e-06,6.19907659711316e-05
201.666458129883,-1.66420755960141e-15,-2.75393836091098e-06,5.2232360758353e-05
201.999801635742,2.03024776555968e-15,5.42441853212949e-07,-1.02881103885011e-05
202.333129882812,-3.65622856943282e-16,-3.26830354424601e-06,6.19880302110687e-05
202.666458129883,-1.6642270413592e-15,-2.75382012659975e-06,5.2230116125429e-05
202.999801635742,2.03011901655169e-15,5.42575719464367e-07,-1.02906496977084e-05
203.333129882812,-3.65625530391022e-16,-3.26815938933578e-06,6.19853017269634e-05
203.666458129883,-1.6642201592165e-15,-2.75370189228852e-06,5.22278751304839e-05
203.999801635742,2.03002478413631e-15,5.42709642559203e-07,-1.02931890069158e-05
204.333129882812,-3.65568382136862e-16,-3.26801546179922e-06,6.19825732428581e-05
204.666458129883,-1.66425594635852e-15,-2.75358365797729e-06,5.22256341355387e-05
204.999801635742,2.03014718039719e-15,5.4284350881062e-07,-1.02957283161231e-05
205.333129882812,-3.65567323345678e-16,-3.26787153426267e-06,6.19798374827951e-05
205.666458129883,-1.66415070251483e-15,-2.75346565103973e-06,5.22233931405935e-05
205.999786376953,2.03007560611315e-15,5.42977375062037e-07,-1.02982676253305e-05
206.333129882812,-3.65575793675151e-16,-3.26772760672611e-06,6.19771089986898e-05
206.666458129883,-1.66429152174231e-15,-2.7533474167285e-06,5.22211485076696e-05
206.999786376953,2.02997459743419e-15,5.43111298156873e-07,-1.03008069345378e-05
207.333129882812,-3.65580240598124e-16,-3.26758345181588e-06,6.19743805145845e-05
207.666458129883,-1.66418278388771e-15,-2.75322918241727e-06,5.22189075127244e-05
207.999786376953,2.03011922830993e-15,5.4324516440829e-07,-1.03033462437452e-05
208.333129882812,-3.6554064180784e-16,-3.26743952427933e-06,6.19716447545215e-05
208.666458129883,-1.66420300679932e-15,-2.75311094810604e-06,5.22166665177792e-05
208.999786376953,2.03008640578322e-15,5.43379087503126e-07,-1.03058855529525e-05
209.333129882812,-3.65521927673661e-16,-3.26729559674277e-06,6.19689162704162e-05
209.666458129883,-1.66421846515061e-15,-2.75299271379481e-06,5.22144255228341e-05
209.999786376953,2.03018339105568e-15,5.43512953754544e-07,-1.03084257716546e-05
210.333129882812,-3.65491196259544e-16,-3.26715166920621e-06,6.19661877863109e-05
210.666458129883,-1.66435737855396e-15,-2.75287447948358e-06,5.22121845278889e-05
210.999786376953,2.03013447490298e-15,5.4364687684938e-07,-1.03109650808619e-05
211.333114624023,-3.65504219391108e-16,-3.26700751429598e-06,6.1963452026248e-05
211.666458129883,-1.66424758190817e-15,-2.75275647254603e-06,5.22099398949649e-05
211.999786376953,2.03012685160645e-15,5.43780743100797e-07,-1.03135043900693e-05
212.333114624023,-3.65453212125815e-16,-3.26686358675943e-06,6.19607235421427e-05
212.666458129883,-1.66430253317062e-15,-2.75263823823479e-06,5.22076989000197e-05
212.999786376953,2.03003981897112e-15,5.43914609352214e-07,-1.03160436992766e-05
213.333114624023,-3.65483758251475e-16,-3.26671965922287e-06,6.19579950580373e-05
213.666458129883,-1.66429903915972e-15,-2.75252000392356e-06,5.22054579050746e-05
213.999786376953,2.03009784072801e-15,5.4404853244705e-07,-1.0318583008484e-05
214.333114624023,-3.65470205724319e-16,-3.26657573168632e-06,6.19552592979744e-05
214.666458129883,-1.6643495434992e-15,-2.75240176961233e-06,5.22032169101294e-05
214.999786376953,2.03009297028856e-15,5.44182398698467e-07,-1.03211223176913e-05
215.333114624023,-3.65438415519018e-16,-3.26643157677609e-06,6.19525308138691e-05
215.666458129883,-1.6642414409193e-15,-2.7522835353011e-06,5.22009722772054e-05
215.999786376953,2.02998920875253e-15,5.44316321793303e-07,-1.03236616268987e-05
216.333114624023,-3.65432830395522e-16,-3.26628764923953e-06,6.19498023297638e-05
216.666442871094,-1.66430581542329e-15,-2.75216530098987e-06,5.21987312822603e-05
216.999786376953,2.02994833941282e-15,5.44450188044721e-07,-1.0326200936106e-05
217.333114624023,-3.65430871631831e-16,-3.26614372170297e-06,6.19470665697008e-05
217.666442871094,-1.66430115674208e-15,-2.75204706667864e-06,5.21964902873151e-05
217.999786376953,2.02993944556687e-15,5.44584054296138e-07,-1.03287402453134e-05
218.333114624023,-3.6542298363751e-16,-3.26599979416642e-06,6.19443380855955e-05
218.666442871094,-1.66435166108156e-15,-2.75192905974109e-06,5.21942492923699e-05
218.999786376953,2.0300040318291e-15,5.44717977390974e-07,-1.03312804640154e-05
219.333114624023,-3.6539905495675e-16,-3.26585563925619e-06,6.19416096014902e-05
219.666442871094,-1.66436764882844e-15,-2.75181082542986e-06,5.2192004659446e-05
219.999786376953,2.02992631655619e-15,5.44851843642391e-07,-1.03338197732228e-05
220.333114624023,-3.65409934036166e-16,-3.26571171171963e-06,6.19388811173849e-05
220.666442871094,-1.66444599937607e-15,-2.75169259111863e-06,5.21897636645008e-05
220.999786376953,2.0300787824867e-15,5.44985766737227e-07,-1.03363590824301e-05
221.333114624023,-3.65438177291001e-16,-3.26556778418308e-06,6.19361453573219e-05
221.666442871094,-1.66439877728926e-15,-2.7515743568074e-06,5.21875226695556e-05
221.999771118164,2.02988142380999e-15,5.45119632988644e-07,-1.03388983916375e-05
222.333114624023,-3.65424360066049e-16,-3.26542385664652e-06,6.19334168732166e-05
222.666442871094,-1.66446061069441e-15,-2.75145612249617e-06,5.21852816746105e-05
222.999771118164,2.02991403457846e-15,5.45253499240062e-07,-1.03414377008448e-05
223.333114624023,-3.65418113198063e-16,-3.26527970173629e-06,6.19306883891113e-05
223.666442871094,-1.66447628080393e-15,-2.75133788818493e-06,5.21830370416865e-05
223.999771118164,2.02994516303927e-15,5.45387422334898e-07,-1.03439770100522e-05
224.333114624023,-3.65446859378711e-16,-3.26513577419973e-06,6.19279526290484e-05
224.666442871094,-1.66448136300161e-15,-2.7512196538737e-06,5.21807960467413e-05
224.999771118164,2.02989455282067e-15,5.45521288586315e-07,-1.03465163192595e-05
225.333114624023,-3.654342862334e-16,-3.26499184666318e-06,6.19252241449431e-05
225.666442871094,-1.66451492668215e-15,-2.75110164693615e-06,5.21785550517961e-05
225.999771118164,2.02976898018624e-15,5.45655211681151e-07,-1.03490556284669e-05
226.333114624023,-3.65450009282483e-16,-3.26484791912662e-06,6.19224956608377e-05
226.666442871094,-1.66451640898981e-15,-2.75098341262492e-06,5.2176314056851e-05
226.999771118164,2.02984542490973e-15,5.45789077932568e-07,-1.03515949376742e-05
227.333099365234,-3.65407657635121e-16,-3.26470376421639e-06,6.19197599007748e-05
227.666442871094,-1.66455759596687e-15,-2.75086517831369e-06,5.21740730619058e-05
227.999771118164,2.02987761216173e-15,5.45922944183985e-07,-1.03541342468816e-05
228.333099365234,-3.65384152470834e-16,-3.26455983667984e-06,6.19170314166695e-05
228.666442871094,-1.66457231316432e-15,-2.75074694400246e-06,5.21718284289818e-05
228.999771118164,2.02994537479751e-15,5.46056867278821e-07,-1.03566744655836e-05
229.333099365234,-3.65412025148755e-16,-3.26441590914328e-06,6.19143029325642e-05
229.666442871094,-1.66449862129791e-15,-2.75062870969123e-06,5.21695874340367e-05
229.999771118164,2.02985114238212e-15,5.46190733530239e-07,-1.0359213774791e-05
230.333099365234,-3.65328460054552e-16,-3.26427198160673e-06,6.19115671725012e-05
230.666442871094,-1.6645341966817e-15,-2.75051047538e-06,5.21673464390915e-05
230.999771118164,2.0299165756773e-15,5.46324656625075e-07,-1.03617530839983e-05
231.333099365234,-3.65297252184402e-16,-3.26412782669649e-06,6.19088386883959e-05
231.666427612305,-1.66461117080078e-15,-2.75039224106877e-06,5.21651054441463e-05
231.999771118164,2.02977533293334e-15,5.46458522876492e-07,-1.03642923932057e-05
232.333099365234,-3.65302757898559e-16,-3.26398389915994e-06,6.19061102042906e-05
232.666427612305,-1.6645221264622e-15,-2.75027423413121e-06,5.21628608112223e-05
232.999771118164,2.02988523545825e-15,5.46592389127909e-07,-1.0366831702413e-05
233.333099365234,-3.65344950727244e-16,-3.26383997162338e-06,6.19033744442277e-05
233.666427612305,-1.66460280635043e-15,-2.75015599981998e-06,5.21606198162772e-05
233.999771118164,2.02977152128508e-15,5.46726312222745e-07,-1.03693710116204e-05
234.333099365234,-3.65293281717462e-16,-3.26369604408683e-06,6.19006459601223e-05
234.666427612305,-1.66463753470126e-15,-2.75003776550875e-06,5.2158378821332e-05
234.999771118164,2.02989264699654e-15,5.46860178474162e-07,-1.03719103208277e-05
235.333099365234,-3.65289628887877e-16,-3.2635518891766e-06,6.1897917476017e-05
235.666427612305,-1.66460026525158e-15,-2.74991953119752e-06,5.21561378263868e-05
235.999771118164,2.02985071886565e-15,5.46994101568998e-07,-1.03744496300351e-05
236.333099365234,-3.65291799409804e-16,-3.26340796164004e-06,6.18951817159541e-05
236.666427612305,-1.66467840404097e-15,-2.74980129688629e-06,5.21538931934629e-05
236.999755859375,2.02993415161095e-15,5.47127967820416e-07,-1.03769889392424e-05
237.333099365234,-3.65312075260979e-16,-3.26326403410349e-06,6.18924532318488e-05
237.666427612305,-1.66464939316252e-15,-2.74968306257506e-06,5.21516521985177e-05
237.999755859375,2.0299061995237e-15,5.47261834071833e-07,-1.03795282484498e-05
238.333099365234,-3.65288570096693e-16,-3.26312010656693e-06,6.18897247477435e-05
238.666427612305,-1.66466347508527e-15,-2.74956482826383e-06,5.21494112035725e-05
238.999755859375,2.02980624963592e-15,5.47395757166669e-07,-1.03820675576571e-05
239.333099365234,-3.65294975783356e-16,-3.2629759516567e-06,6.18869889876805e-05
239.666427612305,-1.66469650937022e-15,-2.74944682132627e-06,5.21471702086274e-05
239.999755859375,2.02983568403084e-15,5.47529623418086e-07,-1.03846068668645e-05
240.333099365234,-3.65258606306183e-16,-3.26283202412014e-06,6.18842605035752e-05
240.666427612305,-1.66468782728251e-15,-2.74932858701504e-06,5.21449255757034e-05
240.999755859375,2.02975246304377e-15,5.47663489669503e-07,-1.03871461760718e-05
241.333099365234,-3.65207916678246e-16,-3.26268809658359e-06,6.18815320194699e-05
241.666427612305,-1.66470974426002e-15,-2.74921035270381e-06,5.21426845807582e-05
241.999755859375,2.0297624156809e-15,5.47797412764339e-07,-1.03896854852792e-05
242.333084106445,-3.65257944561693e-16,-3.26254416904703e-06,6.1878796259407e-05
242.666427612305,-1.66470603849087e-15,-2.74909211839258e-06,5.2140443585813e-05
242.999755859375,2.02978507381224e-15,5.47931279015756e-07,-1.03922247944865e-05
243.333084106445,-3.65204660895355e-16,-3.2624000141368e-06,6.18760677753016e-05
243.666427612305,-1.66470593261175e-15,-2.74897388408135e-06,5.21382025908679e-05
243.999755859375,2.02979650875703e-15,5.48065145267174e-07,-1.03947650131886e-05
244.333084106445,-3.65176867626773e-16,-3.26225608660025e-06,6.18733392911963e-05
244.666427612305,-1.66466485151381e-15,-2.74885564977012e-06,5.21359579579439e-05
244.999755859375,2.02986554194223e-15,5.4819906836201e-07,-1.03973043223959e-05
245.333084106445,-3.65219563381271e-16,-3.26211215906369e-06,6.18706035311334e-05
245.666427612305,-1.66473356706166e-15,-2.74873741545889e-06,5.21337169629987e-05
245.999755859375,2.0296709361226e-15,5.48332934613427e-07,-1.03998436316033e-05
246.333084106445,-3.65171017805481e-16,-3.26196823152713e-06,6.18678750470281e-05
246.666427612305,-1.66484029321301e-15,-2.74861940852134e-06,5.21314759680536e-05
246.999755859375,2.02971900524235e-15,5.48466857708263e-07,-1.04023829408106e-05
247.333084106445,-3.65240130400021e-16,-3.2618240766169e-06,6.18651465629227e-05
247.666412353516,-1.66473854338022e-15,-2.74850117421011e-06,5.21292349731084e-05
247.999755859375,2.02969444128688e-15,5.4860072395968e-07,-1.0404922250018e-05
248.333084106445,-3.65183140964539e-16,-3.26168014908035e-06,6.18624108028598e-05
248.666412353516,-1.66490731469496e-15,-2.74838293989887e-06,5.21269903401844e-05
248.999755859375,2.02972260513238e-15,5.48734590211097e-07,-1.04074615592253e-05
249.333084106445,-3.65211331279815e-16,-3.26153622154379e-06,6.18596823187545e-05
249.666412353516,-1.6647907417856e-15,-2.74826470558764e-06,5.21247493452393e-05
249.999755859375,2.02963049029936e-15,5.48868513305933e-07,-1.04100008684327e-05
250.333084106445,-3.65191637763791e-16,-3.26139229400724e-06,6.18569538346492e-05
250.666412353516,-1.66485151639956e-15,-2.74814647127641e-06,5.21225083502941e-05
250.999755859375,2.02968808853978e-15,5.49002379557351e-07,-1.041254017764e-05
251.333084106445,-3.65164638588597e-16,-3.26124813909701e-06,6.18542180745862e-05
251.666412353516,-1.66491303216736e-15,-2.74802823696518e-06,5.21202673553489e-05
251.999740600586,2.02961397315689e-15,5.49136245808768e-07,-1.04150794868474e-05
252.333084106445,-3.65158550539289e-16,-3.26110421156045e-06,6.18514895904809e-05
252.666412353516,-1.6648448460151e-15,-2.74791000265395e-06,5.21180263604037e-05
252.999740600586,2.02963091381584e-15,5.49270168903604e-07,-1.04176187960547e-05
253.333084106445,-3.65134277751394e-16,-3.26096028402389e-06,6.18487611063756e-05
253.666412353516,-1.66487724502534e-15,-2.7477919957164e-06,5.21157817274798e-05
253.999740600586,2.02965166612305e-15,5.49404035155021e-07,-1.04201581052621e-05
254.333084106445,-3.65171944247768e-16,-3.26081635648734e-06,6.18460253463127e-05
254.666412353516,-1.66484389310304e-15,-2.74767376140517e-06,5.21135407325346e-05
254.999740600586,2.02963938414531e-15,5.49537901406438e-07,-1.04226974144694e-05
255.333084106445,-3.65144998012133e-16,-3.26067220157711e-06,6.18432968622074e-05
255.666412353516,-1.6648666571135e-15,-2.74755552709394e-06,5.21112997375894e-05
255.999740600586,2.02972493447298e-15,5.49671824501274e-07,-1.04252367236768e-05
256.333068847656,-3.65109766735483e-16,-3.26052827404055e-06,6.1840568378102e-05
256.666412353516,-1.66489037403602e-15,-2.74743729278271e-06,5.21090587426443e-05
256.999755859375,2.02961757304692e-15,5.49805690752692e-07,-1.04277760328841e-05
257.333068847656,-3.65124192765366e-16,-3.260384346504e-06,6.18378326180391e-05
257.666412353516,-1.66489227986015e-15,-2.74731905847148e-06,5.21068141097203e-05
257.999755859375,2.02957839777311e-15,5.49939557004109e-07,-1.04303153420915e-05
258.333068847656,-3.65098861186287e-16,-3.26024041896744e-06,6.18351041339338e-05
258.666412353516,-1.66489302101398e-15,-2.74720082416025e-06,5.21045731147751e-05
258.999755859375,2.02961545546455e-15,5.50073480098945e-07,-1.04328546512988e-05
259.333068847656,-3.65107490334437e-16,-3.26009626405721e-06,6.18323756498285e-05
259.666412353516,-1.66492721996922e-15,-2.74708258984901e-06,5.210233211983e-05
259.999725341797,2.02956209238887e-15,5.50207346350362e-07,-1.04353939605062e-05
260.333068847656,-3.65107596213556e-16,-3.25995233652066e-06,6.18296398897655e-05
260.666412353516,-1.66496353650684e-15,-2.74696458291146e-06,5.21000911248848e-05
260.999725341797,2.02966034821075e-15,5.50341212601779e-07,-1.04379332697135e-05
261.333068847656,-3.65043036421107e-16,-3.2598084089841e-06,6.18269114056602e-05
261.666412353516,-1.66495760727621e-15,-2.74684634860023e-06,5.20978464919608e-05
261.999725341797,2.02963006678289e-15,5.50475135696615e-07,-1.04404725789209e-05
262.333068847656,-3.65061856434404e-16,-3.25966448144754e-06,6.18241829215549e-05
262.666412353516,-1.66491906727711e-15,-2.746728114289e-06,5.20956054970156e-05
262.999725341797,2.02959300909145e-15,5.50609001948033e-07,-1.04430118881282e-05
263.333068847656,-3.65027048674228e-16,-3.25952032653731e-06,6.1821447161492e-05
263.666412353516,-1.66492266716713e-15,-2.74660987997777e-06,5.20933645020705e-05
263.999725341797,2.02958644458611e-15,5.5074286819945e-07,-1.04455511973356e-05
264.333068847656,-3.65021860597426e-16,-3.25937639900076e-06,6.18187186773866e-05
264.666412353516,-1.66498397117669e-15,-2.74649164566654e-06,5.20911235071253e-05
264.999725341797,2.02955002216937e-15,5.50876791294286e-07,-1.04480905065429e-05
265.333068847656,-3.64999890680356e-16,-3.2592324714642e-06,6.18159901932813e-05
265.666412353516,-1.66504972210922e-15,-2.74637341135531e-06,5.20888788742013e-05
265.999725341797,2.02963281963997e-15,5.51010657545703e-07,-1.04506298157503e-05
266.333068847656,-3.65031389718082e-16,-3.25908854392765e-06,6.18132544332184e-05
266.666412353516,-1.66499773546208e-15,-2.74625517704408e-06,5.20866378792562e-05
266.999725341797,2.02951444678559e-15,5.5114452379712e-07,-1.04531691249576e-05
267.333068847656,-3.65012834402582e-16,-3.25894438901742e-06,6.18105259491131e-05
267.666412353516,-1.66511663771205e-15,-2.74613694273285e-06,5.2084396884311e-05
267.999725341797,2.02952863458746e-15,5.51278446891956e-07,-1.0455708434165e-05
268.333068847656,-3.65030436806017e-16,-3.25880046148086e-06,6.18077974650078e-05
268.666412353516,-1.66511706122853e-15,-2.74601893579529e-06,5.20821558893658e-05
268.999725341797,2.0295599748065e-15,5.51412313143373e-07,-1.04582477433723e-05
269.333068847656,-3.65020987094699e-16,-3.2586565339443e-06,6.18050617049448e-05
269.666381835938,-1.66515433067821e-15,-2.74590070148406e-06,5.20799112564418e-05
269.999725341797,2.0296307020576e-15,5.51546179394791e-07,-1.04607870525797e-05
270.333068847656,-3.64979244252267e-16,-3.25851260640775e-06,6.18023332208395e-05
270.666381835938,-1.66509959117399e-15,-2.74578246717283e-06,5.20776702614967e-05
270.999725341797,2.02949644733546e-15,5.51680102489627e-07,-1.0463326361787e-05
271.333068847656,-3.6500431113355e-16,-3.25836845149752e-06,6.17996047367342e-05
271.666381835938,-1.66513093139304e-15,-2.7456642328616e-06,5.20754292665515e-05
271.999725341797,2.02948035370946e-15,5.51813968741044e-07,-1.04658656709944e-05
272.333068847656,-3.64941445406996e-16,-3.25822452396096e-06,6.17968689766712e-05
272.666381835938,-1.66508572100948e-15,-2.74554599855037e-06,5.20731882716063e-05
272.999725341797,2.02950915282967e-15,5.51947834992461e-07,-1.04684049802017e-05
273.333068847656,-3.64951689211702e-16,-3.25808059642441e-06,6.17941404925659e-05
273.666381835938,-1.66515740117264e-15,-2.74542776423914e-06,5.20709436386824e-05
273.999725341797,2.02945324865515e-15,5.52081758087297e-07,-1.04709442894091e-05
274.333068847656,-3.64955262631948e-16,-3.25793666888785e-06,6.17914120084606e-05
274.666381835938,-1.66514522507402e-15,-2.74530952992791e-06,5.20687026437372e-05
274.999725341797,2.02951571733501e-15,5.52215624338714e-07,-1.04734835986164e-05
275.333068847656,-3.64950948057873e-16,-3.25779251397762e-06,6.17886762483977e-05
275.666381835938,-1.66510202639371e-15,-2.74519152299035e-06,5.2066461648792e-05
275.999725341797,2.02947103634704e-15,5.52349490590132e-07,-1.04760229078238e-05
276.333068847656,-3.64958571354398e-16,-3.25764858644106e-06,6.17859477642924e-05
276.666381835938,-1.66518736496315e-15,-2.74507328867912e-06,5.20642206538469e-05
276.999725341797,2.02939628568945e-15,5.52483413684968e-07,-1.04785622170311e-05
277.333068847656,-3.64949995145807e-16,-3.25750465890451e-06,6.1783219280187e-05
277.666381835938,-1.66527323292818e-15,-2.74495505436789e-06,5.20619760209229e-05
277.999725341797,2.02940242667832e-15,5.52617279936385e-07,-1.04811015262385e-05
278.333068847656,-3.64968259293732e-16,-3.25736073136795e-06,6.17804835201241e-05
278.666381835938,-1.66522812842374e-15,-2.74483682005666e-06,5.20597350259777e-05
278.999725341797,2.02929485349401e-15,5.52751146187802e-07,-1.04836408354458e-05
279.333068847656,-3.64948539307929e-16,-3.25721657645772e-06,6.17777550360188e-05
279.666381835938,-1.66523564584114e-15,-2.74471858574543e-06,5.20574940310325e-05
279.999725341797,2.0293408050314e-15,5.52885012439219e-07,-1.04861801446532e-05
280.333038330078,-3.64938586670799e-16,-3.25707264892117e-06,6.17750265519135e-05
280.666381835938,-1.66523617523673e-15,-2.7446003514342e-06,5.20552530360874e-05
280.999725341797,2.02941322634839e-15,5.53018935534055e-07,-1.04887194538605e-05
281.333038330078,-3.64946871711814e-16,-3.25692872138461e-06,6.17722907918505e-05
281.666381835938,-1.66526497435694e-15,-2.74448211712297e-06,5.20530084031634e-05
281.999725341797,2.02944626063334e-15,5.53152801785473e-07,-1.04912587630679e-05
282.333038330078,-3.64932683909948e-16,-3.25678456647438e-06,6.17695623077452e-05
282.666381835938,-1.665239986885e-15,-2.74436411018542e-06,5.20507674082182e-05
282.999725341797,2.02939861503005e-15,5.5328666803689e-07,-1.04937980722752e-05
283.333038330078,-3.64902746589218e-16,-3.25664063893782e-06,6.17668338236399e-05
283.666381835938,-1.66531907858645e-15,-2.74424587587419e-06,5.20485264132731e-05
283.999725341797,2.02924953723134e-15,5.53420591131726e-07,-1.04963373814826e-05
284.333038330078,-3.64889061713164e-16,-3.25649671140127e-06,6.1764098063577e-05
284.666381835938,-1.66529631457599e-15,-2.74412764156295e-06,5.20462854183279e-05
284.999725341797,2.02932958184485e-15,5.53554457383143e-07,-1.04988766906899e-05
285.333038330078,-3.64861559612158e-16,-3.25635278386471e-06,6.17613695794716e-05
285.666381835938,-1.66536291254147e-15,-2.74400940725172e-06,5.20440407854039e-05
285.999725341797,2.02929866514228e-15,5.5368832363456e-07,-1.05014159998973e-05
286.333038330078,-3.64859574378688e-16,-3.25620862895448e-06,6.17586410953663e-05
286.666381835938,-1.66522357562164e-15,-2.74389117294049e-06,5.20417997904588e-05
286.999725341797,2.02945218986397e-15,5.53822246729396e-07,-1.05039553091046e-05
287.333038330078,-3.64830934077159e-16,-3.25606470141793e-06,6.17559053353034e-05
287.666381835938,-1.66526973891727e-15,-2.74377293862926e-06,5.20395587955136e-05
287.999725341797,2.02936071030566e-15,5.53956112980813e-07,-1.0506494618312e-05
288.333038330078,-3.64849065876186e-16,-3.25592077388137e-06,6.17531768511981e-05
288.666381835938,-1.66528053858735e-15,-2.74365470431803e-06,5.20373178005684e-05
288.999725341797,2.02932979360309e-15,5.54089979232231e-07,-1.05090339275193e-05
289.333038330078,-3.64796470424117e-16,-3.25577684634482e-06,6.17504483670928e-05
289.666381835938,-1.66539319396933e-15,-2.7435364700068e-06,5.20350731676444e-05
289.999694824219,2.02929866514228e-15,5.54223845483648e-07,-1.05115732367267e-05
290.333038330078,-3.64798455657588e-16,-3.25563269143458e-06,6.17477126070298e-05
290.666381835938,-1.66539573506817e-15,-2.74341846306925e-06,5.20328321726993e-05
290.999694824219,2.02923767877007e-15,5.54357768578484e-07,-1.0514112545934e-05
291.333038330078,-3.647776768806e-16,-3.25548876389803e-06,6.17449841229245e-05
291.666381835938,-1.66535708918996e-15,-2.74330022875802e-06,5.20305911777541e-05
291.999694824219,2.02936473371216e-15,5.54491634829901e-07,-1.05166518551414e-05
292.333038330078,-3.64786756015004e-16,-3.25534483636147e-06,6.17422556388192e-05
292.666381835938,-1.66537815913452e-15,-2.74318199444679e-06,5.20283501828089e-05
292.999694824219,2.02931052360354e-15,5.54625501081318e-07,-1.05191911643487e-05
293.333038330078,-3.64771377073055e-16,-3.25520090882492e-06,6.17395198787563e-05
293.666381835938,-1.6653078553999e-15,-2.74306376013556e-06,5.2026105549885e-05
293.999694824219,2.0293143352518e-15,5.54759424176154e-07,-1.05217304735561e-05
294.333038330078,-3.64747527801634e-16,-3.25505675391469e-06,6.17367913946509e-05
294.666381835938,-1.66535084232197e-15,-2.74294552582433e-06,5.20238645549398e-05
294.999694824219,2.02934016975669e-15,5.54893290427572e-07,-1.05242697827634e-05
295.333038330078,-3.64727225480679e-16,-3.25491282637813e-06,6.17340629105456e-05
295.666381835938,-1.6653717005083e-15,-2.74282729151309e-06,5.20216235599946e-05
295.999694824219,2.02930247679054e-15,5.55027156678989e-07,-1.05268090919708e-05
296.333038330078,-3.64764494930359e-16,-3.25476889884158e-06,6.17313271504827e-05
296.666381835938,-1.66534883061872e-15,-2.74270905720186e-06,5.20193825650495e-05
296.999694824219,2.02926520734086e-15,5.55161022930406e-07,-1.05293484011781e-05
297.333038330078,-3.64734319381613e-16,-3.25462497130502e-06,6.17285986663774e-05
297.666381835938,-1.66532691364121e-15,-2.74259105026431e-06,5.20171379321255e-05
297.999694824219,2.02928871250515e-15,5.55294946025242e-07,-1.05318877103855e-05
298.333038330078,-3.64694429423753e-16,-3.25448081639479e-06,6.1725870182272e-05
298.666381835938,-1.66546275655013e-15,-2.74247281595308e-06,5.20148969371803e-05
298.999694824219,2.02938230964582e-15,5.55428812276659e-07,-1.05344261100981e-05
299.333038330078,-3.64707558434435e-16,-3.25433688885823e-06,6.17231344222091e-05
299.666381835938,-1.66542855759488e-15,-2.74235458164185e-06,5.20126559422351e-05
299.999694824219,2.02925631349491e-15,5.55562678528077e-07,-1.05369654193055e-05
300.333038330078,-3.64709278970109e-16,-3.25419296132168e-06,6.17204059381038e-05
300.666351318359,-1.66544602764942e-15,-2.74223634733062e-06,5.201041494729e-05
300.999694824219,2.02925144305547e-15,5.55696544779494e-07,-1.05395047285128e-05
301.333038330078,-3.64715605247434e-16,-3.25404880641145e-06,6.17176774539985e-05
301.666351318359,-1.66540462891412e-15,-2.74211811301939e-06,5.2008170314366e-05
301.999694824219,2.02924551382484e-15,5.5583046787433e-07,-1.05420440377202e-05
302.333038330078,-3.64695699973174e-16,-3.25390487887489e-06,6.17149416939355e-05
302.666351318359,-1.66555264792165e-15,-2.74199987870816e-06,5.20059293194208e-05
302.999694824219,2.02924741964897e-15,5.55964334125747e-07,-1.05445833469275e-05
303.333038330078,-3.64674312391256e-16,-3.25376095133834e-06,6.17122132098302e-05
303.666351318359,-1.66557943533861e-15,-2.74188164439693e-06,5.20036883244757e-05
303.999694824219,2.02923047899002e-15,5.56098200377164e-07,-1.05471226561349e-05
304.333038330078,-3.64691517747997e-16,-3.25361702380178e-06,6.17094847257249e-05
304.666351318359,-1.66553771896596e-15,-2.7417634100857e-06,5.20014473295305e-05
304.999694824219,2.02922010283642e-15,5.56232123472e-07,-1.05496619653422e-05
305.333038330078,-3.64669971347401e-16,-3.25347286889155e-06,6.1706748965662e-05
305.666351318359,-1.66549579083507e-15,-2.74164540314814e-06,5.19992026966065e-05
305.999694824219,2.02922539679234e-15,5.56365989723417e-07,-1.05522012745496e-05
306.333038330078,-3.64704196772426e-16,-3.25332894135499e-06,6.17040204815567e-05
306.666351318359,-1.66556101237201e-15,-2.74152716883691e-06,5.19969617016613e-05
306.999694824219,2.02924741964897e-15,5.56499855974835e-07,-1.05547405837569e-05
307.333038330078,-3.64697394039068e-16,-3.25318501381844e-06,6.17012919974513e-05
307.666351318359,-1.66559267022841e-15,-2.74140893452568e-06,5.19947207067162e-05
307.999694824219,2.02909368316904e-15,5.56633722226252e-07,-1.05572798929643e-05
308.333038330078,-3.64658986388866e-16,-3.25304108628188e-06,6.16985562373884e-05
308.666351318359,-1.66557583544858e-15,-2.74129070021445e-06,5.1992479711771e-05
308.999694824219,2.02917330426608e-15,5.56767645321088e-07,-1.05598192021716e-05
309.333038330078,-3.64673280069851e-16,-3.25289693137165e-06,6.16958277532831e-05
309.666351318359,-1.66559934061287e-15,-2.74117246590322e-06,5.1990235078847e-05
309.999694824219,2.02917118668372e-15,5.56901511572505e-07,-1.0562358511379e-05
310.3330078125,-3.64648319067687e-16,-3.2527530038351e-06,6.16930992691778e-05
310.666351318359,-1.66556715336087e-15,-2.74105423159199e-06,5.19879940839019e-05
310.999694824219,2.02915530481595e-15,5.57035377823922e-07,-1.05648978205863e-05
311.3330078125,-3.64653480674709e-16,-3.25260907629854e-06,6.16903635091148e-05
311.666351318359,-1.66568393802848e-15,-2.74093599728076e-06,5.19857530889567e-05
311.999694824219,2.02911401195978e-15,5.5716924407534e-07,-1.05674371297937e-05
312.3330078125,-3.64639001705267e-16,-3.25246514876198e-06,6.16876350250095e-05
312.666351318359,-1.66551686077963e-15,-2.7408179903432e-06,5.19835120940115e-05
312.999694824219,2.02912417635514e-15,5.57303167170176e-07,-1.0569976439001e-05
313.3330078125,-3.64591514920661e-16,-3.25232099385175e-06,6.16849065409042e-05
313.666351318359,-1.66557816478919e-15,-2.74069975603197e-06,5.19812674610876e-05
313.999694824219,2.02918706855148e-15,5.57437033421593e-07,-1.05725148387137e-05
314.3330078125,-3.64609090854317e-16,-3.2521770663152e-06,6.16821707808413e-05
314.666351318359,-1.66562051643655e-15,-2.74058152172074e-06,5.19790264661424e-05
314.999694824219,2.02908394229015e-15,5.5757089967301e-07,-1.0575054147921e-05
315.3330078125,-3.64553769014949e-16,-3.25203313877864e-06,6.16794422967359e-05
315.666351318359,-1.66566731500689e-15,-2.74046328740951e-06,5.19767854711972e-05
315.999694824219,2.02899521558892e-15,5.57704765924427e-07,-1.05775934571284e-05
316.3330078125,-3.64519728878382e-16,-3.25188898386841e-06,6.16767138126306e-05
316.666351318359,-1.66562199874421e-15,-2.74034505309828e-06,5.1974544476252e-05
316.999694824219,2.02918135107908e-15,5.57838689019263e-07,-1.05801327663357e-05
317.3330078125,-3.64533969619807e-16,-3.25174505633186e-06,6.16739780525677e-05
317.666351318359,-1.66554565989984e-15,-2.74022681878705e-06,5.19722998433281e-05
317.999694824219,2.02920104459511e-15,5.5797255527068e-07,-1.05826720755431e-05
318.3330078125,-3.64484285843495e-16,-3.2516011287953e-06,6.16712495684624e-05
318.666351318359,-1.66567292660016e-15,-2.74010858447582e-06,5.19700588483829e-05
318.999694824219,2.02906657811473e-15,5.58106421522098e-07,-1.05852113847504e-05
319.3330078125,-3.64453130912904e-16,-3.25145720125875e-06,6.16685210843571e-05
319.666351318359,-1.66562909264514e-15,-2.73999035016459e-06,5.19678178534377e-05
319.999694824219,2.02921438536403e-15,5.58240287773515e-07,-1.05877506939578e-05
320.3330078125,-3.64486721063218e-16,-3.25131304634851e-06,6.16657853242941e-05
320.666351318359,-1.66561352841474e-15,-2.73987234322703e-06,5.19655768584926e-05
320.999664306641,2.02908733042194e-15,5.58374210868351e-07,-1.05902900031651e-05
321.3330078125,-3.64492544414731e-16,-3.25116911881196e-06,6.16630568401888e-05
321.666351318359,-1.66565895055653e-15,-2.7397541089158e-06,5.19633322255686e-05
321.999664306641,2.02917902173848e-15,5.58508077119768e-07,-1.05928293123725e-05
322.3330078125,-3.64463136489593e-16,-3.2510251912754e-06,6.16603283560835e-05
322.666351318359,-1.66574132451065e-15,-2.73963587460457e-06,5.19610912306234e-05
322.999664306641,2.02911295316859e-15,5.58641943371185e-07,-1.05953686215798e-05
323.3330078125,-3.64431399223851e-16,-3.25088126373885e-06,6.16575925960205e-05
323.666351318359,-1.6656667856113e-15,-2.73951764029334e-06,5.19588502356783e-05
323.999664306641,2.02919448008976e-15,5.58775809622603e-07,-1.05979079307872e-05
324.3330078125,-3.64428090501401e-16,-3.25073710882862e-06,6.16548641119152e-05
324.666351318359,-1.66567345599575e-15,-2.73939940598211e-06,5.19566092407331e-05
324.999664306641,2.02912841151988e-15,5.5890967587402e-07,-1.06004463304998e-05
325.3330078125,-3.64353207494907e-16,-3.25059318129206e-06,6.16521356278099e-05
325.666351318359,-1.66556598869057e-15,-2.73928117167088e-06,5.19543646078091e-05
325.999664306641,2.029218832287e-15,5.59043598968856e-07,-1.06029856397072e-05
326.3330078125,-3.64372451024678e-16,-3.25044925375551e-06,6.1649399867747e-05
326.666351318359,-1.6655719179212e-15,-2.73916293735965e-06,5.19521236128639e-05
326.999664306641,2.02916631624427e-15,5.59177465220273e-07,-1.06055249489145e-05
327.3330078125,-3.64321390819826e-16,-3.25030509884527e-06,6.16466713836417e-05
327.666351318359,-1.66568711440203e-15,-2.73904470304842e-06,5.19498826179188e-05
327.999664306641,2.02917161020019e-15,5.5931133147169e-07,-1.06080642581219e-05
328.3330078125,-3.64307282427298e-16,-3.25016117130872e-06,6.16439428995363e-05
328.666351318359,-1.66562708094189e-15,-2.73892669611087e-06,5.19476379849948e-05
328.999664306641,2.0291152825092e-15,5.59445197723107e-07,-1.06106035673292e-05
329.3330078125,-3.64255428129059e-16,-3.25001724377216e-06,6.16412071394734e-05
329.666351318359,-1.66565545654563e-15,-2.73880846179964e-06,5.19453969900496e-05
329.999664306641,2.02910681217972e-15,5.59579120817943e-07,-1.06131428765366e-05
330.3330078125,-3.64244310821626e-16,-3.24987331623561e-06,6.16384786553681e-05
330.666320800781,-1.66562157522774e-15,-2.73869022748841e-06,5.19431559951045e-05
330.999664306641,2.02917838646377e-15,5.59712987069361e-07,-1.06156821857439e-05
331.3330078125,-3.64231552387858e-16,-3.24972916132538e-06,6.16357428953052e-05
331.666320800781,-1.66563502187577e-15,-2.73857199317717e-06,5.19409150001593e-05
331.999664306641,2.02917690415611e-15,5.59846853320778e-07,-1.06182214949513e-05
332.3330078125,-3.64254369337875e-16,-3.24958523378882e-06,6.16330144111998e-05
332.666320800781,-1.66566466802893e-15,-2.73845375886594e-06,5.19386703672353e-05
332.999664306641,2.02911316492683e-15,5.59980719572195e-07,-1.06207608041586e-05
333.3330078125,-3.64234993459206e-16,-3.24944130625227e-06,6.16302859270945e-05
333.666320800781,-1.66577859396033e-15,-2.73833552455471e-06,5.19364293722901e-05
333.999664306641,2.02923407888005e-15,5.60114585823612e-07,-1.06232992038713e-05
334.3330078125,-3.64250319461596e-16,-3.24929737871571e-06,6.16275501670316e-05
334.666320800781,-1.66572184275287e-15,-2.73821729024348e-06,5.1934188377345e-05
334.999664306641,2.02910575338854e-15,5.60248508918448e-07,-1.06258385130786e-05
335.3330078125,-3.64224908473178e-16,-3.24915322380548e-06,6.16248216829263e-05
335.666320800781,-1.66577732341091e-15,-2.73809905593225e-06,5.19319473823998e-05
335.999664306641,2.02911020031151e-15,5.60382375169866e-07,-1.0628377822286e-05
336.3330078125,-3.64272898183596e-16,-3.24900929626892e-06,6.16220931988209e-05
336.666320800781,-1.66574121863154e-15,-2.7379810489947e-06,5.19297027494758e-05
336.999664306641,2.02919320954034e-15,5.60516241421283e-07,-1.06309171314933e-05
337.3330078125,-3.6418292740273e-16,-3.24886536873237e-06,6.1619357438758e-05
337.666320800781,-1.66574788901599e-15,-2.73786281468347e-06,5.19274617545307e-05
337.999664306641,2.0290549314117e-15,5.606501076727e-07,-1.06334564407007e-05
338.3330078125,-3.6416299565869e-16,-3.24872121382214e-06,6.16166289546527e-05
338.666320800781,-1.66575879456519e-15,-2.73774458037224e-06,5.19252207595855e-05
338.999664306641,2.02921946756171e-15,5.60784030767536e-07,-1.0635995749908e-05
339.3330078125,-3.64149601950211e-16,-3.24857728628558e-06,6.16139004705474e-05
339.666320800781,-1.66576991187262e-15,-2.73762634606101e-06,5.19229797646403e-05
339.999664306641,2.02907886009246e-15,5.60917897018953e-07,-1.06385350591154e-05
340.3330078125,-3.6416228097464e-16,-3.24843335874903e-06,6.16111647104844e-05
340.666320800781,-1.66578727604804e-15,-2.73750811174978e-06,5.19207351317164e-05
340.999664306641,2.02911062382799e-15,5.6105176327037e-07,-1.0641073458828e-05
341.332977294922,-3.64142772747074e-16,-3.24828943121247e-06,6.16084362263791e-05
341.666320800781,-1.66582645132185e-15,-2.73738987743855e-06,5.19184941367712e-05
341.999664306641,2.02909940064144e-15,5.61185629521788e-07,-1.06436127680354e-05
342.332977294922,-3.64110638434637e-16,-3.24814527630224e-06,6.16057077422738e-05
342.666320800781,-1.6658036873114e-15,-2.73727164312731e-06,5.1916253141826e-05
342.999664306641,2.02908118943307e-15,5.61319495773205e-07,-1.06461520772427e-05
343.332977294922,-3.6410513272048e-16,-3.24800134876568e-06,6.16029719822109e-05
343.666320800781,-1.66578685253157e-15,-2.73715340881608e-06,5.19140121468809e-05
343.999664306641,2.02900389767663e-15,5.61453418868041e-07,-1.06486913864501e-05
344.332977294922,-3.64122655714577e-16,-3.24785742122913e-06,6.16002434981056e-05
344.666320800781,-1.66580771071789e-15,-2.73703540187853e-06,5.19117675139569e-05
344.999664306641,2.02914196404703e-15,5.61587285119458e-07,-1.06512306956574e-05
345.332977294922,-3.64117705865791e-16,-3.24771349369257e-06,6.15975150140002e-05
345.666320800781,-1.66587144994718e-15,-2.7369171675673e-06,5.19095265190117e-05
345.999664306641,2.02907293086183e-15,5.61721151370875e-07,-1.06537700048648e-05
346.332977294922,-3.64092771333406e-16,-3.24756933878234e-06,6.15947792539373e-05
346.666320800781,-1.66582009857475e-15,-2.73679893325607e-06,5.19072855240665e-05
346.999664306641,2.02900241536897e-15,5.61855017622293e-07,-1.06563093140721e-05
347.332977294922,-3.64099018201392e-16,-3.24742541124579e-06,6.1592050769832e-05
347.666320800781,-1.66587144994718e-15,-2.73668069894484e-06,5.19050445291214e-05
347.999664306641,2.02901257976434e-15,5.6198888387371e-07,-1.06588477137848e-05
348.332977294922,-3.64128558475428e-16,-3.24728148370923e-06,6.15893222857267e-05
348.666320800781,-1.66591210752864e-15,-2.73656246463361e-06,5.19027998961974e-05
348.999664306641,2.02903608492863e-15,5.62122806968546e-07,-1.06613870229921e-05
349.332977294922,-3.64039117090154e-16,-3.247137328799e-06,6.15865865256637e-05
349.666320800781,-1.66587928500194e-15,-2.73644423032238e-06,5.19005589012522e-05
349.999664306641,2.0290566254776e-15,5.62256673219963e-07,-1.06639263321995e-05
350.332977294922,-3.64032976101286e-16,-3.24699340126244e-06,6.15838580415584e-05
350.666320800781,-1.66585440340911e-15,-2.73632599601115e-06,5.18983179063071e-05
350.999633789062,2.02910342404793e-15,5.6239053947138e-07,-1.06664656414068e-05
351.332977294922,-3.64001106486646e-16,-3.24684947372589e-06,6.15811295574531e-05
351.666320800781,-1.66577488819119e-15,-2.73620776169992e-06,5.18960769113619e-05
351.999633789062,2.02894524064504e-15,5.62524405722797e-07,-1.06690049506142e-05
352.332977294922,-3.63957960745895e-16,-3.24670554618933e-06,6.15783937973902e-05
352.666320800781,-1.66585027412349e-15,-2.73608975476236e-06,5.18938322784379e-05
352.999633789062,2.02906086064234e-15,5.62658271974215e-07,-1.06715442598215e-05
353.332977294922,-3.63946711089564e-16,-3.2465613912791e-06,6.15756653132848e-05
353.666320800781,-1.66587949676017e-15,-2.73597152045113e-06,5.18915912834927e-05
353.999633789062,2.02903947306042e-15,5.62792138225632e-07,-1.06740835690289e-05
354.332977294922,-3.63967542806111e-16,-3.24641746374255e-06,6.15729368291795e-05
354.666320800781,-1.66588659066111e-15,-2.7358532861399e-06,5.18893502885476e-05
354.999633789062,2.02901279152258e-15,5.62926061320468e-07,-1.06766219687415e-05
355.332977294922,-3.63939378960614e-16,-3.24627353620599e-06,6.15702010691166e-05
355.666320800781,-1.6659228013196e-15,-2.73573505182867e-06,5.18871056556236e-05
355.999633789062,2.02898018075411e-15,5.63059927571885e-07,-1.06791612779489e-05
356.332977294922,-3.63943958232486e-16,-3.24612938129576e-06,6.15674725850113e-05
356.666320800781,-1.66593868318736e-15,-2.73561681751744e-06,5.18848646606784e-05
356.999633789062,2.02894439361209e-15,5.63193793823302e-07,-1.06817005871562e-05
357.332977294922,-3.6394565229838e-16,-3.2459854537592e-06,6.1564744100906e-05
357.666320800781,-1.66592883642935e-15,-2.73549858320621e-06,5.18826236657333e-05
357.999633789062,2.02895667558982e-15,5.63327660074719e-07,-1.06842398963636e-05
358.332977294922,-3.6390647702457e-16,-3.24584152622265e-06,6.1562008340843e-05
358.666320800781,-1.66589061406761e-15,-2.73538034889498e-06,5.18803826707881e-05
358.999633789062,2.02892978229375e-15,5.63461526326137e-07,-1.06867792055709e-05
359.332977294922,-3.63882654222928e-16,-3.24569759868609e-06,6.15592798567377e-05
359.666320800781,-1.66606743219535e-15,-2.73526211458375e-06,5.18781380378641e-05
359.999633789062,2.0289249118543e-15,5.63595449420973e-07,-1.06893185147783e-05
360.332977294922,-3.63924767642274e-16,-3.24555344377586e-06,6.15565440966748e-05
360.666320800781,-1.66598505824123e-15,-2.73514410764619e-06,5.1875897042919e-05
360.999633789062,2.02903968481865e-15,5.6372931567239e-07,-1.06918569144909e-05
361.332977294922,-3.63910182793714e-16,-3.24540951623931e-06,6.15538156125695e-05
361.666290283203,-1.66596144719782e-15,-2.73502587333496e-06,5.18736560479738e-05
361.999633789062,2.02900347416016e-15,5.63863181923807e-07,-1.06943962236983e-05
362.332977294922,-3.63906979950382e-16,-3.24526558870275e-06,6.15510871284641e-05
362.666290283203,-1.6660263510974e-15,-2.73490763902373e-06,5.18714150530286e-05
362.999633789062,2.02892110020604e-15,5.63997048175224e-07,-1.06969355329056e-05
363.332977294922,-3.63897953755538e-16,-3.24512143379252e-06,6.15483513684012e-05
363.666290283203,-1.66600983395493e-15,-2.7347894047125e-06,5.18691704201046e-05
363.999633789062,2.02898293361119e-15,5.64130914426642e-07,-1.0699474842113e-05
364.332977294922,-3.63891124552401e-16,-3.24497750625596e-06,6.15456228842959e-05
364.666290283203,-1.66603217444892e-15,-2.73467117040127e-06,5.18669294251595e-05
364.999633789062,2.02893825262322e-15,5.64264780678059e-07,-1.07020141513203e-05
365.332977294922,-3.63864707712358e-16,-3.24483357871941e-06,6.15428944001906e-05
365.666290283203,-1.66603916247073e-15,-2.73455293609004e-06,5.18646884302143e-05
365.999633789062,2.02897361624877e-15,5.64398703772895e-07,-1.0704552551033e-05
366.332977294922,-3.63870928110565e-16,-3.24468965118285e-06,6.15401586401276e-05
366.666290283203,-1.66612894796314e-15,-2.73443470177881e-06,5.18624474352691e-05
366.999633789062,2.02898145130353e-15,5.64532570024312e-07,-1.07070918602403e-05
367.332977294922,-3.6388117191527e-16,-3.24454549627262e-06,6.15374301560223e-05
367.666290283203,-1.66603768016307e-15,-2.73431646746758e-06,5.18602028023452e-05
367.999633789062,2.02896408712811e-15,5.64666436275729e-07,-1.07096311694477e-05
368.332977294922,-3.6379813621666e-16,-3.24440156873607e-06,6.1534701671917e-05
368.666290283203,-1.66609856065616e-15,-2.73419846053002e-06,5.18579618074e-05
368.999633789062,2.02891961789838e-15,5.64800302527146e-07,-1.0712170478655e-05
369.332977294922,-3.63798559733133e-16,-3.24425764119951e-06,6.15319659118541e-05
369.666290283203,-1.66604795043756e-15,-2.73408022621879e-06,5.18557208124548e-05
369.999633789062,2.02896302833693e-15,5.64934168778564e-07,-1.07147097878624e-05
370.332977294922,-3.63831858715872e-16,-3.24411371366295e-06,6.15292374277487e-05
370.666290283203,-1.6660556796132e-15,-2.73396199190756e-06,5.18534798175097e-05
370.999633789062,2.0289450288868e-15,5.65068035029981e-07,-1.07172490970697e-05
371.332946777344,-3.63789612947628e-16,-3.24396955875272e-06,6.15265089436434e-05
371.666290283203,-1.66605504433849e-15,-2.73384375759633e-06,5.18512351845857e-05
371.999633789062,2.02893317042554e-15,5.65201901281398e-07,-1.07197874967824e-05
372.332946777344,-3.63733047028619e-16,-3.24382563121617e-06,6.15237731835805e-05
372.666290283203,-1.66603111565773e-15,-2.7337255232851e-06,5.18489941896405e-05
372.999633789062,2.02886434899857e-15,5.65335824376234e-07,-1.07223268059897e-05
373.332946777344,-3.63704512606209e-16,-3.24368170367961e-06,6.15210446994752e-05
373.666290283203,-1.66603111565773e-15,-2.73360728897387e-06,5.18467531946953e-05
373.999633789062,2.02890500658004e-15,5.65469690627651e-07,-1.07248661151971e-05
374.332946777344,-3.63707212523728e-16,-3.24353754876938e-06,6.15183162153699e-05
374.666290283203,-1.66611444252392e-15,-2.73348905466264e-06,5.18445085617714e-05
374.999633789062,2.02884105559252e-15,5.65603556879068e-07,-1.07274054244044e-05
375.332946777344,-3.63684924969303e-16,-3.24339362123283e-06,6.15155804553069e-05
375.666290283203,-1.66608649043666e-15,-2.73337082035141e-06,5.18422675668262e-05
375.999633789062,2.02885227877907e-15,5.65737423130486e-07,-1.07299447336118e-05
376.332946777344,-3.63703321466127e-16,-3.24324969369627e-06,6.15128519712016e-05
376.666290283203,-1.66608056120603e-15,-2.73325281341386e-06,5.1840026571881e-05
376.999633789062,2.02888023086633e-15,5.65871289381903e-07,-1.07324831333244e-05
377.332946777344,-3.63664834406586e-16,-3.24310576615972e-06,6.15101234870963e-05
377.666290283203,-1.66610576043621e-15,-2.73313457910263e-06,5.18377855769359e-05
377.999633789062,2.02886689009741e-15,5.6600515563332e-07,-1.07350224425318e-05
378.332946777344,-3.63673410615177e-16,-3.24296161124948e-06,6.15073877270333e-05
378.666290283203,-1.66609220790905e-15,-2.73301634479139e-06,5.18355409440119e-05
378.999633789062,2.02887472515218e-15,5.66139021884737e-07,-1.07375617517391e-05
379.332946777344,-3.63643393885108e-16,-3.24281768371293e-06,6.1504659242928e-05
379.666290283203,-1.66616007642395e-15,-2.73289811048016e-06,5.18332999490667e-05
379.999633789062,2.02894778174388e-15,5.66272944979573e-07,-1.07401010609465e-05
380.332946777344,-3.63625023858065e-16,-3.24267375617637e-06,6.15019307588227e-05
380.666290283203,-1.66612195994133e-15,-2.73277987616893e-06,5.18310589541215e-05
380.999633789062,2.02889611273409e-15,5.66406811230991e-07,-1.07426394606591e-05
381.332946777344,-3.63620418116414e-16,-3.24252960126614e-06,6.14991949987598e-05
381.666290283203,-1.66605589137144e-15,-2.7326616418577e-06,5.18288179591764e-05
381.999603271484,2.0288069625164e-15,5.66540677482408e-07,-1.07451787698665e-05
382.332946777344,-3.63616209421457e-16,-3.24238567372959e-06,6.14964665146545e-05
382.666290283203,-1.66617309955552e-15,-2.73254340754647e-06,5.18265733262524e-05
382.999603271484,2.0288277148236e-15,5.66674543733825e-07,-1.07477180790738e-05
383.332946777344,-3.63584895672189e-16,-3.24224174619303e-06,6.14937307545915e-05
383.666290283203,-1.66616145285249e-15,-2.73242517323524e-06,5.18243323313072e-05
383.999603271484,2.02885164350436e-15,5.66808409985242e-07,-1.07502573882812e-05
384.332946777344,-3.63620921042226e-16,-3.24209781865648e-06,6.14910022704862e-05
384.666290283203,-1.66625229713608e-15,-2.73230716629769e-06,5.18220913363621e-05
384.999603271484,2.02880653899992e-15,5.66942276236659e-07,-1.07527966974885e-05
385.332946777344,-3.63580210521199e-16,-3.24195366374624e-06,6.14882737863809e-05
385.666290283203,-1.66626320268528e-15,-2.73218893198646e-06,5.18198503414169e-05
385.999603271484,2.02887790152573e-15,5.67076142488077e-07,-1.07553350972012e-05
386.332946777344,-3.63542464615487e-16,-3.24180973620969e-06,6.1485538026318e-05
386.666290283203,-1.66622349801588e-15,-2.73207069767523e-06,5.18176057084929e-05
386.999603271484,2.02882686779066e-15,5.67210065582913e-07,-1.07578744064085e-05
387.332946777344,-3.6357613417514e-16,-3.24166580867313e-06,6.14828095422126e-05
387.666290283203,-1.66617659356642e-15,-2.731952463364e-06,5.18153647135478e-05
387.999603271484,2.02885863152618e-15,5.6734393183433e-07,-1.07604137156159e-05
388.332946777344,-3.6351835064627e-16,-3.2415216537629e-06,6.14800810581073e-05
388.666290283203,-1.66619671059892e-15,-2.73183422905277e-06,5.18131237186026e-05
388.999603271484,2.02887112526215e-15,5.67477798085747e-07,-1.07629530248232e-05
389.332946777344,-3.63545852747276e-16,-3.24137772622635e-06,6.14773452980444e-05
389.666290283203,-1.66623450944419e-15,-2.73171599474153e-06,5.18108790856786e-05
389.999603271484,2.0288133152635e-15,5.67611664337164e-07,-1.07654914245359e-05
390.332946777344,-3.63494845481984e-16,-3.24123379868979e-06,6.14746168139391e-05
390.666290283203,-1.66622106279615e-15,-2.7315977604303e-06,5.18086380907334e-05
390.999603271484,2.02887557218512e-15,5.67745530588581e-07,-1.07680307337432e-05
391.332946777344,-3.63468269823263e-16,-3.24108987115324e-06,6.14718883298337e-05
391.666259765625,-1.66619247543419e-15,-2.73147952611907e-06,5.18063970957883e-05
391.999603271484,2.02877202240732e-15,5.67879396839999e-07,-1.07705700429506e-05
392.332946777344,-3.63419036033204e-16,-3.240945716243e-06,6.14691525697708e-05
392.666259765625,-1.66623937988364e-15,-2.73136129180784e-06,5.18041561008431e-05
392.999603271484,2.02878853954979e-15,5.68013263091416e-07,-1.07731093521579e-05
393.332946777344,-3.63443361760658e-16,-3.24080178870645e-06,6.14664240856655e-05
393.666259765625,-1.66623990927923e-15,-2.73124328487029e-06,5.18019114679191e-05
393.999603271484,2.02879044537392e-15,5.68147129342833e-07,-1.07756486613653e-05
394.332946777344,-3.63435659054794e-16,-3.24065786116989e-06,6.14636956015602e-05
394.666259765625,-1.66620380449985e-15,-2.73112505055906e-06,5.1799670472974e-05
394.999603271484,2.0288317382301e-15,5.68281052437669e-07,-1.07781870610779e-05
395.332946777344,-3.6340799813511e-16,-3.24051370625966e-06,6.14609598414972e-05
395.666259765625,-1.66622614499384e-15,-2.73100681624783e-06,5.17974294780288e-05
395.999603271484,2.02874724669361e-15,5.68414918689086e-07,-1.07807263702853e-05
396.332946777344,-3.63390819248149e-16,-3.24036977872311e-06,6.14582313573919e-05
396.666259765625,-1.66635192938651e-15,-2.7308885819366e-06,5.17951884830836e-05
396.999603271484,2.02872861196877e-15,5.68548784940504e-07,-1.07832656794926e-05
397.332946777344,-3.63448814535256e-16,-3.24022585118655e-06,6.14555028732866e-05
397.666259765625,-1.66626892015767e-15,-2.73077034762537e-06,5.17929438501596e-05
397.999603271484,2.0286695314207e-15,5.68682651191921e-07,-1.07858049887e-05
398.332946777344,-3.63406833464808e-16,-3.24008169627632e-06,6.14527671132237e-05
398.666259765625,-1.66636061147421e-15,-2.73065211331414e-06,5.17907028552145e-05
398.999603271484,2.02871336537572e-15,5.68816517443338e-07,-1.07883433884126e-05
399.332946777344,-3.63433144425732e-16,-3.23993776873976e-06,6.14500386291184e-05
399.666259765625,-1.66638379900115e-15,-2.73053387900291e-06,5.17884618602693e-05
399.999603271484,2.02875444647367e-15,5.68950383694755e-07,-1.079088269762e-05
400.332946777344,-3.63432562090581e-16,-3.23979384120321e-06,6.1447310145013e-05
400.666259765625,-1.66641100993458e-15,-2.73041564469167e-06,5.17862172273453e-05
400.999603271484,2.02872225922167e-15,5.69084249946172e-07,-1.07934220068273e-05
401.332946777344,-3.63403657091256e-16,-3.23964991366665e-06,6.14445743849501e-05
401.666259765625,-1.66638252845173e-15,-2.73029763775412e-06,5.17839762324002e-05
401.999603271484,2.02884084383429e-15,5.6921811619759e-07,-1.07959613160347e-05
402.332916259766,-3.63422953560585e-16,-3.23950575875642e-06,6.14418459008448e-05
402.666259765625,-1.66640836295662e-15,-2.73017940344289e-06,5.1781735237455e-05
402.999603271484,2.0286953659256e-15,5.69351982449007e-07,-1.07984997157473e-05
403.332916259766,-3.63444499961181e-16,-3.23936183121987e-06,6.14391101407818e-05
403.666259765625,-1.66640603361601e-15,-2.73006116913166e-06,5.17794942425098e-05
403.999603271484,2.02859668658724e-15,5.69485905543843e-07,-1.08010390249547e-05
404.332916259766,-3.63416336115685e-16,-3.23921790368331e-06,6.14363816566765e-05
404.666259765625,-1.66642128020906e-15,-2.72994293482043e-06,5.17772496095859e-05
404.999603271484,2.02852871219322e-15,5.6961977179526e-07,-1.0803578334162e-05
405.332916259766,-3.63370437517856e-16,-3.23907374877308e-06,6.14336531725712e-05
405.666259765625,-1.66646140839494e-15,-2.7298247005092e-06,5.17750086146407e-05
405.999603271484,2.02867059021189e-15,5.69753638046677e-07,-1.08061167338747e-05
406.332916259766,-3.63416097887669e-16,-3.23892982123652e-06,6.14309174125083e-05
406.666259765625,-1.66648703114159e-15,-2.72970646619797e-06,5.17727676196955e-05
406.999603271484,2.02868266043139e-15,5.69887504298094e-07,-1.0808656043082e-05
407.332916259766,-3.63366281762458e-16,-3.23878589369997e-06,6.1428188928403e-05
407.666259765625,-1.66647591383416e-15,-2.72958823188674e-06,5.17705266247503e-05
407.999603271484,2.02865661416826e-15,5.70021370549512e-07,-1.08111953522894e-05
408.332916259766,-3.63330044634183e-16,-3.23864196616341e-06,6.14254604442976e-05
408.666259765625,-1.66651148921794e-15,-2.72946999757551e-06,5.17682819918264e-05
408.999603271484,2.02870870669451e-15,5.70155236800929e-07,-1.08137346614967e-05
409.332916259766,-3.63297222107477e-16,-3.23849781125318e-06,6.14227246842347e-05
409.666259765625,-1.6665077834488e-15,-2.72935176326428e-06,5.17660409968812e-05
409.999603271484,2.02873136482585e-15,5.70289103052346e-07,-1.08162730612094e-05
410.332916259766,-3.63278640322197e-16,-3.23835388371663e-06,6.14199962001294e-05
410.666259765625,-1.66643716207682e-15,-2.72923375632672e-06,5.1763800001936e-05
410.999603271484,2.02861045087263e-15,5.70422969303763e-07,-1.08188123704167e-05
411.332916259766,-3.63287587107702e-16,-3.23820995618007e-06,6.14172677160241e-05
411.666259765625,-1.66646585531791e-15,-2.72911552201549e-06,5.17615553690121e-05
411.999572753906,2.02850224241362e-15,5.7055683555518e-07,-1.08213516796241e-05
412.332916259766,-3.63269428838896e-16,-3.23806580126984e-06,6.14145319559611e-05
412.666259765625,-1.66654367646994e-15,-2.72899728770426e-06,5.17593143740669e-05
412.999572753906,2.02861172142205e-15,5.70690701806598e-07,-1.08238909888314e-05
413.332916259766,-3.63243991380698e-16,-3.23792187373328e-06,6.14118034718558e-05
413.666259765625,-1.66644902053808e-15,-2.72887905339303e-06,5.17570733791217e-05
413.999572753906,2.02874512911125e-15,5.70824568058015e-07,-1.08264293885441e-05
414.332916259766,-3.63234144622686e-16,-3.23777794619673e-06,6.14090749877505e-05
414.666259765625,-1.66654177064581e-15,-2.7287608190818e-06,5.17548323841766e-05
414.999572753906,2.02863416779516e-15,5.70958491152851e-07,-1.08289686977514e-05
415.332916259766,-3.63267602424103e-16,-3.23763401866017e-06,6.14063392276876e-05
415.666259765625,-1.66654388822818e-15,-2.72864258477057e-06,5.17525877512526e-05
415.999572753906,2.02858927504895e-15,5.71092357404268e-07,-1.08315080069588e-05
416.332916259766,-3.6324454724607e-16,-3.23748986374994e-06,6.14036107435822e-05
416.666259765625,-1.66652165361331e-15,-2.72852435045934e-06,5.17503467563074e-05
416.999572753906,2.02858016944477e-15,5.71226223655685e-07,-1.08340464066714e-05
417.332916259766,-3.63221597947155e-16,-3.23734593621339e-06,6.14008822594769e-05
417.666259765625,-1.66654642932702e-15,-2.72840611614811e-06,5.17481057613622e-05
417.999572753906,2.02860663922437e-15,5.71360089907103e-07,-1.08365857158788e-05
418.332916259766,-3.63174614088362e-16,-3.23720200867683e-06,6.1398146499414e-05
418.666259765625,-1.66653266504163e-15,-2.72828788183688e-06,5.17458647664171e-05
418.999572753906,2.0286246386745e-15,5.7149395615852e-07,-1.08391250250861e-05
419.332916259766,-3.63190363607225e-16,-3.2370578537666e-06,6.13954180153087e-05
419.666259765625,-1.66659396905118e-15,-2.72816987489932e-06,5.17436201334931e-05
419.999572753906,2.02867270779426e-15,5.71627822409937e-07,-1.08416643342935e-05
420.332916259766,-3.63172522975774e-16,-3.23691392623005e-06,6.13926822552457e-05
420.666259765625,-1.6666648021814e-15,-2.72805164058809e-06,5.17413791385479e-05
420.999572753906,2.02876545790198e-15,5.71761688661354e-07,-1.08442027340061e-05
421.332916259766,-3.63158705750822e-16,-3.23676999869349e-06,6.13899537711404e-05
421.666259765625,-1.66653351207457e-15,-2.72793340627686e-06,5.17391381436028e-05
421.999572753906,2.02868498977199e-15,5.71895554912771e-07,-1.08467420432135e-05
422.332916259766,-3.6310563384272e-16,-3.23662584378326e-06,6.13872252870351e-05
422.666229248047,-1.66651201861354e-15,-2.72781517196563e-06,5.17368935106788e-05
422.999572753906,2.02873009427643e-15,5.72029421164189e-07,-1.08492813524208e-05
423.332916259766,-3.63088534365098e-16,-3.2364819162467e-06,6.13844895269722e-05
423.666229248047,-1.66649084278986e-15,-2.7276969376544e-06,5.17346525157336e-05
423.999572753906,2.02866910790423e-15,5.72163287415606e-07,-1.08518197521335e-05
424.332916259766,-3.63072678967116e-16,-3.23633798871015e-06,6.13817610428669e-05
424.666229248047,-1.66648120779008e-15,-2.72757870334317e-06,5.17324115207884e-05
424.999572753906,2.02858228702714e-15,5.72297153667023e-07,-1.08543590613408e-05
425.332916259766,-3.63041788734321e-16,-3.23619406117359e-06,6.13790325587615e-05
425.666229248047,-1.66652133597596e-15,-2.72746046903194e-06,5.17301705258433e-05
425.999572753906,2.02868308394786e-15,5.7243101991844e-07,-1.08568983705482e-05
426.332916259766,-3.63004757512658e-16,-3.23604990626336e-06,6.13762967986986e-05
426.666229248047,-1.6665865575129e-15,-2.72734223472071e-06,5.17279258929193e-05
426.999572753906,2.02860092175198e-15,5.72564886169857e-07,-1.08594376797555e-05
427.332916259766,-3.63023154009481e-16,-3.23590597872681e-06,6.13735683145933e-05
427.666229248047,-1.66664023822593e-15,-2.72722400040948e-06,5.17256848979741e-05
427.999572753906,2.02858779274129e-15,5.72698752421275e-07,-1.08619760794681e-05
428.332916259766,-3.62993746084344e-16,-3.23576205119025e-06,6.1370839830488e-05
428.666229248047,-1.66659545135884e-15,-2.72710599347192e-06,5.1723443903029e-05
428.999572753906,2.0286551318606e-15,5.72832618672692e-07,-1.08645153886755e-05
429.332916259766,-3.62965608708627e-16,-3.23561789628002e-06,6.1368104070425e-05
429.666229248047,-1.66653118273397e-15,-2.72698775916069e-06,5.17212029080838e-05
429.999572753906,2.02866042581652e-15,5.72966541767528e-07,-1.08670546978828e-05
430.332916259766,-3.62967567472318e-16,-3.23547396874346e-06,6.13653755863197e-05
430.666229248047,-1.66659216910617e-15,-2.72686952484946e-06,5.17189582751598e-05
430.999572753906,2.02860536867495e-15,5.73100408018945e-07,-1.08695930975955e-05
431.332916259766,-3.62938662472993e-16,-3.23533004120691e-06,6.13626471022144e-05
431.666229248047,-1.66663441487441e-15,-2.72675129053823e-06,5.17167172802147e-05
431.999572753906,2.02861870944387e-15,5.73234274270362e-07,-1.08721324068028e-05
432.332885742188,-3.62926830481511e-16,-3.23518588629668e-06,6.13599113421515e-05
432.666229248047,-1.66659725130385e-15,-2.726633056227e-06,5.17144762852695e-05
432.999572753906,2.02859986296079e-15,5.73368140521779e-07,-1.08746717160102e-05
433.332885742188,-3.62889243394476e-16,-3.23504195876012e-06,6.13571828580461e-05
433.666229248047,-1.66655468789825e-15,-2.72651482191577e-06,5.17122316523455e-05
433.999572753906,2.02866084933299e-15,5.73502006773197e-07,-1.08772101157228e-05
434.332885742188,-3.629023194656e-16,-3.23489803122357e-06,6.13544470979832e-05
434.666229248047,-1.66657236971103e-15,-2.72639658760454e-06,5.17099906574003e-05
434.999572753906,2.02878811603332e-15,5.73635873024614e-07,-1.08797494249302e-05
435.332885742188,-3.6288437295503e-16,-3.23475410368701e-06,6.13517186138779e-05
435.666229248047,-1.66661885064401e-15,-2.72627835329331e-06,5.17077496624552e-05
435.999572753906,2.0286229446086e-15,5.73769739276031e-07,-1.08822887341375e-05
436.332885742188,-3.62880852474343e-16,-3.23460994877678e-06,6.13489901297726e-05
436.666229248047,-1.66657205207367e-15,-2.72616011898208e-06,5.170550866751e-05
436.999572753906,2.02875275240777e-15,5.73903605527448e-07,-1.08848271338502e-05
437.332885742188,-3.62891255097726e-16,-3.23446602124022e-06,6.13462543697096e-05
437.666229248047,-1.66661673306164e-15,-2.72604211204452e-06,5.1703264034586e-05
437.999572753906,2.02861722713621e-15,5.74037471778865e-07,-1.08873664430575e-05
438.332885742188,-3.62868252859252e-16,-3.23432209370367e-06,6.13435258856043e-05
438.666229248047,-1.66669116608188e-15,-2.72592387773329e-06,5.17010230396409e-05
438.999572753906,2.02867249603602e-15,5.74171338030283e-07,-1.08899057522649e-05
439.332885742188,-3.62835747969901e-16,-3.23417793879344e-06,6.1340797401499e-05
439.666229248047,-1.66676676377242e-15,-2.72580564342206e-06,5.16987820446957e-05
439.999572753906,2.02857106384059e-15,5.743052042817e-07,-1.08924441519775e-05
440.332885742188,-3.62832730415027e-16,-3.23403401125688e-06,6.13380616414361e-05
440.666229248047,-1.66670937729025e-15,-2.72568740911083e-06,5.16965374117717e-05
440.999572753906,2.02858482812598e-15,5.74439070533117e-07,-1.08949834611849e-05
441.332885742188,-3.62838606706098e-16,-3.23389008372033e-06,6.13353331573308e-05
441.666229248047,-1.66666681388465e-15,-2.7255691747996e-06,5.16942964168265e-05
441.999572753906,2.02853591197327e-15,5.74572936784534e-07,-1.08975227703922e-05
442.332885742188,-3.62814969192914e-16,-3.23374592881009e-06,6.13326046732254e-05
442.666229248047,-1.66665823767606e-15,-2.72545094048837e-06,5.16920554218814e-05
442.999542236328,2.02857762834593e-15,5.74706803035951e-07,-1.09000611701049e-05
443.332885742188,-3.62789875841852e-16,-3.23360200127354e-06,6.13298689131625e-05
443.666229248047,-1.66674156454224e-15,-2.72533270617714e-06,5.16898144269362e-05
443.999542236328,2.02865703768473e-15,5.74840669287369e-07,-1.09026004793122e-05
444.332885742188,-3.62798346171324e-16,-3.23345807373698e-06,6.13271404290572e-05
444.666229248047,-1.66676517558565e-15,-2.72521447186591e-06,5.16875697940122e-05
444.999542236328,2.02854649988512e-15,5.74974535538786e-07,-1.09051397885196e-05
445.332885742188,-3.62783576034306e-16,-3.23331414620043e-06,6.13244119449519e-05
445.666229248047,-1.66665093201689e-15,-2.72509623755468e-06,5.16853287990671e-05
445.999542236328,2.02854205296214e-15,5.75108401790203e-07,-1.09076781882322e-05
446.332885742188,-3.62764994249026e-16,-3.2331699912902e-06,6.13216761848889e-05
446.666229248047,-1.66672240042181e-15,-2.72497823061713e-06,5.16830878041219e-05
446.999542236328,2.02854904098396e-15,5.7524226804162e-07,-1.09102174974396e-05
447.332885742188,-3.62717348645743e-16,-3.23302606375364e-06,6.13189477007836e-05
447.666229248047,-1.66673002371834e-15,-2.7248599963059e-06,5.16808431711979e-05
447.999542236328,2.02854649988512e-15,5.75376134293037e-07,-1.09127568066469e-05
448.332885742188,-3.62694002300134e-16,-3.23288213621709e-06,6.13162119407207e-05
448.666229248047,-1.66669720119163e-15,-2.72474176199466e-06,5.16786021762528e-05
448.999542236328,2.02853104153383e-15,5.75510000544455e-07,-1.09152952063596e-05
449.332885742188,-3.62659909224007e-16,-3.23273798130685e-06,6.13134834566154e-05
449.666229248047,-1.66668830734568e-15,-2.72462352768343e-06,5.16763611813076e-05
449.999542236328,2.02856280526935e-15,5.75643866795872e-07,-1.09178345155669e-05
450.332885742188,-3.62639209856359e-16,-3.2325940537703e-06,6.131075497251e-05
450.666229248047,-1.66677661053044e-15,-2.7245052933722e-06,5.16741201863624e-05
450.999542236328,2.02857318142295e-15,5.75777733047289e-07,-1.09203738247743e-05
451.332885742188,-3.62639024567902e-16,-3.23245012623374e-06,6.13080192124471e-05
451.666229248047,-1.66674643498169e-15,-2.72438705906097e-06,5.16718755534384e-05
451.999542236328,2.02856513460995e-15,5.75911599298706e-07,-1.09229122244869e-05
452.332885742188,-3.62627457274216e-16,-3.23230597132351e-06,6.13052907283418e-05
452.666229248047,-1.66682107976017e-15,-2.72426882474974e-06,5.16696345584933e-05
452.999542236328,2.02862019175153e-15,5.76045465550123e-07,-1.09254515336943e-05
453.332885742188,-3.62675155817058e-16,-3.23216204378696e-06,6.13025622442365e-05
453.666198730469,-1.66670228338931e-15,-2.72415059043851e-06,5.16673935635481e-05
453.999542236328,2.02867313131073e-15,5.76179331801541e-07,-1.09279908429016e-05
454.332885742188,-3.62646012589716e-16,-3.2320181162504e-06,6.12998264841735e-05
454.666198730469,-1.66678931602464e-15,-2.72403235612728e-06,5.16651525686029e-05
454.999542236328,2.0285901220819e-15,5.76313198052958e-07,-1.09305292426143e-05
455.332885742188,-3.62619754568351e-16,-3.23187418871385e-06,6.12970980000682e-05
455.666198730469,-1.66678264564018e-15,-2.72391434918973e-06,5.1662907935679e-05
455.999542236328,2.02856089944522e-15,5.76447064304375e-07,-1.09330685518216e-05
456.332885742188,-3.62609404884527e-16,-3.23173003380361e-06,6.12943695159629e-05
456.666198730469,-1.66679090421142e-15,-2.7237961148785e-06,5.16606669407338e-05
456.999542236328,2.02849737197417e-15,5.76580930555792e-07,-1.0935607861029e-05
457.332885742188,-3.62583517440077e-16,-3.23158610626706e-06,6.12916337559e-05
457.666198730469,-1.66682160915576e-15,-2.72367788056727e-06,5.16584259457886e-05
457.999542236328,2.02845671439271e-15,5.76714796807209e-07,-1.09381462607416e-05
458.332885742188,-3.62631454210935e-16,-3.2314421787305e-06,6.12889052717946e-05
458.666198730469,-1.66688291316532e-15,-2.72355964625604e-06,5.16561813128646e-05
458.999542236328,2.02850626582012e-15,5.76848663058627e-07,-1.0940685569949e-05
459.332885742188,-3.62606387329653e-16,-3.23129802382027e-06,6.12861695117317e-05
459.666198730469,-1.6668385498147e-15,-2.7234414119448e-06,5.16539403179195e-05
459.999542236328,2.0284584084586e-15,5.76982529310044e-07,-1.09432239696616e-05
460.332885742188,-3.62608054925768e-16,-3.23115409628372e-06,6.12834410276264e-05
460.666198730469,-1.66687179585788e-15,-2.72332317763357e-06,5.16516993229743e-05
460.999542236328,2.0285676757088e-15,5.77116395561461e-07,-1.0945763278869e-05
461.332885742188,-3.62542383402576e-16,-3.23101016874716e-06,6.12807125435211e-05
461.666198730469,-1.66693299398832e-15,-2.72320494332234e-06,5.16494583280291e-05
461.999542236328,2.02848233713936e-15,5.77250261812878e-07,-1.09483025880763e-05
462.332885742188,-3.62552547797943e-16,-3.23086601383693e-06,6.12779767834581e-05
462.666198730469,-1.66682351497989e-15,-2.72308670901111e-06,5.16472136951052e-05
462.999542236328,2.02849991307302e-15,5.77384184907714e-07,-1.0950840987789e-05
463.332855224609,-3.6252946615013e-16,-3.23072208630037e-06,6.12752482993528e-05
463.666198730469,-1.66684574959475e-15,-2.72296847469988e-06,5.164497270016e-05
463.999542236328,2.02843871494258e-15,5.77518051159132e-07,-1.09533802969963e-05
464.332855224609,-3.62496431865187e-16,-3.23057815876382e-06,6.12725198152475e-05
464.666198730469,-1.66685474931982e-15,-2.72285046776233e-06,5.16427317052148e-05
464.999542236328,2.02849546615004e-15,5.77651917410549e-07,-1.09559196062037e-05
465.332855224609,-3.62504134571051e-16,-3.23043400385359e-06,6.12697840551846e-05
465.666198730469,-1.66685697278131e-15,-2.7227322334511e-06,5.16404870722909e-05
465.999542236328,2.02843045637134e-15,5.77785783661966e-07,-1.09584580059163e-05
466.332855224609,-3.62466441604898e-16,-3.23029007631703e-06,6.12670555710793e-05
466.666198730469,-1.66688132497854e-15,-2.72261399913987e-06,5.16382460773457e-05
466.999542236328,2.02841076285532e-15,5.77919593069964e-07,-1.09609973151237e-05
467.332855224609,-3.62492514337806e-16,-3.23014614878048e-06,6.12643270869739e-05
467.666198730469,-1.66686216085811e-15,-2.72249576482864e-06,5.16360050824005e-05
467.999542236328,2.02843003285487e-15,5.78053459321382e-07,-1.09635357148363e-05
468.332855224609,-3.6249092615103e-16,-3.23000222124392e-06,6.1261591326911e-05
468.666198730469,-1.66692102964794e-15,-2.72237753051741e-06,5.16337640874553e-05
468.999542236328,2.02836650538382e-15,5.78187325572799e-07,-1.09660750240437e-05
469.332855224609,-3.62395026139533e-16,-3.22985806633369e-06,6.12588628428057e-05
469.666198730469,-1.66693352338391e-15,-2.72225929620618e-06,5.16315194545314e-05
469.999542236328,2.0284865723041e-15,5.78321191824216e-07,-1.0968614333251e-05
470.332855224609,-3.62473270808036e-16,-3.22971413879714e-06,6.12561343587004e-05
470.666198730469,-1.66693987613102e-15,-2.72214106189494e-06,5.16292784595862e-05
470.999542236328,2.02843892670081e-15,5.78455058075633e-07,-1.09711527329637e-05
471.332855224609,-3.6240386704592e-16,-3.22957021126058e-06,6.12533985986374e-05
471.666198730469,-1.66693998201014e-15,-2.72202282758371e-06,5.1627037464641e-05
471.999542236328,2.02839212813048e-15,5.7858892432705e-07,-1.0973692042171e-05
472.332855224609,-3.62374750288358e-16,-3.22942605635035e-06,6.12506701145321e-05
472.666198730469,-1.66697576915216e-15,-2.72190459327248e-06,5.16247928317171e-05
472.999542236328,2.02848170186465e-15,5.78722790578468e-07,-1.09762304418837e-05
473.332855224609,-3.62387694010583e-16,-3.22928212881379e-06,6.12479343544692e-05
473.666198730469,-1.66696994580065e-15,-2.72178635896125e-06,5.16225518367719e-05
473.99951171875,2.02833664747243e-15,5.78856656829885e-07,-1.0978769751091e-05
474.332855224609,-3.62386741098518e-16,-3.22913820127724e-06,6.12452058703639e-05
474.666198730469,-1.66700552118443e-15,-2.7216683520237e-06,5.16203108418267e-05
474.99951171875,2.02859605131253e-15,5.78990523081302e-07,-1.09813090602984e-05
475.332855224609,-3.62368873997287e-16,-3.22899404636701e-06,6.12424773862585e-05
475.666198730469,-1.66692007673588e-15,-2.72155011771247e-06,5.16180698468816e-05
475.99951171875,2.02837434043859e-15,5.79124389332719e-07,-1.0983847460011e-05
476.332855224609,-3.62339492541929e-16,-3.22885011883045e-06,6.12397416261956e-05
476.666198730469,-1.66698974519579e-15,-2.72143188340124e-06,5.16158252139576e-05
476.99951171875,2.02846941988691e-15,5.79258255584136e-07,-1.09863867692184e-05
477.332855224609,-3.62326019424111e-16,-3.2287061912939e-06,6.12370131420903e-05
477.666198730469,-1.66692664124122e-15,-2.72131364909001e-06,5.16135842190124e-05
477.99951171875,2.02844104428318e-15,5.79392121835554e-07,-1.0988925168931e-05
478.332855224609,-3.62310322844808e-16,-3.22856203638366e-06,6.1234284657985e-05
478.666198730469,-1.66694178195515e-15,-2.72119541477878e-06,5.16113432240672e-05
478.99951171875,2.02841097461355e-15,5.79525988086971e-07,-1.09914644781384e-05
479.332855224609,-3.62320196072599e-16,-3.22841810884711e-06,6.1231548897922e-05
479.666198730469,-1.66701674437098e-15,-2.72107718046755e-06,5.16090985911433e-05
479.99951171875,2.02842600944837e-15,5.79659854338388e-07,-1.09940037873457e-05
480.332855224609,-3.62294388037487e-16,-3.22827418131055e-06,6.12288204138167e-05
480.666198730469,-1.66703908486497e-15,-2.72095894615632e-06,5.16068575961981e-05
480.99951171875,2.02842516241542e-15,5.79793720589805e-07,-1.09965421870584e-05
481.332855224609,-3.62287532364571e-16,-3.228130253774e-06,6.12260919297114e-05
481.666198730469,-1.66697873376747e-15,-2.72084071184509e-06,5.16046166012529e-05
481.99951171875,2.02846751406278e-15,5.79927586841222e-07,-1.09990814962657e-05
482.332855224609,-3.6223771623936e-16,-3.22798609886377e-06,6.12233561696485e-05
482.666198730469,-1.66704162596381e-15,-2.72072247753385e-06,5.16023756063078e-05
482.99951171875,2.02840229252585e-15,5.8006145309264e-07,-1.10016198959784e-05
483.332855224609,-3.62254259851611e-16,-3.22784217132721e-06,6.12206276855431e-05
483.666168212891,-1.66701822667864e-15,-2.7206044705963e-06,5.16001309733838e-05
483.99951171875,2.02848953691941e-15,5.80195319344057e-07,-1.10041592051857e-05
484.332855224609,-3.62250395263789e-16,-3.22769824379066e-06,6.12178919254802e-05
484.666168212891,-1.66699630970113e-15,-2.72048623628507e-06,5.15978899784386e-05
484.99951171875,2.02841690384419e-15,5.80329185595474e-07,-1.10066985143931e-05
485.332855224609,-3.62204867242874e-16,-3.22755408888042e-06,6.12151634413749e-05
485.666168212891,-1.66705570788656e-15,-2.72036800197384e-06,5.15956489834934e-05
485.99951171875,2.02834829417546e-15,5.80463051846891e-07,-1.10092369141057e-05
486.332855224609,-3.62205978973618e-16,-3.22741016134387e-06,6.12124349572696e-05
486.666168212891,-1.66709213030329e-15,-2.72024976766261e-06,5.15934043505695e-05
486.99951171875,2.02847026691986e-15,5.80596918098308e-07,-1.10117762233131e-05
487.332855224609,-3.62179562133575e-16,-3.22726623380731e-06,6.12096991972066e-05
487.666168212891,-1.66711574134669e-15,-2.72013153335138e-06,5.15911633556243e-05
487.99951171875,2.02839361043814e-15,5.80730784349726e-07,-1.10143146230257e-05
488.332855224609,-3.62183479660956e-16,-3.22712207889708e-06,6.12069707131013e-05
488.666168212891,-1.6670967889845e-15,-2.72001329904015e-06,5.15889223606791e-05
488.99951171875,2.02841118637179e-15,5.80864650601143e-07,-1.10168539322331e-05
489.332855224609,-3.62184061996108e-16,-3.22697815136053e-06,6.1204242228996e-05
489.666168212891,-1.66713395255506e-15,-2.71989506472892e-06,5.1586681365734e-05
489.99951171875,2.02838683417456e-15,5.8099851685256e-07,-1.10193923319457e-05
490.332855224609,-3.62138428096074e-16,-3.22683422382397e-06,6.12015064689331e-05
490.666168212891,-1.667092765578e-15,-2.71977683041769e-06,5.158443673281e-05
490.99951171875,2.02832076560467e-15,5.81132383103977e-07,-1.10219316411531e-05
491.332855224609,-3.62131704772055e-16,-3.22669006891374e-06,6.11987779848278e-05
491.666168212891,-1.66710345936896e-15,-2.71965859610646e-06,5.15821957378648e-05
491.99951171875,2.02830149560512e-15,5.81266249355394e-07,-1.10244709503604e-05
492.332855224609,-3.6214006922241e-16,-3.22654614137718e-06,6.11960495007224e-05
492.666168212891,-1.66710801217105e-15,-2.71954036179523e-06,5.15799547429197e-05
492.99951171875,2.02838810472398e-15,5.81400115606812e-07,-1.10270093500731e-05
493.332855224609,-3.62104599717743e-16,-3.22640221384063e-06,6.11933137406595e-05
493.666168212891,-1.66718922145487e-15,-2.71942235485767e-06,5.15777101099957e-05
493.99951171875,2.02835761153788e-15,5.81533981858229e-07,-1.10295486592804e-05
494.332824707031,-3.62111031874186e-16,-3.2262580589304e-06,6.11905852565542e-05
494.666168212891,-1.66710875332488e-15,-2.71930412054644e-06,5.15754691150505e-05
494.99951171875,2.02838005791098e-15,5.81667848109646e-07,-1.10320870589931e-05
495.332824707031,-3.62079003440868e-16,-3.22611413139384e-06,6.11878494964913e-05
495.666168212891,-1.66714782271957e-15,-2.71918588623521e-06,5.15732281201053e-05
495.99951171875,2.02830255439631e-15,5.81801714361063e-07,-1.10346263682004e-05
496.332824707031,-3.62139645705936e-16,-3.22597020385729e-06,6.11851210123859e-05
496.666168212891,-1.66715703420287e-15,-2.71906765192398e-06,5.15709871251602e-05
496.99951171875,2.02834744714251e-15,5.8193558061248e-07,-1.10371647679131e-05
497.332824707031,-3.62099120473366e-16,-3.22582627632073e-06,6.11823925282806e-05
497.666168212891,-1.66720478568527e-15,-2.71894941761275e-06,5.15687424922362e-05
497.99951171875,2.02829683692391e-15,5.82069446863898e-07,-1.10397040771204e-05
498.332824707031,-3.62077971119464e-16,-3.2256821214105e-06,6.11796567682177e-05
498.666168212891,-1.66719123315812e-15,-2.71883118330152e-06,5.1566501497291e-05
498.99951171875,2.02835041175783e-15,5.82203313115315e-07,-1.10422433863278e-05
499.332824707031,-3.61995305997768e-16,-3.22553819387394e-06,6.11769282841124e-05
499.666168212891,-1.66717439837829e-15,-2.71871294899029e-06,5.15642605023459e-05
499.99951171875,2.0282616850566e-15,5.82337122523313e-07,-1.10447817860404e-05
500.0,8.13829149842813e-16,5.80788139359356e-07,-1.1015402378689e-05
