Time,U1,U2,U3
0.0,0.0,0.0,0.0
0.000740740972105414,4.77149119710984e-22,-1.15514082674184e-11,2.45428122269686e-10
0.00148148194421083,-9.95845082053934e-22,-2.47060288893763e-11,4.08476363844557e-10
0.0022222229745239,-1.41613179505204e-21,7.10340597107062e-12,-1.15446506521177e-10
0.00296296388842165,4.30084279612886e-21,-9.51471648864832e-13,1.15033239878048e-10
0.00370370503515005,-2.18684400220447e-21,-4.25943134929607e-11,6.35454744379871e-10
0.0044444459490478,-1.02391518149111e-20,1.90870999561277e-11,-2.68804006831047e-10
0.00518518686294556,7.23615014921974e-21,6.35094028148681e-13,9.56463450108025e-11
0.00592592777684331,7.82187722564468e-21,-5.50676657051774e-11,7.9341783143505e-10
0.00666666915640235,-9.01166344570284e-21,3.25170966541943e-11,-4.3782430458883e-10
0.0074074100703001,3.94371564459476e-21,-4.43064031643847e-12,1.56059429268218e-10
0.00814815144985914,3.91717518305595e-21,-6.0591857919956e-11,8.69864180685909e-10
0.00888889189809561,-1.00125019036909e-20,4.3067490546056e-11,-5.79046588455867e-10
0.00962963327765465,5.15728290336703e-21,-1.15492337915413e-11,2.52736914729823e-10
0.0103703737258911,1.59550972770877e-21,-6.19043913352435e-11,8.82409145752661e-10
0.0111111151054502,-8.24532261343794e-21,5.120949844728e-11,-6.80349998560814e-10
0.0118518555536866,9.70892904226459e-21,-2.02257498943537e-11,3.61779495250403e-10
0.0125925969332457,2.95144727050687e-21,-5.86767162635837e-11,8.42697356340238e-10
0.0133333383128047,-8.78598611793721e-21,5.49108467029491e-11,-7.29063642790351e-10
0.0140740787610412,3.94794929067912e-21,-2.73232270142643e-11,4.53456050486523e-10
0.0148148201406002,3.57889708661298e-21,-5.36357312730384e-11,7.78224873432265e-10
0.0155555605888367,1.39484075476449e-22,5.52197419734224e-11,-7.34112104439077e-10
0.0162963028997183,-1.35292921858059e-21,-3.20536999720566e-11,5.15923914701233e-10
0.0170370433479548,-3.19628000907388e-21,-4.8462539536942e-11,7.09754977012977e-10
0.0177777837961912,9.03518316319805e-21,5.34439333066405e-11,-7.09263980880337e-10
0.0185185242444277,-2.59165904501485e-21,-3.46668423134577e-11,5.47599465772208e-10
0.0192592665553093,-1.35648088494607e-20,-4.36877166387628e-11,6.50152764958278e-10
0.0200000070035458,1.54889246583128e-20,5.00015549798061e-11,-6.66678434679824e-10
0.0207407474517822,7.24081838824313e-21,-3.47015437218712e-11,5.49604417532379e-10
0.0214814897626638,-2.02627826905738e-20,-4.07315882411385e-11,6.10760775288099e-10
0.0222222302109003,6.77070918946808e-21,4.66609251237315e-11,-6.22615292655837e-10
0.0229629706591368,1.39658799710366e-20,-3.34616050146064e-11,5.32900890082288e-10
0.0237037111073732,-1.44017346836053e-20,-3.91894953988281e-11,5.91336035693502e-10
0.0244444534182549,-3.537184242403e-21,4.37249889073676e-11,-5.84976345141541e-10
0.0251851938664913,1.28258344476568e-20,-3.13586795419596e-11,5.05778585679906e-10
0.0259259343147278,-2.02018245685281e-21,-3.90715723663781e-11,5.90017812385213e-10
0.0266666766256094,-8.99234667813645e-21,4.17216088066663e-11,-5.59498447572082e-10
0.0274074170738459,2.79694968263467e-21,-2.90883463149871e-11,4.7695736249409e-10
0.0281481575220823,6.94936485370176e-21,-4.00023209001787e-11,6.01518168608095e-10
0.0288888998329639,-4.35067356178986e-21,4.08501808768502e-11,-5.47752176949245e-10
0.0296296402812004,-5.30872561791742e-21,-2.72839823650672e-11,4.53196730143546e-10
0.0303703807294369,6.78925936093944e-21,-4.13147849265272e-11,6.18906870197833e-10
0.0311111211776733,2.40212401702154e-21,4.07663555690441e-11,-5.47095591052482e-10
0.0318518616259098,-6.70531870412056e-21,-2.59987881917612e-11,4.36994634922527e-10
0.0325926057994366,6.40831623361945e-22,-4.27753769904893e-11,6.37439490080993e-10
0.033333346247673,5.38269163977165e-21,4.13697652523748e-11,-5.54653656337223e-10
0.0340740866959095,-2.15712830610239e-21,-2.54368158481011e-11,4.29603908003173e-10
0.034814827144146,-5.69811766010249e-21,-4.3954954259684e-11,6.52725651306696e-10
0.0355555675923824,3.60951165500667e-21,4.22524931709134e-11,-5.66058866446895e-10
0.0362963080406189,5.37121329708212e-21,-2.54315735137567e-11,4.2951991963136e-10
0.0370370484888554,-7.8153785263986e-21,-4.47371723000245e-11,6.62858157252089e-10
0.0377777926623821,-2.09167097583721e-21,4.31617137863771e-11,-5.77853431771302e-10
0.0385185331106186,1.03649761642793e-20,-2.58037150674406e-11,4.34408758964722e-10
0.0392592735588551,-4.3384678009933e-21,-4.51081637320438e-11,6.67539468146572e-10
0.0400000140070915,-7.00010640660949e-21,4.39321599932097e-11,-5.87683512964787e-10
0.040740754455328,8.75365337262662e-21,-2.63884018802951e-11,4.41851832899687e-10
0.0414814949035645,1.59766598117444e-22,-4.50936579743377e-11,6.67433164291964e-10
0.0422222353518009,-6.61793361553222e-21,4.44238534846875e-11,-5.9408661323701e-10
0.0429629795253277,3.86577002773297e-21,-2.69729273638664e-11,4.49435738625326e-10
0.0437037199735641,1.15314955062287e-21,-4.4844804952815e-11,6.64191091015454e-10
0.0444444604218006,-2.13352599171496e-21,4.46493536587766e-11,-5.96973082078733e-10
0.0451852008700371,9.29599345267409e-22,-2.74582006437596e-11,4.55683935030038e-10
0.0459259413182735,-1.51263747885638e-21,-4.44735220872516e-11,6.59400090086137e-10
0.04666668176651,2.01393094243821e-21,4.46414502586201e-11,-5.96855620482728e-10
0.0474074222147465,1.35800377776815e-21,-2.77769335310651e-11,4.59769111671449e-10
0.0481481663882732,-5.27011227762382e-21,-4.40910329080335e-11,6.54497733787451e-10
0.0488889068365097,3.14039826375128e-21,4.44714300107396e-11,-5.94693794209178e-10
0.0496296472847462,4.06964985388812e-21,-2.7912120531548e-11,4.61540805574145e-10
0.0503703877329826,-7.11151729536273e-21,-4.37849236034626e-11,6.50524856204981e-10
0.0511111281812191,1.14416345303577e-21,4.42334467665173e-11,-5.91601767574446e-10
0.0518518686294556,6.4247477645131e-21,-2.79043420314817e-11,4.61419319419676e-10
0.0525926128029823,-5.76373028868092e-21,-4.35829150546851e-11,6.47938425135663e-10
0.0533333532512188,-1.75068454951265e-21,4.39883303393618e-11,-5.8845550654496e-10
0.0540740936994553,6.27261640594688e-21,-2.77936874903961e-11,4.60001675639532e-10
0.0548148341476917,-2.82171340222298e-21,-4.34975631902201e-11,6.46834197315371e-10
0.0555555745959282,-3.09610714442401e-21,4.37911304440597e-11,-5.8591359541893e-10
0.0562963150441647,4.0888616082908e-21,-2.76375623775582e-11,4.57992255231687e-10
0.0570370554924011,-5.93162513286092e-22,-4.35072672333447e-11,6.46954323446636e-10
0.0577777996659279,-2.08406479161084e-21,4.36654080948617e-11,-5.84286896643249e-10
0.0585185401141644,1.83880897116313e-21,-2.74819871720622e-11,4.55980031510705e-10
0.0592592805624008,-6.38718233442422e-22,-4.35785678376543e-11,6.47880915582988e-10
0.0600000210106373,-1.14660377215797e-22,4.3611520644804e-11,-5.8360027921367e-10
0.0607407614588737,1.27929146383714e-21,-2.73554234819784e-11,4.54356413603918e-10
0.0614815019071102,-2.35700632292689e-21,-4.36801636527484e-11,6.49183540257781e-10
0.0622222423553467,9.75513624793266e-22,4.36197779285497e-11,-5.83701142975457e-10
0.0629629865288734,2.56304517933809e-21,-2.72760685565698e-11,4.53329512817291e-10
0.0637037232518196,-4.00777650173108e-21,-4.37802294417367e-11,6.50476172925352e-10
0.0644444674253464,4.66967487644801e-22,4.36670907766334e-11,-5.84312986884328e-10
0.0651852115988731,4.45554576551545e-21,-2.72433100384495e-11,4.52908655024231e-10
0.0659259483218193,-4.35378639430008e-21,-4.3860429177478e-11,6.51509235449765e-10
0.0666666924953461,-1.12103753490445e-21,4.37323822988223e-11,-5.8515481349275e-10
0.0674074292182922,5.39764268700547e-21,-2.72492705483129e-11,4.52986509413833e-10
0.068148173391819,-3.34550573417979e-21,-4.39110171834844e-11,6.52159826142196e-10
0.0688889101147652,-2.31304094635548e-21,4.37971117706049e-11,-5.8598753627237e-10
0.0696296542882919,4.90748243631168e-21,-2.72807818002541e-11,4.5339124121746e-10
0.0703703984618187,-2.10077157816242e-21,-4.39309526256704e-11,6.5241789748427e-10
0.0711111351847649,-2.26376917384281e-21,4.38481612130559e-11,-5.86646620170939e-10
0.0718518793582916,3.67950414030509e-21,-2.73230309905115e-11,4.53936860322912e-10
0.0725926160812378,-1.69072314375438e-21,-4.39264388751859e-11,6.52358889130511e-10
0.0733333602547646,-1.21882155202848e-21,4.38801564528468e-11,-5.87058512913075e-10
0.0740740969777107,2.83228358299486e-21,-2.7364588026102e-11,4.54472404154416e-10
0.0748148411512375,-2.32622938802623e-21,-4.39058615853138e-11,6.52093434805323e-10
0.0755555853247643,-1.45146784111389e-22,4.38926395229799e-11,-5.87218995651284e-10
0.0762963220477104,2.9407545070612e-21,-2.73973777692449e-11,4.54894594215105e-10
0.0770370662212372,-3.3399018682575e-21,-4.38783696876666e-11,6.51739662238526e-10
0.0777778029441833,1.68979660453309e-22,4.38892464038609e-11,-5.8717597450908e-10
0.0785185471177101,3.73004899547927e-21,-2.74175578074409e-11,4.55155552137043e-10
0.0792592838406563,-3.89940897524132e-21,-4.38517833156737e-11,6.51396103723556e-10
0.080000028014183,-3.57252258562781e-22,4.38759063803307e-11,-5.87003334828751e-10
0.0807407721877098,4.43839428860526e-21,-2.74253796755941e-11,4.55255833031742e-10
0.081481508910656,-3.64629615066471e-21,-4.38308347949778e-11,6.51126541573177e-10
0.0822222530841827,-1.14511129781239e-21,4.38582052619818e-11,-5.86775683597551e-10
0.0829629898071289,4.49938229901292e-21,-2.74230291252842e-11,4.55226051299107e-10
0.0837037339806557,-2.9083704668591e-21,-4.38180568218538e-11,6.50961451409415e-10
0.0844444707036018,-1.51689576264453e-21,4.38411910941294e-11,-5.86556192505583e-10
0.0851852148771286,3.96598408985476e-21,-2.7414339895393e-11,4.55114140818225e-10
0.0859259590506554,-2.33450422337764e-21,-4.38132828628479e-11,6.50899778520397e-10
0.0866666957736015,-1.26700250030319e-21,4.38279725012425e-11,-5.86385773271303e-10
0.0874074399471283,3.35017478099674e-21,-2.74030451108409e-11,4.54968590579696e-10
0.0881481766700745,-2.32520813500922e-21,-4.38149065640214e-11,6.50920706224412e-10
0.0888889208436012,-7.14534304513343e-22,4.38199476704426e-11,-5.86282522530013e-10
0.0896296575665474,3.14198981902656e-21,-2.73921961502221e-11,4.54829091056652e-10
0.0903704017400742,-2.76720753129328e-21,-4.38206068653635e-11,6.50993814410583e-10
0.0911111459136009,-3.5415416828515e-22,4.38171235406237e-11,-5.86245940681351e-10
0.0918518826365471,3.43455245413534e-21,-2.73838850900487e-11,4.54721982290351e-10
0.0925926268100739,-3.22946073568138e-21,-4.38278788261748e-11,6.51087517233861e-10
0.09333336353302,-4.47940768456045e-22,4.38183586637386e-11,-5.86261927892906e-10
0.0940741077065468,3.91448684606515e-21,-2.73789272503544e-11,4.54658310999889e-10
0.094814844429493,-3.3418765196319e-21,-4.38348107811848e-11,6.51176612631588e-10
0.0955555886030197,-8.45783997425605e-22,4.3822157708151e-11,-5.86310833217141e-10
0.0962963327765465,4.18123966891643e-21,-2.737729314084e-11,4.54637355540299e-10
0.0970370694994926,-3.08591561688663e-21,-4.38400947488926e-11,6.51244558280695e-10
0.0977778136730194,-1.18743109791373e-21,4.38269455449447e-11,-5.86372506106159e-10
0.0985185503959656,4.07341417191009e-21,-2.73782663207101e-11,4.5465001208278e-10
0.0992592945694923,-2.73277856167646e-21,-4.38431929650207e-11,6.51284359776128e-10
0.100000031292439,-1.21557462578614e-21,4.38314627648762e-11,-5.864307373038e-10
0.100740775465965,3.74945542813159e-21,-2.73808423850719e-11,4.5468337428467e-10
0.101481519639492,-2.5815769735058e-21,-4.38441678796142e-11,6.51296738762852e-10
0.102222256362438,-9.66603964672436e-22,4.38349079256994e-11,-5.86475090713634e-10
0.102963000535965,3.50495974143038e-21,-2.73840342762677e-11,4.54724646825611e-10
0.103703737258911,-2.71856947283387e-21,-4.38434774596708e-11,6.51287690445201e-10
0.104444481432438,-6.78867694177767e-22,4.38369375521663e-11,-5.86501236465864e-10
0.105185225605965,3.51592796248238e-21,-2.73870284089872e-11,4.54763365853594e-10
0.105925962328911,-2.99011816609211e-21,-4.38417739612174e-11,6.51265597007011e-10
0.106666706502438,-5.81851989710102e-22,4.38376036859811e-11,-5.86509785183154e-10
0.107407443225384,3.72621641890089e-21,-2.7389316509252e-11,4.54793008808352e-10
0.108148187398911,-3.15767494866434e-21,-4.38396957624931e-11,6.51238674098664e-10
0.108888924121857,-7.13074974947557e-22,4.38372116384755e-11,-5.86504733668392e-10
0.109629668295383,3.93176191539108e-21,-2.7390693879692e-11,4.54810883399048e-10
0.11037041246891,-3.11123227117151e-21,-4.3837756341647e-11,6.51213527547156e-10
0.111111149191856,-9.25566031987646e-22,4.38361777432839e-11,-5.86491355480945e-10
0.111851893365383,3.97193591285602e-21,-2.73911952147765e-11,4.54817489226045e-10
0.112592630088329,-2.92499102144742e-21,-4.38362818266924e-11,6.5119432068883e-10
0.113333374261856,-1.03700367890279e-21,4.38349148645933e-11,-5.86475090713634e-10
0.114074110984802,3.84284242292233e-21,-2.73910234771524e-11,4.54815379802298e-10
0.114814855158329,-2.76555034279069e-21,-4.38353936482727e-11,6.51182774369374e-10
0.115555599331856,-9.77849965737267e-22,4.38337525998644e-11,-5.86460102702802e-10
0.116296336054802,3.67488760006999e-21,-2.73904458142349e-11,4.54808080085911e-10
0.117037080228329,-2.75448458066548e-21,-4.38350709897062e-11,6.51178388988427e-10
0.117777816951275,-8.29937107126036e-22,4.38328921770204e-11,-5.86449000472555e-10
0.118518561124802,3.60564070823387e-21,-2.73897293734393e-11,4.54799004012685e-10
0.119259297847748,-2.86896730640542e-21,-4.38351750731147e-11,6.51179610233754e-10
0.120000042021275,-7.2190562276012e-22,4.3832413393341e-11,-5.86442783223617e-10
0.120740786194801,3.67172145318434e-21,-2.73890823215828e-11,4.54790788362303e-10
0.121481522917747,-2.99749210966798e-21,-4.38355324261508e-11,6.51184051125853e-10
0.122222267091274,-7.34166767903113e-22,4.38322919626977e-11,-5.86441173400232e-10
0.12296300381422,3.79788346026359e-21,-2.73886330282025e-11,4.54785126224877e-10
0.123703747987747,-3.03616886175659e-21,-4.38359765153606e-11,6.51189602240976e-10
0.124444484710693,-8.35588329946197e-22,4.38324446183636e-11,-5.86443171801676e-10
0.125185236334801,3.87486174432895e-21,-2.73884300655558e-11,4.54782655978647e-10
0.125925973057747,-2.9697757026441e-21,-4.38363720323132e-11,6.51194542733435e-10
0.126666709780693,-9.3235260866615e-22,4.38327568685892e-11,-5.86447168604565e-10
0.127407446503639,3.84992475302054e-21,-2.73884560864079e-11,4.54783127823433e-10
0.128148198127747,-2.87205105834724e-21,-4.38366357102815e-11,6.51197817891358e-10
0.128888934850693,-9.47254885363371e-22,4.38331246299661e-11,-5.86451887052419e-10
0.129629671573639,3.76467668231356e-21,-2.73886573143312e-11,4.54785875625419e-10
0.130370423197746,-2.82621967863619e-21,-4.3836743263137e-11,6.51199039136685e-10
0.131111159920692,-8.88343611242131e-22,4.38334542274266e-11,-5.86456105899913e-10
0.131851896643639,3.69647871042411e-21,-2.7388959156216e-11,4.54789900183883e-10
0.132592633366585,-2.85597879364249e-21,-4.38367050992206e-11,6.5119837300287e-10
0.133333384990692,-8.09629984646573e-22,4.38337040276071e-11,-5.86459270035533e-10
0.134074121713638,3.69511434708954e-21,-2.73892939578468e-11,4.54794341075981e-10
0.134814858436584,-2.9294807380925e-21,-4.38365524435547e-11,6.51196263579124e-10
0.135555610060692,-7.81282135488824e-22,4.38338497443791e-11,-5.86461157414675e-10
0.136296346783638,3.74834875094487e-21,-2.73896027386256e-11,4.54798476656748e-10
0.137037083506584,-2.97800833078163e-21,-4.38363373378436e-11,6.51193321488108e-10
0.13777782022953,-8.13174330382843e-22,4.38338983166364e-11,-5.86461768037339e-10
0.138518571853638,3.805288099995e-21,-2.73898594777e-11,4.54801890592549e-10
0.139259308576584,-2.96700941357409e-21,-4.38361048848979e-11,6.51190157352488e-10
0.14000004529953,-8.6828155313604e-22,4.38338774999547e-11,-5.86461490481582e-10
0.140740796923637,3.81897252691585e-21,-2.73900485625589e-11,4.54804471861081e-10
0.141481533646584,-2.92120772027662e-21,-4.38358863097399e-11,6.51187215261473e-10
0.14222227036953,-8.99976141528745e-22,4.38338185193565e-11,-5.86460713325465e-10
0.142963007092476,3.78807401908337e-21,-2.73901769320961e-11,4.5480624821792e-10
0.143703758716583,-2.88000297822026e-21,-4.38357058984984e-11,6.51184717259667e-10
0.144444495439529,-8.89156857415654e-22,4.38337456609705e-11,-5.86459769635894e-10
0.145185232162476,3.74397333708951e-21,-2.7390260198823e-11,4.54807469463248e-10
0.145925983786583,-2.87245071421449e-21,-4.38355636511734e-11,6.51182774369374e-10
0.146666720509529,-8.47580025447515e-22,4.38336866803724e-11,-5.86458936968626e-10
0.147407457232475,3.72428983124373e-21,-2.73903191794211e-11,4.54808357641667e-10
0.148148193955421,-2.90177866940443e-21,-4.38354665066587e-11,6.51181275568291e-10
0.148888945579529,-8.19857004613799e-22,4.38336485164559e-11,-5.86458437368265e-10
0.149629682302475,3.7396088284473e-21,-2.73903712211254e-11,4.5480916255336e-10
0.150370419025421,-2.93496626225725e-21,-4.38353936482727e-11,6.51180220856418e-10
0.151111170649529,-8.19390604803083e-22,4.3833638108115e-11,-5.86458326345962e-10
0.151851907372475,3.77157645106563e-21,-2.73904302017236e-11,4.54810078487355e-10
0.152592644095421,-2.94408887695716e-21,-4.38353381371215e-11,6.51179332677998e-10
0.153333380818367,-8.42791172747167e-22,4.38336554553498e-11,-5.86458492879416e-10
0.154074132442474,3.79249588106884e-21,-2.73905047948331e-11,4.54811160954804e-10
0.154814869165421,-2.9327312994059e-21,-4.38352860954172e-11,6.5117850001073e-10
0.155555605888367,-8.67918651876089e-22,4.38336866803724e-11,-5.86458881457474e-10
0.156296357512474,3.78969728025615e-21,-2.73905967351773e-11,4.54812493222434e-10
0.15703709423542,-2.90444923493676e-21,-4.3835227114819e-11,6.5117761183231e-10
0.157777830958366,-8.75287142845382e-22,4.38337317831827e-11,-5.86459436568987e-10
0.158518567681313,3.76874311512956e-21,-2.73907042880328e-11,4.54814019779093e-10
0.15925931930542,-2.89147384881929e-21,-4.38351611953269e-11,6.51176612631588e-10
0.160000056028366,-8.60926491734798e-22,4.38337768859931e-11,-5.86459991680499e-10
0.160740792751312,3.75151893679835e-21,-2.73908239839527e-11,4.54815712869205e-10
0.16148154437542,-2.89755350515252e-21,-4.3835081398047e-11,6.51175446897412e-10
0.162222281098366,-8.41706305986758e-22,4.38338185193565e-11,-5.86460546792011e-10
0.162963017821312,3.74773280835007e-21,-2.73909506187664e-11,4.54817461470469e-10
0.163703754544258,-2.91283352631648e-21,-4.38349946618732e-11,6.51174114629782e-10
0.164444506168365,-8.31359177213547e-22,4.3833853213826e-11,-5.86460990881221e-10
0.165185242891312,3.75979801306598e-21,-2.73910772535801e-11,4.54819237827309e-10
0.165925979614258,-2.92771934421978e-21,-4.38348975173586e-11,6.51172726851001e-10
0.166666731238365,-8.37772199854436e-22,4.38338844388486e-11,-5.86461323948129e-10
0.167407467961311,3.7746222367098e-21,-2.73912021536704e-11,4.54820986428572e-10
0.168148204684258,-2.92946801534383e-21,-4.3834796903397e-11,6.51171283561069e-10
0.168888941407204,-8.51263463138594e-22,4.38339052555303e-11,-5.86461601503885e-10
0.169629693031311,3.780727136592e-21,-2.73913235843137e-11,4.54822679518685e-10
0.170370429754257,-2.91807913579184e-21,-4.38346962894354e-11,6.51169840271137e-10
0.171111166477203,-8.62328720392821e-22,4.38339226027651e-11,-5.86461768037339e-10
0.171851918101311,3.77429346472805e-21,-2.73914380760631e-11,4.54824317097646e-10
0.172592654824257,-2.90565022202241e-21,-4.38345991449207e-11,6.51168396981205e-10
0.173333391547203,-8.61571514898004e-22,4.38339364805529e-11,-5.86461934570792e-10
0.174074128270149,3.76257682293628e-21,-2.73915508330891e-11,4.54825871409881e-10
0.174814879894257,-2.90269975601914e-21,-4.38345020004061e-11,6.51167009202425e-10
0.175555616617203,-8.51548109396747e-22,4.38339503583407e-11,-5.86462101104246e-10
0.176296353340149,3.75564878140937e-21,-2.73916601206681e-11,4.54827425722115e-10
0.177037104964256,-2.90783712115653e-21,-4.38344083253384e-11,6.51165621423644e-10
0.177777841687202,-8.40691666779576e-22,4.38339677055755e-11,-5.86462323148851e-10
0.178518578410149,3.75847525110011e-21,-2.73917676735236e-11,4.54828952278774e-10
0.179259315133095,-2.91914219212594e-21,-4.38343181197176e-11,6.51164344667166e-10
0.180000066757202,-8.40421661779824e-22,4.38339850528102e-11,-5.86462489682305e-10
0.180740803480148,3.76695627575948e-21,-2.73918734916556e-11,4.54830451079857e-10
0.181481540203094,-2.92313915469519e-21,-4.38342279140969e-11,6.51163012399536e-10
0.182222291827202,-8.45765973531643e-22,4.3834002400045e-11,-5.86462711726909e-10
0.182963028550148,3.77405637731615e-21,-2.73919810445111e-11,4.54831977636516e-10
0.183703765273094,-2.91969452097734e-21,-4.38341411779231e-11,6.51161735643058e-10
0.18444450199604,-8.55482770887146e-22,4.38340232167267e-11,-5.86462989282666e-10
0.185185253620148,3.7735591803757e-21,-2.73920903320901e-11,4.54833531948751e-10
0.185925990343094,-2.90932628859719e-21,-4.38340544417493e-11,6.51160458886579e-10
0.18666672706604,-8.5637275744953e-22,4.38340440334084e-11,-5.86463211327271e-10
0.187407478690147,3.76682420151128e-21,-2.73922013543926e-11,4.54835086260985e-10
0.188148215413094,-2.90884201635381e-21,-4.38339642361285e-11,6.5115912661895e-10
0.18888895213604,-8.52166273423852e-22,4.38340683195371e-11,-5.86463488883027e-10
0.189629688858986,3.7626741620611e-21,-2.7392312376695e-11,4.5483664057322e-10
0.190370440483093,-2.90937051529498e-21,-4.38338740305078e-11,6.51157849862471e-10
0.191111177206039,-8.46469107344572e-22,4.38340891362188e-11,-5.86463766438783e-10
0.191851913928986,3.76130374027477e-21,-2.73924233989975e-11,4.5483822264103e-10
0.192592665553093,-2.91257382068471e-21,-4.3833787294334e-11,6.51156517594842e-10
0.193333402276039,-8.43672021144824e-22,4.38341134223474e-11,-5.86464043994539e-10
0.194074138998985,3.76423279974852e-21,-2.73925361560234e-11,4.5483980470884e-10
0.194814875721931,-2.91824594516342e-21,-4.38336970887132e-11,6.51155185327212e-10
0.195555627346039,-8.46756328444719e-22,4.38341342390292e-11,-5.86464321550295e-10
0.196296364068985,3.7688105658924e-21,-2.73926489130494e-11,4.54841414532225e-10
0.197037100791931,-2.91687835065458e-21,-4.38336034136455e-11,6.51153908570734e-10
0.197777852416039,-8.47840639847051e-22,4.38341550557109e-11,-5.864645435949e-10
0.198518589138985,3.77137611826103e-21,-2.73927616700753e-11,4.54842996600036e-10
0.199259325861931,-2.91469084567528e-21,-4.38335132080248e-11,6.51152576303105e-10
0.200000062584877,-8.51023346500819e-22,4.38341758723926e-11,-5.86464821150656e-10
0.200740814208984,3.77021289552462e-21,-2.73928726923778e-11,4.54844578667846e-10
0.201481550931931,-2.91135930305681e-21,-4.3833423002404e-11,6.51151244035475e-10
0.202222287654877,-8.52530386374153e-22,4.38341966890743e-11,-5.86465043195261e-10
0.202963039278984,3.76529989505046e-21,-2.73929837146802e-11,4.5484613298008e-10
0.20370377600193,-2.90839389287255e-21,-4.38333327967833e-11,6.51149911767845e-10
0.204444512724876,-8.4972441444517e-22,4.3834217505756e-11,-5.86465320751017e-10
0.205185264348984,3.76275090244996e-21,-2.73930964717062e-11,4.5484771504789e-10
0.20592600107193,-2.91198736255511e-21,-4.38332391217156e-11,6.51148579500216e-10
0.206666737794876,-8.46598960160458e-22,4.38342383224377e-11,-5.86465542795622e-10
0.207407474517822,3.76415282818539e-21,-2.73932074940086e-11,4.54849269360125e-10
0.20814822614193,-2.91489865057038e-21,-4.38331489160948e-11,6.51147247232586e-10
0.208888962864876,-8.47061119054948e-22,4.38342591391194e-11,-5.86465764840227e-10
0.209629699587822,3.76672888187038e-21,-2.73933185163111e-11,4.54850851427935e-10
0.210370451211929,-2.91371745442711e-21,-4.3833058710474e-11,6.51145914964957e-10
0.211111187934875,-8.4710211457847e-22,4.38342799558011e-11,-5.86466042395983e-10
0.211851924657822,3.76813040370904e-21,-2.73934295386136e-11,4.54852405740169e-10
0.212592661380768,-2.91583528721126e-21,-4.38329685048533e-11,6.51144582697327e-10
0.213333413004875,-8.48118116937297e-22,4.38343007724828e-11,-5.86466264440588e-10
0.214074149727821,3.76879158274358e-21,-2.7393540560916e-11,4.54853987807979e-10
0.214814886450768,-2.91288078224015e-21,-4.38328782992325e-11,6.51143250429698e-10
0.215555638074875,-8.49424218160853e-22,4.38343215891646e-11,-5.86466541996344e-10
0.216296374797821,3.76788160329042e-21,-2.73936515832185e-11,4.54855542120214e-10
0.217037111520767,-2.91288785043386e-21,-4.38327880936118e-11,6.51141973673219e-10
0.217777848243713,-8.50156987900269e-22,4.38343424058463e-11,-5.86466764040949e-10
0.218518599867821,3.76757464173498e-21,-2.7393762605521e-11,4.54857124188024e-10
0.219259336590767,-2.91222525776057e-21,-4.3832697887991e-11,6.5114064140559e-10
0.220000073313713,-8.47052233325711e-22,4.3834363222528e-11,-5.86467041596705e-10
0.22074082493782,3.76736421151079e-21,-2.73938736278234e-11,4.54858706255834e-10
0.221481561660767,-2.91129488151984e-21,-4.38326076823703e-11,6.5113930913796e-10
0.222222298383713,-8.46219499132385e-22,4.38343840392097e-11,-5.8646726364131e-10
0.222963035106659,3.76668647270812e-21,-2.73939846501259e-11,4.54860260568068e-10
0.223703786730766,-2.91299104606204e-21,-4.38325174767495e-11,6.51137976870331e-10
0.224444523453712,-8.48583002135074e-22,4.38344048558914e-11,-5.86467541197067e-10
0.225185260176659,3.76802902561638e-21,-2.73940956724283e-11,4.54861842635879e-10
0.225926011800766,-2.91326549392641e-21,-4.38324272711288e-11,6.51136644602701e-10
0.226666748523712,-8.47827614175784e-22,4.38344256725731e-11,-5.86467763241671e-10
0.227407485246658,3.76833073651364e-21,-2.73942084294543e-11,4.54863396948113e-10
0.228148221969604,-2.91327740888152e-21,-4.3832337065508e-11,6.51135367846223e-10
0.228888973593712,-8.49815291221451e-22,4.38344464892548e-11,-5.86468040797428e-10
0.229629710316658,3.76731372441285e-21,-2.73943194517567e-11,4.54864979015923e-10
0.230370447039604,-2.91205016850494e-21,-4.38322468598873e-11,6.51134035578593e-10
0.231111198663712,-8.48050565200261e-22,4.38344673059365e-11,-5.86468262842033e-10
0.231851935386658,3.76554263701732e-21,-2.73944304740592e-11,4.54866561083733e-10
0.232592672109604,-2.91223535518016e-21,-4.38321566542665e-11,6.51132703310964e-10
0.23333340883255,-8.45762994792865e-22,4.38344881226183e-11,-5.86468540397789e-10
0.234074160456657,3.76578174391314e-21,-2.73945414963617e-11,4.54868115395968e-10
0.234814897179604,-2.91302982015325e-21,-4.38320664486458e-11,6.51131371043334e-10
0.23555563390255,-8.46507174616414e-22,4.38345089393e-11,-5.86468762442394e-10
0.236296385526657,3.76703099666442e-21,-2.73946525186641e-11,4.54869697463778e-10
0.237037122249603,-2.91347572220221e-21,-4.3831976243025e-11,6.51130038775705e-10
0.237777858972549,-8.46020983863308e-22,4.38345297559817e-11,-5.8646903999815e-10
0.238518595695496,3.76881945162164e-21,-2.73947635409666e-11,4.54871251776012e-10
0.239259347319603,-2.91396484120699e-21,-4.38318825679573e-11,6.51128706508075e-10
0.240000084042549,-8.47981397876091e-22,4.38345505726634e-11,-5.86469262042755e-10
0.240740820765495,3.76995601717033e-21,-2.73948762979925e-11,4.54872833843822e-10
0.241481572389603,-2.91104446551409e-21,-4.38317923623366e-11,6.51127429751597e-10
0.242222309112549,-8.4957265022878e-22,4.38345713893451e-11,-5.86469539598511e-10
0.242963045835495,3.76856943951267e-21,-2.7394987320295e-11,4.54874415911632e-10
0.243703782558441,-2.90795667460444e-21,-4.38317021567158e-11,6.51126097483967e-10
0.244444534182549,-8.46097067919895e-22,4.38345922060268e-11,-5.86469761643116e-10
0.245185270905495,3.76739773494382e-21,-2.73950983425975e-11,4.54875970223867e-10
0.245926007628441,-2.91153822933188e-21,-4.38316119510951e-11,6.51124765216338e-10
0.246666759252548,-8.45874571279299e-22,4.38346130227085e-11,-5.86470039198872e-10
0.247407495975494,3.76781334473401e-21,-2.73952093648999e-11,4.54877552291677e-10
0.248148232698441,-2.91128700553256e-21,-4.38315217454743e-11,6.51123432948708e-10
0.248888969421387,-8.45398225510291e-22,4.38346338393902e-11,-5.86470261243477e-10
0.249629721045494,3.76816917780025e-21,-2.73953203872024e-11,4.54879106603912e-10
0.250370472669601,-2.91254898103253e-21,-4.38314315398536e-11,6.51122100681079e-10
0.251111209392548,-8.45333904947523e-22,4.38346546560719e-11,-5.86470538799233e-10
0.251851946115494,3.77031386972049e-21,-2.73954314095048e-11,4.54880688671722e-10
0.25259268283844,-2.91313422747178e-21,-4.38313413342328e-11,6.511208239246e-10
0.253333419561386,-8.4535107056082e-22,4.38346754727537e-11,-5.86470760843838e-10
0.254074156284332,3.77132886233736e-21,-2.73955424318073e-11,4.54882270739532e-10
0.254814893007278,-2.91067469800882e-21,-4.38312511286121e-11,6.51119491656971e-10
0.255555659532547,-8.47271044408158e-22,4.38346962894354e-11,-5.86471038399594e-10
0.256296396255493,3.77118951794706e-21,-2.73956551888332e-11,4.54883825051766e-10
0.257037132978439,-2.91002543392939e-21,-4.38311609229913e-11,6.51118159389341e-10
0.257777869701385,-8.48438508060787e-22,4.38347171061171e-11,-5.86471260444199e-10
0.258518606424332,3.76894385183095e-21,-2.73957662111357e-11,4.54885407119576e-10
0.259259343147278,-2.90855302820523e-21,-4.38310707173706e-11,6.51116827121712e-10
0.260000079870224,-8.46324865705774e-22,4.38347379227988e-11,-5.86471537999955e-10
0.260740846395493,3.76759160539988e-21,-2.73958772334382e-11,4.54886989187386e-10
0.261481583118439,-2.91019709006236e-21,-4.38309805117498e-11,6.51115494854082e-10
0.262222319841385,-8.43569835258606e-22,4.38347587394805e-11,-5.8647176004456e-10
0.262963056564331,3.7669288107782e-21,-2.73959882557406e-11,4.54888543499621e-10
0.263703793287277,-2.91070337468045e-21,-4.38308903061291e-11,6.51114162586452e-10
0.264444530010223,-8.43102173270442e-22,4.38347795561622e-11,-5.86472037600316e-10
0.26518526673317,3.76907875335663e-21,-2.73960992780431e-11,4.54890125567431e-10
0.265926033258438,-2.91544936383465e-21,-4.38308001005083e-11,6.51112885829974e-10
0.266666769981384,-8.43993825907057e-22,4.38348003728439e-11,-5.86472259644921e-10
0.26740750670433,3.77111883600995e-21,-2.73962103003456e-11,4.54891679879665e-10
0.268148243427277,-2.91401956922115e-21,-4.38307098948876e-11,6.51111553562345e-10
0.268888980150223,-8.45029265798588e-22,4.38348211895256e-11,-5.86472537200677e-10
0.269629716873169,3.77147668856011e-21,-2.73963230573715e-11,4.54893261947475e-10
0.270370453596115,-2.91096530174453e-21,-4.38306162198199e-11,6.51110221294715e-10
0.271111220121384,-8.47012146569951e-22,4.38348454756543e-11,-5.86472759245282e-10
0.27185195684433,3.77045563749149e-21,-2.7396434079674e-11,4.54894844015286e-10
0.272592693567276,-2.90909768301775e-21,-4.38305260141991e-11,6.51108889027086e-10
0.273333430290222,-8.4736727281682e-22,4.3834866292336e-11,-5.86473036801038e-10
0.274074167013168,3.76768934842148e-21,-2.73965451019764e-11,4.5489639832752e-10
0.274814903736115,-2.90823738286895e-21,-4.38304358085784e-11,6.51107556759456e-10
0.275555640459061,-8.43832822551745e-22,4.38348871090177e-11,-5.86473258845643e-10
0.276296406984329,3.76752294294669e-21,-2.73966561242789e-11,4.5489798039533e-10
0.277037143707275,-2.90996565720543e-21,-4.38303456029576e-11,6.51106224491826e-10
0.277777880430222,-8.43863821629876e-22,4.38349079256994e-11,-5.864735364014e-10
0.278518617153168,3.76819381550404e-21,-2.73967671465813e-11,4.54899534707565e-10
0.279259353876114,-2.9127598151535e-21,-4.38302553973369e-11,6.51104947735348e-10
0.28000009059906,-8.43918701105331e-22,4.38349287423812e-11,-5.86473758446004e-10
0.280740827322006,3.76988533523323e-21,-2.73968781688838e-11,4.54901116775375e-10
0.281481593847275,-2.91393919376124e-21,-4.38301651917161e-11,6.51103615467719e-10
0.282222330570221,-8.45406404420156e-22,4.38349495590629e-11,-5.86474036001761e-10
0.282963067293167,3.77121859851547e-21,-2.73969891911863e-11,4.54902698843185e-10
0.283703804016113,-2.91225413638059e-21,-4.38300749860954e-11,6.51102283200089e-10
0.284444540739059,-8.47337081532256e-22,4.38349703757446e-11,-5.86474258046366e-10
0.285185277462006,3.77104048003396e-21,-2.73971019482122e-11,4.54904253155419e-10
0.285926014184952,-2.91089966851721e-21,-4.38299847804746e-11,6.51100950932459e-10
0.28666678071022,-8.4849172146201e-22,4.38349911924263e-11,-5.86474535602122e-10
0.287407517433167,3.76953758010266e-21,-2.73972129705147e-11,4.54905835223229e-10
0.288148254156113,-2.91072861822941e-21,-4.38298945748539e-11,6.5109961866483e-10
0.288888990879059,-8.47095955152522e-22,4.3835012009108e-11,-5.86474757646727e-10
0.289629727602005,3.76814090502541e-21,-2.73973239928171e-11,4.54907389535464e-10
0.290370464324951,-2.90984226673808e-21,-4.38298043692331e-11,6.51098341908352e-10
0.291111201047897,-8.44575790684943e-22,4.38350328257897e-11,-5.86475035202483e-10
0.291851967573166,3.76792683973017e-21,-2.73974350151196e-11,4.54908971603274e-10
0.292592704296112,-2.91280606133521e-21,-4.38297141636124e-11,6.51097009640722e-10
0.293333441019058,-8.45893907837808e-22,4.38350536424714e-11,-5.86475257247088e-10
0.294074177742004,3.76992168594374e-21,-2.73975460374221e-11,4.54910553671084e-10
0.294814914464951,-2.91361223931502e-21,-4.38296239579916e-11,6.51095677373092e-10
0.295555651187897,-8.44720587681819e-22,4.38350744591531e-11,-5.86475534802844e-10
0.296296387910843,3.77139106244201e-21,-2.73976570597245e-11,4.54912107983318e-10
0.297037154436111,-2.91121713138902e-21,-4.38295337523709e-11,6.51094345105463e-10
0.297777891159058,-8.47685442508001e-22,4.38350952758348e-11,-5.86475756847449e-10
0.298518627882004,3.77066364433498e-21,-2.73977698167505e-11,4.54913690051129e-10
0.29925936460495,-2.90988507979713e-21,-4.38294435467501e-11,6.51093012837833e-10
0.300000101327896,-8.47550641956517e-22,4.38351160925166e-11,-5.86476034403205e-10
0.300740838050842,3.76818937263942e-21,-2.73978808390529e-11,4.54915244363363e-10
0.301481574773788,-2.90895066458856e-21,-4.38293498716824e-11,6.51091680570204e-10
0.302222341299057,-8.46775109645151e-22,4.38351369091983e-11,-5.8647625644781e-10
0.302963078022003,3.76614605881183e-21,-2.73979918613554e-11,4.54916826431173e-10
0.303703814744949,-2.90911747396014e-21,-4.38292596660617e-11,6.51090403813726e-10
0.304444551467896,-8.43336079995171e-22,4.383515772588e-11,-5.86476534003566e-10
0.305185288190842,3.76667758697888e-21,-2.73981028836578e-11,4.54918408498983e-10
0.305926024913788,-2.91425019428452e-21,-4.38291694604409e-11,6.51089071546096e-10
0.306666761636734,-8.45213190296362e-22,4.38351785425617e-11,-5.86476756048171e-10
0.307407528162003,3.77037041527018e-21,-2.73982139059603e-11,4.54919962811218e-10
0.308148264884949,-2.91383620008146e-21,-4.38290792548202e-11,6.51087739278466e-10
0.308889001607895,-8.46713919282454e-22,4.38351993592434e-11,-5.86477033603927e-10
0.309629738330841,3.77120284654092e-21,-2.73983249282628e-11,4.54921544879028e-10
0.310370475053787,-2.91224343311583e-21,-4.38289890491994e-11,6.51086407010837e-10
0.311111211776733,-8.49642827294908e-22,4.38352201759251e-11,-5.86477255648532e-10
0.31185194849968,3.7698542351809e-21,-2.73984376852887e-11,4.54923099191262e-10
0.312592715024948,-2.90919441629739e-21,-4.38288988435787e-11,6.51085074743207e-10
0.313333451747894,-8.47199049806504e-22,4.38352409926068e-11,-5.86477533204288e-10
0.31407418847084,3.76744822204175e-21,-2.73985487075912e-11,4.54924681259072e-10
0.314814925193787,-2.90997817800572e-21,-4.38288086379579e-11,6.51083797986729e-10
0.315555661916733,-8.43434782271632e-22,4.38352618092885e-11,-5.86477755248893e-10
0.316296398639679,3.76641949693424e-21,-2.73986597298936e-11,4.54926263326882e-10
0.317037135362625,-2.9144388140824e-21,-4.38287184323372e-11,6.51082465719099e-10
0.317777901887894,-8.44105048983805e-22,4.38352826259703e-11,-5.86478032804649e-10
0.31851863861084,3.76883197242193e-21,-2.73987707521961e-11,4.54927817639117e-10
0.319259375333786,-2.91390163136038e-21,-4.38286282267164e-11,6.5108113345147e-10
0.320000112056732,-8.45575788633725e-22,4.3835303442652e-11,-5.86478254849254e-10
0.320740848779678,3.77007072385684e-21,-2.73988817744986e-11,4.54929399706927e-10
0.321481585502625,-2.91371079013019e-21,-4.38285380210957e-11,6.5107980118384e-10
0.322222322225571,-8.48431136944489e-22,4.38353242593337e-11,-5.8647853240501e-10
0.322963088750839,3.76983605982564e-21,-2.7398992796801e-11,4.54930954019162e-10
0.323703825473785,-2.91222727724449e-21,-4.38284478154749e-11,6.51078468916211e-10
0.324444562196732,-8.47608601144945e-22,4.38353450760154e-11,-5.86478754449615e-10
0.325185298919678,3.76980819094758e-21,-2.73991038191035e-11,4.54932536086972e-10
0.325926035642624,-2.91119148394327e-21,-4.38283576098542e-11,6.51077136648581e-10
0.32666677236557,-8.46754763344683e-22,4.38353658926971e-11,-5.86479032005371e-10
0.327407509088516,3.76807062698508e-21,-2.73992165761294e-11,4.54934118154782e-10
0.328148275613785,-2.91175815113049e-21,-4.38282674042334e-11,6.51075859892103e-10
0.328889012336731,-8.4668201143656e-22,4.38353867093788e-11,-5.86479254049976e-10
0.329629749059677,3.76769984973785e-21,-2.73993275984319e-11,4.54935672467016e-10
0.330370485782623,-2.9123688430671e-21,-4.38281771986127e-11,6.51074527624473e-10
0.331111222505569,-8.45801163038903e-22,4.38354075260605e-11,-5.86479531605733e-10
0.331851959228516,3.76759887554199e-21,-2.73994386207344e-11,4.54937254534826e-10
0.332592695951462,-2.91349430145425e-21,-4.38280835235449e-11,6.51073195356844e-10
0.33333346247673,-8.45023813192011e-22,4.38354283427422e-11,-5.86479753650337e-10
0.334074199199677,3.76986796767154e-21,-2.73995496430368e-11,4.54938808847061e-10
0.334814935922623,-2.91313079434912e-21,-4.38279933179242e-11,6.51071863089214e-10
0.335555672645569,-8.46941262684452e-22,4.38354491594239e-11,-5.86479975694942e-10
0.336296409368515,3.76917326520396e-21,-2.73996606653393e-11,4.54940390914871e-10
0.337037146091461,-2.913622538683e-21,-4.38279031123034e-11,6.51070530821585e-10
0.337777882814407,-8.47116755836871e-22,4.38354699761057e-11,-5.86480253250699e-10
0.338518649339676,3.76862477337201e-21,-2.73997716876417e-11,4.54941972982681e-10
0.339259386062622,-2.91036309164037e-21,-4.38278129066827e-11,6.51069198553955e-10
0.340000122785568,-8.47407763469363e-22,4.38354907927874e-11,-5.86480475295303e-10
0.340740859508514,3.76675715464523e-21,-2.73998844446677e-11,4.54943527294915e-10
0.341481596231461,-2.91178783754407e-21,-4.38277227010619e-11,6.51067921797477e-10
0.342222332954407,-8.4768009087562e-22,4.38355116094691e-11,-5.8648075285106e-10
0.342963069677353,3.76639889819829e-21,-2.73999954669701e-11,4.54945109362725e-10
0.343703836202621,-2.91126337757073e-21,-4.38276324954412e-11,6.51066589529847e-10
0.344444572925568,-8.44700544303939e-22,4.38355324261508e-11,-5.86480974895665e-10
0.345185309648514,3.76715216569946e-21,-2.74001064892726e-11,4.5494666367496e-10
0.34592604637146,-2.91343210134959e-21,-4.38275422898204e-11,6.51065257262218e-10
0.346666783094406,-8.4474719438243e-22,4.38355532428325e-11,-5.86481252451421e-10
0.347407519817352,3.76853066542146e-21,-2.74002175115751e-11,4.5494824574277e-10
0.348148256540298,-2.9137691532154e-21,-4.38274520841997e-11,6.51063924994588e-10
0.348889023065567,-8.4713755652122e-22,4.38355740595142e-11,-5.86481474496026e-10
0.349629759788513,3.76994995871858e-21,-2.74003285338775e-11,4.5494982781058e-10
0.350370496511459,-2.91247668350828e-21,-4.38273618785789e-11,6.51062592726959e-10
0.351111233234406,-8.47527013994684e-22,4.38355948761959e-11,-5.86481752051782e-10
0.351851969957352,3.76972296872627e-21,-2.740043955618e-11,4.54951382122815e-10
0.352592706680298,-2.91089542760099e-21,-4.38272716729582e-11,6.5106131597048e-10
0.353333443403244,-8.47095854178326e-22,4.38356156928776e-11,-5.86481974096387e-10
0.354074209928513,3.76681935474988e-21,-2.74005505784825e-11,4.54952964190625e-10
0.354814946651459,-2.91213841995213e-21,-4.38271814673374e-11,6.51059983702851e-10
0.355555683374405,-8.45416703788135e-22,4.38356365095594e-11,-5.86482251652143e-10
0.356296420097351,3.76662427260346e-21,-2.74006633355084e-11,4.54954518502859e-10
0.357037156820297,-2.91231270141419e-21,-4.38270912617167e-11,6.51058651435221e-10
0.357777893543243,-8.45408221955682e-22,4.38356573262411e-11,-5.86482473696748e-10
0.35851863026619,3.76710087080796e-21,-2.74007743578109e-11,4.54956100570669e-10
0.359259396791458,-2.91541422481448e-21,-4.38270010560959e-11,6.51057319167592e-10
0.360000133514404,-8.45776828257699e-22,4.38356781429228e-11,-5.86482751252504e-10
0.36074087023735,3.76871201507724e-21,-2.74008853801133e-11,4.54957682638479e-10
0.361481606960297,-2.91230078645908e-21,-4.38269108504752e-11,6.51055986899962e-10
0.362222343683243,-8.46839076798233e-22,4.38356989596045e-11,-5.86482973297109e-10
0.362963080406189,3.76831175336482e-21,-2.74009964024158e-11,4.54959236950714e-10
0.363703817129135,-2.91313766059444e-21,-4.38268171754075e-11,6.51054654632333e-10
0.364444583654404,-8.46849275192016e-22,4.38357197762862e-11,-5.86483250852865e-10
0.36518532037735,3.7676962146668e-21,-2.74011074247182e-11,4.54960819018524e-10
0.365926057100296,-2.91220183174713e-21,-4.38267269697867e-11,6.51053377875854e-10
0.366666793823242,-8.46535598852551e-22,4.38357405929679e-11,-5.8648347289747e-10
0.367407530546188,3.76796117095676e-21,-2.74012184470207e-11,4.54962373330758e-10
0.368148267269135,-2.91192092153423e-21,-4.3826636764166e-11,6.51052045608225e-10
0.368889003992081,-8.46234392826276e-22,4.38357614096496e-11,-5.86483750453226e-10
0.369629770517349,3.76823905194379e-21,-2.74013312040466e-11,4.54963955398568e-10
0.370370507240295,-2.91238923985466e-21,-4.38265465585452e-11,6.51050713340595e-10
0.371111243963242,-8.47549935137146e-22,4.38357822263313e-11,-5.86483972497831e-10
0.371851980686188,3.76836627943058e-21,-2.74014422263491e-11,4.54965537466379e-10
0.372592717409134,-2.91036551502107e-21,-4.38264563529245e-11,6.51049381072966e-10
0.37333345413208,-8.46609865373612e-22,4.3835803043013e-11,-5.86484250053587e-10
0.374074190855026,3.76855974598987e-21,-2.74015532486516e-11,4.54967091778613e-10
0.374814957380295,-2.9123175481756e-21,-4.38263661473037e-11,6.51048048805336e-10
0.375555694103241,-8.44635971305681e-22,4.38358238596948e-11,-5.86484472098192e-10
0.376296430826187,3.7685124900662e-21,-2.7401664270954e-11,4.54968673846423e-10
0.377037167549133,-2.91097640890607e-21,-4.3826275941683e-11,6.51046716537707e-10
0.377777904272079,-8.45135238217152e-22,4.38358446763765e-11,-5.86484749653948e-10
0.378518640995026,3.76912398979638e-21,-2.74017752932565e-11,4.54970228158658e-10
0.379259377717972,-2.91192172932779e-21,-4.38261857360622e-11,6.51045439781228e-10
0.38000014424324,-8.46907183893346e-22,4.38358654930582e-11,-5.86484971698553e-10
0.380740880966187,3.76935542265331e-21,-2.7401886315559e-11,4.54971810226468e-10
0.381481617689133,-2.91273134043026e-21,-4.38260955304415e-11,6.51044107513599e-10
0.382222354412079,-8.46507376564806e-22,4.38358863097399e-11,-5.86485249254309e-10
0.382963091135025,3.76901695714876e-21,-2.74019973378614e-11,4.54973392294278e-10
0.383703827857971,-2.91147865455632e-21,-4.38260053248207e-11,6.51042775245969e-10
0.384444564580917,-8.46302398947193e-22,4.38359071264216e-11,-5.86485471298914e-10
0.385185331106186,3.76888205562308e-21,-2.74021100948874e-11,4.54974946606512e-10
0.385926067829132,-2.91016094130024e-21,-4.38259151192e-11,6.5104144297834e-10
0.386666804552078,-8.45349505460784e-22,4.38359279431033e-11,-5.8648574885467e-10
0.387407541275024,3.7677378160355e-21,-2.74022211171898e-11,4.54976528674322e-10
0.388148277997971,-2.91277657687001e-21,-4.38258249135792e-11,6.5104011071071e-10
0.388889014720917,-8.472602401692e-22,4.3835948759785e-11,-5.86485970899275e-10
0.389629751443863,3.76903634419437e-21,-2.74023321394923e-11,4.54978082986557e-10
0.390370517969131,-2.91040206767997e-21,-4.38257347079585e-11,6.5103877844308e-10
0.391111254692078,-8.47731486741317e-22,4.38359695764667e-11,-5.86486248455032e-10
0.391851991415024,3.768844897119e-21,-2.74024431617947e-11,4.54979665054367e-10
0.39259272813797,-2.91220445707622e-21,-4.38256445023377e-11,6.51037501686602e-10
0.393333464860916,-8.46811813765349e-22,4.38359903931484e-11,-5.86486470499636e-10
0.394074201583862,3.76855247584777e-21,-2.74025541840972e-11,4.54981247122177e-10
0.394814938306808,-2.91067489995721e-21,-4.382555082727e-11,6.51036169418973e-10
0.395555704832077,-8.46908092661109e-22,4.38360112098302e-11,-5.86486748055393e-10
0.396296441555023,3.76855207195098e-21,-2.74026652063997e-11,4.54982801434411e-10
0.397037178277969,-2.91090148605274e-21,-4.38254606216493e-11,6.51034837151343e-10
0.397777915000916,-8.48377721594874e-22,4.38360320265119e-11,-5.86486970099998e-10
0.398518651723862,3.76748538054583e-21,-2.74027779634256e-11,4.54984383502222e-10
0.399259388446808,-2.91123692233141e-21,-4.38253704160285e-11,6.51033504883713e-10
0.400000125169754,-8.44586039565824e-22,4.38360528431936e-11,-5.86487247655754e-10
0.400740891695023,3.76675796243879e-21,-2.74028889857281e-11,4.54985937814456e-10
0.401481628417969,-2.91331416348882e-21,-4.38252802104078e-11,6.51032172616084e-10
0.402222365140915,-8.45532824113383e-22,4.38360736598753e-11,-5.86487469700359e-10
0.402963101863861,3.76907188711131e-21,-2.74030000080305e-11,4.54987519882266e-10
0.403703838586807,-2.91339857791656e-21,-4.3825190004787e-11,6.51030895859606e-10
0.404444575309753,-8.4576092482185e-22,4.3836094476557e-11,-5.86487747256115e-10
0.405185341835022,3.76947578389479e-21,-2.7403111030333e-11,4.54989101950076e-10
0.405926078557968,-2.91368877775549e-21,-4.38250997991663e-11,6.51029563591976e-10
0.406666815280914,-8.44576699452706e-22,4.38361152932387e-11,-5.8648796930072e-10
0.40740755200386,3.77130139735608e-21,-2.74032220526355e-11,4.54990656262311e-10
0.408148288726807,-2.91236419825409e-21,-4.38250095935455e-11,6.51028231324347e-10
0.408889025449753,-8.46779451535573e-22,4.38361361099204e-11,-5.86488246856476e-10
0.409629762172699,3.7710639060474e-21,-2.74033330749379e-11,4.54992238330121e-10
0.410370528697968,-2.9116868633482e-21,-4.38249193879248e-11,6.51026899056717e-10
0.411111265420914,-8.48235448952896e-22,4.38361569266021e-11,-5.86488468901081e-10
0.41185200214386,3.77007112775362e-21,-2.74034440972404e-11,4.54993792642355e-10
0.412592738866806,-2.91028554345794e-21,-4.3824829182304e-11,6.51025566789087e-10
0.413333475589752,-8.46355915271003e-22,4.38361777432839e-11,-5.86488746456837e-10
0.414074212312698,3.7686494110758e-21,-2.74035568542663e-11,4.54995374710165e-10
0.414814949035645,-2.9103354247107e-21,-4.38247389766833e-11,6.51024234521458e-10
0.415555715560913,-8.44177296020949e-22,4.38361985599656e-11,-5.86488968501442e-10
0.416296452283859,3.76774064331298e-21,-2.74036678765688e-11,4.54996956777975e-10
0.417037189006805,-2.91202270352366e-21,-4.38246487710625e-11,6.5102295776498e-10
0.417777925729752,-8.44047544179258e-22,4.38362228460942e-11,-5.86489246057198e-10
0.418518662452698,3.76797328786027e-21,-2.74037788988712e-11,4.5499851109021e-10
0.419259399175644,-2.91363102051545e-21,-4.38245585654418e-11,6.5102162549735e-10
0.42000013589859,-8.44492486973352e-22,4.38362436627759e-11,-5.86489468101803e-10
0.420740902423859,3.77081389393843e-21,-2.74038899211737e-11,4.5500009315802e-10
0.421481639146805,-2.91568786488529e-21,-4.3824468359821e-11,6.5102029322972e-10
0.422222375869751,-8.47844880763277e-22,4.38362644794577e-11,-5.86489745657559e-10
0.422963112592697,3.77169277333927e-21,-2.74040009434762e-11,4.5500167522583e-10
0.423703849315643,-2.91084312296753e-21,-4.38243746847533e-11,6.51018960962091e-10
0.424444586038589,-8.47717047431308e-22,4.38362852961394e-11,-5.86489967702164e-10
0.425185322761536,3.76969227257073e-21,-2.74041119657786e-11,4.55003229538065e-10
0.425926089286804,-2.91049981070158e-21,-4.38242844791326e-11,6.51017628694461e-10
0.42666682600975,-8.46144222869366e-22,4.38363061128211e-11,-5.8649024525792e-10
0.427407562732697,3.76874836578775e-21,-2.74042247228046e-11,4.55004811605875e-10
0.428148299455643,-2.91022172776615e-21,-4.38241942735118e-11,6.51016296426832e-10
0.428889036178589,-8.45697008155865e-22,4.38363269295028e-11,-5.86490467302525e-10
0.429629772901535,3.76752051956599e-21,-2.7404335745107e-11,4.55006365918109e-10
0.430370509624481,-2.90929175542221e-21,-4.38241040678911e-11,6.51015019670353e-10
0.43111127614975,-8.42253990025148e-22,4.38363477461845e-11,-5.86490744858281e-10
0.431852012872696,3.76792926311087e-21,-2.74044467674095e-11,4.55007947985919e-10
0.432592749595642,-2.91139161479948e-21,-4.38240138622703e-11,6.51013687402724e-10
0.433333486318588,-8.4520395115744e-22,4.38363685628662e-11,-5.86490966902886e-10
0.434074223041534,3.76884853219005e-21,-2.7404557789712e-11,4.55009530053729e-10
0.434814959764481,-2.91356195416548e-21,-4.38239236566496e-11,6.51012355135094e-10
0.435555696487427,-8.46249892365342e-22,4.38363893795479e-11,-5.86491188947491e-10
0.436296463012695,3.76931260959426e-21,-2.74046688120144e-11,4.55011084365964e-10
0.437037199735641,-2.91340847338776e-21,-4.38238334510288e-11,6.51011022867465e-10
0.437777936458588,-8.48666709743449e-22,4.38364101962296e-11,-5.86491466503247e-10
0.438518673181534,3.76920436525629e-21,-2.74047798343169e-11,4.55012666433774e-10
0.43925940990448,-2.91036288969198e-21,-4.38237432454081e-11,6.51009690599835e-10
0.440000146627426,-8.46929852600319e-22,4.38364310129113e-11,-5.86491688547852e-10
0.440740883350372,3.76802013988715e-21,-2.74048908566193e-11,4.55014220746008e-10
0.441481649875641,-2.91055029779951e-21,-4.38236530397873e-11,6.51008413843357e-10
0.442222386598587,-8.46132004991666e-22,4.38364518295931e-11,-5.86491966103608e-10
0.442963123321533,3.76802296716463e-21,-2.74050036136453e-11,4.55015802813818e-10
0.443703860044479,-2.90977380623328e-21,-4.38235628341666e-11,6.51007081575727e-10
0.444444596767426,-8.43436852242647e-22,4.38364726462748e-11,-5.86492188148213e-10
0.445185333490372,3.76802458275177e-21,-2.74051146359477e-11,4.55017384881629e-10
0.445926070213318,-2.91355448207498e-21,-4.38234726285458e-11,6.51005749308098e-10
0.446666836738586,-8.44391714725876e-22,4.38364934629565e-11,-5.86492465703969e-10
0.447407573461533,3.7696635958991e-21,-2.74052256582502e-11,4.55018939193863e-10
0.448148310184479,-2.91502183908934e-21,-4.38233824229251e-11,6.51004417040468e-10
0.448889046907425,-8.47853261621534e-22,4.38365142796382e-11,-5.86492687748574e-10
0.449629783630371,3.77107279177664e-21,-2.74053366805527e-11,4.55020521261673e-10
0.450370520353317,-2.9129185465894e-21,-4.38232922173043e-11,6.51003084772839e-10
0.451111257076263,-8.48378630362637e-22,4.38365350963199e-11,-5.8649296530433e-10
0.451852023601532,3.76846281076183e-21,-2.74054477028551e-11,4.55022075573908e-10
0.452592760324478,-2.9103671306082e-21,-4.38232020116835e-11,6.51001752505209e-10
0.453333497047424,-8.47735525709152e-22,4.38365559130016e-11,-5.86493187348935e-10
0.45407423377037,3.76771035105422e-21,-2.74055587251576e-11,4.55023657641718e-10
0.454814970493317,-2.91136334202464e-21,-4.38231083366158e-11,6.51000475748731e-10
0.455555707216263,-8.45514497296833e-22,4.38365767296833e-11,-5.86493464904692e-10
0.456296443939209,3.76747730261016e-21,-2.74056697474601e-11,4.55025239709528e-10
0.457037210464478,-2.9125936116271e-21,-4.38230181309951e-11,6.50999143481101e-10
0.457777947187424,-8.4587088572115e-22,4.3836597546365e-11,-5.86493686949296e-10
0.45851868391037,3.76789897085211e-21,-2.7405782504486e-11,4.55026794021762e-10
0.459259420633316,-2.91366817901953e-21,-4.38229279253743e-11,6.50997811213472e-10
0.460000157356262,-8.44140642387849e-22,4.38366183630468e-11,-5.86493964505053e-10
0.460740894079208,3.76927181601913e-21,-2.74058935267885e-11,4.55028376089572e-10
0.461481630802155,-2.91143442785853e-21,-4.38228377197536e-11,6.50996478945842e-10
0.462222397327423,-8.43424987774633e-22,4.38366391797285e-11,-5.86494186549658e-10
0.462963134050369,3.77029730995237e-21,-2.74060045490909e-11,4.55029930401807e-10
0.463703870773315,-2.91300841362373e-21,-4.38227475141328e-11,6.50995146678213e-10
0.464444607496262,-8.47006340553689e-22,4.38366599964102e-11,-5.86494464105414e-10
0.465185344219208,3.77055661168736e-21,-2.74061155713934e-11,4.55031512469617e-10
0.465926080942154,-2.91128720748096e-21,-4.38226573085121e-11,6.50993814410583e-10
0.4666668176651,-8.45675803574733e-22,4.38366808130919e-11,-5.86494686150019e-10
0.467407584190369,3.76993057167298e-21,-2.74062265936958e-11,4.55033094537427e-10
0.468148320913315,-2.90981944656981e-21,-4.38225671028913e-11,6.50992537654105e-10
0.468889057636261,-8.44806920619286e-22,4.38367016297736e-11,-5.86494963705775e-10
0.469629794359207,3.76871403456115e-21,-2.74063376159983e-11,4.55034648849661e-10
0.470370531082153,-2.90927640734444e-21,-4.38224768972706e-11,6.50991205386475e-10
0.471111267805099,-8.42713473103447e-22,4.38367224464553e-11,-5.8649518575038e-10
0.471852004528046,3.76777780181706e-21,-2.74064503730242e-11,4.55036230917472e-10
0.472592771053314,-2.91194656897998e-21,-4.38223866916498e-11,6.50989873118846e-10
0.47333350777626,-8.42836863570798e-22,4.3836743263137e-11,-5.86495463306136e-10
0.474074244499207,3.77027913459711e-21,-2.74065613953267e-11,4.55037785229706e-10
0.474814981222153,-2.91240640546796e-21,-4.38222964860291e-11,6.50988540851216e-10
0.475555717945099,-8.44423471110476e-22,4.38367640798187e-11,-5.86495685350741e-10
0.476296454668045,3.77171700714628e-21,-2.74066724176292e-11,4.55039367297516e-10
0.477037191390991,-2.91149723380836e-21,-4.38222062804083e-11,6.50987208583587e-10
0.47777795791626,-8.47066066790545e-22,4.38367848965004e-11,-5.86495962906497e-10
0.478518694639206,3.77116932310789e-21,-2.74067834399316e-11,4.55040949365326e-10
0.479259431362152,-2.91077728779182e-21,-4.38221160747876e-11,6.50985876315957e-10
0.480000168085098,-8.47484402884027e-22,4.38368057131822e-11,-5.86496184951102e-10
0.480740904808044,3.77006426150831e-21,-2.74068944622341e-11,4.55042503677561e-10
0.481481641530991,-2.90679506745517e-21,-4.38220258691668e-11,6.50984599559479e-10
0.482222378253937,-8.43995895878072e-22,4.38368265298639e-11,-5.86496462506858e-10
0.482963144779205,3.76888367121021e-21,-2.74070054845366e-11,4.55044085745371e-10
0.483703881502151,-2.91004684045891e-21,-4.38219321940991e-11,6.50983267291849e-10
0.484444618225098,-8.42243236273288e-22,4.38368473465456e-11,-5.86496684551463e-10
0.485185354948044,3.76859892397786e-21,-2.7407116506839e-11,4.55045640057605e-10
0.48592609167099,-2.91045639179735e-21,-4.38218419884784e-11,6.5098193502422e-10
0.486666828393936,-8.42289482454996e-22,4.38368681632273e-11,-5.86496962107219e-10
0.487407565116882,3.77008082127643e-21,-2.7407229263865e-11,4.55047222125415e-10
0.488148331642151,-2.91177511479539e-21,-4.38217517828576e-11,6.5098060275659e-10
0.488889068365097,-8.42959547218778e-22,4.3836888979909e-11,-5.86497184151824e-10
0.489629805088043,3.77181313458074e-21,-2.74073402861674e-11,4.55048804193225e-10
0.490370541810989,-2.91228907345236e-21,-4.38216615772369e-11,6.50979270488961e-10
0.491111278533936,-8.43864427475051e-22,4.38369097965907e-11,-5.8649746170758e-10
0.491852015256882,3.77225863273292e-21,-2.74074513084699e-11,4.5505035850546e-10
0.492592751979828,-2.91129609321019e-21,-4.38215713716161e-11,6.50977993732482e-10
0.493333518505096,-8.45075511980296e-22,4.38369306132724e-11,-5.86497683752185e-10
0.494074255228043,3.77207607138679e-21,-2.74075623307724e-11,4.5505194057327e-10
0.494814991950989,-2.91050122434032e-21,-4.38214811659954e-11,6.50976661464853e-10
0.495555728673935,-8.45738407576171e-22,4.38369514299541e-11,-5.86497961307941e-10
0.496296465396881,3.77004164328843e-21,-2.74076733530748e-11,4.55053494885505e-10
0.497037202119827,-2.90836885127197e-21,-4.38213909603746e-11,6.50975329197223e-10
0.497777938842773,-8.42826463228623e-22,4.38369722466359e-11,-5.86498183352546e-10
0.498518705368042,3.76952061643775e-21,-2.74077843753773e-11,4.55055076953315e-10
0.499259442090988,-2.91150955266026e-21,-4.38213007547539e-11,6.50973996929594e-10
0.500000178813934,-8.41030485693812e-22,4.38369930633176e-11,-5.86498460908302e-10
0.500740945339203,3.77032194765616e-21,-2.74078971324032e-11,4.55056659021125e-10
0.501481652259827,-2.91023626805036e-21,-4.38212105491331e-11,6.50972664661964e-10
0.502222418785095,-8.43282967568144e-22,4.38370138799993e-11,-5.86498682952907e-10
0.502963125705719,3.77038899452222e-21,-2.74080081547057e-11,4.55058213333359e-10
0.503703892230988,-2.91161799894662e-21,-4.38211203435124e-11,6.50971332394334e-10
0.504444599151611,-8.43794957228294e-22,4.3837034696681e-11,-5.86498960508663e-10
0.50518536567688,3.77230629255337e-21,-2.74081191770081e-11,4.55059795401169e-10
0.505926132202148,-2.9103426948528e-21,-4.38210301378916e-11,6.50970055637856e-10
0.506666839122772,-8.4292259066309e-22,4.38370555133627e-11,-5.86499182553268e-10
0.507407605648041,3.77199771541079e-21,-2.74082301993106e-11,4.55061349713404e-10
0.508148312568665,-2.91020375435929e-21,-4.38209399322709e-11,6.50968723370227e-10
0.508889079093933,-8.43116461119157e-22,4.38370763300444e-11,-5.86499460109025e-10
0.509629786014557,3.77092860062494e-21,-2.74083412216131e-11,4.55062931781214e-10
0.510370552539825,-2.90959831308086e-21,-4.38208497266501e-11,6.50967391102597e-10
0.511111319065094,-8.42369807427809e-22,4.38370971467261e-11,-5.86499682153629e-10
0.511852025985718,3.77140035206803e-21,-2.74084522439155e-11,4.55064486093448e-10
0.512592792510986,-2.90977703740755e-21,-4.38207560515824e-11,6.50966058834967e-10
0.51333349943161,-8.43495316302055e-22,4.38371179634078e-11,-5.86499904198234e-10
0.514074265956879,3.77172104611411e-21,-2.7408563266218e-11,4.55066068161258e-10
0.514814972877502,-2.90983216931849e-21,-4.38206658459617e-11,6.50964726567338e-10
0.515555739402771,-8.42051890172118e-22,4.38371387800895e-11,-5.86500181753991e-10
0.51629650592804,3.77185029308482e-21,-2.74086760232439e-11,4.55067650229068e-10
0.517037212848663,-2.90939192182451e-21,-4.38205756403409e-11,6.50963394299708e-10
0.517777979373932,-8.41169072777641e-22,4.38371595967713e-11,-5.86500403798595e-10
0.518518686294556,3.77088174859806e-21,-2.74087870455464e-11,4.55069204541303e-10
0.519259452819824,-2.9102669642059e-21,-4.38204854347202e-11,6.5096211754323e-10
0.520000159740448,-8.41043511365079e-22,4.3837180413453e-11,-5.86500681354352e-10
0.520740926265717,3.77310196921681e-21,-2.74088980678489e-11,4.55070786609113e-10
0.521481692790985,-2.91022455504364e-21,-4.38203952290994e-11,6.50960785275601e-10
0.522222399711609,-8.42507586718071e-22,4.38372012301347e-11,-5.86500903398957e-10
0.522963166236877,3.77293758322593e-21,-2.74090090901513e-11,4.55072340921348e-10
0.523703873157501,-2.90829614985095e-21,-4.38203050234787e-11,6.50959453007971e-10
0.52444463968277,-8.42260250425292e-22,4.38372220468164e-11,-5.86501180954713e-10
0.525185346603394,3.77334834625473e-21,-2.74091201124538e-11,4.55073922989158e-10
0.525926113128662,-2.90899933415097e-21,-4.38202148178579e-11,6.50958120740341e-10
0.526666879653931,-8.43159627587891e-22,4.38372428634981e-11,-5.86501402999318e-10
0.527407586574554,3.77209707401953e-21,-2.74092311347562e-11,4.55075505056968e-10
0.528148353099823,-2.90807400662004e-21,-4.38201246122372e-11,6.50956788472712e-10
0.528889060020447,-8.42992515293729e-22,4.38372636801798e-11,-5.86501680555074e-10
0.529629826545715,3.77136117408004e-21,-2.74093421570587e-11,4.55077059369202e-10
0.530370533466339,-2.90466693530305e-21,-4.38200344066164e-11,6.50955456205082e-10
0.531111299991608,-8.42524045511998e-22,4.38372844968615e-11,-5.86501902599679e-10
0.531852066516876,3.77048875702774e-21,-2.74094549140846e-11,4.55078641437012e-10
0.5325927734375,-2.90510677890025e-21,-4.38199442009957e-11,6.50954179448604e-10
0.533333539962769,-8.38765634480486e-22,4.38373053135432e-11,-5.86502180155435e-10
0.534074246883392,3.77094758377376e-21,-2.74095659363871e-11,4.55080195749247e-10
0.534815013408661,-2.91033259743322e-21,-4.38198539953749e-11,6.50952847180974e-10
0.535555720329285,-8.38806327081421e-22,4.3837326130225e-11,-5.8650240220004e-10
0.536296486854553,3.77371104556628e-21,-2.74096769586896e-11,4.55081777817057e-10
0.537037253379822,-2.91109697209594e-21,-4.38197637897542e-11,6.50951514913345e-10
0.537777960300446,-8.42351177688671e-22,4.38373469469067e-11,-5.86502679755796e-10
0.538518726825714,3.77405112665797e-21,-2.7409787980992e-11,4.55083359884867e-10
0.539259433746338,-2.91010722302804e-21,-4.38196735841334e-11,6.50950182645715e-10
0.540000200271606,-8.43766280556667e-22,4.38373677635884e-11,-5.86502901800401e-10
0.54074090719223,3.77336167484858e-21,-2.74098990032945e-11,4.55084914197101e-10
0.541481673717499,-2.9096609170823e-21,-4.38195799090657e-11,6.50948850378086e-10
0.542222440242767,-8.45445279485565e-22,4.38373885802701e-11,-5.86503179356157e-10
0.542963147163391,3.77049319989235e-21,-2.7410010025597e-11,4.55086496264911e-10
0.54370391368866,-2.90608178573555e-21,-4.3819489703445e-11,6.50947518110456e-10
0.544444620609283,-8.41352441917338e-22,4.38374093969518e-11,-5.86503401400762e-10
0.545185387134552,3.76989745213673e-21,-2.74101227826229e-11,4.55088050577146e-10
0.545926094055176,-2.90890744763273e-21,-4.38193994978242e-11,6.50946241353978e-10
0.546666860580444,-8.40536166517939e-22,4.38374302136335e-11,-5.86503678956518e-10
0.547407627105713,3.7702379371252e-21,-2.74102338049254e-11,4.55089632644956e-10
0.548148334026337,-2.90955751950573e-21,-4.38193092922035e-11,6.50944909086348e-10
0.548889100551605,-8.41991154193303e-22,4.38374510303152e-11,-5.86503901001123e-10
0.549629807472229,3.77138338840313e-21,-2.74103448272278e-11,4.55091214712766e-10
0.550370573997498,-2.91042912876447e-21,-4.38192190865827e-11,6.50943576818719e-10
0.551111280918121,-8.43824795103173e-22,4.38374718469969e-11,-5.86504178556879e-10
0.55185204744339,3.77183332941992e-21,-2.74104558495303e-11,4.55092769025001e-10
0.552592813968658,-2.90989719670063e-21,-4.3819128880962e-11,6.50942244551089e-10
0.553333520889282,-8.42333709152786e-22,4.38374926636786e-11,-5.86504400601484e-10
0.554074287414551,3.77202598818563e-21,-2.74105668718327e-11,4.55094351092811e-10
0.554814994335175,-2.91044185151315e-21,-4.38190386753412e-11,6.5094091228346e-10
0.555555760860443,-8.43657329399325e-22,4.38375134803604e-11,-5.8650467815724e-10
0.556296467781067,3.77232042894079e-21,-2.74106778941352e-11,4.55095905405045e-10
0.557037234306335,-2.90899973804776e-21,-4.38189484697205e-11,6.50939635526981e-10
0.557778000831604,-8.42534799263858e-22,4.38375342970421e-11,-5.86504900201845e-10
0.558518707752228,3.77137894553851e-21,-2.74107889164377e-11,4.55097487472855e-10
0.559259474277496,-2.90750834917478e-21,-4.38188582640997e-11,6.50938303259352e-10
0.56000018119812,-8.42220820001805e-22,4.38375551137238e-11,-5.86505177757601e-10
0.560740947723389,3.77177799556058e-21,-2.74109016734636e-11,4.55099069540665e-10
0.561481654644012,-2.90773109825087e-21,-4.3818768058479e-11,6.50936970991722e-10
0.562222421169281,-8.39176397509278e-22,4.38375759304055e-11,-5.86505399802206e-10
0.56296318769455,3.77203770119236e-21,-2.74110126957661e-11,4.551006238529e-10
0.563703894615173,-2.909521572692e-21,-4.38186778528582e-11,6.50935638724093e-10
0.564444661140442,-8.40494666123437e-22,4.38375967470872e-11,-5.86505677357962e-10
0.565185368061066,3.77145851320485e-21,-2.74111237180685e-11,4.5510220592071e-10
0.565926134586334,-2.90876689155208e-21,-4.38185876472375e-11,6.50934306456463e-10
0.566666841506958,-8.40191137690657e-22,4.38376175637689e-11,-5.86505899402567e-10
0.567407608032227,3.7726597022389e-21,-2.7411234740371e-11,4.55103760232944e-10
0.568148374557495,-2.9098418628413e-21,-4.38184974416167e-11,6.50932974188834e-10
0.568889081478119,-8.40964448569714e-22,4.38376383804506e-11,-5.86506176958324e-10
0.569629848003387,3.77372760533441e-21,-2.74113457626735e-11,4.55105342300755e-10
0.570370554924011,-2.90916856690325e-21,-4.3818403766549e-11,6.50931697432355e-10
0.57111132144928,-8.4250884889552e-22,4.38376591971323e-11,-5.86506399002928e-10
0.571852028369904,3.77324737205886e-21,-2.74114567849759e-11,4.55106924368565e-10
0.572592794895172,-2.90809824042704e-21,-4.38183135609282e-11,6.50930365164726e-10
0.573333561420441,-8.40797538223944e-22,4.38376800138141e-11,-5.86506676558685e-10
0.574074268341064,3.77184221514915e-21,-2.74115678072784e-11,4.55108478680799e-10
0.574815034866333,-2.90750713748443e-21,-4.38182233553075e-11,6.50929032897096e-10
0.575555741786957,-8.40175284741905e-22,4.38377008304958e-11,-5.8650689860329e-10
0.576296508312225,3.77185958271084e-21,-2.74116805643043e-11,4.55110060748609e-10
0.577037215232849,-2.90867258165314e-21,-4.38181331496867e-11,6.50927700629467e-10
0.577777981758118,-8.39119599524102e-22,4.38377216471775e-11,-5.86507176159046e-10
0.578518748283386,3.77187210351113e-21,-2.74117915866068e-11,4.55111615060844e-10
0.57925945520401,-2.90956256821553e-21,-4.3818042944066e-11,6.50926368361837e-10
0.580000221729279,-8.40082438968805e-22,4.38377424638592e-11,-5.86507398203651e-10
0.580740928649902,3.77264718143862e-21,-2.74119026089092e-11,4.55113197128654e-10
0.581481695175171,-2.90975401529089e-21,-4.38179527384452e-11,6.50925036094208e-10
0.582222402095795,-8.40422267624999e-22,4.38377632805409e-11,-5.86507620248256e-10
0.582963168621063,3.77344528148276e-21,-2.74120136312117e-11,4.55114779196464e-10
0.583703935146332,-2.9068455545531e-21,-4.38178625328245e-11,6.50923759337729e-10
0.584444642066956,-8.4184191433181e-22,4.38377840972226e-11,-5.86507897804012e-10
0.585185408592224,3.77318799923169e-21,-2.74121246535142e-11,4.55116333508698e-10
0.585926115512848,-2.90839894158234e-21,-4.38177723272037e-11,6.509224270701e-10
0.586666882038116,-8.41360368391714e-22,4.38378049139043e-11,-5.86508119848617e-10
0.58740758895874,3.77243675121443e-21,-2.74122356758166e-11,4.55117915576508e-10
0.588148355484009,-2.90577926704473e-21,-4.3817682121583e-11,6.5092109480247e-10
0.588889122009277,-8.39078704974776e-22,4.3837825730586e-11,-5.86508397404373e-10
0.589629828929901,3.77153606138728e-21,-2.74123484328426e-11,4.55119469888743e-10
0.59037059545517,-2.90731811378977e-21,-4.38175919159622e-11,6.50919762534841e-10
0.591111302375793,-8.37379309258313e-22,4.38378465472677e-11,-5.86508619448978e-10
0.591852068901062,3.77297716511071e-21,-2.7412459455145e-11,4.55121051956553e-10
0.592592775821686,-2.90931578728082e-21,-4.38175017103415e-11,6.50918430267211e-10
0.593333542346954,-8.39313116570484e-22,4.38378673639495e-11,-5.86508897004734e-10
0.594074308872223,3.77462627567763e-21,-2.74125704774475e-11,4.55122634024363e-10
0.594815015792847,-2.9096461748497e-21,-4.38174115047207e-11,6.50917097999582e-10
0.595555782318115,-8.40600840490392e-22,4.38378881806312e-11,-5.86509119049339e-10
0.596296489238739,3.77517032464497e-21,-2.741268149975e-11,4.55124188336598e-10
0.597037255764008,-2.906633104845e-21,-4.38173212991e-11,6.50915821243103e-10
0.597777962684631,-8.41567163544852e-22,4.38379089973129e-11,-5.86509396605095e-10
0.5985187292099,3.77474340574484e-21,-2.74127925220524e-11,4.55125770404408e-10
0.599259495735168,-2.90828726412171e-21,-4.38172276240323e-11,6.50914488975474e-10
0.600000202655792,-8.42081223176017e-22,4.38379298139946e-11,-5.865096186497e-10
0.600740969181061,3.77384635098875e-21,-2.74129035443549e-11,4.55127324716642e-10
0.601481676101685,-2.9068798857797e-21,-4.38171374184115e-11,6.50913156707844e-10
0.602222442626953,-8.39932694236332e-22,4.38379506306763e-11,-5.86509896205456e-10
0.602963149547577,3.77265122040645e-21,-2.74130145666573e-11,4.55128906784452e-10
0.603703916072845,-2.90774866776095e-21,-4.38170472127908e-11,6.50911824440215e-10
0.604444682598114,-8.39861911325028e-22,4.3837971447358e-11,-5.86510118250061e-10
0.605185389518738,3.77227276912034e-21,-2.74131273236833e-11,4.55130488852262e-10
0.605926156044006,-2.90908576806264e-21,-4.381695700717e-11,6.50910492172585e-10
0.60666686296463,-8.40804101546675e-22,4.38379922640397e-11,-5.86510395805817e-10
0.607407629489899,3.7724448291501e-21,-2.74132383459857e-11,4.55132043164497e-10
0.608148336410522,-2.9086174497422e-21,-4.38168668015493e-11,6.50909159904955e-10
0.608889102935791,-8.4021597734284e-22,4.38380130807214e-11,-5.86510617850422e-10
0.60962986946106,3.77296545210399e-21,-2.74133493682882e-11,4.55133625232307e-10
0.610370576381683,-2.90825232704994e-21,-4.38167765959285e-11,6.50907883148477e-10
0.611111342906952,-8.41004939222257e-22,4.38380338974032e-11,-5.86510895406178e-10
0.611852049827576,3.77170206296529e-21,-2.74134603905907e-11,4.55135179544541e-10
0.612592816352844,-2.90895914642102e-21,-4.38166863903078e-11,6.50906550880848e-10
0.613333523273468,-8.39498202271511e-22,4.38380547140849e-11,-5.86511117450783e-10
0.614074289798737,3.77151828992881e-21,-2.74135714128931e-11,4.55136761612351e-10
0.614815056324005,-2.90712000241747e-21,-4.3816596184687e-11,6.50905218613218e-10
0.615555763244629,-8.38378095516744e-22,4.38380755307666e-11,-5.86511395006539e-10
0.616296529769897,3.77323525515535e-21,-2.74136824351956e-11,4.55138343680161e-10
0.617037236690521,-2.90844559166083e-21,-4.38165059790663e-11,6.50903886345588e-10
0.61777800321579,-8.41186743261918e-22,4.38380963474483e-11,-5.86511617051144e-10
0.618518710136414,3.77296383651686e-21,-2.74137934574981e-11,4.55139897992396e-10
0.619259476661682,-2.90731791184137e-21,-4.38164157734455e-11,6.50902554077959e-10
0.620000243186951,-8.41795819611396e-22,4.383811716413e-11,-5.865118946069e-10
0.620740950107574,3.77223237944199e-21,-2.7413906214524e-11,4.55141480060206e-10
0.621481716632843,-2.90826323226309e-21,-4.38163255678248e-11,6.50901277321481e-10
0.622222423553467,-8.40404142756841e-22,4.38381379808117e-11,-5.86512116651505e-10
0.622963190078735,3.77320253951589e-21,-2.74140172368265e-11,4.55143034372441e-10
0.623703896999359,-2.90815014116372e-21,-4.3816235362204e-11,6.50899945053851e-10
0.624444663524628,-8.43557869816395e-22,4.38381587974934e-11,-5.86512394207261e-10
0.625185430049896,3.77194722831286e-21,-2.74141282591289e-11,4.55144616440251e-10
0.62592613697052,-2.90834744474245e-21,-4.38161451565833e-11,6.50898612786222e-10
0.626666903495789,-8.41083901043426e-22,4.38381796141751e-11,-5.86512616251866e-10
0.627407610416412,3.77214069487214e-21,-2.74142392814314e-11,4.55146198508061e-10
0.628148376941681,-2.91059472644569e-21,-4.38160514815156e-11,6.50897280518592e-10
0.628889083862305,-8.42107224031453e-22,4.38382004308568e-11,-5.86512893807623e-10
0.629629850387573,3.7729016364122e-21,-2.74143503037338e-11,4.55147752820295e-10
0.630370616912842,-2.90963244235907e-21,-4.38159612758948e-11,6.50895948250962e-10
0.631111323833466,-8.41152109112735e-22,4.38382212475386e-11,-5.86513115852227e-10
0.631852090358734,3.77299897553702e-21,-2.74144613260363e-11,4.55149334888105e-10
0.632592797279358,-2.90867298554993e-21,-4.38158710702741e-11,6.50894615983333e-10
0.633333563804626,-8.41681264386183e-22,4.38382420642203e-11,-5.86513393407984e-10
0.63407427072525,3.77088740315302e-21,-2.74145723483388e-11,4.5515088920034e-10
0.634815037250519,-2.90800453637328e-21,-4.38157808646533e-11,6.50893339226855e-10
0.635555803775787,-8.38651786074645e-22,4.3838262880902e-11,-5.86513615452589e-10
0.636296510696411,3.77071372753613e-21,-2.74146851053647e-11,4.5515247126815e-10
0.63703727722168,-2.91149016561465e-21,-4.38156906590326e-11,6.50892006959225e-10
0.637777984142303,-8.39739884009321e-22,4.38382836975837e-11,-5.86513893008345e-10
0.638518750667572,3.77223561061626e-21,-2.74147961276672e-11,4.5515405333596e-10
0.639259457588196,-2.91156791574547e-21,-4.38156004534118e-11,6.50890674691595e-10
0.640000224113464,-8.41692977392904e-22,4.38383045142654e-11,-5.8651411505295e-10
0.640740990638733,3.77442351949233e-21,-2.74149071499696e-11,4.55155607648194e-10
0.641481697559357,-2.90914615063177e-21,-4.38155102477911e-11,6.50889342423966e-10
0.642222464084625,-8.44379850257861e-22,4.38383253309471e-11,-5.86514337097555e-10
0.642963171005249,3.772989685911e-21,-2.74150181722721e-11,4.55157189716004e-10
0.643703937530518,-2.90541899111387e-21,-4.38154200421703e-11,6.50888010156336e-10
0.644444644451141,-8.43212588553624e-22,4.38383461476288e-11,-5.86514614653311e-10
0.64518541097641,3.77046209984003e-21,-2.74151291945746e-11,4.55158744028239e-10
0.645926177501678,-2.90649032733204e-21,-4.38153298365496e-11,6.50886677888707e-10
0.646666884422302,-8.42413327306228e-22,4.38383669643105e-11,-5.86514836697916e-10
0.647407650947571,3.76959533734269e-21,-2.7415240216877e-11,4.55160326096049e-10
0.648148357868195,-2.90643317593718e-21,-4.38152396309288e-11,6.50885401132228e-10
0.648889124393463,-8.39359615187681e-22,4.38383877809922e-11,-5.86515114253672e-10
0.649629831314087,3.77073028730425e-21,-2.7415352973903e-11,4.55161908163859e-10
0.650370597839355,-2.90967687100525e-21,-4.38151494253081e-11,6.50884068864599e-10
0.651111364364624,-8.37647749158028e-22,4.3838408597674e-11,-5.86515336298277e-10
0.651852071285248,3.77324616036851e-21,-2.74154639962054e-11,4.55163462476094e-10
0.652592837810516,-2.91158649499751e-21,-4.38150592196873e-11,6.50882736596969e-10
0.65333354473114,-8.40774011236306e-22,4.38384294143557e-11,-5.86515613854033e-10
0.654074311256409,3.7752111182201e-21,-2.74155750185079e-11,4.55165044543904e-10
0.654815018177032,-2.90922369881419e-21,-4.38149690140666e-11,6.5088140432934e-10
0.655555784702301,-8.43075465595634e-22,4.38384502310374e-11,-5.86515835898638e-10
0.65629655122757,3.77509964270787e-21,-2.74156860408103e-11,4.55166598856138e-10
0.657037258148193,-2.90797081099186e-21,-4.38148753389989e-11,6.5088007206171e-10
0.657778024673462,-8.44094648641631e-22,4.38384710477191e-11,-5.86516113454394e-10
0.658518731594086,3.77236041472235e-21,-2.74157970631128e-11,4.55168180923948e-10
0.659259498119354,-2.90715554533442e-21,-4.38147851333781e-11,6.50878739794081e-10
0.660000205039978,-8.40588420664301e-22,4.38384918644008e-11,-5.86516335498999e-10
0.660740971565247,3.76984534945166e-21,-2.74159080854153e-11,4.55169762991758e-10
0.661481738090515,-2.90848880861666e-21,-4.38146949277574e-11,6.50877463037602e-10
0.662222445011139,-8.39434739989407e-22,4.38385126810825e-11,-5.86516613054755e-10
0.662963211536407,3.77031427361728e-21,-2.74160191077177e-11,4.55171317303993e-10
0.663703918457031,-2.91144674671043e-21,-4.38146047221366e-11,6.50876130769973e-10
0.6644446849823,-8.38975054962717e-22,4.38385334977642e-11,-5.8651683509936e-10
0.665185391902924,3.77150415354139e-21,-2.74161318647437e-11,4.55172899371803e-10
0.665926158428192,-2.91136616930213e-21,-4.38145145165159e-11,6.50874798502343e-10
0.666666924953461,-8.40143932254088e-22,4.38385543144459e-11,-5.86517112655116e-10
0.667407631874084,3.77255549686877e-21,-2.74162428870461e-11,4.55174453684037e-10
0.668148398399353,-2.91212589915184e-21,-4.38144243108951e-11,6.50873466234714e-10
0.668889105319977,-8.42914815650008e-22,4.38385751311277e-11,-5.86517334699721e-10
0.669629871845245,3.77282287653943e-21,-2.74163539093486e-11,4.55176035751848e-10
0.670370578765869,-2.91027544603836e-21,-4.38143341052744e-11,6.50872133967084e-10
0.671111345291138,-8.44738106704802e-22,4.38385959478094e-11,-5.86517612255477e-10
0.671852111816406,3.77130462853035e-21,-2.74164649316511e-11,4.55177590064082e-10
0.67259281873703,-2.90922491050454e-21,-4.38142438996536e-11,6.50870801699455e-10
0.673333585262299,-8.43795209663784e-22,4.38386167644911e-11,-5.86517834300082e-10
0.674074292182922,3.7697516453979e-21,-2.74165759539535e-11,4.55179172131892e-10
0.674815058708191,-2.90954075778922e-21,-4.38141536940329e-11,6.50869524942976e-10
0.675555765628815,-8.43606993762685e-22,4.38386375811728e-11,-5.86518111855838e-10
0.676296532154083,3.76899191554818e-21,-2.7416686976256e-11,4.55180754199702e-10
0.677037298679352,-2.90851586970116e-21,-4.38140634884121e-11,6.50868192675347e-10
0.677778005599976,-8.39952485178722e-22,4.38386583978545e-11,-5.86518333900443e-10
0.678518772125244,3.7688889218684e-21,-2.74167979985585e-11,4.55182308511937e-10
0.679259479045868,-2.91181732200926e-21,-4.38139732827914e-11,6.50866860407717e-10
0.680000245571136,-8.41444984767851e-22,4.38386792145362e-11,-5.86518611456199e-10
0.68074095249176,3.77071897819432e-21,-2.74169107555844e-11,4.55183890579747e-10
0.681481719017029,-2.91151924618306e-21,-4.38138830771706e-11,6.50865528140088e-10
0.682222485542297,-8.41720846270963e-22,4.38387035006649e-11,-5.86518833500804e-10
0.682963192462921,3.77232810297967e-21,-2.74170217778869e-11,4.55185444891981e-10
0.68370395898819,-2.91098731411923e-21,-4.38137894021029e-11,6.50864195872458e-10
0.684444665908813,-8.42782892863106e-22,4.38387243173466e-11,-5.8651911105656e-10
0.685185432434082,3.77272190234356e-21,-2.74171328001893e-11,4.55187026959791e-10
0.685926139354706,-2.90952884283411e-21,-4.38136991964821e-11,6.50862863604829e-10
0.686666905879974,-8.46006595040397e-22,4.38387451340283e-11,-5.86519333101165e-10
0.687407672405243,3.77199892710114e-21,-2.74172438224918e-11,4.55188609027601e-10
0.688148379325867,-2.90771090341169e-21,-4.38136089908614e-11,6.5086158684835e-10
0.688889145851135,-8.4361739410486e-22,4.383876595071e-11,-5.86519610656921e-10
0.689629852771759,3.76969267646751e-21,-2.74173548447942e-11,4.55190163339836e-10
0.690370619297028,-2.90829655374773e-21,-4.38135187852406e-11,6.50860254580721e-10
0.691111326217651,-8.43065418663146e-22,4.38387867673917e-11,-5.86519832701526e-10
0.69185209274292,3.76884893608683e-21,-2.74174658670967e-11,4.55191745407646e-10
0.692592859268188,-2.90952278438235e-21,-4.38134285796199e-11,6.50858922313091e-10
0.693333566188812,-8.40138378673316e-22,4.38388075840734e-11,-5.86520110257283e-10
0.694074332714081,3.76886509195817e-21,-2.74175768893992e-11,4.5519329971988e-10
0.694815039634705,-2.90977279649132e-21,-4.38133383739991e-11,6.50857590045462e-10
0.695555806159973,-8.40369054223777e-22,4.38388284007551e-11,-5.86520332301887e-10
0.696296513080597,3.76958766330381e-21,-2.74176896464251e-11,4.55194881787691e-10
0.697037279605865,-2.91310393521302e-21,-4.38132481683784e-11,6.50856257777832e-10
0.697778046131134,-8.41531570140808e-22,4.38388492174369e-11,-5.86520554346492e-10
0.698518753051758,3.77236930045159e-21,-2.74178006687276e-11,4.55196463855501e-10
0.699259519577026,-2.91213316929394e-21,-4.38131579627576e-11,6.50854925510203e-10
0.70000022649765,-8.42364859692211e-22,4.38388700341186e-11,-5.86520831902249e-10
0.700740993022919,3.77250864484189e-21,-2.741791169103e-11,4.55198018167735e-10
0.701481699943542,-2.90911929149566e-21,-4.38130677571369e-11,6.50853648753724e-10
0.702222466468811,-8.42146351532352e-22,4.38388908508003e-11,-5.86521053946853e-10
0.70296323299408,3.77249814352551e-21,-2.74180227133325e-11,4.55199600235545e-10
0.703703939914703,-2.91071367404842e-21,-4.38129775515161e-11,6.50852316486095e-10
0.704444706439972,-8.43322297017435e-22,4.3838911667482e-11,-5.8652133150261e-10
0.705185413360596,3.77100170594275e-21,-2.7418133735635e-11,4.5520115454778e-10
0.705926179885864,-2.90596162644247e-21,-4.38128873458954e-11,6.50850984218465e-10
0.706666886806488,-8.40876247609623e-22,4.38389324841637e-11,-5.86521553547215e-10
0.707407653331757,3.77131512984672e-21,-2.74182447579374e-11,4.5520273661559e-10
0.708148419857025,-2.90921198580747e-21,-4.38127971402746e-11,6.50849651950836e-10
0.708889126777649,-8.40167964112705e-22,4.38389533008454e-11,-5.86521831102971e-10
0.709629893302917,3.77202275701137e-21,-2.74183557802399e-11,4.552043186834e-10
0.710370600223541,-2.90989659085546e-21,-4.38127069346539e-11,6.50848319683206e-10
0.71111136674881,-8.41853930261118e-22,4.38389741175271e-11,-5.86522053147576e-10
0.711852073669434,3.77380192234257e-21,-2.74184685372658e-11,4.55205872995634e-10
0.712592840194702,-2.90929296711256e-21,-4.38126132595862e-11,6.50846987415576e-10
0.713333606719971,-8.44697918974846e-22,4.38389949342088e-11,-5.86522330703332e-10
0.714074313640594,3.77388997184136e-21,-2.74185795595683e-11,4.55207455063444e-10
0.714815080165863,-2.90833956875517e-21,-4.38125230539654e-11,6.50845710659098e-10
0.715555787086487,-8.41586298154969e-22,4.38390157508906e-11,-5.86522552747937e-10
0.716296553611755,3.77222389760954e-21,-2.74186905818707e-11,4.55209009375679e-10
0.717037260532379,-2.90664703928402e-21,-4.38124328483447e-11,6.50844378391469e-10
0.717778027057648,-8.41641329091717e-22,4.38390365675723e-11,-5.86522830303693e-10
0.718518793582916,3.77114872437193e-21,-2.74188016041732e-11,4.55210591443489e-10
0.71925950050354,-2.90779612563301e-21,-4.38123426427239e-11,6.50843046123839e-10
0.720000267028809,-8.39697626308351e-22,4.3839057384254e-11,-5.86523052348298e-10
0.720740973949432,3.77183938787167e-21,-2.74189126264757e-11,4.55212173511299e-10
0.721481740474701,-2.90868934336966e-21,-4.38122524371032e-11,6.50841713856209e-10
0.722222447395325,-8.38161606840802e-22,4.38390782009357e-11,-5.86523329904054e-10
0.722963213920593,3.77216008191775e-21,-2.74190236487781e-11,4.55213727823534e-10
0.723703980445862,-2.90941554978634e-21,-4.38121622314824e-11,6.5084038158858e-10
0.724444687366486,-8.38731353740989e-22,4.38390990176174e-11,-5.86523551948659e-10
0.725185453891754,3.7727429049763e-21,-2.74191364058041e-11,4.55215309891344e-10
0.725926160812378,-2.91022253555972e-21,-4.38120720258617e-11,6.5083904932095e-10
0.726666927337646,-8.42129993712622e-22,4.38391198342991e-11,-5.86523829504415e-10
0.72740763425827,3.77285882335316e-21,-2.74192474281065e-11,4.55216864203578e-10
0.728148400783539,-2.90995858901172e-21,-4.38119818202409e-11,6.50837772564472e-10
0.728889167308807,-8.41540910253926e-22,4.38391406509808e-11,-5.8652405154902e-10
0.729629874229431,3.77170771752026e-21,-2.7419358450409e-11,4.55218446271388e-10
0.7303706407547,-2.90791870830679e-21,-4.38118916146202e-11,6.50836440296843e-10
0.731111347675323,-8.4053980158899e-22,4.38391614676625e-11,-5.86524329104776e-10
0.731852114200592,3.77093385128312e-21,-2.74194694727115e-11,4.55220028339198e-10
0.732592821121216,-2.90725813511742e-21,-4.38118014089994e-11,6.50835108029213e-10
0.733333587646484,-8.38234813132807e-22,4.38391822843442e-11,-5.86524551149381e-10
0.734074354171753,3.77212292341367e-21,-2.74195804950139e-11,4.55221582651433e-10
0.734815061092377,-2.90922652609168e-21,-4.38117112033787e-11,6.50833775761583e-10
0.735555827617645,-8.40613866161659e-22,4.3839203101026e-11,-5.86524828705137e-10
0.736296534538269,3.77345739838626e-21,-2.74196915173164e-11,4.55223164719243e-10
0.737037301063538,-2.90716907587666e-21,-4.38116209977579e-11,6.50832443493954e-10
0.737778007984161,-8.41644459291789e-22,4.38392239177077e-11,-5.86525050749742e-10
0.73851877450943,3.77246946685389e-21,-2.74198025396188e-11,4.55224719031477e-10
0.739259541034698,-2.90818305875157e-21,-4.38115273226902e-11,6.50831166737476e-10
0.740000247955322,-8.39884781980392e-22,4.38392447343894e-11,-5.86525328305498e-10
0.740741014480591,3.77313508875305e-21,-2.74199152966448e-11,4.55226301099287e-10
0.741481721401215,-2.9093604178754e-21,-4.38114371170695e-11,6.50829834469846e-10
0.742222487926483,-8.40594479116053e-22,4.38392655510711e-11,-5.86525550350103e-10
0.742963194847107,3.77251147211937e-21,-2.74200263189472e-11,4.55227883167098e-10
0.743703961372375,-2.90826626148897e-21,-4.38113469114487e-11,6.50828502202216e-10
0.744444727897644,-8.41196689220211e-22,4.38392863677528e-11,-5.86525827905859e-10
0.745185434818268,3.77320698238051e-21,-2.74201373412497e-11,4.55229437479332e-10
0.745926201343536,-2.90836683178805e-21,-4.3811256705828e-11,6.50827169934587e-10
0.74666690826416,-8.41238845946986e-22,4.38393071844345e-11,-5.86526049950464e-10
0.747407674789429,3.7728503415207e-21,-2.74202483635522e-11,4.55231019547142e-10
0.748148381710052,-2.90908617195942e-21,-4.38111665002072e-11,6.50825837666957e-10
0.748889148235321,-8.40786077652713e-22,4.38393280011162e-11,-5.86526271995069e-10
0.74962991476059,3.77365853898443e-21,-2.74203593858546e-11,4.55232573859377e-10
0.750370621681213,-2.90880849292078e-21,-4.38110762945865e-11,6.50824505399328e-10
0.751111388206482,-8.42776834411354e-22,4.38393488177979e-11,-5.86526549550825e-10
0.751852095127106,3.77222995606129e-21,-2.74204704081571e-11,4.55234155927187e-10
0.752592861652374,-2.90625566330084e-21,-4.38109860889657e-11,6.50823228642849e-10
0.753333568572998,-8.40335379329455e-22,4.38393696344797e-11,-5.8652677159543e-10
0.754074335098267,3.77105138524711e-21,-2.74205814304596e-11,4.55235710239421e-10
0.754815101623535,-2.90924651898246e-21,-4.3810895883345e-11,6.5082189637522e-10
0.755555808544159,-8.38498204322729e-22,4.38393904511614e-11,-5.86527049151186e-10
0.756296575069427,3.77316053425041e-21,-2.74206941874855e-11,4.55237292307231e-10
0.757037281990051,-2.90814044764092e-21,-4.38108056777242e-11,6.5082056410759e-10
0.75777804851532,-8.38566563853332e-22,4.38394112678431e-11,-5.86527271195791e-10
0.758518755435944,3.77383140680776e-21,-2.7420805209788e-11,4.55238874375041e-10
0.759259521961212,-2.9084536695965e-21,-4.38107154721035e-11,6.50819231839961e-10
0.760000288486481,-8.40076834900934e-22,4.38394320845248e-11,-5.86527548751548e-10
0.760740995407104,3.77366984809437e-21,-2.74209162320904e-11,4.55240428687276e-10
0.761481761932373,-2.90777108403243e-21,-4.38106252664827e-11,6.50817899572331e-10
0.762222468852997,-8.41719685067711e-22,4.38394529012065e-11,-5.86527770796152e-10
0.762963235378265,3.77246340840214e-21,-2.74210272543929e-11,4.55242010755086e-10
0.763703942298889,-2.90871297133149e-21,-4.3810535060862e-11,6.50816567304702e-10
0.764444708824158,-8.42055272807679e-22,4.38394737178882e-11,-5.86528048351909e-10
0.765185475349426,3.77208132204497e-21,-2.74211382766953e-11,4.5524356506732e-10
0.76592618227005,-2.9078597393764e-21,-4.38104413857943e-11,6.50815290548223e-10
0.766666948795319,-8.41529752605283e-22,4.38394945345699e-11,-5.86528270396514e-10
0.767407655715942,3.77058448056542e-21,-2.74212492989978e-11,4.5524514713513e-10
0.768148422241211,-2.90777956586488e-21,-4.38103511801735e-11,6.50813958280594e-10
0.768889129161835,-8.39365673639434e-22,4.38395153512516e-11,-5.8652854795227e-10
0.769629895687103,3.77102715144011e-21,-2.74213603213003e-11,4.55246729202941e-10
0.770370662212372,-2.91067792918309e-21,-4.38102609745528e-11,6.50812626012964e-10
0.771111369132996,-8.40300846154468e-22,4.38395361679333e-11,-5.86528769996875e-10
0.771852135658264,3.77220249108001e-21,-2.74214730783262e-11,4.55248283515175e-10
0.772592842578888,-2.9105601932707e-21,-4.3810170768932e-11,6.50811293745335e-10
0.773333609104156,-8.41609673681312e-22,4.38395569846151e-11,-5.86529047552631e-10
0.77407431602478,3.77304219249285e-21,-2.74215841006287e-11,4.55249865582985e-10
0.774815082550049,-2.90971988601269e-21,-4.38100805633113e-11,6.50809961477705e-10
0.775555849075317,-8.45800102809846e-22,4.38395778012968e-11,-5.86529269597236e-10
0.776296555995941,3.77140277544874e-21,-2.74216951229311e-11,4.5525141989522e-10
0.77703732252121,-2.90761962273863e-21,-4.38099903576905e-11,6.50808629210076e-10
0.777778029441833,-8.43459773385109e-22,4.38395986179785e-11,-5.86529547152992e-10
0.778518795967102,3.76965834524092e-21,-2.74218061452336e-11,4.5525300196303e-10
0.779259502887726,-2.90743342632145e-21,-4.38099001520698e-11,6.50807352453597e-10
0.780000269412994,-8.4124949872465e-22,4.38396194346602e-11,-5.86529769197597e-10
0.780741035938263,3.76870838000619e-21,-2.74219171675361e-11,4.5525458403084e-10
0.781481742858887,-2.91051293734704e-21,-4.3809809946449e-11,6.50806020185968e-10
0.782222509384155,-8.39921284152199e-22,4.38396402513419e-11,-5.86530046753353e-10
0.782963216304779,3.77125131415493e-21,-2.74220281898385e-11,4.55256138343074e-10
0.783703982830048,-2.91295570509348e-21,-4.38097197408283e-11,6.50804687918338e-10
0.784444689750671,-8.41278175396277e-22,4.38396610680236e-11,-5.86530268797958e-10
0.78518545627594,3.77286770908239e-21,-2.7422139212141e-11,4.55257720410884e-10
0.785926222801208,-2.91192859557311e-21,-4.38096295352075e-11,6.50803355650709e-10
0.786666929721832,-8.43898758701647e-22,4.38396818847053e-11,-5.86530546353714e-10
0.787407696247101,3.77268716722018e-21,-2.74222519691669e-11,4.55259274723119e-10
0.788148403167725,-2.90977320038811e-21,-4.38095393295868e-11,6.50802023383079e-10
0.788889169692993,-8.43075314134341e-22,4.3839702701387e-11,-5.86530768398319e-10
0.789629876613617,3.77090800188898e-21,-2.74223629914694e-11,4.55260856790929e-10
0.790370643138885,-2.90959084099037e-21,-4.3809449123966e-11,6.5080069111545e-10
0.791111409664154,-8.43027502852597e-22,4.38397235180688e-11,-5.86531045954075e-10
0.791852116584778,3.76897050901866e-21,-2.74224740137718e-11,4.55262438858739e-10
0.792592883110046,-2.91203946524017e-21,-4.38093589183453e-11,6.50799414358971e-10
0.79333359003067,-8.4303623712054e-22,4.38397443347505e-11,-5.8653126799868e-10
0.794074356555939,3.76790018254246e-21,-2.74225850360743e-11,4.55263993170973e-10
0.794815063476562,-2.91244053474616e-21,-4.38092652432776e-11,6.50798082091342e-10
0.795555830001831,-8.42924913069595e-22,4.38397651514322e-11,-5.86531545554436e-10
0.7962965965271,3.76858357590009e-21,-2.74226960583768e-11,4.55265575238784e-10
0.797037303447723,-2.91282867955508e-21,-4.38091750376568e-11,6.50796749823712e-10
0.797778069972992,-8.42715391613168e-22,4.38397859681139e-11,-5.86531767599041e-10
0.798518776893616,3.76965349847951e-21,-2.74228070806792e-11,4.55267129551018e-10
0.799259543418884,-2.91275456449531e-21,-4.3809084832036e-11,6.50795417556083e-10
0.800000250339508,-8.41025336009823e-22,4.38398067847956e-11,-5.86531989643646e-10
0.800741016864777,3.76914499242912e-21,-2.74229181029817e-11,4.55268711618828e-10
0.801481783390045,-2.91272487808173e-21,-4.38089946264153e-11,6.50794085288453e-10
0.802222490310669,-8.42143877664554e-22,4.38398276014773e-11,-5.86532267199402e-10
0.802963256835938,3.77100493711701e-21,-2.74230308600076e-11,4.55270293686638e-10
0.803703963756561,-2.9128062632836e-21,-4.38089044207945e-11,6.50792753020824e-10
0.80444473028183,-8.44170985133707e-22,4.3839848418159e-11,-5.86532489244007e-10
0.805185437202454,3.77104249951788e-21,-2.74231418823101e-11,4.55271847998873e-10
0.805926203727722,-2.90976875752349e-21,-4.38088142151738e-11,6.50791476264345e-10
0.806666970252991,-8.45282963465707e-22,4.38398692348407e-11,-5.86532766799763e-10
0.807407677173615,3.7690941014344e-21,-2.74232529046126e-11,4.55273430066683e-10
0.808148443698883,-2.90932810613272e-21,-4.3808724009553e-11,6.50790143996716e-10
0.808889150619507,-8.42554691180444e-22,4.38398900515224e-11,-5.86532988844368e-10
0.809629917144775,3.76869505141233e-21,-2.7423363926915e-11,4.55274984378917e-10
0.810370683670044,-2.90856191393447e-21,-4.38086338039323e-11,6.50788811729086e-10
0.811111390590668,-8.40569033618694e-22,4.38399108682042e-11,-5.86533266400124e-10
0.811852157115936,3.76807385815935e-21,-2.74234749492175e-11,4.55276566446727e-10
0.81259286403656,-2.91190617930163e-21,-4.38085435983115e-11,6.50787479461457e-10
0.813333630561829,-8.39223350510357e-22,4.38399316848859e-11,-5.86533488444729e-10
0.814074337482452,3.77079087182177e-21,-2.74235859715199e-11,4.55278120758962e-10
0.814815104007721,-2.91370998233662e-21,-4.38084533926908e-11,6.50786147193827e-10
0.81555587053299,-8.42742654646053e-22,4.38399525015676e-11,-5.86533766000485e-10
0.816296577453613,3.77045200242044e-21,-2.74236969938224e-11,4.55279702826772e-10
0.817037343978882,-2.91411993757185e-21,-4.380836318707e-11,6.50784814926197e-10
0.817778050899506,-8.42990243374322e-22,4.38399733182493e-11,-5.8653398804509e-10
0.818518817424774,3.76993905350543e-21,-2.74238097508483e-11,4.55281284894582e-10
0.819259524345398,-2.91287189651091e-21,-4.38082729814493e-11,6.50783538169719e-10
0.820000290870667,-8.43886035952967e-22,4.3839994134931e-11,-5.86534265600847e-10
0.820741057395935,3.76956706456785e-21,-2.74239207731508e-11,4.55282839206816e-10
0.821481764316559,-2.91183812269361e-21,-4.38081793063816e-11,6.5078220590209e-10
0.822222530841827,-8.43898859675842e-22,4.38400149516127e-11,-5.86534487645451e-10
0.822963237762451,3.76878108142721e-21,-2.74240317954533e-11,4.55284421274627e-10
0.82370400428772,-2.91238439309326e-21,-4.38080891007608e-11,6.5078087363446e-10
0.824444711208344,-8.43134283064728e-22,4.38400357682944e-11,-5.86534765201208e-10
0.825185477733612,3.76950526835998e-21,-2.74241428177557e-11,4.55285975586861e-10
0.825926244258881,-2.9120095768782e-21,-4.38079988951401e-11,6.5077954136683e-10
0.826666951179504,-8.43089803931448e-22,4.38400565849761e-11,-5.86534987245813e-10
0.827407717704773,3.77006304981796e-21,-2.74242538400582e-11,4.55287557654671e-10
0.828148424625397,-2.91229089098789e-21,-4.38079086895193e-11,6.50778209099201e-10
0.828889191150665,-8.42520107518359e-22,4.38400774016579e-11,-5.86535264801569e-10
0.829629898071289,3.77068343527737e-21,-2.74243648623607e-11,4.55289139722481e-10
0.830370664596558,-2.9136077964504e-21,-4.38078184838986e-11,6.50776876831571e-10
0.831111431121826,-8.44007255475107e-22,4.38400982183396e-11,-5.86535486846174e-10
0.83185213804245,3.76960664645263e-21,-2.74244758846631e-11,4.55290694034716e-10
0.832592904567719,-2.91071266430647e-21,-4.38077282782778e-11,6.50775600075093e-10
0.833333611488342,-8.43507988563636e-22,4.38401190350213e-11,-5.8653576440193e-10
0.834074378013611,3.76829398190634e-21,-2.74245886416891e-11,4.55292276102526e-10
0.834815084934235,-2.91288845627904e-21,-4.38076380726571e-11,6.50774267807464e-10
0.835555851459503,-8.44448967094933e-22,4.3840139851703e-11,-5.86535986446535e-10
0.836296617984772,3.7689769713672e-21,-2.74246996639915e-11,4.5529383041476e-10
0.837037324905396,-2.91171715560696e-21,-4.38075478670363e-11,6.50772935539834e-10
0.837778091430664,-8.44263023113241e-22,4.38401606683847e-11,-5.86536264002291e-10
0.838518798351288,3.76915710933262e-21,-2.7424810686294e-11,4.5529541248257e-10
0.839259564876556,-2.91249263743123e-21,-4.38074576614156e-11,6.50771603272204e-10
0.84000027179718,-8.43583870671831e-22,4.38401814850664e-11,-5.86536486046896e-10
0.840741038322449,3.76860942529424e-21,-2.74249217085965e-11,4.5529699455038e-10
0.841481804847717,-2.91330446996601e-21,-4.38073674557948e-11,6.50770271004575e-10
0.842222511768341,-8.42251869567035e-22,4.38402023017481e-11,-5.86536763602652e-10
0.84296327829361,3.76854803298315e-21,-2.74250327308989e-11,4.55298548862615e-10
0.843703985214233,-2.91240176065495e-21,-4.38072772501741e-11,6.50768938736945e-10
0.844444751739502,-8.43466993040114e-22,4.38402231184298e-11,-5.86536985647257e-10
0.845185458660126,3.76834164172679e-21,-2.74251437532014e-11,4.55300130930425e-10
0.845926225185394,-2.91278707818638e-21,-4.38071870445533e-11,6.50767661980467e-10
0.846666991710663,-8.43918297208547e-22,4.38402439351115e-11,-5.86537207691862e-10
0.847407698631287,3.76832306247475e-21,-2.74252547755038e-11,4.55301685242659e-10
0.848148465156555,-2.91378227986086e-21,-4.38070933694856e-11,6.50766329712837e-10
0.848889172077179,-8.45407969520192e-22,4.38402647517933e-11,-5.86537485247618e-10
0.849629938602448,3.76861548374599e-21,-2.74253675325298e-11,4.5530326731047e-10
0.850370645523071,-2.91167515034148e-21,-4.38070031638649e-11,6.50764997445208e-10
0.85111141204834,-8.43861347762077e-22,4.3840285568475e-11,-5.86537707292223e-10
0.851852178573608,3.76831134946803e-21,-2.74254785548322e-11,4.5530484937828e-10
0.852592885494232,-2.91190153448862e-21,-4.38069129582441e-11,6.50763665177578e-10
0.853333652019501,-8.43691408190431e-22,4.38403063851567e-11,-5.86537984847979e-10
0.854074358940125,3.76870110986408e-21,-2.74255895771347e-11,4.55306403690514e-10
0.854815125465393,-2.91354014373917e-21,-4.38068227526234e-11,6.50762332909949e-10
0.855555832386017,-8.43229905628215e-22,4.38403272018384e-11,-5.86538206892584e-10
0.856296598911285,3.76881339316989e-21,-2.74257005994372e-11,4.55307985758324e-10
0.857037365436554,-2.9108536242839e-21,-4.38067325470026e-11,6.50761000642319e-10
0.857778072357178,-8.42890531355902e-22,4.38403480185201e-11,-5.8653848444834e-10
0.858518838882446,3.76967167383477e-21,-2.74258116217396e-11,4.55309540070559e-10
0.85925954580307,-2.91292218166046e-21,-4.38066423413819e-11,6.50759723885841e-10
0.860000312328339,-8.42561506938665e-22,4.38403688352018e-11,-5.86538706492945e-10
0.860741019248962,3.76992693660192e-21,-2.74259226440421e-11,4.55311122138369e-10
0.861481785774231,-2.91305021694082e-21,-4.38065521357611e-11,6.50758391618211e-10
0.8622225522995,-8.42569231464649e-22,4.38403896518835e-11,-5.86538984048701e-10
0.862963259220123,3.76940994871908e-21,-2.74260336663446e-11,4.55312704206179e-10
0.863704025745392,-2.91286361662685e-21,-4.38064619301404e-11,6.50757059350582e-10
0.864444732666016,-8.41857413870875e-22,4.38404104685652e-11,-5.86539206093306e-10
0.865185499191284,3.76890225046225e-21,-2.74261464233705e-11,4.55314258518413e-10
0.865926206111908,-2.91328164979775e-21,-4.38063717245196e-11,6.50755727082952e-10
0.866666972637177,-8.44496172531501e-22,4.3840431285247e-11,-5.86539483649062e-10
0.867407739162445,3.76796036316319e-21,-2.7426257445673e-11,4.55315840586223e-10
0.868148446083069,-2.91195101184459e-21,-4.38062815188989e-11,6.50754394815323e-10
0.868889212608337,-8.42403179399543e-22,4.38404521019287e-11,-5.86539705693667e-10
0.869629919528961,3.76712389292462e-21,-2.74263684679754e-11,4.55317394898458e-10
0.87037068605423,-2.91308131699314e-21,-4.38061913132781e-11,6.50753062547693e-10
0.871111392974854,-8.42508192563246e-22,4.38404729186104e-11,-5.86539983249423e-10
0.871852159500122,3.76717680340326e-21,-2.74264794902779e-11,4.55318976966268e-10
0.872592926025391,-2.91360072825669e-21,-4.38061011076574e-11,6.50751785791215e-10
0.873333632946014,-8.42332699410827e-22,4.38404937352921e-11,-5.86540205294028e-10
0.874074399471283,3.7684147470446e-21,-2.74265905125803e-11,4.55320531278502e-10
0.874815106391907,-2.91327639913956e-21,-4.38060074325897e-11,6.50750453523585e-10
0.875555872917175,-8.45195418837889e-22,4.38405145519738e-11,-5.86540482849784e-10
0.876296579837799,3.7692431393475e-21,-2.74267015348828e-11,4.55322113346313e-10
0.877037346363068,-2.9137667298347e-21,-4.38059172269689e-11,6.50749121255956e-10
0.877778112888336,-8.46043854518673e-22,4.38405353686555e-11,-5.86540704894389e-10
0.87851881980896,3.76798863593804e-21,-2.74268125571853e-11,4.55323695414123e-10
0.879259586334229,-2.91412639992038e-21,-4.38058270213482e-11,6.50747788988326e-10
0.880000293254852,-8.43826612638699e-22,4.38405561853372e-11,-5.86540982450146e-10
0.880741059780121,3.76899757010315e-21,-2.74269253142112e-11,4.55325249726357e-10
0.881481766700745,-2.91402683936325e-21,-4.38057368157274e-11,6.50746456720697e-10
0.882222533226013,-8.43499506731183e-22,4.38405770020189e-11,-5.8654120449475e-10
0.882963299751282,3.76979082338589e-21,-2.74270363365137e-11,4.55326831794167e-10
0.883704006671906,-2.91294015506732e-21,-4.38056466101067e-11,6.50745124453067e-10
0.884444773197174,-8.43039316833514e-22,4.38405978187006e-11,-5.86541482050507e-10
0.885185480117798,3.76921082760483e-21,-2.74271473588161e-11,4.55328386106402e-10
0.885926246643066,-2.91124560611226e-21,-4.38055564044859e-11,6.50743847696589e-10
0.88666695356369,-8.42585488310184e-22,4.38406186353824e-11,-5.86541704095112e-10
0.887407720088959,3.76815746479353e-21,-2.74272583811186e-11,4.55329968174212e-10
0.888148486614227,-2.91311928329079e-21,-4.38054661988652e-11,6.50742515428959e-10
0.888889193534851,-8.4378137619895e-22,4.38406394520641e-11,-5.86541926139716e-10
0.88962996006012,3.76802660223568e-21,-2.74273694034211e-11,4.55331550242022e-10
0.890370666980743,-2.91339413505194e-21,-4.38053759932444e-11,6.5074118316133e-10
0.891111433506012,-8.43688177016163e-22,4.38406602687458e-11,-5.86542203695473e-10
0.891852140426636,3.76849471860773e-21,-2.74274804257235e-11,4.55333104554256e-10
0.892592906951904,-2.91392667296095e-21,-4.38052857876237e-11,6.507398508937e-10
0.893333673477173,-8.4579268120645e-22,4.38406810854275e-11,-5.86542425740078e-10
0.894074380397797,3.76776528101678e-21,-2.7427591448026e-11,4.55334686622066e-10
0.894815146923065,-2.91301265453995e-21,-4.38051955820029e-11,6.50738518626071e-10
0.895555853843689,-8.44152860265549e-22,4.38407019021092e-11,-5.86542703295834e-10
0.896296620368958,3.7671242968214e-21,-2.74277042050519e-11,4.55336240934301e-10
0.897037327289581,-2.91286604000755e-21,-4.38051053763822e-11,6.50737186358441e-10
0.89777809381485,-8.42080718305038e-22,4.38407227187909e-11,-5.86542925340439e-10
0.898518860340118,3.76795632419536e-21,-2.74278152273544e-11,4.55337823002111e-10
0.899259567260742,-2.91457088833059e-21,-4.38050151707614e-11,6.50735909601963e-10
0.900000333786011,-8.41118080808728e-22,4.38407435354726e-11,-5.86543202896195e-10
0.900741040706635,3.76888811407483e-21,-2.74279262496568e-11,4.55339405069921e-10
0.901481807231903,-2.91460178643453e-21,-4.38049214956937e-11,6.50734577334333e-10
0.902222514152527,-8.44160130407652e-22,4.38407643521543e-11,-5.865434249408e-10
0.902963280677795,3.769167610649e-21,-2.74280372719593e-11,4.55340959382156e-10
0.903704047203064,-2.91458502471801e-21,-4.3804831290073e-11,6.50733245066704e-10
0.904444754123688,-8.43795916483155e-22,4.3840785168836e-11,-5.86543702496556e-10
0.905185520648956,3.76900201296777e-21,-2.74281482942618e-11,4.55342541449966e-10
0.90592622756958,-2.91469023983011e-21,-4.38047410844522e-11,6.50731912799074e-10
0.906666994094849,-8.44718214788216e-22,4.38408059855178e-11,-5.86543924541161e-10
0.907407701015472,3.76735330629763e-21,-2.74282593165642e-11,4.553440957622e-10
0.908148467540741,-2.91423787543262e-21,-4.38046508788315e-11,6.50730580531445e-10
0.90888923406601,-8.44449118556227e-22,4.38408268021995e-11,-5.86544202096917e-10
0.909629940986633,3.76648856328422e-21,-2.74283703388667e-11,4.5534567783001e-10
0.910370707511902,-2.91296539861629e-21,-4.38045606732107e-11,6.50729248263815e-10
0.911111414432526,-8.43385153454363e-22,4.38408476188812e-11,-5.86544424141522e-10
0.911852180957794,3.76572681395059e-21,-2.74284830958926e-11,4.55347232142245e-10
0.912592887878418,-2.9151157450915e-21,-4.380447046759e-11,6.50727971507337e-10
0.913333654403687,-8.43137261803506e-22,4.38408684355629e-11,-5.86544701697278e-10
0.914074420928955,3.76644534632839e-21,-2.74285941181951e-11,4.55348814210055e-10
0.914815127849579,-2.91673294781252e-21,-4.38043802619692e-11,6.50726639239707e-10
0.915555894374847,-8.46156289285772e-22,4.38408892522446e-11,-5.86544923741883e-10
0.916296601295471,3.76672686238647e-21,-2.74287051404976e-11,4.55350396277865e-10
0.91703736782074,-2.91530476878616e-21,-4.38042900563484e-11,6.50725306972078e-10
0.917778074741364,-8.4463183136365e-22,4.38409100689263e-11,-5.86545201297639e-10
0.918518841266632,3.76710935264042e-21,-2.74288161628e-11,4.55351950590099e-10
0.919259607791901,-2.91349450340264e-21,-4.38041998507277e-11,6.50723974704448e-10
0.920000314712524,-8.4521495734479e-22,4.3840930885608e-11,-5.86545423342244e-10
0.920741081237793,3.76665496875901e-21,-2.74289271851025e-11,4.55353532657909e-10
0.921481788158417,-2.91465207158407e-21,-4.38041096451069e-11,6.50722642436818e-10
0.922222554683685,-8.44859427201137e-22,4.38409482328428e-11,-5.86545700898e-10
0.922963261604309,3.7677818407849e-21,-2.74290382074049e-11,4.55355086970144e-10
0.923704028129578,-2.91570341491145e-21,-4.38040194394862e-11,6.50721310169189e-10
0.924444794654846,-8.45685699045928e-22,4.38409690495245e-11,-5.86545922942605e-10
0.92518550157547,3.7669288107782e-21,-2.74291492297074e-11,4.55356669037954e-10
0.925926268100739,-2.91313766059444e-21,-4.38039257644185e-11,6.50720033412711e-10
0.926666975021362,-8.4561526954431e-22,4.38409898662062e-11,-5.86546200498361e-10
0.927407741546631,3.76653622310467e-21,-2.74292619867333e-11,4.55358251105764e-10
0.928148448467255,-2.91322086333183e-21,-4.38038355587977e-11,6.50718701145081e-10
0.928889214992523,-8.44293719268785e-22,4.38410106828879e-11,-5.86546422542966e-10
0.929629981517792,3.76724869703071e-21,-2.74293730090358e-11,4.55359805417999e-10
0.930370688438416,-2.91262673116334e-21,-4.3803745353177e-11,6.50717368877451e-10
0.931111454963684,-8.46224042971199e-22,4.38410314995696e-11,-5.86546644587571e-10
0.931852161884308,3.76758595084491e-21,-2.74294840313383e-11,4.55361387485809e-10
0.932592928409576,-2.91301871299171e-21,-4.38036551475562e-11,6.50716036609822e-10
0.9333336353302,-8.44944043577275e-22,4.38410523162513e-11,-5.86546922143327e-10
0.934074401855469,3.7683073105002e-21,-2.74295950536407e-11,4.55362941798043e-10
0.934815168380737,-2.91282746786473e-21,-4.38035649419355e-11,6.50714704342192e-10
0.935555875301361,-8.47502982136067e-22,4.38410731329331e-11,-5.86547144187932e-10
0.93629664182663,3.76701726417378e-21,-2.74297060759432e-11,4.55364523865853e-10
0.937037348747253,-2.91104385966891e-21,-4.38034747363147e-11,6.50713372074563e-10
0.937778115272522,-8.44071979934659e-22,4.38410939496148e-11,-5.86547421743688e-10
0.938518822193146,3.76581324786225e-21,-2.74298170982457e-11,4.55366105933663e-10
0.939259588718414,-2.91318834964076e-21,-4.3803384530694e-11,6.50712095318084e-10
0.940000355243683,-8.41698581460774e-22,4.38411147662965e-11,-5.86547643788293e-10
0.940741062164307,3.76651966333655e-21,-2.74299281205481e-11,4.55367660245898e-10
0.941481828689575,-2.91660834565482e-21,-4.38032943250732e-11,6.50710763050455e-10
0.942222535610199,-8.43746590588473e-22,4.38411355829782e-11,-5.86547921344049e-10
0.942963302135468,3.76858842266149e-21,-2.74300408775741e-11,4.55369242313708e-10
0.943704009056091,-2.91514341202117e-21,-4.38032041194525e-11,6.50709430782825e-10
0.94444477558136,-8.4323566115738e-22,4.38411563996599e-11,-5.86548143388654e-10
0.945185542106628,3.76894102455347e-21,-2.74301518998765e-11,4.55370796625942e-10
0.945926249027252,-2.91485765504686e-21,-4.38031139138317e-11,6.50708098515196e-10
0.946667015552521,-8.4676632489011e-22,4.38411772163416e-11,-5.86548420944411e-10
0.947407722473145,3.76904603771717e-21,-2.7430262922179e-11,4.55372378693752e-10
0.948148488998413,-2.91226019483234e-21,-4.3803023708211e-11,6.50706766247566e-10
0.948889195919037,-8.4642760695007e-22,4.38411980330233e-11,-5.86548642989015e-10
0.949629962444305,3.76562947482577e-21,-2.74303739444814e-11,4.55373960761563e-10
0.950370728969574,-2.91179793496366e-21,-4.38029335025902e-11,6.50705433979937e-10
0.951111435890198,-8.44928089654328e-22,4.3841218849705e-11,-5.86548920544772e-10
0.951852202415466,3.76460074971826e-21,-2.74304849667839e-11,4.55375515073797e-10
0.95259290933609,-2.91353529697777e-21,-4.38028398275225e-11,6.50704157223458e-10
0.953333675861359,-8.43592655426872e-22,4.38412396663868e-11,-5.86549142589377e-10
0.954074382781982,3.76457247694342e-21,-2.74305959890864e-11,4.55377097141607e-10
0.954815149307251,-2.9166455041589e-21,-4.38027496219018e-11,6.50702824955829e-10
0.95555591583252,-8.43278726651917e-22,4.38412604830685e-11,-5.86549420145133e-10
0.956296622753143,3.76648008145176e-21,-2.74307070113888e-11,4.55378651453842e-10
0.957037389278412,-2.91663702232645e-21,-4.3802659416281e-11,6.50701492688199e-10
0.957778096199036,-8.45615875389485e-22,4.38412812997502e-11,-5.86549642189738e-10
0.958518862724304,3.76817604404557e-21,-2.74308197684148e-11,4.55380233521652e-10
0.959259569644928,-2.91489844862199e-21,-4.38025692106603e-11,6.5070016042057e-10
0.960000336170197,-8.47076972003699e-22,4.38413021164319e-11,-5.86549919745494e-10
0.960741102695465,3.76798176969272e-21,-2.74309307907172e-11,4.55381787833886e-10
0.961481809616089,-2.91462319296405e-21,-4.38024790050395e-11,6.5069882815294e-10
0.962222576141357,-8.46505357080889e-22,4.38413229331136e-11,-5.86550141790099e-10
0.962963283061981,3.7669801056697e-21,-2.74310418130197e-11,4.55383369901696e-10
0.96370404958725,-2.91498468058526e-21,-4.38023887994188e-11,6.50697495885311e-10
0.964444756507874,-8.46454516573269e-22,4.38413437497953e-11,-5.86550419345855e-10
0.965185523033142,3.76665739213971e-21,-2.74311528353222e-11,4.55384951969506e-10
0.965926289558411,-2.91482817058167e-21,-4.3802298593798e-11,6.50696219128832e-10
0.966666996479034,-8.4766494474624e-22,4.3841364566477e-11,-5.8655064139046e-10
0.967407763004303,3.765614126748e-21,-2.74312638576246e-11,4.55386506281741e-10
0.968148469924927,-2.91359971851473e-21,-4.38022083881773e-11,6.50694886861203e-10
0.968889236450195,-8.45980644672059e-22,4.38413853831587e-11,-5.86550863435065e-10
0.969629943370819,3.76521305724201e-21,-2.74313748799271e-11,4.55388088349551e-10
0.970370709896088,-2.91479101207759e-21,-4.38021181825565e-11,6.50693554593573e-10
0.971111476421356,-8.42525509637838e-22,4.38414061998404e-11,-5.86551140990821e-10
0.97185218334198,3.76637547218485e-21,-2.74314859022295e-11,4.55389642661785e-10
0.972592949867249,-2.91659602680293e-21,-4.38020279769358e-11,6.50692222325944e-10
0.973333656787872,-8.43549589932334e-22,4.38414270165222e-11,-5.86551363035426e-10
0.974074423313141,3.76746882077771e-21,-2.74315986592555e-11,4.55391224729595e-10
0.974815130233765,-2.91731455918073e-21,-4.3801937771315e-11,6.50690890058314e-10
0.975555896759033,-8.45527977351981e-22,4.38414478332039e-11,-5.86551640591182e-10
0.976296663284302,3.76797167227313e-21,-2.74317096815579e-11,4.55392806797406e-10
0.977037370204926,-2.91610266688191e-21,-4.38018475656943e-11,6.50689557790685e-10
0.977778136730194,-8.47711493850535e-22,4.38414686498856e-11,-5.86551862635787e-10
0.978518843650818,3.76732866859384e-21,-2.74318207038604e-11,4.5539436110964e-10
0.979259610176086,-2.9134735007699e-21,-4.38017538906266e-11,6.50688281034206e-10
0.98000031709671,-8.46548220627035e-22,4.38414894665673e-11,-5.86552140191543e-10
0.980741083621979,3.76595986239465e-21,-2.74319317261629e-11,4.5539594317745e-10
0.981481850147247,-2.91312413005219e-21,-4.38016636850058e-11,6.50686948766577e-10
0.982222557067871,-8.44602952743632e-22,4.3841510283249e-11,-5.86552362236148e-10
0.98296332359314,3.76530433791507e-21,-2.74320427484653e-11,4.55397497489685e-10
0.983704030513763,-2.91334970640576e-21,-4.38015734793851e-11,6.50685616498947e-10
0.984444797039032,-8.42760779514211e-22,4.38415310999307e-11,-5.86552639791904e-10
0.985185503959656,3.76558868125064e-21,-2.74321537707678e-11,4.55399079557495e-10
0.985926270484924,-2.91493116426145e-21,-4.38014832737643e-11,6.50684284231318e-10
0.986667037010193,-8.42320380558931e-22,4.38415519166124e-11,-5.86552861836509e-10
0.987407743930817,3.76744902983532e-21,-2.74322647930703e-11,4.55400661625305e-10
0.988148510456085,-2.9166675165336e-21,-4.38013930681436e-11,6.50682951963688e-10
0.988889217376709,-8.45144477356074e-22,4.38415727332941e-11,-5.86553139392265e-10
0.989629983901978,3.76775518359719e-21,-2.74323775500962e-11,4.55402215937539e-10
0.990370690822601,-2.91537100785865e-21,-4.38013028625228e-11,6.50681619696059e-10
0.99111145734787,-8.4551994990341e-22,4.38415935499759e-11,-5.8655336143687e-10
0.991852223873138,3.76841838211565e-21,-2.74324885723987e-11,4.55403798005349e-10
0.992592930793762,-2.9142750339367e-21,-4.38012126569021e-11,6.50680287428429e-10
0.993333697319031,-8.45732500585713e-22,4.38416143666576e-11,-5.86553638992626e-10
0.994074404239655,3.76752294294669e-21,-2.74325995947011e-11,4.55405352317584e-10
0.994815170764923,-2.91495600391363e-21,-4.38011224512813e-11,6.50679010671951e-10
0.995555877685547,-8.45175627895499e-22,4.38416351833393e-11,-5.86553861037231e-10
0.996296644210815,3.76654066596929e-21,-2.74327106170036e-11,4.55406934385394e-10
0.997037410736084,-2.91216952000445e-21,-4.38010322456606e-11,6.50677678404321e-10
0.997778117656708,-8.45074148828651e-22,4.3841656000021e-11,-5.86554138592987e-10
0.998518884181976,3.76584757908885e-21,-2.7432821639306e-11,4.55408488697628e-10
0.9992595911026,-2.91350561056418e-21,-4.38009420400398e-11,6.50676346136692e-10
1.00000035762787,-8.43091268057288e-22,4.38416768167027e-11,-5.86554360637592e-10
1.00074112415314,3.76544893296356e-21,-2.74329326616085e-11,4.55410070765438e-10
1.00148189067841,-2.91496387990091e-21,-4.38008518344191e-11,6.50675013869062e-10
1.00222253799438,-8.44200217163411e-22,4.38416976333844e-11,-5.86554638193348e-10
1.00296330451965,3.76647159961931e-21,-2.7433043683911e-11,4.55411652833249e-10
1.00370407104492,-2.91517330038314e-21,-4.38007581593514e-11,6.50673681601432e-10
1.00444483757019,-8.42938090202156e-22,4.38417184500661e-11,-5.86554860237953e-10
1.00518548488617,3.76658832578974e-21,-2.74331547062134e-11,4.55413207145483e-10
1.00592625141144,-2.91568241227871e-21,-4.38006679537306e-11,6.50672349333803e-10
1.00666701793671,-8.42984235409667e-22,4.38417392667478e-11,-5.86555082282558e-10
1.00740778446198,3.76874392292313e-21,-2.74332674632394e-11,4.55414789213293e-10
1.00814855098724,-2.91539705920119e-21,-4.38005777481099e-11,6.50671072577325e-10
1.00888919830322,-8.43309776217147e-22,4.38417600834295e-11,-5.86555359838314e-10
1.00962996482849,3.7686958592059e-21,-2.74333784855418e-11,4.55416343525528e-10
1.01037073135376,-2.91520197705477e-21,-4.38004875424891e-11,6.50669740309695e-10
1.01111149787903,-8.43669345328634e-22,4.38417809001113e-11,-5.86555581882919e-10
1.0118522644043,3.76892163750786e-21,-2.74334895078443e-11,4.55417925593338e-10
1.01259291172028,-2.91329942125622e-21,-4.38003973368684e-11,6.50668408042065e-10
1.01333367824554,-8.45362026261072e-22,4.3841801716793e-11,-5.86555859438675e-10
1.01407444477081,3.76745831946134e-21,-2.74336005301468e-11,4.55419507661148e-10
1.01481521129608,-2.91313503526535e-21,-4.38003071312476e-11,6.50667075774436e-10
1.01555585861206,-8.43591645684913e-22,4.38418225334747e-11,-5.8655608148328e-10
1.01629662513733,3.76666385448825e-21,-2.74337115524492e-11,4.55421061973382e-10
1.0170373916626,-2.91339635648425e-21,-4.38002169256269e-11,6.50665743506806e-10
1.01777815818787,-8.4382242220957e-22,4.38418433501564e-11,-5.86556359039037e-10
1.01851892471313,3.76596874812389e-21,-2.74338225747517e-11,4.55422644041192e-10
1.01925957202911,-2.91554973218534e-21,-4.38001267200061e-11,6.50664411239177e-10
1.02000033855438,-8.44247523574176e-22,4.38418641668381e-11,-5.86556581083642e-10
1.02074110507965,3.76745791556455e-21,-2.74339335970541e-11,4.55424198353427e-10
1.02148187160492,-2.91513816136298e-21,-4.38000365143854e-11,6.50663134482699e-10
1.02222263813019,-8.4421198065723e-22,4.38418849835198e-11,-5.86556858639398e-10
1.02296328544617,3.76804800876521e-21,-2.74340463540801e-11,4.55425780421237e-10
1.02370405197144,-2.9130970689677e-21,-4.37999463087646e-11,6.50661802215069e-10
1.0244448184967,-8.43705897987538e-22,4.38419058002015e-11,-5.86557080684003e-10
1.02518558502197,3.7681215179798e-21,-2.74341573763826e-11,4.55427362489047e-10
1.02592623233795,-2.91408661608721e-21,-4.37998561031439e-11,6.50660469947439e-10
1.02666699886322,-8.42783448221183e-22,4.38419266168832e-11,-5.86557358239759e-10
1.02740776538849,3.76921365488231e-21,-2.7434268398685e-11,4.55428916801282e-10
1.02814853191376,-2.91485704920168e-21,-4.37997658975231e-11,6.5065913767981e-10
1.02888929843903,-8.44267869874643e-22,4.3841947433565e-11,-5.86557580284364e-10
1.029629945755,3.76898787658035e-21,-2.74343794209875e-11,4.55430498869092e-10
1.03037071228027,-2.91379096364171e-21,-4.37996722224554e-11,6.5065780541218e-10
1.03111147880554,-8.43966058003193e-22,4.38419682502467e-11,-5.8655785784012e-10
1.03185224533081,3.76944226046176e-21,-2.74344904432899e-11,4.55432053181326e-10
1.03259301185608,-2.91135526408897e-21,-4.37995820168346e-11,6.50656473144551e-10
1.03333365917206,-8.42930113240682e-22,4.38419890669284e-11,-5.86558079884725e-10
1.03407442569733,3.76955979442575e-21,-2.74346014655924e-11,4.55433635249136e-10
1.0348151922226,-2.9121513446492e-21,-4.37994918112139e-11,6.50655196388072e-10
1.03555595874786,-8.43443011668595e-22,4.38420098836101e-11,-5.86558357440481e-10
1.03629660606384,3.76892406088856e-21,-2.74347124878949e-11,4.55435189561371e-10
1.03703737258911,-2.91259886228529e-21,-4.37994016055931e-11,6.50653864120443e-10
1.03777813911438,-8.4357851903945e-22,4.38420307002918e-11,-5.86558579485086e-10
1.03851890563965,3.76781132525009e-21,-2.74348252449208e-11,4.55436771629181e-10
1.03925967216492,-2.91264329093147e-21,-4.37993113999724e-11,6.50652531852813e-10
1.0400003194809,-8.42446699277963e-22,4.38420515169735e-11,-5.86558857040842e-10
1.04074108600616,3.76679915991071e-21,-2.74349362672233e-11,4.55438353696991e-10
1.04148185253143,-2.91249950367655e-21,-4.37992211943516e-11,6.50651199585184e-10
1.0422226190567,-8.41849840806185e-22,4.38420723336552e-11,-5.86559079085447e-10
1.04296338558197,3.76668566491455e-21,-2.74350472895257e-11,4.55439908009225e-10
1.04370403289795,-2.91367847838751e-21,-4.37991309887309e-11,6.50649867317554e-10
1.04444479942322,-8.40810967791994e-22,4.38420931503369e-11,-5.86559301130052e-10
1.04518556594849,3.76766026785307e-21,-2.74351583118282e-11,4.55441490077035e-10
1.04592633247375,-2.91287936860141e-21,-4.37990407831101e-11,6.50648535049925e-10
1.04666697978973,-8.41232434085549e-22,4.38421139670186e-11,-5.86559578685808e-10
1.047407746315,3.76818452587802e-21,-2.74352693341307e-11,4.5544304438927e-10
1.04814851284027,-2.91421303578044e-21,-4.37989505774894e-11,6.50647258293446e-10
1.04888927936554,-8.41988124967427e-22,4.38421347837004e-11,-5.86559800730413e-10
1.04963004589081,3.76926171859954e-21,-2.74353803564331e-11,4.5544462645708e-10
1.05037069320679,-2.91496852471392e-21,-4.37988603718686e-11,6.50645926025817e-10
1.05111145973206,-8.43873717101071e-22,4.38421556003821e-11,-5.86560078286169e-10
1.05185222625732,3.76937157852465e-21,-2.74354913787356e-11,4.5544620852489e-10
1.05259299278259,-2.91415669217914e-21,-4.37987701662479e-11,6.50644593758187e-10
1.05333375930786,-8.44409789106936e-22,4.38421764170638e-11,-5.86560300330774e-10
1.05407440662384,3.76727656590877e-21,-2.74356041357615e-11,4.55447762837125e-10
1.05481517314911,-2.91235672616359e-21,-4.37986764911802e-11,6.50643261490558e-10
1.05555593967438,-8.44223693663951e-22,4.38421972337455e-11,-5.8656057788653e-10
1.05629670619965,3.76590412463853e-21,-2.7435715158064e-11,4.55449344904935e-10
1.05703735351562,-2.91266308187386e-21,-4.37985862855594e-11,6.50641929222928e-10
1.05777812004089,-8.44246311883825e-22,4.38422180504272e-11,-5.86560799931135e-10
1.05851888656616,3.76553779025592e-21,-2.74358261803664e-11,4.55450899217169e-10
1.05925965309143,-2.9141136771717e-21,-4.37984960799387e-11,6.50640596955299e-10
1.0600004196167,-8.41302914074265e-22,4.38422388671089e-11,-5.86561077486891e-10
1.06074106693268,3.76725839055352e-21,-2.74359372026689e-11,4.55452481284979e-10
1.06148183345795,-2.91479767637451e-21,-4.37984058743179e-11,6.5063932019882e-10
1.06222259998322,-8.43921932279598e-22,4.38422596837906e-11,-5.86561299531496e-10
1.06296336650848,3.76832548585545e-21,-2.74360482249714e-11,4.55454063352789e-10
1.06370413303375,-2.91286583805916e-21,-4.37983156686972e-11,6.50637987931191e-10
1.06444478034973,-8.43212840989113e-22,4.38422805004723e-11,-5.86561577087252e-10
1.065185546875,3.76745953115169e-21,-2.74361592472738e-11,4.55455617665024e-10
1.06592631340027,-2.91434288859632e-21,-4.37982254630764e-11,6.50636655663561e-10
1.06666707992554,-8.44740933982286e-22,4.38423013171541e-11,-5.86561799131857e-10
1.06740772724152,3.76763966911712e-21,-2.74362702695763e-11,4.55457199732834e-10
1.06814849376678,-2.9143142119247e-21,-4.37981352574557e-11,6.50635323395932e-10
1.06888926029205,-8.43965048261234e-22,4.38423221338358e-11,-5.86562076687613e-10
1.06963002681732,3.76776124204894e-21,-2.74363812918788e-11,4.55458754045068e-10
1.07037079334259,-2.91360577696648e-21,-4.37980450518349e-11,6.50633991128302e-10
1.07111144065857,-8.44635113025016e-22,4.38423429505175e-11,-5.86562298732218e-10
1.07185220718384,3.76802013988715e-21,-2.74364940489047e-11,4.55460336112878e-10
1.07259297370911,-2.91403673483445e-21,-4.37979548462142e-11,6.50632658860673e-10
1.07333374023438,-8.4309147000568e-22,4.38423637671992e-11,-5.86562576287974e-10
1.07407450675964,3.76699303036678e-21,-2.74366050712072e-11,4.55461890425113e-10
1.07481515407562,-2.91489925641556e-21,-4.37978646405934e-11,6.50631382104194e-10
1.07555592060089,-8.43060319466254e-22,4.38423845838809e-11,-5.86562798332579e-10
1.07629668712616,3.76784646427025e-21,-2.74367160935096e-11,4.55463472492923e-10
1.07703745365143,-2.91431885673771e-21,-4.37977744349727e-11,6.50630049836565e-10
1.07777810096741,-8.44137815110365e-22,4.38424054005626e-11,-5.86563020377184e-10
1.07851886749268,3.76759160539988e-21,-2.74368271158121e-11,4.55465054560733e-10
1.07925963401794,-2.91642396677317e-21,-4.3797680759905e-11,6.50628717568935e-10
1.08000040054321,-8.44901432466619e-22,4.38424262172443e-11,-5.8656329793294e-10
1.08074116706848,3.76780042003694e-21,-2.74369381381145e-11,4.55466608872968e-10
1.08148181438446,-2.91520641991939e-21,-4.37975905542842e-11,6.50627385301306e-10
1.08222258090973,-8.45143215178625e-22,4.3842447033926e-11,-5.86563519977545e-10
1.082963347435,3.76668001035958e-21,-2.7437049160417e-11,4.55468190940778e-10
1.08370411396027,-2.91360476722453e-21,-4.37975003486635e-11,6.50626053033676e-10
1.08444488048553,-8.43462045304516e-22,4.38424678506077e-11,-5.86563797533302e-10
1.08518552780151,3.76598126892418e-21,-2.74371601827195e-11,4.55469745253012e-10
1.08592629432678,-2.9144020594751e-21,-4.37974101430427e-11,6.50624720766046e-10
1.08666706085205,-8.42686563480248e-22,4.38424886672895e-11,-5.86564019577906e-10
1.08740782737732,3.76581890241722e-21,-2.74372729397454e-11,4.55471327320822e-10
1.0881484746933,-2.91467751708143e-21,-4.3797319937422e-11,6.50623444009568e-10
1.08888924121857,-8.42607450197785e-22,4.38425094839712e-11,-5.86564297133663e-10
1.08963000774384,3.76671070651513e-21,-2.74373839620479e-11,4.55472909388632e-10
1.0903707742691,-2.91599260500842e-21,-4.37972297318012e-11,6.50622111741939e-10
1.09111154079437,-8.44398227561509e-22,4.38425303006529e-11,-5.86564519178268e-10
1.09185218811035,3.76755525468937e-21,-2.74374949843503e-11,4.55474463700867e-10
1.09259295463562,-2.91460138253775e-21,-4.37971395261805e-11,6.50620779474309e-10
1.09333372116089,-8.45482437989645e-22,4.38425511173346e-11,-5.86564796734024e-10
1.09407448768616,3.76715014621555e-21,-2.74376060066528e-11,4.55476045768677e-10
1.09481525421143,-2.9133462732831e-21,-4.37970493205597e-11,6.5061944720668e-10
1.0955559015274,-8.44332240924509e-22,4.38425719340163e-11,-5.86565018778629e-10
1.09629666805267,3.76660650114499e-21,-2.74377170289553e-11,4.55477600080911e-10
1.09703743457794,-2.91458724615032e-21,-4.3796959114939e-11,6.5061811493905e-10
1.09777820110321,-8.44226066557554e-22,4.3842592750698e-11,-5.86565296334385e-10
1.09851884841919,3.76577972442922e-21,-2.74378280512577e-11,4.55479182148721e-10
1.09925961494446,-2.91624463660131e-21,-4.37968689093182e-11,6.5061678267142e-10
1.10000038146973,-8.45002507636683e-22,4.38426135673797e-11,-5.8656551837899e-10
1.100741147995,3.76663760119732e-21,-2.74379390735602e-11,4.55480736460956e-10
1.10148191452026,-2.91807590461757e-21,-4.37967787036975e-11,6.50615450403791e-10
1.10222256183624,-8.46414177382019e-22,4.38426343840614e-11,-5.86565795934746e-10
1.10296332836151,3.76688397823524e-21,-2.74380518305861e-11,4.55482318528766e-10
1.10370409488678,-2.91461067216377e-21,-4.37966884980767e-11,6.50614173647313e-10
1.10444486141205,-8.43361828415117e-22,4.38426552007432e-11,-5.86566017979351e-10
1.10518562793732,3.76657620888623e-21,-2.74381628528886e-11,4.55483900596576e-10
1.1059262752533,-2.91424534752311e-21,-4.3796594823009e-11,6.50612841379683e-10
1.10666704177856,-8.42052041633411e-22,4.38426760174249e-11,-5.86566295535107e-10
1.10740780830383,3.76596309356892e-21,-2.7438273875191e-11,4.55485454908811e-10
1.1081485748291,-2.91766918055662e-21,-4.37965046173883e-11,6.50611509112053e-10
1.10888922214508,-8.42087180653574e-22,4.38426968341066e-11,-5.86566517579712e-10
1.10962998867035,3.76707663700095e-21,-2.74383848974935e-11,4.55487036976621e-10
1.11037075519562,-2.91670629062482e-21,-4.37964144117675e-11,6.50610176844424e-10
1.11110997200012,1.98884301490181e-20,4.38410210912288e-11,-5.86612258768326e-10
