Time,U1,U2,U3
0.0,0.0,0.0,0.0
0.000444444012828171,7.56397322596122e-23,-2.28259208409631e-12,6.27620247439786e-11
0.000888888025656343,1.18837111719016e-22,-1.04313389523436e-11,1.7085997894295e-10
0.00133333203848451,-1.72592592912124e-22,-3.80876146593989e-12,3.63370930567264e-11
0.00177777605131269,1.21679573198032e-22,1.02856299866172e-11,-9.54152798438024e-11
0.00222221994772553,8.75748191023716e-22,-1.29503994333868e-11,2.03506919649321e-10
0.00266666407696903,-2.83156787789455e-22,-1.43427396695484e-11,1.68482131024383e-10
0.00311110797338188,-8.50675793318641e-22,1.78343954188032e-11,-1.86681170522007e-10
0.00355555210262537,8.5116238796853e-22,-7.39824174145198e-12,1.24763949171935e-10
0.00399999599903822,-3.88858014906672e-22,-2.27519253437336e-11,2.83987333649094e-10
0.00444443989545107,-2.25490626477467e-21,1.53025560972742e-11,-1.60079616229325e-10
0.00488888379186392,1.05983576212413e-21,2.51601495714071e-12,1.16967579285449e-12
0.00533332815393806,2.64647874374532e-21,-2.54894907264491e-11,3.1732858007949e-10
0.0057777720503509,-7.22195822599046e-22,7.62648017654799e-12,-6.14657769126836e-11
0.00622221594676375,-3.98621285635823e-22,8.49272648734134e-12,-7.35985231092862e-11
0.0066666598431766,1.01430185239411e-21,-2.13112808650218e-11,2.59809784797227e-10
0.00711110420525074,-1.78830188033821e-21,7.31401755566657e-13,3.18394859089022e-11
0.00755554810166359,-8.29020513863042e-22,7.01034152603142e-12,-5.90579737891339e-11
0.00799999199807644,2.36288706009426e-21,-1.35369207163172e-11,1.63719510171134e-10
0.00844443589448929,-1.39895315608316e-21,-1.98053314200142e-12,6.35890715083853e-11
0.00888887979090214,-3.06966583954554e-21,1.47384914602616e-12,1.43372822294929e-11
0.00933332368731499,3.20181723202691e-21,-8.86816401562962e-12,1.02727749917708e-10
0.00977776758372784,3.46295568763952e-21,1.23636441796277e-12,2.18361457388072e-11
0.0102222124114633,-2.93581989810912e-21,-4.27708172698327e-12,8.9641148670605e-11
0.0106666563078761,-2.45758389215381e-21,-9.47277499496746e-12,1.08737463477837e-10
0.011111100204289,2.5359715740451e-21,7.12742104919117e-12,-5.20371939982667e-11
0.0115555441007018,2.06301025813356e-21,-6.64717282952698e-12,1.18180493169362e-10
0.0119999879971147,-1.21748596633973e-21,-1.35995945407807e-11,1.63638075312278e-10
0.0124444318935275,-1.07921200349189e-21,1.09108867774044e-11,-1.02062282236748e-10
0.0128888757899404,-3.2936414491882e-22,-4.29254808781421e-12,8.85773399073031e-11
0.0133333196863532,-1.39798784277066e-21,-1.82901749301578e-11,2.23862706150157e-10
0.0137777635827661,6.11559052518434e-22,1.08451711153257e-11,-1.01433708654675e-10
0.0142222084105015,3.43758208390817e-21,1.37320222467346e-13,3.20275993226371e-11
0.0146666523069143,-8.94881892372994e-22,-2.02843766089478e-11,2.48845999362146e-10
0.0151110962033272,-4.38711918804656e-21,7.71696768986363e-12,-6.03664271348059e-11
0.01555554009974,1.4515642462274e-21,3.27235764527312e-12,-9.04623077835343e-12
0.0159999839961529,3.7878094666902e-21,-1.86620666836612e-11,2.28444235750302e-10
0.0164444278925657,-1.87293057532773e-21,3.9930636921981e-12,-1.26676455783348e-11
0.0168888717889786,-1.94883409005227e-21,3.4686240425047e-12,-1.15053366139817e-11
0.0173333156853914,1.2572803008282e-21,-1.52943595288502e-11,1.85170462296824e-10
0.0177777595818043,-7.80173590279484e-22,2.29266215387436e-12,8.97156654522391e-12
0.0182222034782171,-1.31982740330717e-22,1.12927560098203e-12,1.90025599422494e-11
0.01866664737463,2.68762350712933e-21,-1.27219085960251e-11,1.51635440315268e-10
0.0191110912710428,-1.32675115343076e-21,3.38393202348186e-12,-4.74090645213865e-12
0.0195555351674557,-3.53479640461911e-21,-1.80756516525438e-12,5.65735201740747e-11
0.0199999809265137,1.84555869226015e-21,-1.23864789952632e-11,1.4749042265283e-10
0.0204444248229265,3.15531800898439e-21,5.94195873060421e-12,-3.77787211236491e-11
0.0208888687193394,-1.24408075199591e-21,-3.24778853984242e-12,7.510932154009e-11
0.0213333126157522,-2.0491842653901e-21,-1.41249303919899e-11,1.69994879284374e-10
0.0217777565121651,2.82346419380514e-22,8.04378525592897e-12,-6.50148337943968e-11
0.0222222004085779,9.09779120360422e-22,-2.54263233731566e-12,6.6190837533231e-11
0.0226666443049908,2.5211078190036e-22,-1.64228179666548e-11,1.99446667514813e-10
0.0231110882014036,1.78944967926619e-22,8.43569658570686e-12,-6.99325389263983e-11
0.0235555320978165,-2.19610450979062e-23,-5.97210215308452e-13,4.1028413305666e-11
0.0239999759942293,-1.28752267833593e-21,-1.76406025204079e-11,2.15185980145804e-10
0.0244444198906422,-3.92668907276486e-22,7.15886421323586e-12,-5.34801959661824e-11
0.024888863787055,2.50539335636192e-21,1.10683695282027e-12,1.90356914259171e-11
0.0253333076834679,5.00083338331451e-22,-1.72056795894049e-11,2.09636322190399e-10
0.0257777515798807,-3.17946215090685e-21,5.36904505230029e-12,-3.0479199025768e-11
0.0262221954762936,5.30459165860793e-23,1.50950313446835e-12,1.39077057162429e-11
0.0266666393727064,2.83857871826208e-21,-1.57276067169754e-11,1.90540624944724e-10
0.0271110832691193,-7.00106202639919e-22,4.34303374513556e-12,-1.72294088718328e-11
0.0275555271655321,-1.29653058634934e-21,5.85064819941944e-13,2.58161391569756e-11
0.0279999729245901,8.70971404739775e-22,-1.43585178469241e-11,1.72880681992282e-10
0.028444416821003,-7.54551691000493e-22,4.59605053668155e-12,-2.04565548528324e-11
0.0288888607174158,-4.70275200353054e-22,-8.07786183863041e-13,4.37210927184406e-11
0.0293333046138287,2.21281395953662e-21,-1.39669378493301e-11,1.67883998369867e-10
0.0297777485102415,-5.99205301416056e-23,5.71166638291265e-12,-3.4881580263102e-11
0.0302221924066544,-2.40588732530155e-21,-1.66248753045301e-12,5.47764056335609e-11
0.0306666363030672,2.56406577602283e-22,-1.46315511789785e-11,1.76419462372124e-10
0.0311110801994801,1.7486866740732e-21,6.80866951360826e-12,-4.90023022159392e-11
0.0315555222332478,1.59011664542035e-22,-1.53489493250752e-12,5.31283697591256e-11
0.0319999679923058,-9.18131099997472e-22,-1.57096315123173e-11,1.90305646241562e-10
0.0324444137513638,-7.06798974290461e-22,7.1712241180022e-12,-5.36592471844788e-11
0.0328888557851315,3.78746307471127e-22,-6.9438167238714e-13,4.22762484741934e-11
0.0333333015441895,7.30020414011075e-22,-1.64189564721973e-11,1.99468913608669e-10
0.0337777435779572,-1.48265075933512e-24,6.70103382505172e-12,-4.76208343591633e-11
0.0342221893370152,1.29222920314563e-24,1.79122775639806e-13,3.10367148648183e-11
0.0346666313707829,-5.47284685444943e-22,-1.63728908902927e-11,1.98862940004041e-10
0.0351110771298409,-9.57050291130358e-22,5.86866623006332e-12,-3.68872744849202e-11
0.0355555191636086,1.34193989392166e-21,5.06133709162609e-13,2.68208129317049e-11
0.0359999649226665,1.39517550946734e-21,-1.57429763669725e-11,1.90742921457598e-10
0.0364444069564342,-1.89842252081664e-21,5.28366456489793e-12,-2.93434651577051e-11
0.0368888527154922,-9.87073958529835e-22,1.79289634354152e-13,3.10267783687479e-11
0.0373332947492599,1.64057087625374e-21,-1.50513941588049e-11,1.81836656842904e-10
0.0377777405083179,1.1910670020021e-22,5.27893831078763e-12,-2.92878811480879e-11
0.0382221825420856,-5.12518512501022e-22,-4.61989008247038e-13,3.92945433136394e-11
0.0386666283011436,4.99764360846703e-22,-1.47618011564488e-11,1.78103393144724e-10
0.0391110703349113,-8.59165097862071e-22,5.74751487722458e-12,-3.53274701159201e-11
0.0395555160939693,-5.3476353174759e-22,-9.40473935708008e-13,4.54635253055446e-11
0.0399999618530273,1.6053919712842e-21,-1.4985457319483e-11,1.80982021036336e-10
0.040444403886795,2.67289904599104e-22,6.29346791694574e-12,-4.23592584619659e-11
0.040888849645853,-1.3545249137979e-21,-9.76017986049904e-13,4.59177453004944e-11
0.0413332916796207,-2.30208140908433e-22,-1.54776365335341e-11,1.87328194622971e-10
0.0417777374386787,5.16945726118867e-22,6.54540657785141e-12,-4.56086661493327e-11
0.0422221794724464,6.08001933546386e-22,-6.29384185827503e-13,4.14521958425063e-11
0.0426666252315044,1.59516510277827e-22,-1.586707154555e-11,1.9234656922773e-10
0.0431110672652721,-9.91921931621864e-22,6.39611150501929e-12,-4.36854684371379e-11
0.0435555130243301,-2.69975540530162e-22,-1.99945352700841e-13,3.59194236854155e-11
0.0439999550580978,7.98211671116493e-22,-1.591960764602e-11,1.93021973404761e-10
0.0444444008171558,5.68352257215265e-23,6.01973072084094e-12,-3.88334885081942e-11
0.0448888428509235,9.5687060754881e-23,1.6505385654151e-14,3.31287046406725e-11
0.0453332886099815,-5.19702132339454e-23,-1.56652572858018e-11,1.89745191780943e-10
0.0457777306437492,-1.13944220255956e-21,5.70457353230025e-12,-3.47727992233704e-11
0.0462221764028072,4.52125088645729e-22,-7.98538074857011e-14,3.43708082828353e-11
0.0466666184365749,1.56423408125472e-21,-1.53287903204014e-11,1.85409368413936e-10
0.0471110641956329,-8.79093668081224e-22,5.64435434155519e-12,-3.39975270158277e-11
0.0475555062294006,-1.06927190170222e-21,-3.66334485532929e-13,3.80636945573887e-11
0.0479999519884586,7.78938726351112e-22,-1.51451785140866e-11,1.83042317414284e-10
0.0484443977475166,9.5923371927649e-23,5.82953650629658e-12,-3.63834275207697e-11
0.0488888397812843,-2.62466092738881e-23,-6.19990441364654e-13,4.13322327752486e-11
0.0493332855403423,6.04748746903901e-22,-1.52045962625857e-11,1.83808315790124e-10
0.04977772757411,-8.54751818683256e-22,6.09226948403152e-12,-3.97695140708088e-11
0.050222173333168,-6.47569984861921e-22,-6.81683930223859e-13,4.21272912387582e-11
0.0506666153669357,1.14815526592103e-21,-1.54218721126753e-11,1.86608700714075e-10
0.0511110611259937,3.14161394258244e-22,6.24652933545189e-12,-4.17581039191539e-11
0.0515555031597614,-6.07751063156751e-22,-5.47926233464974e-13,4.04042181656461e-11
0.0519999489188194,-1.68768750601689e-22,-1.56252979305327e-11,1.89229798497337e-10
0.0524443909525871,-2.90832745185166e-22,6.21266189534952e-12,-4.13214323868871e-11
0.0528888367116451,4.42735346710643e-22,-3.43354928907316e-13,3.77677958351974e-11
0.0533332787454128,8.00961400418378e-22,-1.56849151722316e-11,1.89998211608255e-10
0.0537777245044708,-7.70076625076536e-22,6.04864379069592e-12,-3.92079042843552e-11
0.0542221665382385,-5.77407711453155e-22,-2.14684959263037e-13,3.61097263201771e-11
0.0546666122972965,6.01401805720553e-22,-1.55894932379885e-11,1.88768625730695e-10
0.0551110543310642,-2.56394009470341e-23,5.88624071359845e-12,-3.711533511086e-11
0.0555555000901222,1.894431288533e-22,-2.31141277992619e-13,3.63221605570452e-11
0.0559999458491802,3.64880884304179e-22,-1.54309377775608e-11,1.86725121475995e-10
0.0564443878829479,-1.07875772058468e-21,5.83094076495039e-12,-3.64027280541634e-11
0.0568888336420059,-1.4808933626206e-22,-3.54187057287347e-13,3.79079927170789e-11
0.0573332756757736,1.3520760875997e-21,-1.53246148409947e-11,1.85354925852366e-10
0.0577777214348316,-2.84873677285352e-22,5.8981877541775e-12,-3.72694757000414e-11
0.0582221634685993,-7.60406831209209e-22,-4.83175836580446e-13,3.95703990407892e-11
0.0586666092276573,3.61470228403238e-22,-1.53298033989113e-11,1.85421872300751e-10
0.059111051261425,-2.16721017566306e-22,6.02065576213451e-12,-3.88479942659004e-11
0.059555497020483,1.11634319405143e-22,-5.32874579965009e-13,4.02111434427699e-11
0.0599999390542507,8.21851497417687e-22,-1.54217940501189e-11,1.86607271301931e-10
0.0604443848133087,-7.01611525951924e-22,6.10796786412737e-12,-3.99733163236604e-11
0.0608888268470764,-6.95264489948035e-22,-4.86066102731858e-13,3.96080807041344e-11
0.0613332726061344,7.79956596732563e-22,-1.55240282434521e-11,1.87924745209678e-10
0.0617777146399021,1.70443294044195e-22,6.10993157110218e-12,-3.99987681864999e-11
0.0622221603989601,-1.5669558154608e-22,-3.91674892389129e-13,3.83918070945288e-11
0.0626666024327278,1.28497047980471e-22,-1.55679583807578e-11,1.88490903441085e-10
0.0631110444664955,-6.81128506423258e-22,6.04158043038261e-12,-3.91181184666856e-11
0.0635554939508438,7.70902518268092e-23,-3.2025296585643e-13,3.74715918016744e-11
0.0639999359846115,1.01763864567077e-21,-1.55361591647196e-11,1.88081050733757e-10
0.0644443780183792,-4.46021148018393e-22,5.96088413004625e-12,-3.80783390929729e-11
0.0648888275027275,-5.74143922520104e-22,-3.13882763097045e-13,3.73896885674796e-11
0.0653332695364952,4.16522369732588e-22,-1.54638645638583e-11,1.87149351571492e-10
0.0657777115702629,-2.25121363843176e-22,5.9227405965756e-12,-3.75869231572512e-11
0.0662221536040306,1.79261963792773e-22,-3.64201534598999e-13,3.80383190223821e-11
0.0666666030883789,6.76430177089506e-22,-1.54059421469954e-11,1.86402906998673e-10
0.0671110451221466,-8.76975633348691e-22,5.94380751214874e-12,-3.7858594731377e-11
0.0675554871559143,-4.60442737056184e-22,-4.27513845721941e-13,3.88544231511023e-11
0.067999929189682,1.0202895212349e-21,-1.53973916949823e-11,1.86292703485691e-10
0.0684443786740303,-7.23779691213661e-23,5.99898472911087e-12,-3.85698348259744e-11
0.068888820707798,-4.00192418879985e-22,-4.60036576974826e-13,3.92737405097154e-11
0.0693332627415657,3.07082446795603e-22,-1.54343395702972e-11,1.86768822629801e-10
0.0697777047753334,-4.97680051495589e-22,6.04575677715102e-12,-3.91727449089441e-11
0.0702221542596817,6.09434373999357e-24,-4.46431737063935e-13,3.90985854803461e-11
0.0706665962934494,9.43075361447991e-22,-1.54840116423083e-11,1.87408935592437e-10
0.0711110383272171,-4.85576325123955e-22,6.05522576524464e-12,-3.92949457694858e-11
0.0715554803609848,-6.25179461799107e-22,-4.04346098704239e-13,3.85564115357173e-11
0.0719999298453331,5.36551885730613e-22,-1.55116284400458e-11,1.8776481758298e-10
0.0724443718791008,-6.33826702606651e-23,6.02833581664353e-12,-3.89485770024844e-11
0.0728888139128685,3.09805903873901e-23,-3.66603476091923e-13,3.80702067093175e-11
0.0733332633972168,4.52156390646448e-22,-1.55034388105157e-11,1.87659249251126e-10
0.0737777054309845,-7.52434060164743e-22,5.98953438929462e-12,-3.84487025550939e-11
0.0742221474647522,-2.35962559356771e-22,-3.56909001051481e-13,3.79454523358191e-11
0.0746665894985199,9.58283488984497e-22,-1.54716534722654e-11,1.87249604710615e-10
0.0751110389828682,-2.34923459150639e-22,5.96634460586776e-12,-3.81500178670002e-11
0.0755554810166359,-4.10559414326233e-22,-3.76153454087827e-13,3.81936426929741e-11
0.0759999230504036,3.65833449624452e-22,-1.54415126518703e-11,1.86861165429875e-10
0.0764443650841713,-4.29236106465011e-22,5.97084751433052e-12,-3.82082109007253e-11
0.0768888145685196,6.26792650795848e-23,-4.062051801694e-13,3.85811105285683e-11
0.0773332566022873,8.49798832427525e-22,-1.54323550466406e-11,1.86743120966781e-10
0.077777698636055,-6.35939171136637e-22,5.99476891738338e-12,-3.85166551430949e-11
0.0782221406698227,-5.44614069425521e-22,-4.25366095428356e-13,3.88282218877212e-11
0.078666590154171,7.33550017514749e-22,-1.54461391593808e-11,1.86920742772934e-10
0.0791110321879387,-1.02060122857755e-22,6.01876881667351e-12,-3.88261124639744e-11
0.0795554742217064,-1.55298843359958e-22,-4.23188990360951e-13,3.88003518203561e-11
0.0799999237060547,4.36949878697076e-22,-1.54695058846022e-11,1.87221863012788e-10
0.0804443657398224,-6.29646307788831e-22,6.02716227621203e-12,-3.89344424756022e-11
0.0808888077735901,-1.76954539334114e-22,-4.05129380563751e-13,3.85677982606136e-11
0.0813332498073578,9.28823358572161e-22,-1.54854132988769e-11,1.87426824060921e-10
0.0817776992917061,-3.12325203749928e-22,6.01743524800136e-12,-3.88092509517879e-11
0.0822221413254738,-4.77364851080456e-22,-3.85944504436783e-13,3.83207458820589e-11
0.0826665833592415,4.3171032767347e-22,-1.54849414540914e-11,1.87420731712074e-10
0.0831110253930092,-2.92469966040524e-22,5.99936029674342e-12,-3.85764857557813e-11
0.0835554748773575,3.29480031741241e-23,-3.7829716572832e-13,3.82223766526302e-11
0.0839999169111252,6.87041252410717e-22,-1.54715511235803e-11,1.87248147542896e-10
0.0844443589448929,-6.53923584188542e-22,5.98627614492586e-12,-3.84080336979231e-11
0.0848888009786606,-4.05205156616121e-22,-3.84908196895267e-13,3.83077597421178e-11
0.0853332504630089,7.92695703231698e-22,-1.54564555598924e-11,1.87053594835618e-10
0.0857776924967766,-1.79973554194606e-22,5.98571496188138e-12,-3.8400966434482e-11
0.0862221345305443,-2.35050307984199e-22,-3.98688569137884e-13,3.84855342039359e-11
0.086666576564312,4.34588092255716e-22,-1.54498306509376e-11,1.86968190929448e-10
0.0871110260486603,-5.57251797832004e-22,5.99560722250314e-12,-3.85286177961852e-11
0.087555468082428,-1.01132062712642e-22,-4.09236717863887e-13,3.86216544856488e-11
0.0879999101161957,8.88973791198545e-22,-1.54543843000621e-11,1.870268662163e-10
0.088444359600544,-4.3448732000824e-22,6.00747056267448e-12,-3.86816655095767e-11
0.0888888016343117,-4.85045251340786e-22,-4.10249444008151e-13,3.86348904257705e-11
0.0893332436680794,5.59454751863263e-22,-1.54650233591402e-11,1.87163951004266e-10
0.0897776857018471,-2.39687699390744e-22,6.01316349144176e-12,-3.87551934988295e-11
0.0902221351861954,-6.14923828269127e-23,-4.02843123442631e-13,3.85396263513638e-11
0.0906665772199631,6.06188891372473e-22,-1.5473667486221e-11,1.87275320251423e-10
0.0911110192537308,-6.18882609970565e-22,6.01012338855011e-12,-3.87161795678548e-11
0.0915554612874985,-3.23024934415111e-22,-3.93404764060384e-13,3.84181783608106e-11
0.0919999107718468,8.23109888333696e-22,-1.5475081285854e-11,1.87293527909027e-10
0.0924443528056145,-2.36299813170971e-22,6.00196845348955e-12,-3.86112530836868e-11
0.0928887948393822,-3.16244845328692e-22,-3.88421635350369e-13,3.83541462478654e-11
0.0933332368731499,4.46669149920378e-22,-1.54697435417184e-11,1.87224735714864e-10
0.0937776863574982,-4.54994169447131e-22,5.99495540015704e-12,-3.85210405240421e-11
0.0942221283912659,-6.59922284460234e-23,-3.90235776635481e-13,3.8377710731563e-11
0.0946665704250336,7.99258622066353e-22,-1.5462442090608e-11,1.87130602680163e-10
0.0951110124588013,-5.05393975188947e-22,5.99339891951822e-12,-3.85011432457727e-11
0.0955554619431496,-4.34356003066513e-22,-3.9631240455161e-13,3.8456203499404e-11
0.0959999039769173,6.43051692519403e-22,-1.5458323857076e-11,1.87077506264011e-10
0.096444346010685,-2.37720772542328e-22,5.99723135735752e-12,-3.85507008260344e-11
0.0968887954950333,-1.31157882124669e-22,-4.01825545493645e-13,3.85274381842216e-11
0.097333237528801,5.56092967473122e-22,-1.54594757134641e-11,1.87092341619177e-10
0.0977776795625687,-5.85281477298572e-22,6.00288872429355e-12,-3.86237708482895e-11
0.0982221215963364,-2.44123748250728e-22,-4.03240863009607e-13,3.85458609475364e-11
0.0986665710806847,8.35390622470687e-22,-1.54641542626788e-11,1.87152626729414e-10
0.0991110131144524,-3.16890474337074e-22,6.00629962432819e-12,-3.86678952746244e-11
0.0995554551482201,-3.68945625802406e-22,-4.00370654598386e-13,3.85090570542701e-11
0.0999998971819878,5.03739815912233e-22,-1.54686506659285e-11,1.87210552615724e-10
0.100444346666336,-3.78446212161007e-22,6.00563739364124e-12,-3.86595234991294e-11
0.100888788700104,-8.17627128337567e-23,-3.95855006760093e-13,3.84510479012334e-11
0.101333230733871,7.23189964044467e-22,-1.54700852822431e-11,1.87229010073509e-10
0.101777672767639,-5.33793422160785e-22,6.00207774106853e-12,-3.86138135355374e-11
0.102222122251987,-3.83448145658185e-22,-3.92900203474364e-13,3.84131546016242e-11
0.102666564285755,7.0288243766822e-22,-1.54681267794388e-11,1.87203738621911e-10
0.103111006319523,-2.49676748421857e-22,5.99845910789765e-12,-3.85673472325099e-11
0.103555448353291,-2.01999156513552e-22,-3.93081373657386e-13,3.84156734201113e-11
0.103999897837639,5.26687615562044e-22,-1.54647145783615e-11,1.8715974603456e-10
0.104444339871407,-5.26102773019575e-22,5.99711469720376e-12,-3.85501873478855e-11
0.104888781905174,-1.83791274944416e-22,-3.95629031922293e-13,3.84486886773061e-11
0.105333231389523,8.07050447351823e-22,-1.5462365762775e-11,1.87129464701563e-10
0.10577767342329,-3.87674824523036e-22,5.99844913323766e-12,-3.85675484604331e-11
0.106222115457058,-3.78775918154066e-22,-3.98379354678291e-13,3.84843164280557e-11
0.106666557490826,5.62809064162909e-22,-1.54624230086498e-11,1.87130172468741e-10
0.107111006975174,-3.35541645247846e-22,6.00104384587685e-12,-3.86011535236097e-11
0.107555449008942,-1.11100254261422e-22,-3.99451088525793e-13,3.84983121770599e-11
0.107999891042709,6.632871233198e-22,-1.54644005934124e-11,1.87155665964944e-10
0.108444333076477,-5.40930278324756e-22,6.00293209238045e-12,-3.86256478190905e-11
0.108888782560825,-3.25450157895025e-22,-3.98416895178513e-13,3.84851699120059e-11
0.109333224594593,7.4415326733578e-22,-1.54666609381016e-11,1.87184753808189e-10
0.109777666628361,-2.85873574259938e-22,6.00298283304213e-12,-3.86264700780181e-11
0.110222108662128,-2.61394879583019e-22,-3.96303243043253e-13,3.84581151646746e-11
0.110666558146477,5.3165832278915e-22,-1.54676896291228e-11,1.87197993217758e-10
0.111111000180244,-4.67014844542663e-22,6.00147969515019e-12,-3.86072666891391e-11
0.111555442214012,-1.56203912942849e-22,-3.94643139781797e-13,3.84369064354573e-11
0.11199989169836,7.67007716341511e-22,-1.54670685981184e-11,1.87189971856405e-10
0.112444333732128,-4.36588441562965e-22,5.99966430703258e-12,-3.85840318029018e-11
0.112888775765896,-3.69204498397064e-22,-3.94380464700458e-13,3.84337076053676e-11
0.113333217799664,6.16991464256148e-22,-1.54655333678422e-11,1.87170168253203e-10
0.113777667284012,-3.1302311214822e-22,5.99874316886684e-12,-3.85723258888859e-11
0.11422210931778,-1.52983265234983e-22,-3.95367874723995e-13,3.84466174174758e-11
0.114666551351547,6.17696112682015e-22,-1.54642739585986e-11,1.87153931241468e-10
0.115110993385315,-5.24384141718799e-22,5.99910919552027e-12,-3.85772108701943e-11
0.115555442869663,-2.72010296794652e-22,-3.96671925992007e-13,3.84636072991995e-11
0.115999884903431,7.57217914642395e-22,-1.54640744653989e-11,1.87151336095148e-10
0.116444326937199,-3.29719372139885e-22,6.00024240363095e-12,-3.85919768364218e-11
0.116888768970966,-2.99194342614373e-22,-3.97331690119018e-13,3.84722913249202e-11
0.117333218455315,5.51998211395173e-22,-1.54648759076448e-11,1.87161633413702e-10
0.117777660489082,-4.18629953635849e-22,6.00122165503314e-12,-3.86047617484397e-11
0.11822210252285,-1.48620712967817e-22,-3.96990058014468e-13,3.84680759468736e-11
0.118666544556618,7.23646872280771e-22,-1.54659791917755e-11,1.87175830390629e-10
0.119110994040966,-4.69182205169878e-22,6.00140249995551e-12,-3.86072597502451e-11
0.119555436074734,-3.44555510738813e-22,-3.96010698192062e-13,3.84556379795509e-11
0.119999878108501,6.62847077774206e-22,-1.54666227741851e-11,1.87184129307738e-10
0.12044432759285,-3.11591575729847e-22,6.00078493839806e-12,-3.85994673723911e-11
0.120888769626617,-1.96242074870798e-22,-3.9510308544842e-13,3.84441263545643e-11
0.121333211660385,5.9222410959679e-22,-1.54664926699244e-11,1.8718240846205e-10
0.121777653694153,-4.96358046836184e-22,5.99988852004185e-12,-3.85880771780478e-11
0.122222103178501,-2.30906730882548e-22,-3.94794033619153e-13,3.84403273101519e-11
0.122666545212269,7.52833110186814e-22,-1.54658334750035e-11,1.87173915255912e-10
0.123110987246037,-3.72184802275214e-22,5.99931476025217e-12,-3.85808503200469e-11
0.123555429279804,-3.18325342903911e-22,-3.9511942979617e-13,3.84447057522053e-11
0.123999878764153,5.82924133721831e-22,-1.54651950967644e-11,1.87165644094378e-10
0.12444432079792,-3.82576132502667e-22,5.99934034742344e-12,-3.85813429815141e-11
0.124888762831688,-1.58273189760552e-22,-3.95695059834597e-13,3.8452307310477e-11
0.125333204865456,6.83414562217716e-22,-1.54650008077351e-11,1.87163132214785e-10
0.125777646899223,-4.82545837070458e-22,5.99979788074023e-12,-3.85874075747861e-11
0.126222088932991,-3.12527657012644e-22,-3.96047262910329e-13,3.84570326972256e-11
0.12666654586792,6.94058959023563e-22,-1.54653095885138e-11,1.87167101262098e-10
0.127110987901688,-3.2593170383512e-22,6.0002710265683e-12,-3.85936699265343e-11
0.127555429935455,-2.35409927582784e-22,-3.959386529577e-13,3.84558183907924e-11
0.127999871969223,5.8492715884527e-22,-1.54658386791739e-11,1.87173887500336e-10
0.128444314002991,-4.61951897387631e-22,6.00041327389333e-12,-3.85956648585317e-11
0.128888756036758,-2.04824098969584e-22,-3.95477541773742e-13,3.84500591088521e-11
0.129333198070526,7.34448839319271e-22,-1.54662151141682e-11,1.87178730848281e-10
0.129777655005455,-4.07789666890017e-22,6.0001591369041e-12,-3.85925562340628e-11
0.130222097039223,-3.20650122302485e-22,-3.9498113980907e-13,3.84438453293612e-11
0.13066653907299,6.16446052137165e-22,-1.54662394002969e-11,1.87179022281825e-10
0.131110981106758,-3.61312077568959e-22,5.99971504769425e-12,-3.85869981800457e-11
0.131555423140526,-1.7903927782556e-22,-3.94728873068587e-13,3.84407783382557e-11
0.131999865174294,6.50249335149286e-22,-1.5465977457052e-11,1.87175622223812e-10
0.132444307208061,-4.80263416347052e-22,5.99937070508427e-12,-3.85827272908479e-11
0.132888749241829,-2.791697206914e-22,-3.94787555511172e-13,3.84417220278266e-11
0.133333206176758,7.09729598864244e-22,-1.54656704109968e-11,1.87171639298711e-10
0.133777648210526,-3.4972046707522e-22,5.99929611197481e-12,-3.8581925848602e-11
0.134222090244293,-2.64037702455029e-22,-3.95008705649305e-13,3.84447543244626e-11
0.134666532278061,5.91652949057861e-22,-1.54655420414596e-11,1.87169960086386e-10
0.135110974311829,-4.3079166443946e-22,5.99945223708764e-12,-3.85841046612878e-11
0.135555416345596,-1.93730669914711e-22,-3.95166348645185e-13,3.84469713010649e-11
0.135999858379364,7.101779242939e-22,-1.5465656533209e-11,1.87171417254106e-10
0.136444315314293,-4.33131034609337e-22,5.99965780181955e-12,-3.85869183827658e-11
0.136888757348061,-3.12036569011038e-22,-3.95119267165844e-13,3.84465480285368e-11
0.137333199381828,6.46145339932416e-22,-1.5465908068113e-11,1.87174650778665e-10
0.137777641415596,-3.53121505184005e-22,5.99973369597162e-12,-3.8588059830813e-11
0.138222083449364,-2.04079616223448e-22,-3.94886624484683e-13,3.84437343070587e-11
0.138666525483131,6.2868392272801e-22,-1.54661214391005e-11,1.87177384702863e-10
0.139110967516899,-4.68239207154664e-22,5.99961963790308e-12,-3.85867587882061e-11
0.139555409550667,-2.51531669643507e-22,-3.94604786129946e-13,3.84402891462354e-11
0.139999866485596,7.14054374160381e-22,-1.54661804196987e-11,1.87178120225617e-10
0.140444308519363,-3.73214360419836e-22,5.99939065440425e-12,-3.85839728223036e-11
0.140888750553131,-2.81469004105517e-22,-3.9441605363677e-13,3.84380409446106e-11
0.141333192586899,6.04249580966626e-22,-1.54660919488014e-11,1.87176954491441e-10
0.141777634620667,-4.06550814480909e-22,5.99918248758713e-12,-3.85814574732635e-11
0.142222076654434,-1.92326093606634e-22,-3.94374826849161e-13,3.84376939999154e-11
0.142666518688202,6.86762563630121e-22,-1.54659549056468e-11,1.87175178134602e-10
0.14311096072197,-4.4741252195036e-22,5.99909098092377e-12,-3.85804409253065e-11
0.143555417656898,-2.95625813558191e-22,-3.94428982747677e-13,3.84385752394412e-11
0.143999859690666,6.6906153465892e-22,-1.54658855167078e-11,1.87174248322819e-10
0.144444301724434,-3.57222243983059e-22,5.99911786913765e-12,-3.85809509340085e-11
0.144888743758202,-2.27923246317227e-22,-3.94474221083324e-13,3.84393454566645e-11
0.145333185791969,6.19449125696484e-22,-1.54659288847947e-11,1.87174803434331e-10
0.145777627825737,-4.50926171531087e-22,5.99918725807669e-12,-3.85820091153288e-11
0.146222069859505,-2.32585048235624e-22,-3.94432072723869e-13,3.84389846341815e-11
0.146666526794434,7.09005967289554e-22,-1.54660520501615e-11,1.87176371624354e-10
0.147110968828201,-3.95356991831793e-22,5.99921024316274e-12,-3.85824705517734e-11
0.147555410861969,-2.89123453997508e-22,-3.94296005351222e-13,3.84374164441592e-11
0.147999852895737,6.22444575704015e-22,-1.54661734808048e-11,1.871779120588e-10
0.148444294929504,-3.88438669071231e-22,5.9991451910324e-12,-3.85817974790648e-11
0.148888736963272,-2.00602317353233e-22,-3.94121936692429e-13,3.84353590621167e-11
0.14933317899704,6.64790528122083e-22,-1.5466228991956e-11,1.87178619825978e-10
0.149777621030807,-4.50763603075739e-22,5.99901552045257e-12,-3.85802917390876e-11
0.150222077965736,-2.76575946035033e-22,-3.93979797787616e-13,3.84337110748145e-11
0.150666519999504,6.83507963348894e-22,-1.54662116447213e-11,1.87178370025798e-10
0.151110962033272,-3.66020882975532e-22,5.99888281410665e-12,-3.8578747835194e-11
0.151555404067039,-2.46701871906735e-22,-3.93905367308475e-13,3.84329373881442e-11
0.151999846100807,6.17381628548983e-22,-1.54661613377405e-11,1.87177690014195e-10
0.152444288134575,-4.32750109455424e-22,5.9987982463372e-12,-3.85778214928578e-11
0.152888730168343,-2.19659467640269e-22,-3.93883439319537e-13,3.84328367741826e-11
0.153333187103271,6.98054356492778e-22,-1.54661318474414e-11,1.87177287558349e-10
0.153777629137039,-4.14140337964957e-22,5.99877222548506e-12,-3.85776480205102e-11
0.154222071170807,-2.88017079733379e-22,-3.93867501547601e-13,3.84328159575009e-11
0.154666513204575,6.41523952935916e-22,-1.54661526641231e-11,1.87177565114105e-10
0.155110955238342,-3.78922229763879e-22,5.99877439388941e-12,-3.85778457789865e-11
0.15555539727211,-2.13010468303636e-22,-3.93816083259571e-13,3.84323371738216e-11
0.155999839305878,6.49499046386887e-22,-1.54662185836152e-11,1.87178370025798e-10
0.156444281339645,-4.47274793147196e-22,5.99876311818681e-12,-3.85778631262212e-11
0.156888738274574,-2.5965580100758e-22,-3.93718721904482e-13,3.84312685841603e-11
0.157333180308342,6.89661078409618e-22,-1.54662897072777e-11,1.87179285959793e-10
0.15777762234211,-3.79394460834406e-22,5.99871194384427e-12,-3.85773704647541e-11
0.158222064375877,-2.60670288753468e-22,-3.93596966000512e-13,3.84298842748265e-11
0.158666506409645,6.23586745320579e-22,-1.54663365448116e-11,1.87179854949093e-10
0.159110948443413,-4.1570142427663e-22,5.99862650871308e-12,-3.8576437183524e-11
0.15955539047718,-2.16042622431365e-22,-3.93484046344247e-13,3.84286144572421e-11
0.159999847412109,6.83959519952817e-22,-1.54663469531524e-11,1.87179965971396e-10
0.160444289445877,-4.24898860855685e-22,5.99853370100711e-12,-3.85753998188854e-11
0.160888731479645,-2.80706446978319e-22,-3.93401131983107e-13,3.84277297482694e-11
0.161333173513412,6.56583244507712e-22,-1.54663365448116e-11,1.8717981331573e-10
0.16177761554718,-3.7670218584997e-22,5.99845910789765e-12,-3.85746087849803e-11
0.162222057580948,-2.26527631469034e-22,-3.93345756357147e-13,3.84271989228857e-11
0.162666499614716,6.39748170240278e-22,-1.54663313406411e-11,1.87179730049003e-10
0.163110941648483,-4.38622566738732e-22,5.99841270404466e-12,-3.85741751041113e-11
0.163555398583412,-2.44794014962901e-22,-3.93297997251449e-13,3.84267687114637e-11
0.16399984061718,6.89831219929656e-22,-1.54663486878759e-11,1.8717993821582e-10
0.164444282650948,-3.93685490236939e-22,5.99838364742644e-12,-3.85739634678472e-11
0.164888724684715,-2.67970748358295e-22,-3.93236766933758e-13,3.8426165027694e-11
0.165333166718483,6.32776608834944e-22,-1.54663885865158e-11,1.87180423938393e-10
0.165777608752251,-4.03063468678206e-22,5.99835198872301e-12,-3.85737171371137e-11
0.166222050786018,-2.17406480894958e-22,-3.93153852572617e-13,3.84252803187213e-11
0.166666492819786,6.70564485077321e-22,-1.54664354240497e-11,1.87181006805481e-10
0.167110949754715,-4.31238374281982e-22,5.99830298278481e-12,-3.85732522312221e-11
0.167555391788483,-2.70637047730844e-22,-3.93056653847854e-13,3.84242117290601e-11
0.16799983382225,6.68240563959413e-22,-1.54664718532427e-11,1.87181464772479e-10
0.168444275856018,-3.80198190189968e-22,5.99823619593098e-12,-3.85725618112787e-11
0.168888717889786,-2.40310609205055e-22,-3.92960539325263e-13,3.84231570171867e-11
0.169333159923553,6.35378108017294e-22,-1.54664926699244e-11,1.8718171457266e-10
0.169777601957321,-4.28763042357369e-22,5.99816333754499e-12,-3.85717881246084e-11
0.17022205889225,-2.35372592373862e-22,-3.92877164178199e-13,3.8422268838767e-11
0.170666500926018,6.86282885712648e-22,-1.54665013435418e-11,1.87181797839386e-10
0.171110942959785,-4.04558164456095e-22,5.99809698437204e-12,-3.85710977046649e-11
0.171555384993553,-2.71168777846286e-22,-3.92807693923997e-13,3.84215576021418e-11
0.171999827027321,6.41984193320683e-22,-1.54665100171592e-11,1.87181894983901e-10
0.172444269061089,-3.94505930821917e-22,5.99804364162515e-12,-3.85705738181752e-11
0.172888711094856,-2.22712649644287e-22,-3.92743997046363e-13,3.84209226933496e-11
0.173333153128624,6.59789932533e-22,-1.54665273643939e-11,1.87182103150718e-10
0.173777610063553,-4.32165064964563e-22,5.99799983985738e-12,-3.85701748317757e-11
0.174222052097321,-2.60690483592642e-22,-3.92675746519605e-13,3.84202253345123e-11
0.174666494131088,6.74074701535389e-22,-1.5466556854693e-11,1.87182463973201e-10
0.175110936164856,-3.87246971611593e-22,5.99795690545135e-12,-3.85697862537171e-11
0.175555378198624,-2.50032354296156e-22,-3.9259752133286e-13,3.84194030755847e-11
0.175999820232391,6.36977589766946e-22,-1.54665915491625e-11,1.87182880306835e-10
0.176444262266159,-4.18312995635019e-22,5.99790659847055e-12,-3.85693040005908e-11
0.176888719201088,-2.30619989409831e-22,-3.92511516995528e-13,3.84184802026954e-11
0.177333161234856,6.78064898833516e-22,-1.54666227741851e-11,1.87183268884894e-10
0.177777603268623,-4.13931245648863e-22,5.99784805155323e-12,-3.8568710725162e-11
0.178222045302391,-2.68260998684318e-22,-3.92424482666132e-13,3.84175434520184e-11
0.178666487336159,6.52404578872997e-22,-1.54666453255903e-11,1.8718354644065e-10
0.179110929369926,-3.91625338962187e-22,5.99778473414636e-12,-3.8568061938582e-11
0.179555371403694,-2.31322593108231e-22,-3.92342625402109e-13,3.84166726208335e-11
0.179999813437462,6.51789242123376e-22,-1.5466662672825e-11,1.87183754607467e-10
0.180444270372391,-4.28532114371418e-22,5.99772358514383e-12,-3.85674409075776e-11
0.180888712406158,-2.51196359582577e-22,-3.92267544401664e-13,3.84158885258223e-11
0.181333154439926,6.77015423528759e-22,-1.54666782853363e-11,1.87183935018709e-10
0.181777596473694,-3.94743220182208e-22,5.99766850767347e-12,-3.85668927349592e-11
0.182222038507462,-2.56811155961578e-22,-3.92196122583552e-13,3.84151530030685e-11
0.182666480541229,6.40226838415792e-22,-1.54666973672946e-11,1.87184170941102e-10
0.183110922574997,-4.09291026964834e-22,5.99761820069267e-12,-3.85664104818328e-11
0.183555364608765,-2.29112444665517e-22,-3.92123481037995e-13,3.841440013308e-11
0.183999821543694,6.70274133777102e-22,-1.54667233881467e-11,1.87184476252433e-10
0.184444263577461,-4.19713179565575e-22,5.99756919475447e-12,-3.85659455759413e-11
0.184888705611229,-2.64089678922352e-22,-3.9204644847364e-13,3.84135917519401e-11
0.185333147644997,6.60601462145193e-22,-1.54667511437223e-11,1.87184823197128e-10
0.185777589678764,-3.91637657814083e-22,5.99751758673106e-12,-3.85654425061333e-11
0.186222031712532,-2.39061482671518e-22,-3.91965323046084e-13,3.84127313290961e-11
0.1866664737463,6.47277412129393e-22,-1.54667788992979e-11,1.87185156264036e-10
0.187110930681229,-4.22936174923495e-22,5.99746164189896e-12,-3.85648873946209e-11
0.187555372714996,-2.43914832639476e-22,-3.91883004996138e-13,3.84118570284642e-11
0.187999814748764,6.75029513531519e-22,-1.54668031854266e-11,1.8718544769758e-10
0.188444256782532,-4.02431243994326e-22,5.99740309498165e-12,-3.85643010580861e-11
0.188888698816299,-2.59226685918688e-22,-3.91802665615157e-13,3.8411003544514e-11
0.189333140850067,6.46187698607582e-22,-1.54668240021083e-11,1.87185683619973e-10
0.189777582883835,-4.03896909690903e-22,5.9973449817452e-12,-3.85637147215512e-11
0.190222024917603,-2.31872549066028e-22,-3.9172549752553e-13,3.84101951633742e-11
0.190666481852531,6.63455295843019e-22,-1.54668430840665e-11,1.87185919542365e-10
0.191110923886299,-4.20613238303996e-22,5.99728947059397e-12,-3.85631665489328e-11
0.191555365920067,-2.58202378432251e-22,-3.91650470735194e-13,3.8409411068363e-11
0.191999807953835,6.64885746788787e-22,-1.54668639007483e-11,1.87186183220334e-10
0.192444249987602,-3.94580979892997e-22,5.99723656152795e-12,-3.856264613189e-11
0.19288869202137,-2.44842482576918e-22,-3.91575308419587e-13,3.84086269733519e-11
0.193333134055138,6.46802681947518e-22,-1.54668881868769e-11,1.8718646077609e-10
0.193777590990067,-4.18121977699985e-22,5.99718451982367e-12,-3.85621430620819e-11
0.194222033023834,-2.40580765666101e-22,-3.91498302960286e-13,3.8407822061659e-11
0.194666475057602,6.72010990920233e-22,-1.54669124730056e-11,1.87186766087422e-10
0.19511091709137,-4.08166830755134e-22,5.99713161075766e-12,-3.85616261144861e-11
0.195555359125137,-2.59719919621956e-22,-3.91419237516857e-13,3.84069859249436e-11
0.195999801158905,6.52173196503165e-22,-1.54669384938577e-11,1.87187071398753e-10
0.196444243192673,-4.00943565923049e-22,5.99707696696816e-12,-3.85610814113146e-11
0.19688868522644,-2.36188968747457e-22,-3.91339277606637e-13,3.84061393798873e-11
0.197333142161369,6.57700221062407e-22,-1.54669627799864e-11,1.87187362832297e-10
0.197777584195137,-4.20802161024466e-22,5.99702058845519e-12,-3.85605228303554e-11
0.198222026228905,-2.52754214719982e-22,-3.91259995322774e-13,3.84053032431719e-11
0.198666468262672,6.67708328972991e-22,-1.54669853313916e-11,1.87187626510266e-10
0.19911091029644,-3.98749043237146e-22,5.99696420994222e-12,-3.85599607799492e-11
0.199555352330208,-2.50270905833895e-22,-3.91182149606789e-13,3.84044844536913e-11
0.199999794363976,6.47518639483322e-22,-1.54670061480733e-11,1.87187890188234e-10
0.200444251298904,-4.1235844633047e-22,5.99690869879099e-12,-3.85594126073308e-11
0.200888693332672,-2.38673161157757e-22,-3.91105496513194e-13,3.84036795419984e-11
0.20133313536644,6.6722789374905e-22,-1.54670286994785e-11,1.87188153866202e-10
0.201777577400208,-4.13083390569706e-22,5.99685448868237e-12,-3.85588783125002e-11
0.202222019433975,-2.58614151203002e-22,-3.91028978944871e-13,3.84028780997525e-11
0.202666461467743,6.57036467185867e-22,-1.54670512508837e-11,1.87188431421959e-10
0.203110903501511,-3.99238263216128e-22,5.99680114593548e-12,-3.85583544260104e-11
0.203555345535278,-2.40667956884233e-22,-3.90951729540082e-13,3.84020697186127e-11
0.203999802470207,6.53259981773295e-22,-1.54670755370123e-11,1.87188722855502e-10
0.204444244503975,-4.18985307074659e-22,5.99674736950773e-12,-3.85578270700737e-11
0.204888686537743,-2.47999163131702e-22,-3.90873477248282e-13,3.84012439902381e-11
0.20533312857151,6.68335984574508e-22,-1.5467099823141e-11,1.87189014289046e-10
0.205777570605278,-4.03045419540695e-22,5.99669272571823e-12,-3.85572893057962e-11
0.206222012639046,-2.53271328820573e-22,-3.90794682855397e-13,3.84004147924166e-11
0.206666454672813,6.49777482731994e-22,-1.54671241092696e-11,1.8718930572259e-10
0.207110896706581,-4.07949988669507e-22,5.99663764824787e-12,-3.85567411331778e-11
0.20755535364151,-2.38164251210581e-22,-3.90716023987783e-13,3.83995855945951e-11
0.207999795675278,6.63071492924523e-22,-1.54671466606748e-11,1.87189583278347e-10
0.208444237709045,-4.15696123131347e-22,5.99658170341577e-12,-3.85561929605593e-11
0.208888679742813,-2.55774756815186e-22,-3.90638042746527e-13,3.83987633356675e-11
0.209333121776581,6.61110473066565e-22,-1.546716921208e-11,1.87189846956315e-10
0.209777563810349,-3.99637616160787e-22,5.99652662594541e-12,-3.85556447879409e-11
0.210222005844116,-2.44835060973522e-22,-3.90560657816466e-13,3.83979514850807e-11
0.210666462779045,6.51547913795251e-22,-1.54671917634852e-11,1.87190124512071e-10
0.211110904812813,-4.15749967621294e-22,5.99647241583678e-12,-3.85551070236634e-11
0.211555346846581,-2.44913215001124e-22,-3.90483462621785e-13,3.8397139634494e-11
0.211999788880348,6.67098949700926e-22,-1.54672143148904e-11,1.87190402067827e-10
0.212444230914116,-4.06995807762101e-22,5.99641820572816e-12,-3.85545761982797e-11
0.212888672947884,-2.552001126665e-22,-3.90405969271507e-13,3.83963277839072e-11
0.213333114981651,6.52694879686118e-22,-1.54672386010191e-11,1.87190679623583e-10
0.213777557015419,-4.05008307421276e-22,5.99636399561954e-12,-3.85540419034491e-11
0.214222013950348,-2.39934808491583e-22,-3.90328015135305e-13,3.83955055249796e-11
0.214666455984116,6.59442480325017e-22,-1.54672611524242e-11,1.87190971057127e-10
0.215110898017883,-4.1580896179523e-22,5.99630935183004e-12,-3.85535041391716e-11
0.215555340051651,-2.52367382575611e-22,-3.90249735738452e-13,3.8394683266052e-11
0.215999782085419,6.62594187900654e-22,-1.54672854385529e-11,1.87191248612883e-10
0.216444224119186,-4.02268094937352e-22,5.99625427435968e-12,-3.85529594360001e-11
0.216888666152954,-2.47435373709071e-22,-3.90171483446652e-13,3.83938575376774e-11
0.217333123087883,6.52419624028181e-22,-1.54673079899581e-11,1.8719152616864e-10
0.217777565121651,-4.12919837615948e-22,5.99619919688932e-12,-3.85524147328287e-11
0.218222007155418,-2.43041506819411e-22,-3.90093502205396e-13,3.83930387481968e-11
0.218666449189186,6.65697882246155e-22,-1.54673305413633e-11,1.87191803724396e-10
0.219110891222954,-4.0937102377151e-22,5.99614455309982e-12,-3.85518734991042e-11
0.219555333256721,-2.54050319498147e-22,-3.90015819119738e-13,3.83922199587161e-11
0.219999775290489,6.55687451929067e-22,-1.5467354827492e-11,1.87192081280152e-10
0.220444217324257,-4.04593656885943e-22,5.99608947562946e-12,-3.85513322653797e-11
0.220888674259186,-2.41972265815813e-22,-3.89938271559351e-13,3.83914081081294e-11
0.221333116292953,6.58599850660496e-22,-1.54673773788971e-11,1.87192358835908e-10
0.221777558326721,-4.14584422478386e-22,5.99603526552084e-12,-3.85507979705491e-11
0.222222000360489,-2.5066377118647e-22,-3.89860615578747e-13,3.83905893186487e-11
0.222666442394257,6.63489374634124e-22,-1.54673999303023e-11,1.87192636391664e-10
0.223110884428024,-4.03030904500038e-22,5.99598062173134e-12,-3.85502602062715e-11
0.223555326461792,-2.49293399887243e-22,-3.89782769862762e-13,3.8389770529168e-11
0.223999783396721,6.52496465391237e-22,-1.5467424216431e-11,1.8719291394742e-10
0.224444225430489,-4.10243314606068e-22,5.99592597794185e-12,-3.85497224419939e-11
0.224888667464256,-2.42355740568172e-22,-3.89704734411397e-13,3.83889517396874e-11
0.225333109498024,6.63032819807506e-22,-1.54674467678362e-11,1.87193205380964e-10
0.225777551531792,-4.11425545734843e-22,5.99587133415236e-12,-3.85491812082694e-11
0.226221993565559,-2.53252017505613e-22,-3.89626671854978e-13,3.83881294807598e-11
0.226666435599327,6.57608637466755e-22,-1.54674710539648e-11,1.87193482936721e-10
0.227110877633095,-4.03457293285641e-22,5.99581669036287e-12,-3.8548636505098e-11
0.227555334568024,-2.43050392548648e-22,-3.89548717718777e-13,3.83873106912791e-11
0.227999776601791,6.55763485498556e-22,-1.546749360537e-11,1.87193760492477e-10
0.228444218635559,-4.15502101213986e-22,5.9957616128925e-12,-3.85480952713735e-11
0.228888660669327,-2.47849191207288e-22,-3.89470926212901e-13,3.83864919017984e-11
0.229333102703094,6.65419496388146e-22,-1.54675161567752e-11,1.87194038048233e-10
0.229777544736862,-4.05820897262526e-22,5.99570696910301e-12,-3.85475575070959e-11
0.23022198677063,-2.5209391920965e-22,-3.89393216022188e-13,3.83856731123178e-11
0.230666428804398,6.53657163772743e-22,-1.54675387081804e-11,1.87194315603989e-10
0.231110885739326,-4.07960944369759e-22,5.99565232531352e-12,-3.85470162733714e-11
0.231555327773094,-2.42548677012927e-22,-3.89315478726421e-13,3.83848577922841e-11
0.231999769806862,6.61547035002402e-22,-1.54675629943091e-11,1.87194593159745e-10
0.23244421184063,-4.12757975979972e-22,5.99559768152402e-12,-3.85464785090939e-11
0.232888653874397,-2.52722786501518e-22,-3.89237633010436e-13,3.83840390028034e-11
0.233333095908165,6.60201604329555e-22,-1.54675855457143e-11,1.87194870715501e-10
0.233777537941933,-4.02942476348007e-22,5.99554303773453e-12,-3.85459407448163e-11
0.234221994876862,-2.46396223015841e-22,-3.89159705979289e-13,3.83832167438758e-11
0.234666436910629,6.53132804773599e-22,-1.54676098318429e-11,1.87195148271257e-10
0.235110878944397,-4.1309502784578e-22,5.99548839394504e-12,-3.85453995110918e-11
0.235555320978165,-2.44825115015229e-22,-3.89081751843087e-13,3.83823979543951e-11
0.235999763011932,6.64583985404434e-22,-1.54676323832481e-11,1.87195439704801e-10
0.2364442050457,-4.08687075055797e-22,5.99543375015554e-12,-3.85448582773673e-11
0.236888647079468,-2.53239900602109e-22,-3.89003851916994e-13,3.83815791649145e-11
0.237333089113235,6.54925500647045e-22,-1.54676549346533e-11,1.87195717260558e-10
0.237777546048164,-4.0586944060719e-22,5.99537867268518e-12,-3.85443170436428e-11
0.238221988081932,-2.4274754569169e-22,-3.8892600620101e-13,3.83807603754338e-11
0.2386664301157,6.58518061561843e-22,-1.5467679220782e-11,1.87195994816314e-10
0.239110872149467,-4.1434506314708e-22,5.99532402889569e-12,-3.85437792793653e-11
0.239555314183235,-2.50487167317896e-22,-3.8884818759008e-13,3.83799415859531e-11
0.239999756217003,6.62754282488203e-22,-1.54677017721871e-11,1.8719627237207e-10
0.240444198250771,-4.0369682932179e-22,5.99526938510619e-12,-3.85432380456407e-11
0.240888655185699,-2.48995096869099e-22,-3.88770396084204e-13,3.83791227964725e-11
0.241333097219467,6.53201770149377e-22,-1.54677243235923e-11,1.87196549927826e-10
0.241777539253235,-4.1091802418286e-22,5.9952147413167e-12,-3.85427002813632e-11
0.242221981287003,-2.43556626679633e-22,-3.88692577473274e-13,3.83783040069918e-11
0.24266642332077,6.63361137405371e-22,-1.5467748609721e-11,1.87196827483582e-10
0.243110865354538,-4.09714235063267e-22,5.99516009752721e-12,-3.85421590476387e-11
0.243555307388306,-2.52700723639721e-22,-3.8861467754718e-13,3.83774852175112e-11
0.243999749422073,6.56423907226632e-22,-1.54677711611262e-11,1.87197105039338e-10
0.244444206357002,-4.05613925404545e-22,5.99510545373771e-12,-3.85416212833611e-11
0.24488864839077,-2.43577023467199e-22,-3.88536777621087e-13,3.83766664280305e-11
0.245333090424538,6.58185906944534e-22,-1.54677937125314e-11,1.87197382595095e-10
0.245777532458305,-4.1369940889515e-22,5.99505080994822e-12,-3.85410800496366e-11
0.246221974492073,-2.49542124575216e-22,-3.88458904800049e-13,3.83758476385498e-11
0.246666416525841,6.63206394450203e-22,-1.546781799866e-11,1.87197660150851e-10
0.247110858559608,-4.04868761082586e-22,5.99499616615873e-12,-3.85405388159121e-11
0.247555300593376,-2.4958185792129e-22,-3.8838103197901e-13,3.83750288490692e-11
0.247999757528305,6.54046621246207e-22,-1.54678405500652e-11,1.87197937706607e-10
0.248444199562073,-4.09724105290913e-22,5.99494108868837e-12,-3.85399975821876e-11
0.24888864159584,-2.44317012861619e-22,-3.8830321336808e-13,3.83742100595885e-11
0.249333083629608,6.61918872478687e-22,-1.54678631014704e-11,1.87198229140151e-10
0.249777525663376,-4.10328839749968e-22,5.99488644489887e-12,-3.85394598179101e-11
0.250221967697144,-2.51743816429026e-22,-3.8822539475715e-13,3.83733912701079e-11
0.250666409730911,6.58236293068272e-22,-1.54678873875991e-11,1.87198506695907e-10
0.251110851764679,-4.05025170111986e-22,5.99483180110938e-12,-3.85389185841856e-11
0.251555293798447,-2.45619731449614e-22,-3.88147549041165e-13,3.83725724806272e-11
0.251999735832214,6.56131637416692e-22,-1.54679099390043e-11,1.87198784251663e-10
0.252444177865982,-4.12296170495168e-22,5.99477715731989e-12,-3.8538380819908e-11
0.252888649702072,-2.47233652509275e-22,-3.88069676220126e-13,3.83717536911465e-11
0.25333309173584,6.62777304604861e-22,-1.54679324904095e-11,1.87199061807419e-10
0.253777533769608,-4.06882363253043e-22,5.99472251353039e-12,-3.85378395861835e-11
0.254221975803375,-2.50427567298785e-22,-3.87991803399088e-13,3.83709349016659e-11
0.254666417837143,6.55139111558404e-22,-1.54679567765381e-11,1.87199339363175e-10
0.255110859870911,-4.08321119326421e-22,5.9946678697409e-12,-3.8537301821906e-11
0.255555301904678,-2.44135486500997e-22,-3.87913930578049e-13,3.83701161121852e-11
0.255999743938446,6.6046762084857e-22,-1.54679793279433e-11,1.87199616918932e-10
0.256444185972214,-4.11409415107053e-22,5.99461322595141e-12,-3.85367605881815e-11
0.256888628005981,-2.50789155894189e-22,-3.87836084862064e-13,3.83692973227046e-11
0.257333070039749,6.59180856183522e-22,-1.5468003614072e-11,1.87199894474688e-10
0.257777512073517,-4.06254152293448e-22,5.99455814848104e-12,-3.85362193544569e-11
0.258221954107285,-2.46527842880156e-22,-3.8775823914608e-13,3.83684785332239e-11
0.258666396141052,6.57271080729967e-22,-1.54680261654772e-11,1.87200172030444e-10
0.25911083817482,-4.11264264700492e-22,5.99450350469155e-12,-3.85356815901794e-11
0.25955531001091,-2.47689450029424e-22,-3.87680393430095e-13,3.83676597437432e-11
0.259999752044678,6.61433136109462e-22,-1.54680487168823e-11,1.872004495862e-10
0.260444194078445,-4.07939487353137e-22,5.99444886090206e-12,-3.85351403564549e-11
0.260888636112213,-2.50075243085851e-22,-3.87602547714111e-13,3.83668409542626e-11
0.261333078145981,6.56622927366689e-22,-1.5468073003011e-11,1.87200727141956e-10
0.261777520179749,-4.08317686203761e-22,5.99439421711256e-12,-3.85345991227304e-11
0.262221962213516,-2.46163149328228e-22,-3.87524701998126e-13,3.83660221647819e-11
0.262666404247284,6.59475549374164e-22,-1.54680955544162e-11,1.872010185755e-10
0.263110846281052,-4.09878797758983e-22,5.99433957332307e-12,-3.85340613584528e-11
0.263555288314819,-2.49114524099263e-22,-3.87446829177088e-13,3.83652033753012e-11
0.263999730348587,6.59228869413658e-22,-1.54681181058214e-11,1.87201296131256e-10
0.264444172382355,-4.07175617561393e-22,5.99428492953358e-12,-3.85335201247283e-11
0.264888614416122,-2.47760030992336e-22,-3.87368956356049e-13,3.83643845858206e-11
0.26533305644989,6.56761009579539e-22,-1.546814239195e-11,1.87201573687013e-10
0.265777498483658,-4.10011124442669e-22,5.99422985206322e-12,-3.85329788910038e-11
0.266221970319748,-2.46774396622917e-22,-3.87291110640064e-13,3.83635657963399e-11
0.266666412353516,6.59627515538946e-22,-1.54681649433552e-11,1.87201851242769e-10
0.267110854387283,-4.09583776402205e-22,5.99417520827372e-12,-3.85324411267263e-11
0.267555296421051,-2.49068606083692e-22,-3.8721326492408e-13,3.83627470068593e-11
0.267999738454819,6.58505843684143e-22,-1.54681874947604e-11,1.87202128798525e-10
0.268444180488586,-4.08035791492446e-22,5.99412056448423e-12,-3.85318998930018e-11
0.268888622522354,-2.4730855011906e-22,-3.87135419208096e-13,3.83619282173786e-11
0.269333064556122,6.58153847637346e-22,-1.54682117808891e-11,1.87202406354281e-10
0.26977750658989,-4.10127572934054e-22,5.99406592069474e-12,-3.85313586592773e-11
0.270221948623657,-2.48225244356251e-22,-3.87057573492111e-13,3.83611094278979e-11
0.270666390657425,6.60437883947886e-22,-1.54682343322943e-11,1.87202683910037e-10
0.271110832691193,-4.07940900991879e-22,5.99401127690524e-12,-3.85308208949997e-11
0.27155527472496,-2.49566888496753e-22,-3.86979700671072e-13,3.83602906384173e-11
0.271999716758728,6.57239526293758e-22,-1.54682568836995e-11,1.87202961465793e-10
0.272444158792496,-4.08244505155306e-22,5.99395663311575e-12,-3.85302796612752e-11
0.272888630628586,-2.45992982564641e-22,-3.86901854955088e-13,3.83594718489366e-11
0.273333072662354,6.58694513969123e-22,-1.54682811698281e-11,1.87203239021549e-10
0.273777514696121,-4.10664250785094e-22,5.99390198932626e-12,-3.85297418969976e-11
0.274221956729889,-2.4894059604688e-22,-3.86824009239103e-13,3.8358653059456e-11
0.274666398763657,6.59476761064514e-22,-1.54683037212333e-11,1.87203530455093e-10
0.275110840797424,-4.07451706256446e-22,5.99384691185589e-12,-3.85292006632731e-11
0.275555282831192,-2.47776439299165e-22,-3.86746136418065e-13,3.83578342699753e-11
0.27599972486496,6.57326111666715e-22,-1.54683262726385e-11,1.8720380801085e-10
0.276444166898727,-4.10062697013208e-22,5.9937922680664e-12,-3.85286594295486e-11
0.276888608932495,-2.47411367094003e-22,-3.8666829070208e-13,3.83570154804946e-11
0.277333050966263,6.5981265172707e-22,-1.54683505587672e-11,1.87204085566606e-10
0.277777493000031,-4.09454756623434e-22,5.99373762427691e-12,-3.85281216652711e-11
0.278221935033798,-2.49391597292725e-22,-3.86590444986096e-13,3.8356196691014e-11
0.278666377067566,6.58748939060696e-22,-1.54683731101724e-11,1.87204363122362e-10
0.279110819101334,-4.07355174925196e-22,5.99368298048741e-12,-3.85275804315466e-11
0.279555261135101,-2.47095873219013e-22,-3.86512599270111e-13,3.83553779015333e-11
0.279999732971191,6.58165156747283e-22,-1.54683956615775e-11,1.87204640678118e-10
0.280444175004959,-4.10274970016472e-22,5.99362833669792e-12,-3.85270391978221e-11
0.280888617038727,-2.48037028455152e-22,-3.86434726449073e-13,3.83545591120527e-11
0.281333059072495,6.60049688651871e-22,-1.54684199477062e-11,1.87204918233874e-10
0.281777501106262,-4.08372515192118e-22,5.99357369290843e-12,-3.85265014335445e-11
0.28222194314003,-2.49193965547862e-22,-3.86356880733088e-13,3.8353740322572e-11
0.282666385173798,6.57718749827349e-22,-1.54684424991114e-11,1.8720519578963e-10
0.283110827207565,-4.0810606953277e-22,5.99351861543806e-12,-3.852596019982e-11
0.283555269241333,-2.46864819015317e-22,-3.86279035017104e-13,3.83529215330913e-11
0.283999711275101,6.58625296157855e-22,-1.54684650505166e-11,1.87205473345387e-10
0.284444153308868,-4.10196311117891e-22,5.99346397164857e-12,-3.85254189660955e-11
0.284888595342636,-2.48656580877451e-22,-3.86201162196065e-13,3.83521027436107e-11
0.285333037376404,6.59572535089295e-22,-1.54684893366452e-11,1.87205750901143e-10
0.285777479410172,-4.07253216230918e-22,5.99340932785908e-12,-3.8524881201818e-11
0.286221921443939,-2.47956148124262e-22,-3.8612331648008e-13,3.835128395413e-11
0.286666393280029,6.56948922558049e-22,-1.54685118880504e-11,1.87206028456899e-10
0.287110835313797,-4.09613336598045e-22,5.99335468406959e-12,-3.85243399680935e-11
0.287555277347565,-2.46629877305081e-22,-3.86045470764096e-13,3.83504651646493e-11
0.287999719381332,6.60428190425083e-22,-1.54685344394556e-11,1.87206319890443e-10
0.2884441614151,-4.09772042790401e-22,5.99330004028009e-12,-3.8523798734369e-11
0.288888603448868,-2.5052397241229e-22,-3.85967625048111e-13,3.83496463751687e-11
0.289333045482635,6.58229325848757e-22,-1.54685587255843e-11,1.87206597446199e-10
0.289777487516403,-4.06586029231718e-22,5.9932453964906e-12,-3.85232609700914e-11
0.290221929550171,-2.46769600348613e-22,-3.85889779332127e-13,3.8348827585688e-11
0.290666371583939,6.57117095081268e-22,-1.54685812769895e-11,1.87206875001955e-10
0.291110813617706,-4.107581820308e-22,5.99319031902024e-12,-3.85227197363669e-11
0.291555255651474,-2.47725926957682e-22,-3.85811906511088e-13,3.83480087962074e-11
0.291999697685242,6.60662652507889e-22,-1.54686055631181e-11,1.87207152557711e-10
0.292444139719009,-4.08028824272931e-22,5.99313567523074e-12,-3.85221785026424e-11
0.292888581752777,-2.49740867036234e-22,-3.85734060795104e-13,3.83471900067267e-11
0.293333053588867,6.56191919011625e-22,-1.54686281145233e-11,1.87207430113467e-10
0.293777495622635,-4.08456828645668e-22,5.99308103144125e-12,-3.85216407383648e-11
0.294221937656403,-2.45654441329444e-22,-3.85656215079119e-13,3.8346371217246e-11
0.29466637969017,6.58797305700516e-22,-1.54686506659285e-11,1.87207707669224e-10
0.295110821723938,-4.11389371729173e-22,5.99302638765176e-12,-3.85210995046403e-11
0.295555263757706,-2.49466848312196e-22,-3.85578369363135e-13,3.83455524277654e-11
0.295999705791473,6.59795738549262e-22,-1.54686749520572e-11,1.8720798522498e-10
0.296444147825241,-4.07069216002497e-22,5.99297174386226e-12,-3.85205582709158e-11
0.296888589859009,-2.48094078875818e-22,-3.8550052364715e-13,3.83447336382847e-11
0.297333031892776,6.5680008659334e-22,-1.54686975034624e-11,1.87208262780736e-10
0.297777473926544,-4.10478407777598e-22,5.99291710007277e-12,-3.85200205066383e-11
0.298221915960312,-2.4710791439187e-22,-3.85422650826112e-13,3.83439148488041e-11
0.29866635799408,6.60690622360145e-22,-1.54687200548675e-11,1.87208540336492e-10
0.299110800027847,-4.09203431849918e-22,5.99286202260241e-12,-3.85194792729138e-11
0.299555242061615,-2.51352011305508e-22,-3.85344805110127e-13,3.83430960593234e-11
0.299999713897705,6.57016928678967e-22,-1.54687443409962e-11,1.87208817892248e-10
0.300444155931473,-4.0643545146213e-22,5.99280737881291e-12,-3.85189380391893e-11
0.30088859796524,-2.4593974391987e-22,-3.85266959394143e-13,3.83422772698427e-11
0.301333039999008,6.56578498720507e-22,-1.54687668924014e-11,1.87209109325792e-10
0.301777482032776,-4.12395377642608e-22,5.99275273502342e-12,-3.85184002749117e-11
0.302221924066544,-2.48447690509748e-22,-3.85189113678158e-13,3.83414584803621e-11
0.302666366100311,6.60992636179987e-22,-1.54687894438066e-11,1.87209386881548e-10
0.303110808134079,-4.07794665112713e-22,5.99269809123393e-12,-3.85178590411872e-11
0.303555250167847,-2.50138882072797e-22,-3.85111267962174e-13,3.83406396908814e-11
0.303999692201614,6.56305868391662e-22,-1.54688137299352e-11,1.87209664437304e-10
0.304444134235382,-4.08746094473282e-22,5.99264344744443e-12,-3.85173178074627e-11
0.30488857626915,-2.45769299477244e-22,-3.85033395141135e-13,3.83398209014008e-11
0.305333018302917,6.59309244873569e-22,-1.54688362813404e-11,1.87209941993061e-10
0.305777460336685,-4.11295894867348e-22,5.99258880365494e-12,-3.85167800431852e-11
0.306221902370453,-2.50768658132428e-22,-3.84955549425151e-13,3.83390021119201e-11
0.306666374206543,6.59439804508826e-22,-1.54688588327456e-11,1.87210219548817e-10
0.307110816240311,-4.06405563100153e-22,5.99253372618458e-12,-3.85162388094606e-11
0.307555258274078,-2.48067244983266e-22,-3.84877703709166e-13,3.83381833224394e-11
0.307999700307846,6.56282846275004e-22,-1.54688831188743e-11,1.87210497104573e-10
0.308444142341614,-4.10350574445629e-22,5.99247908239509e-12,-3.85156975757361e-11
0.308888584375381,-2.47368604522053e-22,-3.84799857993182e-13,3.83373645329588e-11
0.309333026409149,6.59973251185599e-22,-1.54689056702795e-11,1.87210774660329e-10
0.309777468442917,-4.08886802015224e-22,5.99242443860559e-12,-3.85151598114586e-11
0.310221910476685,-2.49680888363888e-22,-3.84722012277197e-13,3.83365457434781e-11
0.310666352510452,6.56999712578571e-22,-1.54689282216847e-11,1.87211052216085e-10
0.31111079454422,-4.08303852738927e-22,5.9923697948161e-12,-3.85146185777341e-11
0.311555236577988,-2.46972154585525e-22,-3.84644166561213e-13,3.83357269539975e-11
0.311999678611755,6.57960532539356e-22,-1.54689525078133e-11,1.87211329771841e-10
0.312444120645523,-4.10735109427044e-22,5.99231515102661e-12,-3.85140773440096e-11
0.312888562679291,-2.48364740207843e-22,-3.84566320845228e-13,3.83349081645168e-11
0.313333034515381,6.59411531733983e-22,-1.54689750592185e-11,1.87211607327598e-10
0.313777476549149,-4.08650699101735e-22,5.99226007355624e-12,-3.8513539579732e-11
0.314221918582916,-2.48785121028791e-22,-3.84488448024189e-13,3.83340893750361e-11
0.314666360616684,6.57642059925587e-22,-1.54689976106237e-11,1.87211884883354e-10
0.315110802650452,-4.09862414695703e-22,5.99220542976675e-12,-3.85129983460075e-11
0.315555244684219,-2.48137800702629e-22,-3.84410602308205e-13,3.83332705855555e-11
0.315999686717987,6.59765597751795e-22,-1.54690218967524e-11,1.87212176316898e-10
0.316444128751755,-4.0899883288554e-22,5.99215078597726e-12,-3.8512457112283e-11
0.316888570785522,-2.50226956815144e-22,-3.84332756592221e-13,3.83324517960748e-11
0.31733301281929,6.57362815786914e-22,-1.54690444481576e-11,1.87212453872654e-10
0.317777454853058,-4.08031903985905e-22,5.99209614218776e-12,-3.85119193480055e-11
0.318221896886826,-2.46871735747734e-22,-3.84254910876236e-13,3.83316330065941e-11
0.318666338920593,6.57996024969204e-22,-1.54690669995627e-11,1.8721273142841e-10
0.319110780954361,-4.10670738377178e-22,5.99204149839827e-12,-3.8511378114281e-11
0.319555222988129,-2.4892077986094e-22,-3.84177065160252e-13,3.83308142171135e-11
0.319999694824219,6.59971938521052e-22,-1.54690912856914e-11,1.87213008984166e-10
0.320444136857986,-4.08008376998268e-22,5.99198642092791e-12,-3.85108368805565e-11
0.320888578891754,-2.48639617212545e-22,-3.84099219444267e-13,3.83299954276328e-11
0.321333020925522,6.56971793213414e-22,-1.54691138370966e-11,1.87213286539922e-10
0.32177746295929,-4.10049822803235e-22,5.99193177713842e-12,-3.85102991162789e-11
0.322221904993057,-2.47472633187346e-22,-3.84021373728283e-13,3.83291766381522e-11
0.322666347026825,6.60218971891244e-22,-1.54691363885018e-11,1.87213564095678e-10
0.323110789060593,-4.0948027785144e-22,5.99187713334892e-12,-3.85097578825544e-11
0.32355523109436,-2.5077105626958e-22,-3.83943500907244e-13,3.83283578486715e-11
0.323999673128128,6.5815056597598e-22,-1.54691606746304e-11,1.87213841651435e-10
0.324444115161896,-4.07588021420868e-22,5.99182248955943e-12,-3.85092166488299e-11
0.324888557195663,-2.47442416659233e-22,-3.83865655191259e-13,3.83275390591908e-11
0.325332999229431,6.57376649251748e-22,-1.54691832260356e-11,1.87214119207191e-10
0.325777441263199,-4.10461873253025e-22,5.99176784576994e-12,-3.85086754151054e-11
0.326221883296967,-2.48070829567219e-22,-3.83787809475275e-13,3.83267202697102e-11
0.326666325330734,6.60232451946392e-22,-1.54692057774408e-11,1.87214396762947e-10
0.327110797166824,-4.07812890955067e-22,5.99171320198044e-12,-3.85081376508278e-11
0.327555239200592,-2.49352747470865e-22,-3.83709963759291e-13,3.83259014802295e-11
0.32799968123436,6.56530990361351e-22,-1.54692300635695e-11,1.87214674318703e-10
0.328444123268127,-4.08994718187058e-22,5.99165812451008e-12,-3.85075964171033e-11
0.328888565301895,-2.46789744700689e-22,-3.83632118043306e-13,3.83250826907489e-11
0.329333007335663,6.59359580510209e-22,-1.54692526149747e-11,1.87214951874459e-10
0.329777449369431,-4.09931758724716e-22,5.99160348072059e-12,-3.85070551833788e-11
0.330221891403198,-2.49615709520455e-22,-3.83554272327322e-13,3.83242639012682e-11
0.330666333436966,6.58432435443746e-22,-1.54692751663799e-11,1.87215243308003e-10
0.331110775470734,-4.08066538135088e-22,5.99154883693109e-12,-3.85065174191013e-11
0.331555217504501,-2.47914041884585e-22,-3.83476426611337e-13,3.83234451117875e-11
0.331999659538269,6.57575114033727e-22,-1.54692994525085e-11,1.87215520863759e-10
0.332444101572037,-4.10151049434593e-22,5.9914941931416e-12,-3.85059761853768e-11
0.332888543605804,-2.48637622972177e-22,-3.83398580895353e-13,3.83226263223069e-11
0.333332985639572,6.59601464196411e-22,-1.54693220039137e-11,1.87215798419516e-10
0.333777457475662,-4.08562876794879e-22,5.99143954935211e-12,-3.85054349516523e-11
0.33422189950943,-2.49167308360153e-22,-3.83320735179368e-13,3.83218075328262e-11
0.334666341543198,6.5741153583642e-22,-1.54693445553189e-11,1.87216075975272e-10
0.335110783576965,-4.08291786322521e-22,5.99138447188174e-12,-3.85048971873747e-11
0.335555225610733,-2.47110766912903e-22,-3.83242889463384e-13,3.83209887433456e-11
0.335999667644501,6.58355341645201e-22,-1.54693688414476e-11,1.87216353531028e-10
0.336444109678268,-4.1009735640594e-22,5.99132982809225e-12,-3.85043559536502e-11
0.336888551712036,-2.49052677404293e-22,-3.83165043747399e-13,3.83201699538649e-11
0.337332993745804,6.58993195640501e-22,-1.54693913928527e-11,1.87216631086784e-10
0.337777435779572,-4.08558888314142e-22,5.99127518430276e-12,-3.85038147199257e-11
0.338221877813339,-2.49062244709352e-22,-3.83087170926361e-13,3.83193511643842e-11
0.338666319847107,6.57562189336656e-22,-1.54694139442579e-11,1.8721690864254e-10
0.339110761880875,-4.09435445308474e-22,5.99122054051326e-12,-3.85032734862012e-11
0.339555203914642,-2.48136185115495e-22,-3.83009325210376e-13,3.83185323749036e-11
0.33999964594841,6.59530024952835e-22,-1.54694382303866e-11,1.87217186198296e-10
0.3404441177845,-4.094177243371e-22,5.99116589672377e-12,-3.85027357219236e-11
0.340888559818268,-2.49892833201015e-22,-3.82931479494392e-13,3.83177135854229e-11
0.341333001852036,6.58050298599483e-22,-1.54694607817918e-11,1.87217463754052e-10
0.341777443885803,-4.07935347411106e-22,5.99111081925341e-12,-3.85021944881991e-11
0.342221885919571,-2.48037306134191e-22,-3.82853633778407e-13,3.83168947959422e-11
0.342666327953339,6.57071000360854e-22,-1.5469483333197e-11,1.87217741309809e-10
0.343110769987106,-4.10436957870194e-22,5.99105617546392e-12,-3.85016532544746e-11
0.343555212020874,-2.48590114613021e-22,-3.82775788062423e-13,3.83160760064616e-11
0.343999654054642,6.59477366909689e-22,-1.54695076193256e-11,1.87218018865565e-10
0.344444096088409,-4.08764269828538e-22,5.99100153167442e-12,-3.85011154901971e-11
0.344888538122177,-2.49707192141912e-22,-3.82697942346438e-13,3.83152572169809e-11
0.345332980155945,6.56730767807876e-22,-1.54695301707308e-11,1.87218296421321e-10
0.345777422189713,-4.08963971544416e-22,5.99094688788493e-12,-3.85005742564726e-11
0.34622186422348,-2.47458522043474e-22,-3.82620096630454e-13,3.83144384275003e-11
0.346666306257248,6.588221453527e-22,-1.5469552722136e-11,1.87218587854865e-10
0.347110778093338,-4.09726579158712e-22,5.99089224409544e-12,-3.85000330227481e-11
0.347555220127106,-2.49807409031311e-22,-3.82542250914469e-13,3.83136196380196e-11
0.347999662160873,6.57749748905481e-22,-1.54695770082647e-11,1.87218865410621e-10
0.348444104194641,-4.08497748438544e-22,5.99083716662507e-12,-3.84994952584705e-11
0.348888546228409,-2.47928405463947e-22,-3.82464405198485e-13,3.83128008485389e-11
0.349332988262177,6.58483074002974e-22,-1.54695995596699e-11,1.87219142966377e-10
0.349777430295944,-4.09754321819026e-22,5.99078252283558e-12,-3.8498954024746e-11
0.350221872329712,-2.49136258794923e-22,-3.823865594825e-13,3.83119820590583e-11
0.35066631436348,6.59093816426684e-22,-1.54696221110751e-11,1.87219420522133e-10
0.351110756397247,-4.07495503813904e-22,5.99072787904609e-12,-3.84984127910215e-11
0.351555198431015,-2.4901561987441e-22,-3.82308713766516e-13,3.83111632695776e-11
0.351999640464783,6.56572389781657e-22,-1.54696463972037e-11,1.8721969807789e-10
0.35244408249855,-4.09290799772893e-22,5.99067323525659e-12,-3.8497871557297e-11
0.352888524532318,-2.46971700201644e-22,-3.82230868050532e-13,3.8310344480097e-11
0.353332966566086,6.59093210581508e-22,-1.54696689486089e-11,1.87219975633646e-10
0.353777438402176,-4.09902526695012e-22,5.9906185914671e-12,-3.84973337930195e-11
0.354221880435944,-2.49372159760021e-22,-3.82153022334547e-13,3.83095256906163e-11
0.354666322469711,6.58228164645505e-22,-1.54696915000141e-11,1.87220253189402e-10
0.355110764503479,-4.08469526150798e-22,5.99056351399674e-12,-3.84967925592949e-11
0.355555206537247,-2.4751799584484e-22,-3.82075176618563e-13,3.83087069011356e-11
0.355999648571014,6.57937813345286e-22,-1.54697157861428e-11,1.87220530745158e-10
0.356444090604782,-4.10790291825086e-22,5.99050887020725e-12,-3.84962513255704e-11
0.35688853263855,-2.48889174937634e-22,-3.81997330902578e-13,3.8307888111655e-11
0.357332974672318,6.59815378030358e-22,-1.54697383375479e-11,1.87220808300914e-10
0.357777416706085,-4.08734532927855e-22,5.99045422641775e-12,-3.84957135612929e-11
0.358221858739853,-2.4951513922137e-22,-3.81919485186594e-13,3.83070693221743e-11
0.358666300773621,6.58113609420292e-22,-1.54697608889531e-11,1.8722108585667e-10
0.359110742807388,-4.08773105070676e-22,5.99039958262826e-12,-3.84951723275684e-11
0.359555184841156,-2.48335987805569e-22,-3.81841639470609e-13,3.83062505326937e-11
0.359999626874924,6.58667099474944e-22,-1.54697851750818e-11,1.87221363412426e-10
0.360444098711014,-4.09217341045399e-22,5.9903445051579e-12,-3.84946310938439e-11
0.360888540744781,-2.49602229465306e-22,-3.81763793754625e-13,3.8305431743213e-11
0.361332982778549,6.58389420436306e-22,-1.5469807726487e-11,1.87221640968183e-10
0.361777424812317,-4.07560733144435e-22,5.9902898613684e-12,-3.84940898601194e-11
0.362221866846085,-2.48144767922144e-22,-3.8168594803864e-13,3.83046129537323e-11
0.362666308879852,6.57052421108814e-22,-1.54698302778922e-11,1.87221932401727e-10
0.36311075091362,-4.10152286368492e-22,5.99023521757891e-12,-3.84935520958418e-11
0.363555192947388,-2.48144035859224e-22,-3.81608102322656e-13,3.83037941642517e-11
0.363999634981155,6.59103005078508e-22,-1.54698545640208e-11,1.87222209957483e-10
0.364444077014923,-4.09465838541431e-22,5.99018057378942e-12,-3.84930108621173e-11
0.364888519048691,-2.49533163115333e-22,-3.81530256606671e-13,3.8302975374771e-11
0.365332961082458,6.58495847238752e-22,-1.5469877115426e-11,1.87222487513239e-10
0.365777403116226,-4.0820603398668e-22,5.99012592999992e-12,-3.84924696283928e-11
0.366221845149994,-2.47948751764414e-22,-3.81452410890687e-13,3.83021565852903e-11
0.366666287183762,6.57958815978026e-22,-1.54698996668312e-11,1.87222765068995e-10
0.367110729217529,-4.09930117894033e-22,5.99007085252956e-12,-3.84919283946683e-11
0.367555201053619,-2.48782520943248e-22,-3.81374565174702e-13,3.83013377958097e-11
0.367999643087387,6.59212107697143e-22,-1.54699239529599e-11,1.87223042624751e-10
0.368444085121155,-4.08305291621219e-22,5.99001620874007e-12,-3.84913906303908e-11
0.368888527154922,-2.49623863186771e-22,-3.81296719458718e-13,3.8300519006329e-11
0.36933296918869,6.57261286232968e-22,-1.54699465043651e-11,1.87223320180507e-10
0.369777411222458,-4.08853884427371e-22,5.98996156495057e-12,-3.84908493966662e-11
0.370221853256226,-2.47416289586052e-22,-3.81218873742734e-13,3.82997002168484e-11
0.370666295289993,6.59009856382819e-22,-1.54699690557702e-11,1.87223597736264e-10
0.371110737323761,-4.0933290601257e-22,5.98990692116108e-12,-3.84903081629417e-11
0.371555179357529,-2.4963416255475e-22,-3.81141028026749e-13,3.82988814273677e-11
0.371999621391296,6.58244673926529e-22,-1.54699916071754e-11,1.8722387529202e-10
0.372444063425064,-4.08044020889409e-22,5.98985227737159e-12,-3.84897703986642e-11
0.372888505458832,-2.47839320979642e-22,-3.81063182310765e-13,3.8298062637887e-11
0.373332947492599,6.57864203156498e-22,-1.54700158933041e-11,1.87224152847776e-10
0.373777389526367,-4.10117450270918e-22,5.98979719990123e-12,-3.84892291649397e-11
0.374221861362457,-2.48750183957021e-22,-3.8098533659478e-13,3.82972438484064e-11
0.374666303396225,6.59167780025157e-22,-1.54700384447093e-11,1.87224430403532e-10
0.375110745429993,-4.0891305530615e-22,5.98974255611173e-12,-3.84886879312152e-11
0.37555518746376,-2.49254171412148e-22,-3.80907490878796e-13,3.82964250589257e-11
0.375999629497528,6.5818111067023e-22,-1.54700609961145e-11,1.87224707959288e-10
0.376444071531296,-4.0859705656018e-22,5.98968791232224e-12,-3.84881466974907e-11
0.376888513565063,-2.47832101324637e-22,-3.80829645162811e-13,3.82956062694451e-11
0.377332955598831,6.58189138118802e-22,-1.54700852822431e-11,1.87224985515044e-10
0.377777397632599,-4.10021651002588e-22,5.98963326853275e-12,-3.84876089332131e-11
0.378221839666367,-2.485197355985e-22,-3.80751799446827e-13,3.82947874799644e-11
0.378666281700134,6.59924127239309e-22,-1.54701078336483e-11,1.872252630708e-10
0.379110723733902,-4.08744226450658e-22,5.98957819106238e-12,-3.84870676994886e-11
0.37955516576767,-2.49532355321766e-22,-3.80673953730842e-13,3.82939686904837e-11
0.379999607801437,6.57536087507024e-22,-1.54701303850535e-11,1.87225554504344e-10
0.380444049835205,-4.09286558856667e-22,5.98952354727289e-12,-3.84865264657641e-11
0.380888521671295,-2.48094432285503e-22,-3.80596108014858e-13,3.82931499010031e-11
0.381332963705063,6.5931873644798e-22,-1.54701546711822e-11,1.87225832060101e-10
0.381777405738831,-4.09572290587425e-22,5.9894689034834e-12,-3.84859852320396e-11
0.382221847772598,-2.50292514311811e-22,-3.80518289403928e-13,3.82923311115224e-11
0.382666289806366,6.57986785830282e-22,-1.54701772225874e-11,1.87226109615857e-10
0.383110731840134,-4.07902833720037e-22,5.9894142596939e-12,-3.84854474677621e-11
0.383555173873901,-2.48282900622091e-22,-3.80440443687943e-13,3.82915123220418e-11
0.383999615907669,6.57255480216706e-22,-1.54701997739926e-11,1.87226387171613e-10
0.384444057941437,-4.10041063291743e-22,5.98935918222354e-12,-3.84849062340376e-11
0.384888499975204,-2.48681067119949e-22,-3.80362597971959e-13,3.82906935325611e-11
0.385332942008972,6.59458181812474e-22,-1.54702240601212e-11,1.87226664727369e-10
0.38577738404274,-4.08330459439539e-22,5.98930453843405e-12,-3.8484365000313e-11
0.386221826076508,-2.49688991543106e-22,-3.80284752255974e-13,3.82898747430804e-11
0.386666268110275,6.56563706000812e-22,-1.54702466115264e-11,1.87226942283125e-10
0.387110710144043,-4.08657716808348e-22,5.98924989464455e-12,-3.84838237665885e-11
0.387555181980133,-2.47257886316283e-22,-3.8020690653999e-13,3.82890559535998e-11
0.387999624013901,6.5827764200148e-22,-1.54702691629316e-11,1.87227219838881e-10
0.388444066047668,-4.10297487262151e-22,5.98919525085506e-12,-3.8483286002311e-11
0.388888508081436,-2.49692273204472e-22,-3.80129060824005e-13,3.82882371641191e-11
0.389332950115204,6.5879917372314e-22,-1.54702934490603e-11,1.87227497394638e-10
0.389777392148972,-4.08142672678773e-22,5.98914060706557e-12,-3.84827447685865e-11
0.390221834182739,-2.48547680207207e-22,-3.80051215108021e-13,3.82874183746384e-11
0.390666276216507,6.57416736007507e-22,-1.54703160004654e-11,1.87227774950394e-10
0.391110718250275,-4.10057471598572e-22,5.98908552959521e-12,-3.8482203534862e-11
0.391555160284042,-2.48664734543767e-22,-3.79973369392037e-13,3.82865995851578e-11
0.39199960231781,6.59225436290998e-22,-1.54703385518706e-11,1.8722805250615e-10
0.392444044351578,-4.08922294445072e-22,5.98903088580571e-12,-3.84816623011375e-11
0.392888486385345,-2.49405582218853e-22,-3.79895523676052e-13,3.82857807956771e-11
0.393332928419113,6.57882984356929e-22,-1.54703628379993e-11,1.87228330061906e-10
0.393777370452881,-4.08874079266545e-22,5.98897624201622e-12,-3.84811245368599e-11
0.394221842288971,-2.48291836838426e-22,-3.79817677960068e-13,3.82849620061965e-11
0.394666284322739,6.58678862968763e-22,-1.54703853894045e-11,1.87228607617662e-10
0.395110726356506,-4.0947684472878e-22,5.98892159822673e-12,-3.84805833031354e-11
0.395555168390274,-2.49446981639159e-22,-3.79739832244083e-13,3.82841432167158e-11
0.395999610424042,6.58493625806443e-22,-1.54704079408097e-11,1.87228885173418e-10
0.396444052457809,-4.08586328051869e-22,5.98886652075636e-12,-3.84800420694109e-11
0.396888494491577,-2.49316093837765e-22,-3.79662013633153e-13,3.82833244272351e-11
0.397332936525345,6.57930492716085e-22,-1.54704322269383e-11,1.87229162729174e-10
0.397777378559113,-4.08361357543474e-22,5.98881187696687e-12,-3.84795008356864e-11
0.39822182059288,-2.48067800341343e-22,-3.79584167917169e-13,3.82825091072014e-11
0.398666262626648,6.58385330981374e-22,-1.54704547783435e-11,1.87229454162718e-10
0.399110704660416,-4.10031041602804e-22,5.98875723317738e-12,-3.84789630714089e-11
0.399555146694183,-2.49304305100397e-22,-3.79506322201184e-13,3.82816903177208e-11
0.399999588727951,6.58590409573182e-22,-1.54704773297487e-11,1.87229731718475e-10
0.400444030761719,-4.08379280463241e-22,5.98870258938788e-12,-3.84784218376844e-11
0.400888502597809,-2.48927065504633e-22,-3.794284764852e-13,3.82808715282401e-11
0.401332944631577,6.57697949143e-22,-1.54705016158774e-11,1.87230009274231e-10
0.401777386665344,-4.09204037695093e-22,5.98864751191752e-12,-3.84778806039598e-11
0.402221828699112,-2.48260661055451e-22,-3.79350630769215e-13,3.82800527387595e-11
0.40266627073288,6.58565569920999e-22,-1.54705241672826e-11,1.87230286829987e-10
0.403110712766647,-4.09553055003112e-22,5.98859286812803e-12,-3.84773393702353e-11
0.403555154800415,-2.48790169738585e-22,-3.79272785053231e-13,3.82792339492788e-11
0.403999596834183,6.58519576174781e-22,-1.54705467186877e-11,1.87230564385743e-10
0.40444403886795,-4.09353100851744e-22,5.98853822433854e-12,-3.84768016059578e-11
0.404888480901718,-2.48824728157121e-22,-3.79194939337246e-13,3.82784151597981e-11
0.405332922935486,6.58905751986879e-22,-1.54705710048164e-11,1.87230841941499e-10
0.405777364969254,-4.08877058005323e-22,5.98848358054904e-12,-3.84762603722333e-11
0.406221807003021,-2.49255786999282e-22,-3.79117120726316e-13,3.82775963703175e-11
0.406666249036789,6.58765246393328e-22,-1.54705935562216e-11,1.87231119497255e-10
0.407110691070557,-4.08112254202267e-22,5.98842850307868e-12,-3.84757191385088e-11
0.407555133104324,-2.48874483192135e-22,-3.79039275010332e-13,3.82767775808368e-11
0.407999604940414,6.57597126408426e-22,-1.54706161076268e-11,1.87231397053012e-10
0.408444046974182,-4.08805012916571e-22,5.98837385928919e-12,-3.84751779047843e-11
0.40888848900795,-2.47892029509885e-22,-3.78961429294347e-13,3.82759587913561e-11
0.409332931041718,6.58663161481305e-22,-1.5470638659032e-11,1.87231674608768e-10
0.409777373075485,-4.09106420891238e-22,5.98831921549969e-12,-3.84746401405067e-11
0.410221815109253,-2.4914807277584e-22,-3.78883583578363e-13,3.82751400018755e-11
0.410666257143021,6.58461768447646e-22,-1.54706629451606e-11,1.87231952164524e-10
0.411110699176788,-4.08724662700209e-22,5.9882645717102e-12,-3.84740989067822e-11
0.411555141210556,-2.48560882583317e-22,-3.78805737862378e-13,3.82743212123948e-11
0.411999583244324,6.58256235471956e-22,-1.54706854965658e-11,1.8723222972028e-10
0.412444025278091,-4.09930294598876e-22,5.98820992792071e-12,-3.84735576730577e-11
0.412888467311859,-2.49374154000389e-22,-3.78727892146394e-13,3.82735024229142e-11
0.413332909345627,6.59230686949183e-22,-1.5470708047971e-11,1.87232507276036e-10
0.413777351379395,-4.08139416260956e-22,5.98815485045034e-12,-3.84730164393332e-11
0.414221793413162,-2.49409545456041e-22,-3.78650046430409e-13,3.82726836334335e-11
0.414666265249252,6.57591269905066e-22,-1.54707323340997e-11,1.87232784831792e-10
0.41511070728302,-4.09106976249315e-22,5.98810020666085e-12,-3.84724786750557e-11
0.415555149316788,-2.48318266834194e-22,-3.78572227819479e-13,3.82718648439528e-11
0.415999591350555,6.59038835977033e-22,-1.54707548855049e-11,1.87233062387548e-10
0.416444033384323,-4.08672711476434e-22,5.98804556287136e-12,-3.84719374413311e-11
0.416888475418091,-2.49720470248668e-22,-3.78494382103495e-13,3.82710460544722e-11
0.417332917451859,6.57218069277136e-22,-1.54707774369101e-11,1.87233339943305e-10
0.417777359485626,-4.08422144009387e-22,5.98799091908186e-12,-3.84713962076066e-11
0.418221801519394,-2.47769573053846e-22,-3.7841653638751e-13,3.82702272649915e-11
0.418666243553162,6.58085336645449e-22,-1.54708017230387e-11,1.87233631376849e-10
0.419110685586929,-4.10134944050352e-22,5.9879358416115e-12,-3.84708549738821e-11
0.419555127620697,-2.49100917826369e-22,-3.78338690671526e-13,3.82694084755109e-11
0.419999569654465,6.59074025484293e-22,-1.54708242744439e-11,1.87233908932605e-10
0.420444011688232,-4.08834270189824e-22,5.98788119782201e-12,-3.84703137401576e-11
0.420888453722,-2.49063102990017e-22,-3.78260844955541e-13,3.82685896860302e-11
0.42133292555809,6.58068070057956e-22,-1.54708468258491e-11,1.87234186488361e-10
0.421777367591858,-4.0865203700983e-22,5.98782655403252e-12,-3.84697759758801e-11
0.422221809625626,-2.48022816337084e-22,-3.78183026344611e-13,3.82677708965495e-11
0.422666251659393,6.58500088154978e-22,-1.54708711119778e-11,1.87234464044117e-10
0.423110693693161,-4.09782544106772e-22,5.98777191024302e-12,-3.84692347421556e-11
0.423555135726929,-2.49143074553144e-22,-3.78105180628627e-13,3.82669521070689e-11
0.423999577760696,6.58856880476079e-22,-1.54708936633829e-11,1.87234741599873e-10
0.424444019794464,-4.09137495700016e-22,5.98771683277266e-12,-3.84686935084311e-11
0.424888461828232,-2.49720747927707e-22,-3.78027334912642e-13,3.82661333175882e-11
0.425332903862,6.58250631404086e-22,-1.54709162147881e-11,1.87235019155629e-10
0.425777345895767,-4.09106420891238e-22,5.98766218898317e-12,-3.84681522747066e-11
0.426221787929535,-2.49345224893273e-22,-3.77949489196658e-13,3.82653145281076e-11
0.426666229963303,6.58862585518145e-22,-1.54709405009168e-11,1.87235296711386e-10
0.42711067199707,-4.08430802546683e-22,5.98760754519367e-12,-3.8467614510429e-11
0.427555114030838,-2.49509156500265e-22,-3.77871643480673e-13,3.82644957386269e-11
0.427999585866928,6.57681237913584e-22,-1.5470963052322e-11,1.87235574267142e-10
0.428444027900696,-4.08665315116587e-22,5.98755246772331e-12,-3.84670732767045e-11
0.428888469934464,-2.48249856816494e-22,-3.77793824869743e-13,3.82636769491462e-11
0.429332911968231,6.57901412147675e-22,-1.54709856037272e-11,1.87235851822898e-10
0.429777354001999,-4.08993178330571e-22,5.98749782393382e-12,-3.846653204298e-11
0.430221796035767,-2.49192501422022e-22,-3.77715979153759e-13,3.82628581596656e-11
0.430666238069534,6.57983251733426e-22,-1.54710081551324e-11,1.87236129378654e-10
0.431110680103302,-4.09098166250725e-22,5.98744318014433e-12,-3.84659908092555e-11
0.43155512213707,-2.48603039310092e-22,-3.77638133437774e-13,3.82620393701849e-11
0.431999564170837,6.58740154305655e-22,-1.5471032441261e-11,1.8723640693441e-10
0.432444006204605,-4.09539776896355e-22,5.98738853635483e-12,-3.8465449575531e-11
0.432888448238373,-2.497514693268e-22,-3.7756028772179e-13,3.82612205807042e-11
0.433332890272141,6.58068070057956e-22,-1.54710549926662e-11,1.87236684490166e-10
0.433777332305908,-4.08611899766973e-22,5.98733345888447e-12,-3.84649118112534e-11
0.434221774339676,-2.48681344798988e-22,-3.7748246911086e-13,3.82604017912236e-11
0.434666246175766,6.57616059070151e-22,-1.54710775440714e-11,1.87236962045922e-10
0.435110688209534,-4.09635323729196e-22,5.98727881509498e-12,-3.84643705775289e-11
0.435555130243301,-2.48940621290428e-22,-3.77404623394875e-13,3.82595830017429e-11
0.435999572277069,6.58518112048941e-22,-1.54711018302001e-11,1.87237239601679e-10
0.436444014310837,-4.08977779765701e-22,5.98722417130548e-12,-3.84638293438044e-11
0.436888456344604,-2.49146911572587e-22,-3.77326777678891e-13,3.82587642122623e-11
0.437332898378372,6.58575616853488e-22,-1.54711243816053e-11,1.87237517157435e-10
0.43777734041214,-4.08292265949952e-22,5.98716952751599e-12,-3.84632881100799e-11
0.438221782445908,-2.48915579689853e-22,-3.77248931962906e-13,3.82579454227816e-11
0.438666224479675,6.58254468423529e-22,-1.54711469330104e-11,1.87237794713191e-10
0.439110666513443,-4.08430777303134e-22,5.98711445004563e-12,-3.84627503458024e-11
0.439555108547211,-2.48633584004342e-22,-3.77171113351976e-13,3.82571266333009e-11
0.439999550580978,6.5775686758629e-22,-1.54711712191391e-11,1.87238086146735e-10
0.440443992614746,-4.0928378206628e-22,5.98705980625613e-12,-3.84622091120779e-11
0.440888434648514,-2.4873920301322e-22,-3.77093267635992e-13,3.82563078438203e-11
0.441332906484604,6.58822953146267e-22,-1.54711937705443e-11,1.87238363702491e-10
0.441777348518372,-4.08825788357371e-22,5.98700516246664e-12,-3.84616678783534e-11
0.442221790552139,-2.49063557373898e-22,-3.77015421920007e-13,3.82554890543396e-11
0.442666232585907,6.58130017727121e-22,-1.54712163219495e-11,1.87238641258247e-10
0.443110674619675,-4.09218754684141e-22,5.98695051867715e-12,-3.84611266446289e-11
0.443555116653442,-2.48436229938517e-22,-3.76937576204023e-13,3.8254670264859e-11
0.44399955868721,6.59121382382156e-22,-1.54712406080781e-11,1.87238918814003e-10
0.444444000720978,-4.0897073681554e-22,5.98689544120679e-12,-3.84605854109044e-11
0.444888442754745,-2.49584407519736e-22,-3.76859757593093e-13,3.82538514753783e-11
0.445332884788513,6.57753535437826e-22,-1.54712631594833e-11,1.87239196369759e-10
0.445777326822281,-4.08764497020479e-22,5.98684079741729e-12,-3.84600476466268e-11
0.446221768856049,-2.48186495508586e-22,-3.76781911877108e-13,3.82530326858976e-11
0.446666210889816,6.59235382249291e-22,-1.54712857108885e-11,1.87239473925516e-10
0.447110652923584,-4.08945972894003e-22,5.9867861536278e-12,-3.84595064129023e-11
0.447555094957352,-2.49470205704209e-22,-3.76704066161124e-13,3.8252213896417e-11
0.447999566793442,6.58321111392802e-22,-1.54713099970172e-11,1.87239751481272e-10
0.448444008827209,-4.08769268051233e-22,5.98673150983831e-12,-3.84589651791778e-11
0.448888450860977,-2.48777497477003e-22,-3.76626220445139e-13,3.82513951069363e-11
0.449332892894745,6.5875933940287e-22,-1.54713325484224e-11,1.87240029037028e-10
0.449777334928513,-4.08810844176382e-22,5.98667643236794e-12,-3.84584239454533e-11
0.45022177696228,-2.48943499055011e-22,-3.76548401834209e-13,3.82505763174557e-11
0.450666218996048,6.58515638181142e-22,-1.54713550998276e-11,1.87240306592784e-10
0.451110661029816,-4.08310567522953e-22,5.98662178857845e-12,-3.84578827117288e-11
0.451555103063583,-2.48356939951212e-22,-3.76470556118225e-13,3.82497609974219e-11
0.451999545097351,6.58486961509515e-22,-1.54713776512327e-11,1.8724058414854e-10
0.452443987131119,-4.09678010570499e-22,5.98656714478896e-12,-3.84573449474512e-11
0.452888429164886,-2.48684298294217e-22,-3.7639271040224e-13,3.82489422079413e-11
0.453332871198654,6.59032272654302e-22,-1.54714019373614e-11,1.87240861704296e-10
0.453777313232422,-4.08810086869913e-22,5.98651206731859e-12,-3.84568037137267e-11
0.45422175526619,-2.48964148278066e-22,-3.7631489179131e-13,3.82481234184606e-11
0.454666197299957,6.58407545304465e-22,-1.54714244887666e-11,1.87241139260053e-10
0.455110669136047,-4.08945922406905e-22,5.9864574235291e-12,-3.84562624800022e-11
0.455555111169815,-2.48583828969328e-22,-3.76237046075326e-13,3.824730462898e-11
0.455999553203583,6.59021922799225e-22,-1.54714470401718e-11,1.87241416815809e-10
0.45644399523735,-4.08817104576526e-22,5.98640277973961e-12,-3.84557212462777e-11
0.456888437271118,-2.49443321324559e-22,-3.76159200359341e-13,3.82464858394993e-11
0.457332879304886,6.5936003489409e-22,-1.54714713263004e-11,1.87241694371565e-10
0.457777321338654,-4.07185083892256e-22,5.98634813595011e-12,-3.84551800125532e-11
0.458221763372421,-2.49009485692011e-22,-3.76081354643357e-13,3.82456670500186e-11
0.458666205406189,6.57148649517477e-22,-1.54714938777056e-11,1.87241971927321e-10
0.459110647439957,-4.0809362446313e-22,5.98629305847975e-12,-3.84546422482757e-11
0.459555089473724,-2.4780539364983e-22,-3.76003536032427e-13,3.8244848260538e-11
0.459999531507492,6.58225236393825e-22,-1.54715164291108e-11,1.87242249483077e-10
0.46044397354126,-4.09041544970392e-22,5.98623841469026e-12,-3.84541010145512e-11
0.460888415575027,-2.48868147061344e-22,-3.75925690316442e-13,3.82440294710573e-11
0.461332857608795,6.58419005875696e-22,-1.54715407152395e-11,1.87242527038833e-10
0.461777329444885,-4.08561463156136e-22,5.98618377090077e-12,-3.84535597808267e-11
0.462221771478653,-2.47993685281576e-22,-3.75847844600458e-13,3.82432106815767e-11
0.462666213512421,6.58352211445129e-22,-1.54715632666447e-11,1.8724280459459e-10
0.463110655546188,-4.099773738177e-22,5.98612912711127e-12,-3.84530185471021e-11
0.463555097579956,-2.48400863726415e-22,-3.75770025989527e-13,3.8242391892096e-11
0.463999539613724,6.60337162187508e-22,-1.54715858180499e-11,1.87243096028133e-10
0.464443981647491,-4.08264422315441e-22,5.98607404964091e-12,-3.84524773133776e-11
0.464888423681259,-2.49684599165586e-22,-3.75692180273543e-13,3.82415731026153e-11
0.465332865715027,6.58403809259218e-22,-1.54716101041785e-11,1.8724337358389e-10
0.465777307748795,-4.08791987245304e-22,5.98601940585142e-12,-3.84519395491001e-11
0.466221749782562,-2.49043892649253e-22,-3.75614334557559e-13,3.82407543131347e-11
0.46666619181633,6.59355087158493e-22,-1.54716326555837e-11,1.87243651139646e-10
0.467110633850098,-4.08346034709251e-22,5.98596476206192e-12,-3.84513983153756e-11
0.467555075883865,-2.49927946977629e-22,-3.75536515946628e-13,3.8239935523654e-11
0.467999517917633,6.58445410627915e-22,-1.54716552069889e-11,1.87243928695402e-10
0.468443989753723,-4.07255563880972e-22,5.98590968459156e-12,-3.84508570816511e-11
0.468888431787491,-2.48686343021683e-22,-3.75458670230644e-13,3.82391167341734e-11
0.469332873821259,6.57474190324956e-22,-1.54716777583941e-11,1.87244206251158e-10
0.469777315855026,-4.08757327852572e-22,5.98585504080207e-12,-3.84503158479266e-11
0.470221757888794,-2.48073707331801e-22,-3.75380824514659e-13,3.82382979446927e-11
0.470666199922562,6.58418501004717e-22,-1.54717020445228e-11,1.87244483806914e-10
0.471110641956329,-4.08796354379275e-22,5.98580039701258e-12,-3.84497746142021e-11
0.471555083990097,-2.49119825244546e-22,-3.75303005903729e-13,3.8237479155212e-11
0.471999526023865,6.57943265951862e-22,-1.54717245959279e-11,1.8724476136267e-10
0.472443968057632,-4.08596198279515e-22,5.98574575322308e-12,-3.84492333804776e-11
0.4728884100914,-2.47436509668774e-22,-3.75225160187745e-13,3.82366603657314e-11
0.473332852125168,6.58482821567485e-22,-1.54717471473331e-11,1.87245038918427e-10
0.473777294158936,-4.10402121772619e-22,5.98569067575272e-12,-3.84486956162e-11
0.474221736192703,-2.49336389651134e-22,-3.75147341576815e-13,3.82358415762507e-11
0.474666178226471,6.59567688327894e-22,-1.54717714334618e-11,1.87245316474183e-10
0.475110650062561,-4.08393896478093e-22,5.98563603196323e-12,-3.84481543824755e-11
0.475555092096329,-2.49935318093927e-22,-3.7506949586083e-13,3.823502278677e-11
0.475999534130096,6.5794993024879e-22,-1.5471793984867e-11,1.87245594029939e-10
0.476443976163864,-4.08416060314086e-22,5.98558138817373e-12,-3.8447613148751e-11
0.476888418197632,-2.48662942251791e-22,-3.74991650144846e-13,3.82342039972894e-11
0.4773328602314,6.58713800040533e-22,-1.54718165362722e-11,1.87245871585695e-10
0.477777302265167,-4.08740667110254e-22,5.98552631070337e-12,-3.84470719150265e-11
0.478221744298935,-2.49444558258458e-22,-3.74913831533916e-13,3.82333852078087e-11
0.478666186332703,6.5818600791873e-22,-1.54718408224008e-11,1.87246149141451e-10
0.47911062836647,-4.07726482286953e-22,5.98547166691388e-12,-3.8446530681302e-11
0.479555070400238,-2.48452486784052e-22,-3.74835985817931e-13,3.82325664183281e-11
0.479999512434006,6.57270727320282e-22,-1.5471863373806e-11,1.87246426697207e-10
0.480443954467773,-4.09810513959027e-22,5.98541702312438e-12,-3.84459929170244e-11
0.480888396501541,-2.48269572028237e-22,-3.74758140101947e-13,3.82317476288474e-11
0.481332838535309,6.60117947208278e-22,-1.54718859252112e-11,1.87246704252964e-10
0.481777310371399,-4.07961499727836e-22,5.98536237933489e-12,-3.84454516832999e-11
0.482221752405167,-2.49592031071524e-22,-3.74680321491017e-13,3.82309288393667e-11
0.482666194438934,6.56693558816699e-22,-1.54719084766164e-11,1.8724698180872e-10
0.483110636472702,-4.09448218544252e-22,5.98530730186453e-12,-3.84449104495754e-11
0.48355507850647,-2.47596579012775e-22,-3.74602475775032e-13,3.82301100498861e-11
0.483999520540237,6.59874649883333e-22,-1.54719327627451e-11,1.87247259364476e-10
0.484443962574005,-4.09265783415867e-22,5.98525265807504e-12,-3.84443692158509e-11
0.484888404607773,-2.50408306470923e-22,-3.74524657164102e-13,3.82292912604054e-11
0.485332846641541,6.58096191371505e-22,-1.54719553141502e-11,1.87247536920232e-10
0.485777288675308,-4.07801177948346e-22,5.98519801428554e-12,-3.84438279821264e-11
0.486221730709076,-2.48161150985423e-22,-3.74446811448118e-13,3.82284724709248e-11
0.486666172742844,6.58456972173342e-22,-1.54719778655554e-11,1.87247814475988e-10
0.487110614776611,-4.0970706589536e-22,5.98514293681518e-12,-3.84432867484019e-11
0.487555056810379,-2.49653196190671e-22,-3.74368965732133e-13,3.82276536814441e-11
0.487999498844147,6.59166164438023e-22,-1.54720021516841e-11,1.87248092031744e-10
0.488443970680237,-4.0750757023031e-22,5.98508829302569e-12,-3.84427489841244e-11
0.488888412714005,-2.49618814476978e-22,-3.74291147121203e-13,3.82268348919634e-11
0.489332854747772,6.57317781295556e-22,-1.54720247030893e-11,1.872483695875e-10
0.48977729678154,-4.08985580022332e-22,5.98503364923619e-12,-3.84422077503999e-11
0.490221738815308,-2.48019888085403e-22,-3.74213301405218e-13,3.82260195719297e-11
0.490666180849075,6.59091090123395e-22,-1.54720472544945e-11,1.87248647143257e-10
0.491110622882843,-4.08566789544969e-22,5.9849790054467e-12,-3.84416665166754e-11
0.491555064916611,-2.49555882309403e-22,-3.74135482794288e-13,3.82252007824491e-11
0.491999506950378,6.57735208621276e-22,-1.54720715406231e-11,1.87248938576801e-10
0.492443948984146,-4.08184173073275e-22,5.98492392797634e-12,-3.84411252829508e-11
0.492888391017914,-2.47273234394055e-22,-3.74057637078304e-13,3.82243819929684e-11
0.493332833051682,6.58628476845025e-22,-1.54720940920283e-11,1.87249216132557e-10
0.493777275085449,-4.10475252333977e-22,5.98486928418684e-12,-3.84405840492263e-11
0.494221717119217,-2.49753488810717e-22,-3.73979791362319e-13,3.82235632034877e-11
0.494666159152985,6.59791548120134e-22,-1.54721166434335e-11,1.87249493688313e-10
0.495110601186752,-4.07470891353661e-22,5.98481464039735e-12,-3.84400428155018e-11
0.495555073022842,-2.49484316848081e-22,-3.73901972751389e-13,3.82227444140071e-11
0.49599951505661,6.57528867852019e-22,-1.54721391948387e-11,1.87249771244069e-10
0.496443957090378,-4.08778355728862e-22,5.98475956292699e-12,-3.84395050512243e-11
0.496888399124146,-2.48015470464334e-22,-3.73824127035405e-13,3.82219256245264e-11
0.497332841157913,6.5968532326608e-22,-1.54721634809674e-11,1.87250048799825e-10
0.497777283191681,-4.08598470198922e-22,5.9847049191375e-12,-3.84389638174998e-11
0.498221725225449,-2.50213300055152e-22,-3.73746308424475e-13,3.82211068350458e-11
0.498666167259216,6.58130371136806e-22,-1.54721860323725e-11,1.87250326355581e-10
0.499110609292984,-4.07675237882549e-22,5.984650275348e-12,-3.84384225837753e-11
0.499555051326752,-2.47837528687665e-22,-3.7366846270849e-13,3.82202880455651e-11
0.499999493360519,6.5847413778664e-22,-1.54722085837777e-11,1.87250603911338e-10
0.500443935394287,-4.09616290093275e-22,5.98459519787764e-12,-3.84378813500508e-11
0.500888407230377,-2.49541342025198e-22,-3.7359064409756e-13,3.82194692560844e-11
0.501332819461823,6.59192518703145e-22,-1.54722328699064e-11,1.87250881467094e-10
0.501777291297913,-4.07913335036407e-22,5.98454055408815e-12,-3.84373401163263e-11
0.502221703529358,-2.48921966307742e-22,-3.73512798381576e-13,3.82186504666038e-11
0.502666175365448,6.5793599580976e-22,-1.54722554213116e-11,1.8725115902285e-10
0.503110587596893,-4.09004159274372e-22,5.98448591029865e-12,-3.84367988826018e-11
0.503555059432983,-2.48280754920429e-22,-3.73434952665591e-13,3.82178316771231e-11
0.503999471664429,6.59377049046094e-22,-1.54722779727168e-11,1.87251436578606e-10
0.504443943500519,-4.08780400456328e-22,5.98443126650916e-12,-3.84362611183242e-11
0.504888355731964,-2.5000733793913e-22,-3.73357134054661e-13,3.82170128876425e-11
0.505332827568054,6.58304854547267e-22,-1.54723022588454e-11,1.87251714134362e-10
0.505777299404144,-4.07777196576827e-22,5.9843761890388e-12,-3.84357198845997e-11
0.50622171163559,-2.4830370130644e-22,-3.73279288338677e-13,3.82161940981618e-11
0.50666618347168,6.57901462634773e-22,-1.54723248102506e-11,1.87251991690118e-10
0.507110595703125,-4.09890737957645e-22,5.9843215452493e-12,-3.84351786508752e-11
0.507555067539215,-2.48779971344802e-22,-3.73201469727746e-13,3.82153753086811e-11
0.50799947977066,6.59807098146297e-22,-1.54723473616558e-11,1.87252269245874e-10
0.50844395160675,-4.07822155337538e-22,5.98426690145981e-12,-3.84346374171507e-11
0.508888363838196,-2.49297994213155e-22,-3.73123624011762e-13,3.82145565192005e-11
0.509332835674286,6.57965631736247e-22,-1.5472369913061e-11,1.87252546801631e-10
0.509777247905731,-4.09169252084617e-22,5.98421182398945e-12,-3.84340961834262e-11
0.510221719741821,-2.48659458642033e-22,-3.73045805400832e-13,3.82137377297198e-11
0.510666131973267,6.59526591830175e-22,-1.54723941991897e-11,1.87252824357387e-10
0.511110603809357,-4.086429998193e-22,5.98415718019996e-12,-3.84335549497017e-11
0.511555016040802,-2.50067190393731e-22,-3.72967959684847e-13,3.82129189402391e-11
0.511999487876892,6.58328381534904e-22,-1.54724167505949e-11,1.87253101913143e-10
0.512443959712982,-4.06799715873724e-22,5.98410253641046e-12,-3.84330137159772e-11
0.512888371944427,-2.47889252719499e-22,-3.72890141073917e-13,3.82121001507585e-11
0.513332843780518,6.570698896447e-22,-1.5472439302e-11,1.87253379468899e-10
0.513777256011963,-4.0998615857274e-22,5.9840474589401e-12,-3.84324759516996e-11
0.514221727848053,-2.48259196929611e-22,-3.72812295357933e-13,3.82112813612778e-11
0.514666140079498,6.60190951551891e-22,-1.54724635881287e-11,1.87253657024655e-10
0.515110611915588,-4.08011608172536e-22,5.98399281515061e-12,-3.84319347179751e-11
0.515555024147034,-2.50241497099349e-22,-3.72734476747003e-13,3.82104625717972e-11
0.515999495983124,6.56971035906945e-22,-1.54724861395339e-11,1.87253934580411e-10
0.516443908214569,-4.08297491364588e-22,5.98393817136111e-12,-3.84313934842506e-11
0.516888380050659,-2.46851338960169e-22,-3.72656631031018e-13,3.82096437823165e-11
0.517332792282104,6.59412188066256e-22,-1.54725086909391e-11,1.87254212136168e-10
0.517777264118195,-4.10462075201416e-22,5.98388309389075e-12,-3.84308522505261e-11
0.51822167634964,-2.50987014830993e-22,-3.72578812420088e-13,3.82088249928358e-11
0.51866614818573,6.59339537132329e-22,-1.54725329770677e-11,1.87254489691924e-10
0.51911062002182,-4.06030469206051e-22,5.98382845010126e-12,-3.84303110168016e-11
0.519555032253265,-2.48612404666759e-22,-3.72500966704103e-13,3.82080062033552e-11
0.519999504089355,6.56971793213414e-22,-1.54725555284729e-11,1.8725476724768e-10
0.520443916320801,-4.09531244576804e-22,5.98377380631177e-12,-3.84297697830771e-11
0.520888388156891,-2.4820522622192e-22,-3.72423148093173e-13,3.82071874138745e-11
0.521332800388336,6.60275466953832e-22,-1.54725780798781e-11,1.87255044803436e-10
0.521777272224426,-4.07784189039891e-22,5.9837187288414e-12,-3.84292285493526e-11
0.522221684455872,-2.50246646783338e-22,-3.72345302377189e-13,3.82063686243939e-11
0.522666156291962,6.57145317369013e-22,-1.54726006312833e-11,1.87255322359192e-10
0.523110568523407,-4.07414093368485e-22,5.98366408505191e-12,-3.8428690785075e-11
0.523555040359497,-2.47091480841492e-22,-3.72267483766259e-13,3.82055533043602e-11
0.523999452590942,6.5859364074745e-22,-1.5472624917412e-11,1.87255599914948e-10
0.524443924427032,-4.10010947737826e-22,5.98360944126242e-12,-3.84281495513505e-11
0.524888336658478,-2.49748212908983e-22,-3.72189638050274e-13,3.82047345148795e-11
0.525332808494568,6.59547190566132e-22,-1.54726474688172e-11,1.87255891348492e-10
0.525777280330658,-4.07532637074434e-22,5.98355479747292e-12,-3.8427608317626e-11
0.526221692562103,-2.49782569379127e-22,-3.72111819439344e-13,3.82039157253988e-11
0.526666164398193,6.5757748692733e-22,-1.54726700202223e-11,1.87256168904248e-10
0.527110576629639,-4.08234559197013e-22,5.98349972000256e-12,-3.84270670839015e-11
0.527555048465729,-2.48093902170975e-22,-3.7203397372336e-13,3.82030969359182e-11
0.527999460697174,6.58443744553684e-22,-1.5472694306351e-11,1.87256446460005e-10
0.528443932533264,-4.0945755865737e-22,5.98344507621307e-12,-3.8426525850177e-11
0.528888344764709,-2.49530234863652e-22,-3.7195615511243e-13,3.82022781464375e-11
0.5293328166008,6.58964266533385e-22,-1.54727168577562e-11,1.87256724015761e-10
0.529777228832245,-4.07545435553761e-22,5.98339043242357e-12,-3.84259846164525e-11
0.530221700668335,-2.49059493162514e-22,-3.71878309396445e-13,3.82014593569568e-11
0.53066611289978,6.57718951775741e-22,-1.54727394091614e-11,1.87257001571517e-10
0.53111058473587,-4.08717215853263e-22,5.98333535495321e-12,-3.8425443382728e-11
0.531554996967316,-2.48051139599025e-22,-3.71800490785515e-13,3.82006405674762e-11
0.531999468803406,6.59036564057626e-22,-1.54727619605666e-11,1.87257279127273e-10
0.532443940639496,-4.09263561983558e-22,5.98328071116372e-12,-3.84249056184505e-11
0.532888352870941,-2.4969305575449e-22,-3.7172264506953e-13,3.81998217779955e-11
0.533332824707031,6.58587834731188e-22,-1.54727862466952e-11,1.87257556683029e-10
0.533777236938477,-4.07934640591735e-22,5.98322606737423e-12,-3.8424364384726e-11
0.534221708774567,-2.48577770517576e-22,-3.716448264586e-13,3.81990029885149e-11
0.534666121006012,6.58055801693158e-22,-1.54728087981004e-11,1.87257834238785e-10
0.535110592842102,-4.09584155055439e-22,5.98317098990386e-12,-3.84238231510015e-11
0.535555005073547,-2.49143554180575e-22,-3.7156700784767e-13,3.81981841990342e-11
0.535999476909637,6.59514424439573e-22,-1.54728313495056e-11,1.87258111794542e-10
0.536443889141083,-4.07552680452314e-22,5.98311634611437e-12,-3.8423281917277e-11
0.536888360977173,-2.4977199233211e-22,-3.71489162131686e-13,3.81973654095535e-11
0.537332773208618,6.57871523785698e-22,-1.54728556356343e-11,1.87258389350298e-10
0.537777245044708,-4.08938929943841e-22,5.98306170232488e-12,-3.84227406835524e-11
0.538221657276154,-2.48578376362751e-22,-3.71411343520756e-13,3.81965466200729e-11
0.538666129112244,6.59516544897686e-22,-1.54728781870395e-11,1.87258666906054e-10
0.539110600948334,-4.08405861920303e-22,5.98300662485451e-12,-3.84221994498279e-11
0.539555013179779,-2.50387833952711e-22,-3.71333497804771e-13,3.81957278305922e-11
0.539999485015869,6.57748587702228e-22,-1.54729007384447e-11,1.8725894446181e-10
0.540443897247314,-4.07539982947184e-22,5.98295198106502e-12,-3.84216582161034e-11
0.540888369083405,-2.47754856064798e-22,-3.71255679193841e-13,3.81949090411116e-11
0.54133278131485,6.58670027726624e-22,-1.54729232898498e-11,1.87259222017566e-10
0.54177725315094,-4.09231452189272e-22,5.98289733727553e-12,-3.84211169823789e-11
0.542221665382385,-2.49221506259785e-22,-3.71177833477856e-13,3.81940902516309e-11
0.542666137218475,6.58640795696921e-22,-1.54729475759785e-11,1.87259499573322e-10
0.543110549449921,-4.08134998639887e-22,5.98284225980517e-12,-3.84205792181014e-11
0.543555021286011,-2.48822481481263e-22,-3.71100014866926e-13,3.81932714621502e-11
0.543999433517456,6.57964571507191e-22,-1.54729701273837e-11,1.87259777129078e-10
0.544443905353546,-4.08953318766752e-22,5.98278761601567e-12,-3.84200379843769e-11
0.544888317584991,-2.48972200970186e-22,-3.71022196255996e-13,3.81924526726696e-11
0.545332789421082,6.59186510738491e-22,-1.54729926787889e-11,1.87260054684835e-10
0.545777261257172,-4.08882308663508e-22,5.98273297222618e-12,-3.84194967506524e-11
0.546221673488617,-2.50066559305007e-22,-3.70944350540012e-13,3.81916338831889e-11
0.546666145324707,6.5807725870978e-22,-1.54730169649175e-11,1.87260332240591e-10
0.547110557556152,-4.07424695659051e-22,5.98267789475582e-12,-3.84189555169279e-11
0.547555029392242,-2.48654965290317e-22,-3.70866531929082e-13,3.81908150937083e-11
0.547999441623688,6.57841534449525e-22,-1.54730395163227e-11,1.87260609796347e-10
0.548443913459778,-4.08990653975675e-22,5.98262325096632e-12,-3.84184142832034e-11
0.548888325691223,-2.48335104281355e-22,-3.70788686213097e-13,3.81899963042276e-11
0.549332797527313,6.59322775415815e-22,-1.54730620677279e-11,1.87260887352103e-10
0.549777209758759,-4.08828918557443e-22,5.98256860717683e-12,-3.84178730494789e-11
0.550221681594849,-2.49571710014605e-22,-3.70710867602167e-13,3.81891775147469e-11
0.550666093826294,6.58270018449692e-22,-1.54730846191331e-11,1.87261164907859e-10
0.551110565662384,-4.08278255780275e-22,5.98251352970647e-12,-3.84173318157544e-11
0.551554977893829,-2.48257152202145e-22,-3.70633048991237e-13,3.81883621947132e-11
0.551999449729919,6.58891918522045e-22,-1.54731089052618e-11,1.87261442463615e-10
0.55244392156601,-4.09413584395069e-22,5.98245888591697e-12,-3.84167905820298e-11
0.552888333797455,-2.49749071189648e-22,-3.70555203275252e-13,3.81875434052326e-11
0.553332805633545,6.59560771595477e-22,-1.5473131456667e-11,1.87261720019372e-10
0.55377721786499,-4.0749217166544e-22,5.98240424212748e-12,-3.84162528177523e-11
0.55422168970108,-2.49383292165115e-22,-3.70477384664322e-13,3.81867246157519e-11
0.554666101932526,6.58112549191236e-22,-1.54731540080721e-11,1.87261997575128e-10
0.555110573768616,-4.08019509403362e-22,5.98234916465712e-12,-3.84157115840278e-11
0.555554986000061,-2.48448220624277e-22,-3.70399538948338e-13,3.81859058262712e-11
0.555999457836151,6.58599850660496e-22,-1.54731782942008e-11,1.87262275130884e-10
0.556443870067596,-4.08429616099881e-22,5.98229452086763e-12,-3.84151703503033e-11
0.556888341903687,-2.49175563000665e-22,-3.70321720337408e-13,3.81850870367906e-11
0.557332754135132,6.58840573143446e-22,-1.5473200845606e-11,1.8726255268664e-10
0.557777225971222,-4.07992953189849e-22,5.98223987707813e-12,-3.84146291165788e-11
0.558221638202667,-2.49293551348537e-22,-3.70243901726477e-13,3.81842682473099e-11
0.558666110038757,6.5874101258632e-22,-1.54732233970112e-11,1.87262830242396e-10
0.559110522270203,-4.08168294880974e-22,5.98218479960777e-12,-3.84140878828543e-11
0.559554994106293,-2.48442742774151e-22,-3.70166056010493e-13,3.81834494578293e-11
0.559999465942383,6.5870557064357e-22,-1.54732459484164e-11,1.87263107798152e-10
0.560443878173828,-4.08644590162885e-22,5.98213015581828e-12,-3.84135466491298e-11
0.560888350009918,-2.49181040850791e-22,-3.70088237399563e-13,3.81826306683486e-11
0.561332762241364,6.58836988559493e-22,-1.5473270234545e-11,1.87263385353909e-10
0.561777234077454,-4.08055405729994e-22,5.98207551202878e-12,-3.84130054154053e-11
0.562221646308899,-2.48843938497885e-22,-3.70010418788633e-13,3.81818118788679e-11
0.562666118144989,6.5841622908531e-22,-1.54732927859502e-11,1.87263662909665e-10
0.563110530376434,-4.09226151043988e-22,5.98202043455842e-12,-3.84124641816808e-11
0.563555002212524,-2.49040459526593e-22,-3.69932573072648e-13,3.81809930893873e-11
0.56399941444397,6.59611915025684e-22,-1.54733153373554e-11,1.87263940465421e-10
0.56444388628006,-4.08325082563609e-22,5.98196579076893e-12,-3.84119229479563e-11
0.564888298511505,-2.49725973342343e-22,-3.69854754461718e-13,3.81801742999066e-11
0.565332770347595,6.58031567886149e-22,-1.54733396234841e-11,1.87264218021177e-10
0.565777182579041,-4.08138633710938e-22,5.98191114697944e-12,-3.84113851836787e-11
0.566221654415131,-2.48731932871118e-22,-3.69776935850788e-13,3.81793555104259e-11
0.566666126251221,6.58507509758374e-22,-1.54733621748893e-11,1.87264495576933e-10
0.567110538482666,-4.08841565575475e-22,5.98185606950907e-12,-3.84108439499542e-11
0.567555010318756,-2.49331391428439e-22,-3.69699090134804e-13,3.81785367209453e-11
0.567999422550201,6.59254870269094e-22,-1.54733847262944e-11,1.87264773132689e-10
0.568443894386292,-4.0784800473168e-22,5.98180142571958e-12,-3.84103027162297e-11
0.568888306617737,-2.4897820893484e-22,-3.69621271523873e-13,3.81777179314646e-11
0.569332778453827,6.57578597643484e-22,-1.54734072776996e-11,1.87265050688445e-10
0.569777190685272,-4.08890866226608e-22,5.98174678193009e-12,-3.84097614825052e-11
0.570221662521362,-2.48670187150344e-22,-3.69543425807889e-13,3.8176899141984e-11
0.570666074752808,6.59388610591521e-22,-1.54734315638283e-11,1.87265342121989e-10
0.571110546588898,-4.08076787015969e-22,5.98169170445972e-12,-3.84092202487807e-11
0.571554958820343,-2.49637393729018e-22,-3.69465607196959e-13,3.81760803525033e-11
0.571999430656433,6.58494383112912e-22,-1.54734541152335e-11,1.87265619677746e-10
0.572443842887878,-4.07525796072664e-22,5.98163706067023e-12,-3.84086790150562e-11
0.572888314723969,-2.48011229548108e-22,-3.69387788586029e-13,3.81752615630226e-11
0.573332786560059,6.59037068928606e-22,-1.54734766666387e-11,1.87265897233502e-10
0.573777198791504,-4.0857115667894e-22,5.98158241688074e-12,-3.84081377813317e-11
0.574221670627594,-2.48795748562906e-22,-3.69309969975098e-13,3.8174442773542e-11
0.574666082859039,6.59433089724801e-22,-1.54735009527673e-11,1.87266174789258e-10
0.575110554695129,-4.08537582758814e-22,5.98152733941038e-12,-3.84075965476072e-11
0.575554966926575,-2.49217845945185e-22,-3.69232124259114e-13,3.81736274535083e-11
0.575999438762665,6.59435412131306e-22,-1.54735235041725e-11,1.87266452345014e-10
0.57644385099411,-4.07559344749242e-22,5.98147269562088e-12,-3.84070553138827e-11
0.5768883228302,-2.49357695206462e-22,-3.69154305648184e-13,3.81728086640276e-11
0.577332735061646,6.5809240483916e-22,-1.54735460555777e-11,1.8726672990077e-10
0.577777206897736,-4.07986440354216e-22,5.98141761815052e-12,-3.84065140801582e-11
0.578221619129181,-2.48244883837347e-22,-3.69076487037254e-13,3.8171989874547e-11
0.578666090965271,6.5955067417589e-22,-1.54735686069829e-11,1.87267007456526e-10
0.579110503196716,-4.07901192889354e-22,5.98136297436103e-12,-3.84059728464337e-11
0.579554975032806,-2.4949388415314e-22,-3.68998641321269e-13,3.81711710850663e-11
0.579999446868896,6.58516799384394e-22,-1.54735928931116e-11,1.87267285012283e-10
0.580443859100342,-4.07304460635321e-22,5.98130833057153e-12,-3.84054350821561e-11
0.580888330936432,-2.4811747964571e-22,-3.68920822710339e-13,3.81703522955856e-11
0.581332743167877,6.58480398186784e-22,-1.54736154445168e-11,1.87267562568039e-10
0.581777215003967,-4.09223020843917e-22,5.98125325310117e-12,-3.84048938484316e-11
0.582221627235413,-2.48618766041098e-22,-3.68843004099409e-13,3.8169533506105e-11
0.582666099071503,6.60002180292715e-22,-1.54736379959219e-11,1.87267840123795e-10
0.583110511302948,-4.07973036029714e-22,5.98119860931168e-12,-3.84043526147071e-11
0.583554983139038,-2.49600967287858e-22,-3.68765158383424e-13,3.81687147166243e-11
0.583999395370483,6.57834617717108e-22,-1.54736622820506e-11,1.87268117679551e-10
0.584443867206573,-4.08121064200857e-22,5.98114396552218e-12,-3.84038113809826e-11
0.584888279438019,-2.476692804338e-22,-3.68687339772494e-13,3.81678959271436e-11
0.585332751274109,6.59274812672778e-22,-1.54736848334558e-11,1.87268395235307e-10
0.585777163505554,-4.09882104663898e-22,5.98108888805182e-12,-3.84032701472581e-11
0.586221635341644,-2.50027305586363e-22,-3.68609521161564e-13,3.8167077137663e-11
0.586666107177734,6.59820376253054e-22,-1.5473707384861e-11,1.87268672791063e-10
0.58711051940918,-4.07086331128697e-22,5.98103424426233e-12,-3.84027289135336e-11
0.58755499124527,-2.49575446059852e-22,-3.68531702550634e-13,3.81662583481823e-11
0.587999403476715,6.58333733167285e-22,-1.54737299362662e-11,1.87268950346819e-10
0.588443875312805,-4.08032636048825e-22,5.98097960047284e-12,-3.84021876798091e-11
0.58888828754425,-2.49013600390492e-22,-3.6845385683465e-13,3.81654395587017e-11
0.589332759380341,6.58660283716723e-22,-1.54737542223948e-11,1.87269227902576e-10
0.589777171611786,-4.08310365574561e-22,5.98092452300247e-12,-3.84016464460846e-11
0.590221643447876,-2.49384983482896e-22,-3.68376038223719e-13,3.8164620769221e-11
0.590666055679321,6.58703702620947e-22,-1.54737767738e-11,1.87269505458332e-10
0.591110527515411,-4.07517642406348e-22,5.98086987921298e-12,-3.84011052123601e-11
0.591554939746857,-2.48462230793953e-22,-3.68298219612789e-13,3.81638019797403e-11
0.591999411582947,6.58369377058427e-22,-1.54737993252052e-11,1.87269783014088e-10
0.592443823814392,-4.0823683111642e-22,5.98081523542349e-12,-3.84005639786356e-11
0.592888295650482,-2.48698687117128e-22,-3.68220373896805e-13,3.81629831902597e-11
0.593332767486572,6.58702945314478e-22,-1.54738236113339e-11,1.87270060569844e-10
0.593777179718018,-4.07882840829255e-22,5.98076015795312e-12,-3.84000227449111e-11
0.594221651554108,-2.48233852406448e-22,-3.68142555285875e-13,3.8162164400779e-11
0.594666063785553,6.58660283716723e-22,-1.54738461627391e-11,1.872703381256e-10
0.595110535621643,-4.09223803393934e-22,5.98070551416363e-12,-3.83994815111866e-11
0.595554947853088,-2.48743873069779e-22,-3.68064736674945e-13,3.81613456112984e-11
0.595999419689178,6.5956142792775e-22,-1.54738687141442e-11,1.87270615681356e-10
0.596443831920624,-4.08737865076318e-22,5.98065043669327e-12,-3.8398943746909e-11
0.596888303756714,-2.49543184804272e-22,-3.67986918064014e-13,3.81605268218177e-11
0.597332715988159,6.5961055187404e-22,-1.54738912655494e-11,1.87270893237113e-10
0.597777187824249,-4.07716233406072e-22,5.98059579290378e-12,-3.83984025131845e-11
0.598221600055695,-2.50143552129356e-22,-3.6790907234803e-13,3.8159708032337e-11
0.598666071891785,6.587317229603e-22,-1.54739155516781e-11,1.87271170792869e-10
0.59911048412323,-4.07099382043513e-22,5.98054114911428e-12,-3.839786127946e-11
0.59955495595932,-2.48848356118954e-22,-3.678312537371e-13,3.81588927123033e-11
0.59999942779541,6.58390127255678e-22,-1.54739381030833e-11,1.87271448348625e-10
0.600443840026855,-4.08153148751594e-22,5.98048607164392e-12,-3.83973200457355e-11
0.600888311862946,-2.49150142746855e-22,-3.6775343512617e-13,3.81580739228227e-11
0.601332724094391,6.58376899636019e-22,-1.54739606544885e-11,1.87271725904381e-10
0.601777195930481,-4.07303223701422e-22,5.98043142785443e-12,-3.8396778812011e-11
0.602221608161926,-2.48065831344524e-22,-3.6767561651524e-13,3.8157255133342e-11
0.602666079998016,6.57911509567262e-22,-1.54739832058937e-11,1.87272003460137e-10
0.603110492229462,-4.09021829758649e-22,5.98037678406493e-12,-3.83962375782865e-11
0.603554964065552,-2.48415454497718e-22,-3.67597770799255e-13,3.81564363438613e-11
0.603999376296997,6.59601413709314e-22,-1.54740074920223e-11,1.87272281015893e-10
0.604443848133087,-4.08194573415449e-22,5.98032170659457e-12,-3.8395696344562e-11
0.604888260364532,-2.49387381620048e-22,-3.67519952188325e-13,3.81556175543807e-11
0.605332732200623,6.58322827954131e-22,-1.54740300434275e-11,1.87272558571649e-10
0.605777144432068,-4.08264397071892e-22,5.98026706280508e-12,-3.83951551108375e-11
0.606221616268158,-2.48082744522331e-22,-3.67442133577395e-13,3.81547987649e-11
0.606666088104248,6.59580713999161e-22,-1.54740525948327e-11,1.87272836127406e-10
0.607110500335693,-4.09280046021033e-22,5.98021241901558e-12,-3.8394613877113e-11
0.607554972171783,-2.5044993308317e-22,-3.67364314966465e-13,3.81539799754194e-11
0.607999384403229,6.58935690835954e-22,-1.54740768809614e-11,1.87273113683162e-10
0.608443856239319,-4.07091102159451e-22,5.98015734154522e-12,-3.83940726433885e-11
0.608888268470764,-2.49496307533841e-22,-3.67286496355534e-13,3.81531611859387e-11
0.609332740306854,6.57985776088323e-22,-1.54740994323666e-11,1.87273391238918e-10
0.6097771525383,-4.08138734685134e-22,5.98010269775573e-12,-3.8393531409664e-11
0.61022162437439,-2.48633785952734e-22,-3.6720865063955e-13,3.8152342396458e-11
0.610666036605835,6.59407644227442e-22,-1.54741219837717e-11,1.87273668794674e-10
0.611110508441925,-4.07954860674458e-22,5.98004762028537e-12,-3.83929901759394e-11
0.61155492067337,-2.49560501878864e-22,-3.6713083202862e-13,3.81515236069774e-11
0.61199939250946,6.57894343953964e-22,-1.54741445351769e-11,1.8727394635043e-10
0.612443804740906,-4.07823468002084e-22,5.97999297649587e-12,-3.83924489422149e-11
0.612888276576996,-2.47857142925213e-22,-3.6705301341769e-13,3.81507048174967e-11
0.613332748413086,6.59006675695649e-22,-1.54741688213056e-11,1.87274223906186e-10
0.613777160644531,-4.09177632942874e-22,5.97993833270638e-12,-3.83919077084904e-11
0.614221632480621,-2.49780373190367e-22,-3.6697519480676e-13,3.81498860280161e-11
0.614666044712067,6.58838654633725e-22,-1.54741913727108e-11,1.87274501461943e-10
0.615110516548157,-4.07965740644063e-22,5.97988325523602e-12,-3.83913699442129e-11
0.615554928779602,-2.49068833275632e-22,-3.66897376195829e-13,3.81490672385354e-11
0.615999400615692,6.58772466048333e-22,-1.5474213924116e-11,1.87274779017699e-10
0.616443812847137,-4.08702271672275e-22,5.97982861144652e-12,-3.83908287104884e-11
0.616888284683228,-2.49547198528558e-22,-3.66819530479845e-13,3.81482484490547e-11
0.617332696914673,6.59069027261598e-22,-1.54742382102446e-11,1.87275056573455e-10
0.617777168750763,-4.08238017563221e-22,5.97977396765703e-12,-3.83902874767639e-11
0.618221580982208,-2.50174324015547e-22,-3.66741711868915e-13,3.81474296595741e-11
0.618666052818298,6.58186512789709e-22,-1.54742607616498e-11,1.87275334129211e-10
0.619110465049744,-4.0741886439924e-22,5.97971889018667e-12,-3.83897462430394e-11
0.619554936885834,-2.4840659401203e-22,-3.66663893257985e-13,3.81466108700934e-11
0.619999408721924,6.57960835461944e-22,-1.5474283313055e-11,1.87275611684967e-10
0.620443820953369,-4.09251596541347e-22,5.97966424639718e-12,-3.83892050093149e-11
0.620888292789459,-2.49189977067125e-22,-3.66586074647055e-13,3.81457955500597e-11
0.621332705020905,6.59451467028449e-22,-1.54743058644602e-11,1.87275889240723e-10
0.621777176856995,-4.08004060351395e-22,5.97960916892681e-12,-3.83886637755904e-11
0.62222158908844,-2.50198583066105e-22,-3.66508256036124e-13,3.8144976760579e-11
0.62266606092453,6.57832446771897e-22,-1.54743301505889e-11,1.8727616679648e-10
0.623110473155975,-4.08218150890184e-22,5.97955452513732e-12,-3.83881225418659e-11
0.623554944992065,-2.48642343515834e-22,-3.6643041032014e-13,3.81441579710984e-11
0.623999357223511,6.58840573143446e-22,-1.5474352701994e-11,1.87276444352236e-10
0.624443829059601,-4.09016023742387e-22,5.97949988134783e-12,-3.83875813081413e-11
0.624888241291046,-2.49940593995661e-22,-3.6635259170921e-13,3.81433391816177e-11
0.625332713127136,6.58943162926448e-22,-1.54743752533992e-11,1.87276721907992e-10
0.625777125358582,-4.07227922194853e-22,5.97944480387747e-12,-3.83870400744168e-11
0.626221597194672,-2.49052626917195e-22,-3.6627477309828e-13,3.81425203921371e-11
0.626666069030762,6.58052015160813e-22,-1.54743978048044e-11,1.87276999463748e-10
0.627110481262207,-4.09097383700707e-22,5.97939016008797e-12,-3.83864988406923e-11
0.627554953098297,-2.49497973608072e-22,-3.66196954487349e-13,3.81417016026564e-11
0.627999365329742,6.59395678785232e-22,-1.54744220909331e-11,1.87277277019504e-10
0.628443837165833,-4.08023169717963e-22,5.97933551629848e-12,-3.83859576069678e-11
0.628888249397278,-2.50346939403384e-22,-3.66119135876419e-13,3.81408828131757e-11
0.629332721233368,6.57861880749993e-22,-1.54744446423383e-11,1.8727755457526e-10
0.629777133464813,-4.08146257262726e-22,5.97928043882812e-12,-3.83854163732433e-11
0.630221605300903,-2.48400888969964e-22,-3.66041317265489e-13,3.81400640236951e-11
0.630666017532349,6.59006978618237e-22,-1.54744671937435e-11,1.87277832131016e-10
0.631110489368439,-4.08435901743574e-22,5.97922579503862e-12,-3.83848751395188e-11
0.631554901599884,-2.49844315099901e-22,-3.65963498654559e-13,3.81392452342144e-11
0.631999373435974,6.58466514234852e-22,-1.54744897451486e-11,1.87278109686773e-10
0.632443785667419,-4.07718379107734e-22,5.97917071756826e-12,-3.83843339057943e-11
0.63288825750351,-2.48798045725862e-22,-3.65885652938575e-13,3.81384264447338e-11
0.6333327293396,6.57949879761692e-22,-1.54745140312773e-11,1.87278387242529e-10
0.633777141571045,-4.09646430890741e-22,5.97911607377877e-12,-3.83837926720698e-11
0.634221613407135,-2.49423959522501e-22,-3.65807834327644e-13,3.81376076552531e-11
0.63466602563858,6.6018852817119e-22,-1.54745365826825e-11,1.87278664798285e-10
0.63511049747467,-4.06960012409665e-22,5.97906142998927e-12,-3.83832514383453e-11
0.635554909706116,-2.49838938223971e-22,-3.65730015716714e-13,3.81367888657724e-11
0.635999381542206,6.57079229757817e-22,-1.54745591340877e-11,1.87278942354041e-10
0.636443793773651,-4.08286358959493e-22,5.97900635251891e-12,-3.83827102046208e-11
0.636888265609741,-2.47705176760431e-22,-3.65652197105784e-13,3.81359700762918e-11
0.637332677841187,6.596774977659e-22,-1.54745834202163e-11,1.87279219909797e-10
0.637777149677277,-4.09284463642102e-22,5.97895170872942e-12,-3.83821689708963e-11
0.638221561908722,-2.50668946114008e-22,-3.65574378494854e-13,3.81351512868111e-11
0.638666033744812,6.58979362175667e-22,-1.54746059716215e-11,1.87279497465553e-10
0.639110445976257,-4.0713146659425e-22,5.97889663125906e-12,-3.83816277371718e-11
0.639554917812347,-2.4885431359651e-22,-3.65496559883924e-13,3.81343324973304e-11
0.639999389648438,6.58038181695979e-22,-1.54746285230267e-11,1.8727977502131e-10
0.640443801879883,-4.09087160063376e-22,5.97884198746956e-12,-3.83810865034473e-11
0.640888273715973,-2.48871100556573e-22,-3.65418741272994e-13,3.81335171772967e-11
0.641332685947418,6.59804573791401e-22,-1.54746510744319e-11,1.87280052577066e-10
0.641777157783508,-4.07800193449936e-22,5.97878734368007e-12,-3.83805487391697e-11
0.642221570014954,-2.50365493411875e-22,-3.65340922662064e-13,3.81326983878161e-11
0.642666041851044,6.5780230597443e-22,-1.54746753605606e-11,1.87280330132822e-10
0.643110454082489,-4.07409196119985e-22,5.97873226620971e-12,-3.83800075054452e-11
0.643554925918579,-2.48116570877947e-22,-3.65263076946079e-13,3.81318795983354e-11
0.643999338150024,6.59266280353227e-22,-1.54746979119658e-11,1.87280607688578e-10
0.644443809986115,-4.08410304784922e-22,5.97867762242021e-12,-3.83794662717207e-11
0.64488822221756,-2.49601699350778e-22,-3.65185258335149e-13,3.81310608088548e-11
0.64533269405365,6.58950332094355e-22,-1.5474720463371e-11,1.87280885244334e-10
0.645777106285095,-4.07269599294198e-22,5.97862297863072e-12,-3.83789250379962e-11
0.646221578121185,-2.48593472005033e-22,-3.65107439724219e-13,3.81302420193741e-11
0.646665990352631,6.5798511975605e-22,-1.54747430147761e-11,1.8728116280009e-10
0.647110462188721,-4.08699090985105e-22,5.97856790116036e-12,-3.83783838042717e-11
0.647554934024811,-2.49177052370054e-22,-3.65029621113289e-13,3.81294232298934e-11
0.647999346256256,6.59392397123866e-22,-1.54747673009048e-11,1.87281440355846e-10
0.648443818092346,-4.07660495649953e-22,5.97851325737087e-12,-3.83778425705472e-11
0.648888230323792,-2.49352217356337e-22,-3.64951802502358e-13,3.81286044404128e-11
0.649332702159882,6.5827446131431e-22,-1.547478985231e-11,1.87281717911603e-10
0.649777114391327,-4.08349795998048e-22,5.9784581799005e-12,-3.83773013368227e-11
0.650221586227417,-2.48624243891224e-22,-3.64873983891428e-13,3.81277856509321e-11
0.650665998458862,6.59367002113605e-22,-1.54748124037152e-11,1.87281995467359e-10
0.651110470294952,-4.0801933269852e-22,5.97840353611101e-12,-3.83767601030982e-11
0.651554882526398,-2.49573477063033e-22,-3.64796165280498e-13,3.81269668614515e-11
0.651999354362488,6.58968860859297e-22,-1.54748366898438e-11,1.87282273023115e-10
0.652443766593933,-4.07184831456766e-22,5.97834889232152e-12,-3.83762188693737e-11
0.652888238430023,-2.48964930828084e-22,-3.64718346669568e-13,3.81261480719708e-11
0.653332650661469,6.58050652009168e-22,-1.5474859241249e-11,1.87282550578871e-10
0.653777122497559,-4.08713833217702e-22,5.97829381485115e-12,-3.83756776356492e-11
0.654221594333649,-2.49074336369307e-22,-3.64640528058638e-13,3.81253292824901e-11
0.654666006565094,6.59516141000903e-22,-1.54748817926542e-11,1.87282828134627e-10
0.655110478401184,-4.07754856035992e-22,5.97823917106166e-12,-3.83751364019247e-11
0.655554890632629,-2.49797261124626e-22,-3.64562709447708e-13,3.81245104930095e-11
0.655999362468719,6.5829132400502e-22,-1.54749043440594e-11,1.87283105690383e-10
0.656443774700165,-4.07633560783205e-22,5.9781840935913e-12,-3.83745951682002e-11
0.656888246536255,-2.48567698341538e-22,-3.64484890836778e-13,3.81236917035288e-11
0.6573326587677,6.59131732237232e-22,-1.54749286301881e-11,1.8728338324614e-10
0.65777713060379,-4.08108265721531e-22,5.97812944980181e-12,-3.83740539344757e-11
0.658221542835236,-2.49244806055482e-22,-3.64407072225847e-13,3.81228729140481e-11
0.658666014671326,6.59159803063684e-22,-1.54749511815933e-11,1.87283660801896e-10
0.659110426902771,-4.07287168804279e-22,5.97807480601231e-12,-3.83735127007512e-11
0.659554898738861,-2.49000271796638e-22,-3.64329253614917e-13,3.81220575940144e-11
0.659999310970306,6.58265626072172e-22,-1.54749737329984e-11,1.87283938357652e-10
0.660443782806396,-4.0814469216269e-22,5.97801972854195e-12,-3.83729714670267e-11
0.660888254642487,-2.48410784441159e-22,-3.64251435003987e-13,3.81212388045338e-11
0.661332666873932,6.59725864405721e-22,-1.54749962844036e-11,1.87284215913408e-10
0.661777138710022,-4.07772854686405e-22,5.97796508475246e-12,-3.83724302333022e-11
0.662221550941467,-2.49863777876154e-22,-3.64173616393057e-13,3.81204200150531e-11
0.662666022777557,6.58155261276088e-22,-1.54750205705323e-11,1.87284493469164e-10
0.663110435009003,-4.07329249800407e-22,5.97791000728209e-12,-3.83718889995777e-11
0.663554906845093,-2.47890186730811e-22,-3.64095797782127e-13,3.81196012255725e-11
0.663999319076538,6.59147029827906e-22,-1.54750431219375e-11,1.8728477102492e-10
0.664443790912628,-4.0839886945724e-22,5.9778553634926e-12,-3.83713477658532e-11
0.664888203144073,-2.49471821291343e-22,-3.64017952066142e-13,3.81187824360918e-11
0.665332674980164,6.58868997379583e-22,-1.54750656733427e-11,1.87285048580677e-10
0.665777087211609,-4.07217168442993e-22,5.97780028602224e-12,-3.83708065321287e-11
0.666221559047699,-2.47928986065573e-22,-3.63940133455212e-13,3.81179636466111e-11
0.666665971279144,6.588514783566e-22,-1.54750882247479e-11,1.87285326136433e-10
0.666666984558105,6.5847853016416e-22,-1.54460680357182e-11,1.86935772417129e-10
