Time,U1,U2,U3
0.0,0.0,0.0,0.0
0.0333333015441895,5.67146628850695e-20,-9.15361368925005e-08,-1.30760284378084e-07
0.0666666030883789,5.37532774514775e-19,-7.70563630680954e-08,-1.1009746003765e-07
0.0999998971819878,4.31657255636122e-20,1.44076022223771e-08,2.06039896255561e-08
0.133333206176758,8.3512325249355e-19,-9.15052140726402e-08,-1.3073477589387e-07
0.166666492819786,-3.51481385359484e-20,-7.70808838979065e-08,-1.10117738927329e-07
0.199999794363976,3.17782060128771e-19,1.44262815027218e-08,2.06193178087233e-08
0.233333095908165,-1.93014344812639e-18,-9.15186859629102e-08,-1.30745561932599e-07
0.266666412353516,1.2538217609441e-18,-7.70714692066576e-08,-1.10110306650313e-07
0.299999713897705,-8.25077182728185e-20,1.44198555318553e-08,2.06140953196154e-08
0.333332985639572,1.13808585496055e-18,-9.15148348212824e-08,-1.30742293436015e-07
0.366666287183762,-1.73345396053169e-18,-7.70731674037961e-08,-1.1011192668775e-07
0.399999588727951,2.71693489931998e-18,1.44191547590822e-08,2.06134718183648e-08
0.433332890272141,-2.3659305257553e-18,-9.15122555511516e-08,-1.30739948644987e-07
0.46666619181633,2.82667819195831e-18,-7.70771251268343e-08,-1.10115465190574e-07
0.499999493360519,-2.52244157625161e-18,1.44237386479062e-08,2.06172909855695e-08
0.533332824707031,1.42627816531344e-18,-9.15172861937208e-08,-1.30743913473452e-07
0.566666126251221,-2.81894756874854e-18,-7.70715686826406e-08,-1.10111102458177e-07
0.59999942779541,1.13771476105824e-18,1.44174814309395e-08,2.06121821832994e-08
0.6333327293396,-9.10351555193703e-19,-9.15102518206368e-08,-1.30737888071053e-07
0.666665971279144,8.52982314563117e-20,-7.70787238479897e-08,-1.1011719891485e-07
0.699999272823334,-1.20662697109488e-18,1.44244625133183e-08,2.06179873174506e-08
0.733332574367523,8.33044185722686e-19,-9.1516774602951e-08,-1.3074303240046e-07
0.766665875911713,-8.43293470500101e-19,-7.70722294873849e-08,-1.10112054585443e-07
0.799999177455902,2.08251135772957e-18,1.44178828875852e-08,2.06126529178619e-08
0.833332479000092,-9.00410498592041e-19,-9.15098112841406e-08,-1.30737049630625e-07
0.866665780544281,8.17228906000979e-19,-7.70788730619643e-08,-1.10117696294765e-07
0.89999908208847,1.15849178028677e-19,1.44241454336225e-08,2.06178736306128e-08
0.93333238363266,4.10379372084342e-19,-9.1515303779488e-08,-1.30741312887039e-07
0.966665685176849,-7.69778827535217e-19,-7.70735510968734e-08,-1.10113525408906e-07
0.999998986721039,5.22017813054212e-19,1.44188883055563e-08,2.06136441249782e-08
1.03333234786987,-1.75365329749993e-18,-9.15097615461491e-08,-1.30736523829e-07
1.06666564941406,-1.48791943191634e-19,-7.7078688320853e-08,-1.10117895246731e-07
1.09999895095825,-2.49687337181881e-19,1.44236693699895e-08,2.06176640205058e-08
1.13333225250244,2.03271337879387e-19,-9.15136126877769e-08,-1.30739365999943e-07
1.16666555404663,1.65707718863684e-20,-7.70748087575157e-08,-1.10114854123822e-07
1.19999885559082,5.78418968024776e-19,1.44200704710329e-08,2.06148786929816e-08
1.23333215713501,2.52856369506148e-19,-9.15094773290548e-08,-1.30735671177717e-07
1.2666654586792,2.6284522163758e-19,-7.70783685766219e-08,-1.10117873930449e-07
1.2999986410141,9.17957093185216e-20,1.44234704180235e-08,2.06177936945551e-08
1.33333194255829,8.09880194664966e-20,-9.15119073852111e-08,-1.30737333847719e-07
1.36666524410248,-4.70580775734733e-19,-7.70758177282005e-08,-1.10115919937925e-07
1.39999854564667,3.35951987012293e-19,1.44211558250618e-08,2.0616068852064e-08
1.43333184719086,-2.30765735766096e-19,-9.15089941599945e-08,-1.30734647996178e-07
1.46666514873505,5.40621499233791e-20,-7.70782051517926e-08,-1.10117966301004e-07
1.49999845027924,3.22284365428806e-20,1.4423481964343e-08,2.06181169914998e-08
1.53333175182343,3.24236007611245e-19,-9.15103299803377e-08,-1.30735372749768e-07
1.56666505336761,-3.13117847148526e-19,-7.70765851143551e-08,-1.10116744167499e-07
1.5999983549118,2.20175626726915e-19,1.44221541376055e-08,2.06172376948643e-08
1.63333165645599,-1.20829076734885e-19,-9.15082409846946e-08,-1.30733326386689e-07
1.66666495800018,-2.77360095888172e-19,-7.70781056758096e-08,-1.10118044460705e-07
1.69999825954437,1.90175336873265e-19,1.44237422006199e-08,2.06186996365432e-08
1.73333156108856,1.28890623888462e-19,-9.150884494602e-08,-1.30733440073527e-07
1.76666486263275,-2.97410824689486e-19,-7.70771535485437e-08,-1.10117376550534e-07
1.79999816417694,2.30532444983961e-19,1.44230298815273e-08,2.06183159434659e-08
1.83333146572113,-1.89868401167219e-19,-9.15073528062749e-08,-1.30731891090363e-07
1.86666476726532,-2.86532055465919e-19,-7.70781554138011e-08,-1.10118264728953e-07
1.89999806880951,1.23058703301931e-19,1.44240939192741e-08,2.06193409013622e-08
1.9333313703537,4.03541774356356e-20,-9.15075091256767e-08,-1.30731649505833e-07
1.96666467189789,-1.67522840702135e-19,-7.70776509284588e-08,-1.10117966301004e-07
1.99999797344208,2.79440222484195e-19,1.44237750632215e-08,2.06192716234455e-08
2.03333139419556,-7.33673789664561e-20,-9.15063935735816e-08,-1.30730413161473e-07
2.06666469573975,-1.96242693741644e-19,-7.7078311733203e-08,-1.10118577367757e-07
2.09999799728394,2.25552171461539e-19,1.44245237976293e-08,2.06200425623138e-08
2.13333129882812,0.0,-9.15062443596071e-08,-1.30729944203267e-07
2.16666460037231,-2.54130279348268e-19,-7.70780701486729e-08,-1.10118492102629e-07
2.1999979019165,2.3732246043968e-19,1.44244571842478e-08,2.06201775654336e-08
2.23333120346069,-5.92914145037031e-20,-9.15053561811874e-08,-1.30728878389164e-07
2.26666450500488,-1.60209904927616e-19,-7.70785177905964e-08,-1.10118932639125e-07
2.29999780654907,2.19775581503169e-19,1.44250131839385e-08,2.06207957376137e-08
2.33333110809326,-3.27508527984961e-20,-9.15050364369563e-08,-1.30728253111556e-07
2.36666440963745,-1.94422288933265e-19,-7.70784396308954e-08,-1.10118975271689e-07
2.39999771118164,2.28609999692206e-19,1.442509667271e-08,2.06210497566417e-08
2.43333101272583,-4.96503788951532e-20,-9.15042832616564e-08,-1.3072730098429e-07
2.46666431427002,-1.85207483984728e-19,-7.70787593751265e-08,-1.10119316332202e-07
2.49999761581421,2.45095295710081e-19,1.44255363210277e-08,2.06215737819093e-08
2.5333309173584,-4.54899479885213e-20,-9.15038569360149e-08,-1.30726604652409e-07
2.56666421890259,-1.98576157324959e-19,-7.70787806914086e-08,-1.10119437124467e-07
2.5999972820282,2.48360048340857e-19,1.44257086276411e-08,2.06218988552109e-08
2.63333058357239,-5.76198763561895e-20,-9.15031890258433e-08,-1.30725709368562e-07
2.66666388511658,-1.80872049448578e-19,-7.70790293813661e-08,-1.10119721341562e-07
2.69999718666077,2.45921519895051e-19,1.44260825507558e-08,2.0622373142487e-08
2.73333048820496,-5.82851234391382e-20,-9.15026987513556e-08,-1.30724956193262e-07
2.76666378974915,-1.89060879018912e-19,-7.70791075410671e-08,-1.10119877660964e-07
2.79999709129333,2.25385003429621e-19,1.4426307259896e-08,2.0622739071996e-08
2.83333039283752,-5.39462670894392e-20,-9.15020734737482e-08,-1.30724103541979e-07
2.86666369438171,-1.89468187922412e-19,-7.70793064930331e-08,-1.10120126350921e-07
2.8999969959259,2.39514385665368e-19,1.44266438795171e-08,2.06231867139195e-08
2.93333029747009,-4.00906751740978e-20,-9.15015476721237e-08,-1.3072332194497e-07
2.96666359901428,-1.97521812236684e-19,-7.70794130744434e-08,-1.10120311092032e-07
2.99999690055847,2.42260082461768e-19,1.44268978985451e-08,2.06235739597105e-08
3.03333020210266,-5.13502544409953e-20,-9.15009437107983e-08,-1.30722497715396e-07
3.06666350364685,-1.93107886015221e-19,-7.70795907101274e-08,-1.10120545571135e-07
3.09999680519104,2.35164320372135e-19,1.44272114255273e-08,2.06240038380656e-08
3.13333010673523,-4.71272389199707e-20,-9.15003965928918e-08,-1.30721701907532e-07
3.16666340827942,-1.96611021758778e-19,-7.70797186078198e-08,-1.10120744523101e-07
3.19999670982361,2.37836682437352e-19,1.44274805435884e-08,2.06244017419976e-08
3.2333300113678,-4.32915345649027e-20,-9.14998139478485e-08,-1.30720877677959e-07
3.26666331291199,-1.95977375560168e-19,-7.7079882032649e-08,-1.10120964791349e-07
3.29999661445618,2.38991555819447e-19,1.44277825242511e-08,2.06248227385686e-08
3.33332991600037,-4.34835180151974e-20,-9.14992597245146e-08,-1.3072006765924e-07
3.36666321754456,-1.9666339263131e-19,-7.70800170357688e-08,-1.10121170848743e-07
3.39999651908875,2.39721956300331e-19,1.44280596359181e-08,2.0625227747928e-08
3.43332982063293,-4.44019889943382e-20,-9.14986841848986e-08,-1.30719257640521e-07
3.46666312217712,-1.94070814721113e-19,-7.70801804605981e-08,-1.10121391116991e-07
3.49999642372131,2.39299318706105e-19,1.44283545111534e-08,2.06256434154284e-08
3.5333297252655,-4.35559738669782e-20,-9.14981228561373e-08,-1.30718447621803e-07
3.56666302680969,-1.96806288082128e-19,-7.70803225691452e-08,-1.10121597174384e-07
3.59999632835388,2.38201029647787e-19,1.44286369518909e-08,2.06260502011446e-08
3.63332962989807,-4.36443723325963e-20,-9.14975544219487e-08,-1.30717637603084e-07
3.66666293144226,-1.96275625869782e-19,-7.70804717831197e-08,-1.10121810337205e-07
3.69999623298645,2.38521949876064e-19,1.4428929162591e-08,2.06264640922882e-08
3.73332953453064,-4.34925653031472e-20,-9.14969859877601e-08,-1.30716827584365e-07
3.76666283607483,-1.95036431763995e-19,-7.70806209970942e-08,-1.10122023500026e-07
3.79999613761902,2.40381064152171e-19,1.44292133796853e-08,2.06268726543613e-08
3.83332943916321,-4.34067743951632e-20,-9.14964175535715e-08,-1.30716017565646e-07
3.8666627407074,-1.96207215448184e-19,-7.70807702110687e-08,-1.10122236662846e-07
3.89999604225159,2.39171596849648e-19,1.44295029258501e-08,2.0627284769148e-08
3.93332934379578,-4.3332793429128e-20,-9.14958491193829e-08,-1.30715207546928e-07
3.96666264533997,-1.9639252975479e-19,-7.70809194250432e-08,-1.10122449825667e-07
3.99999594688416,2.39016422936612e-19,1.44297898074797e-08,2.06276951075779e-08
4.03332948684692,-4.31665721312703e-20,-9.14952806851943e-08,-1.30714397528209e-07
4.06666278839111,-1.96055815546693e-19,-7.70810686390178e-08,-1.10122662988488e-07
4.0999960899353,2.3938790457983e-19,1.44300784654661e-08,2.06281072223646e-08
4.13332939147949,-4.35972036506351e-20,-9.14947193564331e-08,-1.3071358750949e-07
4.16666269302368,-1.95966751459175e-19,-7.70812178529923e-08,-1.10122876151308e-07
4.19999599456787,2.39099968178479e-19,1.44303653470956e-08,2.06285175607945e-08
4.23332929611206,-4.34287043749187e-20,-9.14941509222444e-08,-1.30712777490771e-07
4.26666259765625,-1.95867476860972e-19,-7.70813670669668e-08,-1.10123089314129e-07
4.29999589920044,2.3947757612811e-19,1.44306531169036e-08,2.06289278992244e-08
4.33332920074463,-4.33520544589383e-20,-9.14935824880558e-08,-1.30711967472052e-07
4.36666250228882,-1.96168014841967e-19,-7.70815162809413e-08,-1.1012330247695e-07
4.39999580383301,2.39327287750567e-19,1.44309408867116e-08,2.06293400140112e-08
4.4333291053772,-4.34452964547838e-20,-9.14930140538672e-08,-1.30711157453334e-07
4.46666240692139,-1.95843268903358e-19,-7.70816654949158e-08,-1.10123515639771e-07
4.49999570846558,2.40006583979232e-19,1.44312286565196e-08,2.06297503524411e-08
4.53332901000977,-4.33542290392205e-20,-9.14924456196786e-08,-1.30710347434615e-07
4.56666231155396,-1.96055634600934e-19,-7.70818147088903e-08,-1.10123728802591e-07
4.59999561309814,2.39566756537901e-19,1.44315164263276e-08,2.0630160690871e-08
4.63332891464233,-4.35220013007267e-20,-9.149187718549e-08,-1.30709523205041e-07
4.66666221618652,-1.96109233319688e-19,-7.70819568174375e-08,-1.10123941965412e-07
4.69999551773071,2.39308546939814e-19,1.44318041961355e-08,2.06305728056577e-08
4.7333288192749,-4.34151495988653e-20,-9.14913087513014e-08,-1.30708713186323e-07
4.76666212081909,-1.95792888434174e-19,-7.7082106031412e-08,-1.10124155128233e-07
4.79999542236328,2.39607107442157e-19,1.44320910777651e-08,2.06309831440876e-08
4.83332872390747,-4.33550594510073e-20,-9.14907474225402e-08,-1.30707903167604e-07
4.86666202545166,-1.95913747276487e-19,-7.70822552453865e-08,-1.10124368291054e-07
4.89999532699585,2.39763418728535e-19,1.44323788475731e-08,2.06313934825175e-08
4.93332862854004,-4.33892905112002e-20,-9.14901789883515e-08,-1.30707093148885e-07
4.96666193008423,-1.95749849192928e-19,-7.7082404459361e-08,-1.10124574348447e-07
4.99999523162842,2.39464548033462e-19,1.44326666173811e-08,2.06318055973043e-08
5.03332853317261,-4.32820898425179e-20,-9.14896105541629e-08,-1.30706283130166e-07
5.0666618347168,-1.9579966097544e-19,-7.70825536733355e-08,-1.10124787511268e-07
5.09999513626099,2.39539847318599e-19,1.44329543871891e-08,2.06322159357342e-08
5.13332843780518,-4.32358000399576e-20,-9.14890421199743e-08,-1.30705473111448e-07
5.16666126251221,-1.95682007458001e-19,-7.708270288731e-08,-1.10125000674088e-07
5.1999945640564,2.39411401679106e-19,1.4433242156997e-08,2.06326262741641e-08
5.23332786560059,-4.31227541770249e-20,-9.14884736857857e-08,-1.30704663092729e-07
5.26666116714478,-1.95473764738791e-19,-7.70828521012845e-08,-1.10125213836909e-07
5.29999446868896,2.3971807889121e-19,1.4433529926805e-08,2.06330383889508e-08
5.33332777023315,-4.30727582175795e-20,-9.14879052515971e-08,-1.3070385307401e-07
5.36666107177734,-1.95378483871982e-19,-7.7083001315259e-08,-1.1012542699973e-07
5.39999437332153,2.39537572571914e-19,1.4433817696613e-08,2.06334487273807e-08
5.43332767486572,-4.30328790647665e-20,-9.14873439228359e-08,-1.30703043055291e-07
5.46666097640991,-1.95547267491034e-19,-7.70831505292335e-08,-1.10125640162551e-07
5.4999942779541,2.39915568262457e-19,1.44341045782426e-08,2.06338590658106e-08
5.53332757949829,-4.31875747640109e-20,-9.14867754886473e-08,-1.30702233036573e-07
5.56666088104248,-1.95481325686578e-19,-7.7083299743208e-08,-1.10125853325371e-07
5.59999418258667,2.39779290256539e-19,1.44343923480506e-08,2.06342711805974e-08
5.63332748413086,-4.30169396821035e-20,-9.14862070544586e-08,-1.30701423017854e-07
5.66666078567505,-1.95516855678826e-19,-7.70834489571826e-08,-1.10126066488192e-07
5.69999408721924,2.39955117835494e-19,1.44346801178585e-08,2.06346815190273e-08
5.73332738876343,-4.3070496395592e-20,-9.148563862027e-08,-1.30700612999135e-07
5.76666069030762,-1.95497210139278e-19,-7.70835981711571e-08,-1.10126279651013e-07
5.79999399185181,2.39644408117904e-19,1.44349678876665e-08,2.06350918574572e-08
5.833327293396,-4.32044544183858e-20,-9.14850701860814e-08,-1.30699802980416e-07
5.86666059494019,-1.95513469408193e-19,-7.70837473851316e-08,-1.10126492813833e-07
5.89999389648438,2.39624452385626e-19,1.44352556574745e-08,2.06355039722439e-08
5.93332719802856,-4.31845503848963e-20,-9.14845017518928e-08,-1.30698992961698e-07
5.96666049957275,-1.95672559504442e-19,-7.70838965991061e-08,-1.10126705976654e-07
5.99999380111694,2.39348820295887e-19,1.44355434272825e-08,2.06359143106738e-08
6.03332710266113,-4.31840463217105e-20,-9.14839333177042e-08,-1.30698182942979e-07
6.06666040420532,-1.95853311392982e-19,-7.70840458130806e-08,-1.10126919139475e-07
6.09999370574951,2.39352982048344e-19,1.44358311970905e-08,2.06363246491037e-08
6.1333270072937,-4.31831254370442e-20,-9.1483371988943e-08,-1.3069737292426e-07
6.16666030883789,-1.9572799353018e-19,-7.70841950270551e-08,-1.10127132302296e-07
6.19999361038208,2.39801649982472e-19,1.443611807872e-08,2.06367367638904e-08
6.23332691192627,-4.32695884292759e-20,-9.14828035547544e-08,-1.30696562905541e-07
6.26666021347046,-1.95479425756108e-19,-7.70843442410296e-08,-1.10127345465116e-07
6.29999351501465,2.39552332575969e-19,1.4436405848528e-08,2.06371471023203e-08
6.33332681655884,-4.32084998485691e-20,-9.14822351205657e-08,-1.30695752886822e-07
6.36666011810303,-1.95775104051005e-19,-7.70844934550041e-08,-1.10127558627937e-07
6.39999341964722,2.39772879606791e-19,1.4436693618336e-08,2.06375574407502e-08
6.43332672119141,-4.31651536457668e-20,-9.14816666863771e-08,-1.30694942868104e-07
6.4666600227356,-1.95869389716139e-19,-7.70846426689786e-08,-1.10127771790758e-07
6.49999332427979,2.39905564546924e-19,1.4436981388144e-08,2.06379677791801e-08
6.53332662582397,-4.32325203980758e-20,-9.14810982521885e-08,-1.30694132849385e-07
6.56665992736816,-1.95667105282278e-19,-7.70847918829531e-08,-1.10127977848151e-07
6.59999322891235,2.39643244895168e-19,1.4437269157952e-08,2.06383798939669e-08
6.63332653045654,-4.3149879885003e-20,-9.14805298179999e-08,-1.30693322830666e-07
6.66665983200073,-1.95533877504869e-19,-7.70849339915003e-08,-1.10128191010972e-07
6.69999313354492,2.39919445671578e-19,1.44375569277599e-08,2.06387902323968e-08
6.73332643508911,-4.31141172482071e-20,-9.14799613838113e-08,-1.30692512811947e-07
6.7666597366333,-1.95743141275148e-19,-7.70850832054748e-08,-1.10128404173793e-07
6.79999303817749,2.40204409392603e-19,1.44378438093895e-08,2.06392005708267e-08
6.83332633972168,-4.31476536059325e-20,-9.14794000550501e-08,-1.30691702793229e-07
6.86665964126587,-1.95893352104508e-19,-7.70852324194493e-08,-1.10128617336613e-07
6.89999294281006,2.3990204902932e-19,1.44381315791975e-08,2.06396126856134e-08
6.93332624435425,-4.31987643205003e-20,-9.14788316208615e-08,-1.3069089277451e-07
6.96665954589844,-1.95773566012053e-19,-7.70853816334238e-08,-1.10128830499434e-07
6.99999284744263,2.39380175610982e-19,1.44384193490055e-08,2.06400230240433e-08
7.03332614898682,-4.31214197020523e-20,-9.14782631866728e-08,-1.30690068544936e-07
7.06665945053101,-1.9591055487631e-19,-7.70855308473983e-08,-1.10129043662255e-07
7.0999927520752,2.39697270128925e-19,1.44387071188135e-08,2.06404333624732e-08
7.13332605361938,-4.32058761350637e-20,-9.14776947524842e-08,-1.30689258526218e-07
7.16665935516357,-1.95508506324518e-19,-7.70856800613728e-08,-1.10129256825076e-07
7.19999265670776,2.39997614239464e-19,1.44389948886214e-08,2.064084547726e-08
7.23332595825195,-4.32043510208093e-20,-9.14771263182956e-08,-1.30688448507499e-07
7.26665925979614,-1.95774483665545e-19,-7.70858292753474e-08,-1.10129469987896e-07
7.29999256134033,2.39471010381998e-19,1.4439281770251e-08,2.06412558156899e-08
7.33332586288452,-4.31748083944789e-20,-9.1476557884107e-08,-1.3068763848878e-07
7.36665916442871,-1.96238183022366e-19,-7.70859784893219e-08,-1.10129683150717e-07
7.3999924659729,2.39649991587039e-19,1.4439569540059e-08,2.06416661541198e-08
7.43332576751709,-4.32985332883667e-20,-9.14759894499184e-08,-1.30686828470061e-07
7.46665906906128,-1.95524623421766e-19,-7.70861277032964e-08,-1.10129896313538e-07
7.49999237060547,2.39765641776431e-19,1.4439857309867e-08,2.06420764925497e-08
7.53332567214966,-4.31249933807925e-20,-9.14754281211572e-08,-1.30686018451343e-07
7.56665897369385,-1.95815041364954e-19,-7.70862769172709e-08,-1.10130109476358e-07
7.59999227523804,2.39429470405611e-19,1.44401450796749e-08,2.06424886073364e-08
7.63332557678223,-4.31790186145498e-20,-9.14748596869686e-08,-1.30685208432624e-07
7.66665887832642,-1.9582141324061e-19,-7.70864261312454e-08,-1.10130322639179e-07
7.69999217987061,2.39934076428663e-19,1.44404328494829e-08,2.06428989457663e-08
7.73332548141479,-4.31129475631222e-20,-9.14742912527799e-08,-1.30684398413905e-07
7.76665878295898,-1.95700476850116e-19,-7.70865753452199e-08,-1.10130535802e-07
7.79999208450317,2.40058773906005e-19,1.44407197311125e-08,2.06433092841962e-08
7.83332538604736,-4.32591808169593e-20,-9.14737228185913e-08,-1.30683588395186e-07
7.86665868759155,-1.95700864591028e-19,-7.70867245591944e-08,-1.10130748964821e-07
7.89999198913574,2.39603359280006e-19,1.44410075009205e-08,2.0643721398983e-08
7.93332529067993,-4.33567073498839e-20,-9.14731543844027e-08,-1.30682778376467e-07
7.96665859222412,-1.95984109327342e-19,-7.70868737731689e-08,-1.10130962127641e-07
7.99999189376831,2.39351870524396e-19,1.44412952707285e-08,2.06441317374129e-08
8.0333251953125,-4.31712347157387e-20,-9.14725859502141e-08,-1.30681968357749e-07
8.06665897369385,-1.95535738661247e-19,-7.70870229871434e-08,-1.10131168185035e-07
8.09999179840088,2.39456534721278e-19,1.44415830405364e-08,2.06445420758428e-08
8.13332557678223,-4.31330260800222e-20,-9.14720175160255e-08,-1.3068115833903e-07
8.16665840148926,-1.95773708183721e-19,-7.70871722011179e-08,-1.10131381347855e-07
8.19999217987061,2.39945062421173e-19,1.4441869922166e-08,2.06449524142727e-08
8.23332500457764,-4.30385594691292e-20,-9.14714561872643e-08,-1.30680348320311e-07
8.26665878295898,-1.95872569191618e-19,-7.70873214150924e-08,-1.10131594510676e-07
8.29999160766602,2.39555201858719e-19,1.4442157691974e-08,2.06453645290594e-08
8.33332538604736,-4.31188767679036e-20,-9.14708877530757e-08,-1.30679538301592e-07
8.36665821075439,-1.95380706919879e-19,-7.7087470629067e-08,-1.10131807673497e-07
8.39999198913574,2.39483599036945e-19,1.4442445461782e-08,2.06457748674893e-08
8.43332481384277,-4.31605362977381e-20,-9.14703193188871e-08,-1.30678728282874e-07
8.46665859222412,-1.95654813895363e-19,-7.70876127376141e-08,-1.10132020836318e-07
8.49999141693115,2.39099528738779e-19,1.444273323159e-08,2.06461852059192e-08
8.5333251953125,-4.30719504240125e-20,-9.14697508846984e-08,-1.30677918264155e-07
8.56665802001953,-1.95680301397988e-19,-7.70877619515886e-08,-1.10132233999138e-07
8.59999179840088,2.39681346902133e-19,1.44430210013979e-08,2.06465955443491e-08
8.63332462310791,-4.32909206417918e-20,-9.14691824505098e-08,-1.30677108245436e-07
8.66665840148926,-1.95767672350189e-19,-7.70879111655631e-08,-1.10132447161959e-07
8.69999122619629,2.39058376503304e-19,1.44433078830275e-08,2.06470076591359e-08
8.73332500457764,-4.33220530058619e-20,-9.14686140163212e-08,-1.30676298226717e-07
8.76665782928467,-1.9624447734984e-19,-7.70880603795376e-08,-1.1013266032478e-07
8.79999160766602,2.3934721763345e-19,1.44435956528355e-08,2.06474179975658e-08
8.83332443237305,-4.32675560206614e-20,-9.14680455821326e-08,-1.30675488207999e-07
8.86665821075439,-1.95940010260935e-19,-7.70882095935121e-08,-1.10132873487601e-07
8.89999103546143,2.39531265319743e-19,1.44438834226435e-08,2.06478283359957e-08
8.93332481384277,-4.32177765498919e-20,-9.14674842533714e-08,-1.3067467818928e-07
8.9666576385498,-1.95670414004728e-19,-7.70883588074867e-08,-1.10133086650421e-07
8.99999141693115,2.39147608611884e-19,1.44441711924514e-08,2.06482386744256e-08
9.03332424163818,-4.32076888238279e-20,-9.14669158191828e-08,-1.30673868170561e-07
9.06665802001953,-1.96009105691478e-19,-7.70885080214612e-08,-1.10133299813242e-07
9.09999084472656,2.39472173604734e-19,1.4444458074081e-08,2.06486507892123e-08
9.13332462310791,-4.3153789605867e-20,-9.14663473849942e-08,-1.30673043940988e-07
9.16665744781494,-1.95725201795613e-19,-7.70886572354357e-08,-1.10133512976063e-07
9.19999122619629,2.39539718071628e-19,1.4444745843889e-08,2.06490611276422e-08
9.23332405090332,-4.31948642931591e-20,-9.14657789508055e-08,-1.30672233922269e-07
9.26665782928467,-1.95498774027624e-19,-7.70888064494102e-08,-1.10133726138884e-07
9.2999906539917,2.39219366530023e-19,1.4445033613697e-08,2.06494714660721e-08
9.33332443237305,-4.31130800412672e-20,-9.14652105166169e-08,-1.3067142390355e-07
9.36665725708008,-1.9557226385517e-19,-7.70889556633847e-08,-1.10133939301704e-07
9.39999103546143,2.39561121369978e-19,1.4445321383505e-08,2.0649881804502e-08
9.43332386016846,-4.32310696008296e-20,-9.14646420824283e-08,-1.30670613884831e-07
9.4666576385498,-1.95663202023763e-19,-7.70891048773592e-08,-1.10134152464525e-07
9.49999046325684,2.3932868361785e-19,1.44456082651345e-08,2.06502939192887e-08
9.53332424163818,-4.32288239347135e-20,-9.14640736482397e-08,-1.30669803866112e-07
9.56665706634521,-1.95736472131459e-19,-7.70892540913337e-08,-1.10134358521918e-07
9.59999084472656,2.39766184613708e-19,1.44458960349425e-08,2.06507042577186e-08
9.63332366943359,-4.33330325360238e-20,-9.14635123194785e-08,-1.30668993847394e-07
9.66665744781494,-1.96050141604678e-19,-7.70894033053082e-08,-1.10134571684739e-07
9.69999027252197,2.39516401918112e-19,1.44461838047505e-08,2.06511145961485e-08
9.73332405090332,-4.32205198168453e-20,-9.14629438852899e-08,-1.30668183828675e-07
9.76665687561035,-1.95925831868248e-19,-7.70895525192827e-08,-1.1013478484756e-07
9.7999906539917,2.39749770248428e-19,1.44464715745585e-08,2.06515249345784e-08
9.83332347869873,-4.32421913026593e-20,-9.14623754511013e-08,-1.30667373809956e-07
9.86665725708008,-1.95918167522885e-19,-7.70897017332572e-08,-1.10134998010381e-07
9.89999008178711,2.39474319104448e-19,1.4446758456188e-08,2.06519370493652e-08
9.93332386016846,-4.31774805755984e-20,-9.14618070169126e-08,-1.30666563791237e-07
9.96665668487549,-1.95931984024054e-19,-7.70898509472318e-08,-1.10135211173201e-07
9.99999046325684,2.39643968678204e-19,1.4447046225996e-08,2.06523473877951e-08
10.0333232879639,-4.32965008797522e-20,-9.1461238582724e-08,-1.30665753772519e-07
10.0666570663452,-1.96231268309433e-19,-7.70900001612063e-08,-1.10135424336022e-07
10.0999898910522,2.39677960631501e-19,1.4447333995804e-08,2.0652757726225e-08
10.1333236694336,-4.32273957556871e-20,-9.14606701485354e-08,-1.306649437538e-07
10.1666564941406,-1.9579414212979e-19,-7.70901493751808e-08,-1.10135637498843e-07
10.199990272522,2.39312682842876e-19,1.44476208774336e-08,2.06531680646549e-08
10.233323097229,-4.32923617455152e-20,-9.14601017143468e-08,-1.30664133735081e-07
10.2666568756104,-1.95724452163183e-19,-7.70902914837279e-08,-1.10135850661663e-07
10.2999897003174,2.39479333886912e-19,1.44479086472415e-08,2.06535801794416e-08
10.3333225250244,-4.33679873792527e-20,-9.14595403855856e-08,-1.30663323716362e-07
10.3666563034058,-1.9564512037256e-19,-7.70904406977024e-08,-1.10136063824484e-07
10.3999891281128,2.38877043003396e-19,1.44481964170495e-08,2.06539905178715e-08
10.4333229064941,-4.34203065529967e-20,-9.1458971951397e-08,-1.30662513697644e-07
10.4666557312012,-1.95983359694912e-19,-7.70905899116769e-08,-1.10136276987305e-07
10.4999895095825,2.39280888088081e-19,1.44484841868575e-08,2.06544008563014e-08
10.5333223342896,-4.33750442638536e-20,-9.14584035172084e-08,-1.30661703678925e-07
10.5666561126709,-1.96188590959705e-19,-7.70907391256515e-08,-1.10136490150126e-07
10.5999889373779,2.39779936491392e-19,1.44487710684871e-08,2.06548111947313e-08
10.6333227157593,-4.34342716881821e-20,-9.14578350830197e-08,-1.30660893660206e-07
10.6666555404663,-1.9609086732515e-19,-7.7090888339626e-08,-1.10136703312946e-07
10.6999893188477,2.39340832833097e-19,1.44490588382951e-08,2.06552215331612e-08
10.7333221435547,-4.34501561408825e-20,-9.14572666488311e-08,-1.30660083641487e-07
10.766655921936,-1.95985388872352e-19,-7.70910375536005e-08,-1.10136916475767e-07
10.7999887466431,2.39058066310575e-19,1.4449346608103e-08,2.0655633647948e-08
10.8333225250244,-4.3451561701689e-20,-9.14566982146425e-08,-1.30659273622769e-07
10.8666553497314,-1.95808566091722e-19,-7.7091186767575e-08,-1.1013712253316e-07
10.8999891281128,2.39541760173765e-19,1.44496334897326e-08,2.06560439863779e-08
10.9333219528198,-4.34978224236809e-20,-9.14561297804539e-08,-1.3065846360405e-07
10.9666557312012,-1.95982429116723e-19,-7.70913359815495e-08,-1.10137335695981e-07
10.9999885559082,2.3923601353985e-19,1.44499212595406e-08,2.06564543248078e-08
11.0333223342896,-4.34835083216746e-20,-9.14555684516927e-08,-1.30657653585331e-07
11.0666551589966,-1.95789760657483e-19,-7.7091485195524e-08,-1.10137548858802e-07
11.0999889373779,2.397882858457e-19,1.44502090293486e-08,2.06568646632377e-08
11.133321762085,-4.34053365226141e-20,-9.14550000175041e-08,-1.30656843566612e-07
11.1666555404663,-1.96152815398212e-19,-7.70916344094985e-08,-1.10137762021623e-07
11.1999883651733,2.39304023295839e-19,1.44504959109781e-08,2.06572750016676e-08
11.2333221435547,-4.33667401459854e-20,-9.14544315833155e-08,-1.30656019337039e-07
11.2666549682617,-1.96272252523846e-19,-7.7091783623473e-08,-1.10137975184443e-07
11.2999887466431,2.39151666966764e-19,1.44507836807861e-08,2.06576871164543e-08
11.3333215713501,-4.34047581424201e-20,-9.14538631491268e-08,-1.3065520931832e-07
11.3666553497314,-1.96154935048531e-19,-7.70919328374475e-08,-1.10138188347264e-07
11.3999881744385,2.38948387331229e-19,1.44510714505941e-08,2.06580974548842e-08
11.4333219528198,-4.34274571416513e-20,-9.14532947149382e-08,-1.30654399299601e-07
11.4666547775269,-1.96164447625576e-19,-7.7092082051422e-08,-1.10138401510085e-07
11.4999885559082,2.39002490113169e-19,1.44513592204021e-08,2.06585077933141e-08
11.5333213806152,-4.341945352299e-20,-9.14527262807496e-08,-1.30653589280882e-07
11.5666551589966,-1.96266733678197e-19,-7.70922312653965e-08,-1.10138614672906e-07
11.5999879837036,2.39132848607828e-19,1.44516461020316e-08,2.0658918131744e-08
11.633321762085,-4.32634556605156e-20,-9.1452157846561e-08,-1.30652779262164e-07
11.666654586792,-1.95863392656698e-19,-7.70923804793711e-08,-1.10138827835726e-07
11.6999883651733,2.39548868757154e-19,1.44519338718396e-08,2.06593284701739e-08
11.7333211898804,-4.33261986024475e-20,-9.14515894123724e-08,-1.30651969243445e-07
11.7666549682617,-1.95894773821186e-19,-7.70925296933456e-08,-1.10139040998547e-07
11.7999877929688,2.39221253535795e-19,1.44522216416476e-08,2.06597405849607e-08
11.8333215713501,-4.34331666265825e-20,-9.14510280836112e-08,-1.30651159224726e-07
11.8666543960571,-1.9640254639502e-19,-7.70926789073201e-08,-1.10139254161368e-07
11.8999881744385,2.38937478886901e-19,1.44525085232772e-08,2.06601509233906e-08
11.9333209991455,-4.32958094084589e-20,-9.14504596494226e-08,-1.30650349206007e-07
11.9666547775269,-1.95703074714227e-19,-7.70928210158672e-08,-1.10139467324188e-07
11.9999876022339,2.39460205335246e-19,1.44527962930852e-08,2.06605612618205e-08
12.0333213806152,-4.32500204379102e-20,-9.14498912152339e-08,-1.30649539187289e-07
12.0666542053223,-1.95892137182984e-19,-7.70929702298417e-08,-1.10139680487009e-07
12.0999879837036,2.39509138238358e-19,1.44530840628931e-08,2.06609716002504e-08
12.1333208084106,-4.32738180363924e-20,-9.14493227810453e-08,-1.3064872916857e-07
12.166654586792,-1.95844587222459e-19,-7.70931194438162e-08,-1.1013989364983e-07
12.199987411499,2.39810051035568e-19,1.44533709445227e-08,2.06613819386803e-08
12.2333211898804,-4.33573665094345e-20,-9.14487543468567e-08,-1.30647919149851e-07
12.2666540145874,-1.95782962266824e-19,-7.70932686577908e-08,-1.10140099707223e-07
12.2999877929688,2.39281198280811e-19,1.44536587143307e-08,2.0661794053467e-08
12.3333206176758,-4.34738535729624e-20,-9.14481859126681e-08,-1.30647109131132e-07
12.3666543960571,-1.96111921656678e-19,-7.70934178717653e-08,-1.10140312870044e-07
12.3999872207642,2.39373790810629e-19,1.44539464841387e-08,2.06622043918969e-08
12.4333209991455,-4.33721200511412e-20,-9.14476174784795e-08,-1.30646299112414e-07
12.4666538238525,-1.96187750854395e-19,-7.70935670857398e-08,-1.10140526032865e-07
12.4999876022339,2.39304540283721e-19,1.44542333657682e-08,2.06626147303268e-08
12.5333204269409,-4.34015398928494e-20,-9.14470561497183e-08,-1.30645489093695e-07
12.5666542053223,-1.960200399852e-19,-7.70937162997143e-08,-1.10140739195685e-07
12.5999870300293,2.39573813422502e-19,1.44545211355762e-08,2.06630250687567e-08
12.6333208084106,-4.33361053827525e-20,-9.14464877155297e-08,-1.30644679074976e-07
12.6666536331177,-1.96266914623956e-19,-7.70938655136888e-08,-1.10140952358506e-07
12.699987411499,2.39695719165277e-19,1.44548080172058e-08,2.06634354071866e-08
12.7333202362061,-4.3353873610051e-20,-9.1445919281341e-08,-1.30643869056257e-07
12.7666540145874,-1.96089820424687e-19,-7.70940147276633e-08,-1.10141165521327e-07
12.7999868392944,2.39559492858147e-19,1.44550957870138e-08,2.06638457456165e-08
12.8333206176758,-4.33923342773605e-20,-9.14453508471524e-08,-1.30643059037538e-07
12.8666534423828,-1.96664995293747e-19,-7.70941639416378e-08,-1.10141378684148e-07
12.8999872207642,2.3925092864027e-19,1.44553835568217e-08,2.06642578604033e-08
12.9333200454712,-4.3524466686693e-20,-9.14447824129638e-08,-1.3064224901882e-07
12.9666538238525,-1.96192235724279e-19,-7.70943131556123e-08,-1.10141591846968e-07
12.9999866485596,2.3917198459056e-19,1.44556704384513e-08,2.06646681988332e-08
13.0333204269409,-4.34754756224449e-20,-9.14442139787752e-08,-1.30641439000101e-07
13.0666532516479,-1.96262003239069e-19,-7.70944623695868e-08,-1.10141805009789e-07
13.0999870300293,2.39056360250561e-19,1.44559582082593e-08,2.06650785372631e-08
13.1333198547363,-4.35603618016339e-20,-9.14436455445866e-08,-1.30640614770527e-07
13.1666536331177,-1.96322516670756e-19,-7.70946115835613e-08,-1.1014201817261e-07
13.1999864578247,2.39124447554732e-19,1.44562459780673e-08,2.0665488875693e-08
13.2333202362061,-4.35982182393552e-20,-9.1443077110398e-08,-1.30639804751809e-07
13.2666530609131,-1.96388368002333e-19,-7.70947607975359e-08,-1.10142231335431e-07
13.2999868392944,2.38944096331801e-19,1.44565328596968e-08,2.06658992141229e-08
13.3333196640015,-4.36058211924073e-20,-9.14425157816368e-08,-1.3063899473309e-07
13.3666534423828,-1.9661674739958e-19,-7.70949100115104e-08,-1.10142444498251e-07
13.3999862670898,2.38981629652096e-19,1.44568206295048e-08,2.06663095525528e-08
13.4333200454712,-4.3650824987609e-20,-9.14419473474481e-08,-1.30638184714371e-07
13.4666528701782,-1.96318988228455e-19,-7.70950592254849e-08,-1.10142657661072e-07
13.4999866485596,2.39310873385286e-19,1.44571083993128e-08,2.06667216673395e-08
13.5333194732666,-4.36396128128998e-20,-9.14413789132595e-08,-1.30637374695652e-07
13.5666532516479,-1.9618472647528e-19,-7.7095201334032e-08,-1.10142863718465e-07
13.599986076355,2.39325840184495e-19,1.44573952809424e-08,2.06671320057694e-08
13.6333198547363,-4.3646178559012e-20,-9.14408104790709e-08,-1.30636564676934e-07
13.6666526794434,-1.9641927095303e-19,-7.70953505480065e-08,-1.10143076881286e-07
13.6999864578247,2.3932974344301e-19,1.44576830507503e-08,2.06675423441993e-08
13.7333192825317,-4.37092284624993e-20,-9.14402420448823e-08,-1.30635754658215e-07
13.7666530609131,-1.96408646852038e-19,-7.7095499761981e-08,-1.10143290044107e-07
13.7999858856201,2.38901703325408e-19,1.44579699323799e-08,2.06679526826292e-08
13.8333196640015,-4.37302666381568e-20,-9.14396736106937e-08,-1.30634944639496e-07
13.8666524887085,-1.96360566978933e-19,-7.70956489759556e-08,-1.10143503206928e-07
13.8999862670898,2.38800735591888e-19,1.44582577021879e-08,2.06683630210591e-08
13.9333190917969,-4.35491884010159e-20,-9.14391051765051e-08,-1.30634134620777e-07
13.9666528701782,-1.96318031800872e-19,-7.70957981899301e-08,-1.10143716369748e-07
13.9999856948853,2.38714527862424e-19,1.44585454719959e-08,2.0668773359489e-08
14.0333194732666,-4.36998419012513e-20,-9.14385438477439e-08,-1.30633324602059e-07
14.0666522979736,-1.96194872362481e-19,-7.70959474039046e-08,-1.10143929532569e-07
14.099986076355,2.38850624922583e-19,1.44588323536254e-08,2.06691854742758e-08
14.133318901062,-4.36495292867277e-20,-9.14379754135553e-08,-1.3063251458334e-07
14.1666526794434,-1.96185217613769e-19,-7.70960966178791e-08,-1.1014414269539e-07
14.1999855041504,2.38733216974389e-19,1.44591201234334e-08,2.06695958127057e-08
14.2333192825317,-4.35878332452586e-20,-9.14374069793666e-08,-1.30631704564621e-07
14.2666521072388,-1.96306813163814e-19,-7.70962458318536e-08,-1.1014435585821e-07
14.2999858856201,2.39007530745027e-19,1.4459407005063e-08,2.06700061511356e-08
14.3333187103271,-4.36455678670754e-20,-9.1436838545178e-08,-1.30630894545902e-07
14.3666524887085,-1.96791528078073e-19,-7.70963950458281e-08,-1.10144569021031e-07
14.3999853134155,2.39092988842061e-19,1.4459694774871e-08,2.06704164895655e-08
14.4333190917969,-4.36625476878526e-20,-9.14362701109894e-08,-1.30630084527183e-07
14.4666519165039,-1.96472391457993e-19,-7.70965442598026e-08,-1.10144782183852e-07
14.4999856948853,2.38540638988029e-19,1.4459982544679e-08,2.06708268279954e-08
14.5333185195923,-4.3632869352203e-20,-9.14357016768008e-08,-1.30629274508465e-07
14.5666522979736,-1.9615542618702e-19,-7.70966934737771e-08,-1.10144995346673e-07
14.5999851226807,2.38917083714923e-19,1.44602694263085e-08,2.06712371664253e-08
14.633318901062,-4.36818248735342e-20,-9.14351332426122e-08,-1.30628464489746e-07
14.666651725769,-1.96359662250138e-19,-7.70968426877516e-08,-1.10145208509493e-07
14.6999855041504,2.387887673224e-19,1.44605571961165e-08,2.06716475048552e-08
14.7333183288574,-4.36878897876348e-20,-9.14345648084236e-08,-1.30627654471027e-07
14.7666521072388,-1.96144362646327e-19,-7.70969919017261e-08,-1.10145414566887e-07
14.7999849319458,2.38705945863569e-19,1.44608440777461e-08,2.06720596196419e-08
14.8333187103271,-4.37226733786275e-20,-9.14340034796624e-08,-1.30626844452308e-07
14.8666515350342,-1.96203376813154e-19,-7.70971411157007e-08,-1.10145627729707e-07
14.8999853134155,2.38964879244692e-19,1.4461131847554e-08,2.06724699580718e-08
14.9333181381226,-4.36561467316281e-20,-9.14334350454737e-08,-1.30626020222735e-07
14.9666519165039,-1.96495100150747e-19,-7.70972903296752e-08,-1.10145840892528e-07
14.9999847412109,2.39058169708151e-19,1.4461419617362e-08,2.06728802965017e-08
15.0333185195923,-4.3789429439e-20,-9.14328666112851e-08,-1.30625210204016e-07
15.0666513442993,-1.96684317715868e-19,-7.70974395436497e-08,-1.10146054055349e-07
15.0999851226807,2.38975865237202e-19,1.44617064989916e-08,2.06732906349316e-08
15.1333179473877,-4.36564730802291e-20,-9.14322981770965e-08,-1.30624400185297e-07
15.166651725769,-1.96418275751356e-19,-7.70975816521968e-08,-1.1014626721817e-07
15.1999845504761,2.38839457984314e-19,1.44619942687996e-08,2.06737009733615e-08
15.2333183288574,-4.37496763019834e-20,-9.14317297429079e-08,-1.30623590166579e-07
15.2666511535645,-1.96350240145973e-19,-7.70977308661713e-08,-1.1014648038099e-07
15.2999849319458,2.3883656285217e-19,1.44622811504291e-08,2.06741113117914e-08
15.3333177566528,-4.36508346811318e-20,-9.14311613087193e-08,-1.3062278014786e-07
15.3666515350342,-1.96293733370378e-19,-7.70978800801458e-08,-1.10146693543811e-07
15.3999843597412,2.39171183259341e-19,1.44625689202371e-08,2.06745216502213e-08
15.4333181381226,-4.3683753884572e-20,-9.14305928745307e-08,-1.30621970129141e-07
15.4666509628296,-1.96667774103617e-19,-7.70980292941204e-08,-1.10146906706632e-07
15.4999847412109,2.39263465596429e-19,1.44628558018667e-08,2.06749319886512e-08
15.533317565918,-4.36065934430573e-20,-9.14300244403421e-08,-1.30621160110422e-07
15.5666513442993,-1.96229420077752e-19,-7.70981785080949e-08,-1.10147119869453e-07
15.5999841690063,2.3842576428046e-19,1.44631435716747e-08,2.06753423270811e-08
15.6333179473877,-4.35321924243673e-20,-9.14294631115808e-08,-1.30620350091704e-07
15.6666507720947,-1.96479176923955e-19,-7.70983277220694e-08,-1.10147333032273e-07
15.6999845504761,2.38856854626571e-19,1.44634304533042e-08,2.06757544418679e-08
15.7333173751831,-4.36117310101431e-20,-9.14288946773922e-08,-1.30619540072985e-07
15.7666511535645,-1.96522035219443e-19,-7.70984769360439e-08,-1.10147546195094e-07
15.7999839782715,2.39171803644801e-19,1.44637182231122e-08,2.06761647802978e-08
15.8333177566528,-4.35739715076498e-20,-9.14283262432036e-08,-1.30618730054266e-07
15.8666505813599,-1.96260620296482e-19,-7.70986261500184e-08,-1.10147759357915e-07
15.8999843597412,2.39245474418106e-19,1.44640059929202e-08,2.06765751187277e-08
15.9333171844482,-4.36845552157905e-20,-9.1427757809015e-08,-1.30617920035547e-07
15.9666509628296,-1.9642491904565e-19,-7.70987753639929e-08,-1.10147965415308e-07
15.9999837875366,2.38937168694171e-19,1.44642928745498e-08,2.06769854571576e-08
16.033317565918,-4.36921290882741e-20,-9.14271893748264e-08,-1.30617110016829e-07
16.066650390625,-1.96537066642137e-19,-7.70989245779674e-08,-1.10148178578129e-07
16.099983215332,2.3903619772313e-19,1.44645806443577e-08,2.06773957955875e-08
16.1333179473877,-4.3708814872193e-20,-9.14266209406378e-08,-1.3061629999811e-07
16.1666507720947,-1.96550740971638e-19,-7.70990737919419e-08,-1.1014839174095e-07
16.1999835968018,2.39195455840441e-19,1.44648675259873e-08,2.06778061340174e-08
16.2333164215088,-4.36660793613273e-20,-9.14260525064492e-08,-1.30615489979391e-07
16.2666511535645,-1.96680104264623e-19,-7.70992230059164e-08,-1.1014860490377e-07
16.2999839782715,2.39402225144185e-19,1.44651552957953e-08,2.06782164724473e-08
16.3333168029785,-4.36211789637021e-20,-9.14254840722606e-08,-1.30614679960672e-07
16.3666496276855,-1.96433074529502e-19,-7.70993722198909e-08,-1.10148818066591e-07
16.3999843597412,2.38967024744406e-19,1.44654421774248e-08,2.06786268108772e-08
16.4333171844482,-4.36300776176356e-20,-9.14249227434993e-08,-1.30613869941953e-07
16.4666500091553,-1.96280666501639e-19,-7.70995214338654e-08,-1.10149031229412e-07
16.4999828338623,2.39022161502111e-19,1.44657299472328e-08,2.06790371493071e-08
16.533317565918,-4.37097842244733e-20,-9.14243543093107e-08,-1.30613059923235e-07
16.566650390625,-1.96442341537302e-19,-7.709967064784e-08,-1.10149244392233e-07
16.599983215332,2.38949343758812e-19,1.44660168288624e-08,2.06794492640938e-08
16.6333160400391,-4.36354704474885e-20,-9.14237858751221e-08,-1.30612235693661e-07
16.6666507720947,-1.96737683790075e-19,-7.70998127563871e-08,-1.10149457555053e-07
16.6999835968018,2.38920780178285e-19,1.44663045986704e-08,2.06798596025237e-08
16.7333164215088,-4.37729795308027e-20,-9.14232174409335e-08,-1.30611425674942e-07
16.7666492462158,-1.96490059518889e-19,-7.70999619703616e-08,-1.10149670717874e-07
16.7999839782715,2.38445849259709e-19,1.44665914802999e-08,2.06802699409536e-08
16.8333168029785,-4.38892404121318e-20,-9.14226490067449e-08,-1.30610615656224e-07
16.8666496276855,-1.9695406906844e-19,-7.71001111843361e-08,-1.10149883880695e-07
16.8999824523926,2.38404877969993e-19,1.44668792501079e-08,2.06806802793835e-08
16.9333171844482,-4.37438731129985e-20,-9.14220805725563e-08,-1.30609805637505e-07
16.9666500091553,-1.96488224211905e-19,-7.71002603983106e-08,-1.10150097043515e-07
16.9999828338623,2.38999646679813e-19,1.44671661317375e-08,2.06810906178134e-08
17.0333156585693,-4.38315025591408e-20,-9.14215121383677e-08,-1.30608995618786e-07
17.066650390625,-1.96961785112591e-19,-7.71004096122851e-08,-1.10150310206336e-07
17.099983215332,2.38780857407793e-19,1.44674539015455e-08,2.06815009562433e-08
17.1333160400391,-4.37070377263457e-20,-9.14209437041791e-08,-1.30608185600067e-07
17.1666488647461,-1.96845992751531e-19,-7.71005588262597e-08,-1.1015051626373e-07
17.1999835968018,2.38630982620556e-19,1.4467740783175e-08,2.06819112946732e-08
17.2333164215088,-4.36843387271145e-20,-9.14203823754178e-08,-1.30607375581349e-07
17.2666492462158,-1.96538979497303e-19,-7.71007080402342e-08,-1.1015072942655e-07
17.2999820709229,2.39353783379562e-19,1.4468028552983e-08,2.06823216331031e-08
17.3333168029785,-4.37187442707179e-20,-9.14198139412292e-08,-1.3060656556263e-07
17.3666496276855,-1.96425074142015e-19,-7.71008572542087e-08,-1.10150942589371e-07
17.3999824523926,2.39000344613455e-19,1.4468316322791e-08,2.0682731971533e-08
17.4333152770996,-4.37295945539091e-20,-9.14192455070406e-08,-1.30605755543911e-07
17.4666500091553,-1.96388096583695e-19,-7.71010064681832e-08,-1.10151155752192e-07
17.4999828338623,2.39368207341494e-19,1.44686032044206e-08,2.06831423099629e-08
17.5333156585693,-4.36917154979679e-20,-9.1418677072852e-08,-1.30604945525192e-07
17.5666484832764,-1.9650576302583e-19,-7.71011556821577e-08,-1.10151368915012e-07
17.599983215332,2.39109765098859e-19,1.44688909742285e-08,2.06835526483928e-08
17.6333160400391,-4.36644023818823e-20,-9.14181086386634e-08,-1.30604135506474e-07
17.6666488647461,-1.96600694925818e-19,-7.71013048961322e-08,-1.10151582077833e-07
17.6999816894531,2.39118269549532e-19,1.44691778558581e-08,2.06839629868227e-08
17.7333164215088,-4.35510010897801e-20,-9.14175402044748e-08,-1.30603325487755e-07
17.7666492462158,-1.96582626199312e-19,-7.71014541101067e-08,-1.10151795240654e-07
17.7999820709229,2.38915248407939e-19,1.44694647374877e-08,2.06843733252526e-08
17.8333148956299,-4.35720974265745e-20,-9.14169717702862e-08,-1.30602515469036e-07
17.8666496276855,-1.96481994507916e-19,-7.71016033240812e-08,-1.10152008403475e-07
17.8999824523926,2.38870709901832e-19,1.44697525072957e-08,2.06847854400394e-08
17.9333152770996,-4.36425499503092e-20,-9.14164033360976e-08,-1.30601705450317e-07
17.9666481018066,-1.96687600588924e-19,-7.71017525380557e-08,-1.10152221566295e-07
17.9999828338623,2.39026452501539e-19,1.44700393889252e-08,2.06851957784693e-08
18.0333156585693,-4.36425790308777e-20,-9.14158420073363e-08,-1.30600895431598e-07
18.0666484832764,-1.96364224668204e-19,-7.71018946466029e-08,-1.10152434729116e-07
18.0999813079834,2.38534228338281e-19,1.44703271587332e-08,2.06856061168992e-08
18.1333160400391,-4.35674671538487e-20,-9.14152735731477e-08,-1.3060008541288e-07
18.1666488647461,-1.96264329684541e-19,-7.71020438605774e-08,-1.10152647891937e-07
18.1999816894531,2.39035137897971e-19,1.44706140403628e-08,2.06860164553291e-08
18.2333145141602,-4.36812981921285e-20,-9.14147051389591e-08,-1.30599261183306e-07
18.2666492462158,-1.96386959210352e-19,-7.71021930745519e-08,-1.1015285394933e-07
18.2999820709229,2.38989849759433e-19,1.44709018101707e-08,2.0686426793759e-08
18.3333148956299,-4.36278771879592e-20,-9.14141367047705e-08,-1.30598451164587e-07
18.3666477203369,-1.96515017108933e-19,-7.71023422885264e-08,-1.10153067112151e-07
18.3999824523926,2.39038291524056e-19,1.44711886918003e-08,2.06868371321889e-08
18.4333152770996,-4.34624830707141e-20,-9.14135682705819e-08,-1.30597641145869e-07
18.4666481018066,-1.96461663959424e-19,-7.71024915025009e-08,-1.10153280274972e-07
18.4999809265137,2.38844524465565e-19,1.44714764616083e-08,2.06872474706188e-08
18.5333156585693,-4.35061297727234e-20,-9.14129998363933e-08,-1.3059683112715e-07
18.5666484832764,-1.96338750090277e-19,-7.71026407164754e-08,-1.10153493437792e-07
18.5999813079834,2.39047080318064e-19,1.44717633432379e-08,2.06876578090487e-08
18.6333141326904,-4.37644007631217e-20,-9.14124314022047e-08,-1.30596021108431e-07
18.6666488647461,-1.9667106990137e-19,-7.71027899304499e-08,-1.10153706600613e-07
18.6999816894531,2.39141508154866e-19,1.44720511130458e-08,2.06880681474786e-08
18.7333145141602,-4.36197604781986e-20,-9.14118629680161e-08,-1.30595211089712e-07
18.7666473388672,-1.9664719798588e-19,-7.71029391444245e-08,-1.10153919763434e-07
18.7999820709229,2.3899657060191e-19,1.44723379946754e-08,2.06884784859085e-08
18.8333148956299,-4.36943747543903e-20,-9.14112945338275e-08,-1.30594401070994e-07
18.8666477203369,-1.9640104713016e-19,-7.7103088358399e-08,-1.10154132926255e-07
18.8999805450439,2.39239529057454e-19,1.44726257644834e-08,2.06888888243384e-08
18.9333152770996,-4.37254521884978e-20,-9.14107332050662e-08,-1.30593591052275e-07
18.9666481018066,-1.96839233134963e-19,-7.71032375723735e-08,-1.10154346089075e-07
18.9999809265137,2.38817770342628e-19,1.44729126461129e-08,2.06892991627683e-08
19.0333137512207,-4.37232937640869e-20,-9.14101647708776e-08,-1.30592781033556e-07
19.0666484832764,-1.96623662112513e-19,-7.7103386786348e-08,-1.10154559251896e-07
19.0999813079834,2.38484468254558e-19,1.44732004159209e-08,2.06897095011982e-08
19.1333141326904,-4.38172918547111e-20,-9.1409596336689e-08,-1.30591971014837e-07
19.1666469573975,-1.96770409123059e-19,-7.71035360003225e-08,-1.10154772414717e-07
19.1999816894531,2.38796935730949e-19,1.44734872975505e-08,2.06901198396281e-08
19.2333145141602,-4.37716385934815e-20,-9.14090279025004e-08,-1.30591160996119e-07
19.2666473388672,-1.96613296505462e-19,-7.7103685214297e-08,-1.10154985577537e-07
19.2999801635742,2.38703722815672e-19,1.44737750673585e-08,2.0690530178058e-08
19.3333148956299,-4.37378598976861e-20,-9.14084594683118e-08,-1.305903509774e-07
19.3666477203369,-1.96517123834556e-19,-7.71038344282715e-08,-1.10155191634931e-07
19.3999805450439,2.38864170005114e-19,1.4474061948988e-08,2.06909405164879e-08
19.433313369751,-4.38740732801189e-20,-9.14078910341232e-08,-1.30589540958681e-07
19.4666481018066,-1.96668084296347e-19,-7.7103983642246e-08,-1.10155404797752e-07
19.4999809265137,2.38776824902307e-19,1.44743488306176e-08,2.06913508549178e-08
19.5333137512207,-4.3913290042207e-20,-9.14073225999346e-08,-1.30588730939962e-07
19.5666465759277,-1.96773834167783e-19,-7.71041257507932e-08,-1.10155617960572e-07
19.5999813079834,2.38661846797162e-19,1.44746366004256e-08,2.06917611933477e-08
19.6333141326904,-4.3813550154909e-20,-9.1406754165746e-08,-1.30587920921243e-07
19.6666469573975,-1.96765652834537e-19,-7.71042749647677e-08,-1.10155831123393e-07
19.6999797821045,2.39180204697897e-19,1.44749234820551e-08,2.06921715317776e-08
19.7333145141602,-4.36726386450909e-20,-9.14061928369847e-08,-1.30587110902525e-07
19.7666473388672,-1.96661247131596e-19,-7.71044241787422e-08,-1.10156044286214e-07
19.7999801635742,2.38476067201461e-19,1.44752112518631e-08,2.06925818702075e-08
19.8333129882812,-4.37866732473495e-20,-9.14056244027961e-08,-1.30586286672951e-07
19.8666477203369,-1.96550030113299e-19,-7.71045733927167e-08,-1.10156257449034e-07
19.8999805450439,2.38116760622884e-19,1.44754981334927e-08,2.06929922086374e-08
19.933313369751,-4.37437503283763e-20,-9.14050559686075e-08,-1.30585476654232e-07
19.966646194458,-1.96600165013238e-19,-7.71047226066912e-08,-1.10156470611855e-07
19.9999809265137,2.38930499550483e-19,1.44757859033007e-08,2.06934025470673e-08
20.0333137512207,-4.38503435362962e-20,-9.14044875344189e-08,-1.30584666635514e-07
20.0666465759277,-1.96550960691488e-19,-7.71048718206657e-08,-1.10156683774676e-07
20.0999794006348,2.39220116162453e-19,1.44760727849302e-08,2.06938128854972e-08
20.1333141326904,-4.36543986663492e-20,-9.14039191002303e-08,-1.30583856616795e-07
20.1666469573975,-1.96686786333009e-19,-7.71050210346402e-08,-1.10156896937497e-07
20.1999797821045,2.38908656812432e-19,1.44763596665598e-08,2.06942232239271e-08
20.2333126068115,-4.35854260204291e-20,-9.14033506660417e-08,-1.30583046598076e-07
20.2666473388672,-1.96813771481733e-19,-7.71051702486147e-08,-1.10157110100317e-07
20.2999801635742,2.38951592656103e-19,1.44766474363678e-08,2.0694633562357e-08
20.3333129882812,-4.36926169955886e-20,-9.14027822318531e-08,-1.30582236579357e-07
20.3666458129883,-1.96981973489417e-19,-7.71053194625893e-08,-1.10157323263138e-07
20.3999805450439,2.38876164123996e-19,1.44769343179973e-08,2.06950439007869e-08
20.433313369751,-4.36087647921653e-20,-9.14022137976644e-08,-1.30581426560639e-07
20.466646194458,-1.96354104630398e-19,-7.71054686765638e-08,-1.10157529320531e-07
20.499979019165,2.38558733563928e-19,1.44772220878053e-08,2.06954542392168e-08
20.5333137512207,-4.35579804261985e-20,-9.14016453634758e-08,-1.3058061654192e-07
20.5666465759277,-1.96427491060367e-19,-7.71056178905383e-08,-1.10157742483352e-07
20.5999794006348,2.38810868554392e-19,1.44775089694349e-08,2.06958645776467e-08
20.6333122253418,-4.36694010084745e-20,-9.14010840347146e-08,-1.30579806523201e-07
20.6666450500488,-1.96757949715082e-19,-7.71057671045128e-08,-1.10157955646173e-07
20.6999797821045,2.38813505192595e-19,1.44777967392429e-08,2.06962766924335e-08
20.7333126068115,-4.36440718333894e-20,-9.1400515600526e-08,-1.30578996504482e-07
20.7666454315186,-1.96606679060562e-19,-7.71059163184873e-08,-1.10158168808994e-07
20.7999782562256,2.39155156634973e-19,1.44780836208724e-08,2.06966870308634e-08
20.8333129882812,-4.36770233485722e-20,-9.13999471663374e-08,-1.30578186485764e-07
20.8666458129883,-1.96717572961432e-19,-7.71060655324618e-08,-1.10158381971814e-07
20.8999786376953,2.38645354883699e-19,1.4478370502502e-08,2.06970973692933e-08
20.9333114624023,-4.35032475652765e-20,-9.13993787321488e-08,-1.30577376467045e-07
20.966646194458,-1.96439679049706e-19,-7.7106207641009e-08,-1.10158595134635e-07
20.999979019165,2.39435622561417e-19,1.447865827231e-08,2.06975077077232e-08
21.0333118438721,-4.34296349531078e-20,-9.13988102979602e-08,-1.30576566448326e-07
21.0666446685791,-1.96286185347289e-19,-7.71063568549835e-08,-1.10158808297456e-07
21.0999794006348,2.39131814632063e-19,1.44789451539395e-08,2.06979180461531e-08
21.1333122253418,-4.35589562408274e-20,-9.13982418637715e-08,-1.30575756429607e-07
21.1666450500488,-1.96350356468247e-19,-7.7106506068958e-08,-1.10159021460277e-07
21.1999778747559,2.39467598261971e-19,1.44792329237475e-08,2.0698328384583e-08
21.2333126068115,-4.3723620112688e-20,-9.13976734295829e-08,-1.30574946410889e-07
21.2666454315186,-1.96703006827833e-19,-7.71066552829325e-08,-1.10159234623097e-07
21.2999782562256,2.38987006326078e-19,1.44795198053771e-08,2.06987387230129e-08
21.3333110809326,-4.3611850563591e-20,-9.13971049953943e-08,-1.30574122181315e-07
21.3666458129883,-1.96458820526068e-19,-7.7106804496907e-08,-1.10159447785918e-07
21.3999786376953,2.38437499905401e-19,1.44798066870067e-08,2.06991490614428e-08
21.4333114624023,-4.36016206658592e-20,-9.13965436666331e-08,-1.30573312162596e-07
21.4666442871094,-1.96472649951934e-19,-7.71069537108815e-08,-1.10159660948739e-07
21.499979019165,2.38952368137927e-19,1.44800944568146e-08,2.06995576235158e-08
21.5333118438721,-4.36199672733517e-20,-9.13959752324445e-08,-1.30572502143878e-07
21.5666446685791,-1.96871777522188e-19,-7.7107102924856e-08,-1.10159867006132e-07
21.5999774932861,2.38466916515935e-19,1.44803813384442e-08,2.06999679619457e-08
21.6333122253418,-4.37053672092493e-20,-9.13954067982559e-08,-1.30571692125159e-07
21.6666450500488,-1.96621064248402e-19,-7.71072521388305e-08,-1.10160080168953e-07
21.6999778747559,2.39255762476975e-19,1.44806691082522e-08,2.07003783003756e-08
21.7333106994629,-4.34863872979472e-20,-9.13948383640673e-08,-1.3057088210644e-07
21.7666454315186,-1.96432699713287e-19,-7.7107401352805e-08,-1.10160293331774e-07
21.7999782562256,2.39130884053874e-19,1.44809559898817e-08,2.07007886388055e-08
21.8333110809326,-4.36663152370488e-20,-9.13942699298786e-08,-1.30570072087721e-07
21.8666439056396,-1.96623054651751e-19,-7.71075505667795e-08,-1.10160506494594e-07
21.8999786376953,2.38805724524958e-19,1.44812428715113e-08,2.07011989772354e-08
21.9333114624023,-4.35876393748025e-20,-9.139370149569e-08,-1.30569262069002e-07
21.9666442871094,-1.96766764358485e-19,-7.7107699780754e-08,-1.10160719657415e-07
21.9999771118164,2.39033431837957e-19,1.44815306413193e-08,2.07016093156653e-08
22.0333118438721,-4.37098197673903e-20,-9.13931330615014e-08,-1.30568452050284e-07
22.0666446685791,-1.96551141637247e-19,-7.71078489947286e-08,-1.10160932820236e-07
22.0999774932861,2.39519788188744e-19,1.44818175229489e-08,2.07020196540952e-08
22.1333103179932,-4.36339130214915e-20,-9.13925646273128e-08,-1.30567642031565e-07
22.1666450500488,-1.97018085093033e-19,-7.71079982087031e-08,-1.10161145983056e-07
22.1999778747559,2.38875905630054e-19,1.44821044045784e-08,2.07024299925251e-08
22.2333106994629,-4.36492061693009e-20,-9.13919961931242e-08,-1.30566832012846e-07
22.2666435241699,-1.96674430322609e-19,-7.71081403172502e-08,-1.10161359145877e-07
22.2999782562256,2.3886758212514e-19,1.44823921743864e-08,2.0702840330955e-08
22.3333110809326,-4.36926008397172e-20,-9.1391434864363e-08,-1.30566021994127e-07
22.3666439056396,-1.96605050548731e-19,-7.71082895312247e-08,-1.10161572308698e-07
22.3999767303467,2.38877663388856e-19,1.4482679056016e-08,2.07032506693849e-08
22.4333114624023,-4.37332457808317e-20,-9.13908664301744e-08,-1.30565211975409e-07
22.4666442871094,-1.96815128574925e-19,-7.71084387451992e-08,-1.10161785471519e-07
22.4999771118164,2.38347802507727e-19,1.44829659376455e-08,2.07036610078148e-08
22.5333099365234,-4.36972375747915e-20,-9.13902979959857e-08,-1.3056440195669e-07
22.5666446685791,-1.96603771003721e-19,-7.71085879591737e-08,-1.10161991528912e-07
22.5999774932861,2.38582359910174e-19,1.44832537074535e-08,2.07040713462447e-08
22.6333103179932,-4.35372362873993e-20,-9.13897295617971e-08,-1.30563591937971e-07
22.6666431427002,-1.96527024152512e-19,-7.71087371731483e-08,-1.10162204691733e-07
22.6999778747559,2.38892526790488e-19,1.44835405890831e-08,2.07044816846746e-08
22.7333106994629,-4.36368921641664e-20,-9.13891611276085e-08,-1.30562781919252e-07
22.7666435241699,-1.96737916434622e-19,-7.71088863871228e-08,-1.10162417854553e-07
22.799976348877,2.38922977376787e-19,1.44838274707126e-08,2.07048920231045e-08
22.8333110809326,-4.37283957882558e-20,-9.13885926934199e-08,-1.30561957689679e-07
22.8666439056396,-1.96631791746971e-19,-7.71090356010973e-08,-1.10162631017374e-07
22.8999767303467,2.38796884032161e-19,1.44841152405206e-08,2.07053023615345e-08
22.9333095550537,-4.35974395263567e-20,-9.13880242592313e-08,-1.3056114767096e-07
22.9666442871094,-1.9653718296441e-19,-7.71091848150718e-08,-1.10162844180195e-07
22.9999771118164,2.3863162885541e-19,1.44844021221502e-08,2.07057126999644e-08
23.0333099365234,-4.36482626664147e-20,-9.13874558250427e-08,-1.30560337652241e-07
23.0666427612305,-1.96590355168161e-19,-7.71093340290463e-08,-1.10163057343016e-07
23.0999774932861,2.38529058459453e-19,1.44846890037797e-08,2.07061230383943e-08
23.1333103179932,-4.3726166278011e-20,-9.13868873908541e-08,-1.30559527633523e-07
23.1666431427002,-1.96798003351306e-19,-7.71094832430208e-08,-1.10163270505836e-07
23.1999759674072,2.38571684110394e-19,1.44849767735877e-08,2.07065333768242e-08
23.2333106994629,-4.37578867157978e-20,-9.13863260620928e-08,-1.30558717614804e-07
23.2666435241699,-1.96621361516435e-19,-7.71096324569953e-08,-1.10163483668657e-07
23.299976348877,2.38448615144882e-19,1.44852636552173e-08,2.07069437152541e-08
23.333309173584,-4.39164048942011e-20,-9.13857576279042e-08,-1.30557907596085e-07
23.3666439056396,-1.96639107125513e-19,-7.71097816709698e-08,-1.10163696831478e-07
23.3999767303467,2.38601979600328e-19,1.44855505368469e-08,2.0707354053684e-08
23.4333095550537,-4.37521836932152e-20,-9.13851891937156e-08,-1.30557097577366e-07
23.4666423797607,-1.96587563433594e-19,-7.71099308849443e-08,-1.10163909994299e-07
23.4999771118164,2.38772301258332e-19,1.44858383066548e-08,2.07077643921139e-08
23.5333099365234,-4.35927478613199e-20,-9.1384620759527e-08,-1.30556287558647e-07
23.5666427612305,-1.96414721459661e-19,-7.71100729934915e-08,-1.10164123157119e-07
23.5999755859375,2.39466615984994e-19,1.44861251882844e-08,2.07081747305438e-08
23.6333103179932,-4.356852051666e-20,-9.13840523253384e-08,-1.30555477539929e-07
23.6666431427002,-1.96463848233229e-19,-7.7110222207466e-08,-1.10164329214513e-07
23.6999759674072,2.39132538415099e-19,1.4486412069914e-08,2.07085850689737e-08
23.7333087921143,-4.35096097474098e-20,-9.13834838911498e-08,-1.3055466752121e-07
23.7666435241699,-1.9644407344671e-19,-7.71103714214405e-08,-1.10164542377333e-07
23.799976348877,2.39368982823318e-19,1.4486699839722e-08,2.07089954074036e-08
23.833309173584,-4.34618077552921e-20,-9.13829154569612e-08,-1.30553857502491e-07
23.866641998291,-1.96408556379158e-19,-7.7110520635415e-08,-1.10164755540154e-07
23.8999767303467,2.38866961739681e-19,1.44869867213515e-08,2.07094057458335e-08
23.9333095550537,-4.34406888002779e-20,-9.13823470227726e-08,-1.30553047483772e-07
23.9666423797607,-1.96251702255503e-19,-7.71106698493895e-08,-1.10164968702975e-07
23.9999752044678,2.39098365516043e-19,1.44872736029811e-08,2.07098160842634e-08
24.0333099365234,-4.33722040616722e-20,-9.1381778588584e-08,-1.30552237465054e-07
24.0666427612305,-1.96445637335055e-19,-7.7110819063364e-08,-1.10165181865796e-07
24.0999755859375,2.39328864563609e-19,1.44875613727891e-08,2.07102246463364e-08
24.1333084106445,-4.35186699600566e-20,-9.13812101543954e-08,-1.30551427446335e-07
24.1666431427002,-1.96312861922044e-19,-7.71109682773385e-08,-1.10165395028616e-07
24.1999759674072,2.3892711327985e-19,1.44878482544186e-08,2.07106349847663e-08
24.2333087921143,-4.33815421553061e-20,-9.13806488256341e-08,-1.30550603216761e-07
24.2666416168213,-1.96477664734398e-19,-7.71111174913131e-08,-1.10165608191437e-07
24.299976348877,2.39145359714593e-19,1.44881351360482e-08,2.07110453231962e-08
24.333309173584,-4.35493564220778e-20,-9.13800803914455e-08,-1.30549793198043e-07
24.366641998291,-1.96440196037588e-19,-7.71112667052876e-08,-1.10165821354258e-07
24.399974822998,2.38935514332946e-19,1.44884229058562e-08,2.07114556616261e-08
24.4333095550537,-4.33772737740983e-20,-9.13795119572569e-08,-1.30548983179324e-07
24.4666423797607,-1.96710180034707e-19,-7.71114159192621e-08,-1.10166034517079e-07
24.4999752044678,2.39265585246749e-19,1.44887097874857e-08,2.0711866000056e-08
24.5333080291748,-4.35042750786936e-20,-9.13789435230683e-08,-1.30548173160605e-07
24.5666427612305,-1.96521634553834e-19,-7.71115651332366e-08,-1.10166240574472e-07
24.5999755859375,2.39171881192983e-19,1.44889966691153e-08,2.07122763384859e-08
24.6333084106445,-4.3561340847437e-20,-9.13783750888797e-08,-1.30547363141886e-07
24.6666412353516,-1.96805008537118e-19,-7.71117143472111e-08,-1.10166453737293e-07
24.6999759674072,2.38802674296449e-19,1.44892844389233e-08,2.07126866769158e-08
24.7333087921143,-4.34267365897896e-20,-9.13778066546911e-08,-1.30546553123168e-07
24.7666416168213,-1.96608527292243e-19,-7.71118635611856e-08,-1.10166666900113e-07
24.7999744415283,2.39095651329658e-19,1.44895713205528e-08,2.07130970153457e-08
24.833309173584,-4.35374786254694e-20,-9.13772382205025e-08,-1.30545743104449e-07
24.866641998291,-1.96649459807867e-19,-7.71120056697328e-08,-1.10166880062934e-07
24.899974822998,2.38980207935418e-19,1.44898582021824e-08,2.07135073537756e-08
24.9333076477051,-4.36151108184272e-20,-9.13766697863139e-08,-1.3054493308573e-07
24.9666423797607,-1.96673809937149e-19,-7.71121548837073e-08,-1.10167093225755e-07
24.9999752044678,2.38577474374681e-19,1.4490145083812e-08,2.07139176922055e-08
25.0333080291748,-4.35230126582725e-20,-9.13761013521253e-08,-1.30544123067011e-07
25.0666408538818,-1.96771236303672e-19,-7.71123040976818e-08,-1.10167306388576e-07
25.0999755859375,2.38303987784656e-19,1.449043285362e-08,2.07143280306354e-08
25.1333084106445,-4.34872597149995e-20,-9.1375540023364e-08,-1.30543313048292e-07
25.1666412353516,-1.96477445014547e-19,-7.71124533116563e-08,-1.10167519551396e-07
25.1999740600586,2.38958649540704e-19,1.44907197352495e-08,2.07147383690653e-08
25.2333087921143,-4.36472125347777e-20,-9.13749715891754e-08,-1.30542503029574e-07
25.2666416168213,-1.96393873923285e-19,-7.71126025256308e-08,-1.10167732714217e-07
25.2999744415283,2.3892786291228e-19,1.44910066168791e-08,2.07151487074952e-08
25.3333072662354,-4.3619560145394e-20,-9.13744031549868e-08,-1.30541693010855e-07
25.366641998291,-1.96661789968873e-19,-7.71127517396053e-08,-1.10167945877038e-07
25.399974822998,2.38645639227035e-19,1.44912943866871e-08,2.07155572695683e-08
25.4333076477051,-4.36058438106272e-20,-9.13738347207982e-08,-1.30540882992136e-07
25.4666404724121,-1.96916277254204e-19,-7.71129009535798e-08,-1.10168159039858e-07
25.4999752044678,2.38929258779564e-19,1.44915812683166e-08,2.07159676079982e-08
25.5333080291748,-4.37524680365508e-20,-9.13732662866096e-08,-1.30540072973417e-07
25.5666408538818,-1.96803173230134e-19,-7.71130501675543e-08,-1.10168365097252e-07
25.5999736785889,2.38376004196737e-19,1.44918681499462e-08,2.07163779464281e-08
25.6333084106445,-4.37673088199627e-20,-9.1372697852421e-08,-1.30539248743844e-07
25.6666412353516,-1.96874866524788e-19,-7.71131993815288e-08,-1.10168578260073e-07
25.6999740600586,2.38912275727612e-19,1.44921550315757e-08,2.0716788284858e-08
25.7333068847656,-4.37641810432715e-20,-9.13721294182324e-08,-1.30538438725125e-07
25.7666416168213,-1.96751784634579e-19,-7.71133485955033e-08,-1.10168791422893e-07
25.7999744415283,2.38687024107056e-19,1.44924428013837e-08,2.07171986232879e-08
25.8333072662354,-4.37335204306445e-20,-9.13715609840438e-08,-1.30537628706406e-07
25.8666400909424,-1.9690027647923e-19,-7.71134978094778e-08,-1.10169004585714e-07
25.899974822998,2.38535908548901e-19,1.44927296830133e-08,2.07176089617178e-08
25.9333076477051,-4.37527976163261e-20,-9.13709925498551e-08,-1.30536818687688e-07
25.9666404724121,-1.96614769920928e-19,-7.71136470234524e-08,-1.10169217748535e-07
25.9999732971191,2.38747123948437e-19,1.44930165646429e-08,2.07180193001477e-08
26.0333080291748,-4.37648305092993e-20,-9.13704241156665e-08,-1.30536008668969e-07
26.0666408538818,-1.96859783403306e-19,-7.71137962374269e-08,-1.10169430911355e-07
26.0999736785889,2.38599472209097e-19,1.44933034462724e-08,2.07184296385776e-08
26.1333065032959,-4.38402008802697e-20,-9.13698627869053e-08,-1.3053519865025e-07
26.1666412353516,-1.97045433752036e-19,-7.7113938345974e-08,-1.10169644074176e-07
26.1999740600586,2.3869278852195e-19,1.44935912160804e-08,2.07188399770075e-08
26.2333068847656,-4.39071378864011e-20,-9.13692943527167e-08,-1.30534388631531e-07
26.2666397094727,-1.96914842612829e-19,-7.71140875599485e-08,-1.10169857236997e-07
26.2999744415283,2.38616972248931e-19,1.449387809771e-08,2.07192503154374e-08
26.3333072662354,-4.38717371411233e-20,-9.13687259185281e-08,-1.30533578612813e-07
26.3666400909424,-1.9673219079382e-19,-7.7114236773923e-08,-1.10170070399818e-07
26.3999729156494,2.38216048145784e-19,1.44941649793395e-08,2.07196588775105e-08
26.4333076477051,-4.39096872828984e-20,-9.13681574843395e-08,-1.30532768594094e-07
26.4666404724121,-1.97154479421225e-19,-7.71143859878975e-08,-1.10170283562638e-07
26.4999732971191,2.38635557963319e-19,1.44944518609691e-08,2.07200692159404e-08
26.5333061218262,-4.39586977341922e-20,-9.13675890501509e-08,-1.30531958575375e-07
26.5666408538818,-1.96765963027267e-19,-7.71145352018721e-08,-1.10170489620032e-07
26.5999736785889,2.38197462431396e-19,1.44947396307771e-08,2.07204795543703e-08
26.6333065032959,-4.38424174658174e-20,-9.13670206159622e-08,-1.30531148556656e-07
26.6666393280029,-1.9700967111524e-19,-7.71146844158466e-08,-1.10170702782852e-07
26.6999740600586,2.38655513695597e-19,1.44950265124066e-08,2.07208898928002e-08
26.7333068847656,-4.38857087386572e-20,-9.13664521817736e-08,-1.30530338537937e-07
26.7666397094727,-1.97264378120421e-19,-7.71148336298211e-08,-1.10170915945673e-07
26.7999725341797,2.38904107319063e-19,1.44953133940362e-08,2.07213002312301e-08
26.8333072662354,-4.39124273186775e-20,-9.1365883747585e-08,-1.30529528519219e-07
26.8666400909424,-1.97105624066296e-19,-7.71149828437956e-08,-1.10171129108494e-07
26.8999729156494,2.38561964738196e-19,1.44956002756658e-08,2.072171056966e-08
26.9333057403564,-4.38777374317385e-20,-9.13653153133964e-08,-1.305287185005e-07
26.9666404724121,-1.9705644559394e-19,-7.71151320577701e-08,-1.10171342271315e-07
26.9999732971191,2.38417466624941e-19,1.44958871572953e-08,2.07221209080899e-08
27.0333061218262,-4.39218397293195e-20,-9.13647539846352e-08,-1.30527894270926e-07
27.0666389465332,-1.96782338618456e-19,-7.71152812717446e-08,-1.10171555434135e-07
27.0999736785889,2.38757928995189e-19,1.44961749271033e-08,2.07225312465198e-08
27.1333065032959,-4.3983975210489e-20,-9.13641855504466e-08,-1.30527084252208e-07
27.1666393280029,-1.97143583901594e-19,-7.71154304857191e-08,-1.10171768596956e-07
27.19997215271,2.38453500680375e-19,1.44964618087329e-08,2.07229398085929e-08
27.2333068847656,-4.38637561406818e-20,-9.1363617116258e-08,-1.30526274233489e-07
27.2666397094727,-1.96968622277342e-19,-7.71155796996936e-08,-1.10171981759777e-07
27.2999725341797,2.38469759949291e-19,1.44967486903624e-08,2.07233501470228e-08
27.3333053588867,-4.40222581632138e-20,-9.13630486820693e-08,-1.3052546421477e-07
27.3666400909424,-1.97310260795023e-19,-7.71157218082408e-08,-1.10172194922598e-07
27.3999729156494,2.38256114706705e-19,1.4497035571992e-08,2.07237604854527e-08
27.4333057403564,-4.40737275381253e-20,-9.13624802478807e-08,-1.30524654196051e-07
27.4666385650635,-1.97262245545404e-19,-7.71158710222153e-08,-1.10172400979991e-07
27.4999732971191,2.38254615441844e-19,1.44973233418e-08,2.07241708238826e-08
27.5333061218262,-4.40491996942586e-20,-9.13619118136921e-08,-1.30523844177333e-07
27.5666389465332,-1.97327114600004e-19,-7.71160202361898e-08,-1.10172614142812e-07
27.5999717712402,2.38413796010973e-19,1.44976102234295e-08,2.07245811623125e-08
27.6333065032959,-4.42782705627989e-20,-9.13613433795035e-08,-1.30523034158614e-07
27.6666393280029,-1.96922093367886e-19,-7.71161694501643e-08,-1.10172827305632e-07
27.69997215271,2.38066535250065e-19,1.44978971050591e-08,2.07249915007424e-08
27.733304977417,-4.4196932212956e-20,-9.13607749453149e-08,-1.30522224139895e-07
27.7666397094727,-1.97566273194609e-19,-7.71163186641388e-08,-1.10173040468453e-07
27.7999725341797,2.38400354326019e-19,1.44981839866887e-08,2.07254018391723e-08
27.8333053588867,-4.41184825329084e-20,-9.13602065111263e-08,-1.30521414121176e-07
27.8666381835938,-1.97461996738639e-19,-7.71164678781133e-08,-1.10173253631274e-07
27.8999729156494,2.38295612580954e-19,1.44984708683182e-08,2.07258104012453e-08
27.9333057403564,-4.42149912459386e-20,-9.13596380769377e-08,-1.30520604102458e-07
27.9666385650635,-1.97288094939546e-19,-7.71166170920878e-08,-1.10173466794095e-07
27.9999713897705,2.3788571873804e-19,1.44987586381262e-08,2.07262207396752e-08
28.0333061218262,-4.41008435525806e-20,-9.13590767481764e-08,-1.30519794083739e-07
28.0666389465332,-1.97244900601935e-19,-7.71167663060623e-08,-1.10173679956915e-07
28.0999717712402,2.38703179978395e-19,1.44990455197558e-08,2.07266310781051e-08
28.1333045959473,-4.41239335238982e-20,-9.13585083139878e-08,-1.3051898406502e-07
28.1666393280029,-1.97072317121944e-19,-7.71169155200369e-08,-1.10173893119736e-07
28.19997215271,2.38388360207137e-19,1.44993324013853e-08,2.0727041416535e-08
28.233304977417,-4.41856780329813e-20,-9.13579398797992e-08,-1.30518174046301e-07
28.266637802124,-1.97063605876118e-19,-7.71170647340114e-08,-1.10174106282557e-07
28.2999725341797,2.3802825229734e-19,1.44996192830149e-08,2.07274517549649e-08
28.3333053588867,-4.40773787650479e-20,-9.13573714456106e-08,-1.30517349816728e-07
28.3666381835938,-1.97229054923326e-19,-7.71172139479859e-08,-1.1017431233995e-07
28.3999710083008,2.38624959711721e-19,1.44999061646445e-08,2.07278620933948e-08
28.4333057403564,-4.41797035917601e-20,-9.1356803011422e-08,-1.30516539798009e-07
28.4666385650635,-1.97469363815969e-19,-7.71173631619604e-08,-1.10174525502771e-07
28.4999713897705,2.38373134913987e-19,1.4500193046274e-08,2.07282724318247e-08
28.5333042144775,-4.42464499586098e-20,-9.13562345772334e-08,-1.3051572977929e-07
28.5666389465332,-1.97801489756606e-19,-7.71175052705075e-08,-1.10174738665592e-07
28.5999717712402,2.38561654545466e-19,1.4500480816082e-08,2.07286809938978e-08
28.6333045959473,-4.42140832859694e-20,-9.13556661430448e-08,-1.30514919760572e-07
28.6666374206543,-1.97237081160207e-19,-7.7117654484482e-08,-1.10174951828412e-07
28.69997215271,2.38154759232273e-19,1.45007676977116e-08,2.07290913323277e-08
28.733304977417,-4.42550642692077e-20,-9.13550977088562e-08,-1.30514109741853e-07
28.766637802124,-1.9775337110941e-19,-7.71178036984566e-08,-1.10175164991233e-07
28.7999706268311,2.3812741057327e-19,1.45010545793411e-08,2.07295016707576e-08
28.8333053588867,-4.42101347910141e-20,-9.13545292746676e-08,-1.30513299723134e-07
28.8666381835938,-1.97054649061048e-19,-7.71179529124311e-08,-1.10175378154054e-07
28.8999710083008,2.38085353609001e-19,1.45013414609707e-08,2.07299120091875e-08
28.9333038330078,-4.426288694211e-20,-9.1353960840479e-08,-1.30512489704415e-07
28.9666385650635,-1.97283467897995e-19,-7.71181021264056e-08,-1.10175591316874e-07
28.9999713897705,2.38384301852256e-19,1.45016283426003e-08,2.07303223476174e-08
29.0333042144775,-4.40571289959117e-20,-9.13533924062904e-08,-1.30511679685696e-07
29.0666370391846,-1.97025077354149e-19,-7.71182513403801e-08,-1.10175804479695e-07
29.0999717712402,2.3824541305753e-19,1.45019161124083e-08,2.07307326860473e-08
29.1333045959473,-4.41820268060587e-20,-9.13528310775291e-08,-1.30510869666978e-07
29.1666374206543,-1.97398575250111e-19,-7.71184005543546e-08,-1.10176017642516e-07
29.1999702453613,2.3797190061811e-19,1.45022029940378e-08,2.07311412481204e-08
29.233304977417,-4.41329517312796e-20,-9.13522626433405e-08,-1.30510059648259e-07
29.266637802124,-1.97197441114289e-19,-7.71185497683291e-08,-1.10176230805337e-07
29.2999706268311,2.38150726726787e-19,1.45024898756674e-08,2.07315515865503e-08
29.3333034515381,-4.41331908381754e-20,-9.13516942091519e-08,-1.3050924962954e-07
29.3666381835938,-1.97305646678169e-19,-7.71186989823036e-08,-1.1017643686273e-07
29.3999710083008,2.38418474751312e-19,1.45027767572969e-08,2.07319619249802e-08
29.4333038330078,-4.40887751166904e-20,-9.13511257749633e-08,-1.30508439610821e-07
29.4666366577148,-1.9741592019358e-19,-7.71188481962781e-08,-1.10176650025551e-07
29.4999713897705,2.38068965093115e-19,1.45030636389265e-08,2.07323722634101e-08
29.5333042144775,-4.40694365386977e-20,-9.13505573407747e-08,-1.30507615381248e-07
29.5666370391846,-1.97535072975879e-19,-7.71189974102526e-08,-1.10176863188371e-07
29.5999698638916,2.38247997996944e-19,1.45033505205561e-08,2.073278260184e-08
29.6333045959473,-4.42336448149865e-20,-9.13499889065861e-08,-1.30506805362529e-07
29.6666374206543,-1.97221080385233e-19,-7.71191466242271e-08,-1.10177076351192e-07
29.6999702453613,2.38196480154418e-19,1.45036374021856e-08,2.07331929402699e-08
29.7333030700684,-4.40724027566755e-20,-9.13494204723975e-08,-1.3050599534381e-07
29.766637802124,-1.97297219775679e-19,-7.71192887327743e-08,-1.10177289514013e-07
29.7999706268311,2.38198573955344e-19,1.45039251719936e-08,2.07336015023429e-08
29.8333034515381,-4.40931727448688e-20,-9.13488520382089e-08,-1.30505185325092e-07
29.8666362762451,-1.97396933813583e-19,-7.71194379467488e-08,-1.10177502676834e-07
29.8999710083008,2.37948015777923e-19,1.45042120536232e-08,2.07340118407728e-08
29.9333038330078,-4.39753673622397e-20,-9.13482836040203e-08,-1.30504375306373e-07
29.9666366577148,-1.97003066595037e-19,-7.71195871607233e-08,-1.10177715839654e-07
29.9999694824219,2.38517529629666e-19,1.45044989352527e-08,2.07344221792027e-08
30.0333042144775,-4.40434675911075e-20,-9.13477151698316e-08,-1.30503565287654e-07
30.0666370391846,-1.97245908728306e-19,-7.71197363746978e-08,-1.10177929002475e-07
30.0999698638916,2.38166934296914e-19,1.45047858168823e-08,2.07348325176326e-08
30.1333026885986,-4.4002363823247e-20,-9.13471538410704e-08,-1.30502755268935e-07
30.1666374206543,-1.97013367578602e-19,-7.71198855886723e-08,-1.10178135059869e-07
30.1999702453613,2.38561034160007e-19,1.45050726985119e-08,2.07352428560625e-08
30.2333030700684,-4.40326270014391e-20,-9.13465854068818e-08,-1.30501945250217e-07
30.2666358947754,-1.97058461846684e-19,-7.71200348026468e-08,-1.10178348222689e-07
30.2999706268311,2.37801811604654e-19,1.45053595801414e-08,2.07356514181356e-08
30.3333034515381,-4.40168750268836e-20,-9.13460169726932e-08,-1.30501135231498e-07
30.3666362762451,-1.96945810187011e-19,-7.71201840166214e-08,-1.1017856138551e-07
30.3999691009521,2.38432717767485e-19,1.4505646461771e-08,2.07360617565655e-08
30.4333038330078,-4.4047335306706e-20,-9.13454485385046e-08,-1.30500325212779e-07
30.4666366577148,-1.97296521842037e-19,-7.71203332305959e-08,-1.10178774548331e-07
30.4999694824219,2.3840785065032e-19,1.4505934231579e-08,2.07364720949954e-08
30.5333023071289,-4.40516198437851e-20,-9.1344880104316e-08,-1.3049951519406e-07
30.5666370391846,-1.97101345991566e-19,-7.71204824445704e-08,-1.10178987711151e-07
30.5999698638916,2.38537718006491e-19,1.45062211132085e-08,2.07368824334253e-08
30.6333026885986,-4.40683444017952e-20,-9.13443116701274e-08,-1.30498705175341e-07
30.6666355133057,-1.9702467668854e-19,-7.71206316585449e-08,-1.10179200873972e-07
30.6999702453613,2.38309984844097e-19,1.45065079948381e-08,2.07372927718552e-08
30.7333030700684,-4.40972795673632e-20,-9.13437432359387e-08,-1.30497895156623e-07
30.7666358947754,-1.97433833823721e-19,-7.71207808725194e-08,-1.10179414036793e-07
30.7999687194824,2.38325442781794e-19,1.45067948764677e-08,2.07377013339283e-08
30.8333034515381,-4.40914440666356e-20,-9.13431748017501e-08,-1.30497070927049e-07
30.8666362762451,-1.97229158320902e-19,-7.71209229810665e-08,-1.10179627199614e-07
30.8999691009521,2.38217857603374e-19,1.45070817580972e-08,2.07381116723582e-08
30.9333019256592,-4.40130977841646e-20,-9.13426063675615e-08,-1.3049626090833e-07
30.9666347503662,-1.97164987199944e-19,-7.71210721950411e-08,-1.10179840362434e-07
30.9999694824219,2.37731888993499e-19,1.45073686397268e-08,2.07385220107881e-08
31.0333023071289,-4.40953085510599e-20,-9.13420379333729e-08,-1.30495450889612e-07
31.0666351318359,-1.97345764937878e-19,-7.71212214090156e-08,-1.10180046419828e-07
31.099967956543,2.3797913844847e-19,1.45076555213564e-08,2.0738932349218e-08
31.1333026885986,-4.41298110298913e-20,-9.13414694991843e-08,-1.30494640870893e-07
31.1666355133057,-1.97272507754879e-19,-7.71213706229901e-08,-1.10180259582648e-07
31.1999683380127,2.3808297546474e-19,1.45079424029859e-08,2.07393426876479e-08
31.2333011627197,-4.41632116782974e-20,-9.13409081704231e-08,-1.30493830852174e-07
31.2666358947754,-1.97382975140746e-19,-7.71215198369646e-08,-1.10180472745469e-07
31.2999687194824,2.38298042424003e-19,1.45082292846155e-08,2.07397512497209e-08
31.3333015441895,-4.40425757870096e-20,-9.13403397362345e-08,-1.30493020833455e-07
31.3666343688965,-1.97198914529756e-19,-7.71216690509391e-08,-1.1018068590829e-07
31.3999691009521,2.38292820846387e-19,1.45085170544235e-08,2.07401615881508e-08
31.4333019256592,-4.40017628248332e-20,-9.13397713020458e-08,-1.30492210814737e-07
31.4666347503662,-1.97364828866058e-19,-7.71218182649136e-08,-1.10180899071111e-07
31.4999675750732,2.38279766902345e-19,1.4508803936053e-08,2.07405719265807e-08
31.5333023071289,-4.40163224960838e-20,-9.13392028678572e-08,-1.30491400796018e-07
31.5666351318359,-1.97319308082973e-19,-7.71219674788881e-08,-1.10181112233931e-07
31.599967956543,2.38219150073081e-19,1.45090908176826e-08,2.07409822650106e-08
31.63330078125,-4.40236960357629e-20,-9.13386344336686e-08,-1.30490590777299e-07
31.6666355133057,-1.97285070560432e-19,-7.71221166928626e-08,-1.10181325396752e-07
31.6999683380127,2.3854844550506e-19,1.45093776993122e-08,2.07413926034405e-08
31.7333011627197,-4.39643587515093e-20,-9.133806599948e-08,-1.3048978075858e-07
31.7666339874268,-1.97021406740181e-19,-7.71222659068371e-08,-1.10181538559573e-07
31.7999687194824,2.38301583791001e-19,1.45096645809417e-08,2.07418011655136e-08
31.8333015441895,-4.39874034863872e-20,-9.13374975652914e-08,-1.30488970739862e-07
31.8666343688965,-1.97305504506501e-19,-7.71224151208116e-08,-1.10181751722394e-07
31.8999671936035,2.38807637380124e-19,1.45099514625713e-08,2.07422115039435e-08
31.9333019256592,-4.41395400956116e-20,-9.13369291311028e-08,-1.30488160721143e-07
31.9666347503662,-1.97152217599238e-19,-7.71225643347861e-08,-1.10181957779787e-07
31.9999675750732,2.38102414209135e-19,1.45102383442008e-08,2.07426218423734e-08
32.0333023071289,-4.4091437604287e-20,-9.13363606969142e-08,-1.30487336491569e-07
32.0666351318359,-1.97124830166144e-19,-7.71227064433333e-08,-1.10182170942608e-07
32.099967956543,2.37970918341133e-19,1.45105252258304e-08,2.07430321808033e-08
32.13330078125,-4.39772155939208e-20,-9.13357922627256e-08,-1.30486526472851e-07
32.166633605957,-1.96998103511361e-19,-7.71228556573078e-08,-1.10182384105428e-07
32.1999664306641,2.38448615144882e-19,1.451081210746e-08,2.07434407428764e-08
32.2332992553711,-4.40370310919661e-20,-9.1335223828537e-08,-1.30485716454132e-07
32.2666358947754,-1.97090838212847e-19,-7.71230048712823e-08,-1.10182597268249e-07
32.2999687194824,2.38570934477963e-19,1.45110989890895e-08,2.07438510813063e-08
32.3333015441895,-4.40021247163512e-20,-9.13346624997757e-08,-1.30484906435413e-07
32.3666343688965,-1.96915889513292e-19,-7.71231540852568e-08,-1.1018281043107e-07
32.3999671936035,2.3816765807995e-19,1.45113858707191e-08,2.07442614197362e-08
32.4333000183105,-4.39589336099137e-20,-9.13340940655871e-08,-1.30484096416694e-07
32.4666328430176,-1.9687737391602e-19,-7.71233032992313e-08,-1.10183023593891e-07
32.4999656677246,2.38182702427341e-19,1.45116727523487e-08,2.07446717581661e-08
32.5333023071289,-4.39168798768185e-20,-9.13335256313985e-08,-1.30483286397975e-07
32.5666351318359,-1.97153251575003e-19,-7.71234525132058e-08,-1.10183236756711e-07
32.599967956543,2.38274674571699e-19,1.45119596339782e-08,2.07450803202391e-08
32.63330078125,-4.38346497228776e-20,-9.13329571972099e-08,-1.30482476379257e-07
32.666633605957,-1.97026667091889e-19,-7.71236017271804e-08,-1.10183449919532e-07
32.6999664306641,2.38263585181612e-19,1.45122465156078e-08,2.0745490658669e-08
32.7332992553711,-4.38376967202121e-20,-9.13323887630213e-08,-1.30481666360538e-07
32.7666320800781,-1.97284295078608e-19,-7.71237509411549e-08,-1.10183655976925e-07
32.7999687194824,2.38512954286902e-19,1.45125342854158e-08,2.07459009970989e-08
32.8333015441895,-4.39185180821723e-20,-9.13318203288327e-08,-1.30480856341819e-07
32.8666343688965,-1.9743189511916e-19,-7.71239001551294e-08,-1.10183869139746e-07
32.8999671936035,2.38106808606139e-19,1.45128211670453e-08,2.07463113355288e-08
32.9333000183105,-4.39890707723093e-20,-9.13312518946441e-08,-1.304800463231e-07
32.9666328430176,-1.97250148028946e-19,-7.71240493691039e-08,-1.10184082302567e-07
32.9999656677246,2.38240682618402e-19,1.45131080486749e-08,2.07467198976019e-08
33.0332984924316,-4.41421508844199e-20,-9.13306834604555e-08,-1.30479236304382e-07
33.0666351318359,-1.97285613397709e-19,-7.71241985830784e-08,-1.10184295465388e-07
33.099967956543,2.38015043256934e-19,1.45133949303045e-08,2.07471302360318e-08
33.13330078125,-4.40583277615651e-20,-9.13301150262669e-08,-1.30478412074808e-07
33.166633605957,-1.97491012683563e-19,-7.71243406916255e-08,-1.10184508628208e-07
33.1999664306641,2.38662027742921e-19,1.4513681811934e-08,2.07475405744617e-08
33.2332992553711,-4.39623457299405e-20,-9.13295465920783e-08,-1.30477602056089e-07
33.2666320800781,-1.97458597543309e-19,-7.71244899056001e-08,-1.10184721791029e-07
33.2999649047852,2.38653135551336e-19,1.45139686935636e-08,2.07479509128916e-08
33.3333015441895,-4.40279676481449e-20,-9.13289781578897e-08,-1.30476792037371e-07
33.3666343688965,-1.97161756025676e-19,-7.71246391195746e-08,-1.1018493495385e-07
33.3999671936035,2.38355143735664e-19,1.45142555751931e-08,2.07483594749647e-08
33.4333000183105,-4.40087809353428e-20,-9.13284168291284e-08,-1.30475982018652e-07
33.4666328430176,-1.97294130773079e-19,-7.71247883335491e-08,-1.1018514811667e-07
33.4999656677246,2.38295819376107e-19,1.45145424568227e-08,2.07487698133946e-08
33.5332984924316,-4.40910563257234e-20,-9.13278483949398e-08,-1.30475171999933e-07
33.5666313171387,-1.97141464251274e-19,-7.71249375475236e-08,-1.10185361279491e-07
33.599967956543,2.38384250153468e-19,1.45148293384523e-08,2.07491801518245e-08
33.63330078125,-4.40218671911274e-20,-9.13272799607512e-08,-1.30474361981214e-07
33.666633605957,-1.97137897034883e-19,-7.71250867614981e-08,-1.10185567336885e-07
33.6999664306641,2.38001265529856e-19,1.45151162200818e-08,2.07495904902544e-08
33.7332992553711,-4.39182402011852e-20,-9.13267115265626e-08,-1.30473551962496e-07
33.7666320800781,-1.97110522526486e-19,-7.71252359754726e-08,-1.10185780499705e-07
33.7999649047852,2.38341882996469e-19,1.45154031017114e-08,2.07499990523274e-08
33.8332977294922,-4.40895312114691e-20,-9.1326143092374e-08,-1.30472741943777e-07
33.8666343688965,-1.97194545982146e-19,-7.71253851894471e-08,-1.10185993662526e-07
33.8999671936035,2.3798787554369e-19,1.4515689983341e-08,2.07504093907573e-08
33.9333000183105,-4.3974478789316e-20,-9.13255746581854e-08,-1.30471931925058e-07
33.9666328430176,-1.97417057566922e-19,-7.71255344034216e-08,-1.10186206825347e-07
33.9999656677246,2.38327433185143e-19,1.45159768649705e-08,2.07508197291872e-08
34.0332984924316,-4.41031667668791e-20,-9.13250062239968e-08,-1.30471121906339e-07
34.0666313171387,-1.97344304447109e-19,-7.71256836173961e-08,-1.10186419988167e-07
34.0999641418457,2.38094297499374e-19,1.45162637466001e-08,2.07512282912603e-08
34.13330078125,-4.40831528734644e-20,-9.13244377898081e-08,-1.3047031188762e-07
34.166633605957,-1.97048871721457e-19,-7.71258328313706e-08,-1.10186633150988e-07
34.1999664306641,2.381158041953e-19,1.45165506282297e-08,2.07516386296902e-08
34.2332992553711,-4.39813547281579e-20,-9.13238693556195e-08,-1.30469501868902e-07
34.2666320800781,-1.97433950145994e-19,-7.71259749399178e-08,-1.10186846313809e-07
34.2999649047852,2.38107971828875e-19,1.45168375098592e-08,2.07520489681201e-08
34.3332977294922,-4.41169509563055e-20,-9.13233009214309e-08,-1.30468677639328e-07
34.3666305541992,-1.97422162822265e-19,-7.71261241538923e-08,-1.1018705947663e-07
34.3999671936035,2.37907613174878e-19,1.45171243914888e-08,2.075245930655e-08
34.4333000183105,-4.4040650007146e-20,-9.13227324872423e-08,-1.30467867620609e-07
34.4666328430176,-1.97451101219008e-19,-7.71262733678668e-08,-1.10187265534023e-07
34.4999656677246,2.38258673796725e-19,1.45174112731183e-08,2.07528678686231e-08
34.5332984924316,-4.40437099291776e-20,-9.13221640530537e-08,-1.30467057601891e-07
34.5666313171387,-1.97717660171403e-19,-7.71264225818413e-08,-1.10187478696844e-07
34.5999641418457,2.37971926467504e-19,1.45176981547479e-08,2.0753278207053e-08
34.6332969665527,-4.41634895592844e-20,-9.13216027242925e-08,-1.30466247583172e-07
34.666633605957,-1.97438396241787e-19,-7.71265717958158e-08,-1.10187691859664e-07
34.6999664306641,2.37858912916314e-19,1.45179850363775e-08,2.07536885454829e-08
34.7332992553711,-4.40574521133385e-20,-9.13210342901039e-08,-1.30465437564453e-07
34.7666320800781,-1.97256778398543e-19,-7.71267210097903e-08,-1.10187905022485e-07
34.7999649047852,2.38560103581818e-19,1.4518271918007e-08,2.07540971075559e-08
34.8332977294922,-4.40429215226563e-20,-9.13204658559152e-08,-1.30464627545734e-07
34.8666305541992,-1.9744266139182e-19,-7.71268702237649e-08,-1.10188118185306e-07
34.8999633789062,2.38475757008732e-19,1.45185587996366e-08,2.07545074459858e-08
34.9333000183105,-4.41062169953879e-20,-9.13198974217266e-08,-1.30463817527016e-07
34.9666328430176,-1.97215070401095e-19,-7.71270194377394e-08,-1.10188331348127e-07
34.9999656677246,2.38272632469562e-19,1.45188456812662e-08,2.07549177844157e-08
35.0332984924316,-4.42028904983058e-20,-9.1319328987538e-08,-1.30463007508297e-07
35.0666313171387,-1.97514302987686e-19,-7.71271686517139e-08,-1.10188544510947e-07
35.0999641418457,2.38116398731366e-19,1.45191325628957e-08,2.07553281228456e-08
35.1332969665527,-4.42196247498386e-20,-9.13187605533494e-08,-1.30462197489578e-07
35.1666297912598,-1.9738419006227e-19,-7.71273178656884e-08,-1.10188757673768e-07
35.1999664306641,2.38008348263851e-19,1.45194194445253e-08,2.07557366849187e-08
35.2332992553711,-4.41118198515682e-20,-9.13181921191608e-08,-1.30461387470859e-07
35.2666320800781,-1.97591799471324e-19,-7.71274670796629e-08,-1.10188963731161e-07
35.2999649047852,2.38340719773732e-19,1.45197063261548e-08,2.07561470233486e-08
35.3332977294922,-4.41078842813101e-20,-9.13176236849722e-08,-1.30460577452141e-07
35.3666305541992,-1.9784101348025e-19,-7.712760918821e-08,-1.10189176893982e-07
35.3999633789062,2.3775779008643e-19,1.45199932077844e-08,2.07565573617785e-08
35.4332962036133,-4.42845875084924e-20,-9.13170552507836e-08,-1.30459753222567e-07
35.4666328430176,-1.97678640510945e-19,-7.71277584021846e-08,-1.10189390056803e-07
35.4999656677246,2.37953728494028e-19,1.4520280089414e-08,2.07569659238516e-08
35.5332984924316,-4.43014897810872e-20,-9.1316486816595e-08,-1.30458943203848e-07
35.5666313171387,-1.97516021972396e-19,-7.71279076161591e-08,-1.10189603219624e-07
35.5999641418457,2.37814865548696e-19,1.45205669710435e-08,2.07573762622815e-08
35.6332969665527,-4.44226523537806e-20,-9.13159183824064e-08,-1.3045813318513e-07
35.6666297912598,-1.97518038225139e-19,-7.71280568301336e-08,-1.10189816382444e-07
35.6999626159668,2.37954684921611e-19,1.45208538526731e-08,2.07577866007114e-08
35.7332992553711,-4.44159024307352e-20,-9.13153499482178e-08,-1.30457323166411e-07
35.7666320800781,-1.97614417691199e-19,-7.71282060441081e-08,-1.10190029545265e-07
35.7999649047852,2.37838569443124e-19,1.45211407343027e-08,2.07581951627844e-08
35.8332977294922,-4.44322747907501e-20,-9.13147886194565e-08,-1.30456513147692e-07
35.8666305541992,-1.97760117801282e-19,-7.71283552580826e-08,-1.10190242708086e-07
35.8999633789062,2.37984282477904e-19,1.45214276159322e-08,2.07586055012143e-08
35.9332962036133,-4.43797908271185e-20,-9.13142201852679e-08,-1.30455703128973e-07
35.9666290283203,-1.97391027227021e-19,-7.71285044720571e-08,-1.10190455870907e-07
35.9999656677246,2.379428200497e-19,1.45217144975618e-08,2.07590158396442e-08
36.0332984924316,-4.43820203373632e-20,-9.13136517510793e-08,-1.30454893110254e-07
36.0666313171387,-1.97704321884026e-19,-7.71286536860316e-08,-1.101906619283e-07
36.0999641418457,2.37889802942314e-19,1.45220013791914e-08,2.07594261780741e-08
36.1332969665527,-4.4437848566362e-20,-9.13130833168907e-08,-1.30454083091536e-07
36.1666297912598,-1.97767252234065e-19,-7.71288029000061e-08,-1.10190875091121e-07
36.1999626159668,2.37287279414252e-19,1.45222882608209e-08,2.07598347401472e-08
36.2332954406738,-4.4410457902094e-20,-9.13125148827021e-08,-1.30453273072817e-07
36.2666320800781,-1.97921560192397e-19,-7.71289521139806e-08,-1.10191088253941e-07
36.2999649047852,2.37943983272437e-19,1.45225751424505e-08,2.07602450785771e-08
36.3332977294922,-4.42305105759468e-20,-9.13119464485135e-08,-1.30452463054098e-07
36.3666305541992,-1.97769294336202e-19,-7.71290942225278e-08,-1.10191301416762e-07
36.3999633789062,2.38114149834075e-19,1.45228611359016e-08,2.0760655417007e-08
36.4332962036133,-4.43081266130333e-20,-9.13113780143249e-08,-1.30451653035379e-07
36.4666290283203,-1.97820062546298e-19,-7.71292434365023e-08,-1.10191514579583e-07
36.4999618530273,2.38239726190818e-19,1.45231480175312e-08,2.07610639790801e-08
36.5332984924316,-4.43086597567874e-20,-9.13108095801363e-08,-1.30450843016661e-07
36.5666313171387,-1.97732226305002e-19,-7.71293926504768e-08,-1.10191727742404e-07
36.5999641418457,2.37992011446753e-19,1.45234348991607e-08,2.076147431751e-08
36.6332969665527,-4.44080894513557e-20,-9.13102411459477e-08,-1.30450018787087e-07
36.6666297912598,-1.97507336575964e-19,-7.71295418644513e-08,-1.10191940905224e-07
36.6999626159668,2.37657468587764e-19,1.45237217807903e-08,2.07618846559399e-08
36.7332954406738,-4.42761735306991e-20,-9.1309672711759e-08,-1.30449208768368e-07
36.7666282653809,-1.97398743271173e-19,-7.71296910784258e-08,-1.10192154068045e-07
36.7999649047852,2.37661423545067e-19,1.45240086624199e-08,2.07622932180129e-08
36.8332977294922,-4.42247849351443e-20,-9.13091042775704e-08,-1.3044839874965e-07
36.8666305541992,-1.97754288762903e-19,-7.71298402924003e-08,-1.10192360125438e-07
36.8999633789062,2.38060331395471e-19,1.45242955440494e-08,2.07627035564428e-08
36.9332962036133,-4.43563842007226e-20,-9.13085358433818e-08,-1.30447588730931e-07
36.9666290283203,-1.9772852984164e-19,-7.71299895063748e-08,-1.10192573288259e-07
36.9999618530273,2.37924518678647e-19,1.4524582425679e-08,2.07631138948727e-08
37.0332946777344,-4.43527620543684e-20,-9.13079745146206e-08,-1.30446778712212e-07
37.0666313171387,-1.97483063994865e-19,-7.71301387203494e-08,-1.1019278645108e-07
37.0999641418457,2.37649843016492e-19,1.45248693073086e-08,2.07635224569458e-08
37.1332969665527,-4.43209188319594e-20,-9.1307406080432e-08,-1.30445968693493e-07
37.1666297912598,-1.97661256793384e-19,-7.71302879343239e-08,-1.10192999613901e-07
37.1999626159668,2.37757893484006e-19,1.45251561889381e-08,2.07639327953757e-08
37.2332954406738,-4.44058308605426e-20,-9.13068376462434e-08,-1.30445158674775e-07
37.2666282653809,-1.97845924865137e-19,-7.71304371482984e-08,-1.10193212776721e-07
37.2999610900879,2.38045493843233e-19,1.45254430705677e-08,2.07643431338056e-08
37.3332977294922,-4.43602389916241e-20,-9.13062692120548e-08,-1.30444348656056e-07
37.3666305541992,-1.97421800930747e-19,-7.71305863622729e-08,-1.10193425939542e-07
37.3999633789062,2.38023625255789e-19,1.45257299521973e-08,2.07647516958787e-08
37.4332962036133,-4.42634168546899e-20,-9.13057007778662e-08,-1.30443538637337e-07
37.4666290283203,-1.9769710990306e-19,-7.713072847082e-08,-1.10193639102363e-07
37.4999618530273,2.3759292265059e-19,1.45260168338268e-08,2.07651620343086e-08
37.5332946777344,-4.43139782696322e-20,-9.13051323436775e-08,-1.30442728618618e-07
37.5666275024414,-1.98097659189992e-19,-7.71308776847945e-08,-1.10193852265184e-07
37.5999641418457,2.38018300280596e-19,1.45263037154564e-08,2.07655723727385e-08
37.6332969665527,-4.43800913263254e-20,-9.13045639094889e-08,-1.30441904389045e-07
37.6666297912598,-1.97763374824944e-19,-7.71310268987691e-08,-1.10194058322577e-07
37.6999626159668,2.37843067237705e-19,1.45265905970859e-08,2.07659809348115e-08
37.7332954406738,-4.42627189210481e-20,-9.13039954753003e-08,-1.30441094370326e-07
37.7666282653809,-1.97539027933183e-19,-7.71311761127436e-08,-1.10194271485398e-07
37.7999610900879,2.37610629485578e-19,1.45268765905371e-08,2.07663912732414e-08
37.8332939147949,-4.43031958411006e-20,-9.13034270411117e-08,-1.30440284351607e-07
37.8666305541992,-1.97530949997513e-19,-7.71313253267181e-08,-1.10194484648218e-07
37.8999633789062,2.37826161733936e-19,1.45271634721666e-08,2.07667998353145e-08
37.9332962036133,-4.42515358269073e-20,-9.13028586069231e-08,-1.30439474332888e-07
37.9666290283203,-1.97769281411505e-19,-7.71314745406926e-08,-1.10194697811039e-07
37.9999618530273,2.38173629289997e-19,1.45274503537962e-08,2.07672101737444e-08
38.0332946777344,-4.42130460790294e-20,-9.13022901727345e-08,-1.3043866431417e-07
38.0666275024414,-1.97675538583648e-19,-7.71316237546671e-08,-1.1019491097386e-07
38.0999603271484,2.38058987226976e-19,1.45277372354258e-08,2.07676205121743e-08
38.1332969665527,-4.41956720549915e-20,-9.13017217385459e-08,-1.30437854295451e-07
38.1666297912598,-1.973222807633e-19,-7.71317729686416e-08,-1.10195124136681e-07
38.1999626159668,2.37552597595728e-19,1.45280241170553e-08,2.07680290742474e-08
38.2332954406738,-4.41980114251614e-20,-9.13011533043573e-08,-1.30437044276732e-07
38.2666282653809,-1.97802911473284e-19,-7.71319221826161e-08,-1.10195337299501e-07
38.2999610900879,2.37802897279208e-19,1.45283109986849e-08,2.07684394126773e-08
38.3332939147949,-4.42241710120334e-20,-9.1300591975596e-08,-1.30436234258013e-07
38.366626739502,-1.97639039239119e-19,-7.71320713965906e-08,-1.10195550462322e-07
38.3999633789062,2.37726253825576e-19,1.45285978803145e-08,2.07688497511072e-08
38.4332962036133,-4.42937931239814e-20,-9.13000235414074e-08,-1.30435424239295e-07
38.4666290283203,-1.9781908026932e-19,-7.71322135051378e-08,-1.10195756519715e-07
38.4999618530273,2.37639942698535e-19,1.4528884761944e-08,2.07692583131802e-08
38.5332946777344,-4.42792754579962e-20,-9.12994551072188e-08,-1.30434614220576e-07
38.5666275024414,-1.97701814492794e-19,-7.71323627191123e-08,-1.10195969682536e-07
38.5999603271484,2.37968746992025e-19,1.45291716435736e-08,2.07696686516101e-08
38.6332931518555,-4.41423673730959e-20,-9.12988866730302e-08,-1.30433804201857e-07
38.6666297912598,-1.98093807630264e-19,-7.71325119330868e-08,-1.10196182845357e-07
38.6999626159668,2.37842343454669e-19,1.45294576370247e-08,2.077007899004e-08
38.7332954406738,-4.43203727635082e-20,-9.12983182388416e-08,-1.30432979972284e-07
38.7666282653809,-1.97754327536994e-19,-7.71326611470613e-08,-1.10196396008178e-07
38.7999610900879,2.37765183013154e-19,1.45297445186543e-08,2.07704875521131e-08
38.8332939147949,-4.42901225100132e-20,-9.1297749804653e-08,-1.30432169953565e-07
38.866626739502,-1.97807331719682e-19,-7.71328103610358e-08,-1.10196609170998e-07
38.899959564209,2.37750112816369e-19,1.45300314002839e-08,2.0770897890543e-08
38.9332962036133,-4.42545634371962e-20,-9.12971813704644e-08,-1.30431359934846e-07
38.9666290283203,-1.97740226692489e-19,-7.71329595750103e-08,-1.10196822333819e-07
38.9999618530273,2.37806878085906e-19,1.45303182819134e-08,2.0771306452616e-08
39.0332946777344,-4.43556119500726e-20,-9.12966129362758e-08,-1.30430549916127e-07
39.0666275024414,-1.97691397186954e-19,-7.71331087889848e-08,-1.1019703549664e-07
39.0999603271484,2.37819234096306e-19,1.4530605163543e-08,2.07717167910459e-08
39.1332931518555,-4.42453319723131e-20,-9.12960445020872e-08,-1.30429739897409e-07
39.1666259765625,-1.97732226305002e-19,-7.71332580029593e-08,-1.1019724865946e-07
39.1999626159668,2.38250608785752e-19,1.45308920451725e-08,2.07721271294758e-08
39.2332954406738,-4.42579303207832e-20,-9.12954760678986e-08,-1.3042892987869e-07
39.2666282653809,-1.97865014642711e-19,-7.71334072169338e-08,-1.10197454716854e-07
39.2999610900879,2.37847022195009e-19,1.45311789268021e-08,2.07725356915489e-08
39.3332939147949,-4.42283424580131e-20,-9.129490763371e-08,-1.30428119859971e-07
39.366626739502,-1.97696476592903e-19,-7.71335564309084e-08,-1.10197667879675e-07
39.399959564209,2.3803654995286e-19,1.45314658084317e-08,2.07729460299788e-08
39.433292388916,-4.42401103946964e-20,-9.12943391995213e-08,-1.30427309841252e-07
39.4666290283203,-1.97725259893281e-19,-7.71336985394555e-08,-1.10197881042495e-07
39.4999618530273,2.38125368471133e-19,1.45317518018828e-08,2.07733545920519e-08
39.5332946777344,-4.41297916428457e-20,-9.12937707653327e-08,-1.30426499822534e-07
39.5666275024414,-1.97366922666983e-19,-7.713384775343e-08,-1.10198094205316e-07
39.5999603271484,2.37994596386167e-19,1.45320386835124e-08,2.07737649304818e-08
39.6332931518555,-4.4065216625104e-20,-9.12932023311441e-08,-1.30425689803815e-07
39.6666259765625,-1.97526077386717e-19,-7.71339969674045e-08,-1.10198307368137e-07
39.6999588012695,2.38050663722062e-19,1.45323255651419e-08,2.07741752689117e-08
39.7332954406738,-4.40187523391332e-20,-9.12926410023829e-08,-1.30424879785096e-07
39.7666282653809,-1.97464116388958e-19,-7.7134146181379e-08,-1.10198520530957e-07
39.7999610900879,2.38331103799111e-19,1.45326124467715e-08,2.07745838309847e-08
39.8332939147949,-4.41576799079509e-20,-9.12920725681943e-08,-1.30424055555523e-07
39.866626739502,-1.97800055115231e-19,-7.71342953953535e-08,-1.10198733693778e-07
39.899959564209,2.38007753727786e-19,1.45328993284011e-08,2.07749941694146e-08
39.933292388916,-4.41502288200894e-20,-9.12915041340057e-08,-1.30423245536804e-07
39.966625213623,-1.97293600860499e-19,-7.71344446093281e-08,-1.10198939751172e-07
39.9999618530273,2.38280232191439e-19,1.45331862100306e-08,2.07754045078445e-08
40.0332946777344,-4.42041345003989e-20,-9.12909356998171e-08,-1.30422435518085e-07
40.0666275024414,-1.97541354378655e-19,-7.71345938233026e-08,-1.10199152913992e-07
40.0999603271484,2.38396037477197e-19,1.45334722034818e-08,2.07758130699176e-08
40.1332931518555,-4.40704511274178e-20,-9.12903672656284e-08,-1.30421625499366e-07
40.1666259765625,-1.97644351289615e-19,-7.71347430372771e-08,-1.10199366076813e-07
40.1999588012695,2.38010286968412e-19,1.45337590851113e-08,2.07762234083475e-08
40.2332916259766,-4.41492303872407e-20,-9.12897988314398e-08,-1.30420815480647e-07
40.2666282653809,-1.97899446035709e-19,-7.71348922512516e-08,-1.10199579239634e-07
40.2999610900879,2.38146280630994e-19,1.45340459667409e-08,2.07766319704206e-08
40.3332939147949,-4.43809637433777e-20,-9.12892303972512e-08,-1.30420005461929e-07
40.366626739502,-1.97898166490698e-19,-7.71350414652261e-08,-1.10199792402454e-07
40.399959564209,2.37372401469162e-19,1.45343328483705e-08,2.07770423088505e-08
40.433292388916,-4.42120347214836e-20,-9.12886619630626e-08,-1.3041919544321e-07
40.466625213623,-1.98106784026124e-19,-7.71351835737732e-08,-1.10200005565275e-07
40.4999580383301,2.37475282057849e-19,1.453461973e-08,2.07774526472804e-08
40.5332946777344,-4.43592308652526e-20,-9.1288093528874e-08,-1.30418385424491e-07
40.5666275024414,-1.97721847773254e-19,-7.71353327877478e-08,-1.10200218728096e-07
40.5999603271484,2.38195963166536e-19,1.45349066116296e-08,2.07778612093534e-08
40.6332931518555,-4.44792883763464e-20,-9.12875250946854e-08,-1.30417575405772e-07
40.6666259765625,-1.97467425111409e-19,-7.71354820017223e-08,-1.10200431890917e-07
40.6999588012695,2.37649455275579e-19,1.45351926050807e-08,2.07782715477833e-08
40.7332916259766,-4.45059358705328e-20,-9.12869566604968e-08,-1.30416765387054e-07
40.7666244506836,-1.97790284044246e-19,-7.71356312156968e-08,-1.1020063794831e-07
40.7999610900879,2.37743469522075e-19,1.45354794867103e-08,2.07786801098564e-08
40.8332939147949,-4.44871078180744e-20,-9.12863882263082e-08,-1.3041594115748e-07
40.866626739502,-1.97962583180901e-19,-7.71357804296713e-08,-1.10200851111131e-07
40.899959564209,2.37495160241944e-19,1.45357663683399e-08,2.07790904482863e-08
40.933292388916,-4.43959014620176e-20,-9.12858197921196e-08,-1.30415131138761e-07
40.966625213623,-1.97543654974734e-19,-7.71359296436458e-08,-1.10201064273951e-07
40.9999580383301,2.37635160560619e-19,1.45360532499694e-08,2.07794990103594e-08
41.0332908630371,-4.43312133531766e-20,-9.1285251357931e-08,-1.30414321120043e-07
41.0666275024414,-1.97849892747138e-19,-7.71360788576203e-08,-1.10201277436772e-07
41.0999603271484,2.37833270317325e-19,1.4536340131599e-08,2.07799093487893e-08
41.1332931518555,-4.44819702509886e-20,-9.12846900291697e-08,-1.30413511101324e-07
41.1666259765625,-1.9795702556116e-19,-7.71362280715948e-08,-1.10201490599593e-07
41.1999588012695,2.38032698393133e-19,1.45366270132286e-08,2.07803196872192e-08
41.2332916259766,-4.4362626829408e-20,-9.12841215949811e-08,-1.30412701082605e-07
41.2666244506836,-1.97816017116114e-19,-7.71363772855693e-08,-1.10201703762414e-07
41.2999572753906,2.37353091971738e-19,1.45369130066797e-08,2.07807282492922e-08
41.3332901000977,-4.44220125812756e-20,-9.12835531607925e-08,-1.30411891063886e-07
41.366626739502,-1.9786263649845e-19,-7.71365264995438e-08,-1.10201916925234e-07
41.399959564209,2.37701464256594e-19,1.45371998883093e-08,2.07811385877221e-08
41.433292388916,-4.43494436383954e-20,-9.12829847266039e-08,-1.30411081045168e-07
41.466625213623,-1.97793476444422e-19,-7.7136668608091e-08,-1.10202122982628e-07
41.4999580383301,2.38109884684042e-19,1.45374867699388e-08,2.07815471497952e-08
41.5332908630371,-4.4499302269761e-20,-9.12824162924153e-08,-1.30410271026449e-07
41.5666236877441,-1.9795711603404e-19,-7.71368178220655e-08,-1.10202336145448e-07
41.5999565124512,2.37680009259456e-19,1.45377736515684e-08,2.07819574882251e-08
41.6332931518555,-4.43734706502507e-20,-9.12818478582267e-08,-1.3040946100773e-07
41.6666259765625,-1.97997544486478e-19,-7.713696703604e-08,-1.10202549308269e-07
41.6999588012695,2.37316618476603e-19,1.45380596450195e-08,2.07823660502982e-08
41.7332916259766,-4.43521319753862e-20,-9.12812794240381e-08,-1.30408650989011e-07
41.7666244506836,-1.97808391544842e-19,-7.71371162500145e-08,-1.1020276247109e-07
41.7999572753906,2.37430821099924e-19,1.45383465266491e-08,2.07827763887281e-08
41.8332901000977,-4.43498055299134e-20,-9.12807109898495e-08,-1.30407826759438e-07
41.8666229248047,-1.98065218200343e-19,-7.7137265463989e-08,-1.10202975633911e-07
41.899959564209,2.37728140831349e-19,1.45386334082787e-08,2.0783186727158e-08
41.933292388916,-4.43634443164977e-20,-9.12801425556609e-08,-1.30407016740719e-07
41.966625213623,-1.97880692300258e-19,-7.71374146779635e-08,-1.10203188796731e-07
41.9999580383301,2.38072997598601e-19,1.45389202899082e-08,2.0783595289231e-08
42.0332908630371,-4.42657142195943e-20,-9.12795741214723e-08,-1.30406206722e-07
42.0666236877441,-1.9779926670871e-19,-7.7137563891938e-08,-1.10203401959552e-07
42.0999565124512,2.37790127678502e-19,1.45392071715378e-08,2.07840056276609e-08
42.1332893371582,-4.42142060705915e-20,-9.12790056872836e-08,-1.30405396703281e-07
42.1666259765625,-1.97949335366403e-19,-7.71377131059126e-08,-1.10203615122373e-07
42.1999588012695,2.37571235008905e-19,1.45394931649889e-08,2.0784414189734e-08
42.2332916259766,-4.43285928708454e-20,-9.1278437253095e-08,-1.30404586684563e-07
42.2666244506836,-1.97832069589877e-19,-7.71378623198871e-08,-1.10203821179766e-07
42.2999572753906,2.37612464792562e-19,1.45397800466185e-08,2.07848245281639e-08
42.3332901000977,-4.42573163976723e-20,-9.12778688189064e-08,-1.30403776665844e-07
42.3666229248047,-1.97859301926606e-19,-7.71380115338616e-08,-1.10204034342587e-07
42.3999557495117,2.37748949593633e-19,1.45400669282481e-08,2.07852330902369e-08
42.433292388916,-4.42761186007366e-20,-9.12773003847178e-08,-1.30402966647125e-07
42.466625213623,-1.97573200832239e-19,-7.71381536424087e-08,-1.10204247505408e-07
42.4999580383301,2.3748683673703e-19,1.45403538098776e-08,2.07856434286668e-08
42.5332908630371,-4.42825195569611e-20,-9.12767390559566e-08,-1.30402156628406e-07
42.5666236877441,-1.97812501598511e-19,-7.71383028563832e-08,-1.10204460668228e-07
42.5999565124512,2.37401145995449e-19,1.45406398033288e-08,2.07860519907399e-08
42.6332893371582,-4.42939611450433e-20,-9.1276170621768e-08,-1.30401346609688e-07
42.6666221618652,-1.98109769631147e-19,-7.71384520703577e-08,-1.10204673831049e-07
42.6999588012695,2.37509894396605e-19,1.45409266849583e-08,2.07864623291698e-08
42.7332916259766,-4.44057145382689e-20,-9.12756021875794e-08,-1.30400536590969e-07
42.7666244506836,-1.97479962067568e-19,-7.71386012843323e-08,-1.1020488699387e-07
42.7999572753906,2.37713613471841e-19,1.45412135665879e-08,2.07868726675997e-08
42.8332901000977,-4.42503402924282e-20,-9.12750337533907e-08,-1.30399712361395e-07
42.8666229248047,-1.97826563668924e-19,-7.71387504983068e-08,-1.10205100156691e-07
42.8999557495117,2.37897583609951e-19,1.45415004482174e-08,2.07872812296728e-08
42.9332885742188,-4.44092300558723e-20,-9.12744653192021e-08,-1.30398902342677e-07
42.966625213623,-1.97800468705538e-19,-7.71388997122813e-08,-1.10205306214084e-07
42.9999580383301,2.37870881185802e-19,1.4541787329847e-08,2.07876915681027e-08
43.0332908630371,-4.42255733416656e-20,-9.12738968850135e-08,-1.30398092323958e-07
43.0666236877441,-1.9741442092872e-19,-7.71390489262558e-08,-1.10205519376905e-07
43.0999565124512,2.37564359070063e-19,1.45420733232982e-08,2.07881001301757e-08
43.1332893371582,-4.42311244990577e-20,-9.12733284508249e-08,-1.30397282305239e-07
43.1666221618652,-1.97591721923142e-19,-7.71391981402303e-08,-1.10205732539725e-07
43.1999549865723,2.37425289329578e-19,1.45423602049277e-08,2.07885104686056e-08
43.2332916259766,-4.41602842344107e-20,-9.12727600166363e-08,-1.3039647228652e-07
43.2666244506836,-1.9806620047732e-19,-7.71393473542048e-08,-1.10205945702546e-07
43.2999572753906,2.37573716550743e-19,1.45426470865573e-08,2.07889190306787e-08
43.3332901000977,-4.42755757634596e-20,-9.12721915824477e-08,-1.30395662267802e-07
43.3666229248047,-1.97823164473595e-19,-7.7139489462752e-08,-1.10206158865367e-07
43.3999557495117,2.378620665424e-19,1.45429339681868e-08,2.07893293691086e-08
43.4332885742188,-4.4240456130343e-20,-9.12716231482591e-08,-1.30394852249083e-07
43.4666213989258,-1.97709711482704e-19,-7.71396386767265e-08,-1.10206372028188e-07
43.4999580383301,2.37661035804155e-19,1.4543219961638e-08,2.07897379311817e-08
43.5332908630371,-4.4238320324152e-20,-9.12710547140705e-08,-1.30394042230364e-07
43.5666236877441,-1.97563623631709e-19,-7.7139787890701e-08,-1.10206585191008e-07
43.5999565124512,2.37511678004801e-19,1.45435068432676e-08,2.07901482696116e-08
43.6332893371582,-4.42682345355232e-20,-9.12704862798819e-08,-1.30393232211645e-07
43.6666221618652,-1.97651072132092e-19,-7.71399371046755e-08,-1.10206791248402e-07
43.6999549865723,2.37596670812741e-19,1.45437937248971e-08,2.07905568316846e-08
43.7332878112793,-4.41982246826631e-20,-9.12699178456933e-08,-1.30392422192926e-07
43.7666244506836,-1.9776188848478e-19,-7.714008631865e-08,-1.10207004411222e-07
43.7999572753906,2.37514237094821e-19,1.45440797183483e-08,2.07909671701145e-08
43.8332901000977,-4.4195303701125e-20,-9.12693494115047e-08,-1.30391597963353e-07
43.8666229248047,-1.97660028947163e-19,-7.71402355326245e-08,-1.10207217574043e-07
43.8999557495117,2.38045209499898e-19,1.45443665999778e-08,2.07913757321876e-08
43.9332885742188,-4.42534680691194e-20,-9.12687809773161e-08,-1.30390787944634e-07
43.9666213989258,-1.97678989477766e-19,-7.7140384746599e-08,-1.10207430736864e-07
43.9999542236328,2.37574724677114e-19,1.45446534816074e-08,2.07917860706175e-08
44.0332908630371,-4.43344380650958e-20,-9.12682196485548e-08,-1.30389977925915e-07
44.0666236877441,-1.98065218200343e-19,-7.71405339605735e-08,-1.10207643899685e-07
44.0999565124512,2.37503716391405e-19,1.45449403632369e-08,2.07921946326906e-08
44.1332893371582,-4.43514469664415e-20,-9.12676512143662e-08,-1.30389167907197e-07
44.1666221618652,-1.97878740671001e-19,-7.7140683174548e-08,-1.10207857062505e-07
44.1999549865723,2.38067052237948e-19,1.45452263566881e-08,2.07926049711205e-08
44.2332878112793,-4.42561467125874e-20,-9.12670827801776e-08,-1.30388357888478e-07
44.2666206359863,-1.98026211464582e-19,-7.71408323885225e-08,-1.10208070225326e-07
44.2999572753906,2.38025098671255e-19,1.45455132383177e-08,2.07930135331935e-08
44.3332901000977,-4.42905813367592e-20,-9.1266514345989e-08,-1.30387547869759e-07
44.3666229248047,-1.97551345169491e-19,-7.71409744970697e-08,-1.10208276282719e-07
44.3999557495117,2.37663775839934e-19,1.45458001199472e-08,2.07934238716234e-08
44.4332885742188,-4.4284545503227e-20,-9.12659459118004e-08,-1.3038673785104e-07
44.4666213989258,-1.97501197344855e-19,-7.71411237110442e-08,-1.1020848944554e-07
44.4999542236328,2.38010959052659e-19,1.45460870015768e-08,2.07938324336965e-08
44.5332870483398,-4.42316156375464e-20,-9.12653774776118e-08,-1.30385927832322e-07
44.5666236877441,-1.97580115545172e-19,-7.71412729250187e-08,-1.10208702608361e-07
44.5999565124512,2.37558646353958e-19,1.45463729950279e-08,2.07942427721264e-08
44.6332893371582,-4.41673443501859e-20,-9.12648090434232e-08,-1.30385117813603e-07
44.6666221618652,-1.97564063071409e-19,-7.71414221389932e-08,-1.10208915771182e-07
44.6999549865723,2.37927103618062e-19,1.45466598766575e-08,2.07946513341994e-08
44.7332878112793,-4.4024807559711e-20,-9.12642406092345e-08,-1.30384307794884e-07
44.7666206359863,-1.97363264977712e-19,-7.71415713529677e-08,-1.10209128934002e-07
44.7999534606934,2.37946516513063e-19,1.4546946758287e-08,2.07950616726293e-08
44.8332901000977,-4.41058777220898e-20,-9.12636721750459e-08,-1.30383483565311e-07
44.8666229248047,-1.97460949838176e-19,-7.71417205669422e-08,-1.10209342096823e-07
44.8999557495117,2.38033784067687e-19,1.45472327517382e-08,2.07954702347024e-08
44.9332885742188,-4.39927478486261e-20,-9.12631037408573e-08,-1.30382673546592e-07
44.9666213989258,-1.97684211055383e-19,-7.71418697809167e-08,-1.10209555259644e-07
44.9999542236328,2.37723746434344e-19,1.45475196333678e-08,2.07958805731323e-08
45.0332870483398,-4.39342635943792e-20,-9.12625353066687e-08,-1.30381863527873e-07
45.0666198730469,-1.9771330454849e-19,-7.71420189948913e-08,-1.10209761317037e-07
45.0999565124512,2.37845135189236e-19,1.45478065149973e-08,2.07962891352054e-08
45.1332893371582,-4.40043219148533e-20,-9.12619668724801e-08,-1.30381053509154e-07
45.1666221618652,-1.97430201983844e-19,-7.71421682088658e-08,-1.10209974479858e-07
45.1999549865723,2.37876593901908e-19,1.45480925084485e-08,2.07966994736353e-08
45.2332878112793,-4.40405336848724e-20,-9.12613984382915e-08,-1.30380243490436e-07
45.2666206359863,-1.97438473789969e-19,-7.71423103174129e-08,-1.10210187642679e-07
45.2999534606934,2.38008374113245e-19,1.4548379390078e-08,2.07971080357083e-08
45.3332862854004,-4.41616413276032e-20,-9.12608300041029e-08,-1.30379433471717e-07
45.3666229248047,-1.97543344782004e-19,-7.71424595313874e-08,-1.10210400805499e-07
45.3999557495117,2.37807136579847e-19,1.45486662717076e-08,2.07975183741382e-08
45.4332885742188,-4.39487683356673e-20,-9.12602615699143e-08,-1.30378623452998e-07
45.4666213989258,-1.97542905342304e-19,-7.71426087453619e-08,-1.1021061396832e-07
45.4999542236328,2.3808840383751e-19,1.45489522651587e-08,2.07979269362113e-08
45.5332870483398,-4.41327546296492e-20,-9.12596931357257e-08,-1.30377813434279e-07
45.5666198730469,-1.9755461511785e-19,-7.71427579593364e-08,-1.10210827131141e-07
45.5999526977539,2.38196712798966e-19,1.45492391467883e-08,2.07983372746412e-08
45.6332893371582,-4.42443303082901e-20,-9.12591247015371e-08,-1.3037700341556e-07
45.6666221618652,-1.97634748239692e-19,-7.7142907173311e-08,-1.10211040293962e-07
45.6999549865723,2.38053869046935e-19,1.45495260284179e-08,2.07987458367143e-08
45.7332878112793,-4.42179348456966e-20,-9.12585633727758e-08,-1.30376179185987e-07
45.7666206359863,-1.97917437214032e-19,-7.71430563872855e-08,-1.10211246351355e-07
45.7999534606934,2.37749337334545e-19,1.4549812021869e-08,2.07991561751442e-08
45.8332862854004,-4.41793190820223e-20,-9.12579949385872e-08,-1.30375369167268e-07
45.8666191101074,-1.97881286836324e-19,-7.714320560126e-08,-1.10211459514176e-07
45.8999557495117,2.37840740792232e-19,1.45500989034986e-08,2.07995647372172e-08
45.9332885742188,-4.42428536616497e-20,-9.12574265043986e-08,-1.30374559148549e-07
45.9666213989258,-1.97852606933523e-19,-7.71433548152345e-08,-1.10211672676996e-07
45.9999542236328,2.37773532367462e-19,1.45503857851281e-08,2.07999750756471e-08
46.0332870483398,-4.41950161266152e-20,-9.125685807021e-08,-1.30373749129831e-07
46.0666198730469,-1.97714997683806e-19,-7.7143504029209e-08,-1.10211885839817e-07
46.0999526977539,2.37715112736701e-19,1.45506717785793e-08,2.08003836377202e-08
46.1332855224609,-4.41868121751493e-20,-9.12562896360214e-08,-1.30372939111112e-07
46.1666221618652,-1.98112057302529e-19,-7.71436461377561e-08,-1.10212099002638e-07
46.1999549865723,2.37105997613132e-19,1.45509586602088e-08,2.08007939761501e-08
46.2332878112793,-4.4328250366373e-20,-9.12557212018328e-08,-1.30372129092393e-07
46.2666206359863,-1.97771181341975e-19,-7.71437953517307e-08,-1.10212312165459e-07
46.2999534606934,2.37708598689377e-19,1.45512455418384e-08,2.08012025382232e-08
46.3332862854004,-4.40704931326833e-20,-9.12551527676442e-08,-1.30371319073674e-07
46.3666191101074,-1.97814517851254e-19,-7.71439445657052e-08,-1.10212525328279e-07
46.3999519348145,2.37763890543447e-19,1.45515315352895e-08,2.08016128766531e-08
46.4332885742188,-4.41319823789992e-20,-9.12545843334556e-08,-1.30370509054956e-07
46.4666213989258,-1.97831384580932e-19,-7.71440937796797e-08,-1.10212731385673e-07
46.4999542236328,2.38133743674835e-19,1.45518184169191e-08,2.08020214387261e-08
46.5332870483398,-4.41297884116714e-20,-9.1254015899267e-08,-1.30369699036237e-07
46.5666198730469,-1.97802329861916e-19,-7.71442429936542e-08,-1.10212944548493e-07
46.5999526977539,2.37664111882058e-19,1.45521052985487e-08,2.0802431777156e-08
46.6332855224609,-4.41742267513762e-20,-9.12534474650784e-08,-1.30368889017518e-07
46.666618347168,-1.97761113002956e-19,-7.71443922076287e-08,-1.10213157711314e-07
46.6999549865723,2.37536674368937e-19,1.45523912919998e-08,2.08028403392291e-08
46.7332878112793,-4.42122996777736e-20,-9.12528790308897e-08,-1.30368064787945e-07
46.7666206359863,-1.97607386655992e-19,-7.71445414216032e-08,-1.10213370874135e-07
46.7999534606934,2.37814994795667e-19,1.45526781736294e-08,2.0803250677659e-08
46.8332862854004,-4.42904036221745e-20,-9.12523105967011e-08,-1.30367254769226e-07
46.8666191101074,-1.97755658780792e-19,-7.71446906355777e-08,-1.10213584036956e-07
46.8999519348145,2.37562756407626e-19,1.45529650552589e-08,2.0803659239732e-08
46.9332847595215,-4.42188008004003e-20,-9.12517421625125e-08,-1.30366444750507e-07
46.9666213989258,-1.97869473663201e-19,-7.71448398495522e-08,-1.10213797199776e-07
46.9999542236328,2.3800896864931e-19,1.45532510487101e-08,2.08040678018051e-08
47.0332870483398,-4.43405062103707e-20,-9.12511737283239e-08,-1.30365634731788e-07
47.0666198730469,-1.98037804917855e-19,-7.71449819580994e-08,-1.10214010362597e-07
47.0999526977539,2.37756187423993e-19,1.45535379303396e-08,2.0804478140235e-08
47.1332855224609,-4.42181965708123e-20,-9.12506052941353e-08,-1.3036482471307e-07
47.166618347168,-1.97891148380189e-19,-7.71451311720739e-08,-1.1021421641999e-07
47.199951171875,2.37636659825479e-19,1.45538248119692e-08,2.08048867023081e-08
47.2332878112793,-4.42279094806612e-20,-9.12500368599467e-08,-1.30364014694351e-07
47.2666206359863,-1.97841840660862e-19,-7.71452803860484e-08,-1.10214429582811e-07
47.2999534606934,2.37546135247193e-19,1.45541108054204e-08,2.0805297040738e-08
47.3332862854004,-4.42145808868066e-20,-9.12494684257581e-08,-1.30363204675632e-07
47.3666191101074,-1.9776475776753e-19,-7.71454296000229e-08,-1.10214642745632e-07
47.3999519348145,2.37578136797141e-19,1.45543976870499e-08,2.0805705602811e-08
47.4332847595215,-4.43915781508474e-20,-9.12489070969968e-08,-1.30362394656913e-07
47.4666175842285,-1.97820075470995e-19,-7.71455788139974e-08,-1.10214855908453e-07
47.4999542236328,2.37764485079513e-19,1.45546836805011e-08,2.08061159412409e-08
47.5332870483398,-4.43309128539697e-20,-9.12483386628082e-08,-1.30361584638194e-07
47.5666198730469,-1.97977407808442e-19,-7.71457280279719e-08,-1.10215069071273e-07
47.5999526977539,2.37772834433821e-19,1.45549705621306e-08,2.0806524503314e-08
47.6332855224609,-4.43203856882052e-20,-9.12477702286196e-08,-1.30360760408621e-07
47.666618347168,-1.97712412744392e-19,-7.71458772419464e-08,-1.10215282234094e-07
47.699951171875,2.37455093681024e-19,1.45552574437602e-08,2.08069348417439e-08
47.733283996582,-4.42324234311133e-20,-9.1247201794431e-08,-1.30359950389902e-07
47.7666206359863,-1.9740824292352e-19,-7.71460264559209e-08,-1.10215495396915e-07
47.7999534606934,2.37396027815408e-19,1.45555434372113e-08,2.0807343403817e-08
47.8332862854004,-4.42239932974487e-20,-9.12466333602424e-08,-1.30359140371183e-07
47.8666191101074,-1.97707553058293e-19,-7.71461756698955e-08,-1.10215701454308e-07
47.8999519348145,2.37745227280877e-19,1.45558303188409e-08,2.080775196589e-08
47.9332847595215,-4.40958546195111e-20,-9.12460649260538e-08,-1.30358330352465e-07
47.9666175842285,-1.97911737422623e-19,-7.71463177784426e-08,-1.10215914617129e-07
47.9999504089355,2.37517132226965e-19,1.45561172004705e-08,2.08081623043199e-08
48.0332870483398,-4.41466066737352e-20,-9.12454964918652e-08,-1.30357520333746e-07
48.0666198730469,-1.97751820145762e-19,-7.71464669924171e-08,-1.1021612777995e-07
48.0999526977539,2.37844954243477e-19,1.45564031939216e-08,2.0808570866393e-08
48.1332855224609,-4.40260612553269e-20,-9.12449280576766e-08,-1.30356710315027e-07
48.166618347168,-1.97655014164699e-19,-7.71466162063916e-08,-1.1021634094277e-07
48.199951171875,2.37785681582709e-19,1.45566900755512e-08,2.08089812048229e-08
48.233283996582,-4.39591016309756e-20,-9.1244359623488e-08,-1.30355900296308e-07
48.2666168212891,-1.97687985066928e-19,-7.71467654203661e-08,-1.10216554105591e-07
48.2999534606934,2.37676778085188e-19,1.45569760690023e-08,2.08093897668959e-08
48.3332862854004,-4.39934910187077e-20,-9.12437911892994e-08,-1.3035509027759e-07
48.3666191101074,-1.97871645012308e-19,-7.71469146343406e-08,-1.10216767268412e-07
48.3999519348145,2.3821028373089e-19,1.45572629506319e-08,2.08098001053258e-08
48.4332847595215,-4.40383849539843e-20,-9.12432227551108e-08,-1.30354280258871e-07
48.4666175842285,-1.97925192032274e-19,-7.71470638483152e-08,-1.10216973325805e-07
48.4999504089355,2.37850124122306e-19,1.45575498322614e-08,2.08102086673989e-08
48.5332832336426,-4.40982069143781e-20,-9.12426543209222e-08,-1.30353456029297e-07
48.5666198730469,-1.97938969759352e-19,-7.71472130622897e-08,-1.10217186488626e-07
48.5999526977539,2.37806697140147e-19,1.45578358257126e-08,2.0810617229472e-08
48.6332855224609,-4.40175147993887e-20,-9.12420858867335e-08,-1.30352646010579e-07
48.666618347168,-1.97741299442346e-19,-7.71473622762642e-08,-1.10217399651447e-07
48.699951171875,2.37895696604179e-19,1.45581227073421e-08,2.08110275679019e-08
48.733283996582,-4.41050860843942e-20,-9.12415174525449e-08,-1.3035183599186e-07
48.7666168212891,-1.97849259436981e-19,-7.71475114902387e-08,-1.10217612814267e-07
48.7999496459961,2.37878765251016e-19,1.45584087007933e-08,2.08114361299749e-08
48.8332862854004,-4.40623731917483e-20,-9.12409490183563e-08,-1.30351025973141e-07
48.8666191101074,-1.97824082127087e-19,-7.71476535987858e-08,-1.10217825977088e-07
48.8999519348145,2.38120508785034e-19,1.45586955824228e-08,2.08118464684048e-08
48.9332847595215,-4.40454676879793e-20,-9.12403805841677e-08,-1.30350215954422e-07
48.9666175842285,-1.98003089181522e-19,-7.71478028127603e-08,-1.10218039139909e-07
48.9999504089355,2.37524034015201e-19,1.4558981575874e-08,2.08122550304779e-08
49.0332832336426,-4.40534293013751e-20,-9.12398121499791e-08,-1.30349405935704e-07
49.0666160583496,-1.97333189207628e-19,-7.71479520267349e-08,-1.1021825230273e-07
49.0999526977539,2.37922657522269e-19,1.45592684575035e-08,2.08126653689078e-08
49.1332855224609,-4.41562388042275e-20,-9.12392437157905e-08,-1.30348595916985e-07
49.166618347168,-1.97660636407925e-19,-7.71481012407094e-08,-1.10218458360123e-07
49.199951171875,2.37937029785412e-19,1.45595553391331e-08,2.08130739309809e-08
49.233283996582,-4.38520334404383e-20,-9.12386823870293e-08,-1.30347785898266e-07
49.2666168212891,-1.97375672686901e-19,-7.71482504546839e-08,-1.10218671522944e-07
49.2999496459961,2.38079563344713e-19,1.45598413325843e-08,2.08134824930539e-08
49.3332824707031,-4.3855468178685e-20,-9.12381139528406e-08,-1.30346975879547e-07
49.3666191101074,-1.97604310578089e-19,-7.71483996686584e-08,-1.10218884685764e-07
49.3999519348145,2.37804887682557e-19,1.45601282142138e-08,2.08138928314838e-08
49.4332847595215,-4.39387387707401e-20,-9.1237545518652e-08,-1.30346151649974e-07
49.4666175842285,-1.97658852799729e-19,-7.71485488826329e-08,-1.10219097848585e-07
49.4999504089355,2.37851571688378e-19,1.4560414207665e-08,2.08143013935569e-08
49.5332832336426,-4.38880545711756e-20,-9.12369770844634e-08,-1.30345341631255e-07
49.5666160583496,-1.97632447643613e-19,-7.71486980966074e-08,-1.10219311011406e-07
49.5999488830566,2.37874138209464e-19,1.45607010892945e-08,2.08147117319868e-08
49.6332855224609,-4.39824339403633e-20,-9.12364086502748e-08,-1.30344531612536e-07
49.666618347168,-1.97408940857162e-19,-7.71488473105819e-08,-1.10219524174227e-07
49.699951171875,2.37725013054657e-19,1.45609870827457e-08,2.08151202940599e-08
49.733283996582,-4.38830204016664e-20,-9.12358402160862e-08,-1.30343721593817e-07
49.7666168212891,-1.97715695617448e-19,-7.71489894191291e-08,-1.10219737337047e-07
49.7999496459961,2.37820604114195e-19,1.45612739643752e-08,2.08155288561329e-08
49.8332824707031,-4.40296898640297e-20,-9.12352717818976e-08,-1.30342911575099e-07
49.8666152954102,-1.97388713706245e-19,-7.71491386331036e-08,-1.10219943394441e-07
49.8999519348145,2.3792746550958e-19,1.45615608460048e-08,2.08159391945628e-08
49.9332847595215,-4.40558979185157e-20,-9.1234703347709e-08,-1.3034210155638e-07
49.9666175842285,-1.97616433943942e-19,-7.71492878470781e-08,-1.10220156557261e-07
49.9999504089355,2.37791316750632e-19,1.45618468394559e-08,2.08163477566359e-08
