Time,U1,U2,U3
0.0,0.0,0.0,0.0
0.00041666699689813,6.89527413817837e-23,-1.75328382454737e-12,5.16423293017709e-11
0.000833333993796259,1.73573519359661e-22,-9.12067990577192e-12,1.50262871589923e-10
0.00125000101979822,-4.4503748895668e-23,-4.56990218236641e-12,4.70627217752373e-11
0.00166666798759252,-1.53401979981699e-22,9.68293240727336e-12,-9.24142151692564e-11
0.00208333507180214,5.20543285256361e-22,-9.11014319537884e-12,1.50984669211596e-10
0.00250000203959644,1.36068396109263e-22,-1.5362107419481e-11,1.81782630614968e-10
0.00291666900739074,-6.73365509270708e-22,1.39140825597406e-11,-1.40282827021387e-10
0.00333333597518504,7.33881313851393e-22,-1.46103452686869e-12,4.48782469519848e-11
0.00375000294297934,7.26032337171061e-22,-2.0615660220602e-11,2.56514753882442e-10
0.00416667014360428,-1.64716661170205e-21,7.29281392219949e-12,-6.03734007231793e-11
0.00458333687856793,-9.26983204826657e-22,6.58834792277574e-12,-5.57433925407747e-11
0.00500000407919288,8.37296106520917e-22,-1.76252779732211e-11,2.17411644243271e-10
0.00541667081415653,1.70005028168803e-22,-1.10489872459651e-12,4.60617897990456e-11
0.00583333801478148,1.41368821951203e-21,6.80960279483833e-12,-5.49861614573821e-11
0.00625000521540642,1.60133452517163e-21,-1.03805089524123e-11,1.19355275662869e-10
0.00666667195037007,-3.53224418084434e-21,-2.956860884612e-12,7.49036527247782e-11
0.00708333915099502,-3.79848001581278e-21,-1.84098382697249e-13,3.061502440449e-11
0.00750000588595867,3.63431010971836e-21,-5.58442701803497e-12,6.10659509070466e-11
0.00791667308658361,5.0169069606838e-21,1.42934448998933e-12,1.62009242826722e-11
0.00833334028720856,-2.34900633933663e-21,-5.75962845125733e-12,1.03215526403577e-10
0.00875000655651093,-5.61339909807865e-21,-7.99632408898798e-12,9.26983004245763e-11
0.00916667375713587,-2.54293809305153e-23,7.3826682614464e-12,-6.20716811283728e-11
0.00958334095776081,5.50372254211365e-21,-5.22260446694789e-12,9.84564235695373e-11
0.0100000081583858,3.21572117684958e-21,-1.41058163413699e-11,1.69073102740391e-10
0.0104166753590107,-2.60749058723665e-21,9.28264583255345e-12,-8.43704203723483e-11
0.0108333416283131,-4.02406242783429e-21,-4.79143363440321e-13,3.55921091210742e-11
0.011250008828938,-1.6710957795615e-21,-1.71678088412008e-11,2.09653780447461e-10
0.011666676029563,1.97425595944925e-21,5.6560880111467e-12,-3.80988435244589e-11
0.0120833432301879,5.08870769188182e-21,3.67326308259308e-12,-1.8047936409249e-11
0.0125000104308128,1.17071724316843e-21,-1.51211682064556e-11,1.83855874968941e-10
0.0129166767001152,-6.23987370540106e-21,9.91244738200725e-13,2.11743504674455e-11
0.0133333439007401,-3.37485348031213e-21,3.43397922944466e-12,-1.40459692488104e-11
0.0137500111013651,5.04716206094021e-21,-1.08188909220264e-11,1.27585567111232e-10
0.01416667830199,3.81541136897597e-21,-6.71079809560701e-14,3.54259330204165e-11
0.0145833445712924,-2.40993598665909e-21,-3.57269552483941e-13,3.44797558560206e-11
0.0150000117719173,-3.22725182417256e-21,-8.51347204539055e-12,9.79182915306076e-11
0.0154166789725423,-1.27903418158607e-21,2.71610988908377e-12,-2.33321364615999e-13
0.0158333461731672,7.92956772015115e-22,-3.47097611069769e-12,7.42185965463271e-11
0.0162500124424696,3.11006117244783e-21,-1.00335096134274e-11,1.17986273528992e-10
0.0166666805744171,1.88639851357264e-21,6.06169715117177e-12,-4.38307619365919e-11
0.0170833468437195,-2.73230095373e-21,-3.07140792833727e-12,6.94815247004321e-11
0.0175000131130219,-4.04001796636861e-21,-1.33729685311557e-11,1.60730678766541e-10
0.0179166812449694,9.0293044455146e-22,6.84032474759788e-12,-5.37173569514771e-11
0.0183333475142717,5.22669498898759e-21,-2.22096429788876e-13,3.27555864376716e-11
0.0187500156462193,1.35459054702522e-21,-1.50425661510356e-11,1.82136403181765e-10
0.0191666819155216,-4.5478963611598e-21,4.73618410115617e-12,-2.64113609454997e-11
0.019583348184824,-2.53327859224129e-21,2.0093180591596e-12,3.77398589809785e-12
0.0200000163167715,2.07458775748342e-21,-1.37695610122335e-11,1.65950087005484e-10
0.0204166825860739,2.03007833194468e-21,2.1859107406097e-12,6.27420945059631e-12
0.0208333507180214,1.12678306762355e-21,1.6881685936318e-12,8.0331461968508e-12
0.0212500169873238,-4.03809617498575e-22,-1.12913168398565e-11,1.33959163206576e-10
0.0216666832566261,-3.62398085337782e-21,1.67725425562204e-12,1.28206603319803e-11
0.0220833513885736,-1.38419597930541e-21,-4.67443033065618e-13,3.58695503854811e-11
0.022500017657876,4.37479468159566e-21,-1.01108453207099e-11,1.18660969938844e-10
0.0229166857898235,2.81406440493757e-21,3.3234890534084e-12,-8.30188522094044e-12
0.0233333520591259,-3.00240107117432e-21,-2.13480448596481e-12,5.72760623651636e-11
0.0237500183284283,-3.41565331584306e-21,-1.10899544755738e-11,1.31333957598123e-10
0.0241666864603758,3.97813264876936e-22,5.201384462028e-12,-3.25240286092043e-11
0.0245833527296782,2.85685928863046e-21,-1.83263799101441e-12,5.33689620274558e-11
0.0250000208616257,1.76525512597645e-21,-1.2950186929761e-11,1.55349705321939e-10
0.025416687130928,-1.2477882215456e-21,5.52651804527904e-12,-3.67775636334056e-11
0.0258333534002304,-2.41574583994096e-21,-1.85095143964524e-13,3.22102552963166e-11
0.0262500215321779,-1.07606080078723e-21,-1.38115690759277e-11,1.66378175125992e-10
0.0266666878014803,1.45705138597927e-21,4.27745816197755e-12,-2.06191053814253e-11
0.0270833540707827,3.25176209852924e-21,1.02567336134757e-12,1.65626418829889e-11
0.0275000222027302,2.24260230657263e-22,-1.30325984379343e-11,1.56363019754302e-10
0.0279166884720325,-4.29133546974268e-21,2.88001957352013e-12,-2.61305733995076e-12
0.0283333566039801,-1.62239572294584e-21,7.57591634825e-13,2.0002846601308e-11
0.0287500228732824,3.54359771942777e-21,-1.16308620720651e-11,1.38325698118003e-10
0.0291666891425848,2.15477338590635e-21,2.66388690620123e-12,1.38710074784783e-13
0.0295833572745323,-1.2285770729881e-21,-4.80556783602482e-13,3.59934547444762e-11
0.0300000235438347,-1.71880618808347e-21,-1.10244001427784e-11,1.30479557713947e-10
0.0304166916757822,-1.42713838629847e-21,3.62992817228014e-12,-1.22873950597624e-11
0.0308333579450846,5.94716405186309e-22,-1.37267855502415e-12,4.74759433155558e-11
0.0312500260770321,3.00052739399578e-21,-1.16333505328914e-11,1.38332428845089e-10
0.0316666923463345,8.72687057301773e-22,4.66724662390172e-12,-2.565290861678e-11
0.0320833586156368,-2.76180621960789e-21,-1.14474109445123e-12,4.45305320395661e-11
0.0325000248849392,-2.27430421559453e-21,-1.26804747258014e-11,1.5183743151681e-10
0.0329166911542416,1.13239692999124e-21,4.79776678455335e-12,-2.73455771915287e-11
0.0333333611488342,3.10667086284735e-21,-2.03755415317808e-13,3.24126628314936e-11
0.0337500274181366,7.41288023553822e-22,-1.31154878624251e-11,1.57437937686744e-10
0.034166693687439,-2.82506190850636e-21,4.05982582621367e-12,-1.78338160211622e-11
0.0345833599567413,-1.76641390584823e-21,4.4787787302665e-13,2.40168353954351e-11
0.0350000262260437,1.28444397510391e-21,-1.26388500359953e-11,1.51290549532668e-10
0.0354166962206364,1.59810486551678e-21,3.29171087089242e-12,-7.92817027306381e-12
0.0358333624899387,9.73900662988466e-22,2.53560274990003e-13,2.65135916693859e-11
0.0362500287592411,-6.20038714026159e-22,-1.18528303491572e-11,1.4116775803874e-10
0.0366666950285435,-2.85265573285647e-21,3.21306046005554e-12,-6.91974515881766e-12
0.0370833612978458,-5.50096917774071e-22,-4.56957659645402e-13,3.56732872408561e-11
0.0375000312924385,3.30686068798869e-21,-1.15447044285455e-11,1.37195727001327e-10
0.0379166975617409,1.45474755872634e-21,3.77795407804915e-12,-1.42001809616543e-11
0.0383333638310432,-2.10305601836975e-21,-9.32669631630023e-13,4.18058400397658e-11
0.0387500301003456,-1.89750668486011e-21,-1.19176933946474e-11,1.4199953712879e-10
0.039166696369648,1.78935047211875e-23,4.34799765636207e-12,-2.15431370659269e-11
0.0395833663642406,1.76379059623957e-21,-7.7174936363375e-13,3.97291227693941e-11
0.040000032633543,1.68931283716069e-21,-1.25051514282548e-11,1.4957222960188e-10
0.0404166989028454,-9.40699034722427e-22,4.39087828596474e-12,-2.20966907965581e-11
0.0408333651721478,-2.13107655967159e-21,-2.34660164563638e-13,3.28075414057771e-11
0.0412500314414501,-4.87963052191694e-22,-1.27229182050881e-11,1.52379373008493e-10
0.0416667014360428,1.32154320733046e-21,3.95889787965786e-12,-1.65309207295072e-11
0.0420833677053452,2.02370322511434e-21,1.12617631420429e-13,2.83336062945061e-11
0.0425000339746475,1.10418911942139e-23,-1.24327085085363e-11,1.48637852026567e-10
0.0429167002439499,-2.84873934769552e-21,3.53744008911583e-12,-1.10981310946778e-11
0.0433333665132523,-1.04486441907694e-21,-2.05548570514618e-14,3.00488453564007e-11
0.0437500365078449,2.35043128718873e-21,-1.19931382533411e-11,1.4297336925484e-10
0.0441667027771473,1.39731212345191e-21,3.51699658979188e-12,-1.08343490429208e-11
0.0445833690464497,-6.57404114233024e-22,-4.26208818671975e-13,3.52757996424646e-11
0.045000035315752,-1.15897465100832e-21,-1.18397409931692e-11,1.40997435948975e-10
0.0454167015850544,-1.31395338092383e-21,3.84668859265691e-12,-1.50840191032175e-11
0.0458333715796471,5.66524207751491e-22,-6.78957812281361e-13,3.85338393138479e-11
0.0462500378489494,2.423951406994e-21,-1.20656054591883e-11,1.43907386007669e-10
0.0466667041182518,2.38211052750366e-22,4.15858276633929e-12,-1.91027627743923e-11
0.0470833703875542,-2.10563106231278e-21,-5.70290396937484e-13,3.71330188819741e-11
0.0475000366568565,-1.14253191197893e-21,-1.2394040654895e-11,1.4814000026675e-10
0.0479167066514492,7.28648427124715e-22,4.16520203744275e-12,-1.91877486122038e-11
0.0483333729207516,1.84930584466882e-21,-2.64426718368793e-13,3.31908493744759e-11
0.0487500391900539,7.39140807278683e-22,-1.2501274321286e-11,1.49522338954711e-10
0.0491667054593563,-1.88699668470897e-21,3.91364675042527e-12,-1.5946176670778e-11
0.0495833717286587,-1.46648439535729e-21,-8.06360390243586e-14,3.08224765155352e-11
0.0500000417232513,9.67649249548065e-22,-1.23260646481271e-11,1.4726422858935e-10
0.0504167079925537,1.27116253619876e-21,3.68334009126503e-12,-1.29780136290392e-11
0.0508333742618561,6.21436853229249e-22,-1.6890488844807e-13,3.19599346987332e-11
0.0512500405311584,-5.4650637634319e-22,-1.20808129125405e-11,1.44103493027181e-10
0.0516667068004608,-2.02698165530579e-21,3.6850917282949e-12,-1.30002597228951e-11
0.0520833767950535,-2.05793716307184e-22,-3.9961236359895e-13,3.49327372584085e-11
0.0525000430643559,2.37104254394615e-21,-1.20061269953675e-11,1.43141234976163e-10
0.0529167093336582,7.4839953519463e-22,3.87679255017814e-12,-1.54707757021866e-11
0.0533333756029606,-1.41585583257473e-21,-5.33042685511853e-13,3.66522368011601e-11
0.053750041872263,-1.08043682048777e-21,-1.21418439538723e-11,1.44890197062431e-10
0.0541667081415653,-2.16100707837538e-22,4.04682927793165e-12,-1.76619517622267e-11
0.054583378136158,1.16951292393431e-21,-4.61956807442515e-13,3.57360634140047e-11
0.0550000444054604,1.49192777225799e-21,-1.23248338618209e-11,1.47248352400098e-10
0.0554167106747627,-8.32175048716163e-22,4.0406406519311e-12,-1.75819966224955e-11
0.0558333769440651,-1.71914384579445e-21,-2.88283584287327e-13,3.34977150184823e-11
0.0562500432133675,-4.33969486466504e-23,-1.23763976497826e-11,1.47912918024851e-10
0.0566667132079601,9.80875455568069e-22,3.89474867287798e-12,-1.57017680108007e-11
0.0570833794772625,1.18176725331908e-21,-1.91704413302941e-13,3.22529468410604e-11
0.0575000457465649,6.28465667003641e-23,-1.22714312669747e-11,1.46560250047223e-10
0.0579167120158672,-1.9236713204419e-21,3.76943918786732e-12,-1.40868124456905e-11
0.0583333782851696,-7.67273682373428e-22,-2.48768020072454e-13,3.29882475502696e-11
0.0587500482797623,1.67552067077284e-21,-1.21349935308657e-11,1.44801934331973e-10
0.0591667145490646,9.36151156940519e-22,3.77787124500317e-12,-1.41953237359216e-11
0.059583380818367,-4.43557175690815e-22,-3.79578557170926e-13,3.46738644740885e-11
0.0600000470876694,-7.66913709365158e-22,-1.20996294580844e-11,1.44346201658152e-10
0.0604167133569717,-1.05508583497629e-21,3.88888877697613e-12,-1.5625889471238e-11
0.0608333833515644,4.79296184524829e-22,-4.49477477806881e-13,3.557450514724e-11
0.0612500496208668,1.87499489178806e-21,-1.21806375749656e-11,1.45390199879358e-10
0.0616667158901691,-7.89992447303461e-23,3.98122984232585e-12,-1.68158126312434e-11
0.0620833821594715,-1.54567956789294e-21,-4.04027451685746e-13,3.49886786210618e-11
0.0625000521540642,-5.07072166324278e-22,-1.22822628803587e-11,1.4669986059257e-10
0.0629167184233665,4.04603299921648e-22,3.97218542780298e-12,-1.66991177830145e-11
0.0633333846926689,1.13063260786683e-21,-3.05728586977999e-13,3.37217476165108e-11
0.0637500509619713,7.21366168118694e-22,-1.23062419629671e-11,1.47008891171474e-10
0.0641667172312737,-1.3651020617893e-21,3.88789174465831e-12,-1.56126916950328e-11
0.064583383500576,-1.17810542410592e-21,-2.5539387770411e-13,3.30729367503668e-11
0.0650000497698784,8.41371122143574e-22,-1.22437737032355e-11,1.46203882334106e-10
0.0654167160391808,9.12828642049841e-22,3.82001591817116e-12,-1.47378550335864e-11
0.0658333823084831,3.18661915142289e-22,-2.91580344938258e-13,3.35391471539825e-11
0.0662500560283661,-3.43542436631666e-22,-1.21681085346603e-11,1.45228787329366e-10
0.0666667222976685,-1.43837641040183e-21,3.82894540726375e-12,-1.48528134236159e-11
0.0670833885669708,-1.14668581369211e-22,-3.65537759566478e-13,3.44921174955104e-11
0.0675000548362732,1.74778113748465e-21,-1.21520094334415e-11,1.45021314401639e-10
0.0679167211055756,3.77960677740174e-22,3.89299920425246e-12,-1.56781532201222e-11
0.0683333873748779,-1.00287106855084e-21,-4.01839504596616e-13,3.49597989446337e-11
0.0687500536441803,-5.89794317034514e-22,-1.220006821262e-11,1.45640680071502e-10
0.0691667199134827,-2.85558307576888e-22,3.94293408687019e-12,-1.63215569531916e-11
0.069583386182785,7.82260625933885e-22,-3.7328527855568e-13,3.45916871535845e-11
0.0700000524520874,1.245383521071e-21,-1.22563226928607e-11,1.46365655706582e-10
0.0704167261719704,-7.32987540756665e-22,3.93473795212707e-12,-1.62158134142665e-11
0.0708333924412727,-1.31911972565543e-21,-3.17826711129787e-13,3.38768561813918e-11
0.0712500587105751,2.04734989241731e-22,-1.22669374658102e-11,1.46502462938791e-10
0.0716667249798775,6.43869886428524e-22,3.88621600178052e-12,-1.55903814164082e-11
0.0720833912491798,6.78478337678499e-22,-2.9185334704529e-13,3.35419955699301e-11
0.0725000575184822,1.70360760260847e-22,-1.22299757127076e-11,1.46026135627864e-10
0.0729167237877846,-1.36956370760794e-21,3.84962634686348e-12,-1.51187239810779e-11
0.0733333900570869,-6.04508731240322e-22,-3.14456333151344e-13,3.3833151558138e-11
0.0737500563263893,1.29134889353997e-21,-1.21881489276165e-11,1.45487136227196e-10
0.0741667225956917,6.00448003466381e-22,3.85699848795551e-12,-1.52136133552139e-11
0.0745833963155746,-3.68869188336134e-22,-3.56154369234377e-13,3.43703850103072e-11
0.075000062584877,-4.39259562453367e-22,-1.21812525344378e-11,1.45398262874075e-10
0.0754167288541794,-8.17872760690791e-22,3.89383057047832e-12,-1.56881521662378e-11
0.0758333951234818,3.3615642663939e-22,-3.74823788543491e-13,3.46108454396532e-11
0.0762500613927841,1.4557138817808e-21,-1.22096039875674e-11,1.45763651149267e-10
0.0766667276620865,-2.06304241841494e-22,3.92071141178119e-12,-1.60344463401296e-11
0.0770833939313889,-1.14154347557558e-21,-3.57136547982431e-13,3.43827744053726e-11
0.0775000602006912,-1.51378027956166e-22,-1.22406390579144e-11,1.46163608993888e-10
0.0779167264699936,1.89076024542447e-22,3.9143722985191e-12,-1.59526350462791e-11
0.078333392739296,6.97516063054604e-22,-3.25951180109307e-13,3.3980752239815e-11
0.0787500664591789,6.7492783251628e-22,-1.22449715297956e-11,1.46219467089814e-10
0.0791667327284813,-1.04125237014234e-21,3.88654429819835e-12,-1.55938907620001e-11
0.0795833989977837,-9.21426392879634e-22,-3.12711174229457e-13,3.38099929997338e-11
0.080000065267086,7.65284086818039e-22,-1.22232137605982e-11,1.45939080264945e-10
0.0804167315363884,5.93222845368124e-22,3.86692587672766e-12,-1.5340947262521e-11
0.0808333978056908,1.18786094506554e-22,-3.26661386742394e-13,3.3989637493459e-11
0.0812500640749931,-1.29253521412368e-22,-1.22001688265816e-11,1.45642109483646e-10
0.0816667303442955,-1.05536523057626e-21,3.87238938831524e-12,-1.54112382577676e-11
0.0820833966135979,-1.14338723914858e-22,-3.50109643967172e-13,3.42916840756491e-11
0.0825000628829002,1.35014010934232e-21,-1.21975138323016e-11,1.45607914614487e-10
0.0829167366027832,1.62260521915871e-22,3.8935035751031e-12,-1.56832168779486e-11
0.0833334028720856,-7.56985522530604e-22,-3.59603595815813e-13,3.44138988139786e-11
0.0837500691413879,-2.62413027643508e-22,-1.22141532998832e-11,1.45822368069481e-10
0.0841667354106903,-2.89137312705891e-22,3.90790524940066e-12,-1.58686917772766e-11
0.0845834016799927,5.01554027494272e-22,-3.48778352119578e-13,3.42742605130564e-11
0.085000067949295,1.02906286619131e-21,-1.22312134379077e-11,1.46042219983933e-10
0.0854167342185974,-6.32602125424483e-22,3.90338369266052e-12,-1.58103044545221e-11
0.0858334004878998,-1.0008875314472e-21,-3.3130402176014e-13,3.40489338113148e-11
0.0862500667572021,3.35535107168664e-22,-1.22327191778848e-11,1.46061648886864e-10
0.0866667330265045,3.80176076841073e-22,3.88748365096059e-12,-1.56052740174495e-11
0.0870833992958069,3.7414587262027e-22,-3.24659136380356e-13,3.39631656132156e-11
0.0875000730156898,2.60743116392238e-22,-1.22199698276981e-11,1.45897363634795e-10
0.0879167392849922,-1.02396124591926e-21,3.87703020729435e-12,-1.54704426352792e-11
0.0883334055542946,-4.89444545593474e-22,-3.33187253828693e-13,3.40729354453284e-11
0.088750071823597,1.05427077126724e-21,-1.22073158873026e-11,1.45734299628053e-10
0.0891667380928993,3.46846640486613e-22,3.88084182845194e-12,-1.55194451040286e-11
0.0895834043622017,-3.37246039187005e-22,-3.46342393783491e-13,3.42423311927575e-11
0.0900000706315041,-1.77108524982814e-22,-1.2206513577695e-11,1.45723974553924e-10
0.0904167369008064,-6.41764170547886e-22,3.89291246807866e-12,-1.56748797969231e-11
0.0908334031701088,1.94952886825049e-22,-3.51108600743846e-13,3.43036224426108e-11
0.0912500694394112,1.16047977237193e-21,-1.22162323659691e-11,1.45849235466677e-10
0.0916667431592941,-2.55832665516517e-22,3.90059122154507e-12,-1.57737139322434e-11
0.0920834094285965,-8.64810767101459e-22,-3.44553541514053e-13,3.42190130397935e-11
0.0925000756978989,6.52184126959868e-23,-1.22255729845255e-11,1.4596962527591e-10
0.0929167419672012,5.13699153286212e-23,3.89752423043954e-12,-1.57340702966469e-11
0.0933334082365036,4.13957170773652e-22,-3.34800709291677e-13,3.40931935460809e-11
0.093750074505806,6.22187444914236e-22,-1.22258913062834e-11,1.45973733101101e-10
0.0941667407751083,-8.21112164355539e-22,3.88847461174624e-12,-1.56173286108841e-11
0.0945834070444107,-7.17645016565458e-22,-3.31535011032988e-13,3.40509738461225e-11
0.0950000733137131,7.06550072897646e-22,-1.22184519446566e-11,1.45877879220713e-10
0.0954167395830154,3.44019539707144e-22,3.88294691539004e-12,-1.55459690259763e-11
0.0958334133028984,-6.33284242405175e-24,-3.36710070632587e-13,3.41175317164488e-11
0.0962500795722008,4.46178371152247e-23,-1.22115260611788e-11,1.45788645045108e-10
0.0966667458415031,-8.0688262823829e-22,3.88550693355971e-12,-1.55788403011226e-11
0.0970834121108055,-1.33229973598082e-22,-3.44077170184517e-13,3.42123378238579e-11
0.0975000783801079,1.09175340251551e-21,-1.22114636111337e-11,1.45787840133416e-10
0.0979167446494102,2.22212256239444e-23,3.892391617355e-12,-1.5667448241552e-11
0.0983334109187126,-6.02216818942504e-22,-3.46435960430977e-13,3.42426018096198e-11
0.098750077188015,-3.43983996790198e-23,-1.22171136054949e-11,1.45860670763831e-10
0.0991667434573174,-2.78901255548135e-22,3.89646691648093e-12,-1.57198455641439e-11
0.0995834097266197,2.94128669156052e-22,-3.42506622022509e-13,3.41918299229249e-11
0.100000083446503,8.67857259565001e-22,-1.22222058862587e-11,1.45926312700162e-10
0.100416749715805,-5.43906997618953e-22,3.89445897405749e-12,-1.56938489981329e-11
0.100833415985107,-7.71003820630097e-22,-3.37089216132305e-13,3.41218824029266e-11
0.10125008225441,4.04265137339686e-22,-1.22220844556153e-11,1.45924758387928e-10
0.101666748523712,1.89760541238012e-22,3.8893311314625e-12,-1.56276450113957e-11
0.102083414793015,1.80970358834443e-22,-3.35532518653051e-13,3.41016867522193e-11
0.102500081062317,3.25772088875002e-22,-1.2217758922628e-11,1.45869039069879e-10
0.102916747331619,-7.97520755181264e-22,3.8864358779811e-12,-1.55902131482311e-11
0.103333413600922,-4.07214517870351e-22,-3.38656511687796e-13,3.41418143756655e-11
0.103750079870224,8.9546461445735e-22,-1.22139815622591e-11,1.45820355790249e-10
0.104166753590107,1.61992435425841e-22,3.88811205453976e-12,-1.5611697698481e-11
0.104583419859409,-3.1497481713661e-22,-3.42778702557694e-13,3.41948032389627e-11
0.105000086128712,1.89901791516258e-23,-1.22141619735006e-11,1.45822701136389e-10
0.105416752398014,-5.22601240342352e-22,3.89203383063808e-12,-1.56621139668633e-11
0.105833418667316,7.99589602858635e-23,-3.43929176587973e-13,3.42094963468043e-11
0.106250084936619,9.59405009378007e-22,-1.2217431059891e-11,1.45864847977961e-10
0.106666751205921,-2.73817507708754e-22,3.89418835719524e-12,-1.56897619896235e-11
0.107083417475224,-6.75453857589656e-22,-3.4159833165251e-13,3.41793225666631e-11
0.107500083744526,2.05058914462076e-22,-1.22201936070265e-11,1.45900472259264e-10
0.107916750013828,-4.13902568977237e-23,3.89290986599344e-12,-1.56731624206818e-11
0.108333416283131,2.20477787767134e-22,-3.38607803905197e-13,3.41406486414897e-11
0.108750090003014,5.81261189690076e-22,-1.22199542151868e-11,1.45897391390371e-10
0.109166756272316,-6.64947391535364e-22,3.8900193830016e-12,-1.56357964770093e-11
0.109583422541618,-5.69125151575765e-22,-3.37901527504986e-13,3.41314164431505e-11
0.110000088810921,6.57679218429667e-22,-1.22174466724023e-11,1.45865097778142e-10
0.110416755080223,1.61459783920861e-22,3.88852318400357e-12,-1.56163901254835e-11
0.110833421349525,-8.43947693321319e-23,-3.39782428538868e-13,3.41555221605727e-11
0.111250087618828,1.75248517186047e-22,-1.2215391892445e-11,1.45838618959004e-10
0.11166675388813,-6.4103947874414e-22,3.88960304936736e-12,-1.5630186381288e-11
0.112083420157433,-1.53354080347534e-22,-3.42090938909578e-13,3.41851373597546e-11
0.112500086426735,9.16264188090063e-22,-1.22156130696882e-11,1.45841477783293e-10
0.112916760146618,-7.32172792591978e-23,3.89183607216181e-12,-1.56588474825581e-11
0.11333342641592,-4.9623228347523e-22,-3.42645914896619e-13,3.41921560509384e-11
0.113750092685223,1.28170560539906e-22,-1.22174952446596e-11,1.45865750034169e-10
0.114166758954525,-2.70468345093097e-22,3.89297361708119e-12,-1.56733862000102e-11
0.114583425223827,1.42445257366257e-22,-3.41279874369396e-13,3.41744167686731e-11
0.11500009149313,7.53720976291084e-22,-1.22189845047638e-11,1.45884970770283e-10
0.115416757762432,-4.72620578487585e-22,3.89217911372919e-12,-1.56630299008587e-11
0.115833424031734,-6.08062820986494e-22,-3.39643731975953e-13,3.41531976311149e-11
0.116250090301037,4.44119349526312e-22,-1.22187511844563e-11,1.45881973168116e-10
0.116666756570339,5.40416294424237e-23,3.89056191776871e-12,-1.56420657676515e-11
0.117083430290222,5.15735077064843e-23,-3.39352027381445e-13,3.41493049116348e-11
0.117500096559525,3.735170558155e-22,-1.22173009556303e-11,1.45863293665727e-10
0.117916762828827,-6.40511484673944e-22,3.88980340992884e-12,-1.5632172639668e-11
0.118333429098129,-3.48436782123147e-22,-3.40485452332562e-13,3.41637794443184e-11
0.118750095367432,7.83797453195001e-22,-1.2216186395797e-11,1.45848944033133e-10
0.119166761636734,2.93951061856407e-23,3.89049296251054e-12,-1.56409364626686e-11
0.119583427906036,-2.97505019073947e-22,-3.41783350753244e-13,3.41803703396426e-11
0.120000094175339,1.60884432952804e-22,-1.22163746132942e-11,1.45851386523788e-10
0.120416760444641,-4.42033727510652e-22,3.89176755058451e-12,-1.56572411286193e-11
0.120833426713943,-5.16150467551705e-24,-3.42051717895989e-13,3.41836940698226e-11
0.121250100433826,8.21397164023378e-22,-1.22174518765727e-11,1.45865278189383e-10
0.121666766703129,-2.82120035233377e-22,3.89236993331155e-12,-1.56648877897014e-11
0.122083432972431,-5.44325030789848e-22,-3.41263719757026e-13,3.417340715961e-11
0.122500099241734,2.99868320128245e-22,-1.221824898201e-11,1.45875561630149e-10
0.122916765511036,-1.06769483622405e-22,3.89188898122783e-12,-1.5658566457355e-11
0.123333431780338,8.53692523637951e-23,-3.4038109787346e-13,3.41618990040704e-11
0.123750098049641,5.54284974009002e-22,-1.22180598971511e-11,1.4587314689507e-10
0.124166764318943,-5.52365656493938e-22,3.89099299655249e-12,-1.56469021767025e-11
0.124583430588245,-4.65718638790302e-22,-3.4028593202777e-13,3.41605389808652e-11
0.125000104308128,6.18671472927004e-22,-1.22172220257122e-11,1.45862363853944e-10
0.125416770577431,3.21645633210437e-23,3.89062133204776e-12,-1.5641994643989e-11
0.125833436846733,-1.34288801637732e-22,-3.40973072259637e-13,3.41692611705025e-11
0.126250103116035,2.70304236781262e-22,-1.22166174745808e-11,1.45854578414983e-10
0.126666769385338,-5.27428614698423e-22,3.89106065076805e-12,-1.56475353507712e-11
0.12708343565464,-1.71191740027519e-22,-3.41709597900461e-13,3.41786182689319e-11
0.127500101923943,7.92734477322911e-22,-1.22167562524589e-11,1.45856382527398e-10
0.127916768193245,-1.3789504455607e-22,3.89179270407491e-12,-1.56568456116668e-11
0.128333434462547,-4.19265056084312e-22,-3.41844472650718e-13,3.41802211534237e-11
0.12875010073185,2.42701981085804e-22,-1.22173694772076e-11,1.45864292866449e-10
0.129166767001152,-2.66901330649854e-22,3.89211623000318e-12,-1.56608961909832e-11
0.129583433270454,3.34032989787378e-23,-3.41400546071194e-13,3.41743681964157e-11
0.130000099539757,6.7522843269738e-22,-1.22177910150123e-11,1.45869746837057e-10
0.130416765809059,-4.18821097788628e-22,3.89183390375747e-12,-1.56571353104873e-11
0.130833432078362,-4.93328719985939e-22,-3.40935802809958e-13,3.41682446225455e-11
0.131250098347664,4.68603774488846e-22,-1.2217649635049e-11,1.45867942724642e-10
0.131666764616966,-4.22849766255381e-23,3.89134601277985e-12,-1.56507289766905e-11
0.13208344578743,-3.6528036977747e-23,-3.40930246273824e-13,3.41680399251754e-11
0.132500112056732,4.08686317749328e-22,-1.22171647798375e-11,1.45861711597917e-10
0.132916778326035,-5.30968971953957e-22,3.89117514251747e-12,-1.56484079166797e-11
0.133333444595337,-3.08951782083713e-22,-3.41352515914953e-13,3.41733481790119e-11
0.133750110864639,7.03599102023395e-22,-1.22168360497388e-11,1.45857478872635e-10
0.134166777133942,-6.36089912989293e-23,3.89145703508231e-12,-1.5651922466442e-11
0.134583443403244,-2.82246303465311e-22,-3.41778227897979e-13,3.41787015356587e-11
0.135000109672546,2.6333138795493e-22,-1.22169305921682e-11,1.4585871399575e-10
0.135416775941849,-3.87105128109947e-22,3.8918824760148e-12,-1.56572844967062e-11
0.135833442211151,-6.88263153776694e-23,-3.41853823894456e-13,3.41795411418211e-11
0.136250108480453,7.24067884190444e-22,-1.22172758021399e-11,1.45863168765636e-10
0.136666774749756,-2.85042253705355e-22,3.89206201989456e-12,-1.56594789219033e-11
0.137083441019058,-4.50921476230979e-22,-3.41613510482924e-13,3.41763110867088e-11
0.137500107288361,3.66021968448138e-22,-1.22174943772979e-11,1.45865999834349e-10
0.137916773557663,-1.53109482979818e-22,3.89190372637738e-12,-1.56573157217288e-11
0.138333439826965,-1.10121424606171e-23,-3.41379756494536e-13,3.41731642983234e-11
0.138750106096268,5.34282187755886e-22,-1.22173937633363e-11,1.45864723077871e-10
0.13916677236557,-4.70748819818774e-22,3.89164568626033e-12,-1.5653872295629e-11
0.139583438634872,-3.90593483654609e-22,-3.41412689135526e-13,3.41734557318674e-11
0.140000104904175,5.89045441910857e-22,-1.22171118707715e-11,1.45861100975253e-10
0.140416786074638,-6.14075455697217e-23,3.89157803204476e-12,-1.56528817685242e-11
0.140833452343941,-1.67758844559938e-22,-3.41678643928436e-13,3.41767482370248e-11
0.141250118613243,3.38359405914198e-22,-1.221693145953e-11,1.45858797262477e-10
0.141666784882545,-4.4923591397935e-22,3.89176278009495e-12,-1.56551386437664e-11
0.142083451151848,-1.84597263597611e-22,-3.41932835127776e-13,3.41798915559632e-11
0.14250011742115,7.0745323659259e-22,-1.22169913074899e-11,1.45859574418594e-10
0.142916783690453,-1.82730313824879e-22,3.89201561604158e-12,-1.5658278493258e-11
0.143333449959755,-3.65942476512441e-22,-3.4198409078548e-13,3.4180415442453e-11
0.143750116229057,3.2334217009498e-22,-1.22171821270722e-11,1.45862058542612e-10
0.14416678249836,-2.64850898141454e-22,3.89212143417361e-12,-1.56595240247137e-11
0.144583448767662,-4.48910859110188e-23,-3.41863635924117e-13,3.41787292912343e-11
0.145000115036964,6.20847769770554e-22,-1.2217292282013e-11,1.45863487954756e-10
0.145416781306267,-3.78366190110781e-22,3.89203946848937e-12,-1.56583461474735e-11
0.145833447575569,-4.13060418940146e-22,-3.4175711306067e-13,3.41772235512572e-11
0.146250113844872,4.83265076267628e-22,-1.22172220257122e-11,1.45862585898549e-10
0.146666780114174,-1.10353032590222e-22,3.89191066527128e-12,-1.56565680559106e-11
0.147083446383476,-9.67861080789222e-23,-3.41804899271422e-13,3.41777058043835e-11
0.147500112652779,4.34235641825038e-22,-1.22170563596202e-11,1.45860462597014e-10
0.147916778922081,-4.53796110613153e-22,3.89189548644087e-12,-1.5656252336238e-11
0.148333445191383,-2.81139121407615e-22,-3.41979076350432e-13,3.41798186975772e-11
0.148750126361847,6.46571854935763e-22,-1.22169548782969e-11,1.45859171962748e-10
0.149166792631149,-1.29899794131248e-22,3.89202038653114e-12,-1.56577372595335e-11
0.149583458900452,-2.70842378758142e-22,-3.42138914855711e-13,3.41817442406356e-11
0.150000125169754,3.36134288046946e-22,-1.22169895727664e-11,1.45859643807533e-10
0.150416791439056,-3.49302358173679e-22,3.89217651164397e-12,-1.56596315775692e-11
0.150833457708359,-1.14647237948559e-22,-3.42181632421307e-13,3.41821605742698e-11
0.151250123977661,6.56586273733589e-22,-1.22170927888132e-11,1.45860989952951e-10
0.151666790246964,-2.85682505837806e-22,3.89224503322128e-12,-1.56603983253456e-11
0.152083456516266,-3.85205702511469e-22,-3.42131352545558e-13,3.41813799487056e-11
0.152500122785568,4.11279284612127e-22,-1.22171448305175e-11,1.45861669964553e-10
0.152916789054871,-1.8681460645178e-22,3.89220990507089e-12,-1.56598223971516e-11
0.153333455324173,-7.78334976390467e-23,-3.42094733617182e-13,3.4180772795489e-11
0.153750121593475,5.22163719151655e-22,-1.22170953908984e-11,1.45861031586314e-10
0.154166787862778,-4.12931399161375e-22,3.89215352655792e-12,-1.56589775868188e-11
0.15458345413208,-3.39720967214835e-22,-3.42146992161896e-13,3.41813140292135e-11
0.155000120401382,5.66799109999743e-22,-1.22169956442986e-11,1.45859768707624e-10
0.155416786670685,-1.26222099347559e-22,3.89216436857964e-12,-1.56589984035005e-11
0.155833452939987,-1.89473585195129e-22,-3.42267528338422e-13,3.41827330330169e-11
0.15625011920929,3.87043937747251e-22,-1.22169366637004e-11,1.4585903318487e-10
0.156666785478592,-3.9530625229837e-22,3.89225283947692e-12,-1.56600166861809e-11
0.157083451747894,-1.95540644997424e-22,-3.42375704610182e-13,3.41839924422604e-11
0.157500132918358,6.47106563789984e-22,-1.22169548782969e-11,1.45859269107262e-10
0.15791679918766,-2.1308930390706e-22,3.89235475448113e-12,-1.56612119106558e-11
0.158333465456963,-3.27656595536041e-22,-3.42416443506813e-13,3.4184384489766e-11
0.158750131726265,3.79268041141179e-22,-1.22170077873629e-11,1.45859976874441e-10
0.159166797995567,-2.64426907493003e-22,3.8924054951428e-12,-1.5661741001316e-11
0.15958346426487,-9.91232820600386e-23,-3.42407146473184e-13,3.41841312201385e-11
0.160000130534172,5.83572943417383e-22,-1.22170294714063e-11,1.45860254430197e-10
0.160416796803474,-3.50603612635834e-22,3.89239812256803e-12,-1.56615310997754e-11
0.160833463072777,-3.57825438585627e-22,-3.42408718566334e-13,3.41840167283891e-11
0.161250129342079,4.92981772648936e-22,-1.22169930422134e-11,1.45859810340987e-10
0.161666795611382,-1.58671911616487e-22,3.89238251005675e-12,-1.56612067064854e-11
0.162083461880684,-1.3909142469404e-22,-3.42461356581808e-13,3.41845614315606e-11
0.162500128149986,4.52778846076878e-22,-1.221693145953e-11,1.45859019307082e-10
0.162916794419289,-4.00084906604934e-22,3.89240636250454e-12,-1.56613923218973e-11
0.163333460688591,-2.62930293205392e-22,-3.42550667735766e-13,3.41855779795175e-11
0.163750126957893,6.0606701551806e-22,-1.2216895030337e-11,1.45858575217872e-10
0.164166793227196,-1.75292138038662e-22,3.8924727156775e-12,-1.56621278446512e-11
0.164583459496498,-2.61426509749875e-22,-3.42630600540933e-13,3.4186476566278e-11
0.1650001257658,3.86686085197094e-22,-1.22169019692309e-11,1.45858672362387e-10
0.165416792035103,-3.24824521777425e-22,3.89254427302088e-12,-1.56629344910675e-11
0.165833473205566,-1.47537941421972e-22,-3.42671908643705e-13,3.41868755526775e-11
0.166250139474869,6.10502609994162e-22,-1.22169262553595e-11,1.45859005429294e-10
0.166666805744171,-2.85238471811476e-22,3.8925859063843e-12,-1.56633490899782e-11
0.167083472013474,-3.40095833916996e-22,-3.42686382742707e-13,3.41869275943818e-11
0.167500138282776,4.41224015433984e-22,-1.221693145953e-11,1.45859074818233e-10
0.167916804552078,-2.10378462292358e-22,3.89259588104429e-12,-1.56633577635956e-11
0.168333470821381,-1.23883410753504e-22,-3.42708771517569e-13,3.41870802500477e-11
0.168750137090683,5.13784224046231e-22,-1.22169045713161e-11,1.45858741751326e-10
0.169166803359985,-3.73349236701967e-22,3.89260238625733e-12,-1.56633230691261e-11
0.169583469629288,-3.04607468280676e-22,-3.42760379540979e-13,3.41876145448783e-11
0.17000013589859,5.51018862669446e-22,-1.22168638053144e-11,1.45858242150965e-10
0.170416802167892,-1.7130305145669e-22,3.89263231023729e-12,-1.56635884818179e-11
0.170833468437195,-2.04882386324149e-22,-3.42831611623712e-13,3.41883986398894e-11
0.171250134706497,4.20621795867096e-22,-1.22168395191857e-11,1.45857936839633e-10
0.1716668009758,-3.57539101009694e-22,3.89268565298417e-12,-1.56641540016711e-11
0.172083467245102,-2.02995254334018e-22,-3.42896230073192e-13,3.41890959987268e-11
0.172500133514404,6.0489566435889e-22,-1.2216838651824e-11,1.45857936839633e-10
0.172916799783707,-2.3510844387747e-22,3.89274073045454e-12,-1.56647455423764e-11
0.173333466053009,-3.01054842660344e-22,-3.42938757903408e-13,3.41895088629141e-11
0.173750132322311,4.18747285651448e-22,-1.22168473254414e-11,1.45858061739723e-10
0.174166798591614,-2.64244750043657e-22,3.89277802700927e-12,-1.56651063648594e-11
0.174583479762077,-1.38380250810766e-22,-3.42966974264947e-13,3.41897413158598e-11
0.17500014603138,5.5680907647022e-22,-1.22168438559944e-11,1.45858033984148e-10
0.175416812300682,-3.30345386910719e-22,3.89279841001011e-12,-1.5665243408014e-11
0.175833478569984,-3.18687714049334e-22,-3.43000638742402e-13,3.41900396882977e-11
0.176250144839287,4.99703069509811e-22,-1.2216822171951e-11,1.45857770306179e-10
0.176666811108589,-1.91690410556545e-22,3.89281749196835e-12,-1.56653700428278e-11
0.177083477377892,-1.68576117079522e-22,-3.43050999933314e-13,3.41905566358935e-11
0.177500143647194,4.65074928291641e-22,-1.22167944163754e-11,1.45857423361484e-10
0.177916809916496,-3.62694136631358e-22,3.89285001803352e-12,-1.56656718847126e-11
0.178333476185799,-2.49444179605224e-22,-3.43111769465082e-13,3.41912054224736e-11
0.178750142455101,5.78299162141378e-22,-1.22167762017789e-11,1.45857201316879e-10
0.179166808724403,-2.06967427738183e-22,3.89289555452477e-12,-1.56661385253276e-11
0.179583474993706,-2.55455829817536e-22,-3.43168093767943e-13,3.41917986979023e-11
0.180000141263008,4.21507945410036e-22,-1.22167709976084e-11,1.45857145805728e-10
0.18041680753231,-3.0736040351328e-22,3.89294152469688e-12,-1.56666086353896e-11
0.180833473801613,-1.69810652841756e-22,-3.43211814220548e-13,3.41922254398774e-11
0.181250140070915,5.77701445388936e-22,-1.22167701302467e-11,1.45857159683516e-10
0.181666806340218,-2.85478159308918e-22,3.89297665284727e-12,-1.56669469064674e-11
0.18208347260952,-3.08244786007792e-22,-3.43247972363001e-13,3.41925585067848e-11
0.182500138878822,4.6278382378739e-22,-1.2216762323991e-11,1.45857062539001e-10
0.182916820049286,-2.27451949258012e-22,3.89300267369941e-12,-1.5667160277455e-11
0.183333486318588,-1.55963329299418e-22,-3.43287762582731e-13,3.41929366765026e-11
0.183750152587891,5.09292740352716e-22,-1.22167449767563e-11,1.45856854372184e-10
0.184166818857193,-3.44985888005152e-22,3.89302869455155e-12,-1.56673771178895e-11
0.184583485126495,-2.81236460532432e-22,-3.43337012466416e-13,3.41934397463106e-11
0.185000151395798,5.39762057365658e-22,-1.22167232927128e-11,1.45856590694216e-10
0.1854168176651,-2.01818235998105e-22,3.8930629553402e-12,-1.56676945722856e-11
0.185833483934402,-2.14339818835791e-22,-3.43391764676126e-13,3.41940122050577e-11
0.186250150203705,4.44201138624965e-22,-1.22167085475633e-11,1.45856410282974e-10
0.186666816473007,-3.32199651800096e-22,3.89310372134188e-12,-1.56681004975789e-11
0.18708348274231,-2.08676315029058e-22,-3.43443616645026e-13,3.41945464998883e-11
0.187500149011612,5.76031938034449e-22,-1.22166998739459e-11,1.45856327016247e-10
0.187916815280914,-2.48427899567358e-22,3.89314448734357e-12,-1.56685046881488e-11
0.188333481550217,-2.81430230014303e-22,-3.43488312879586e-13,3.41949871196512e-11
0.188750147819519,4.44487905341231e-22,-1.22166946697755e-11,1.45856257627308e-10
0.189166814088821,-2.65954470371648e-22,3.89317918181309e-12,-1.56688325508858e-11
0.189583480358124,-1.64713286107708e-22,-3.43529024671163e-13,3.41953791671568e-11
0.190000146627426,5.40961883248063e-22,-1.22166842614346e-11,1.45856146605006e-10
0.190416812896729,-3.1507866909706e-22,3.89320867211218e-12,-1.56690927594072e-11
0.190833479166031,-2.92118424377608e-22,-3.43572067497411e-13,3.41957989702379e-11
0.191250160336494,5.02409834291354e-22,-1.22166686489233e-11,1.45855952315976e-10
0.191666826605797,-2.16551178968855e-22,3.89323859609214e-12,-1.5669358172099e-11
0.192083492875099,-1.87293918337793e-22,-3.43620504229467e-13,3.41962916317051e-11
0.192500159144402,4.76654497612523e-22,-1.22166513016886e-11,1.45855744149159e-10
0.192916825413704,-3.36852517502157e-22,3.89327285688079e-12,-1.56696808306656e-11
0.193333491683006,-2.43677619009833e-22,-3.43671814097279e-13,3.41968189876418e-11
0.193750157952309,5.56867490042529e-22,-1.22166374239008e-11,1.45855577615706e-10
0.194166824221611,-2.27454423125811e-22,3.89331102079726e-12,-1.56700537962129e-11
0.194583490490913,-2.48677558266643e-22,-3.43721253716345e-13,3.41973220574499e-11
0.195000156760216,4.46433425660123e-22,-1.22166278829217e-11,1.45855466593403e-10
0.195416823029518,-2.97060707368578e-22,3.89334875103287e-12,-1.56704215575898e-11
0.19583348929882,-1.87107608324641e-22,-3.43766654682318e-13,3.41977730855536e-11
0.196250155568123,5.56125986035171e-22,-1.22166192093043e-11,1.45855369448888e-10
0.196666821837425,-2.83078154134423e-22,3.89338344550239e-12,-1.56707442161563e-11
0.197083488106728,-2.8529554747569e-22,-3.43809968559108e-13,3.41981963580817e-11
0.19750015437603,4.7622298438648e-22,-1.22166079336017e-11,1.45855244548798e-10
0.197916820645332,-2.40784834515951e-22,3.89341510420582e-12,-1.56710321802533e-11
0.198333486914635,-1.78594461249211e-22,-3.43854773213886e-13,3.41986404472916e-11
0.198750153183937,5.06912021249631e-22,-1.22165940558139e-11,1.45855078015344e-10
0.199166819453239,-3.24567567692489e-22,3.89344676290926e-12,-1.56713236137973e-11
0.199583485722542,-2.65144177693354e-22,-3.43902613634747e-13,3.41991227004179e-11
0.200000166893005,5.29836697808588e-22,-1.22165784433026e-11,1.45854897604103e-10
0.200416833162308,-2.24443170656627e-22,3.89348145737878e-12,-1.56716497418108e-11
0.20083349943161,-2.19747441408419e-22,-3.43951944833595e-13,3.41996257702259e-11
0.201250165700912,4.62636350974324e-22,-1.22165654328765e-11,1.45854744948437e-10
0.201666831970215,-3.14460454582857e-22,3.89351788657177e-12,-1.56720001559529e-11
0.202083498239517,-2.14477724343798e-22,-3.44000110515108e-13,3.42001114927992e-11
0.20250016450882,5.5485078291555e-22,-1.22165550245357e-11,1.45854620048347e-10
0.202916830778122,-2.57116047546002e-22,3.89355431576477e-12,-1.56723488353716e-11
0.203333497047424,-2.66656392494226e-22,-3.44045999372058e-13,3.42005694597969e-11
0.203750163316727,4.63071095374635e-22,-1.22165446161948e-11,1.45854495148257e-10
0.204166829586029,-2.68194759611828e-22,3.89358857655342e-12,-1.56726714939381e-11
0.204583495855331,-1.84097529680484e-22,-3.44090804026836e-13,3.42010135490067e-11
0.205000162124634,5.2999795359939e-22,-1.22165333404922e-11,1.45854356370378e-10
0.205416828393936,-3.03631855600196e-22,3.89362153629946e-12,-1.5672973335823e-11
0.205833494663239,-2.73538667466864e-22,-3.44136557358515e-13,3.42014680465574e-11
0.206250160932541,5.0388309829617e-22,-1.22165194627044e-11,1.45854189836925e-10
0.206666827201843,-2.33369945903657e-22,3.89365449604551e-12,-1.56732803818782e-11
0.207083493471146,-2.00180699598385e-22,-3.44183991203562e-13,3.42019468302368e-11
0.207500159740448,4.84835679397262e-22,-1.22165055849166e-11,1.45854037181259e-10
0.20791682600975,-3.18414907015646e-22,3.89368919051503e-12,-1.56736065098917e-11
0.208333507180214,-2.38943267131705e-22,-3.44232211095183e-13,3.4202436022257e-11
0.208750173449516,5.42097842951581e-22,-1.22164934418523e-11,1.45853884525593e-10
0.209166839718819,-2.4184380139512e-22,3.89372475234628e-12,-1.5673946515693e-11
0.209583505988121,-2.43475670618096e-22,-3.44279699150338e-13,3.42029113364894e-11
0.210000172257423,4.63805430214087e-22,-1.22164812987879e-11,1.45853745747715e-10
0.210416838526726,-2.90376442794038e-22,3.89376031417754e-12,-1.56742830520473e-11
0.210833504796028,-1.9982682290719e-22,-3.4432591326794e-13,3.4203376242381e-11
0.211250171065331,5.41536073012868e-22,-1.22164708904471e-11,1.45853620847625e-10
0.211666837334633,-2.80298485983462e-22,3.89379457496619e-12,-1.56746057106139e-11
0.212083503603935,-2.6937146240338e-22,-3.44371558179402e-13,3.42038307399317e-11
0.212500169873238,4.84109775903164e-22,-1.22164587473828e-11,1.45853482069747e-10
0.21291683614254,-2.50996203482817e-22,3.8938279683931e-12,-1.56749162261161e-11
0.213333502411842,-1.93137358161563e-22,-3.44417799402058e-13,3.42042921763763e-11
0.213750168681145,5.07064997156372e-22,-1.22164457369567e-11,1.45853329414081e-10
0.214166834950447,-3.1021779655151e-22,3.89386179550089e-12,-1.56752319457887e-11
0.214583501219749,-2.55031788681987e-22,-3.44464989301616e-13,3.42047674906087e-11
0.215000167489052,5.22587053467833e-22,-1.22164318591689e-11,1.45853162880627e-10
0.215416833758354,-2.39027631072353e-22,3.89389648997041e-12,-1.56755563390787e-11
0.215833500027657,-2.22276895502018e-22,-3.44512558671933e-13,3.42052462742881e-11
0.216250166296959,4.75236365518651e-22,-1.22164197161045e-11,1.45853024102749e-10
0.216666832566261,-3.03676915335103e-22,3.89393161812079e-12,-1.56758911407096e-11
0.217083513736725,-2.19566116996189e-22,-3.44559694361382e-13,3.42057181190736e-11
0.217500180006027,5.41152219607274e-22,-1.22164084404019e-11,1.45852885324871e-10
0.21791684627533,-2.61624444417326e-22,3.89396674627118e-12,-1.567622073817e-11
0.218333512544632,-2.56311712345265e-22,-3.44606098214364e-13,3.42061830249651e-11
0.218750178813934,4.74991856503356e-22,-1.22163962973376e-11,1.45852746546993e-10
0.219166845083237,-2.70119580220568e-22,3.89400100705983e-12,-1.56765433967365e-11
0.219583511352539,-1.9763503914635e-22,-3.44652231016804e-13,3.42066444614098e-11
0.220000177621841,5.22833178070262e-22,-1.22163841542733e-11,1.45852607769115e-10
0.220416843891144,-2.94551952985132e-22,3.89403483416761e-12,-1.56768608511326e-11
0.220833510160446,-2.60612026642452e-22,-3.44698716184949e-13,3.42071093673013e-11
0.221250176429749,5.03652523719905e-22,-1.22163711438472e-11,1.45852455113449e-10
0.221666842699051,-2.45615768212426e-22,3.89406909495627e-12,-1.56771800402522e-11
0.222083508968353,-2.07529172433347e-22,-3.44745743454181e-13,3.42075812120868e-11
0.222500175237656,4.91307670968538e-22,-1.22163590007829e-11,1.45852302457783e-10
0.222916841506958,-3.0681176022003e-22,3.89410335574492e-12,-1.56775044335422e-11
0.22333350777626,-2.36629216241442e-22,-3.44792960458792e-13,3.42080565263192e-11
0.223750174045563,5.31993961016216e-22,-1.22163459903568e-11,1.45852163679905e-10
0.224166840314865,-2.51846179020087e-22,3.8941384838953e-12,-1.56778340310026e-11
0.224583506584167,-2.39831840055346e-22,-3.44839906412861e-13,3.42085283711047e-11
0.22500017285347,4.76441442059241e-22,-1.22163347146542e-11,1.45852011024239e-10
0.225416854023933,-2.8581023819558e-22,3.89417317836482e-12,-1.56781618937396e-11
0.225833520293236,-2.0912789687653e-22,-3.44886472896169e-13,3.42089932769962e-11
0.226250186562538,5.31310264735992e-22,-1.22163225715899e-11,1.45851872246361e-10
0.226666852831841,-2.77702994765766e-22,3.89420743915347e-12,-1.56784845523061e-11
0.227083519101143,-2.57840663619102e-22,-3.44932876749152e-13,3.42094581828878e-11
0.227500185370445,4.89599490497034e-22,-1.22163104285256e-11,1.45851733468483e-10
0.227916851639748,-2.57721615042174e-22,3.89424169994212e-12,-1.56788037414257e-11
0.22833351790905,-2.03036805215618e-22,-3.44979497442569e-13,3.42099265582263e-11
0.228750184178352,5.0626099012177e-22,-1.22162974180995e-11,1.45851580812817e-10
0.229166850447655,-3.00328535269463e-22,3.89427596073078e-12,-1.56791263999922e-11
0.229583516716957,-2.47785274541304e-22,-3.45026416291583e-13,3.42103949335648e-11
0.230000182986259,5.18009034888458e-22,-1.22162852750352e-11,1.45851442034939e-10
0.230416849255562,-2.49261264849408e-22,3.89431022151943e-12,-1.56794507932823e-11
0.230833515524864,-2.24183666973245e-22,-3.4507341645576e-13,3.42108667783503e-11
0.231250181794167,4.83758991546718e-22,-1.22162731319708e-11,1.45851289379273e-10
0.231666848063469,-2.95715832053808e-22,3.89434491598895e-12,-1.56797769212957e-11
0.232083514332771,-2.22097085702725e-22,-3.45120281094666e-13,3.42113386231357e-11
0.232500180602074,5.3129370496787e-22,-1.22162609889065e-11,1.45851150601395e-10
0.232916846871376,-2.6575060347019e-22,3.89437961045846e-12,-1.56801030493092e-11
0.233333513140678,-2.49259169634844e-22,-3.45166901788083e-13,3.42118069984743e-11
0.233750194311142,4.84060298547189e-22,-1.22162488458422e-11,1.45851011823517e-10
0.234166860580444,-2.70752511723819e-22,3.89441387124712e-12,-1.56804274425992e-11
0.234583526849747,-2.06280979911121e-22,-3.45213468271391e-13,3.42122719043658e-11
0.235000193119049,5.17676122964681e-22,-1.22162358354161e-11,1.45850859167851e-10
0.235416859388351,-2.89877554535801e-22,3.89444813203577e-12,-1.56807483664423e-11
0.235833525657654,-2.51792031607553e-22,-3.45260143174916e-13,3.42127402797043e-11
0.236250191926956,5.05054247506949e-22,-1.22162236923518e-11,1.45850720389973e-10
0.236666858196259,-2.53733866368296e-22,3.89448282650529e-12,-1.56810710250088e-11
0.237083524465561,-2.15548278011942e-22,-3.45307007813822e-13,3.42132086550428e-11
0.237500190734863,4.93886703392307e-22,-1.22162115492874e-11,1.45850567734307e-10
0.237916857004166,-2.9728817698832e-22,3.89451708729394e-12,-1.56813954182988e-11
0.238333523273468,-2.33905487794993e-22,-3.45353899557782e-13,3.42136804998283e-11
0.23875018954277,5.2510969180321e-22,-1.22161994062231e-11,1.45850428956429e-10
0.239166855812073,-2.57564625411147e-22,3.89455178176346e-12,-1.56817215463123e-11
0.239583522081375,-2.37198559244846e-22,-3.45400709986579e-13,3.42141488751668e-11
0.240000188350677,4.83376046908887e-22,-1.2216186395797e-11,1.45850276300763e-10
0.24041685461998,-2.8268157798015e-22,3.89458604255211e-12,-1.56820459396023e-11
0.240833520889282,-2.13336261546605e-22,-3.45447384890105e-13,3.42146172505053e-11
0.241250187158585,5.24207285414735e-22,-1.22161742527327e-11,1.45850137522885e-10
0.241666853427887,-2.78662830228141e-22,3.89462073702163e-12,-1.56823703328923e-11
0.242083519697189,-2.50478735972541e-22,-3.45494032688576e-13,3.42150856258439e-11
0.242500200867653,4.95533794475311e-22,-1.22161621096684e-11,1.45849998745007e-10
0.242916867136955,-2.6146768197824e-22,3.89465499781028e-12,-1.56826929914589e-11
0.243333533406258,-2.1102592145804e-22,-3.4554076180221e-13,3.42155540011824e-11
0.24375019967556,5.05145073796132e-22,-1.2216149966604e-11,1.45849846089341e-10
0.244166865944862,-2.94016108171208e-22,3.89468925859893e-12,-1.56830156500254e-11
0.244583532214165,-2.422951812942e-22,-3.45587572231007e-13,3.42160223765209e-11
0.245000198483467,5.15860960332654e-22,-1.22161378235397e-11,1.45849707311463e-10
0.245416864752769,-2.55883985651567e-22,3.89472395306845e-12,-1.56833400433154e-11
0.245833531022072,-2.26786024436261e-22,-3.45634409764858e-13,3.42164942213063e-11
0.246250197291374,4.88678201933931e-22,-1.22161248131136e-11,1.45849554655797e-10
0.246666863560677,-2.89515940696848e-22,3.8947582138571e-12,-1.56836644366054e-11
0.247083529829979,-2.2300095621704e-22,-3.45681193088601e-13,3.42169625966449e-11
0.247500196099281,5.24601387701209e-22,-1.22161126700493e-11,1.45849415877919e-10
0.247916862368584,-2.68772887370272e-22,3.89479290832662e-12,-1.56839888298954e-11
0.248333528637886,-2.44620490807302e-22,-3.45727922202235e-13,3.42174309719834e-11
0.248750194907188,4.89775892417216e-22,-1.2216100526985e-11,1.45849263222253e-10
0.249166861176491,-2.71210252997239e-22,3.89482716911527e-12,-1.56843132231854e-11
0.249583527445793,-2.1176373990725e-22,-3.45774597105761e-13,3.42178993473219e-11
0.250000208616257,5.14818351273216e-22,-1.22160883839206e-11,1.45849124444375e-10
0.250416874885559,-2.8609983218933e-22,3.89486186358479e-12,-1.5684635881752e-11
0.250833541154861,-2.46414726537234e-22,-3.45821353324449e-13,3.42183677226604e-11
0.251250207424164,5.05456276267798e-22,-1.22160762408563e-11,1.45848971788709e-10
0.251666873693466,-2.58598096305859e-22,3.89489612437344e-12,-1.5684960275042e-11
0.252083539962769,-2.18460424307882e-22,-3.45868136648192e-13,3.42188360979989e-11
0.252500206232071,4.97085717378709e-22,-1.2216064097792e-11,1.45848833010831e-10
0.252916872501373,-2.91472139036953e-22,3.89493038516209e-12,-1.5685284668332e-11
0.253333538770676,-2.32408292905756e-22,-3.45914947076989e-13,3.42193044733374e-11
0.253750205039978,5.20411160521067e-22,-1.22160510873659e-11,1.45848694232953e-10
0.25416687130928,-2.6236264151977e-22,3.89496507963161e-12,-1.5685609061622e-11
0.254583537578583,-2.35672839145276e-22,-3.45961703295677e-13,3.42197728486759e-11
0.255000203847885,4.89908824946076e-22,-1.22160389443016e-11,1.45848541577287e-10
0.255416870117188,-2.79902490430816e-22,3.89499934042026e-12,-1.56859317201885e-11
0.25583353638649,-2.17455529110601e-22,-3.46008432409312e-13,3.42202446934614e-11
0.256250202655792,5.18926839841803e-22,-1.22160268012372e-11,1.45848402799409e-10
0.256666868925095,-2.77835245718804e-22,3.89503403488978e-12,-1.56862561134785e-11
0.257083535194397,-2.44767534480035e-22,-3.46055161522946e-13,3.42207130687999e-11
0.257500201463699,4.9867616193783e-22,-1.22160146581729e-11,1.45848250143743e-10
0.257916867733002,-2.65201505793058e-22,3.89506829567843e-12,-1.56865805067685e-11
0.258333534002304,-2.16132842875373e-22,-3.46101917741634e-13,3.42211814441384e-11
0.258750200271606,5.05561036996011e-22,-1.22160025151086e-11,1.45848111365865e-10
0.259166866540909,-2.88495268281462e-22,3.89510299014795e-12,-1.56869031653351e-11
0.259583532810211,-2.3868873642747e-22,-3.46148701065377e-13,3.4221649819477e-11
0.260000199079514,5.13128447131165e-22,-1.22159895046825e-11,1.45847958710199e-10
0.260416865348816,-2.60963189652133e-22,3.8951372509366e-12,-1.56872275586251e-11
0.260833531618118,-2.27773173418618e-22,-3.4619548438912e-13,3.42221181948155e-11
0.261250197887421,4.93772703525172e-22,-1.22159773616182e-11,1.45847819932321e-10
0.261666864156723,-2.84861964278632e-22,3.89517151172525e-12,-1.56875519519151e-11
0.262083530426025,-2.24692198267187e-22,-3.46242240607808e-13,3.4222586570154e-11
0.262500196695328,5.18696416726832e-22,-1.22159652185538e-11,1.45847681154443e-10
0.26291686296463,-2.70959205902761e-22,3.89520620619477e-12,-1.56878763452051e-11
0.263333529233932,-2.39726776404545e-22,-3.46288969721442e-13,3.42230549454925e-11
0.263750225305557,4.94752910531564e-22,-1.22159530754895e-11,1.45847528498777e-10
0.26416689157486,-2.72444586811082e-22,3.89524046698342e-12,-1.56881990037716e-11
0.264583557844162,-2.17188957233508e-22,-3.46335725940131e-13,3.4223523320831e-11
0.265000224113464,5.1195159287832e-22,-1.22159409324252e-11,1.45847389720899e-10
0.265416890382767,-2.83419446916457e-22,3.89527516145294e-12,-1.56885233970616e-11
0.265833556652069,-2.41329060188132e-22,-3.46382482158819e-13,3.42239916961695e-11
0.266250222921371,5.06504085498323e-22,-1.22159287893608e-11,1.45847237065233e-10
0.266666889190674,-2.634824201084e-22,3.89530942224159e-12,-1.56888477903516e-11
0.267083555459976,-2.22861712800938e-22,-3.46429238377507e-13,3.4224463540955e-11
0.267500221729279,4.9955791910325e-22,-1.22159157789348e-11,1.45847098287355e-10
0.267916887998581,-2.85321926984361e-22,3.89534411671111e-12,-1.56891704489182e-11
0.268333554267883,-2.31441010596436e-22,-3.4647602170125e-13,3.42249319162935e-11
0.268750220537186,5.15064374901449e-22,-1.22159036358704e-11,1.45846945631689e-10
0.269166886806488,-2.66107118112252e-22,3.89537837749976e-12,-1.56894948422082e-11
0.26958355307579,-2.33074141996861e-22,-3.46522777919939e-13,3.4225400291632e-11
0.270000219345093,4.94720396840494e-22,-1.22158914928061e-11,1.45846806853811e-10
0.270416885614395,-2.78282536162952e-22,3.89541263828841e-12,-1.56898192354982e-11
0.270833551883698,-2.20513053005041e-22,-3.46569507033573e-13,3.42258686669705e-11
0.271250218153,5.14827893334726e-22,-1.22158793497418e-11,1.45846668075933e-10
0.271666884422302,-2.7753035413438e-22,3.89544733275793e-12,-1.56901436287882e-11
0.272083550691605,-2.39571806257436e-22,-3.46616263252261e-13,3.4226337042309e-11
0.272500216960907,5.02055869247738e-22,-1.22158672066774e-11,1.45846515420267e-10
0.272916883230209,-2.68618775503828e-22,3.89548159354658e-12,-1.56904662873547e-11
0.273333549499512,-2.21179962325202e-22,-3.4666301947095e-13,3.42268054176476e-11
0.273750215768814,5.05917526394524e-22,-1.22158541962514e-11,1.45846376642389e-10
0.274166882038116,-2.83150123492528e-22,3.8955162880161e-12,-1.56907906806447e-11
0.274583548307419,-2.35894830914892e-22,-3.46709775689638e-13,3.42272737929861e-11
0.275000214576721,5.09751668072937e-22,-1.2215842053187e-11,1.45846223986723e-10
0.275416880846024,-2.6647325054647e-22,3.89555054880475e-12,-1.56911150739347e-11
0.275833547115326,-2.28801015001911e-22,-3.46756559013381e-13,3.42277456377715e-11
0.276250213384628,4.98257371460466e-22,-1.22158299101227e-11,1.45846085208845e-10
0.276666879653931,-2.80676179963108e-22,3.89558524327427e-12,-1.56914394672247e-11
0.277083545923233,-2.26445438473597e-22,-3.46803315232069e-13,3.422821401311e-11
0.277500212192535,5.13735604970921e-22,-1.22158177670584e-11,1.45845932553179e-10
0.277916878461838,-2.72057350769927e-22,3.89561950406292e-12,-1.56917621257913e-11
0.27833354473114,-2.35246904743555e-22,-3.46850071450758e-13,3.42286823884486e-11
0.278750211000443,4.9876512020439e-22,-1.2215805623994e-11,1.45845793775301e-10
0.279166877269745,-2.73821369971746e-22,3.89565376485157e-12,-1.56920865190813e-11
0.279583543539047,-2.21891401265741e-22,-3.46896827669446e-13,3.42291507637871e-11
0.28000020980835,5.09979768781404e-22,-1.2215792613568e-11,1.45845641119635e-10
0.280416905879974,-2.79999198466909e-22,3.89568845932109e-12,-1.56924109123713e-11
0.280833572149277,-2.36814049506979e-22,-3.46943583888135e-13,3.42296191391256e-11
0.281250238418579,5.05789238678674e-22,-1.22157804705036e-11,1.45845502341757e-10
0.281666904687881,-2.67927228479875e-22,3.89572272010974e-12,-1.56927335709378e-11
0.282083570957184,-2.24860875661385e-22,-3.46990340106823e-13,3.42300875144641e-11
0.282500237226486,5.02856089749994e-22,-1.22157683274393e-11,1.45845363563879e-10
0.282916903495789,-2.81317088427833e-22,3.89575741457926e-12,-1.56930579642278e-11
0.283333569765091,-2.30889994409583e-22,-3.47037096325511e-13,3.42305558898026e-11
0.283750236034393,5.11598486115368e-22,-1.2215756184375e-11,1.45845210908213e-10
0.284166902303696,-2.69403748902508e-22,3.89579167536791e-12,-1.56933823575178e-11
0.284583568572998,-2.31391634214656e-22,-3.470838525442e-13,3.42310242651411e-11
0.2850002348423,4.99283976109859e-22,-1.22157440413106e-11,1.45845072130335e-10
0.285416901111603,-2.77008267054643e-22,3.89582593615656e-12,-1.56937050160844e-11
0.285833567380905,-2.24295950279051e-22,-3.47130608762888e-13,3.42314961099266e-11
0.286250233650208,5.11778876516287e-22,-1.22157310308846e-11,1.45844919474669e-10
0.28666689991951,-2.75736396083486e-22,3.89586063062608e-12,-1.56940294093744e-11
0.287083566188812,-2.35615410071376e-22,-3.47177364981577e-13,3.42319644852651e-11
0.287500232458115,5.03163354228021e-22,-1.22157188878202e-11,1.45844780696791e-10
0.287916898727417,-2.70762861578896e-22,3.89589489141473e-12,-1.56943538026644e-11
0.288333564996719,-2.24104048819803e-22,-3.47224121200265e-13,3.42324328606036e-11
0.288750231266022,5.0580130509508e-22,-1.22157067447559e-11,1.45844628041125e-10
0.289166897535324,-2.79731667334956e-22,3.89592958588425e-12,-1.56946781959544e-11
0.289583563804626,-2.32599134135947e-22,-3.47270877418954e-13,3.42329012359421e-11
0.290000230073929,5.08946853244769e-22,-1.22156946016916e-11,1.45844489263247e-10
0.290416896343231,-2.69300856196919e-22,3.8959638466729e-12,-1.56950008545209e-11
0.290833562612534,-2.28735760427831e-22,-3.47317660742696e-13,3.42333696112807e-11
0.291250228881836,5.00671412048187e-22,-1.22156824586273e-11,1.45844350485369e-10
0.291666895151138,-2.79400497216057e-22,3.89599854114242e-12,-1.56953252478109e-11
0.292083561420441,-2.27711200505904e-22,-3.47364416961385e-13,3.42338379866192e-11
0.292500227689743,5.11576271792277e-22,-1.22156694482012e-11,1.45844197829703e-10
0.292916893959045,-2.72667386374265e-22,3.89603280193107e-12,-1.56956496411009e-11
0.293333560228348,-2.33784041080913e-22,-3.47411173180073e-13,3.42343063619577e-11
0.29375022649765,5.00959138019314e-22,-1.22156573051369e-11,1.45844059051825e-10
0.294166892766953,-2.73776714133623e-22,3.89606706271972e-12,-1.56959722996675e-11
0.294583559036255,-2.24204922041476e-22,-3.47457929398762e-13,3.42347747372962e-11
0.295000225305557,5.08937563618749e-22,-1.22156451620725e-11,1.45843906396159e-10
0.29541689157486,-2.77641753915972e-22,3.89610175718924e-12,-1.56962966929575e-11
0.295833557844162,-2.34525772280212e-22,-3.4750468561745e-13,3.42352465820817e-11
0.296250224113464,5.05292546609198e-22,-1.22156330190082e-11,1.45843767618281e-10
0.296666890382767,-2.6993525182601e-22,3.89613601797789e-12,-1.56966210862475e-11
0.297083556652069,-2.25656400863533e-22,-3.47551441836139e-13,3.42357149574202e-11
0.297500252723694,5.03860833485981e-22,-1.22156208759439e-11,1.45843614962615e-10
0.297916918992996,-2.7979974918652e-22,3.89617071244741e-12,-1.5696943744814e-11
0.298333585262299,-2.30807725683499e-22,-3.47598198054827e-13,3.42361833327587e-11
0.298750251531601,5.09885256934071e-22,-1.22156087328795e-11,1.45843476184737e-10
0.299166917800903,-2.70679532623755e-22,3.89620497323606e-12,-1.5697268138104e-11
0.299583584070206,-2.30508412923396e-22,-3.47644954273515e-13,3.42366517080972e-11
0.300000250339508,5.01042290269612e-22,-1.22155957224535e-11,1.45843323529071e-10
0.30041691660881,-2.77223039169255e-22,3.89623923402471e-12,-1.5697592531394e-11
0.300833582878113,-2.26009431895838e-22,-3.47691710492204e-13,3.42371200834357e-11
0.301250249147415,5.10441574266207e-22,-1.22155835793891e-11,1.45843184751193e-10
0.301666915416718,-2.75778855732849e-22,3.89627392849423e-12,-1.5697916924684e-11
0.30208358168602,-2.34541347549925e-22,-3.47738466710892e-13,3.42375884587742e-11
0.302500247955322,5.03498285635716e-22,-1.22155714363248e-11,1.45843045973315e-10
0.302916914224625,-2.7142992236035e-22,3.89630818928288e-12,-1.56982395832506e-11
0.303333580493927,-2.25091424994101e-22,-3.47785250034635e-13,3.42380568341127e-11
0.303750246763229,5.05895211097238e-22,-1.22155592932605e-11,1.45842893317649e-10
0.304166913032532,-2.79161339833143e-22,3.8963428837524e-12,-1.56985639765406e-11
0.304583579301834,-2.32657371003414e-22,-3.47832006253324e-13,3.42385286788982e-11
0.305000245571136,5.08061461008298e-22,-1.22155471501961e-11,1.45842754539771e-10
0.305416911840439,-2.69852452985398e-22,3.89637714454105e-12,-1.56988883698306e-11
0.305833578109741,-2.28418928644745e-22,-3.47878762472012e-13,3.42389970542367e-11
0.306250244379044,5.0144507633693e-22,-1.22155341397701e-11,1.45842601884105e-10
0.306666910648346,-2.78469035502721e-22,3.89641183901057e-12,-1.56992110283971e-11
0.307083576917648,-2.27886744145421e-22,-3.479255186907e-13,3.42394654295752e-11
0.307500243186951,5.10152030759555e-22,-1.22155219967057e-11,1.45842463106227e-10
0.307916909456253,-2.73201893280094e-22,3.89644609979922e-12,-1.56995354216871e-11
0.308333575725555,-2.32469205589414e-22,-3.47972274909389e-13,3.42399338049137e-11
0.308750241994858,5.0229482468226e-22,-1.22155098536414e-11,1.45842310450561e-10
0.30916690826416,-2.7445864336542e-22,3.89648036058787e-12,-1.56998598149771e-11
0.309583574533463,-2.25449580466846e-22,-3.48019031128077e-13,3.42404021802523e-11
0.310000240802765,5.0811371515466e-22,-1.22154977105771e-11,1.45842171672683e-10
0.310416907072067,-2.77288470448178e-22,3.89651505505739e-12,-1.57001824735437e-11
0.31083357334137,-2.33307190440925e-22,-3.48065787346766e-13,3.42408705555908e-11
0.311250239610672,5.054733409069e-22,-1.22154855675127e-11,1.45842019017017e-10
0.311666905879974,-2.71903264147032e-22,3.89654931584604e-12,-1.57005068668337e-11
0.312083572149277,-2.27611438000386e-22,-3.48112570670508e-13,3.42413389309293e-11
0.312500238418579,5.04437194195997e-22,-1.22154725570867e-11,1.45841880239139e-10
0.312916904687881,-2.78226419753598e-22,3.89658401031556e-12,-1.57008312601237e-11
0.313333570957184,-2.30772081792357e-22,-3.48159326889197e-13,3.42418073062678e-11
0.313750237226486,5.08475556185554e-22,-1.22154604140223e-11,1.45841741461261e-10
0.314166903495789,-2.71796862588136e-22,3.89661827110421e-12,-1.57011539186902e-11
0.314583599567413,-2.30509422665355e-22,-3.48206083107885e-13,3.42422791510533e-11
0.315000265836716,5.01886636495462e-22,-1.2215448270958e-11,1.45841588805595e-10
0.315416932106018,-2.76592026175725e-22,3.89665253189286e-12,-1.57014783119802e-11
0.31583359837532,-2.26933068108994e-22,-3.48252839326574e-13,3.42427475263918e-11
0.316250264644623,5.09050856666513e-22,-1.22154361278937e-11,1.45841450027717e-10
0.316666930913925,-2.75509658526664e-22,3.89668722636238e-12,-1.57018027052702e-11
0.317083597183228,-2.33229465553655e-22,-3.48299595545262e-13,3.42432159017303e-11
0.31750026345253,5.03928991068192e-22,-1.22154239848293e-11,1.45841297372051e-10
0.317916929721832,-2.72963543690747e-22,3.89672148715103e-12,-1.57021253638367e-11
0.318333595991135,-2.26642514860383e-22,-3.48346351763951e-13,3.42436842770688e-11
0.318750262260437,5.05720879148071e-22,-1.22154109744033e-11,1.45841158594173e-10
0.319166928529739,-2.78128701975547e-22,3.89675618162055e-12,-1.57024497571268e-11
0.319583594799042,-2.3212667587348e-22,-3.48393107982639e-13,3.42441526524073e-11
0.320000261068344,5.07242206870121e-22,-1.22153988313389e-11,1.45841005938507e-10
0.320416927337646,-2.71278486310097e-22,3.8967904424092e-12,-1.57027741504168e-11
0.320833593606949,-2.2882767218962e-22,-3.48439891306382e-13,3.42446210277458e-11
0.321250259876251,5.02637379641743e-22,-1.22153866882746e-11,1.45840867160629e-10
0.321666926145554,-2.7765303778236e-22,3.89682470319785e-12,-1.57030968089833e-11
0.322083592414856,-2.28353749801312e-22,-3.4848664752507e-13,3.42450894030844e-11
0.322500258684158,5.09027077243386e-22,-1.22153745452103e-11,1.45840728382751e-10
0.322916924953461,-2.74464929009113e-22,3.89685939766737e-12,-1.57034212022733e-11
0.323333591222763,-2.32483518681678e-22,-3.48533403743759e-13,3.42455612478698e-11
0.323750257492065,5.02740171373137e-22,-1.22153624021459e-11,1.45840575727085e-10
0.324166923761368,-2.74634868580759e-22,3.89689365845602e-12,-1.57037455955633e-11
0.32458359003067,-2.26601443606214e-22,-3.48580159962447e-13,3.42460296232083e-11
0.325000256299973,5.07400635383438e-22,-1.22153493917199e-11,1.45840436949207e-10
0.325416922569275,-2.76978681615254e-22,3.89692835292554e-12,-1.57040699888533e-11
0.325833588838577,-2.32624604876855e-22,-3.48626916181136e-13,3.42464979985468e-11
0.32625025510788,5.05465464919622e-22,-1.22153372486555e-11,1.45840284293541e-10
0.326666921377182,-2.72656430674014e-22,3.89696261371419e-12,-1.57043926474199e-11
0.327083587646484,-2.2803070810518e-22,-3.48673672399824e-13,3.42469663738854e-11
0.327500253915787,5.0457618517661e-22,-1.22153251055912e-11,1.45840145515663e-10
0.327916920185089,-2.77383790089077e-22,3.89699687450284e-12,-1.57047170407099e-11
0.328333586454391,-2.30951336233573e-22,-3.48720428618512e-13,3.42474347492239e-11
0.328750252723694,5.07045256701079e-22,-1.22153129625269e-11,1.45839992859997e-10
0.329166918992996,-2.73012541419292e-22,3.89703156897236e-12,-1.57050414339999e-11
0.329583585262299,-2.29983094669392e-22,-3.48767211942255e-13,3.42479031245624e-11
0.330000251531601,5.03001139182359e-22,-1.22152999521008e-11,1.45839854082119e-10
0.330416917800903,-2.76656750635277e-22,3.89706582976102e-12,-1.57053640925664e-11
0.330833584070206,-2.28184163639351e-22,-3.48813968160944e-13,3.42483714999009e-11
0.331250250339508,5.07617729904555e-22,-1.22152878090365e-11,1.45839701426453e-10
0.331666946411133,-2.75613687191957e-22,3.89710052423053e-12,-1.57056884858564e-11
0.332083612680435,-2.31887266055076e-22,-3.48860724379632e-13,3.42488398752394e-11
0.332500278949738,5.0448404622288e-22,-1.22152756659721e-11,1.45839562648575e-10
0.33291694521904,-2.74092839097338e-22,3.89713478501919e-12,-1.57060128791464e-11
0.333333611488342,-2.28013668709628e-22,-3.48907480598321e-13,3.42493117200249e-11
0.333750277757645,5.06010725577311e-22,-1.22152635229078e-11,1.45839423870697e-10
0.334166944026947,-2.76799275712745e-22,3.89716904580784e-12,-1.57063355377129e-11
0.334583610296249,-2.31331756516506e-22,-3.48954236817009e-13,3.42497800953634e-11
0.335000276565552,5.06307488738968e-22,-1.22152513798435e-11,1.45839271215031e-10
0.335416942834854,-2.73204038981756e-22,3.89720374027736e-12,-1.5706659931003e-11
0.335833609104156,-2.29427181234039e-22,-3.49001020140752e-13,3.42502484707019e-11
0.336250275373459,5.03808781288011e-22,-1.22152383694174e-11,1.45839132437153e-10
0.336666941642761,-2.76623934021619e-22,3.89723800106601e-12,-1.5706984324293e-11
0.337083607912064,-2.29821864122139e-22,-3.4904777635944e-13,3.42507168460404e-11
0.337500274181366,5.06573959641864e-22,-1.22152262263531e-11,1.45838979781487e-10
0.337916940450668,-2.74289082447008e-22,3.89727269553553e-12,-1.57073069828595e-11
0.338333606719971,-2.30440583507322e-22,-3.49094532578129e-13,3.42511852213789e-11
0.338750272989273,5.03443406160262e-22,-1.22152140832887e-11,1.45838841003609e-10
0.339166939258575,-2.75898939295285e-22,3.89730695632418e-12,-1.57076313761495e-11
0.339583605527878,-2.27910548812097e-22,-3.49141288796817e-13,3.42516535967174e-11
0.34000027179718,5.06630606165746e-22,-1.22152019402244e-11,1.45838688347943e-10
0.340416938066483,-2.76919031109045e-22,3.8973416507937e-12,-1.57079557694395e-11
0.340833604335785,-2.31687539095648e-22,-3.49188045015505e-13,3.4252121972056e-11
0.341250270605087,5.05646006781835e-22,-1.22151897971601e-11,1.45838549570065e-10
0.34166693687439,-2.74122222588336e-22,3.89737591158235e-12,-1.5708278428006e-11
0.342083603143692,-2.29284933835609e-22,-3.49234801234194e-13,3.42525938168414e-11
0.342500269412994,5.05153151731801e-22,-1.2215176786734e-11,1.45838396914399e-10
0.342916935682297,-2.76546966440819e-22,3.897410172371e-12,-1.5708602821296e-11
0.343333601951599,-2.31111254116279e-22,-3.49281584557937e-13,3.42530621921799e-11
0.343750268220901,5.05965236702072e-22,-1.22151646436697e-11,1.45838258136521e-10
0.344166934490204,-2.73821067049158e-22,3.89744486684052e-12,-1.57089254798626e-11
0.344583600759506,-2.29983498566175e-22,-3.49328340776625e-13,3.42535305675185e-11
0.345000267028809,5.03560637201665e-22,-1.22151525006053e-11,1.45838119358643e-10
0.345416933298111,-2.76197974376349e-22,3.89747912762917e-12,-1.57092498731526e-11
0.345833599567413,-2.29075992980809e-22,-3.49375096995314e-13,3.4253998942857e-11
0.346250265836716,5.06643985246699e-22,-1.2215140357541e-11,1.45837966702977e-10
0.346666932106018,-2.75189292646723e-22,3.89751382209869e-12,-1.57095742664426e-11
0.34708359837532,-2.31125138068211e-22,-3.49421853214002e-13,3.42544673181955e-11
0.347500264644623,5.03958980404365e-22,-1.22151282144767e-11,1.45837827925099e-10
0.347916930913925,-2.75399849088657e-22,3.89754808288734e-12,-1.57098969250091e-11
0.348333597183228,-2.28153038343475e-22,-3.4946860943269e-13,3.4254935693534e-11
0.348750293254852,5.06099481895479e-22,-1.22151152040506e-11,1.45837675269433e-10
0.349166959524155,-2.77084426841877e-22,3.89758234367599e-12,-1.57102213182991e-11
0.349583625793457,-2.31636496639637e-22,-3.49515392756433e-13,3.42554040688725e-11
0.350000292062759,5.05600214984008e-22,-1.22151030609863e-11,1.45837536491555e-10
0.350416958332062,-2.74123131356098e-22,3.89761703814551e-12,-1.57105457115891e-11
0.350833624601364,-2.2989441408187e-22,-3.49562148975122e-13,3.4255875913658e-11
0.351250290870667,5.04325415761171e-22,-1.22150909179219e-11,1.4583738383589e-10
0.351666957139969,-2.76147032894533e-22,3.89765129893416e-12,-1.57108683701557e-11
0.352083623409271,-2.29712660529307e-22,-3.4960890519381e-13,3.42563442889965e-11
0.352500289678574,5.06058031988075e-22,-1.22150787748576e-11,1.45837245058011e-10
0.352916955947876,-2.74865140234437e-22,3.89768555972281e-12,-1.57111927634457e-11
0.353333622217178,-2.30740123459365e-22,-3.49655661412498e-13,3.4256812664335e-11
0.353750288486481,5.03826199336798e-22,-1.22150666317933e-11,1.45837092402346e-10
0.354166954755783,-2.75923299320038e-22,3.89772025419233e-12,-1.57115171567357e-11
0.354583621025085,-2.2892614727414e-22,-3.49702417631187e-13,3.42572810396735e-11
0.355000287294388,5.06345152114027e-22,-1.22150536213672e-11,1.45836953624467e-10
0.35541695356369,-2.76615805598852e-22,3.89775451498098e-12,-1.57118398153022e-11
0.355833619832993,-2.31993945293011e-22,-3.4974920095493e-13,3.4257749415012e-11
0.356250286102295,5.05105188988764e-22,-1.22150414783029e-11,1.45836800968802e-10
0.356666952371597,-2.74052550393187e-22,3.8977892094505e-12,-1.57121642085922e-11
0.3570836186409,-2.29296596355232e-22,-3.49795957173618e-13,3.42582177903505e-11
0.357500284910202,5.04446281873626e-22,-1.22150293352385e-11,1.45836662190924e-10
0.357916951179504,-2.76639988918762e-22,3.89782347023915e-12,-1.57124886018822e-11
0.358333617448807,-2.3007748029898e-22,-3.49842713392307e-13,3.42586861656891e-11
0.358750283718109,5.06330712804017e-22,-1.22150171921742e-11,1.45836523413045e-10
0.359166949987411,-2.75047272440234e-22,3.8978577310278e-12,-1.57128112604488e-11
0.359583616256714,-2.30754764717766e-22,-3.49889469610995e-13,3.42591545410276e-11
0.360000282526016,5.03885471189773e-22,-1.22150050491099e-11,1.4583637075738e-10
0.360416948795319,-2.75814070483658e-22,3.89789242549732e-12,-1.57131356537388e-11
0.360833615064621,-2.29148719645383e-22,-3.49936252934738e-13,3.4259626385813e-11
0.361250281333923,5.05960036530985e-22,-1.22149920386838e-11,1.45836231979501e-10
0.361666947603226,-2.76170534638622e-22,3.89792668628597e-12,-1.57134600470288e-11
0.362083613872528,-2.31496293968674e-22,-3.49983009153426e-13,3.42600947611515e-11
0.36250028014183,5.04666052210933e-22,-1.22149798956195e-11,1.45836079323836e-10
0.362916946411133,-2.7492615389229e-22,3.89796138075549e-12,-1.57137827055953e-11
0.363333612680435,-2.29366167576185e-22,-3.50029765372115e-13,3.42605631364901e-11
0.363750278949738,5.05078077417173e-22,-1.22149677525552e-11,1.45835940545957e-10
0.36416694521904,-2.76467550235768e-22,3.89799564154414e-12,-1.57141070988853e-11
0.364583611488342,-2.3075809686623e-22,-3.50076521590803e-13,3.42610315118286e-11
0.365000277757645,5.05430780283341e-22,-1.22149556094908e-11,1.45835787890292e-10
0.365416973829269,-2.74729961029718e-22,3.89802990233279e-12,-1.57144314921753e-11
0.365833640098572,-2.29983422835528e-22,-3.50123304914546e-13,3.42614998871671e-11
0.366250306367874,5.04139572753676e-22,-1.22149425990647e-11,1.45835649112414e-10
0.366666972637177,-2.76931501422234e-22,3.89806459680231e-12,-1.57147541507419e-11
0.367083638906479,-2.30187567416025e-22,-3.50170061133234e-13,3.42619682625056e-11
0.367500305175781,5.06377766779292e-22,-1.22149304560004e-11,1.45835496456748e-10
0.367916971445084,-2.75122927356488e-22,3.89809885759096e-12,-1.57150785440319e-11
0.368333637714386,-2.313807794886e-22,-3.50216817351923e-13,3.42624366378441e-11
0.368750303983688,5.03652220797317e-22,-1.22149183129361e-11,1.4583535767887e-10
0.369166970252991,-2.75837950880981e-22,3.89813355206048e-12,-1.57154012025984e-11
0.369583636522293,-2.2913902612258e-22,-3.50263573570611e-13,3.42629084826296e-11
0.370000302791595,5.05661001449921e-22,-1.22149061698718e-11,1.45835218900991e-10
0.370416969060898,-2.76406056950485e-22,3.89816781284913e-12,-1.57157255958884e-11
0.3708336353302,-2.3118478857442e-22,-3.503103297893e-13,3.42633768579681e-11
0.371250301599503,5.04718306357295e-22,-1.22148940268074e-11,1.45835066245326e-10
0.371666967868805,-2.75165185057459e-22,3.89820207363778e-12,-1.57160499891784e-11
0.372083634138107,-2.29275063607963e-22,-3.50357113113042e-13,3.42638452333066e-11
0.37250030040741,5.04959988095105e-22,-1.22148810163814e-11,1.45834927467448e-10
0.372916966676712,-2.77255603347422e-22,3.8982367681073e-12,-1.57163726477449e-11
0.373333632946014,-2.30896431514569e-22,-3.50403869331731e-13,3.42643136086451e-11
0.373750299215317,5.06482729455897e-22,-1.2214868873317e-11,1.45834774811782e-10
0.374166965484619,-2.74657688749025e-22,3.89827102889595e-12,-1.5716697041035e-11
0.374583631753922,-2.30881462090032e-22,-3.50450625550419e-13,3.42647819839836e-11
0.375000298023224,5.04081411616855e-22,-1.22148567302527e-11,1.45834636033904e-10
0.375416964292526,-2.75236927223624e-22,3.89830572336547e-12,-1.5717021434325e-11
0.375833630561829,-2.29320451509006e-22,-3.50497381769108e-13,3.42652503593222e-11
0.376250296831131,5.05080399823678e-22,-1.22148445871884e-11,1.45834483378238e-10
0.376666963100433,-2.764325626769e-22,3.89833998415412e-12,-1.57173440928915e-11
0.377083629369736,-2.31243404095122e-22,-3.5054416509285e-13,3.42657187346607e-11
0.377500295639038,5.04932523113829e-22,-1.2214832444124e-11,1.4583434460036e-10
0.37791696190834,-2.7488046306866e-22,3.89837424494277e-12,-1.57176684861815e-11
0.378333628177643,-2.29500892397023e-22,-3.50590921311539e-13,3.42661905794461e-11
0.378750294446945,5.04498283584498e-22,-1.2214819433698e-11,1.45834191944694e-10
0.379166960716248,-2.76867004154623e-22,3.89840893941229e-12,-1.57179928794715e-11
0.37958362698555,-2.30135035590624e-22,-3.50637677530227e-13,3.42666589547846e-11
0.380000293254852,5.0607918608211e-22,-1.22148072906336e-11,1.45834053166816e-10
0.380416959524155,-2.74985905372695e-22,3.89844320020094e-12,-1.5718315538038e-11
0.380833625793457,-2.30557587356784e-22,-3.5068446085397e-13,3.42671273301232e-11
0.381250292062759,5.04009063605516e-22,-1.22147951475693e-11,1.45833914388938e-10
0.381666958332062,-2.76507939914116e-22,3.89847789467046e-12,-1.5718639931328e-11
0.382083624601364,-2.29338323941675e-22,-3.50731217072658e-13,3.42675957054617e-11
0.382500320672989,5.06649993211353e-22,-1.2214783004505e-11,1.45833761733272e-10
0.382916986942291,-2.75833356555069e-22,3.89851215545911e-12,-1.57189625898946e-11
0.383333653211594,-2.31818401653494e-22,-3.50777973291347e-13,3.42680640808002e-11
0.383750319480896,5.04422805373086e-22,-1.22147699940789e-11,1.45833622955394e-10
0.384166985750198,-2.7465902665712e-22,3.89854641624776e-12,-1.57192869831846e-11
0.384583652019501,-2.29193451214153e-22,-3.50824729510035e-13,3.42685324561387e-11
0.385000318288803,5.04854621521717e-22,-1.22147578510146e-11,1.45833470299728e-10
0.385416984558105,-2.76495747279965e-22,3.89858111071728e-12,-1.57196113764746e-11
0.385833650827408,-2.30747014948233e-22,-3.50871512833778e-13,3.42690008314772e-11
0.38625031709671,5.05144518438055e-22,-1.22147457079502e-11,1.4583333152185e-10
0.386666983366013,-2.74956193715561e-22,3.89861537150593e-12,-1.57199340350411e-11
0.387083649635315,-2.29825423462543e-22,-3.50918269052466e-13,3.42694726762627e-11
0.387500315904617,5.04303251925178e-22,-1.22147335648859e-11,1.45833178866184e-10
0.38791698217392,-2.76586346377207e-22,3.89864963229458e-12,-1.57202584283311e-11
0.388333648443222,-2.29738636141194e-22,-3.50965025271155e-13,3.42699410516012e-11
0.388750314712524,5.0598386644121e-22,-1.22147214218216e-11,1.45833040088306e-10
0.389166980981827,-2.76027428959528e-22,3.8986843267641e-12,-1.57205828216211e-11
0.389583647251129,-2.31376917225609e-22,-3.51011781489843e-13,3.42704094269397e-11
0.390000313520432,5.04634043390843e-22,-1.22147084113955e-11,1.4583288743264e-10
0.390416979789734,-2.75099450855949e-22,3.89871858755275e-12,-1.57209054801877e-11
0.390833646059036,-2.29720284081095e-22,-3.51058564813586e-13,3.42708778022782e-11
0.391250312328339,5.0488314673205e-22,-1.22146962683312e-11,1.45832748654762e-10
0.391666978597641,-2.76249042075909e-22,3.89875328202227e-12,-1.57212298734777e-11
0.392083644866943,-2.30754108385493e-22,-3.51105321032275e-13,3.42713461776167e-11
0.392500311136246,5.05095344004667e-22,-1.22146841252668e-11,1.45832595999096e-10
0.392916977405548,-2.75039093530369e-22,3.89878754281092e-12,-1.57215525320442e-11
0.39333364367485,-2.29905344538573e-22,-3.51152077250963e-13,3.42718145529552e-11
0.393750309944153,5.04098880152741e-22,-1.22146719822025e-11,1.45832457221218e-10
0.394166976213455,-2.76542675037494e-22,3.89882180359957e-12,-1.57218769253342e-11
0.394583642482758,-2.29824312746389e-22,-3.51198860574706e-13,3.42722829282938e-11
0.39500030875206,5.0569841238949e-22,-1.22146589717764e-11,1.4583231844334e-10
0.395416975021362,-2.75517509270393e-22,3.89885649806909e-12,-1.57222013186242e-11
0.395833641290665,-2.30499325245768e-22,-3.51245616793394e-13,3.42727547730792e-11
0.396250307559967,5.05081510539833e-22,-1.22146468287121e-11,1.45832165787674e-10
0.396666973829269,-2.75081300744242e-22,3.89889075885774e-12,-1.57225239771908e-11
0.397083640098572,-2.29604542409081e-22,-3.51292373012083e-13,3.42732231484177e-11
0.397500306367874,5.04977355656795e-22,-1.22146346856478e-11,1.45832027009796e-10
0.397916972637177,-2.75959826735394e-22,3.89892545332726e-12,-1.57228483704808e-11
0.398333638906479,-2.29943209862024e-22,-3.51339129230771e-13,3.42736915237563e-11
0.398750305175781,5.05908388229798e-22,-1.22146225425834e-11,1.4583187435413e-10
0.399166971445084,-2.74928173376207e-22,3.89895971411591e-12,-1.57231710290473e-11
0.399583667516708,-2.3017643501093e-22,-3.51385912554514e-13,3.42741598990948e-11
0.400000333786011,5.04054300045265e-22,-1.22146103995191e-11,1.45831735576252e-10
0.400417000055313,-2.76095889464326e-22,3.89899397490456e-12,-1.57234954223373e-11
0.400833666324615,-2.29394415107479e-22,-3.51432668773202e-13,3.42746282744333e-11
0.401250332593918,5.06085244533862e-22,-1.2214597389093e-11,1.45831582920586e-10
0.40166699886322,-2.75756792871052e-22,3.89902866937408e-12,-1.57238198156273e-11
0.402083665132523,-2.31004802070285e-22,-3.51479424991891e-13,3.42750966497718e-11
0.402500331401825,5.04800751788221e-22,-1.22145852460287e-11,1.45831444142708e-10
0.402916997671127,-2.7495303827194e-22,3.89906293016273e-12,-1.57241424741938e-11
0.40333366394043,-2.29346831017677e-22,-3.51526208315633e-13,3.42755650251103e-11
0.403750330209732,5.04573105463636e-22,-1.22145731029644e-11,1.45831291487042e-10
0.404166996479034,-2.77050095615282e-22,3.89909719095138e-12,-1.57244668674839e-11
0.404583662748337,-2.30379797041409e-22,-3.51572964534322e-13,3.42760368698958e-11
0.405000329017639,5.06229637633953e-22,-1.22145609599e-11,1.45831152709164e-10
0.405416995286942,-2.74879857223484e-22,3.8991318854209e-12,-1.57247912607739e-11
0.405833661556244,-2.3017083094306e-22,-3.5161972075301e-13,3.42765052452343e-11
0.406250327825546,5.04217726781278e-22,-1.22145488168357e-11,1.45831000053498e-10
0.406666994094849,-2.76445790296559e-22,3.89916614620955e-12,-1.57251139193404e-11
0.407083660364151,-2.29894944196399e-22,-3.51666504076753e-13,3.42769736205728e-11
0.407500326633453,5.05878449380723e-22,-1.22145358064096e-11,1.4583086127562e-10
0.407916992902756,-2.75328763254766e-22,3.89920084067907e-12,-1.57254383126304e-11
0.408333659172058,-2.31187161468023e-22,-3.51713260295441e-13,3.42774419959113e-11
0.40875032544136,5.03497477842149e-22,-1.22145236633453e-11,1.45830722497742e-10
0.409166991710663,-2.75788094871771e-22,3.89923510146772e-12,-1.57257609711969e-11
0.409583657979965,-2.28900020200959e-22,-3.5176001651413e-13,3.42779103712498e-11
0.410000324249268,5.05871280212817e-22,-1.2214511520281e-11,1.45830569842076e-10
0.41041699051857,-2.76399518871302e-22,3.89926936225637e-12,-1.57260853644869e-11
0.410833656787872,-2.31395420747001e-22,-3.51806799837873e-13,3.42783787465883e-11
0.411250323057175,5.04536502317634e-22,-1.22144993772166e-11,1.45830431064198e-10
0.411666989326477,-2.75211961353695e-22,3.89930405672589e-12,-1.57264097577769e-11
0.412083655595779,-2.29138950391933e-22,-3.51853556056561e-13,3.42788471219269e-11
0.412500321865082,5.04991340582923e-22,-1.22144863667906e-11,1.45830278408532e-10
0.412916988134384,-2.77293594888618e-22,3.89933831751454e-12,-1.57267324163435e-11
0.413333654403687,-2.31049558882604e-22,-3.5190031227525e-13,3.42793189667123e-11
0.413750320672989,5.06188389674941e-22,-1.22144742237262e-11,1.45830139630654e-10
0.414166986942291,-2.7419666581424e-22,3.8993725783032e-12,-1.57270568096335e-11
0.414583653211594,-2.30177520483536e-22,-3.51947095598992e-13,3.42797873420508e-11
0.415000319480896,5.03798330458739e-22,-1.22144620806619e-11,1.45829986974988e-10
0.415416985750198,-2.76580212194808e-22,3.89940727277271e-12,-1.57273794682e-11
0.415833652019501,-2.29657831540951e-22,-3.51993851817681e-13,3.42802557173894e-11
0.416250318288803,5.06246601298859e-22,-1.22144499375976e-11,1.4582984819711e-10
0.416667014360428,-2.75277922747146e-22,3.89944153356137e-12,-1.572770386149e-11
0.41708368062973,-2.30676433985321e-22,-3.52040608036369e-13,3.42807240927279e-11
0.417500346899033,5.03692913398252e-22,-1.22144377945332e-11,1.45829695541444e-10
0.417917013168335,-2.76009985667191e-22,3.89947622803088e-12,-1.572802825478e-11
0.418333679437637,-2.28574176470892e-22,-3.52087391360112e-13,3.42811924680664e-11
0.41875034570694,5.06052326946009e-22,-1.22144247841072e-11,1.45829556763566e-10
0.419167011976242,-2.76823686224596e-22,3.89951048881954e-12,-1.57283509133466e-11
0.419583678245544,-2.31397793640604e-22,-3.521341475788e-13,3.42816608434049e-11
0.420000344514847,5.05783937533391e-22,-1.22144126410428e-11,1.458294041079e-10
0.420417010784149,-2.74321520407431e-22,3.89954474960819e-12,-1.57286753066366e-11
0.420833677053452,-2.30044638441773e-22,-3.52180903797489e-13,3.42821292187434e-11
0.421250343322754,5.04348892261711e-22,-1.22144004979785e-11,1.45829265330022e-10
0.421667009592056,-2.76670053985582e-22,3.89957944407771e-12,-1.57289979652031e-11
0.422083675861359,-2.30204632055127e-22,-3.52227687121232e-13,3.42826010635289e-11
0.422500342130661,5.06052124997617e-22,-1.22143883549142e-11,1.45829126552144e-10
0.422917008399963,-2.74485376283776e-22,3.89961370486636e-12,-1.57293223584931e-11
0.423333674669266,-2.30516516102615e-22,-3.5227444333992e-13,3.42830694388674e-11
0.423750340938568,5.03181428609081e-22,-1.22143753444881e-11,1.45828973896478e-10
0.42416700720787,-2.76559941624988e-22,3.89964796565501e-12,-1.57296450170596e-11
0.424583673477173,-2.28509603472635e-22,-3.52321199558608e-13,3.42835378142059e-11
0.425000339746475,5.06438704706499e-22,-1.22143632014238e-11,1.458288351186e-10
0.425417006015778,-2.76680807737442e-22,3.89968266012453e-12,-1.57299694103497e-11
0.42583367228508,-2.31527999866176e-22,-3.52367982882351e-13,3.42840061895444e-11
0.426250338554382,5.04888548851529e-22,-1.22143510583594e-11,1.45828682462934e-10
0.426667004823685,-2.74989111303414e-22,3.89971692091318e-12,-1.57302938036397e-11
0.427083671092987,-2.29158211219795e-22,-3.5241473910104e-13,3.42844745648829e-11
0.427500337362289,5.05521808520917e-22,-1.22143389152951e-11,1.45828543685056e-10
0.427917003631592,-2.76724100423921e-22,3.8997516153827e-12,-1.57306164622062e-11
0.428333669900894,-2.31425309108978e-22,-3.52461495319728e-13,3.42849429402214e-11
0.428750336170197,5.05355958404203e-22,-1.22143267722308e-11,1.4582839102939e-10
0.429167002439499,-2.73891294602385e-22,3.89978587617135e-12,-1.57309408554962e-11
0.429583668708801,-2.29613529112514e-22,-3.52508278643471e-13,3.428541131556e-11
0.430000334978104,5.03785203813276e-22,-1.22143137618047e-11,1.45828252251512e-10
0.430417001247406,-2.76984916771849e-22,3.89982013696e-12,-1.57312635140627e-11
0.430833667516708,-2.29432709571263e-22,-3.52555034862159e-13,3.42858831603454e-11
0.431250333786011,5.06718706151641e-22,-1.22143016187404e-11,1.45828099595846e-10
0.431667000055313,-2.75127900335635e-22,3.89985483142952e-12,-1.57315879073527e-11
0.432083666324615,-2.30652831267037e-22,-3.52601791080848e-13,3.42863515356839e-11
0.432500332593918,5.03781063871245e-22,-1.2214289475676e-11,1.45827960817968e-10
0.43291699886322,-2.75999635812115e-22,3.89988909221817e-12,-1.57319123006427e-11
0.433333665132523,-2.28491680552868e-22,-3.5264857440459e-13,3.42868199110224e-11
0.433750361204147,5.06574969383823e-22,-1.22142773326117e-11,1.45827808162302e-10
0.43416702747345,-2.7644430092717e-22,3.89992335300682e-12,-1.57322349592093e-11
0.434583693742752,-2.31881687230754e-22,-3.52695330623279e-13,3.4287288286361e-11
0.435000360012054,5.04571085979719e-22,-1.22142643221856e-11,1.45827669384424e-10
0.435417026281357,-2.74594832312097e-22,3.89995804747634e-12,-1.57325593524993e-11
0.435833692550659,-2.29120497357638e-22,-3.52742113947022e-13,3.42877566616995e-11
0.436250358819962,5.04589614744661e-22,-1.22142521791213e-11,1.45827530606546e-10
0.436667025089264,-2.77125321391203e-22,3.89999230826499e-12,-1.57328820110658e-11
0.437083691358566,-2.31028657224059e-22,-3.5278887016571e-13,3.4288225037038e-11
0.437500357627869,5.05630507242769e-22,-1.2214240036057e-11,1.4582737795088e-10
0.437917023897171,-2.74367564640747e-22,3.90002700273451e-12,-1.57332064043558e-11
0.438333690166473,-2.29711726517996e-22,-3.52835626384398e-13,3.42886968818235e-11
0.438750356435776,5.03791767136007e-22,-1.22142278929926e-11,1.45827239173002e-10
0.439167022705078,-2.76879701659754e-22,3.90006126352316e-12,-1.57335307976458e-11
0.43958368897438,-2.29337339443265e-22,-3.52882409708141e-13,3.4289165257162e-11
0.440000355243683,5.06761115313906e-22,-1.22142148825666e-11,1.45827086517336e-10
0.440417021512985,-2.75369733534739e-22,3.90009552431181e-12,-1.57338534562124e-11
0.440833687782288,-2.31031383527347e-22,-3.5292916592683e-13,3.42896336325005e-11
0.44125035405159,5.03654745152214e-22,-1.22142027395022e-11,1.45826947739458e-10
0.441667020320892,-2.75874251104395e-22,3.90013021878133e-12,-1.57341778495024e-11
0.442083686590195,-2.28460479526345e-22,-3.52975922145518e-13,3.4290102007839e-11
0.442500352859497,5.06544626637964e-22,-1.22141905964379e-11,1.45826795083792e-10
0.442917019128799,-2.76916834920284e-22,3.90016447956998e-12,-1.57345005080689e-11
0.443333685398102,-2.31838318813629e-22,-3.53022705469261e-13,3.42905703831775e-11
0.443750351667404,5.05024409632069e-22,-1.22141784533736e-11,1.45826656305914e-10
0.444167017936707,-2.7389215288305e-22,3.90019874035863e-12,-1.57348249013589e-11
0.444583684206009,-2.28946720766548e-22,-3.53069461687949e-13,3.4291038758516e-11
0.445000350475311,5.04246100530317e-22,-1.22141663103092e-11,1.45826503650248e-10
0.445417016744614,-2.77366245822545e-22,3.90023343482815e-12,-1.57351475599254e-11
0.445833683013916,-2.30246561589961e-22,-3.53116245011692e-13,3.42915071338545e-11
0.446250349283218,5.06378827008349e-22,-1.22141532998832e-11,1.4582636487237e-10
0.446667015552521,-2.74617753454559e-22,3.9002676956168e-12,-1.57354719532155e-11
0.447083681821823,-2.30556653345472e-22,-3.5316300123038e-13,3.429197897864e-11
0.447500348091125,5.03300123776325e-22,-1.22141411568188e-11,1.45826212216704e-10
0.447917014360428,-2.764569984323e-22,3.90030239008632e-12,-1.57357963465055e-11
0.44833368062973,-2.28451417092266e-22,-3.53209757449069e-13,3.42924473539785e-11
0.448750346899033,5.06769950556045e-22,-1.22141290137545e-11,1.45826073438826e-10
0.449167013168335,-2.76384221280628e-22,3.90033665087497e-12,-1.5736119005072e-11
0.449583679437637,-2.31915715534762e-22,-3.53256540772812e-13,3.4292915729317e-11
0.45000034570694,5.04556495208416e-22,-1.22141168706902e-11,1.4582592078316e-10
0.450417041778564,-2.74516173413516e-22,3.90037091166362e-12,-1.5736443398362e-11
0.450833708047867,-2.28630898725421e-22,-3.533032969915e-13,3.42933841046555e-11
0.451250374317169,5.04851036937764e-22,-1.22141038602641e-11,1.45825782005282e-10
0.451667040586472,-2.77352891985142e-22,3.90040560613314e-12,-1.57367660569285e-11
0.452083706855774,-2.31072101371831e-22,-3.53350080315243e-13,3.42938524799941e-11
0.452500373125076,5.06200960962327e-22,-1.22140917171998e-11,1.45825643227404e-10
0.452917039394379,-2.73773482959356e-22,3.90043986692179e-12,-1.57370904502185e-11
0.453333705663681,-2.29208243933847e-22,-3.53396836533931e-13,3.42943208553326e-11
0.453750371932983,5.03585527340946e-22,-1.22140795741355e-11,1.45825490571738e-10
0.454167038202286,-2.77760625788058e-22,3.90047412771044e-12,-1.57374131087851e-11
0.454583704471588,-2.29240025561997e-22,-3.5344359275262e-13,3.42947892306711e-11
0.455000370740891,5.07558407564482e-22,-1.22140674310711e-11,1.4582535179386e-10
0.455417037010193,-2.75158419786336e-22,3.90050882217996e-12,-1.57377375020751e-11
0.455833703279495,-2.31688043966628e-22,-3.53490376076362e-13,3.42952610754566e-11
0.456250369548798,5.03374188348994e-22,-1.2214054420645e-11,1.45825199138194e-10
0.4566670358181,-2.75680481622524e-22,3.90054308296861e-12,-1.57380618953651e-11
0.457083702087402,-2.28298643133917e-22,-3.53537132295051e-13,3.42957294507951e-11
0.457500368356705,5.06549422912268e-22,-1.22140422775807e-11,1.45825060360316e-10
0.457917034626007,-2.76009051655879e-22,3.90057734375726e-12,-1.57383845539316e-11
0.458333700895309,-2.31639071481632e-22,-3.53583915618794e-13,3.42961978261336e-11
0.458750367164612,5.04244030559301e-22,-1.22140301345164e-11,1.4582490770465e-10
0.459167033433914,-2.74806448983088e-22,3.90061203822678e-12,-1.57387089472216e-11
0.459583699703217,-2.2870912848367e-22,-3.53630671837482e-13,3.42966662014721e-11
0.460000365972519,5.0490000942276e-22,-1.22140179914521e-11,1.45824768926772e-10
0.460417032241821,-2.76905904463582e-22,3.90064629901543e-12,-1.57390316057882e-11
0.460833698511124,-2.3049415031823e-22,-3.53677428056171e-13,3.42971345768106e-11
0.461250364780426,5.05621772974826e-22,-1.22140058483877e-11,1.45824616271106e-10
0.461667031049728,-2.75013420841069e-22,3.90068099348495e-12,-1.57393559990782e-11
0.462083697319031,-2.29590557482954e-22,-3.53724211379913e-13,3.42976029521491e-11
0.462500363588333,5.04156586905679e-22,-1.22139928379617e-11,1.45824477493228e-10
0.462917029857635,-2.77210720317359e-22,3.9007152542736e-12,-1.57396786576447e-11
0.463333696126938,-2.29704330158148e-22,-3.53770967598602e-13,3.42980747969346e-11
0.46375036239624,5.06816550147438e-22,-1.22139806948973e-11,1.45824324837562e-10
0.464167028665543,-2.7537412591226e-22,3.90074951506225e-12,-1.57400030509347e-11
0.464583694934845,-2.31670297751704e-22,-3.53817750922344e-13,3.42985431722731e-11
0.465000361204147,5.03830238304633e-22,-1.2213968551833e-11,1.45824186059684e-10
0.46541702747345,-2.75429485015144e-22,3.90078420953177e-12,-1.57403257095012e-11
0.465833693742752,-2.28936850538902e-22,-3.53864507141033e-13,3.42990115476116e-11
0.466250360012054,5.055222124177e-22,-1.22139564087687e-11,1.45824033404018e-10
0.466667026281357,-2.76935439415873e-22,3.90081847032042e-12,-1.57406501027912e-11
0.467083692550659,-2.3181115675494e-22,-3.53911290464776e-13,3.42994799229501e-11
0.467500388622284,5.04654894562289e-22,-1.22139433983426e-11,1.4582389462614e-10
0.467917054891586,-2.74462152218726e-22,3.90085273110907e-12,-1.57409744960813e-11
0.468333721160889,-2.28970096292892e-22,-3.53958046683464e-13,3.42999482982886e-11
0.468750387430191,5.03930455194032e-22,-1.22139312552783e-11,1.45823755848262e-10
0.469167053699493,-2.774650995603e-22,3.90088742557859e-12,-1.57412971546478e-11
0.469583719968796,-2.30292883502316e-22,-3.54004802902153e-13,3.43004166736272e-11
0.470000386238098,5.06074692730393e-22,-1.22139191122139e-11,1.45823603192596e-10
0.470417052507401,-2.75624743866405e-22,3.90092168636724e-12,-1.57416215479378e-11
0.470833718776703,-2.31041859600169e-22,-3.54051586225895e-13,3.43008850489657e-11
0.471250385046005,5.03674738042996e-22,-1.22139069691496e-11,1.45823464414718e-10
0.471667051315308,-2.76265425139189e-22,3.90095594715589e-12,-1.57419442065043e-11
0.47208371758461,-2.29164724055428e-22,-3.54098342444584e-13,3.43013568937511e-11
0.472500383853912,5.05650096236767e-22,-1.22138939587235e-11,1.45823311759052e-10
0.472917050123215,-2.76943492107994e-22,3.90099064162541e-12,-1.57422685997943e-11
0.473333716392517,-2.31517422819159e-22,-3.54145125768326e-13,3.43018252690896e-11
0.473750382661819,5.05016382183498e-22,-1.22138818156592e-11,1.45823172981174e-10
0.474167048931122,-2.74898259770681e-22,3.90102490241406e-12,-1.57425912583609e-11
0.474583715200424,-2.29679263314024e-22,-3.54191881987015e-13,3.43022936444282e-11
0.475000381469727,5.03785961119745e-22,-1.22138696725949e-11,1.45823020325508e-10
0.475417047739029,-2.77469214258782e-22,3.90105916320271e-12,-1.57429156516509e-11
0.475833714008331,-2.30380428130133e-22,-3.54238665310758e-13,3.43027620197667e-11
0.476250380277634,5.05826599131145e-22,-1.22138575295305e-11,1.4582288154763e-10
0.476667046546936,-2.75307533430085e-22,3.90109385767223e-12,-1.57432383102174e-11
0.477083712816238,-2.30758273571072e-22,-3.54285421529446e-13,3.43032303951052e-11
0.477500379085541,5.04001036156944e-22,-1.22138445191045e-11,1.45822728891964e-10
0.477917045354843,-2.76180808763051e-22,3.90112811846088e-12,-1.57435627035074e-11
0.478333711624146,-2.29250047250937e-22,-3.54332177748135e-13,3.43036987704437e-11
0.478750377893448,5.05504541933423e-22,-1.22138323760401e-11,1.45822590114086e-10
0.47916704416275,-2.76552166611906e-22,3.9011628129304e-12,-1.57438870967974e-11
0.479583710432053,-2.31097925522424e-22,-3.54378961071877e-13,3.43041706152292e-11
0.480000376701355,5.04571893773286e-22,-1.22138202329758e-11,1.4582243745842e-10
0.480417042970657,-2.75354006803733e-22,3.90119707371905e-12,-1.57442097553639e-11
0.48083370923996,-2.29187973364027e-22,-3.54425717290566e-13,3.43046389905677e-11
0.481250375509262,5.04931866781556e-22,-1.22138080899115e-11,1.45822298680542e-10
0.481667041778564,-2.77103006093917e-22,3.9012313345077e-12,-1.5744534148654e-11
0.482083708047867,-2.3061340084355e-22,-3.54472500614308e-13,3.43051073659062e-11
0.482500374317169,5.05482428584528e-22,-1.22137959468471e-11,1.45822146024877e-10
0.482917040586472,-2.7572506173e-22,3.90126602897722e-12,-1.57448568072205e-11
0.483333706855774,-2.30656769260676e-22,-3.54519256832997e-13,3.43055757412447e-11
0.483750373125076,5.04436689325018e-22,-1.22137829364211e-11,1.45822007246998e-10
0.484167039394379,-2.75763987282507e-22,3.90130028976587e-12,-1.57451812005105e-11
0.484583735466003,-2.29854781709992e-22,-3.5456604015674e-13,3.43060441165832e-11
0.485000401735306,5.05051420229464e-22,-1.22137707933567e-11,1.4582186846912e-10
0.485417068004608,-2.75876194857666e-22,3.90133455055452e-12,-1.5745503859077e-11
0.485833734273911,-2.30654901238052e-22,-3.54612796375428e-13,3.43065124919217e-11
0.486250400543213,5.04396955978944e-22,-1.22137586502924e-11,1.45821715813454e-10
0.486667066812515,-2.75215116797316e-22,3.90136924502404e-12,-1.5745828252367e-11
0.487083733081818,-2.28984106462569e-22,-3.54659579699171e-13,3.43069808672603e-11
0.48750039935112,5.04249331704584e-22,-1.22137465072281e-11,1.45821577035576e-10
0.487917065620422,-2.77695623649468e-22,3.9014035058127e-12,-1.57461509109336e-11
0.488333731889725,-2.30264358291983e-22,-3.54706335917859e-13,3.43074527120457e-11
0.488750398159027,5.05853811676932e-22,-1.2213733496802e-11,1.45821424379911e-10
0.489167064428329,-2.75785217107188e-22,3.90143776660135e-12,-1.57464753042236e-11
0.489583730697632,-2.30436292103997e-22,-3.54753119241602e-13,3.43079210873842e-11
0.490000396966934,5.04427753108684e-22,-1.22137213537377e-11,1.45821285602032e-10
0.490417063236237,-2.76841381952422e-22,3.90147246107087e-12,-1.57467979627901e-11
0.490833729505539,-2.30195443403303e-22,-3.5479987546029e-13,3.43083894627227e-11
0.491250395774841,5.06255083131312e-22,-1.22137092106733e-11,1.45821132946367e-10
0.491667062044144,-2.75419236134264e-22,3.90150672185952e-12,-1.57471223560801e-11
0.492083728313446,-2.31611404551964e-22,-3.54846658784033e-13,3.43088578380613e-11
0.492500394582748,5.0378192215191e-22,-1.2213697067609e-11,1.45820994168488e-10
0.492917060852051,-2.74747379078505e-22,3.90154098264817e-12,-1.57474467493701e-11
0.493333727121353,-2.28661746342259e-22,-3.54893415002722e-13,3.43093262133998e-11
0.493750393390656,5.04437648579879e-22,-1.22136840571829e-11,1.45820841512823e-10
0.494167059659958,-2.76901461598963e-22,3.90157567711769e-12,-1.57477694079367e-11
0.49458372592926,-2.30061400158287e-22,-3.54940198326464e-13,3.43097945887383e-11
0.495000392198563,5.05117457353562e-22,-1.22136719141186e-11,1.45820702734945e-10
0.495417058467865,-2.76227686033483e-22,3.90160993790634e-12,-1.57480938012267e-11
0.495833724737167,-2.29661239420061e-22,-3.54986954545153e-13,3.43102664335238e-11
0.49625039100647,5.05212726507364e-22,-1.22136597710543e-11,1.45820550079279e-10
0.496667057275772,-2.77194993586353e-22,3.90164463237586e-12,-1.57484164597932e-11
0.497083723545074,-2.30701374611701e-22,-3.55033710763841e-13,3.43107348088623e-11
0.497500389814377,5.0593449005943e-22,-1.22136476279899e-11,1.45820411301401e-10
0.497917056083679,-2.7553737594343e-22,3.90167889316451e-12,-1.57487408530832e-11
0.498333722352982,-2.3080404012535e-22,-3.55080494087584e-13,3.43112031842008e-11
0.498750388622284,5.04212274174701e-22,-1.22136346175639e-11,1.45820258645735e-10
0.499167054891586,-2.75839869390702e-22,3.90171315395316e-12,-1.57490635116497e-11
0.499583721160889,-2.30122817712924e-22,-3.55127250306272e-13,3.43116715595393e-11
0.500000417232513,5.04935350391314e-22,-1.22136224744995e-11,1.45820119867857e-10
0.500417053699493,-2.75466870711165e-22,3.90174784842268e-12,-1.57493879049397e-11
0.500833749771118,-2.30236539901021e-22,-3.55174033630015e-13,3.43121399348778e-11
0.501250386238098,5.03587597311962e-22,-1.22136103314352e-11,1.45819967212191e-10
0.501667082309723,-2.7625855889387e-22,3.90178210921133e-12,-1.57497105635063e-11
0.502083718776703,-2.28909082635039e-22,-3.55220789848704e-13,3.43126083102163e-11
0.502500414848328,5.05362774162424e-22,-1.22135981883709e-11,1.45819828434313e-10
0.502917051315308,-2.77075945009424e-22,3.90181636999998e-12,-1.57500349567963e-11
0.503333747386932,-2.30905796871236e-22,-3.55267573172446e-13,3.43130766855548e-11
0.503750383853912,5.05157241186734e-22,-1.22135851779448e-11,1.45819689656435e-10
0.504167079925537,-2.75508143913726e-22,3.9018510644695e-12,-1.57503576153628e-11
0.504583716392517,-2.29583514532792e-22,-3.55314329391135e-13,3.43135485303403e-11
0.505000412464142,5.04755515348472e-22,-1.22135730348805e-11,1.45819537000769e-10
0.505417048931122,-2.77076247932011e-22,3.90188532525815e-12,-1.57506820086528e-11
0.505833745002747,-2.30546909335571e-22,-3.55361112714878e-13,3.43140169056788e-11
0.506250381469727,5.05837605318495e-22,-1.22135608918161e-11,1.45819398222891e-10
0.506667077541351,-2.75306498444577e-22,3.9019195860468e-12,-1.57510046672193e-11
0.507083714008331,-2.30824436912915e-22,-3.55407868933566e-13,3.43144852810173e-11
0.507500410079956,5.04033852770602e-22,-1.22135487487518e-11,1.45819245567225e-10
0.507917046546936,-2.7591691270215e-22,3.90195428051632e-12,-1.57513290605094e-11
0.508333742618561,-2.29563420667814e-22,-3.55454652257309e-13,3.43149536563558e-11
0.508750379085541,5.0539781220839e-22,-1.22135357383257e-11,1.45819106789347e-10
0.509167075157166,-2.76361249651068e-22,3.90198854130497e-12,-1.57516517190759e-11
0.509583711624146,-2.31111986179199e-22,-3.55501408475997e-13,3.43154220316944e-11
0.51000040769577,5.04419725660112e-22,-1.22135235952614e-11,1.45818954133681e-10
0.510417103767395,-2.75034019577026e-22,3.90202280209362e-12,-1.57519761123659e-11
0.510833740234375,-2.28958509503916e-22,-3.5554819179974e-13,3.43158904070329e-11
0.511250436306,5.04372722171935e-22,-1.22135114521971e-11,1.45818815355803e-10
0.51166707277298,-2.77526087974605e-22,3.90205749656314e-12,-1.57522987709324e-11
0.512083768844604,-2.3006500998579e-22,-3.55594948018428e-13,3.43163622518183e-11
0.512500405311584,5.06347070623748e-22,-1.22134993091327e-11,1.45818662700137e-10
0.512917101383209,-2.75040179002974e-22,3.90209175735179e-12,-1.57526231642224e-11
0.513333737850189,-2.30158638308909e-22,-3.55641731342171e-13,3.43168306271568e-11
0.513750433921814,5.03630056961324e-22,-1.22134871660684e-11,1.45818523922259e-10
0.514167070388794,-2.77270673746156e-22,3.90212601814044e-12,-1.5752945822789e-11
0.514583766460419,-2.29239495447469e-22,-3.55688514665914e-13,3.43172990024954e-11
0.515000402927399,5.06817913299082e-22,-1.22134741556423e-11,1.45818371266593e-10
0.515417098999023,-2.75833886669597e-22,3.90216071260996e-12,-1.5753270216079e-11
0.515833735466003,-2.31709223304211e-22,-3.55735270884602e-13,3.43177673778339e-11
0.516250431537628,5.0379000008758e-22,-1.2213462012578e-11,1.45818232488715e-10
0.516667068004608,-2.75324900991774e-22,3.90219497339861e-12,-1.57535928746455e-11
0.517083764076233,-2.28833730641372e-22,-3.55782054208345e-13,3.43182357531724e-11
0.517500400543213,5.04683823669406e-22,-1.22134498695137e-11,1.45818079833049e-10
0.517917096614838,-2.77644101566026e-22,3.90222923418726e-12,-1.57539172679355e-11
0.518333733081818,-2.31690492590878e-22,-3.55828810427034e-13,3.43187041285109e-11
0.518750429153442,5.05576183125392e-22,-1.22134377264493e-11,1.45817941055171e-10
0.519167065620422,-2.73747835513605e-22,3.90226392865678e-12,-1.57542416612255e-11
0.519583761692047,-2.29165582336093e-22,-3.55875593750776e-13,3.43191725038494e-11
0.520000398159027,5.02925206587066e-22,-1.22134247160233e-11,1.45817788399505e-10
0.520417094230652,-2.78329388189835e-22,3.90229818944543e-12,-1.57545643197921e-11
0.520833730697632,-2.2943008424217e-22,-3.55922349969465e-13,3.43196443486349e-11
0.521250426769257,5.07658523479685e-22,-1.22134125729589e-11,1.45817649621627e-10
0.521667063236237,-2.75269365184046e-22,3.90233245023408e-12,-1.57548887130821e-11
0.522083759307861,-2.32051450097558e-22,-3.55969133293207e-13,3.43201127239734e-11
0.522500395774841,5.02754913605734e-22,-1.22134004298946e-11,1.45817510843749e-10
0.522917091846466,-2.75822527072562e-22,3.9023671447036e-12,-1.57552113716486e-11
0.523333728313446,-2.27976838371685e-22,-3.56015889511896e-13,3.43205810993119e-11
0.523750424385071,5.06134873351131e-22,-1.22133882868303e-11,1.45817358188083e-10
0.524167060852051,-2.76992262644598e-22,3.90240140549225e-12,-1.57555357649386e-11
0.524583756923676,-2.32007526322355e-22,-3.56062672835639e-13,3.43210494746504e-11
0.525000393390656,5.04099031614034e-22,-1.22133752764042e-11,1.45817219410205e-10
0.52541708946228,-2.74894927622218e-22,3.90243609996177e-12,-1.57558584235051e-11
0.52583372592926,-2.28512683185609e-22,-3.56109429054327e-13,3.43215178499889e-11
0.526250422000885,5.04558161282648e-22,-1.22133631333399e-11,1.45817066754539e-10
0.526667058467865,-2.78075640035618e-22,3.90247036075042e-12,-1.57561828167951e-11
0.52708375453949,-2.31233786302965e-22,-3.5615621237807e-13,3.43219862253274e-11
0.527500450611115,5.05883548577615e-22,-1.22133509902755e-11,1.45816927976661e-10
0.527917087078094,-2.74502971037406e-22,3.90250462153907e-12,-1.57565054753617e-11
0.528333783149719,-2.30216446036043e-22,-3.56202968596758e-13,3.43224580701129e-11
0.528750419616699,5.03072073554956e-22,-1.22133388472112e-11,1.45816775320995e-10
0.529167115688324,-2.76914462026681e-22,3.90253931600859e-12,-1.57568298686517e-11
0.529583752155304,-2.28911026388309e-22,-3.56249751920501e-13,3.43229264454514e-11
0.530000448226929,5.06817862811984e-22,-1.22133258367851e-11,1.45816636543117e-10
0.530417084693909,-2.7569232084699e-22,3.90257357679724e-12,-1.57571525272182e-11
0.530833780765533,-2.31176029062929e-22,-3.56296535244244e-13,3.43233948207899e-11
0.531250417232513,5.03475818877135e-22,-1.22133136937208e-11,1.45816483887451e-10
0.531667113304138,-2.76144735731577e-22,3.90260783758589e-12,-1.57574769205082e-11
0.532083749771118,-2.28485824049508e-22,-3.56343291462932e-13,3.43238631961285e-11
0.532500445842743,5.06210149614151e-22,-1.22133015506565e-11,1.45816345109573e-10
0.532917082309723,-2.76669220948466e-22,3.90264253205541e-12,-1.57577995790747e-11
0.533333778381348,-2.31281370392768e-22,-3.56390074786675e-13,3.4324331571467e-11
0.533750414848328,5.04530393378784e-22,-1.22132894075921e-11,1.45816192453907e-10
0.534167110919952,-2.74872157941049e-22,3.90267679284406e-12,-1.57581239723648e-11
0.534583747386932,-2.29272362548224e-22,-3.56436831005363e-13,3.43247999468055e-11
0.535000443458557,5.04255743566022e-22,-1.22132763971661e-11,1.45816053676029e-10
0.535417079925537,-2.77454623487479e-22,3.90271105363271e-12,-1.57584466309313e-11
0.535833775997162,-2.30255068665963e-22,-3.56483614329106e-13,3.43252717915909e-11
0.536250412464142,5.05755866706939e-22,-1.22132642541017e-11,1.45815901020363e-10
0.536667108535767,-2.75227713328251e-22,3.90274574810223e-12,-1.57587710242213e-11
0.537083745002747,-2.30173582489897e-22,-3.56530370547795e-13,3.43257401669295e-11
0.537500441074371,5.04030167212452e-22,-1.22132521110374e-11,1.45815762242485e-10
0.537917077541351,-2.76570771107495e-22,3.90278000889088e-12,-1.57590936827878e-11
0.538333773612976,-2.29163234686039e-22,-3.56577153871537e-13,3.4326208542268e-11
0.538750410079956,5.05567095447764e-22,-1.22132399679731e-11,1.45815609586819e-10
0.539167106151581,-2.77034722293961e-22,3.90281426967953e-12,-1.57594180760778e-11
0.539583742618561,-2.31378027941763e-22,-3.56623910090226e-13,3.43266769176065e-11
0.540000438690186,5.0468518682105e-22,-1.2213226957547e-11,1.45815470808941e-10
0.540417075157166,-2.75380613504344e-22,3.90284896414905e-12,-1.57597407346444e-11
0.54083377122879,-2.29597928599252e-22,-3.56670693413969e-13,3.4327145292945e-11
0.54125040769577,5.04752183200009e-22,-1.22132148144827e-11,1.45815318153275e-10
0.541667103767395,-2.77038912723089e-22,3.9028832249377e-12,-1.57600651279344e-11
0.542083740234375,-2.30900849135639e-22,-3.56717476737711e-13,3.43276136682835e-11
0.542500436306,5.05000832157334e-22,-1.22132026714183e-11,1.45815179375397e-10
0.54291707277298,-2.75250129599733e-22,3.90291748572635e-12,-1.57603877865009e-11
0.543333768844604,-2.29985366588799e-22,-3.567642329564e-13,3.4328085513069e-11
0.543750405311584,5.03725073679636e-22,-1.2213190528354e-11,1.45815026719731e-10
0.544167101383209,-2.76878060829071e-22,3.90295218019587e-12,-1.57607121797909e-11
0.544583797454834,-2.29470751599556e-22,-3.56811016280142e-13,3.43285538884075e-11
0.545000433921814,5.05629699449202e-22,-1.22131775179279e-11,1.45814887941853e-10
0.545417129993439,-2.76538509851915e-22,3.90298644098452e-12,-1.57610348383574e-11
0.545833766460419,-2.30886737991766e-22,-3.56857772498831e-13,3.4329022263746e-11
0.546250462532043,5.0443689127341e-22,-1.22131653748636e-11,1.45814749163975e-10
0.546667098999023,-2.76069484712107e-22,3.90302070177317e-12,-1.57613592316475e-11
0.547083795070648,-2.29503088585783e-22,-3.56904555822574e-13,3.43294906390845e-11
0.547500431537628,5.0516516766111e-22,-1.22131532317993e-11,1.45814596508309e-10
0.547917127609253,-2.76354863033179e-22,3.90305539624269e-12,-1.5761681890214e-11
0.548333764076233,-2.30572859703909e-22,-3.56951312041262e-13,3.4329959014423e-11
0.548750460147858,5.04445070183275e-22,-1.22131410887349e-11,1.45814457730431e-10
0.549167096614838,-2.76290769662352e-22,3.90308965703134e-12,-1.5762006283504e-11
0.549583792686462,-2.29864525719893e-22,-3.56998095365005e-13,3.43304273897616e-11
0.550000429153442,5.04746225722452e-22,-1.22131280783089e-11,1.45814305074765e-10
0.550417125225067,-2.76503042665616e-22,3.90312391782e-12,-1.57623289420705e-11
0.550833761692047,-2.30027094175241e-22,-3.57044878688748e-13,3.43308957651001e-11
0.551250457763672,5.04477331438855e-22,-1.22131159352445e-11,1.45814166296887e-10
0.551667094230652,-2.77191535220144e-22,3.90315861228951e-12,-1.57626533353605e-11
0.552083790302277,-2.30142103784335e-22,-3.57091634907436e-13,3.43313676098855e-11
0.552500426769257,5.06074793704589e-22,-1.22131037921802e-11,1.45814013641221e-10
0.552917122840881,-2.7613930836855e-22,3.90319287307817e-12,-1.57629759939271e-11
0.553333759307861,-2.31393855646965e-22,-3.57138418231179e-13,3.4331835985224e-11
0.553750455379486,5.04201267987351e-22,-1.22130916491159e-11,1.45813874863343e-10
0.554167091846466,-2.75844690908555e-22,3.90322713386682e-12,-1.57632986524936e-11
0.554583787918091,-2.2959749945892e-22,-3.57185174449867e-13,3.43323043605626e-11
0.555000424385071,5.04601529699773e-22,-1.22130786386898e-11,1.45813722207677e-10
0.555417120456696,-2.76605758666363e-22,3.90326182833634e-12,-1.57636230457836e-11
0.555833756923676,-2.30373284205776e-22,-3.5723195777361e-13,3.43327727359011e-11
0.5562504529953,5.04665446365758e-22,-1.22130664956255e-11,1.45813583429799e-10
0.55666708946228,-2.7586263907187e-22,3.90329608912499e-12,-1.57639457043501e-11
0.557083785533905,-2.2981133756222e-22,-3.57278741097353e-13,3.43332411112396e-11
0.557500422000885,5.04218787010334e-22,-1.22130543525611e-11,1.45813430774133e-10
0.55791711807251,-2.77183381553828e-22,3.90333034991364e-12,-1.57642700976401e-11
0.55833375453949,-2.30040599473939e-22,-3.57325497316041e-13,3.43337094865781e-11
0.558750450611115,5.05858860386725e-22,-1.22130422094968e-11,1.45813291996255e-10
0.559167087078094,-2.76091194164218e-22,3.90336504438316e-12,-1.57645927562067e-11
0.559583783149719,-2.3085657195075e-22,-3.57372280639784e-13,3.43341813313636e-11
0.560000419616699,5.04168249425302e-22,-1.22130291990707e-11,1.45813139340589e-10
0.560417115688324,-2.76408152165049e-22,3.90339930517181e-12,-1.57649171494967e-11
0.560833811759949,-2.29914078806516e-22,-3.57419036858472e-13,3.43346497067021e-11
0.561250448226929,5.04795602104232e-22,-1.22130170560064e-11,1.45813000562711e-10
0.561667144298553,-2.76574507152742e-22,3.90343356596046e-12,-1.57652398080632e-11
0.562083780765533,-2.30564074948869e-22,-3.57465820182215e-13,3.43351180820406e-11
0.562500476837158,5.04535644036969e-22,-1.22130049129421e-11,1.45812847907045e-10
0.562917113304138,-2.7614882518651e-22,3.90346826042998e-12,-1.57655642013532e-11
0.563333809375763,-2.30018183202456e-22,-3.57512603505958e-13,3.43355864573791e-11
0.563750445842743,5.04772579987574e-22,-1.22129927698778e-11,1.45812709129167e-10
0.564167141914368,-2.76731421053121e-22,3.90350252121863e-12,-1.57658868599198e-11
0.564583778381348,-2.30511795558958e-22,-3.57559359724646e-13,3.43360548327176e-11
0.565000474452972,5.04845533844089e-22,-1.22129797594517e-11,1.45812556473501e-10
0.565417110919952,-2.76031644632205e-22,3.90353678200728e-12,-1.57662112532098e-11
0.565833806991577,-2.3043525711849e-22,-3.57606143048389e-13,3.43365232080561e-11
0.566250443458557,5.03801763581398e-22,-1.22129676163873e-11,1.45812417695623e-10
0.566667139530182,-2.7706870011087e-22,3.9035714764768e-12,-1.57665339117763e-11
0.567083775997162,-2.296737349768e-22,-3.57652899267077e-13,3.43369950528416e-11
0.567500472068787,5.05607485126111e-22,-1.2212955473323e-11,1.45812265039957e-10
0.567917108535767,-2.76294404733403e-22,3.90360573726545e-12,-1.57668583050663e-11
0.568333804607391,-2.30986248061794e-22,-3.5769968259082e-13,3.43374634281801e-11
0.568750441074371,5.04171329138276e-22,-1.22129433302587e-11,1.45812126262079e-10
0.569167137145996,-2.75986281974711e-22,3.9036399980541e-12,-1.57671809636328e-11
0.569583773612976,-2.29253480373596e-22,-3.57746465914563e-13,3.43379318035186e-11
0.570000469684601,5.04810849207808e-22,-1.22129303198326e-11,1.45811987484201e-10
0.570417106151581,-2.77478832050938e-22,3.90367469252362e-12,-1.57675053569228e-11
0.570833802223206,-2.31055667821454e-22,-3.57793222133251e-13,3.43384001788571e-11
0.571250438690186,5.0524483630165e-22,-1.22129181767683e-11,1.45811834828535e-10
0.57166713476181,-2.75256642435367e-22,3.90370895331227e-12,-1.57678280154894e-11
0.57208377122879,-2.29971911777199e-22,-3.57840005456994e-13,3.43388685541957e-11
0.572500467300415,5.03895114225478e-22,-1.2212906033704e-11,1.45811696050657e-10
0.572917103767395,-2.77114088011913e-22,3.90374321410092e-12,-1.57681524087794e-11
0.57333379983902,-2.30077025915098e-22,-3.57886788780737e-13,3.43393369295342e-11
0.573750436306,5.05673118353425e-22,-1.22128930232779e-11,1.45811543394991e-10
0.574167132377625,-2.75548786027563e-22,3.90377790857044e-12,-1.57684750673459e-11
0.574583768844604,-2.30719322775016e-22,-3.57933544999425e-13,3.43398087743196e-11
0.575000464916229,5.0370836245022e-22,-1.22128808802136e-11,1.45811404617113e-10
0.575417101383209,-2.76031821337048e-22,3.90381216935909e-12,-1.57687994606359e-11
0.575833797454834,-2.28735003121362e-22,-3.57980328323168e-13,3.43402771496581e-11
0.576250433921814,5.05405789169864e-22,-1.22128687371492e-11,1.45811251961447e-10
0.576667129993439,-2.7688053469687e-22,3.90384643014774e-12,-1.57691221192024e-11
0.577083766460419,-2.30458153017403e-22,-3.58027084541856e-13,3.43407455249967e-11
0.577500462532043,5.05073836500947e-22,-1.22128565940849e-11,1.45811113183569e-10
0.577917158603668,-2.75720644108931e-22,3.90388112461726e-12,-1.57694465124925e-11
0.578333795070648,-2.29664495837878e-22,-3.58073867865599e-13,3.43412139003352e-11
0.578750491142273,5.04742843086891e-22,-1.22128435836588e-11,1.45810960527903e-10
0.579167127609253,-2.77057062834796e-22,3.90391538540591e-12,-1.5769769171059e-11
0.579583823680878,-2.30007732373183e-22,-3.58120651189342e-13,3.43416822756737e-11
0.580000460147858,5.06114930947447e-22,-1.22128314405945e-11,1.45810821750025e-10
0.580417156219482,-2.75454299423779e-22,3.90394964619456e-12,-1.57700918296255e-11
0.580833792686462,-2.30760646464675e-22,-3.5816740740803e-13,3.43421506510122e-11
0.581250488758087,5.03747439464021e-22,-1.22128192975302e-11,1.45810669094359e-10
0.581667125225067,-2.76107880150086e-22,3.90398434066408e-12,-1.57704162229155e-11
0.582083821296692,-2.29018614394007e-22,-3.58214190731773e-13,3.43426224957977e-11
0.582500457763672,5.05637373488088e-22,-1.22128071544658e-11,1.45810530316481e-10
0.582917153835297,-2.76452833246721e-22,3.90401860145273e-12,-1.57707388814821e-11
0.583333790302277,-2.3105796498441e-22,-3.58260974055516e-13,3.43430908711362e-11
0.583750486373901,5.04247716117451e-22,-1.22127941440398e-11,1.45810377660816e-10
0.584167122840881,-2.75473736956484e-22,3.90405286224138e-12,-1.57710632747721e-11
0.584583818912506,-2.28921199538543e-22,-3.58307730274204e-13,3.43435592464747e-11
0.585000455379486,5.04631569523044e-22,-1.22127820009754e-11,1.45810238882937e-10
0.585417151451111,-2.76990823762307e-22,3.90408712303003e-12,-1.57713859333386e-11
0.585833787918091,-2.30170452289825e-22,-3.58354513597947e-13,3.43440276218132e-11
0.586250483989716,5.05349445568569e-22,-1.22127698579111e-11,1.45810086227272e-10
0.586667120456696,-2.76123152497211e-22,3.90412181749955e-12,-1.57717103266286e-11
0.58708381652832,-2.30092424479968e-22,-3.5840129692169e-13,3.43444959971517e-11
0.5875004529953,5.04800347891438e-22,-1.22127577148468e-11,1.45809947449393e-10
0.587917149066925,-2.76445689322363e-22,3.9041560782882e-12,-1.57720329851951e-11
0.588333785533905,-2.29563622616206e-22,-3.58448053140378e-13,3.43449643724902e-11
0.58875048160553,5.05967761056969e-22,-1.22127447044207e-11,1.45809794793728e-10
0.58916711807251,-2.75942231981764e-22,3.90419033907685e-12,-1.57723573784851e-11
0.589583814144135,-2.30773672135942e-22,-3.58494836464121e-13,3.43454362172757e-11
0.590000450611115,5.04461428003006e-22,-1.22127325613564e-11,1.45809656015849e-10
0.590417146682739,-2.75600989686827e-22,3.90422503354637e-12,-1.57726800370517e-11
0.590833783149719,-2.2950217981802e-22,-3.58541619787864e-13,3.43459045926142e-11
0.591250479221344,5.05092415752987e-22,-1.2212720418292e-11,1.45809503360184e-10
0.591667115688324,-2.76188482801937e-22,3.90425929433502e-12,-1.57730044303417e-11
0.592083811759949,-2.30077556029626e-22,-3.58588376006552e-13,3.43463729679527e-11
0.592500448226929,5.04787726116954e-22,-1.22127082752277e-11,1.45809364582306e-10
0.592917144298553,-2.76029120277308e-22,3.90429355512367e-12,-1.57733270889082e-11
0.593333780765533,-2.29442226389223e-22,-3.58635159330295e-13,3.43468413432912e-11
0.593750476837158,5.04621320642163e-22,-1.22126952648016e-11,1.4580921192664e-10
0.594167113304138,-2.76744800134074e-22,3.90432824959319e-12,-1.57736497474747e-11
0.594583809375763,-2.29843068703271e-22,-3.58681942654038e-13,3.43473097186298e-11
0.595000505447388,5.05133764686195e-22,-1.22126831217373e-11,1.45809073148762e-10
0.595417141914368,-2.76164021802988e-22,3.90436251038184e-12,-1.57739741407648e-11
0.595833837985992,-2.29648062287501e-22,-3.58728698872726e-13,3.43477780939683e-11
0.596250474452972,5.04805598549623e-22,-1.2212670978673e-11,1.45808934370883e-10
0.596667170524597,-2.76573547897881e-22,3.90439677117049e-12,-1.57742967993313e-11
0.597083806991577,-2.30223766665244e-22,-3.58775482196469e-13,3.43482499387537e-11
0.597500503063202,5.05502976833387e-22,-1.22126588356086e-11,1.45808781715218e-10
0.597917139530182,-2.75695451047062e-22,3.90443146564001e-12,-1.57746211926213e-11
0.598333835601807,-2.30458632644833e-22,-3.58822265520212e-13,3.43487183140923e-11
0.598750472068787,5.0383422678537e-22,-1.22126458251826e-11,1.4580864293734e-10
0.599167168140411,-2.76418249584636e-22,3.90446572642866e-12,-1.57749438511878e-11
0.599583804607391,-2.29181485771942e-22,-3.588690217389e-13,3.43491866894308e-11
0.600000500679016,5.05346365855595e-22,-1.22126336821182e-11,1.45808490281674e-10
0.600417137145996,-2.76847086994488e-22,3.90449998721731e-12,-1.57752682444778e-11
0.600833833217621,-2.3078619293623e-22,-3.58915805062643e-13,3.43496550647693e-11
0.601250469684601,5.05007799376849e-22,-1.22126215390539e-11,1.45808351503796e-10
0.601667165756226,-2.75252123840102e-22,3.90453468168683e-12,-1.57755909030444e-11
0.602083802223206,-2.29549082332001e-22,-3.58962588386386e-13,3.43501234401078e-11
0.60250049829483,5.04409678727623e-22,-1.22126093959896e-11,1.4580819884813e-10
0.60291713476181,-2.76821464792287e-22,3.90456894247548e-12,-1.57759152963344e-11
0.603333830833435,-2.2981010062832e-22,-3.59009344605074e-13,3.43505918154463e-11
0.603750467300415,5.05507520672201e-22,-1.22125963855635e-11,1.45808060070252e-10
0.60416716337204,-2.7616349168846e-22,3.90460320326413e-12,-1.57762379549009e-11
0.60458379983902,-2.30273395482513e-22,-3.59056127928817e-13,3.43510636602318e-11
0.605000495910645,5.04710026473234e-22,-1.22125842424992e-11,1.45807907414586e-10
0.605417132377625,-2.75657989620394e-22,3.90463789773365e-12,-1.57765623481909e-11
0.605833828449249,-2.29154727610037e-22,-3.5910291125256e-13,3.43515320355703e-11
0.606250464916229,5.04904553261574e-22,-1.22125720994348e-11,1.45807768636708e-10
0.606667160987854,-2.76759744315062e-22,3.9046721585223e-12,-1.57768850067574e-11
0.607083797454834,-2.30098356713975e-22,-3.59149667471248e-13,3.43520004109088e-11
0.607500493526459,5.05092264291693e-22,-1.22125590890088e-11,1.45807615981042e-10
0.607917129993439,-2.76171089996699e-22,3.90470641931095e-12,-1.5777207665324e-11
0.608333826065063,-2.29456034610508e-22,-3.59196450794991e-13,3.43524687862473e-11
0.608750462532043,5.05114932998665e-22,-1.22125469459444e-11,1.45807477203164e-10
0.609167158603668,-2.76907974434597e-22,3.90474111378047e-12,-1.5777532058614e-11
0.609583795070648,-2.30320929085218e-22,-3.59243234118733e-13,3.43529371615858e-11
0.610000491142273,5.05344750268462e-22,-1.22125348028801e-11,1.45807324547498e-10
0.610417127609253,-2.75888690414404e-22,3.90477537456912e-12,-1.57778547171805e-11
0.610833823680878,-2.29925993761628e-22,-3.59290017442476e-13,3.43534055369243e-11
0.611250460147858,5.04941762252751e-22,-1.22125226598158e-11,1.4580718576962e-10
0.611667156219482,-2.75924990637819e-22,3.90480963535778e-12,-1.57781791104705e-11
0.612083852291107,-2.30052918325835e-22,-3.59336773661165e-13,3.43538773817098e-11
0.612500488758087,5.04699272721374e-22,-1.22125096493897e-11,1.45807033113954e-10
0.612917184829712,-2.75478053603357e-22,3.90484389614643e-12,-1.57785017690371e-11
0.613333821296692,-2.29304775265097e-22,-3.59383556984907e-13,3.43543457570483e-11
0.613750517368317,5.04590422538228e-22,-1.22124975063254e-11,1.45806894336076e-10
0.614167153835297,-2.76928699388299e-22,3.90487859061595e-12,-1.57788261623271e-11
0.614583849906921,-2.2970942935504e-22,-3.5943034030865e-13,3.43548141323868e-11
0.615000486373901,5.05522919237071e-22,-1.2212485363261e-11,1.4580674168041e-10
0.615417182445526,-2.76406006463387e-22,3.9049128514046e-12,-1.57791488208936e-11
0.615833818912506,-2.3030694415909e-22,-3.59477096527339e-13,3.43552825077253e-11
0.616250514984131,5.04954283053039e-22,-1.22124732201967e-11,1.45806602902532e-10
0.616667151451111,-2.75938041552635e-22,3.90494711219325e-12,-1.57794714794601e-11
0.617083847522736,-2.29691859844959e-22,-3.59523879851081e-13,3.43557508830639e-11
0.617500483989716,5.04959584198322e-22,-1.22124602097706e-11,1.45806450246866e-10
0.61791718006134,-2.76777793452574e-22,3.90498180666277e-12,-1.57797958727501e-11
0.61833381652832,-2.308431423827e-22,-3.59570663174824e-13,3.43562192584024e-11
0.618750512599945,5.04814130869174e-22,-1.22124480667063e-11,1.45806311468988e-10
0.619167149066925,-2.75014935454007e-22,3.90501606745142e-12,-1.57801185313167e-11
0.61958384513855,-2.29190649180217e-22,-3.59617446498567e-13,3.43566911031878e-11
0.62000048160553,5.03902384367581e-22,-1.2212435923642e-11,1.45806158813322e-10
0.620417177677155,-2.77196886852525e-22,3.90505032824007e-12,-1.57804429246067e-11
0.620833814144135,-2.29220461811547e-22,-3.59664202717255e-13,3.43571594785264e-11
0.621250510215759,5.06071613017419e-22,-1.22124237805776e-11,1.45806020035444e-10
0.621667146682739,-2.76188785724525e-22,3.90508502270959e-12,-1.57807655831732e-11
0.622083842754364,-2.30550165753388e-22,-3.59710986040998e-13,3.43576278538649e-11
0.622500479221344,5.03989474611517e-22,-1.22124107701516e-11,1.45805867379778e-10
0.622917175292969,-2.76628730295923e-22,3.90511928349824e-12,-1.57810899764632e-11
0.623333811759949,-2.29311212370084e-22,-3.59757769364741e-13,3.43580962292034e-11
0.623750507831573,5.05848460044551e-22,-1.22123986270872e-11,1.458057286019e-10
0.624167144298553,-2.76487997510432e-22,3.90515354428689e-12,-1.57814126350297e-11
0.624583840370178,-2.31130262508651e-22,-3.59804525583429e-13,3.43585646045419e-11
0.625,1.41288163763543e-21,-1.2215233165247e-11,1.45829889830473e-10
