Time,U1,U2,U3
0.0,0.0,0.0,0.0
0.000833333004266024,4.6477021341206e-23,-6.51892359537776e-11,-8.80429618099754e-11
0.00166666600853205,7.87835386044224e-23,-2.81212639979822e-11,-5.37608707551485e-11
0.00249999901279807,3.23693196631725e-24,-4.10291722471867e-12,6.05694747829455e-12
0.00333333201706409,-8.61416418533151e-22,-7.45296394044637e-11,-1.02571673377128e-10
0.00416666502133012,-8.81370939120642e-22,-3.5919544248697e-12,-2.54635722229946e-11
0.00499999802559614,2.04478158850185e-21,-2.72142291340982e-11,-1.95262157137721e-11
0.00583333102986217,-6.5992801474585e-22,-6.63763558006458e-11,-9.30860041825632e-11
0.00666666403412819,-1.56373466288196e-21,6.15396275605029e-12,-1.60747248845183e-11
0.00749999703839421,2.88060963118904e-21,-4.6877956377811e-11,-3.9642764765313e-11
0.00833333004266024,-1.70721253286226e-21,-4.96195272370326e-11,-7.52269288528673e-11
0.00916666258126497,-2.39301230753478e-21,1.86003621359399e-12,-2.19707325249674e-11
0.00999999605119228,5.15792590704632e-21,-5.61749813332568e-11,-4.69724259488657e-11
0.010833328589797,-2.07471559081539e-21,-3.36161411207403e-11,-6.14381878705217e-11
0.0116666620597243,-4.20267770238962e-21,-1.09800007627725e-11,-3.24510592009108e-11
0.0124999945983291,6.01977944287338e-21,-5.32361620064759e-11,-4.64502394881272e-11
0.0133333280682564,-1.99198319122428e-21,-2.65526472337241e-11,-5.19766001072508e-11
0.0141666606068611,-5.46302388272697e-21,-2.2319646131308e-11,-4.61071285318138e-11
0.0149999940767884,5.56422870365863e-21,-4.50789371109206e-11,-3.61085362998725e-11
0.0158333275467157,-1.04985072681731e-21,-2.6908322792174e-11,-5.43478179126922e-11
0.0166666600853205,-4.2758504709611e-21,-2.92191652817575e-11,-5.11842547512575e-11
0.0174999926239252,6.13470786871389e-21,-3.56529111789072e-11,-2.829858916642e-11
0.0183333251625299,-5.57244426715706e-22,-3.32417600390489e-11,-5.9276111796791e-11
0.0191666595637798,-4.25526223632034e-21,-2.91021391013446e-11,-5.22628468280217e-11
0.0199999921023846,4.18320099169698e-21,-3.0421283547799e-11,-2.20751542046038e-11
0.0208333246409893,-1.99506583244994e-23,-3.99826421970673e-11,-6.6814151433725e-11
0.021666657179594,-3.11866599147133e-21,-2.50457814210403e-11,-4.75916285547218e-11
0.0224999915808439,3.31151337698591e-21,-2.97296215423515e-11,-2.18314012701004e-11
0.0233333241194487,3.22849895646573e-22,-4.44325028159387e-11,-7.09653655284193e-11
0.0241666566580534,-2.15870734057738e-21,-1.99070256806655e-11,-4.26212537485426e-11
0.0249999891966581,2.7240455054242e-21,-3.24668729401179e-11,-2.45115056723977e-11
0.025833323597908,-7.00776166429505e-22,-4.54038300012893e-11,-7.19006312821513e-11
0.0266666561365128,-2.73852500316332e-21,-1.62362415179196e-11,-3.90632595714813e-11
0.0274999886751175,2.66743694783974e-21,-3.63962748828328e-11,-2.82662816764034e-11
0.0283333212137222,-5.33448746743189e-22,-4.34846672558997e-11,-7.02043631561899e-11
0.0291666556149721,-2.84870138139787e-21,-1.53446890610587e-11,-3.79131066818861e-11
0.0299999881535769,3.18582291940137e-21,-3.91563760582248e-11,-3.13090560422058e-11
0.0308333206921816,-3.75183584431208e-22,-4.07654639211774e-11,-6.71889072156873e-11
0.0316666550934315,-2.62394089933073e-21,-1.63841596539926e-11,-3.92534234283648e-11
0.0324999876320362,3.47185030260517e-21,-4.02448144254386e-11,-3.20992607494297e-11
0.0333333201706409,-6.02242163465667e-22,-3.83994051833536e-11,-6.5113026082031e-11
0.0341666527092457,-2.47292793095795e-21,-1.85412605407942e-11,-4.11323822224752e-11
0.0349999852478504,3.73559732559384e-21,-3.94724530838886e-11,-3.15899945091402e-11
0.0358333177864552,-1.32465533302132e-21,-3.75658913698285e-11,-6.40338893020953e-11
0.0366666503250599,-2.76600674615601e-21,-2.02421048672852e-11,-4.30594240818927e-11
0.0374999865889549,4.11129565123204e-21,-3.80483665407549e-11,-2.99605271147918e-11
0.0383333191275597,-1.35053865449341e-21,-3.78820377844313e-11,-6.45339545690682e-11
0.0391666516661644,-2.71776652602833e-21,-2.11088369006518e-11,-4.37635344630039e-11
0.0399999842047691,4.25079756127583e-21,-3.66258065542802e-11,-2.86800704712986e-11
0.0408333167433739,-1.46761227712514e-21,-3.89873376638317e-11,-6.55165227625432e-11
0.0416666492819786,-3.04108610314698e-21,-2.0899702107835e-11,-4.36590000263415e-11
0.0424999818205833,4.45470162123799e-21,-3.59532160987275e-11,-2.79198070912701e-11
0.0433333143591881,-1.07314173775887e-21,-4.0018769548178e-11,-6.66199040377791e-11
0.0441666506230831,-3.22329242400418e-21,-2.01708545699564e-11,-4.28726394663403e-11
0.0449999831616879,4.14432754187482e-21,-3.59822033280111e-11,-2.79932639568603e-11
0.0458333157002926,-8.50180716836298e-22,-4.06259054175351e-11,-6.71941183250091e-11
0.0466666482388973,-3.26319399308867e-21,-1.93553645333466e-11,-4.20800720657422e-11
0.0474999807775021,3.96992248739041e-21,-3.65105619348771e-11,-2.8507207011641e-11
0.0483333133161068,-5.76062381754504e-22,-4.06504795102958e-11,-6.72259956036036e-11
0.0491666458547115,-3.23687304945168e-21,-1.88669687511966e-11,-4.15902416672775e-11
0.0499999783933163,3.69747835496321e-21,-3.7116341250476e-11,-2.91096244331435e-11
0.0508333146572113,-4.88887874851652e-22,-4.02963148959934e-11,-6.68790786639839e-11
0.051666647195816,-3.06751852229621e-21,-1.87954860009221e-11,-4.15084598637261e-11
0.0524999797344208,3.52455398608701e-21,-3.75166113453229e-11,-2.95224331092747e-11
0.0533333122730255,-5.66937798057768e-22,-3.98434688020366e-11,-6.64122506988107e-11
0.0541666448116302,-2.90033069943568e-21,-1.90294498908505e-11,-4.17570804323031e-11
0.054999977350235,3.57983210766672e-21,-3.76107443800233e-11,-2.9601845280558e-11
0.0558333098888397,-7.16280703717983e-22,-3.95169487410474e-11,-6.61001045565435e-11
0.0566666424274445,-2.82189515577554e-21,-1.93698460049241e-11,-4.20836802905722e-11
0.0574999786913395,3.6380360575459e-21,-3.74547858006391e-11,-2.94589456995009e-11
0.0583333112299442,-9.16844183871131e-22,-3.94231210176788e-11,-6.5994133768843e-11
0.059166643768549,-2.79201345809546e-21,-1.96250272976872e-11,-4.23498770774078e-11
0.0599999763071537,3.80077374564612e-21,-3.72090760980548e-11,-2.92035388926859e-11
0.0608333088457584,-1.03766849300838e-21,-3.9516254851657e-11,-6.60955595810364e-11
0.0616666413843632,-2.83412817960499e-21,-1.9720109226129e-11,-4.24380426633508e-11
0.0624999739229679,3.93983985106055e-21,-3.70044654640633e-11,-2.90045886613965e-11
0.0633333101868629,-1.07628546837304e-21,-3.96979636663186e-11,-6.62727511757666e-11
0.0641666427254677,-2.92117742801786e-21,-1.96634340754454e-11,-4.23848178776609e-11
0.0649999752640724,4.00659389194907e-21,-3.69198317751174e-11,-2.89175176859668e-11
0.0658333078026772,-1.01239212742765e-21,-3.98559414638289e-11,-6.6432234713254e-11
0.0666666403412819,-3.01789616737548e-21,-1.95338571706838e-11,-4.22545332057211e-11
0.0674999728798866,4.00549771607873e-21,-3.69490688045815e-11,-2.89468050224118e-11
0.0683333054184914,-9.06611155939251e-22,-3.99311660126411e-11,-6.65079519235334e-11
0.0691666379570961,-3.08755160080809e-21,-1.94114689600067e-11,-4.21312013054731e-11
0.0699999704957008,3.93092665684286e-21,-3.70412207850723e-11,-2.90402753927443e-11
0.0708333030343056,-8.10970921967704e-22,-3.99190784594605e-11,-6.64942753636488e-11
0.0716666355729103,-3.09494109441012e-21,-1.93466770381789e-11,-4.20681371682274e-11
0.072499968111515,3.85558092357629e-21,-3.71353989225831e-11,-2.9132696255374e-11
0.0733333006501198,-7.5019627003591e-22,-3.98539395929376e-11,-6.64308816289427e-11
0.0741666406393051,-3.06980881900689e-21,-1.93488142175013e-11,-4.20685500324147e-11
0.0749999731779099,3.78937537451972e-21,-3.71891718808914e-11,-2.91881761815826e-11
0.0758333057165146,-7.3856949527846e-22,-3.97829616471945e-11,-6.63582452875566e-11
0.0766666382551193,-3.0107912190574e-21,-1.93933064052132e-11,-4.21145583684446e-11
0.0774999707937241,3.75339624904794e-21,-3.71937897147845e-11,-2.91914895034218e-11
0.0783333033323288,-7.74293357983094e-22,-3.97381363925753e-11,-6.63144955614925e-11
0.0791666358709335,-2.95461543687643e-21,-1.94471608955249e-11,-4.21675125372722e-11
0.0799999684095383,3.75510554023559e-21,-3.71633314399933e-11,-2.91618187930887e-11
0.080833300948143,-8.35281216929463e-22,-3.97305487120914e-11,-6.63062174610651e-11
0.0816666334867477,-2.9204116397164e-21,-1.94834304939606e-11,-4.22043407166672e-11
0.0824999660253525,3.78695764837385e-21,-3.71232246332287e-11,-2.91213372860533e-11
0.0833332985639572,-8.88965309366092e-22,-3.97506368099432e-11,-6.63264998479463e-11
0.084166631102562,-2.9142823040788e-21,-1.94924631991e-11,-4.22133057675911e-11
0.0849999636411667,3.82939144834233e-21,-3.70941159733018e-11,-2.90922390344672e-11
0.0858332961797714,-9.17602399107906e-22,-3.97802346618903e-11,-6.63561150471281e-11
0.0866666287183762,-2.93387473119991e-21,-1.94797268593394e-11,-4.22004930999975e-11
0.0874999687075615,3.86410435739793e-21,-3.70847033637212e-11,-2.90829912236168e-11
0.0883333012461662,-9.18854681085064e-22,-3.9803504242597e-11,-6.63791313582074e-11
0.089166633784771,-2.96452908342678e-21,-1.94578866907769e-11,-4.2178937426085e-11
0.0899999663233757,3.88374101121683e-21,-3.70926449277942e-11,-2.90906708444449e-11
0.0908332988619804,-8.98173449209909e-22,-3.98122090849995e-11,-6.63880686535556e-11
0.0916666314005852,-2.99687717681514e-21,-1.94398282193919e-11,-4.21606499712013e-11
0.0924999639391899,3.88350513549528e-21,-3.71082713168658e-11,-2.91065678503788e-11
0.0933332964777946,-8.66840954283587e-22,-3.98078479901809e-11,-6.63833987779583e-11
0.0941666290163994,-3.01765968580876e-21,-1.94317981844216e-11,-4.21529165739454e-11
0.0949999615550041,3.86769298031909e-21,-3.71224682937932e-11,-2.91205289049135e-11
0.0958332940936089,-8.39119145140221e-22,-3.97964890208602e-11,-6.63722063420913e-11
0.0966666266322136,-3.02140542457869e-21,-1.94341313874968e-11,-4.21551023255251e-11
0.0974999591708183,3.84569635759436e-21,-3.71293065737355e-11,-2.91275441266503e-11
0.0983332917094231,-8.23711896489462e-22,-3.9785671285264e-11,-6.6361180439678e-11
0.0991666242480278,-3.01011348025474e-21,-1.94420937682516e-11,-4.21632589953091e-11
0.0999999567866325,3.82620591441107e-21,-3.71284947231487e-11,-2.91266039065263e-11
0.100833289325237,-8.23746278203155e-22,-3.9779752408764e-11,-6.63553240132231e-11
0.101666629314423,-2.99114285223178e-21,-1.94504620742997e-11,-4.21715926068877e-11
0.102499961853027,3.81514398930531e-21,-3.7122842994064e-11,-2.91210180969337e-11
0.103333294391632,-8.35672592912649e-22,-3.97797558782109e-11,-6.63552199298145e-11
0.104166626930237,-2.97309452251389e-21,-1.94553748111836e-11,-4.21766059577333e-11
0.104999959468842,3.81422108515508e-21,-3.71165181922706e-11,-2.91146447228829e-11
0.105833292007446,-8.5232126881451e-22,-3.97836104337745e-11,-6.63590571381434e-11
0.106666624546051,-2.96203037597582e-21,-1.94559351268664e-11,-4.21771957637151e-11
0.107499957084656,3.82215684915676e-21,-3.71124311837612e-11,-2.91105681227144e-11
0.10833328962326,-8.66333659923545e-22,-3.97883843927804e-11,-6.63637825248919e-11
0.109166622161865,-2.96036046472455e-21,-1.94533486541637e-11,-4.21746595979933e-11
0.10999995470047,3.83370668157695e-21,-3.71116089248336e-11,-2.91097389248929e-11
0.110833287239075,-8.7425831676368e-22,-3.97916838368317e-11,-6.63670368661329e-11
0.111666619777679,-2.96685068213818e-21,-1.9449825430784e-11,-4.21711901510413e-11
0.112499952316284,3.84462037656318e-21,-3.71132742593705e-11,-2.9111390381642e-11
0.113333284854889,-8.74330311365334e-22,-3.97925997708271e-11,-6.63679181056587e-11
0.114166617393494,-2.97744226943959e-21,-1.94472077330587e-11,-4.2168615821403e-11
0.114999957382679,3.85120227854666e-21,-3.71158451195619e-11,-2.91139681807273e-11
0.115833289921284,-8.68444525488171e-22,-3.97915519978476e-11,-6.6366814821528e-11
0.116666622459888,-2.9874742577475e-21,-1.94463247588095e-11,-4.21677900930284e-11
0.117499954998493,3.85220394256967e-21,-3.71178920932635e-11,-2.91160012766412e-11
0.118333287537098,-8.59694202648421e-22,-3.97896750270466e-11,-6.63648996868105e-11
0.119166620075703,-2.99365448437981e-21,-1.9446975280113e-11,-4.21684839824188e-11
0.119999952614307,3.84817911112236e-21,-3.71186865966155e-11,-2.91167957799932e-11
0.120833285152912,-8.52070145989386e-22,-3.97880756120017e-11,-6.63632551689552e-11
0.121666617691517,-2.99439482718392e-21,-1.94483526505529e-11,-4.21699168640099e-11
0.122499950230122,3.84171030023826e-21,-3.71183014880039e-11,-2.91164002630406e-11
0.123333282768726,-8.47551449750084e-22,-3.97873643753766e-11,-6.63624988295197e-11
0.124166615307331,-2.99058507077381e-21,-1.94496172639669e-11,-4.21712317844047e-11
0.124999947845936,3.83521362047609e-21,-3.71172884094939e-11,-2.91153837150837e-11
0.125833287835121,-8.47389891036695e-22,-3.97875621338528e-11,-6.63626514851856e-11
0.126666620373726,-2.98474977199458e-21,-1.94502608463765e-11,-4.21719222043482e-11
0.127499952912331,3.83131520872201e-21,-3.71162892087717e-11,-2.91143775754676e-11
0.128333285450935,-8.50520091108612e-22,-3.97882803093719e-11,-6.63633245578943e-11
0.12916661798954,-2.97917316910517e-21,-1.94502140088426e-11,-4.21719291432421e-11
0.129999950528145,3.83066614659097e-21,-3.71157202194716e-11,-2.91138016472736e-11
0.13083328306675,-8.55064636742056e-22,-3.97890435877013e-11,-6.63640462028603e-11
0.131666615605354,-2.97590120126225e-21,-1.94497369598867e-11,-4.217149893182e-11
0.132499948143959,3.83308791170467e-21,-3.71156681777673e-11,-2.91137461361224e-11
0.133333280682564,-8.59309188039575e-22,-3.97895189019337e-11,-6.63644694753884e-11
0.134166613221169,-2.97569339636715e-21,-1.94491818483744e-11,-4.2170995862012e-11
0.134999945759773,3.83686030766231e-21,-3.71159665502052e-11,-2.91140410391133e-11
0.135833278298378,-8.61656232248338e-22,-3.97896056381075e-11,-6.63645180476458e-11
0.136666610836983,-2.97776579076315e-21,-1.94488192911679e-11,-4.21706836117863e-11
0.137499943375587,3.84029383421862e-21,-3.71163551282638e-11,-2.9114422678278e-11
0.138333275914192,-8.62086079400149e-22,-3.97894113490782e-11,-6.63642751863591e-11
0.139166608452797,-2.9808976064222e-21,-1.94487412286115e-11,-4.21706558562107e-11
0.139999940991402,3.84268086420894e-21,-3.71166222756791e-11,-2.91146828867994e-11
0.140833273530006,-8.60354472915204e-22,-3.97891268544281e-11,-6.63639490583456e-11
0.141666606068611,-2.98386140101933e-21,-1.9448888680107e-11,-4.2170853614687e-11
0.142499938607216,3.84310778310908e-21,-3.71166777868304e-11,-2.91147349285037e-11
0.143333271145821,-8.57726720441927e-22,-3.97889152181641e-11,-6.63636923192712e-11
0.144166603684425,-2.98574820484333e-21,-1.94491211330527e-11,-4.21711346398901e-11
0.14499993622303,3.84160003641637e-21,-3.7116559825634e-11,-2.91146100284134e-11
0.145833268761635,-8.55423801956759e-22,-3.97888597070128e-11,-6.63635882358626e-11
0.14666660130024,-2.98585463164577e-21,-1.94493102179116e-11,-4.21713740317298e-11
0.147499933838844,3.8393874898365e-21,-3.71163655366047e-11,-2.91144088004902e-11
0.14833328127861,-8.5392544586427e-22,-3.97889360348458e-11,-6.63636229303322e-11
0.149166613817215,-2.98455105477711e-21,-1.9449391749915e-11,-4.21715058707139e-11
0.14999994635582,3.83744918917262e-21,-3.71161885948101e-11,-2.91142283892487e-11
0.150833278894424,-8.53962503394153e-22,-3.97890817516178e-11,-6.63637270137407e-11
0.151666611433029,-2.98283267591182e-21,-1.94493674637863e-11,-4.21715301568426e-11
0.152499943971634,3.83624840403535e-21,-3.71160914502955e-11,-2.91141243058401e-11
0.153333276510239,-8.54864909782628e-22,-3.97892205294959e-11,-6.63638172193615e-11
0.154166609048843,-2.98144084759598e-21,-1.9449285931783e-11,-4.217149893182e-11
0.154999941587448,3.83629202488797e-21,-3.71160741030607e-11,-2.91141034891584e-11
0.155833274126053,-8.56071147526471e-22,-3.97893037962227e-11,-6.63638588527249e-11
0.156666606664658,-2.98048442001271e-21,-1.94492026650561e-11,-4.21714677067975e-11
0.157499939203262,3.83699844036226e-21,-3.71161053280833e-11,-2.91141277752871e-11
0.158333271741867,-8.57312625264672e-22,-3.97893280823514e-11,-6.63638380360432e-11
0.159166604280472,-2.98039031206216e-21,-1.94491575622457e-11,-4.21714746456914e-11
0.159999936819077,3.83819882160274e-21,-3.71161400225528e-11,-2.91141590003097e-11
0.160833269357681,-8.57964514673197e-22,-3.97893107351166e-11,-6.6363775585998e-11
0.161666601896286,-2.9809367844102e-21,-1.94491575622457e-11,-4.21715232179487e-11
0.162499934434891,3.83915322970209e-21,-3.71161539003406e-11,-2.91141624697566e-11
0.163333266973495,-8.58097598663352e-22,-3.97892864489879e-11,-6.6363706197059e-11
0.1641665995121,-2.98178920857172e-21,-1.94491905219918e-11,-4.21716064846756e-11
0.164999932050705,3.83997354406932e-21,-3.7116129614212e-11,-2.9114134714181e-11
0.16583326458931,-8.5756243542525e-22,-3.9789279510094e-11,-6.63636576248017e-11
0.166666597127914,-2.98279127649152e-21,-1.94492304206317e-11,-4.21716966902963e-11
0.167499929666519,3.8398665114217e-21,-3.71160810419546e-11,-2.91140826724767e-11
0.168333262205124,-8.56825222821215e-22,-3.97892968573288e-11,-6.63636298692261e-11
0.169166594743729,-2.98320304926227e-21,-1.94492616456543e-11,-4.21717764875762e-11
0.169999927282333,3.83934548457102e-21,-3.71160255308034e-11,-2.91140202224316e-11
0.170833259820938,-8.56051659506668e-22,-3.97893350212453e-11,-6.63636229303322e-11
0.171666592359543,-2.98324828570202e-21,-1.94492737887186e-11,-4.21718389376213e-11
0.172499924898148,3.83880183950047e-21,-3.71159734890991e-11,-2.91139612418334e-11
0.173333257436752,-8.5564372375536e-22,-3.97893801240556e-11,-6.63636229303322e-11
0.174166589975357,-2.98286337206737e-21,-1.94492703192717e-11,-4.21718875098787e-11
0.174999937415123,3.83832766467667e-21,-3.71159353251826e-11,-2.911391960847e-11
0.175833269953728,-8.55670683865657e-22,-3.97894217574191e-11,-6.63636159914383e-11
0.176666602492332,-2.98254853452465e-21,-1.94492599109308e-11,-4.21719256737951e-11
0.177499935030937,3.83804857199929e-21,-3.7115911039054e-11,-2.91138883834474e-11
0.178333267569542,-8.55887172541599e-22,-3.97894564518886e-11,-6.63636090525443e-11
0.179166600108147,-2.98204770251314e-21,-1.94492512373134e-11,-4.21719673071586e-11
0.179999932646751,3.83801868363731e-21,-3.71158902223723e-11,-2.91138640973188e-11
0.180833265185356,-8.56197870142286e-22,-3.97894807380172e-11,-6.63635882358626e-11
0.181666597723961,-2.98179930599131e-21,-1.94492477678665e-11,-4.21720158794159e-11
0.182499930262566,3.83809744351009e-21,-3.71158728751375e-11,-2.91138398111901e-11
0.18333326280117,-8.56601161080584e-22,-3.9789498085252e-11,-6.6363560480287e-11
0.184166595339775,-2.98182253005636e-21,-1.94492529720369e-11,-4.21720679211202e-11
0.18499992787838,3.8384003660977e-21,-3.71158485890088e-11,-2.91138085861675e-11
0.185833260416985,-8.56809975717639e-22,-3.97895154324868e-11,-6.63635327247114e-11
0.186666592955589,-2.98180778782376e-21,-1.94492616456543e-11,-4.21721269017183e-11
0.187499925494194,3.83862897167714e-21,-3.71158173639863e-11,-2.9113773891698e-11
0.188333258032799,-8.56981530876419e-22,-3.97895362491685e-11,-6.63635119080297e-11
0.189166590571404,-2.98210828703067e-21,-1.94492720539952e-11,-4.21721893517635e-11
0.189999923110008,3.83880709015865e-21,-3.71157861389637e-11,-2.91137357277815e-11
0.190833255648613,-8.56866016396346e-22,-3.97895605352971e-11,-6.6363491091348e-11
0.191666588187218,-2.9822173391622e-21,-1.94492789928891e-11,-4.21722448629147e-11
0.192499920725822,3.83899611385332e-21,-3.71157514444942e-11,-2.91136940944181e-11
0.193333253264427,-8.56732528509408e-22,-3.97895882908728e-11,-6.63634702746663e-11
0.194166585803032,-2.98257983652537e-21,-1.94492841970595e-11,-4.21723003740659e-11
0.194999918341637,3.83894077999398e-21,-3.71157202194716e-11,-2.91136559305016e-11
0.195833250880241,-8.56477871587428e-22,-3.97896195158953e-11,-6.63634563968785e-11
0.196666583418846,-2.98268727306977e-21,-1.9449285931783e-11,-4.21723524157702e-11
0.197499915957451,3.83892422022586e-21,-3.71156889944491e-11,-2.91136212360321e-11
0.198333248496056,-8.56188378567874e-22,-3.97896472714709e-11,-6.63634425190907e-11
0.19916658103466,-2.98262103399728e-21,-1.94492876665064e-11,-4.21724044574745e-11
0.199999913573265,3.83850214808713e-21,-3.71156612388734e-11,-2.91135865415626e-11
0.20083324611187,-8.56175857767586e-22,-3.97896715575996e-11,-6.63634217024089e-11
0.201666578650475,-2.98256953715739e-21,-1.94492894012299e-11,-4.21724564991788e-11
0.20249992609024,3.83842500380149e-21,-3.71156334832978e-11,-2.911355531654e-11
0.203333258628845,-8.56162933070515e-22,-3.97896993131752e-11,-6.63634008857272e-11
0.20416659116745,-2.98241201741184e-21,-1.94492928706769e-11,-4.21725085408831e-11
0.204999923706055,3.83825981001705e-21,-3.71156057277222e-11,-2.91135206220705e-11
0.205833256244659,-8.5629601706067e-22,-3.97897235993039e-11,-6.63633800690455e-11
0.206666588783264,-2.98232154453234e-21,-1.94492963401238e-11,-4.21725640520343e-11
0.207499921321869,3.83830666204393e-21,-3.71155745026996e-11,-2.9113485927601e-11
0.208333253860474,-8.56382349998137e-22,-3.97897478854325e-11,-6.63633661912577e-11
0.209166586399078,-2.98222885022053e-21,-1.94493015442943e-11,-4.21726195631855e-11
0.209999918937683,3.83838865309098e-21,-3.7115546747124e-11,-2.91134512331315e-11
0.210833251476288,-8.56445660818946e-22,-3.97897721715612e-11,-6.6363345374576e-11
0.211666584014893,-2.98217694948386e-21,-1.94493067484647e-11,-4.21726750743368e-11
0.212499916553497,3.83835028289655e-21,-3.71155155221015e-11,-2.9113416538662e-11
0.213333249092102,-8.56601363028975e-22,-3.97897964576899e-11,-6.63633245578943e-11
0.214166581630707,-2.98223248529158e-21,-1.94493102179116e-11,-4.2172730585488e-11
0.214999914169312,3.83860029500552e-21,-3.71154842970789e-11,-2.91133783747455e-11
0.215833246707916,-8.56589448073863e-22,-3.97898242132655e-11,-6.63633037412126e-11
0.216666579246521,-2.98235547186215e-21,-1.94493136873586e-11,-4.21727826271923e-11
0.217499911785126,3.83864633923883e-21,-3.71154565415033e-11,-2.9113343680276e-11
0.21833324432373,-8.56622769558499e-22,-3.97898484993942e-11,-6.63632898634248e-11
0.219166576862335,-2.9823910147791e-21,-1.94493171568055e-11,-4.21728381383435e-11
0.21999990940094,3.83878204855808e-21,-3.71154253164807e-11,-2.91133089858064e-11
0.220833241939545,-8.56573292202524e-22,-3.97898762549698e-11,-6.63632690467431e-11
0.221666574478149,-2.98256872936382e-21,-1.94493206262525e-11,-4.21728901800478e-11
0.222499907016754,3.83896259042029e-21,-3.71153975609051e-11,-2.91132742913369e-11
0.223333239555359,-8.56239673459375e-22,-3.97899005410984e-11,-6.63632482300613e-11
0.224166572093964,-2.98268787891495e-21,-1.94493240956994e-11,-4.2172945691199e-11
0.224999904632568,3.83877841348703e-21,-3.71153663358825e-11,-2.91132395968674e-11
0.225833237171173,-8.56143344076517e-22,-3.9789928296674e-11,-6.63632343522735e-11
0.226666569709778,-2.98265213404961e-21,-1.94493292998699e-11,-4.21729977329033e-11
0.227499902248383,3.83855627025612e-21,-3.71153385803069e-11,-2.91132049023979e-11
0.228333234786987,-8.5593261092974e-22,-3.97899525828027e-11,-6.63632135355918e-11
0.229166582226753,-2.98248593052321e-21,-1.94493327693168e-11,-4.21730532440545e-11
0.229999914765358,3.83846822075732e-21,-3.71153073552843e-11,-2.91131702079284e-11
0.230833247303963,-8.55976130808159e-22,-3.97899768689314e-11,-6.63631927189101e-11
0.231666579842567,-2.98245422462571e-21,-1.94493362387638e-11,-4.21731052857588e-11
0.232499912381172,3.83824769311354e-21,-3.71152795997087e-11,-2.91131320440119e-11
0.233333244919777,-8.56093967694737e-22,-3.9790004624507e-11,-6.63631719022284e-11
0.234166577458382,-2.98229508929302e-21,-1.94493397082107e-11,-4.217316079691e-11
0.234999909996986,3.83841329079477e-21,-3.71152483746862e-11,-2.91130973495424e-11
0.235833242535591,-8.56120321959859e-22,-3.97900289106357e-11,-6.63631580244406e-11
0.236666575074196,-2.98231730361611e-21,-1.94493449123812e-11,-4.21732128386143e-11
0.237499907612801,3.83830141138575e-21,-3.71152206191105e-11,-2.91130626550729e-11
0.238333240151405,-8.56367304842953e-22,-3.97900531967643e-11,-6.63631372077589e-11
0.23916657269001,-2.98220138523926e-21,-1.94493483818281e-11,-4.21732683497655e-11
0.239999905228615,3.83830383476645e-21,-3.7115189394088e-11,-2.91130279606033e-11
0.24083323776722,-8.56575311686441e-22,-3.97900809523399e-11,-6.63631163910772e-11
0.241666570305824,-2.98231609192576e-21,-1.94493518512751e-11,-4.21733238609168e-11
0.242499902844429,3.83859464045055e-21,-3.71151616385124e-11,-2.91129932661338e-11
0.243333235383034,-8.56420922140959e-22,-3.97901052384686e-11,-6.63630955743955e-11
0.244166567921638,-2.98239889076637e-21,-1.9449355320722e-11,-4.2173375902621e-11
0.244999900460243,3.83866330290374e-21,-3.71151304134898e-11,-2.91129585716643e-11
0.245833232998848,-8.56470298522738e-22,-3.97901329940442e-11,-6.63630816966077e-11
0.246666565537453,-2.98244432915452e-21,-1.94493605248924e-11,-4.21734314137723e-11
0.247499898076057,3.83866128341982e-21,-3.71151026579142e-11,-2.91129238771948e-11
0.248333230614662,-8.56260373169528e-22,-3.97901572801729e-11,-6.63630608799259e-11
0.249166563153267,-2.98263496843631e-21,-1.94493639943394e-11,-4.21734834554766e-11
0.249999895691872,3.8385958521409e-21,-3.71150714328916e-11,-2.91128857132783e-11
0.250833243131638,-8.56224022459016e-22,-3.97901815663015e-11,-6.63630400632442e-11
0.251666575670242,-2.98244594474165e-21,-1.94493674637863e-11,-4.21735389666278e-11
0.252499908208847,3.83867178473619e-21,-3.7115043677316e-11,-2.91128510188088e-11
0.253333240747452,-8.5618847954207e-22,-3.97902093218772e-11,-6.63630192465625e-11
0.254166573286057,-2.98256085337655e-21,-1.94493709332333e-11,-4.21735910083321e-11
0.254999905824661,3.83851143771315e-21,-3.71150124522934e-11,-2.91128163243393e-11
0.255833238363266,-8.56016318538114e-22,-3.97902336080058e-11,-6.63630053687747e-11
0.256666570901871,-2.98253601372436e-21,-1.94493744026802e-11,-4.21736465194833e-11
0.257499903440475,3.83841046351728e-21,-3.71149846967178e-11,-2.91127816298697e-11
0.25833323597908,-8.56130217431054e-22,-3.97902578941345e-11,-6.6362984552093e-11
0.259166568517685,-2.9824154505345e-21,-1.94493796068507e-11,-4.21737020306345e-11
0.25999990105629,3.83860837294118e-21,-3.71149534716952e-11,-2.91127469354002e-11
0.260833233594894,-8.5603207051267e-22,-3.97902856497101e-11,-6.63629637354113e-11
0.261666566133499,-2.98243665511563e-21,-1.94493830762976e-11,-4.21737540723388e-11
0.262499898672104,3.8384662012734e-21,-3.71149257161196e-11,-2.91127122409307e-11
0.263333231210709,-8.56169799315834e-22,-3.97903099358388e-11,-6.63629429187296e-11
0.264166563749313,-2.98240999792792e-21,-1.94493865457446e-11,-4.217380958349e-11
0.264999896287918,3.83852193902952e-21,-3.71148944910971e-11,-2.91126775464612e-11
0.265833228826523,-8.56120321959859e-22,-3.97903376914144e-11,-6.63629290409418e-11
0.266666561365128,-2.98245846554194e-21,-1.94493900151915e-11,-4.21738616251943e-11
0.267499893903732,3.83846902855089e-21,-3.71148667355214e-11,-2.91126428519917e-11
0.268333226442337,-8.56201303264945e-22,-3.9790361977543e-11,-6.63629082242601e-11
0.269166558980942,-2.98245543631606e-21,-1.9449395219362e-11,-4.21739171363456e-11
0.269999891519547,3.83852961306841e-21,-3.71148355104989e-11,-2.91126046880752e-11
0.270833224058151,-8.56144959663651e-22,-3.97903862636717e-11,-6.63628874075783e-11
0.271666556596756,-2.98248795000713e-21,-1.94493986888089e-11,-4.21739691780498e-11
0.272499889135361,3.83842904276932e-21,-3.71148042854763e-11,-2.91125699936057e-11
0.273333221673965,-8.56081042997666e-22,-3.97904140192473e-11,-6.63628665908966e-11
0.27416655421257,-2.98252369487247e-21,-1.94494021582559e-11,-4.21740246892011e-11
0.274999886751175,3.83843550511786e-21,-3.71147765299007e-11,-2.91125352991362e-11
0.27583321928978,-8.56066906610244e-22,-3.9790438305376e-11,-6.63628527131088e-11
0.276666551828384,-2.98262123594568e-21,-1.94494056277028e-11,-4.21740802003523e-11
0.277499884366989,3.83843994798248e-21,-3.71147453048781e-11,-2.91125006046666e-11
0.278333216905594,-8.55996123698941e-22,-3.97904625915046e-11,-6.63628318964271e-11
0.279166549444199,-2.9825521695957e-21,-1.94494090971498e-11,-4.21741322420566e-11
0.279999881982803,3.83845206488598e-21,-3.71147175493025e-11,-2.91124659101971e-11
0.280833214521408,-8.56173535361081e-22,-3.97904903470803e-11,-6.63628110797454e-11
0.281666547060013,-2.98258690471908e-21,-1.94494143013202e-11,-4.21741877532078e-11
0.282499879598618,3.83853122865554e-21,-3.71146863242799e-11,-2.91124312157276e-11
0.283333212137222,-8.56224830252582e-22,-3.97905146332089e-11,-6.63627972019576e-11
0.284166544675827,-2.9824984513235e-21,-1.94494177707671e-11,-4.21742397949121e-11
0.284999877214432,3.83860433397335e-21,-3.71146585687043e-11,-2.91123965212581e-11
0.285833209753036,-8.56206150026347e-22,-3.97905423887845e-11,-6.63627763852759e-11
0.286666542291641,-2.98270686206377e-21,-1.94494212402141e-11,-4.21742953060633e-11
0.287499874830246,3.83847549089942e-21,-3.71146273436818e-11,-2.91123618267886e-11
0.288333207368851,-8.56009048396012e-22,-3.97905666749132e-11,-6.63627555685942e-11
0.289166539907455,-2.9825937709644e-21,-1.9449424709661e-11,-4.21743473477676e-11
0.28999987244606,3.83851951564882e-21,-3.71145995881061e-11,-2.91123236628721e-11
0.290833204984665,-8.55957147659336e-22,-3.97905909610419e-11,-6.63627347519125e-11
0.29166653752327,-2.98264042104289e-21,-1.94494299138315e-11,-4.21744028589188e-11
0.292499870061874,3.83838824919419e-21,-3.71145683630836e-11,-2.91122889684026e-11
0.293333202600479,-8.55998547079642e-22,-3.97906187166175e-11,-6.63627208741246e-11
0.294166535139084,-2.98260487812595e-21,-1.94494333832784e-11,-4.21744583700701e-11
0.294999867677689,3.83828444772084e-21,-3.7114540607508e-11,-2.9112254273933e-11
0.295833200216293,-8.55963610007871e-22,-3.97906430027462e-11,-6.63627000574429e-11
0.29666656255722,-2.98262002425533e-21,-1.94494368527254e-11,-4.21745104117743e-11
0.297499895095825,3.83837411280677e-21,-3.71145093824854e-11,-2.91122195794635e-11
0.29833322763443,-8.56034594867567e-22,-3.97906707583218e-11,-6.63626792407612e-11
0.299166560173035,-2.98261760087463e-21,-1.94494403221723e-11,-4.21745659229256e-11
0.299999892711639,3.83846297009913e-21,-3.71144816269098e-11,-2.9112184884994e-11
0.300833225250244,-8.56084779042913e-22,-3.97906950444504e-11,-6.63626584240795e-11
0.301666557788849,-2.98271716143175e-21,-1.94494437916193e-11,-4.21746179646298e-11
0.302499890327454,3.83844156356961e-21,-3.71144504018872e-11,-2.91121501905245e-11
0.303333222866058,-8.56127087230982e-22,-3.97907193305791e-11,-6.63626445462917e-11
0.304166555404663,-2.98272261403833e-21,-1.94494489957897e-11,-4.21746734757811e-11
0.304999887943268,3.83860675735405e-21,-3.71144226463116e-11,-2.9112115496055e-11
0.305833220481873,-8.56099319327118e-22,-3.97907470861547e-11,-6.636262372961e-11
0.306666553020477,-2.98282984863434e-21,-1.94494524652367e-11,-4.21747255174854e-11
0.307499885559082,3.83840238558161e-21,-3.7114391421289e-11,-2.91120808015854e-11
0.308333218097687,-8.56016116589723e-22,-3.97907713722834e-11,-6.63626029129283e-11
0.309166550636292,-2.98279935442719e-21,-1.94494559346836e-11,-4.21747810286366e-11
0.309999883174896,3.83846660517019e-21,-3.71143636657134e-11,-2.9112042637669e-11
0.310833215713501,-8.56035099738546e-22,-3.9790795658412e-11,-6.63625820962466e-11
0.311666548252106,-2.9828039992402e-21,-1.94494594041306e-11,-4.21748365397878e-11
0.31249988079071,3.83831999063778e-21,-3.71143324406908e-11,-2.91120079431995e-11
0.313333213329315,-8.5597340450487e-22,-3.97908234139877e-11,-6.63625682184588e-11
0.31416654586792,-2.9825937709644e-21,-1.9449464608301e-11,-4.21748885814921e-11
0.314999878406525,3.83830908542463e-21,-3.71143046851152e-11,-2.91119732487299e-11
0.315833210945129,-8.5616697203835e-22,-3.97908477001163e-11,-6.63625474017771e-11
0.316666543483734,-2.98279127649152e-21,-1.94494680777479e-11,-4.21749440926433e-11
0.317499876022339,3.83836522707753e-21,-3.71142734600927e-11,-2.91119385542604e-11
0.318333208560944,-8.56129712560075e-22,-3.97908754556919e-11,-6.63625265850953e-11
0.319166541099548,-2.98257882678341e-21,-1.94494715471949e-11,-4.21749961343476e-11
0.319999873638153,3.83835957252257e-21,-3.7114245704517e-11,-2.91119038597909e-11
0.320833206176758,-8.56246842627282e-22,-3.97908997418206e-11,-6.63625057684136e-11
0.321666538715363,-2.98271332441231e-21,-1.94494750166418e-11,-4.21750516454988e-11
0.322499871253967,3.83862533660609e-21,-3.71142144794945e-11,-2.91118691653214e-11
0.323333203792572,-8.56011370802517e-22,-3.97909240279493e-11,-6.63624918906258e-11
0.324166536331177,-2.98295970145023e-21,-1.94494802208123e-11,-4.21751036872031e-11
0.324999868869781,3.83853688321051e-21,-3.71141867239189e-11,-2.91118344708519e-11
0.325833201408386,-8.55891918328805e-22,-3.97909517835249e-11,-6.63624710739441e-11
0.326666533946991,-2.98300554373515e-21,-1.94494836902592e-11,-4.21751591983544e-11
0.327499866485596,3.83846700906697e-21,-3.71141554988963e-11,-2.91117997763823e-11
0.3283331990242,-8.55754391474032e-22,-3.97909760696535e-11,-6.63624502572624e-11
0.329166531562805,-2.9829702027666e-21,-1.94494871597062e-11,-4.21752147095056e-11
0.32999986410141,3.83823072944864e-21,-3.71141277433207e-11,-2.91117616124659e-11
0.330833196640015,-8.55706428730995e-22,-3.97910003557822e-11,-6.63624363794746e-11
0.331666529178619,-2.98286296817058e-21,-1.94494906291531e-11,-4.21752667512099e-11
0.332499861717224,3.83802797326333e-21,-3.71140965182981e-11,-2.91117269179964e-11
0.333333194255829,-8.55813865275399e-22,-3.97910281113578e-11,-6.63624155627929e-11
0.334166526794434,-2.9826206301005e-21,-1.94494940986001e-11,-4.21753222623611e-11
0.334999859333038,3.83818387742175e-21,-3.71140687627225e-11,-2.91116922235268e-11
0.335833191871643,-8.55973202556479e-22,-3.97910523974865e-11,-6.63623947461112e-11
0.336666524410248,-2.9825596416862e-21,-1.94494993027705e-11,-4.21753743040654e-11
0.337499856948853,3.838280408753e-21,-3.71140375376999e-11,-2.91116575290573e-11
0.338333189487457,-8.56077609875007e-22,-3.97910801530621e-11,-6.63623739294295e-11
0.339166522026062,-2.98275411798744e-21,-1.94495027722175e-11,-4.21754298152166e-11
0.339999854564667,3.83834624392871e-21,-3.71140097821243e-11,-2.91116228345878e-11
0.340833187103271,-8.55965124620809e-22,-3.97911044391908e-11,-6.63623600516416e-11
0.341666519641876,-2.98277168749752e-21,-1.94495062416644e-11,-4.21754818569209e-11
0.342499852180481,3.83837047773572e-21,-3.71139785571017e-11,-2.91115881401183e-11
0.343333184719086,-8.5604307670002e-22,-3.97911287253194e-11,-6.63623392349599e-11
0.34416651725769,-2.98272786469651e-21,-1.94495097111114e-11,-4.21755373680721e-11
0.344999849796295,3.83847670258977e-21,-3.71139508015261e-11,-2.91115534456488e-11
0.3458331823349,-8.55972798659695e-22,-3.9791156480895e-11,-6.63623184182782e-11
0.346666514873505,-2.98298050213458e-21,-1.94495149152818e-11,-4.21755928792233e-11
0.347499847412109,3.83839673102664e-21,-3.71139195765036e-11,-2.91115187511792e-11
0.348333179950714,-8.55817601320646e-22,-3.97911807670237e-11,-6.63622976015965e-11
0.349166512489319,-2.98286660324164e-21,-1.94495183847287e-11,-4.21756449209276e-11
0.349999874830246,3.83837815177461e-21,-3.71138918209279e-11,-2.91114805872628e-11
0.350833207368851,-8.55886364748032e-22,-3.97912085225993e-11,-6.63622837238087e-11
0.351666539907455,-2.9829187059267e-21,-1.94495218541757e-11,-4.21757004320789e-11
0.35249987244606,3.83828565941119e-21,-3.71138605959054e-11,-2.91114458927932e-11
0.353333204984665,-8.55744496002837e-22,-3.9791232808728e-11,-6.6362262907127e-11
0.35416653752327,-2.98271736338014e-21,-1.94495253236227e-11,-4.21757524737831e-11
0.354999870061874,3.83831797115387e-21,-3.71138328403298e-11,-2.91114111983237e-11
0.355833202600479,-8.55863342631374e-22,-3.97912570948566e-11,-6.63622420904453e-11
0.356666535139084,-2.98281409665978e-21,-1.94495287930696e-11,-4.21758079849344e-11
0.357499867677689,3.83837492060034e-21,-3.71138016153072e-11,-2.91113765038542e-11
0.358333200216293,-8.55906660561401e-22,-3.97912848504323e-11,-6.63622212737636e-11
0.359166532754898,-2.98287165195143e-21,-1.944953399724e-11,-4.21758600266386e-11
0.359999865293503,3.8381850891121e-21,-3.71137703902846e-11,-2.91113418093847e-11
0.360833197832108,-8.55896664116011e-22,-3.97913091365609e-11,-6.63622073959758e-11
0.361666530370712,-2.98278360245263e-21,-1.9449537466687e-11,-4.21759155377899e-11
0.362499862909317,3.83813096694312e-21,-3.7113742634709e-11,-2.91113071149152e-11
0.363333195447922,-8.55821741262676e-22,-3.97913334226896e-11,-6.6362186579294e-11
0.364166527986526,-2.98267374252753e-21,-1.94495409361339e-11,-4.21759675794942e-11
0.364999860525131,3.83828767889511e-21,-3.71137114096864e-11,-2.91112724204456e-11
0.365833193063736,-8.55873641999353e-22,-3.97913611782652e-11,-6.63621657626123e-11
0.366666525602341,-2.98269979387006e-21,-1.94495444055809e-11,-4.21760230906454e-11
0.367499858140945,3.83829252565651e-21,-3.71136836541108e-11,-2.91112377259761e-11
0.36833319067955,-8.55781957429504e-22,-3.97913854643939e-11,-6.63621449459306e-11
0.369166523218155,-2.98290699291998e-21,-1.94495496097513e-11,-4.21760786017966e-11
0.36999985575676,3.8382097268159e-21,-3.71136524290883e-11,-2.91111995620597e-11
0.370833188295364,-8.55795487971751e-22,-3.97914132199695e-11,-6.63621310681428e-11
0.371666520833969,-2.98271211272196e-21,-1.94495530791983e-11,-4.21761306435009e-11
0.372499853372574,3.83821659306122e-21,-3.71136246735126e-11,-2.91111648675901e-11
0.373333185911179,-8.55865967960467e-22,-3.97914375060981e-11,-6.63621102514611e-11
0.374166518449783,-2.98270666011538e-21,-1.94495565486452e-11,-4.21761861546521e-11
0.374999850988388,3.8382145735773e-21,-3.71135934484901e-11,-2.91111301731206e-11
0.375833183526993,-8.55916152135813e-22,-3.97914617922268e-11,-6.63620894347794e-11
0.376666516065598,-2.98271231467035e-21,-1.94495600180922e-11,-4.21762381963564e-11
0.377499848604202,3.8382731386109e-21,-3.71135656929145e-11,-2.91110954786511e-11
0.378333181142807,-8.55876772199424e-22,-3.97914895478024e-11,-6.63620755569916e-11
0.379166513681412,-2.9826230534812e-21,-1.94495634875391e-11,-4.21762937075076e-11
0.379999846220016,3.83839753882021e-21,-3.71135344678919e-11,-2.91110607841816e-11
0.380833178758621,-8.55875762457466e-22,-3.97915138339311e-11,-6.63620547403099e-11
0.381666511297226,-2.98267293473396e-21,-1.94495686917096e-11,-4.21763457492119e-11
0.382499843835831,3.83844358305353e-21,-3.71135067123163e-11,-2.91110260897121e-11
0.383333176374435,-8.55669169252719e-22,-3.97915381200598e-11,-6.63620339236282e-11
0.38416650891304,-2.98293789102392e-21,-1.94495721611565e-11,-4.21764012603631e-11
0.384999841451645,3.83832726077989e-21,-3.71134754872937e-11,-2.91109913952425e-11
0.38583317399025,-8.55584653850778e-22,-3.97915658756354e-11,-6.63620131069464e-11
0.386666506528854,-2.98290053057145e-21,-1.94495756306035e-11,-4.21764567715144e-11
0.387499839067459,3.83828283213371e-21,-3.71134477317181e-11,-2.9110956700773e-11
0.388333171606064,-8.55588692818612e-22,-3.9791590161764e-11,-6.63619992291586e-11
0.389166504144669,-2.98284943762834e-21,-1.94495791000504e-11,-4.21765088132187e-11
0.389999836683273,3.83832039453457e-21,-3.71134165066955e-11,-2.91109185368565e-11
0.390833169221878,-8.55702086840572e-22,-3.97916179173397e-11,-6.63619784124769e-11
0.391666501760483,-2.98297525147639e-21,-1.94495843042208e-11,-4.21765643243699e-11
0.392499834299088,3.83829373734686e-21,-3.71133887511199e-11,-2.9110883842387e-11
0.393333166837692,-8.55691585524202e-22,-3.97916422034683e-11,-6.63619575957952e-11
0.394166499376297,-2.98284034995071e-21,-1.94495877736678e-11,-4.21766163660742e-11
0.394999831914902,3.83825698273956e-21,-3.71133575260973e-11,-2.91108491479175e-11
0.395833164453506,-8.55771355138938e-22,-3.9791666489597e-11,-6.63619367791135e-11
0.396666496992111,-2.9827062562186e-21,-1.94495912431147e-11,-4.21766718772254e-11
0.397499829530716,3.838397942717e-21,-3.71133297705217e-11,-2.9110814453448e-11
0.398333162069321,-8.55736922938147e-22,-3.97916942451726e-11,-6.63619229013257e-11
0.399166494607925,-2.98295364299847e-21,-1.94495947125617e-11,-4.21767239189297e-11
0.39999982714653,3.83829494903721e-21,-3.71132985454992e-11,-2.91107797589785e-11
0.400833159685135,-8.5564130037466e-22,-3.97917185313013e-11,-6.6361902084644e-11
0.40166649222374,-2.98293647738518e-21,-1.94495999167321e-11,-4.21767794300809e-11
0.402499824762344,3.8383244335024e-21,-3.71132707899235e-11,-2.91107450645089e-11
0.403333157300949,-8.55594549321973e-22,-3.97917462868769e-11,-6.63618812679623e-11
0.404166519641876,-2.98297949239262e-21,-1.94496033861791e-11,-4.21768349412321e-11
0.404999852180481,3.83840561675588e-21,-3.7113239564901e-11,-2.91107103700394e-11
0.405833184719086,-8.5543723152481e-22,-3.97917705730055e-11,-6.63618604512806e-11
0.40666651725769,-2.98301584310313e-21,-1.9449606855626e-11,-4.21768869829364e-11
0.407499849796295,3.83824567362963e-21,-3.71132118093254e-11,-2.91106756755699e-11
0.4083331823349,-8.55519222571855e-22,-3.97917948591342e-11,-6.63618465734928e-11
0.409166514873505,-2.98294031440462e-21,-1.9449610325073e-11,-4.21769424940877e-11
0.409999847412109,3.83814793060803e-21,-3.71131805843028e-11,-2.91106375116534e-11
0.410833179950714,-8.55614340264363e-22,-3.97918226147098e-11,-6.6361825756811e-11
0.411666512489319,-2.98279208428509e-21,-1.94496137945199e-11,-4.21769945357919e-11
0.412499845027924,3.83818306962819e-21,-3.71131528287272e-11,-2.91106028171839e-11
0.413333177566528,-8.5573732683493e-22,-3.97918469008385e-11,-6.63618049401293e-11
0.414166510105133,-2.98277249529109e-21,-1.94496189986904e-11,-4.21770500469432e-11
0.414999842643738,3.83857202223067e-21,-3.71131216037046e-11,-2.91105681227144e-11
0.415833175182343,-8.55497715068135e-22,-3.97918711869671e-11,-6.63617841234476e-11
0.416666507720947,-2.98293728517874e-21,-1.94496224681373e-11,-4.21771020886474e-11
0.417499840259552,3.83827596588839e-21,-3.7113093848129e-11,-2.91105334282449e-11
0.418333172798157,-8.55607272070652e-22,-3.97918989425428e-11,-6.63617702456598e-11
0.419166505336761,-2.98293082283021e-21,-1.94496259375843e-11,-4.21771575997987e-11
0.419999837875366,3.83831352828925e-21,-3.71130626231064e-11,-2.91104987337754e-11
0.420833170413971,-8.55577383708675e-22,-3.97919232286714e-11,-6.63617494289781e-11
0.421666502952576,-2.98295687417274e-21,-1.94496294070312e-11,-4.21772131109499e-11
0.42249983549118,3.838397942717e-21,-3.71130348675308e-11,-2.91104640393058e-11
0.423333168029785,-8.555181118557e-22,-3.9791950984247e-11,-6.63617286122964e-11
0.42416650056839,-2.98296979886981e-21,-1.94496346112016e-11,-4.21772651526542e-11
0.424999833106995,3.83831393218603e-21,-3.71130036425082e-11,-2.91104293448363e-11
0.425833165645599,-8.55453185447757e-22,-3.97919752703757e-11,-6.63617147345086e-11
0.426666498184204,-2.98293789102392e-21,-1.94496380806486e-11,-4.21773206638054e-11
0.427499830722809,3.83842702328541e-21,-3.71129758869326e-11,-2.91103946503668e-11
0.428333163261414,-8.55344133316219e-22,-3.97919995565044e-11,-6.63616939178269e-11
0.429166495800018,-2.98300998659977e-21,-1.94496415500955e-11,-4.21773727055097e-11
0.429999828338623,3.83838259463922e-21,-3.71129446619101e-11,-2.91103564864503e-11
0.430833160877228,-8.55374526549176e-22,-3.979202731208e-11,-6.63616731011452e-11
0.431666493415833,-2.98299282098647e-21,-1.94496450195425e-11,-4.21774282166609e-11
0.432499825954437,3.83827677368195e-21,-3.71129169063344e-11,-2.91103217919808e-11
0.433333158493042,-8.55493878048692e-22,-3.97920515982086e-11,-6.63616522844634e-11
0.434166491031647,-2.98288962535829e-21,-1.94496484889894e-11,-4.21774802583652e-11
0.434999823570251,3.83820084108666e-21,-3.71128856813119e-11,-2.91102870975113e-11
0.435833156108856,-8.55536287210957e-22,-3.97920758843373e-11,-6.63616384066756e-11
0.436666488647461,-2.98276886022004e-21,-1.94496536931599e-11,-4.21775357695164e-11
0.437499821186066,3.83831110490855e-21,-3.71128579257363e-11,-2.91102524030418e-11
0.43833315372467,-8.55609089606178e-22,-3.97921036399129e-11,-6.63616175899939e-11
0.439166486263275,-2.98302856585181e-21,-1.94496571626068e-11,-4.21775912806677e-11
0.43999981880188,3.83831352828925e-21,-3.71128267007137e-11,-2.91102177085723e-11
0.440833151340485,-8.55481054325817e-22,-3.97921279260416e-11,-6.63615967733122e-11
0.441666483879089,-2.98306350292358e-21,-1.94496606320538e-11,-4.21776433223719e-11
0.442499816417694,3.83823678790039e-21,-3.71127989451381e-11,-2.91101830141027e-11
0.443333148956299,-8.55367054458681e-22,-3.97921556816172e-11,-6.63615759566305e-11
0.444166481494904,-2.98305582888469e-21,-1.94496641015007e-11,-4.21776988335232e-11
0.444999814033508,3.83816529816971e-21,-3.71127677201155e-11,-2.91101483196332e-11
0.445833146572113,-8.55480448480641e-22,-3.97921799677459e-11,-6.63615620788427e-11
0.446666479110718,-2.98302331519362e-21,-1.94496693056712e-11,-4.21777508752275e-11
0.447499811649323,3.838075229187e-21,-3.71127364950929e-11,-2.91101136251637e-11
0.448333144187927,-8.55442280234603e-22,-3.97922042538745e-11,-6.6361541262161e-11
0.449166476726532,-2.98295020987582e-21,-1.94496727751181e-11,-4.21778063863787e-11
0.449999809265137,3.83812450459458e-21,-3.71127087395173e-11,-2.91100754612472e-11
0.450833141803741,-8.55464494557694e-22,-3.97922320094501e-11,-6.63615204454793e-11
0.451666474342346,-2.98292355268811e-21,-1.94496762445651e-11,-4.2177858428083e-11
0.452499806880951,3.83818872418316e-21,-3.71126775144948e-11,-2.91100407667777e-11
0.453333139419556,-8.5553204629473e-22,-3.97922562955788e-11,-6.63614996287976e-11
0.45416647195816,-2.98298050213458e-21,-1.9449679714012e-11,-4.21779139392342e-11
0.454999804496765,3.83826384898488e-21,-3.71126497589191e-11,-2.91100060723082e-11
0.45583313703537,-8.55467018912591e-22,-3.97922840511544e-11,-6.63614857510098e-11
0.456666469573975,-2.98306693604624e-21,-1.94496849181824e-11,-4.21779694503854e-11
0.457499802112579,3.83837209332285e-21,-3.71126185338966e-11,-2.91099713778387e-11
0.458333164453506,-8.55389975601143e-22,-3.97923083372831e-11,-6.6361464934328e-11
0.459166496992111,-2.98304694315546e-21,-1.94496883876294e-11,-4.21780214920897e-11
0.459999829530716,3.83846256620235e-21,-3.7112590778321e-11,-2.91099366833691e-11
0.460833162069321,-8.55399467175555e-22,-3.97923326234118e-11,-6.63614441176463e-11
0.461666494607925,-2.98318830702967e-21,-1.94496918570763e-11,-4.21780770032409e-11
0.46249982714653,3.83819841770596e-21,-3.71125595532984e-11,-2.91099019888996e-11
0.463333159685135,-8.55209736661519e-22,-3.97923603789874e-11,-6.63614233009646e-11
0.46416649222374,-2.98320062588157e-21,-1.94496953265233e-11,-4.21781290449452e-11
0.464999824762344,3.8380142407727e-21,-3.71125317977228e-11,-2.91098672944301e-11
0.465833157300949,-8.55217410700405e-22,-3.9792384665116e-11,-6.63614094231768e-11
0.466666489839554,-2.98301362167082e-21,-1.94496987959702e-11,-4.21781845560965e-11
0.467499822378159,3.83811642665891e-21,-3.71125005727002e-11,-2.91098325999606e-11
0.468333154916763,-8.55385633710721e-22,-3.97924089512447e-11,-6.63613886064951e-11
0.469166487455368,-2.98286599739646e-21,-1.94497040001407e-11,-4.21782365978007e-11
0.469999819993973,3.83815923971796e-21,-3.71124728171246e-11,-2.91097944360441e-11
0.470833152532578,-8.55507307616742e-22,-3.97924367068203e-11,-6.63613677898134e-11
0.471666485071182,-2.98292032151384e-21,-1.94497074695876e-11,-4.2178292108952e-11
0.472499817609787,3.83814348774341e-21,-3.7112441592102e-11,-2.91097597415746e-11
0.473333150148392,-8.55601011670508e-22,-3.9792460992949e-11,-6.63613539120256e-11
0.474166482686996,-2.98295828781148e-21,-1.94497109390346e-11,-4.21783476201032e-11
0.474999815225601,3.83830181528253e-21,-3.71124138365264e-11,-2.91097250471051e-11
0.475833147764206,-8.55498017990723e-22,-3.97924887485246e-11,-6.63613330953439e-11
0.476666480302811,-2.98295000792742e-21,-1.94497144084815e-11,-4.21783996618075e-11
0.477499812841415,3.83833049195416e-21,-3.71123826115038e-11,-2.91096903526356e-11
0.47833314538002,-8.55406333420874e-22,-3.97925130346533e-11,-6.63613122786622e-11
0.479166477918625,-2.98315761087413e-21,-1.9449719612652e-11,-4.21784551729587e-11
0.47999981045723,3.83835755303865e-21,-3.71123548559282e-11,-2.9109655658166e-11
0.480833142995834,-8.55310004038016e-22,-3.97925373207819e-11,-6.63612914619804e-11
0.481666475534439,-2.98299746579948e-21,-1.94497230820989e-11,-4.2178507214663e-11
0.482499808073044,3.83844721812458e-21,-3.71123236309057e-11,-2.91096209636965e-11
0.483333140611649,-8.55258507198123e-22,-3.97925650763575e-11,-6.63612775841926e-11
0.484166473150253,-2.98313034784124e-21,-1.94497265515459e-11,-4.21785627258142e-11
0.484999805688858,3.83839148036846e-21,-3.711229587533e-11,-2.9109586269227e-11
0.485833138227463,-8.55280620547018e-22,-3.97925893624862e-11,-6.63612567675109e-11
0.486666470766068,-2.98320688628171e-21,-1.94497300209928e-11,-4.21786147675185e-11
0.487499803304672,3.8384516609892e-21,-3.71122646503075e-11,-2.91095515747575e-11
0.488333135843277,-8.55174597641356e-22,-3.97926136486149e-11,-6.63612359508292e-11
0.489166468381882,-2.9833732917565e-21,-1.94497334904398e-11,-4.21786702786697e-11
0.489999800920486,3.8383539179676e-21,-3.71122368947319e-11,-2.9109513410841e-11
0.490833133459091,-8.54930946906726e-22,-3.97926414041905e-11,-6.63612151341475e-11
0.491666465997696,-2.98334360534292e-21,-1.94497386946102e-11,-4.2178725789821e-11
0.492499798536301,3.83808209543232e-21,-3.71122056697093e-11,-2.91094787163715e-11
0.493333131074905,-8.54997185979216e-22,-3.97926656903191e-11,-6.63612012563597e-11
0.49416646361351,-2.9831460998158e-21,-1.94497421640571e-11,-4.21787778315252e-11
0.494999796152115,3.83798596799785e-21,-3.71121779141337e-11,-2.9109444021902e-11
0.49583312869072,-8.5516914503478e-22,-3.97926934458948e-11,-6.6361180439678e-11
0.496666461229324,-2.98303280676804e-21,-1.94497456335041e-11,-4.21788333426765e-11
0.497499793767929,3.83811844614283e-21,-3.71121466891111e-11,-2.91094093274324e-11
0.498333126306534,-8.55331309593344e-22,-3.97927177320234e-11,-6.63611596229963e-11
0.499166458845139,-2.98320405900423e-21,-1.94497491029511e-11,-4.21788853843807e-11
0.499999791383743,3.83792457568676e-21,-3.71121189335355e-11,-2.91093746329629e-11
0.50083315372467,-8.55370083684557e-22,-3.97927420181521e-11,-6.63611388063146e-11
0.501666486263275,-2.98302594052272e-21,-1.94497543071215e-11,-4.2178940895532e-11
0.50249981880188,3.83813702539487e-21,-3.71120877085129e-11,-2.91093399384934e-11
0.503333151340485,-8.55484184525889e-22,-3.97927697737277e-11,-6.63611249285267e-11
0.504166483879089,-2.98304633731028e-21,-1.94497577765684e-11,-4.21789929372363e-11
0.504999816417694,3.8381608553051e-21,-3.71120599529373e-11,-2.91093052440239e-11
0.505833148956299,-8.55525785894586e-22,-3.97927940598564e-11,-6.6361104111845e-11
0.506666481494904,-2.98300756321907e-21,-1.94497612460154e-11,-4.21790484483875e-11
0.507499814033508,3.83834341665123e-21,-3.71120287279147e-11,-2.91092705495544e-11
0.508333146572113,-8.5545823415755e-22,-3.9792821815432e-11,-6.63610832951633e-11
0.509166479110718,-2.98315599528699e-21,-1.94497647154623e-11,-4.21791039595387e-11
0.509999811649323,3.83845731554417e-21,-3.71120009723391e-11,-2.91092323856379e-11
0.510833144187927,-8.55462677022169e-22,-3.97928461015606e-11,-6.63610624784816e-11
0.511666476726532,-2.98331169749702e-21,-1.94497699196328e-11,-4.2179156001243e-11
0.512499809265137,3.83840440506553e-21,-3.71119697473166e-11,-2.91091976911684e-11
0.513333141803741,-8.55320303405994e-22,-3.97928703876893e-11,-6.63610486006938e-11
0.514166474342346,-2.98334623067201e-21,-1.94497733890797e-11,-4.21792115123942e-11
0.514999806880951,3.83844439084709e-21,-3.71119419917409e-11,-2.91091629966989e-11
0.515833139419556,-8.54955685584714e-22,-3.97928981432649e-11,-6.63610277840121e-11
0.51666647195816,-2.98349244130763e-21,-1.94497768585267e-11,-4.21792635540985e-11
0.517499804496765,3.83823072944864e-21,-3.71119107667184e-11,-2.91091283022293e-11
0.51833313703537,-8.5496800443661e-22,-3.97929224293936e-11,-6.63610069673304e-11
0.519166469573975,-2.98337652293077e-21,-1.94497803279736e-11,-4.21793190652497e-11
0.519999802112579,3.83825779053313e-21,-3.71118830111428e-11,-2.91090936077598e-11
0.520833134651184,-8.54821389904209e-22,-3.97929467155222e-11,-6.63609930895426e-11
0.521666467189789,-2.98327150976707e-21,-1.94497837974206e-11,-4.2179371106954e-11
0.522499799728394,3.83807119021917e-21,-3.71118517861202e-11,-2.91090589132903e-11
0.523333132266998,-8.54912872525666e-22,-3.97929744710979e-11,-6.63609722728609e-11
0.524166464805603,-2.98316831413889e-21,-1.9449789001591e-11,-4.21794266181053e-11
0.524999797344208,3.8380142407727e-21,-3.71118240305446e-11,-2.91090242188208e-11
0.525833129882812,-8.54991531424247e-22,-3.97929987572265e-11,-6.63609514561792e-11
0.526666462421417,-2.98305239576203e-21,-1.9449792471038e-11,-4.21794821292565e-11
0.527499794960022,3.83789913018941e-21,-3.7111792805522e-11,-2.91089895243513e-11
0.528333127498627,-8.55160360279739e-22,-3.97930265128021e-11,-6.63609306394974e-11
0.529166460037231,-2.98299059955416e-21,-1.94497959404849e-11,-4.21795341709608e-11
0.529999792575836,3.83792296009963e-21,-3.71117615804994e-11,-2.91089513604348e-11
0.530833125114441,-8.55319596586623e-22,-3.97930507989308e-11,-6.63609167617096e-11
0.531666457653046,-2.98286821882877e-21,-1.94497994099319e-11,-4.2179589682112e-11
0.53249979019165,3.83830787373428e-21,-3.71117338249238e-11,-2.91089166659653e-11
0.533333122730255,-8.55326462831942e-22,-3.97930750850595e-11,-6.63608959450279e-11
0.53416645526886,-2.98295606637918e-21,-1.94498046141023e-11,-4.21796417238163e-11
0.534999787807465,3.838319586741e-21,-3.71117025999013e-11,-2.91088819714957e-11
0.535833120346069,-8.55371598297495e-22,-3.97931028406351e-11,-6.63608751283462e-11
0.536666452884674,-2.98325818117321e-21,-1.94498080835492e-11,-4.21796972349675e-11
0.537499785423279,3.83869480685285e-21,-3.71116748443256e-11,-2.91088472770262e-11
0.538333117961884,-8.55068271813107e-22,-3.97931271267637e-11,-6.63608543116645e-11
0.539166450500488,-2.98360876358127e-21,-1.94498115529962e-11,-4.21797492766718e-11
0.539999783039093,3.83848760780293e-21,-3.71116436193031e-11,-2.91088125825567e-11
0.540833115577698,-8.54789784980902e-22,-3.97931514128924e-11,-6.63608404338767e-11
0.541666448116302,-2.98345245552606e-21,-1.94498150224431e-11,-4.2179804787823e-11
0.542499780654907,3.83813500591095e-21,-3.71116158637275e-11,-2.91087778880872e-11
0.543333113193512,-8.54713448488826e-22,-3.9793179168468e-11,-6.6360819617195e-11
0.544166445732117,-2.9833759170856e-21,-1.94498202266136e-11,-4.21798602989742e-11
0.544999778270721,3.83814712281446e-21,-3.71115846387049e-11,-2.91087431936177e-11
0.545833110809326,-8.54918930977418e-22,-3.97932034545967e-11,-6.63607988005133e-11
0.546666443347931,-2.98301119829012e-21,-1.94498236960605e-11,-4.21799123406785e-11
0.547499775886536,3.83830706594071e-21,-3.71115568831293e-11,-2.91087084991482e-11
0.54833310842514,-8.55198831448365e-22,-3.97932312101723e-11,-6.63607779838316e-11
0.549166440963745,-2.98320668433332e-21,-1.94498271655075e-11,-4.21799678518298e-11
0.54999977350235,3.83818953197672e-21,-3.71115256581067e-11,-2.91086703352317e-11
0.550833106040955,-8.5507382539388e-22,-3.9793255496301e-11,-6.63607641060437e-11
0.551666438579559,-2.98319719275891e-21,-1.94498306349544e-11,-4.2180019893534e-11
0.552499771118164,3.83829858410826e-21,-3.71114979025311e-11,-2.91086356407622e-11
0.553333103656769,-8.55110075130197e-22,-3.97932797824296e-11,-6.6360743289362e-11
0.554166436195374,-2.98319598106856e-21,-1.94498341044014e-11,-4.21800754046853e-11
0.554999768733978,3.83820407226093e-21,-3.71114666775085e-11,-2.91086009462926e-11
0.555833101272583,-8.54981232056269e-22,-3.97933075380053e-11,-6.63607224726803e-11
0.556666433811188,-2.9832341493146e-21,-1.94498393085718e-11,-4.21801274463895e-11
0.557499766349792,3.83833412702521e-21,-3.71114389219329e-11,-2.91085662518231e-11
0.558333098888397,-8.54846229556393e-22,-3.97933318241339e-11,-6.63607016559986e-11
0.559166431427002,-2.98336864694349e-21,-1.94498427780188e-11,-4.21801829575408e-11
0.559999763965607,3.83828767889511e-21,-3.71114076969103e-11,-2.91085315573536e-11
0.560833096504211,-8.54810989562035e-22,-3.97933561102626e-11,-6.63606877782108e-11
0.561666429042816,-2.9833635982337e-21,-1.94498462474657e-11,-4.2180238468692e-11
0.562499761581421,3.83809623181974e-21,-3.71113799413347e-11,-2.91084968628841e-11
0.563333094120026,-8.54790289851882e-22,-3.97933838658382e-11,-6.63606669615291e-11
0.56416642665863,-2.98314307058992e-21,-1.94498497169127e-11,-4.21802905103963e-11
0.564999759197235,3.83838703750384e-21,-3.71113487163122e-11,-2.91084621684146e-11
0.56583309173584,-8.54787361600202e-22,-3.97934081519669e-11,-6.63606461448474e-11
0.566666424274445,-2.98323536100495e-21,-1.94498549210831e-11,-4.21803460215475e-11
0.567499756813049,3.83811965783318e-21,-3.71113209607365e-11,-2.9108427473945e-11
0.568333089351654,-8.54796954148809e-22,-3.97934359075425e-11,-6.63606253281657e-11
0.569166421890259,-2.98323818828243e-21,-1.944985839053e-11,-4.21803980632518e-11
0.569999754428864,3.83798637189464e-21,-3.7111289735714e-11,-2.91083927794755e-11
0.570833086967468,-8.54758583954379e-22,-3.97934601936711e-11,-6.63606114503779e-11
0.571666419506073,-2.98318204662953e-21,-1.9449861859977e-11,-4.2180453574403e-11
0.572499752044678,3.83803524340544e-21,-3.71112619801384e-11,-2.91083546155591e-11
0.573333084583282,-8.54882479292709e-22,-3.97934844797998e-11,-6.63605906336961e-11
0.574166417121887,-2.98316488101623e-21,-1.94498653294239e-11,-4.21805056161073e-11
0.574999749660492,3.83818387742175e-21,-3.71112307551158e-11,-2.91083199210895e-11
0.575833082199097,-8.54914589086996e-22,-3.97935122353754e-11,-6.63605698170144e-11
0.576666414737701,-2.98318608559736e-21,-1.94498705335944e-11,-4.21805611272585e-11
0.577499747276306,3.8381802423507e-21,-3.71112029995402e-11,-2.910828522662e-11
0.578333079814911,-8.54950737849116e-22,-3.97935365215041e-11,-6.63605559392266e-11
0.579166412353516,-2.98316871803567e-21,-1.94498740030413e-11,-4.21806166384098e-11
0.57999974489212,3.83838622971027e-21,-3.71111717745176e-11,-2.91082505321505e-11
0.580833077430725,-8.54913175448253e-22,-3.97935642770797e-11,-6.63605351225449e-11
0.58166640996933,-2.98333068064585e-21,-1.94498774724883e-11,-4.21806686801141e-11
0.582499742507935,3.83828646720476e-21,-3.7111144018942e-11,-2.9108215837681e-11
0.583333075046539,-8.54857336717938e-22,-3.97935885632084e-11,-6.63605143058632e-11
0.584166407585144,-2.98323313957264e-21,-1.94498809419352e-11,-4.21807241912653e-11
0.584999740123749,3.83819639822204e-21,-3.71111127939194e-11,-2.91081811432115e-11
0.585833072662354,-8.54833001936734e-22,-3.9793612849337e-11,-6.63604934891815e-11
0.586666405200958,-2.98329352214177e-21,-1.94498844113822e-11,-4.21807762329696e-11
0.587499737739563,3.83829131396616e-21,-3.71110850383438e-11,-2.91081464487419e-11
0.588333070278168,-8.54757675186616e-22,-3.97936406049126e-11,-6.63604796113937e-11
0.589166402816772,-2.98357887521929e-21,-1.94498896155526e-11,-4.21808317441208e-11
0.589999735355377,3.83819437873812e-21,-3.71110538133212e-11,-2.91081117542724e-11
0.590833067893982,-8.54557241407818e-22,-3.97936648910413e-11,-6.6360458794712e-11
0.591666400432587,-2.98346497632635e-21,-1.94498930849996e-11,-4.21808837858251e-11
0.592499792575836,3.83779936768389e-21,-3.71110260577456e-11,-2.91080735903559e-11
0.593333125114441,-8.54579960601888e-22,-3.979368917717e-11,-6.63604379780303e-11
0.594166457653046,-2.98319840444926e-21,-1.94498965544465e-11,-4.21809392969763e-11
0.59499979019165,3.83783612229118e-21,-3.71109948327231e-11,-2.91080388958864e-11
0.595833122730255,-8.5490691504811e-22,-3.97937169327456e-11,-6.63604171613486e-11
0.59666645526886,-2.98321112719794e-21,-1.94499000238935e-11,-4.21809948081275e-11
0.597499787807465,3.83803039664403e-21,-3.71109670771474e-11,-2.91080042014169e-11
0.598333120346069,-8.54974163862558e-22,-3.97937412188742e-11,-6.63604032835607e-11
0.599166452884674,-2.9831729589519e-21,-1.94499052280639e-11,-4.21810468498318e-11
0.599999785423279,3.83830868152785e-21,-3.71109358521249e-11,-2.91079695069474e-11
0.600833117961884,-8.54800892142448e-22,-3.97937689744499e-11,-6.6360382466879e-11
0.601666450500488,-2.98339752556351e-21,-1.94499086975108e-11,-4.2181102360983e-11
0.602499783039093,3.83830221917931e-21,-3.71109080965493e-11,-2.91079348124779e-11
0.603333115577698,-8.54874300382844e-22,-3.97937932605785e-11,-6.63603616501973e-11
0.604166448116302,-2.9834760834879e-21,-1.94499121669578e-11,-4.21811544026873e-11
0.604999780654907,3.83825536715243e-21,-3.71108768715267e-11,-2.91079001180083e-11
0.605833113193512,-8.54698807230425e-22,-3.97938175467072e-11,-6.63603408335156e-11
0.606666445732117,-2.98348840233979e-21,-1.94499156364047e-11,-4.21812099138386e-11
0.607499778270721,3.83810794482646e-21,-3.71108491159511e-11,-2.91078654235388e-11
0.608333110809326,-8.54856125027588e-22,-3.97938453022828e-11,-6.63603269557278e-11
0.609166443347931,-2.98339833335708e-21,-1.94499208405752e-11,-4.21812619555428e-11
0.609999775886536,3.83824082686822e-21,-3.71108178909285e-11,-2.91078307290693e-11
0.61083310842514,-8.54855822105e-22,-3.97938695884115e-11,-6.63603061390461e-11
0.611666440963745,-2.98338924567945e-21,-1.94499243100221e-11,-4.21813174666941e-11
0.61249977350235,3.83824930870068e-21,-3.71107866659059e-11,-2.91077925651528e-11
0.613333106040955,-8.54752525502627e-22,-3.97938938745401e-11,-6.63602853223644e-11
0.614166438579559,-2.98348880623658e-21,-1.94499277794691e-11,-4.21813729778453e-11
0.614999771118164,3.83820609174485e-21,-3.71107589103303e-11,-2.91077578706833e-11
0.615833103656769,-8.54676491933138e-22,-3.97939216301157e-11,-6.63602645056827e-11
0.616666436195374,-2.98339368854407e-21,-1.9449931248916e-11,-4.21814250195496e-11
0.617499768733978,3.83802554988263e-21,-3.71107276853078e-11,-2.91077231762138e-11
0.618333101272583,-8.54822298671972e-22,-3.97939459162444e-11,-6.63602506278949e-11
0.619166433811188,-2.98341307558968e-21,-1.9449934718363e-11,-4.21814805307008e-11
0.619999766349792,3.83814752671124e-21,-3.71106999297321e-11,-2.91076884817443e-11
0.620833098888397,-8.54715366998547e-22,-3.979397367182e-11,-6.63602298112131e-11
0.621666431427002,-2.98342741392549e-21,-1.94499399225334e-11,-4.21815325724051e-11
0.622499763965607,3.8379871796882e-21,-3.71106687047096e-11,-2.91076537872748e-11
0.623333096504211,-8.54732229689257e-22,-3.97939979579487e-11,-6.63602089945314e-11
0.624166429042816,-2.98333471961368e-21,-1.94499433919804e-11,-4.21815880835563e-11
0.624999761581421,3.83808411491624e-21,-3.7110640949134e-11,-2.91076190928052e-11
0.625833094120026,-8.54703956914414e-22,-3.97940222440774e-11,-6.63601881778497e-11
0.62666642665863,-2.98362895842044e-21,-1.94499468614273e-11,-4.21816401252606e-11
0.627499759197235,3.83814510333054e-21,-3.71106097241114e-11,-2.91075843983357e-11
0.62833309173584,-8.5461509962205e-22,-3.9794049999653e-11,-6.63601743000619e-11
0.629166424274445,-2.98351869459855e-21,-1.94499503308743e-11,-4.21816956364118e-11
0.629999756813049,3.83812490849137e-21,-3.71105819685358e-11,-2.91075497038662e-11
0.630833089351654,-8.54531190065284e-22,-3.97940742857816e-11,-6.63601534833802e-11
0.631666421890259,-2.98346679386188e-21,-1.94499555350447e-11,-4.21817511475631e-11
0.632499754428864,3.83811359938143e-21,-3.71105507435132e-11,-2.91075115399497e-11
0.633333086967468,-8.54441524979353e-22,-3.97941020413572e-11,-6.63601326666985e-11
0.634166419506073,-2.98349728806903e-21,-1.94499590044916e-11,-4.21818031892673e-11
0.634999752044678,3.83805382265748e-21,-3.71105229879376e-11,-2.91074768454802e-11
0.635833084583282,-8.54587533666578e-22,-3.97941263274859e-11,-6.63601187889107e-11
0.636666417121887,-2.98335289496894e-21,-1.94499624739386e-11,-4.21818587004186e-11
0.637499749660492,3.83797869785575e-21,-3.7110491762915e-11,-2.91074421510107e-11
0.638333082199097,-8.548069505942e-22,-3.97941506136146e-11,-6.6360097972229e-11
0.639166414737701,-2.98313842577691e-21,-1.94499659433855e-11,-4.21819107421229e-11
0.639999747276306,3.83828323603049e-21,-3.71104640073394e-11,-2.91074074565412e-11
0.640833079814911,-8.5492327286784e-22,-3.97941783691902e-11,-6.63600771555473e-11
0.641666412353516,-2.98336056900782e-21,-1.9449971147556e-11,-4.21819662532741e-11
0.64249974489212,3.83823274893255e-21,-3.71104327823168e-11,-2.91073727620716e-11
0.643333077430725,-8.54737682295834e-22,-3.97942026553189e-11,-6.63600563388655e-11
0.64416640996933,-2.98349870170777e-21,-1.94499746170029e-11,-4.21820182949784e-11
0.644999742507935,3.83808290322589e-21,-3.71104050267412e-11,-2.91073380676021e-11
0.645833075046539,-8.54689113707622e-22,-3.97942269414475e-11,-6.63600424610777e-11
0.646666407585144,-2.98348133414608e-21,-1.94499780864499e-11,-4.21820738061296e-11
0.647499740123749,3.83827515809482e-21,-3.71103738017187e-11,-2.91073033731326e-11
0.648333072662354,-8.54408910314087e-22,-3.97942546970231e-11,-6.6360021644396e-11
0.649166405200958,-2.9837400300359e-21,-1.94499815558968e-11,-4.21821293172808e-11
0.649999737739563,3.83804089796041e-21,-3.71103460461431e-11,-2.91072686786631e-11
0.650833070278168,-8.54363976796926e-22,-3.97942789831518e-11,-6.63600008277143e-11
0.651666402816772,-2.98354292840556e-21,-1.94499850253438e-11,-4.21821813589851e-11
0.652499735355377,3.83809825130366e-21,-3.71103148211205e-11,-2.91072305147466e-11
0.653333067893982,-8.54365794332451e-22,-3.97943067387274e-11,-6.63599800110326e-11
0.654166400432587,-2.98348153609447e-21,-1.94499902295142e-11,-4.21822368701363e-11
0.654999732971191,3.83801060570164e-21,-3.71102870655449e-11,-2.91071958202771e-11
0.655833065509796,-8.54396288539604e-22,-3.97943310248561e-11,-6.63599661332448e-11
0.656666398048401,-2.98334925989789e-21,-1.94499936989612e-11,-4.21822889118406e-11
0.657499730587006,3.83799243034639e-21,-3.71102558405223e-11,-2.91071611258076e-11
0.65833306312561,-8.5458773561497e-22,-3.97943553109847e-11,-6.63599453165631e-11
0.659166395664215,-2.98326686495406e-21,-1.94499971684081e-11,-4.21823444229918e-11
0.65999972820282,3.83817135662147e-21,-3.71102280849467e-11,-2.91071264313381e-11
0.660833060741425,-8.54661244829562e-22,-3.97943830665604e-11,-6.63599244998814e-11
0.661666393280029,-2.9834076229831e-21,-1.94500006378551e-11,-4.21823964646961e-11
0.662499725818634,3.83819760991239e-21,-3.71101968599241e-11,-2.91070917368685e-11
0.663333058357239,-8.54653873713264e-22,-3.9794407352689e-11,-6.63599036831997e-11
0.664166390895844,-2.98348517116553e-21,-1.94500058420255e-11,-4.21824519758474e-11
0.664999723434448,3.83811804224605e-21,-3.71101691043485e-11,-2.9107057042399e-11
0.665833055973053,-8.54553303414179e-22,-3.97944316388177e-11,-6.63598898054119e-11
0.666666388511658,-2.98350253872721e-21,-1.94500093114724e-11,-4.21825040175516e-11
0.667499721050262,3.83812208121388e-21,-3.71101378793259e-11,-2.91070223479295e-11
0.668333053588867,-8.54377709287564e-22,-3.97944593943933e-11,-6.63598689887301e-11
0.669166386127472,-2.98346638996509e-21,-1.94500127809194e-11,-4.21825595287029e-11
0.669999718666077,3.83815479685334e-21,-3.71101101237503e-11,-2.910698765346e-11
0.670833051204681,-8.54478582509236e-22,-3.9794483680522e-11,-6.63598481720484e-11
0.671666383743286,-2.98359927200686e-21,-1.94500162503664e-11,-4.21826150398541e-11
0.672499716281891,3.83835028289655e-21,-3.71100788987277e-11,-2.91069494895435e-11
0.673333048820496,-8.54519477058563e-22,-3.97945114360976e-11,-6.63598273553667e-11
0.6741663813591,-2.98358796289692e-21,-1.94500214545368e-11,-4.21826670815584e-11
0.674999713897705,3.83829898800504e-21,-3.71100511431521e-11,-2.9106914795074e-11
0.67583304643631,-8.54442231798724e-22,-3.97945357222262e-11,-6.63598134775789e-11
0.676666378974915,-2.98357241287076e-21,-1.94500249239837e-11,-4.21827225927096e-11
0.677499711513519,3.83828121654657e-21,-3.71100199181296e-11,-2.91068801006045e-11
0.678333044052124,-8.54384171636099e-22,-3.97945600083549e-11,-6.63597926608972e-11
0.679166376590729,-2.98356413298669e-21,-1.94500283934307e-11,-4.21827746344139e-11
0.679999709129333,3.83795567573909e-21,-3.7109992162554e-11,-2.9106845406135e-11
0.680833041667938,-8.54366299203431e-22,-3.97945877639305e-11,-6.63597718442155e-11
0.681666374206543,-2.98346437048118e-21,-1.94500318628776e-11,-4.21828301455651e-11
0.682499706745148,3.83790963150578e-21,-3.71099609375314e-11,-2.91068107116654e-11
0.683333039283752,-8.54330049467114e-22,-3.97946120500592e-11,-6.63597510275338e-11
0.684166371822357,-2.98345427306159e-21,-1.94500353323246e-11,-4.21828821872694e-11
0.684999704360962,3.83770849090761e-21,-3.71099331819558e-11,-2.91067760171959e-11
0.685833036899567,-8.54388412552326e-22,-3.97946363361878e-11,-6.6359737149746e-11
0.686666369438171,-2.98345346526802e-21,-1.9450040536495e-11,-4.21829376984206e-11
0.687499701976776,3.83784379633007e-21,-3.71099019569332e-11,-2.91067413227264e-11
0.688333034515381,-8.54374175190708e-22,-3.97946640917635e-11,-6.63597163330643e-11
0.689166367053986,-2.98335289496894e-21,-1.9450044005942e-11,-4.21829932095719e-11
0.68999969959259,3.83787085741456e-21,-3.71098742013576e-11,-2.91067066282569e-11
0.690833032131195,-8.54533310523397e-22,-3.97946883778921e-11,-6.63596955163825e-11
0.6916663646698,-2.98322021487557e-21,-1.94500474753889e-11,-4.21830452512761e-11
0.692499697208405,3.83823598010682e-21,-3.7109842976335e-11,-2.91066719337874e-11
0.693333029747009,-8.54449804863414e-22,-3.97947161334677e-11,-6.63596816385947e-11
0.694166362285614,-2.98348476726874e-21,-1.94500509448359e-11,-4.21831007624274e-11
0.694999694824219,3.83833614650912e-21,-3.71098117513124e-11,-2.91066337698709e-11
0.695833027362823,-8.54605507073443e-22,-3.97947404195964e-11,-6.6359660821913e-11
0.696666359901428,-2.98366773251166e-21,-1.94500561490063e-11,-4.21831528041317e-11
0.697499692440033,3.83840925182693e-21,-3.71097839957368e-11,-2.91065990754014e-11
0.698333024978638,-8.54329443621939e-22,-3.97947647057251e-11,-6.63596400052313e-11
0.699166357517242,-2.98362956426562e-21,-1.94500596184533e-11,-4.21832083152829e-11
0.699999749660492,3.83830100748896e-21,-3.71097527707143e-11,-2.91065643809318e-11
0.700833082199097,-8.54394471004078e-22,-3.97947924613007e-11,-6.63596191885496e-11
0.701666414737701,-2.98367944551838e-21,-1.94500630879002e-11,-4.21832603569872e-11
0.702499747276306,3.83839955830413e-21,-3.71097250151387e-11,-2.91065296864623e-11
0.703333079814911,-8.54200499573815e-22,-3.97948167474294e-11,-6.63596053107618e-11
0.704166412353516,-2.98373356768736e-21,-1.94500665573472e-11,-4.21833158681384e-11
0.70499974489212,3.83815600854369e-21,-3.71096937901161e-11,-2.91064949919928e-11
0.705833077430725,-8.54106189674874e-22,-3.9794844503005e-11,-6.63595844940801e-11
0.70666640996933,-2.98367197342788e-21,-1.94500717615176e-11,-4.21833713792896e-11
0.707499742507935,3.83815439295656e-21,-3.71096660345405e-11,-2.91064602975233e-11
0.708333075046539,-8.54088822113185e-22,-3.97948687891336e-11,-6.63595636773984e-11
0.709166407585144,-2.98363865194325e-21,-1.94500752309645e-11,-4.21834234209939e-11
0.709999740123749,3.8379896030689e-21,-3.71096348095179e-11,-2.91064256030538e-11
0.710833072662354,-8.54184646625064e-22,-3.97948930752623e-11,-6.63595428607167e-11
0.711666405200958,-2.98354373619913e-21,-1.94500787004115e-11,-4.21834789321451e-11
0.712499737739563,3.83786035609819e-21,-3.71096070539423e-11,-2.91063909085842e-11
0.713333070278168,-8.54040859370147e-22,-3.97949208308379e-11,-6.63595289829289e-11
0.714166402816772,-2.98334683651719e-21,-1.94500821698584e-11,-4.21835309738494e-11
0.714999735355377,3.83811117600073e-21,-3.71095758289197e-11,-2.91063527446678e-11
0.715833067893982,-8.54131130301253e-22,-3.97949451169666e-11,-6.63595081662471e-11
0.716666400432587,-2.98340418986044e-21,-1.94500856393054e-11,-4.21835864850006e-11
0.717499732971191,3.83808532660659e-21,-3.71095480733441e-11,-2.91063180501983e-11
0.718333065509796,-8.54165865424632e-22,-3.97949694030952e-11,-6.63594873495654e-11
0.719166398048401,-2.98343508796437e-21,-1.94500908434758e-11,-4.21836385267049e-11
0.719999730587006,3.83809946299401e-21,-3.71095168483215e-11,-2.91062833557287e-11
0.72083306312561,-8.54136481933635e-22,-3.97949971586709e-11,-6.63594665328837e-11
0.721666395664215,-2.98342539444157e-21,-1.94500943129228e-11,-4.21836940378562e-11
0.72249972820282,3.83824688531998e-21,-3.71094890927459e-11,-2.91062486612592e-11
0.723333060741425,-8.54014606079221e-22,-3.97950214447995e-11,-6.63594526550959e-11
0.724166393280029,-2.98346659191349e-21,-1.94500977823697e-11,-4.21837495490074e-11
0.724999725818634,3.83819114756386e-21,-3.71094578677233e-11,-2.91062139667897e-11
0.725833058357239,-8.54149002733922e-22,-3.97950492003751e-11,-6.63594318384142e-11
0.726666390895844,-2.98362148632995e-21,-1.94501012518167e-11,-4.21838015907117e-11
0.727499723434448,3.83806392007706e-21,-3.71094301121477e-11,-2.91061792723202e-11
0.728333055973053,-8.54193936251084e-22,-3.97950734865038e-11,-6.63594110217325e-11
0.729166388511658,-2.98346760165544e-21,-1.94501064559871e-11,-4.21838571018629e-11
0.729999721050262,3.83831393218603e-21,-3.71093988871252e-11,-2.91061445778507e-11
0.730833053588867,-8.54114267610543e-22,-3.97950977726325e-11,-6.63593902050508e-11
0.731666386127472,-2.98359159796797e-21,-1.94501099254341e-11,-4.21839091435672e-11
0.732499718666077,3.83824203855857e-21,-3.71093711315496e-11,-2.91061098833811e-11
0.733333051204681,-8.54155364108262e-22,-3.97951255282081e-11,-6.6359376327263e-11
0.734166383743286,-2.98361320644589e-21,-1.9450113394881e-11,-4.21839646547184e-11
0.734999716281891,3.8382242671001e-21,-3.7109339906527e-11,-2.91060717194647e-11
0.735833048820496,-8.54078219822619e-22,-3.97951498143367e-11,-6.63593555105813e-11
0.7366663813591,-2.98356918169649e-21,-1.9450116864328e-11,-4.21840166964227e-11
0.737499713897705,3.83807886425805e-21,-3.71093121509514e-11,-2.91060370249951e-11
0.73833304643631,-8.54017534330902e-22,-3.97951741004654e-11,-6.63593346938995e-11
0.739166378974915,-2.98350597184987e-21,-1.94501220684984e-11,-4.21840722075739e-11
0.739999711513519,3.83824769311354e-21,-3.71092809259288e-11,-2.91060023305256e-11
0.740833044052124,-8.5406913214499e-22,-3.9795201856041e-11,-6.63593138772178e-11
0.741666376590729,-2.98372993261631e-21,-1.94501255379453e-11,-4.21841277187252e-11
0.742499709129333,3.83805341876069e-21,-3.71092531703532e-11,-2.91059676360561e-11
0.743333041667938,-8.53900202315303e-22,-3.97952261421697e-11,-6.635929999943e-11
0.744166374206543,-2.98369156242188e-21,-1.94501290073923e-11,-4.21841797604294e-11
0.744999706745148,3.83787287689848e-21,-3.71092219453306e-11,-2.91059329415866e-11
0.745833039283752,-8.53885763005294e-22,-3.97952538977453e-11,-6.63592791827483e-11
0.746666371822357,-2.98353686995381e-21,-1.94501324768392e-11,-4.21842352715807e-11
0.747499704360962,3.83788055093737e-21,-3.7109194189755e-11,-2.91058982471171e-11
0.748333036899567,-8.5404005157658e-22,-3.9795278183874e-11,-6.63592583660666e-11
0.749166369438171,-2.98348416142357e-21,-1.94501376810097e-11,-4.21842873132849e-11
0.749999701976776,3.83796940822973e-21,-3.71091629647324e-11,-2.91058635526475e-11
0.750833034515381,-8.54047119770291e-22,-3.97953024700026e-11,-6.63592444882788e-11
0.751666367053986,-2.98348133414608e-21,-1.94501411504566e-11,-4.21843428244362e-11
0.75249969959259,3.83813864098201e-21,-3.71091352091568e-11,-2.9105828858178e-11
0.753333032131195,-8.54121840675234e-22,-3.97953302255782e-11,-6.63592236715971e-11
0.7541663646698,-2.9835542375155e-21,-1.94501446199036e-11,-4.21843948661405e-11
0.754999697208405,3.83823234503577e-21,-3.71091039841343e-11,-2.91057941637085e-11
0.755833029747009,-8.5399925800145e-22,-3.97953545117069e-11,-6.63592028549154e-11
0.756666362285614,-2.98361946684603e-21,-1.94501480893505e-11,-4.21844503772917e-11
0.757499694824219,3.83814469943376e-21,-3.71090762285586e-11,-2.9105755999792e-11
0.758333027362823,-8.54072868190237e-22,-3.97953787978356e-11,-6.63591820382337e-11
0.759166359901428,-2.98357039338684e-21,-1.94501515587975e-11,-4.21845058884429e-11
0.759999692440033,3.83826627236558e-21,-3.71090450035361e-11,-2.91057213053225e-11
0.760833024978638,-8.54046715873508e-22,-3.97954065534112e-11,-6.63591681604458e-11
0.761666357517242,-2.98369620723489e-21,-1.94501567629679e-11,-4.21845579301472e-11
0.762499690055847,3.83793709648705e-21,-3.71090172479605e-11,-2.9105686610853e-11
0.763333022594452,-8.53898788676561e-22,-3.97954308395398e-11,-6.63591473437641e-11
0.764166355133057,-2.98364067142716e-21,-1.94501602324149e-11,-4.21846134412984e-11
0.764999687671661,3.83798919917212e-21,-3.71089860229379e-11,-2.91056519163835e-11
0.765833020210266,-8.53887378592427e-22,-3.97954585951155e-11,-6.63591265270824e-11
0.766666352748871,-2.98360977332323e-21,-1.94501637018618e-11,-4.21846654830027e-11
0.767499685287476,3.83818589690567e-21,-3.71089582673623e-11,-2.9105617221914e-11
0.76833301782608,-8.53955839097226e-22,-3.97954828812441e-11,-6.63591057104007e-11
0.769166350364685,-2.98373902029394e-21,-1.94501671713088e-11,-4.21847209941539e-11
0.76999968290329,3.83795971470693e-21,-3.71089270423397e-11,-2.91055825274444e-11
0.770833015441895,-8.53995521956202e-22,-3.97955071673728e-11,-6.63590918326129e-11
0.771666347980499,-2.98357079728362e-21,-1.94501723754792e-11,-4.21847730358582e-11
0.772499680519104,3.83800858621773e-21,-3.71088958173171e-11,-2.91055478329749e-11
0.773333013057709,-8.54092760106824e-22,-3.97955349229484e-11,-6.63590710159312e-11
0.774166345596313,-2.98350576990148e-21,-1.94501758449261e-11,-4.21848285470094e-11
0.774999678134918,3.83815762413083e-21,-3.71088680617415e-11,-2.91055131385054e-11
0.775833010673523,-8.54070545783733e-22,-3.97955592090771e-11,-6.63590501992495e-11
0.776666343212128,-2.98366631887291e-21,-1.94501793143731e-11,-4.21848840581607e-11
0.777499675750732,3.83821013071268e-21,-3.7108836836719e-11,-2.91054749745889e-11
0.778333008289337,-8.5407892664199e-22,-3.97955834952057e-11,-6.63590293825678e-11
0.779166340827942,-2.98368287864104e-21,-1.945018278382e-11,-4.2184936099865e-11
0.779999673366547,3.83823194113899e-21,-3.71088090811433e-11,-2.91054402801194e-11
0.780833005905151,-8.53892730224808e-22,-3.97956112507813e-11,-6.635901550478e-11
0.781666338443756,-2.98368186889908e-21,-1.94501879879905e-11,-4.21849916110162e-11
0.782499670982361,3.83828000485622e-21,-3.71087778561208e-11,-2.91054055856499e-11
0.783333003520966,-8.53932110161197e-22,-3.979563553691e-11,-6.63589946880982e-11
0.78416633605957,-2.98408960270199e-21,-1.94501914574374e-11,-4.21850436527205e-11
0.784999668598175,3.83818306962819e-21,-3.71087501005452e-11,-2.91053708911804e-11
0.78583300113678,-8.53707644523782e-22,-3.97956632924856e-11,-6.63589738714165e-11
0.786666333675385,-2.98399973566767e-21,-1.94501949268844e-11,-4.21850991638717e-11
0.787499666213989,3.83775655462484e-21,-3.71087188755226e-11,-2.91053361967109e-11
0.788332998752594,-8.5358304236608e-22,-3.97956875786143e-11,-6.63589530547348e-11
0.789166331291199,-2.98367601239572e-21,-1.94501983963313e-11,-4.2185151205576e-11
0.789999663829803,3.83790195746689e-21,-3.7108691119947e-11,-2.91053015022413e-11
0.790832996368408,-8.53744500105274e-22,-3.9795711864743e-11,-6.6358939176947e-11
0.791666328907013,-2.98354414009591e-21,-1.94502018657783e-11,-4.21852067167272e-11
0.792499661445618,3.83793265362243e-21,-3.71086598949244e-11,-2.91052668077718e-11
0.793332993984222,-8.53964421903875e-22,-3.97957396203186e-11,-6.63589183602653e-11
0.794166326522827,-2.98353909138612e-21,-1.94502070699487e-11,-4.21852622278784e-11
0.794999659061432,3.83794234714524e-21,-3.71086321393488e-11,-2.91052321133023e-11
0.795832991600037,-8.53929888728888e-22,-3.97957639064472e-11,-6.63588975435836e-11
0.796666324138641,-2.98356534467704e-21,-1.94502105393957e-11,-4.21853142695827e-11
0.797499656677246,3.83821134240303e-21,-3.71086009143262e-11,-2.91051939493858e-11
0.798332989215851,-8.53918478644755e-22,-3.97957916620229e-11,-6.63588767269019e-11
0.799166321754456,-2.98364107532395e-21,-1.94502140088426e-11,-4.2185369780734e-11
0.79999965429306,3.83819680211883e-21,-3.71085731587506e-11,-2.91051592549163e-11
0.800832986831665,-8.53850825933523e-22,-3.97958159481515e-11,-6.63588628491141e-11
0.80166631937027,-2.98369903451237e-21,-1.94502174782896e-11,-4.21854218224382e-11
0.802499651908875,3.83821376578373e-21,-3.7108541933728e-11,-2.91051245604468e-11
0.803332984447479,-8.53821240494134e-22,-3.97958402342802e-11,-6.63588420324324e-11
0.804166316986084,-2.98373659691324e-21,-1.945022268246e-11,-4.21854773335895e-11
0.804999649524689,3.83812369680102e-21,-3.71085141781524e-11,-2.91050898659773e-11
0.805832982063293,-8.53838910978411e-22,-3.97958679898558e-11,-6.63588212157507e-11
0.806666314601898,-2.98387553740675e-21,-1.94502261519069e-11,-4.21855293752937e-11
0.807499706745148,3.83832281791527e-21,-3.71084829531299e-11,-2.91050551715077e-11
0.808333039283752,-8.53771763138158e-22,-3.97958922759845e-11,-6.63588073379628e-11
0.809166371822357,-2.98398741681577e-21,-1.94502296213539e-11,-4.2185584886445e-11
0.809999704360962,3.83803726288935e-21,-3.71084551975542e-11,-2.91050204770382e-11
0.810833036899567,-8.53448443762988e-22,-3.97959165621131e-11,-6.63587865212811e-11
0.811666369438171,-2.98380445157286e-21,-1.94502330908009e-11,-4.21856403975962e-11
0.812499701976776,3.8377941170257e-21,-3.71084239725317e-11,-2.91049857825687e-11
0.813333034515381,-8.53544066326475e-22,-3.97959443176887e-11,-6.63587657045994e-11
0.814166367053986,-2.9836861098153e-21,-1.94502382949713e-11,-4.21856924393005e-11
0.81499969959259,3.83786358727246e-21,-3.71083962169561e-11,-2.91049510880992e-11
0.815833032131195,-8.53630904134922e-22,-3.97959686038174e-11,-6.63587448879177e-11
0.8166663646698,-2.98367318511823e-21,-1.94502417644182e-11,-4.21857479504517e-11
0.817499697208405,3.83777432608331e-21,-3.71083649919335e-11,-2.91049163936297e-11
0.818333029747009,-8.53619695999181e-22,-3.9795996359393e-11,-6.63587310101299e-11
0.819166362285614,-2.98353666800542e-21,-1.94502452338652e-11,-4.2185799992156e-11
0.819999694824219,3.83799364203674e-21,-3.71083372363579e-11,-2.91048782297132e-11
0.820833027362823,-8.53694315929927e-22,-3.97960206455217e-11,-6.63587101934482e-11
0.821666359901428,-2.98340318011848e-21,-1.94502487033121e-11,-4.21858555033072e-11
0.822499692440033,3.83805018758642e-21,-3.71083060113353e-11,-2.91048435352437e-11
0.823333024978638,-8.53917468902796e-22,-3.97960449316503e-11,-6.63586893767665e-11
0.824166357517242,-2.98368085915712e-21,-1.94502539074826e-11,-4.21859075450115e-11
0.824999690055847,3.83817903066035e-21,-3.71082782557597e-11,-2.91048088407742e-11
0.825833022594452,-8.53835578829947e-22,-3.9796072687226e-11,-6.63586685600848e-11
0.826666355133057,-2.98386241076129e-21,-1.94502573769295e-11,-4.21859630561627e-11
0.827499687671661,3.83817862676357e-21,-3.71082470307371e-11,-2.91047741463046e-11
0.828333020210266,-8.53715419536864e-22,-3.97960969733546e-11,-6.6358654682297e-11
0.829166352748871,-2.98387371987123e-21,-1.94502608463765e-11,-4.2186018567314e-11
0.829999685287476,3.83803928237327e-21,-3.71082192751615e-11,-2.91047394518351e-11
0.83083301782608,-8.53845878197926e-22,-3.97961212594833e-11,-6.63586338656152e-11
0.831666350364685,-2.98377456321088e-21,-1.94502643158234e-11,-4.21860706090182e-11
0.83249968290329,3.83826909964307e-21,-3.71081880501389e-11,-2.91047047573656e-11
0.833333015441895,-8.53593442708255e-22,-3.97961490150589e-11,-6.63586130489335e-11
0.834166347980499,-2.98379899896628e-21,-1.94502677852704e-11,-4.21861261201695e-11
0.834999680519104,3.83839430764594e-21,-3.71081602945633e-11,-2.91046700628961e-11
0.835833013057709,-8.53644030780385e-22,-3.97961733011876e-11,-6.63585922322518e-11
0.836666345596313,-2.98398903240291e-21,-1.94502729894408e-11,-4.21861781618738e-11
0.837499678134918,3.83820649564163e-21,-3.71081290695408e-11,-2.91046353684266e-11
0.838333010673523,-8.53556082255784e-22,-3.97962010567632e-11,-6.6358578354464e-11
0.839166343212128,-2.98388926989739e-21,-1.94502764588877e-11,-4.2186233673025e-11
0.839999675750732,3.8380384745797e-21,-3.71081013139651e-11,-2.91045972045101e-11
0.840833008289337,-8.53549115036269e-22,-3.97962253428918e-11,-6.63585575377823e-11
0.841666340827942,-2.98391128227209e-21,-1.94502799283347e-11,-4.21862857147293e-11
0.842499673366547,3.83807482529022e-21,-3.71080700889426e-11,-2.91045625100406e-11
0.843333005905151,-8.53610810269944e-22,-3.97962496290205e-11,-6.63585367211006e-11
0.844166338443756,-2.98374285731338e-21,-1.94502833977817e-11,-4.21863412258805e-11
0.844999670982361,3.83807320970308e-21,-3.7108042333367e-11,-2.9104527815571e-11
0.845833003520966,-8.53538411771507e-22,-3.97962773845961e-11,-6.63585159044189e-11
0.84666633605957,-2.9838646321936e-21,-1.94502886019521e-11,-4.21863967370317e-11
0.847499668598175,3.83819599432526e-21,-3.71080111083444e-11,-2.91044931211015e-11
0.84833300113678,-8.53488025647768e-22,-3.97963016707248e-11,-6.63585020266311e-11
0.849166333675385,-2.98384544709638e-21,-1.9450292071399e-11,-4.2186448778736e-11
0.849999666213989,3.83816650986007e-21,-3.71079798833218e-11,-2.9104458426632e-11
0.850832998752594,-8.5350801853855e-22,-3.97963259568535e-11,-6.63584812099494e-11
0.851666331291199,-2.98383333019288e-21,-1.9450295540846e-11,-4.21865042898872e-11
0.852499663829803,3.83790922760899e-21,-3.71079521277462e-11,-2.91044237321625e-11
0.853332996368408,-8.53536897158569e-22,-3.97963537124291e-11,-6.63584603932676e-11
0.854166328907013,-2.98376648527521e-21,-1.94502990102929e-11,-4.21865563315915e-11
0.854999661445618,3.8379920264496e-21,-3.71079209027236e-11,-2.9104389037693e-11
0.855832993984222,-8.53633226541427e-22,-3.97963779985577e-11,-6.63584395765859e-11
0.856666326522827,-2.98377577490123e-21,-1.94503042144634e-11,-4.21866118427427e-11
0.857499659061432,3.83779936768389e-21,-3.7107893147148e-11,-2.91043543432234e-11
0.858332991600037,-8.53649079490178e-22,-3.97964057541333e-11,-6.63584256987981e-11
0.859166324138641,-2.98376042682346e-21,-1.94503076839103e-11,-4.2186663884447e-11
0.859999656677246,3.8380239342955e-21,-3.71078619221255e-11,-2.9104316179307e-11
0.860832989215851,-8.53673818168166e-22,-3.9796430040262e-11,-6.63584048821164e-11
0.861666321754456,-2.98386826726465e-21,-1.94503111533573e-11,-4.21867193955983e-11
0.86249965429306,3.83794436662915e-21,-3.71078341665498e-11,-2.91042814848375e-11
0.863332986831665,-8.53613334624841e-22,-3.97964543263907e-11,-6.63583840654347e-11
0.86416631937027,-2.98386927700661e-21,-1.94503146228042e-11,-4.21867749067495e-11
0.864999651908875,3.83796213808763e-21,-3.71078029415273e-11,-2.91042467903679e-11
0.865832984447479,-8.53629591470376e-22,-3.97964820819663e-11,-6.6358363248753e-11
0.866666316986084,-2.98387291207766e-21,-1.94503198269746e-11,-4.21868269484538e-11
0.867499649524689,3.83820084108666e-21,-3.71077751859517e-11,-2.91042120958984e-11
0.868332982063293,-8.53629187573592e-22,-3.9796506368095e-11,-6.63583493709652e-11
0.869166314601898,-2.98384928411583e-21,-1.94503232964216e-11,-4.2186882459605e-11
0.869999647140503,3.83833129974772e-21,-3.71077439609291e-11,-2.91041774014289e-11
0.870832979679108,-8.53564463114041e-22,-3.97965306542236e-11,-6.63583285542835e-11
0.871666312217712,-2.98401993050684e-21,-1.94503267658686e-11,-4.21869345013093e-11
0.872499644756317,3.83824809701033e-21,-3.71077162053535e-11,-2.91041427069594e-11
0.873332977294922,-8.53444404795153e-22,-3.97965584097992e-11,-6.63583077376018e-11
0.874166309833527,-2.98415180280665e-21,-1.94503302353155e-11,-4.21869900124605e-11
0.874999642372131,3.83804614861859e-21,-3.71076849803309e-11,-2.91041080124899e-11
0.875832974910736,-8.53260833707065e-22,-3.97965826959279e-11,-6.6358293859814e-11
0.876666307449341,-2.98404234677833e-21,-1.94503337047625e-11,-4.21870420541648e-11
0.877499639987946,3.83791811333823e-21,-3.71076572247553e-11,-2.91040733180203e-11
0.87833297252655,-8.53117349374736e-22,-3.97966104515035e-11,-6.63582730431322e-11
0.879166305065155,-2.98393491023392e-21,-1.94503389089329e-11,-4.2187097565316e-11
0.87999963760376,3.83786722234351e-21,-3.71076259997327e-11,-2.91040386235508e-11
0.880832970142365,-8.53373318961262e-22,-3.97966347376322e-11,-6.63582522264505e-11
0.881666302680969,-2.98388482703277e-21,-1.94503423783798e-11,-4.21871530764673e-11
0.882499635219574,3.83798435241072e-21,-3.71075982441571e-11,-2.91040004596343e-11
0.883332967758179,-8.53332929282915e-22,-3.97966590237608e-11,-6.63582314097688e-11
0.884166300296783,-2.98389088548452e-21,-1.94503458478268e-11,-4.21872051181715e-11
0.884999632835388,3.83794840559699e-21,-3.71075670191345e-11,-2.91039657651648e-11
0.885832965373993,-8.53439759982143e-22,-3.97966867793365e-11,-6.6358217531981e-11
0.886666297912598,-2.98383635941876e-21,-1.94503493172737e-11,-4.21872606293228e-11
0.887499630451202,3.83801626025661e-21,-3.71075392635589e-11,-2.91039310706953e-11
0.888332962989807,-8.53622422302469e-22,-3.97967110654651e-11,-6.63581967152993e-11
0.889166295528412,-2.98379920091468e-21,-1.94503545214442e-11,-4.2187312671027e-11
0.889999628067017,3.83827919706265e-21,-3.71075080385364e-11,-2.91038963762258e-11
0.890832960605621,-8.53435821988504e-22,-3.97967388210407e-11,-6.63581758986176e-11
0.891666293144226,-2.98403649027497e-21,-1.94503579908911e-11,-4.21873681821783e-11
0.892499625682831,3.83802554988263e-21,-3.71074802829607e-11,-2.91038616817563e-11
0.893332958221436,-8.53409366749187e-22,-3.97967631071694e-11,-6.63581550819359e-11
0.89416629076004,-2.98402800844251e-21,-1.94503614603381e-11,-4.21874202238826e-11
0.894999623298645,3.83795850301658e-21,-3.71074490579382e-11,-2.91038269872868e-11
0.89583295583725,-8.53399976148971e-22,-3.97967873932981e-11,-6.63581412041481e-11
0.896666288375854,-2.98411403845739e-21,-1.9450364929785e-11,-4.21874757350338e-11
0.897499620914459,3.83784339243329e-21,-3.71074213023626e-11,-2.91037905580938e-11
0.898332953453064,-8.53345450083202e-22,-3.97968151488737e-11,-6.63581203874664e-11
0.899166285991669,-2.98409525725696e-21,-1.94503701339555e-11,-4.2187531246185e-11
0.899999618530273,3.83770485583656e-21,-3.710739007734e-11,-2.91037558636242e-11
0.900832951068878,-8.53368270251469e-22,-3.97968394350023e-11,-6.63580995707846e-11
0.901666283607483,-2.98400700580977e-21,-1.94503736034024e-11,-4.21875832878893e-11
0.902499616146088,3.83765517653219e-21,-3.71073623217644e-11,-2.91037211691547e-11
0.903332948684692,-8.53435115169133e-22,-3.9796863721131e-11,-6.63580787541029e-11
0.904166281223297,-2.98396217326681e-21,-1.94503770728494e-11,-4.21876387990405e-11
0.904999613761902,3.83782037031663e-21,-3.71073310967418e-11,-2.91036864746852e-11
0.905832946300507,-8.5341784858164e-22,-3.97968914767066e-11,-6.63580648763151e-11
0.906666278839111,-2.98392764009182e-21,-1.94503805422963e-11,-4.21876908407448e-11
0.907499611377716,3.83778038453506e-21,-3.71073033411662e-11,-2.91036500454922e-11
0.908332943916321,-8.53578700475658e-22,-3.97969157628353e-11,-6.63580440596334e-11
0.909166276454926,-2.98396843366695e-21,-1.94503857464667e-11,-4.2187746351896e-11
0.90999960899353,3.83796819653938e-21,-3.71072721161436e-11,-2.91036153510227e-11
0.910832941532135,-8.53469547369924e-22,-3.97969435184109e-11,-6.63580232429517e-11
0.91166627407074,-2.98407627410814e-21,-1.94503892159137e-11,-4.21877983936003e-11
0.912499606609344,3.83783854567188e-21,-3.7107244360568e-11,-2.91035806565532e-11
0.913332939147949,-8.53451372014668e-22,-3.97969678045396e-11,-6.635800242627e-11
0.914166271686554,-2.98398317589955e-21,-1.94503926853606e-11,-4.21878539047515e-11
0.914999604225159,3.83770445193977e-21,-3.71072131355454e-11,-2.91035459620836e-11
0.915832996368408,-8.5344400089837e-22,-3.97969920906682e-11,-6.63579885484822e-11
0.916666328907013,-2.98403467273944e-21,-1.94503961548076e-11,-4.21879094159028e-11
0.917499661445618,3.83769314282983e-21,-3.71071853799698e-11,-2.91035095328906e-11
0.918332993984222,-8.53369582916015e-22,-3.97970198462438e-11,-6.63579677318005e-11
0.919166326522827,-2.98393713166623e-21,-1.94503996242545e-11,-4.21879614576071e-11
0.919999659061432,3.8378357183944e-21,-3.71071541549473e-11,-2.91034748384211e-11
0.920832991600037,-8.53535584494022e-22,-3.97970441323725e-11,-6.63579469151188e-11
0.921666324138641,-2.98400841944851e-21,-1.9450404828425e-11,-4.21880169687583e-11
0.922499656677246,3.83802716546977e-21,-3.71071263993716e-11,-2.91034401439516e-11
0.923332989215851,-8.53440365827319e-22,-3.97970684185012e-11,-6.6357926098437e-11
0.924166321754456,-2.98417098790386e-21,-1.94504082978719e-11,-4.21880690104626e-11
0.92499965429306,3.83794194324845e-21,-3.71070951743491e-11,-2.91034054494821e-11
0.925832986831665,-8.5348822759616e-22,-3.97970961740768e-11,-6.63579122206492e-11
0.92666631937027,-2.9843656661535e-21,-1.94504117673189e-11,-4.21881245216138e-11
0.927499651908875,3.83777796115436e-21,-3.71070639493265e-11,-2.91033707550126e-11
0.928332984447479,-8.53435418091721e-22,-3.97971204602054e-11,-6.63578914039675e-11
0.929166316986084,-2.98427539522239e-21,-1.94504152367658e-11,-4.21881765633181e-11
0.929999649524689,3.83794355883559e-21,-3.71070361937509e-11,-2.91033343258196e-11
0.930832982063293,-8.53288096739949e-22,-3.97971482157811e-11,-6.63578705872858e-11
0.931666314601898,-2.98418573013646e-21,-1.94504204409363e-11,-4.21882320744693e-11
0.932499647140503,3.83784218074294e-21,-3.71070049687283e-11,-2.91032996313501e-11
0.933332979679108,-8.53385738787354e-22,-3.97971725019097e-11,-6.63578497706041e-11
0.934166312217712,-2.98419340417535e-21,-1.94504239103832e-11,-4.21882875856205e-11
0.934999644756317,3.83783612229118e-21,-3.71069772131527e-11,-2.91032649368805e-11
0.935832977294922,-8.5332252894074e-22,-3.97971967880384e-11,-6.63578358928163e-11
0.936666309833527,-2.98420754056277e-21,-1.94504273798302e-11,-4.21883396273248e-11
0.937499642372131,3.83777836505115e-21,-3.71069459881301e-11,-2.9103230242411e-11
0.938332974910736,-8.53401692710301e-22,-3.9797224543614e-11,-6.63578150761346e-11
0.939166307449341,-2.98421056978864e-21,-1.94504308492771e-11,-4.21883951384761e-11
0.939999639987946,3.8377868468836e-21,-3.71069182325545e-11,-2.9103193813218e-11
0.94083297252655,-8.53299910720866e-22,-3.97972488297427e-11,-6.63577942594529e-11
0.941666305065155,-2.98410192155389e-21,-1.94504360534475e-11,-4.21884471801803e-11
0.94249963760376,3.8379310380353e-21,-3.7106887007532e-11,-2.91031591187485e-11
0.943332970142365,-8.53268911642734e-22,-3.97972731158713e-11,-6.63577803816651e-11
0.944166302680969,-2.98424288153132e-21,-1.94504395228945e-11,-4.21885026913316e-11
0.944999635219574,3.83781350407131e-21,-3.71068592519563e-11,-2.9103124424279e-11
0.945832967758179,-8.53391999187498e-22,-3.9797300871447e-11,-6.63577595649834e-11
0.946666300296783,-2.98430851475864e-21,-1.94504429923414e-11,-4.21885547330358e-11
0.947499632835388,3.83781633134879e-21,-3.71068280269338e-11,-2.91030897298095e-11
0.948332965373993,-8.53258915197343e-22,-3.97973251575756e-11,-6.63577387483016e-11
0.949166297912598,-2.98425439258965e-21,-1.94504464617884e-11,-4.21886102441871e-11
0.949999630451202,3.83779855989032e-21,-3.71068002713582e-11,-2.91030533006165e-11
0.950832962989807,-8.53445010640328e-22,-3.97973529131512e-11,-6.63577179316199e-11
0.951666295528412,-2.98425217115734e-21,-1.94504516659588e-11,-4.21886657553383e-11
0.952499628067017,3.83772060781111e-21,-3.71067690463356e-11,-2.91030186061469e-11
0.953332960605621,-8.53345954954182e-22,-3.97973771992799e-11,-6.63577040538321e-11
0.954166293144226,-2.98427559717078e-21,-1.94504551354058e-11,-4.21887177970426e-11
0.954999625682831,3.83781027289704e-21,-3.710674129076e-11,-2.91029839116774e-11
0.955832958221436,-8.53296275649814e-22,-3.97974014854086e-11,-6.63576832371504e-11
0.95666629076004,-2.98437636941826e-21,-1.94504586048527e-11,-4.21887733081938e-11
0.957499623298645,3.83765032977079e-21,-3.71067100657374e-11,-2.91029492172079e-11
0.95833295583725,-8.53235085287118e-22,-3.97974292409842e-11,-6.63576624204687e-11
0.959166288375854,-2.9843850531991e-21,-1.94504620742997e-11,-4.21888253498981e-11
0.959999620914459,3.83751906331616e-21,-3.71066823101618e-11,-2.91029127880149e-11
0.960832953453064,-8.53193080021637e-22,-3.97974535271128e-11,-6.6357641603787e-11
0.961666285991669,-2.984192192485e-21,-1.94504655437466e-11,-4.21888808610493e-11
0.962499618530273,3.83774726499882e-21,-3.71066510851392e-11,-2.91028780935454e-11
0.963332951068878,-8.53302637024154e-22,-3.97974778132415e-11,-6.63576277259992e-11
0.964166283607483,-2.98422268669215e-21,-1.94504707479171e-11,-4.21889329027536e-11
0.964999616146088,3.83783167942657e-21,-3.71066233295636e-11,-2.91028433990759e-11
0.965832948684692,-8.53286885049599e-22,-3.97975055688171e-11,-6.63576069093175e-11
0.966666281223297,-2.98417644051044e-21,-1.9450474217364e-11,-4.21889884139048e-11
0.967499613761902,3.83786560675638e-21,-3.7106592104541e-11,-2.91028087046064e-11
0.968332946300507,-8.53275172042878e-22,-3.97975298549458e-11,-6.63575860926358e-11
0.969166278839111,-2.98422329253732e-21,-1.9450477686811e-11,-4.21890439250561e-11
0.969999611377716,3.83790963150578e-21,-3.71065643489654e-11,-2.91027740101368e-11
0.970832943916321,-8.53285471410857e-22,-3.97975576105214e-11,-6.6357565275954e-11
0.971666276454926,-2.98428226146771e-21,-1.94504811562579e-11,-4.21890959667603e-11
0.97249960899353,3.83796334977798e-21,-3.71065331239429e-11,-2.91027375809438e-11
0.973332941532135,-8.53206408615492e-22,-3.97975818966501e-11,-6.63575513981662e-11
0.97416627407074,-2.9844634091751e-21,-1.94504863604283e-11,-4.21891514779116e-11
0.974999606609344,3.83777109490904e-21,-3.71065053683672e-11,-2.91027028864743e-11
0.975832939147949,-8.5304222457301e-22,-3.97976061827787e-11,-6.63575305814845e-11
0.976666271686554,-2.98439333308316e-21,-1.94504898298753e-11,-4.21892035196159e-11
0.977499604225159,3.8377476688956e-21,-3.71064741433447e-11,-2.91026681920048e-11
0.978332936763763,-8.52925498402586e-22,-3.97976339383543e-11,-6.63575097648028e-11
0.979166269302368,-2.98432285309445e-21,-1.94504932993222e-11,-4.21892590307671e-11
0.979999601840973,3.83786803013708e-21,-3.71064463877691e-11,-2.91026334975353e-11
0.980832934379578,-8.52924791583215e-22,-3.9797658224483e-11,-6.63574889481211e-11
0.981666266918182,-2.98430245630688e-21,-1.94504967687692e-11,-4.21893110724714e-11
0.982499599456787,3.83779007805787e-21,-3.71064151627465e-11,-2.91025970683423e-11
0.983332931995392,-8.52943875706234e-22,-3.97976825106117e-11,-6.63574750703333e-11
0.984166264533997,-2.98411646183809e-21,-1.94505019729396e-11,-4.21893665836226e-11
0.984999597072601,3.83787126131135e-21,-3.71063874071709e-11,-2.91025623738728e-11
0.985832929611206,-8.53111593845571e-22,-3.97977102661873e-11,-6.63574542536516e-11
0.986666262149811,-2.98416715088442e-21,-1.94505054423866e-11,-4.21894220947738e-11
0.987499594688416,3.83792942244817e-21,-3.71063561821483e-11,-2.91025276794032e-11
0.98833292722702,-8.53157537104691e-22,-3.97977345523159e-11,-6.63574334369699e-11
0.989166259765625,-2.98427115430616e-21,-1.94505089118335e-11,-4.21894741364781e-11
0.98999959230423,3.83780825341312e-21,-3.71063284265727e-11,-2.91024929849337e-11
0.990832924842834,-8.53104727600252e-22,-3.97977623078916e-11,-6.63574126202882e-11
0.991666257381439,-2.98422955293747e-21,-1.94505123812805e-11,-4.21895296476293e-11
0.992499589920044,3.83797869785575e-21,-3.71062972015501e-11,-2.91024565557407e-11
0.993332922458649,-8.53004763146343e-22,-3.97977865940202e-11,-6.63573987425004e-11
0.994166254997253,-2.98435476094034e-21,-1.94505175854509e-11,-4.21895816893336e-11
0.994999587535858,3.83790195746689e-21,-3.71062694459745e-11,-2.91024218612712e-11
0.995832920074463,-8.5291489611202e-22,-3.97978108801489e-11,-6.63573779258186e-11
0.996666252613068,-2.98427660691274e-21,-1.94505210548979e-11,-4.21896372004849e-11
0.997499585151672,3.83770606752691e-21,-3.71062382209519e-11,-2.91023871668017e-11
0.998332917690277,-8.53105232471232e-22,-3.97978386357245e-11,-6.63573571091369e-11
0.999166250228882,-2.98418673987842e-21,-1.94505245243448e-11,-4.21896892421891e-11
0.999999582767487,3.83780219496137e-21,-3.71062104653763e-11,-2.91023524723322e-11
1.00083291530609,-8.53116945477952e-22,-3.97978629218532e-11,-6.63573362924552e-11
1.00166630744934,-2.98425964324784e-21,-1.94505279937918e-11,-4.21897447533404e-11
1.0024995803833,3.83780542613564e-21,-3.71061792403538e-11,-2.91023160431392e-11
1.00333297252655,-8.53077464567368e-22,-3.97978906774288e-11,-6.63573224146674e-11
1.00416624546051,-2.9842091561499e-21,-1.94505331979622e-11,-4.21898002644916e-11
1.00499963760376,3.83787085741456e-21,-3.71061480153312e-11,-2.91022813486697e-11
1.00583291053772,-8.53011528417466e-22,-3.97979149635574e-11,-6.63573015979857e-11
1.00666630268097,-2.98431194788129e-21,-1.94505366674091e-11,-4.21898523061959e-11
1.00749957561493,3.83796173419084e-21,-3.71061202597556e-11,-2.91022466542001e-11
1.00833296775818,-8.53016779075651e-22,-3.97979392496861e-11,-6.6357280781304e-11
1.00916624069214,-2.98431073619094e-21,-1.94505401368561e-11,-4.21899078173471e-11
1.00999963283539,3.83787853145345e-21,-3.7106089034733e-11,-2.91022119597306e-11
1.01083290576935,-8.53011023546487e-22,-3.97979670052617e-11,-6.63572599646223e-11
1.0116662979126,-2.98422692760837e-21,-1.94505436063031e-11,-4.21899598590514e-11
1.01249957084656,3.83808936557442e-21,-3.71060612791574e-11,-2.91021772652611e-11
1.01333296298981,-8.52962253009882e-22,-3.97979912913904e-11,-6.63572460868345e-11
1.01416623592377,-2.98431093813934e-21,-1.945054707575e-11,-4.21900153702026e-11
1.01499962806702,3.83792982634495e-21,-3.71060300541348e-11,-2.91021408360681e-11
1.01583290100098,-8.52987193636262e-22,-3.97980155775191e-11,-6.63572252701528e-11
1.01666629314423,-2.98428670433233e-21,-1.94505522799204e-11,-4.21900674119069e-11
1.01749956607819,3.83798798748177e-21,-3.71060022985592e-11,-2.91021061415986e-11
1.01833295822144,-8.52824322258326e-22,-3.97980433330947e-11,-6.6357204453471e-11
1.0191662311554,-2.98436526225671e-21,-1.94505557493674e-11,-4.21901229230581e-11
1.01999962329865,3.83793548089992e-21,-3.71059710735366e-11,-2.91020714471291e-11
1.0208328962326,-8.52897730498722e-22,-3.97980676192233e-11,-6.63571905756832e-11
1.02166628837585,-2.98435354924999e-21,-1.94505592188143e-11,-4.21901784342094e-11
1.02249956130981,3.83784743140112e-21,-3.7105943317961e-11,-2.91020367526595e-11
1.02333295345306,-8.52926609118741e-22,-3.97980953747989e-11,-6.63571697590015e-11
1.02416622638702,-2.98437677331504e-21,-1.94505626882613e-11,-4.21902304759136e-11
1.02499961853027,3.83793709648705e-21,-3.71059120929385e-11,-2.91020003234665e-11
1.02583289146423,-8.52826846613223e-22,-3.97981196609276e-11,-6.63571489423198e-11
1.02666628360748,-2.98442241365157e-21,-1.94505678924317e-11,-4.21902859870649e-11
1.02749955654144,3.83795002118412e-21,-3.71058843373628e-11,-2.9101965628997e-11
1.02833294868469,-8.52851989187994e-22,-3.97981439470563e-11,-6.63571281256381e-11
1.02916622161865,-2.98438565904428e-21,-1.94505713618787e-11,-4.21903380287691e-11
1.0299996137619,3.83786601065316e-21,-3.71058531123403e-11,-2.91019309345275e-11
1.03083288669586,-8.5287066941423e-22,-3.97981717026319e-11,-6.63571142478503e-11
1.03166627883911,-2.98438424540554e-21,-1.94505748313256e-11,-4.21903935399204e-11
1.03249955177307,3.83773474419853e-21,-3.71058253567647e-11,-2.9101896240058e-11
1.03333294391632,-8.52731627946519e-22,-3.97981959887606e-11,-6.63570934311686e-11
1.03416621685028,-2.98425923935105e-21,-1.94505783007726e-11,-4.21904455816247e-11
1.03499960899353,3.83788055093737e-21,-3.71057941317421e-11,-2.9101859810865e-11
1.03583288192749,-8.52808873206358e-22,-3.97982202748892e-11,-6.63570726144869e-11
1.03666627407074,-2.98429458031961e-21,-1.9450583504943e-11,-4.21905010927759e-11
1.0374995470047,3.8376866804813e-21,-3.71057663761665e-11,-2.91018251163955e-11
1.03833293914795,-8.52753337398631e-22,-3.97982480304648e-11,-6.63570517978052e-11
1.03916621208191,-2.98422531202124e-21,-1.94505869743899e-11,-4.21905566039271e-11
1.03999960422516,3.83773918706315e-21,-3.71057351511439e-11,-2.9101790421926e-11
1.04083287715912,-8.52893590556692e-22,-3.97982723165935e-11,-6.63570379200173e-11
1.04166626930237,-2.98419239443339e-21,-1.94505904438369e-11,-4.21906086456314e-11
1.04249954223633,3.83798596799785e-21,-3.71057073955683e-11,-2.91017557274564e-11
1.04333293437958,-8.52738898088622e-22,-3.97983000721691e-11,-6.63570171033356e-11
1.04416620731354,-2.984377783057e-21,-1.94505939132839e-11,-4.21906641567826e-11
1.04499959945679,3.8378918600473e-21,-3.71056761705457e-11,-2.91017192982634e-11
1.04583287239075,-8.52595918627272e-22,-3.97983243582978e-11,-6.63569962866539e-11
1.046666264534,-2.98431760243626e-21,-1.94505991174543e-11,-4.21907161984869e-11
1.04749953746796,3.8378918600473e-21,-3.71056484149701e-11,-2.91016846037939e-11
1.04833292961121,-8.52652161254371e-22,-3.97983486444264e-11,-6.63569754699722e-11
1.04916620254517,-2.98432244919767e-21,-1.94506025869012e-11,-4.21907717096381e-11
1.04999959468842,3.8376963740041e-21,-3.71056171899475e-11,-2.91016499093244e-11
1.05083286762238,-8.52529073709607e-22,-3.97983764000021e-11,-6.63569615921844e-11
1.05166625976562,-2.98416795867799e-21,-1.94506060563482e-11,-4.21908237513424e-11
1.05249953269958,3.83772505067573e-21,-3.71055894343719e-11,-2.91016152148549e-11
1.05333292484283,-8.52451929423964e-22,-3.97984006861307e-11,-6.63569407755027e-11
1.05416619777679,-2.98434547131432e-21,-1.94506095257951e-11,-4.21908792624937e-11
1.05499958992004,3.83779936768389e-21,-3.71055582093494e-11,-2.91015805203854e-11
1.055832862854,-8.52414266048905e-22,-3.97984249722594e-11,-6.6356919958821e-11
1.05666625499725,-2.98414614825168e-21,-1.94506147299656e-11,-4.21909347736449e-11
1.05749952793121,3.83770485583656e-21,-3.71055304537737e-11,-2.91015440911924e-11
1.05833292007446,-8.52675587267812e-22,-3.9798452727835e-11,-6.63568991421393e-11
1.05916619300842,-2.98408596763094e-21,-1.94506181994125e-11,-4.21909868153492e-11
1.05999958515167,3.83780906120669e-21,-3.71054992287512e-11,-2.91015093967228e-11
1.06083285808563,-8.52620051460085e-22,-3.97984770139637e-11,-6.63568852643515e-11
1.06166625022888,-2.98408677542451e-21,-1.94506216688595e-11,-4.21910423265004e-11
1.06249952316284,3.83795971470693e-21,-3.71054714731756e-11,-2.91014747022533e-11
1.06333291530609,-8.52729305540014e-22,-3.97985047695393e-11,-6.63568644476698e-11
1.06416618824005,-2.98425217115734e-21,-1.94506251383064e-11,-4.21910943682047e-11
1.0649995803833,3.83792699906747e-21,-3.7105440248153e-11,-2.91014400077838e-11
1.06583285331726,-8.52639640454083e-22,-3.97985290556679e-11,-6.6356843630988e-11
1.06666624546051,-2.9844121142836e-21,-1.94506286077534e-11,-4.21911498793559e-11
1.06749951839447,3.83799727710779e-21,-3.71054124925774e-11,-2.91014035785908e-11
1.06833291053772,-8.52538767232411e-22,-3.97985533417966e-11,-6.63568228143063e-11
1.06916618347168,-2.98452278200227e-21,-1.94506338119238e-11,-4.21912019210602e-11
1.06999957561493,3.83786197168533e-21,-3.71053812675548e-11,-2.91013688841213e-11
1.07083284854889,-8.52558659148997e-22,-3.97985810973722e-11,-6.63568089365185e-11
1.07166624069214,-2.98445876436209e-21,-1.94506372813708e-11,-4.21912574322114e-11
1.0724995136261,3.83788862887304e-21,-3.71053535119792e-11,-2.91013341896518e-11
1.07333290576935,-8.52435672578429e-22,-3.97986053835009e-11,-6.63567881198368e-11
1.07416617870331,-2.98441978832248e-21,-1.94506407508177e-11,-4.21913129433626e-11
1.07499957084656,3.8377820001222e-21,-3.71053222869566e-11,-2.91012994951823e-11
1.07583284378052,-8.52304002227017e-22,-3.97986296696295e-11,-6.63567673031551e-11
1.07666623592377,-2.98435758821783e-21,-1.94506442202647e-11,-4.21913649850669e-11
1.07749962806702,3.8374617099729e-21,-3.71052910619341e-11,-2.91012630659893e-11
1.07833290100098,-8.52605410201684e-22,-3.97986574252052e-11,-6.63567464864734e-11
1.07916629314423,-2.98414897552916e-21,-1.94506494244351e-11,-4.21914204962182e-11
1.07999956607819,3.83747503856676e-21,-3.71052633063584e-11,-2.91012283715197e-11
1.08083295822144,-8.52622474840785e-22,-3.97986817113338e-11,-6.63567326086856e-11
1.0816662311554,-2.98390138680089e-21,-1.9450652893882e-11,-4.21914725379224e-11
1.08249962329865,3.83775372734736e-21,-3.71052320813359e-11,-2.91011936770502e-11
1.0833328962326,-8.52968917306809e-22,-3.97987094669094e-11,-6.63567117920039e-11
1.08416628837585,-2.98418896131073e-21,-1.9450656363329e-11,-4.21915280490737e-11
1.08499956130981,3.83782440928446e-21,-3.71052043257603e-11,-2.91011589825807e-11
1.08583295345306,-8.52937211409307e-22,-3.97987337530381e-11,-6.63566909753222e-11
1.08666622638702,-2.98433032518494e-21,-1.94506598327759e-11,-4.21915800907779e-11
1.08749961853027,3.83825738663635e-21,-3.71051731007377e-11,-2.91011225533877e-11
1.08833289146423,-8.52673567783895e-22,-3.97987580391668e-11,-6.63566701586404e-11
1.08916628360748,-2.98470392970966e-21,-1.94506650369464e-11,-4.21916356019292e-11
1.08999955654144,3.83813177473669e-21,-3.71051453451621e-11,-2.91010878589182e-11
1.09083294868469,-8.52478485637477e-22,-3.97987857947424e-11,-6.63566562808526e-11
1.09166622161865,-2.98465707768277e-21,-1.94506685063933e-11,-4.21916911130804e-11
1.0924996137619,3.8379823329268e-21,-3.71051141201395e-11,-2.91010531644487e-11
1.09333288669586,-8.52330861363118e-22,-3.9798810080871e-11,-6.63566354641709e-11
1.09416627883911,-2.98449794235008e-21,-1.94506719758403e-11,-4.21917431547847e-11
1.09499955177307,3.83785025867861e-21,-3.71050863645639e-11,-2.91010184699791e-11
1.09583294391632,-8.5243516770745e-22,-3.97988343669997e-11,-6.63566146474892e-11
1.09666621685028,-2.98450016378239e-21,-1.94506754452872e-11,-4.21917986659359e-11
1.09749960899353,3.83773151302426e-21,-3.71050551395413e-11,-2.91009837755096e-11
1.09833288192749,-8.52503729186444e-22,-3.97988621225753e-11,-6.63566007697014e-11
1.09916627407074,-2.98433456610117e-21,-1.94506806494577e-11,-4.21918507076402e-11
1.0999995470047,3.83770000907515e-21,-3.71050273839657e-11,-2.91009473463166e-11
1.10083293914795,-8.52461521972571e-22,-3.9798886408704e-11,-6.63565799530197e-11
1.10166621208191,-2.98436263692762e-21,-1.94506841189046e-11,-4.21919062187914e-11
1.10249960422516,3.83776301697338e-21,-3.71049961589431e-11,-2.91009126518471e-11
1.10333287715912,-8.52470508676004e-22,-3.97989141642796e-11,-6.6356559136338e-11
1.10416626930237,-2.98435799211461e-21,-1.94506875883516e-11,-4.21919582604957e-11
1.10499954223633,3.83757076210444e-21,-3.71049684033675e-11,-2.91008779573776e-11
1.10583293437958,-8.52567948775016e-22,-3.97989384504083e-11,-6.63565383196563e-11
1.10666620731354,-2.98437576357308e-21,-1.94506910577985e-11,-4.21920137716469e-11
1.10749959945679,3.83779128974822e-21,-3.7104937178345e-11,-2.91008432629081e-11
1.10833287239075,-8.52584912439922e-22,-3.97989627365369e-11,-6.63565244418685e-11
1.109166264534,-2.98446421696866e-21,-1.94506962619689e-11,-4.21920692827982e-11
1.10999953746796,3.83784258463972e-21,-3.71049094227693e-11,-2.91008068337151e-11
1.11083292961121,-8.52489087928043e-22,-3.97989904921126e-11,-6.63565036251867e-11
1.11166620254517,-2.98446381307188e-21,-1.94506997314159e-11,-4.21921213245025e-11
1.11249959468842,3.83784500802042e-21,-3.71048781977468e-11,-2.91007721392456e-11
1.11333286762238,-8.52504234057424e-22,-3.97990147782412e-11,-6.6356482808505e-11
1.11416625976562,-2.98439898763813e-21,-1.94507032008628e-11,-4.21921768356537e-11
1.11499953269958,3.83805261096713e-21,-3.71048504421712e-11,-2.9100737444776e-11
1.11583292484283,-8.52459300540262e-22,-3.97990390643699e-11,-6.63564619918233e-11
1.11666619777679,-2.98455267036424e-21,-1.94507066703098e-11,-4.2192228877358e-11
1.11749958992004,3.83783248722013e-21,-3.71048192171486e-11,-2.91007027503065e-11
1.118332862854,-8.52426181004017e-22,-3.97990668199455e-11,-6.63564481140355e-11
1.11916625499725,-2.98453368721542e-21,-1.94507118744802e-11,-4.21922843885092e-11
1.11999952793121,3.83776018969589e-21,-3.7104791461573e-11,-2.91006663211135e-11
1.12083292007446,-8.52294106755822e-22,-3.97990911060742e-11,-6.63564272973538e-11
1.12166619300842,-2.98456983597754e-21,-1.94507153439272e-11,-4.21923364302135e-11
1.12249958515167,3.83757803224654e-21,-3.71047602365504e-11,-2.9100631626644e-11
1.12333285808563,-8.5225725117433e-22,-3.97991188616498e-11,-6.63564064806721e-11
1.12416625022888,-2.98442645261941e-21,-1.94507188133741e-11,-4.21923919413647e-11
1.12499952316284,3.8375327958068e-21,-3.71047324809748e-11,-2.91005969321745e-11
1.12583291530609,-8.52425777107234e-22,-3.97991431477784e-11,-6.63563856639904e-11
1.12666618824005,-2.98428327120967e-21,-1.94507222828211e-11,-4.21924474525159e-11
1.1274995803833,3.83770162466229e-21,-3.71047012559522e-11,-2.9100562237705e-11
1.12833285331726,-8.5252533766436e-22,-3.97991674339071e-11,-6.63563717862026e-11
1.12916624546051,-2.98435132781768e-21,-1.9450725752268e-11,-4.21924994942202e-11
1.12999951839447,3.8377500922763e-21,-3.71046735003766e-11,-2.91005275432354e-11
1.13083291053772,-8.52640549221846e-22,-3.97991951894827e-11,-6.63563509695209e-11
1.13166618347168,-2.9843874765798e-21,-1.94507309564385e-11,-4.21925550053714e-11
1.13249957561493,3.83788580159555e-21,-3.7104642275354e-11,-2.91004911140424e-11
1.13333284854889,-8.52497367812105e-22,-3.97992194756114e-11,-6.63563301528391e-11
1.13416624069214,-2.98455529569334e-21,-1.94507344258854e-11,-4.21926070470757e-11
1.1349995136261,3.83793871207419e-21,-3.71046145197784e-11,-2.91004564195729e-11
1.13583290576935,-8.52533718522617e-22,-3.979924376174e-11,-6.63563093361574e-11
1.13666617870331,-2.98449652871134e-21,-1.94507378953324e-11,-4.2192662558227e-11
1.13749957084656,3.83797546668148e-21,-3.71045832947559e-11,-2.91004217251034e-11
1.13833284378052,-8.52577339375232e-22,-3.97992715173157e-11,-6.63562954583696e-11
1.13916623592377,-2.98453207162829e-21,-1.94507413647793e-11,-4.21927145999312e-11
1.13999950885773,3.83806230448993e-21,-3.71045555391802e-11,-2.91003870306339e-11
1.14083290100098,-8.52408611493936e-22,-3.97992958034443e-11,-6.63562746416879e-11
1.14166617393494,-2.98474876225262e-21,-1.94507465689497e-11,-4.21927701110825e-11
1.14249956607819,3.83791407437039e-21,-3.71045243141577e-11,-2.91003506014409e-11
1.14333283901215,-8.52226555018786e-22,-3.97993235590199e-11,-6.63562538250062e-11
1.1441662311554,-2.9846954478772e-21,-1.94507500383967e-11,-4.21928256222337e-11
1.14499950408936,3.83761842192489e-21,-3.71044965585821e-11,-2.91003159069714e-11
1.1458328962326,-8.52108920080599e-22,-3.97993478451486e-11,-6.63562330083245e-11
1.14666616916656,-2.9846271893208e-21,-1.94507535078436e-11,-4.2192877663938e-11
1.14749956130981,3.83772949354035e-21,-3.71044653335595e-11,-2.91002812125019e-11
1.14833283424377,-8.5220373485052e-22,-3.97993721312773e-11,-6.63562191305367e-11
1.14916622638702,-2.9846980732063e-21,-1.94507569772906e-11,-4.21929331750892e-11
1.14999949932098,3.83767375578423e-21,-3.71044341085369e-11,-2.91002465180323e-11
1.15083289146423,-8.52151531191256e-22,-3.97993998868529e-11,-6.6356198313855e-11
1.15166616439819,-2.98458296262301e-21,-1.9450762181461e-11,-4.21929852167935e-11
1.15249955654144,3.83770324024942e-21,-3.71044063529613e-11,-2.91002100888393e-11
1.1533328294754,-8.52296025265543e-22,-3.97994241729815e-11,-6.63561774971733e-11
1.15416622161865,-2.98457124961628e-21,-1.9450765650908e-11,-4.21930407279447e-11
1.15499949455261,3.83772666626286e-21,-3.71043751279387e-11,-2.91001753943698e-11
1.15583288669586,-8.52387709835392e-22,-3.97994484591102e-11,-6.63561566804916e-11
1.15666615962982,-2.98443372276151e-21,-1.94507691203549e-11,-4.2193092769649e-11
1.15749955177307,3.83788903276982e-21,-3.71043473723631e-11,-2.91001406999003e-11
1.15833282470703,-8.52417699171564e-22,-3.97994762146858e-11,-6.63561428027037e-11
1.15916621685028,-2.98451833913765e-21,-1.94507725898019e-11,-4.21931482808002e-11
1.15999948978424,3.83797587057827e-21,-3.71043161473406e-11,-2.91001060054308e-11
1.16083288192749,-8.5243466283647e-22,-3.97995005008145e-11,-6.6356121986022e-11
1.16166615486145,-2.9848347922675e-21,-1.94507777939723e-11,-4.21932037919515e-11
1.1624995470047,3.83777634556723e-21,-3.71042883917649e-11,-2.91000713109613e-11
1.16333281993866,-8.52252000516145e-22,-3.97995282563901e-11,-6.63561011693403e-11
1.16416621208191,-2.98468837968349e-21,-1.94507812634193e-11,-4.21932558336557e-11
1.16499948501587,3.83794194324845e-21,-3.71042571667424e-11,-2.91000348817683e-11
1.16583287715912,-8.52157993539791e-22,-3.97995525425188e-11,-6.63560803526586e-11
1.16666615009308,-2.98478329542761e-21,-1.94507847328662e-11,-4.2193311344807e-11
1.16749954223633,3.83764305962868e-21,-3.71042294111668e-11,-2.91000001872987e-11
1.16833281517029,-8.52163244197976e-22,-3.97995768286474e-11,-6.63560664748708e-11
1.16916620731354,-2.98468110954139e-21,-1.94507882023132e-11,-4.21933633865113e-11
1.1699994802475,3.83746736452787e-21,-3.71041981861442e-11,-2.90999654928292e-11
1.17083287239075,-8.52202220237582e-22,-3.9799604584223e-11,-6.63560456581891e-11
1.17166614532471,-2.98452722486689e-21,-1.94507934064836e-11,-4.21934188976625e-11
1.17249953746796,3.83772060781111e-21,-3.71041704305686e-11,-2.90999307983597e-11
1.17333281040192,-8.52385690351474e-22,-3.97996288703517e-11,-6.63560248415074e-11
1.17416620254517,-2.98460719643001e-21,-1.94507968759305e-11,-4.21934709393668e-11
1.17499947547913,3.83779048195465e-21,-3.7104139205546e-11,-2.90998943691667e-11
1.17583286762238,-8.52359134137961e-22,-3.97996566259273e-11,-6.63560040248257e-11
1.17666614055634,-2.98477461164676e-21,-1.94508003453775e-11,-4.2193526450518e-11
1.17749953269958,3.83779775209675e-21,-3.71041114499704e-11,-2.90998596746972e-11
1.17833280563354,-8.52288250252461e-22,-3.9799680912056e-11,-6.63559901470379e-11
1.17916619777679,-2.98482590653826e-21,-1.94508038148244e-11,-4.21935819616692e-11
1.17999947071075,3.83781794693593e-21,-3.71040802249478e-11,-2.90998249802277e-11
1.180832862854,-8.52142746436215e-22,-3.97997051981847e-11,-6.63559693303561e-11
1.18166613578796,-2.98482186757043e-21,-1.94508090189949e-11,-4.21936340033735e-11
1.18249952793121,3.83766163888072e-21,-3.71040524693722e-11,-2.90997902857582e-11
1.18333280086517,-8.52116493145289e-22,-3.97997329537603e-11,-6.63559485136744e-11
1.18416619300842,-2.98468797578671e-21,-1.94508124884418e-11,-4.21936895145247e-11
1.18499958515167,3.83767900644241e-21,-3.71040212443496e-11,-2.90997538565652e-11
1.18583285808563,-8.5213749577803e-22,-3.97997572398889e-11,-6.63559346358866e-11
1.18666625022888,-2.9845928580942e-21,-1.94508159578888e-11,-4.2193741556229e-11
1.18749952316284,3.83757278158836e-21,-3.7103993488774e-11,-2.90997191620956e-11
1.18833291530609,-8.52149208784751e-22,-3.97997815260176e-11,-6.63559138192049e-11
1.18916618824005,-2.98474815640745e-21,-1.94508194273357e-11,-4.21937970673802e-11
1.1899995803833,3.83756551144626e-21,-3.71039622637515e-11,-2.90996844676261e-11
1.19083285331726,-8.52155065288111e-22,-3.97998092815932e-11,-6.63558930025232e-11
1.19166624546051,-2.98464940364389e-21,-1.94508228967827e-11,-4.21938491090845e-11
1.19249951839447,3.83775170786344e-21,-3.71039345081758e-11,-2.90996497731566e-11
1.19333291053772,-8.52144967868524e-22,-3.97998335677219e-11,-6.63558721858415e-11
1.19416618347168,-2.98474270380087e-21,-1.94508281009531e-11,-4.21939046202358e-11
1.19499957561493,3.8375057347223e-21,-3.71039032831533e-11,-2.90996150786871e-11
1.19583284854889,-8.52103871370806e-22,-3.97998613232975e-11,-6.63558583080537e-11
1.19666624069214,-2.98467828226391e-21,-1.94508315704001e-11,-4.2193960131387e-11
1.1974995136261,3.83767981423598e-21,-3.71038755275777e-11,-2.90995786494941e-11
1.19833290576935,-8.52168393881966e-22,-3.97998856094262e-11,-6.6355837491372e-11
1.19916617870331,-2.98480248052482e-21,-1.9450835039847e-11,-4.21940121730913e-11
1.19999957084656,3.83769193113948e-21,-3.71038443025551e-11,-2.90995439550246e-11
1.20083284378052,-8.52070246963582e-22,-3.97999098955548e-11,-6.63558166746903e-11
1.20166623592377,-2.98477440969837e-21,-1.9450838509294e-11,-4.21940676842425e-11
1.20249950885773,3.83765436873862e-21,-3.71038165469795e-11,-2.9099509260555e-11
1.20333290100098,-8.52156176004266e-22,-3.97999376511304e-11,-6.63557958580085e-11
1.20416617393494,-2.98475057978815e-21,-1.94508437134644e-11,-4.21941197259468e-11
1.20499956607819,3.83774080265028e-21,-3.71037853219569e-11,-2.90994745660855e-11
1.20583283901215,-8.52141029874885e-22,-3.97999619372591e-11,-6.63557819802207e-11
1.2066662311554,-2.9846758588832e-21,-1.94508471829113e-11,-4.2194175237098e-11
1.20749950408936,3.83774928448274e-21,-3.71037575663813e-11,-2.90994381368925e-11
1.2083328962326,-8.5229683305911e-22,-3.97999862233878e-11,-6.6355761163539e-11
1.20916616916656,-2.98486629621661e-21,-1.94508506523583e-11,-4.21942272788023e-11
1.20999956130981,3.83768021813276e-21,-3.71037263413587e-11,-2.9099403442423e-11
1.21083283424377,-8.52258260916288e-22,-3.98000139789634e-11,-6.63557403468573e-11
1.21166622638702,-2.98483984097729e-21,-1.94508541218052e-11,-4.21942827899535e-11
1.21249949932098,3.83767294799066e-21,-3.71036985857831e-11,-2.90993687479535e-11
1.21333289146423,-8.52163042249585e-22,-3.9800038265092e-11,-6.63557195301756e-11
1.21416616439819,-2.98493112165036e-21,-1.94508593259757e-11,-4.21943383011048e-11
1.21499955654144,3.83772747405643e-21,-3.71036673607605e-11,-2.9099334053484e-11
1.2158328294754,-8.52039954704821e-22,-3.98000660206677e-11,-6.63557056523878e-11
1.21666622161865,-2.98499917825837e-21,-1.94508627954226e-11,-4.2194390342809e-11
1.21749949455261,3.83755824130415e-21,-3.71036396051849e-11,-2.9099297624291e-11
1.21833288669586,-8.51981995516393e-22,-3.98000903067963e-11,-6.63556848357061e-11
1.21916615962982,-2.98476936098858e-21,-1.94508662648696e-11,-4.21944458539603e-11
1.21999955177307,3.83767092850674e-21,-3.71036083801624e-11,-2.90992629298215e-11
1.22083282470703,-8.52048739459862e-22,-3.9800114592925e-11,-6.63556640190244e-11
1.22166621685028,-2.9847273557231e-21,-1.94508697343165e-11,-4.21944978956645e-11
1.22249948978424,3.83773918706315e-21,-3.71035771551398e-11,-2.90992282353519e-11
1.22333288192749,-8.52130427584319e-22,-3.98001423485006e-11,-6.63556432023427e-11
1.22416615486145,-2.98488911638488e-21,-1.9450874938487e-11,-4.21945534068158e-11
1.2249995470047,3.83761195957636e-21,-3.71035493995642e-11,-2.90991935408824e-11
1.22583281993866,-8.51960689961065e-22,-3.98001666346293e-11,-6.63556293245549e-11
1.22666621208191,-2.98491597552098e-21,-1.94508784079339e-11,-4.21946054485201e-11
1.22749948501587,3.8374960411995e-21,-3.71035181745416e-11,-2.90991588464129e-11
1.22833287715912,-8.51958569502951e-22,-3.98001909207579e-11,-6.63556085078731e-11
1.22916615009308,-2.98475502265277e-21,-1.94508818773809e-11,-4.21946609596713e-11
1.22999954223633,3.83752754514861e-21,-3.7103490418966e-11,-2.90991224172199e-11
1.23083281517029,-8.51999464052278e-22,-3.98002186763335e-11,-6.63555876911914e-11
1.23166620731354,-2.98476512007235e-21,-1.94508853468278e-11,-4.21947164708225e-11
1.2324994802475,3.83751542824511e-21,-3.71034591939434e-11,-2.90990877227504e-11
1.23333287239075,-8.51978259471146e-22,-3.98002429624622e-11,-6.63555668745097e-11
1.23416614532471,-2.98477037073054e-21,-1.94508905509982e-11,-4.21947685125268e-11
1.23499953746796,3.83760468943425e-21,-3.71034314383678e-11,-2.90990530282809e-11
1.23583281040192,-8.51953924689941e-22,-3.98002707180378e-11,-6.63555529967219e-11
1.23666620254517,-2.98484024487408e-21,-1.94508940204452e-11,-4.2194824023678e-11
1.23749947547913,3.8376353855898e-21,-3.71034002133452e-11,-2.90990183338113e-11
1.23833286762238,-8.52084383351003e-22,-3.98002950041665e-11,-6.63555321800402e-11
1.23916614055634,-2.98483055135127e-21,-1.94508974898921e-11,-4.21948760653823e-11
1.23999953269958,3.8375889374597e-21,-3.71033724577696e-11,-2.90989819046183e-11
1.24083280563354,-8.51974523425899e-22,-3.98003192902951e-11,-6.63555113633585e-11
1.24166619777679,-2.98489517483663e-21,-1.94509009593391e-11,-4.21949315765335e-11
1.24249947071075,3.83765638822254e-21,-3.71033412327471e-11,-2.90989472101488e-11
1.243332862854,-8.52074588854004e-22,-3.98003470458708e-11,-6.63554905466768e-11
1.24416613578796,-2.98498342628382e-21,-1.94509061635095e-11,-4.21949836182378e-11
1.24499952793121,3.8376305388284e-21,-3.71033134771714e-11,-2.90989125156793e-11
1.24583280086517,-8.52039853730625e-22,-3.98003713319994e-11,-6.6355476668889e-11
1.24666619300842,-2.98485781438416e-21,-1.94509096329565e-11,-4.2195039129389e-11
1.24749946594238,3.83766729343569e-21,-3.71032822521489e-11,-2.90988778212098e-11
1.24833285808563,-8.51849820294001e-22,-3.98003956181281e-11,-6.63554558522073e-11
1.24916613101959,-2.98504239521421e-21,-1.94509131024034e-11,-4.21950946405403e-11
1.24999952316284,3.83767335188744e-21,-3.71032544965733e-11,-2.90988413920168e-11
