Time,U1,U2,U3
0.0,0.0,0.0,0.0
0.0166666992008686,2.79817313445943e-19,-8.22705725767037e-09,1.56070342427483e-07
0.0333333984017372,-1.42425963782366e-18,-6.95077506662756e-09,1.31733699504366e-07
0.0500001013278961,2.02004888172416e-18,1.32119803986086e-09,-2.4933452635878e-08
0.0666667968034744,-1.0693669983921e-18,-8.24600654425467e-09,1.56322656152952e-07
0.0833334997296333,1.19146795579166e-18,-6.93585988642553e-09,1.31534932279465e-07
0.100000202655792,-1.19059951954606e-18,1.30988275781618e-09,-2.47828477739631e-08
0.116666898131371,1.59992188405453e-18,-8.23778290026667e-09,1.56213516788739e-07
0.133333593606949,-2.76972618639858e-18,-6.94150870117483e-09,1.31609823483814e-07
0.150000303983688,2.85998358534699e-18,1.31342858811223e-09,-2.48301486038827e-08
0.166666999459267,-1.35130582331408e-18,-8.23958945517234e-09,1.56238115778251e-07
0.183333694934845,1.63829768780301e-18,-6.94119339783583e-09,1.31604977582356e-07
0.200000405311584,-1.12860171224975e-18,1.31440303086094e-09,-2.48427731719403e-08
0.216667100787163,1.44252978280827e-18,-8.24163226553765e-09,1.56265329565031e-07
0.233333796262741,-2.95513396441382e-18,-6.93834811826832e-09,1.31567048811121e-07
0.250000506639481,3.20718003296179e-18,1.31099431310844e-09,-2.47976750245016e-08
0.266667187213898,-1.86174243570831e-18,-8.23782464465239e-09,1.56215335778143e-07
0.283333897590637,3.67873352139809e-19,-6.94249546739911e-09,1.31621547438954e-07
0.300000607967377,7.12448076652509e-19,1.31543220760477e-09,-2.48563551963343e-08
0.316667288541794,2.08497511518406e-18,-8.24248314046372e-09,1.56277394580684e-07
0.333333998918533,-1.12454397775487e-18,-6.93776458504658e-09,1.31558493876582e-07
0.350000709295273,9.7773286071166e-19,1.31074662235164e-09,-2.47941773778848e-08
0.36666738986969,-1.42902864424776e-18,-8.23792234427856e-09,1.56217311086948e-07
0.383334100246429,1.13439148539913e-19,-6.94224100428187e-09,1.3161749734536e-07
0.400000810623169,7.72431285566944e-19,1.3151492117558e-09,-2.4852488067495e-08
0.416667491197586,-2.18874032183668e-19,-8.24226109585879e-09,1.56275262952477e-07
0.433334201574326,-1.54690012377776e-18,-6.93807145069059e-09,1.31561790794876e-07
0.450000911951065,1.78038053706728e-18,1.31120858615219e-09,-2.48000766589485e-08
0.466667592525482,-8.77822781002632e-19,-8.23859025445017e-09,1.56226860781317e-07
0.483334302902222,-5.4053942094504e-19,-6.94154600466845e-09,1.31607606590478e-07
0.500001013278961,1.18473915170127e-18,1.31453525842318e-09,-2.48442244554781e-08
0.516667723655701,6.91787689890348e-19,-8.24179569036687e-09,1.56269862827685e-07
0.533334374427795,-4.38184453839247e-19,-6.9385364120933e-09,1.31567190919668e-07
0.550001084804535,7.9678756700478e-19,1.31177058104726e-09,-2.48073437347784e-08
0.566667795181274,-2.09526619843181e-19,-8.23929635629383e-09,1.56236922066455e-07
0.583334505558014,-9.54947963943734e-19,-6.94085233732267e-09,1.31597673203032e-07
0.600001215934753,1.2687765660336e-18,1.31396560298924e-09,-2.48365434885045e-08
0.616667926311493,-8.73906688262956e-20,-8.24139867461327e-09,1.56265329565031e-07
0.633334577083588,-8.92294719409553e-19,-6.93890322978064e-09,1.31571283645826e-07
0.650001287460327,9.12220879980496e-19,1.31222233079598e-09,-2.48131879487801e-08
0.666667997837067,-1.86796536715533e-19,-8.2398718959098e-09,1.56245263838173e-07
0.683334708213806,-9.20236156718559e-19,-6.94029278491826e-09,1.31589501961571e-07
0.700001418590546,1.04602933817983e-18,1.31354171983844e-09,-2.48307880923448e-08
0.716668128967285,-1.96915165730256e-19,-8.24114909647733e-09,1.56262714767763e-07
0.73333477973938,-7.58641771165379e-19,-6.93912038940425e-09,1.31573401063179e-07
0.750001490116119,8.60926583015471e-19,1.31252464452558e-09,-2.48170639594036e-08
0.766668200492859,8.92124501149127e-20,-8.2402999979081e-09,1.56251658722795e-07
0.783334910869598,-8.85790598253049e-19,-6.93987844968547e-09,1.31583234974642e-07
0.800001621246338,1.04446855176152e-18,1.31325705865493e-09,-2.48268641200866e-08
0.816668272018433,-2.38888597682578e-19,-8.24103452146119e-09,1.56261904749044e-07
0.833334982395172,-5.63998314815833e-19,-6.9392083190678e-09,1.3157382738882e-07
0.850001692771912,8.53440598471866e-19,1.31270250225413e-09,-2.48192932872371e-08
0.866668403148651,-2.82212408447242e-20,-8.24061174853341e-09,1.56256518835107e-07
0.883335113525391,-8.17504150349806e-19,-6.93957602493356e-09,1.31578460127457e-07
0.90000182390213,9.42717581599255e-19,1.31307753559184e-09,-2.48243274825199e-08
0.916668474674225,-3.18408985484904e-19,-8.24101853424963e-09,1.56262402128959e-07
0.933335185050964,-7.52683796008313e-19,-6.93920343408649e-09,1.31573017370101e-07
0.950001895427704,9.69770730327955e-19,1.31279431769826e-09,-2.48203857466933e-08
0.966668605804443,-1.7576188272059e-19,-8.24084178674411e-09,1.56260298922462e-07
0.983335316181183,-8.78561556687218e-19,-6.9393477630797e-09,1.31574665829248e-07
1.00000202655792,1.00746690180564e-18,1.31296773453471e-09,-2.48227181032235e-08
1.01666867733002,-1.81721176196758e-19,-8.2410664958843e-09,1.56263737949303e-07
1.0333354473114,-7.59927778523958e-19,-6.93913904115107e-09,1.31571425754373e-07
1.0500020980835,9.81328304641699e-19,1.3128322873257e-09,-2.4820765887057e-08
1.06666874885559,-1.13354323753035e-19,-8.24102208696331e-09,1.56263411099644e-07
1.08333551883698,-8.45581193580481e-19,-6.93916479832524e-09,1.31571454176083e-07
1.10000216960907,1.03566569568273e-18,1.312899566841e-09,-2.48216647236177e-08
1.11666893959045,-2.23108266341751e-19,-8.24115264919101e-09,1.56265571149561e-07
1.13333559036255,-7.64450905510974e-19,-6.93904045334648e-09,1.31569365180439e-07
1.15000224113464,9.82373550743236e-19,1.31283872661925e-09,-2.48207268072065e-08
1.16666901111603,-1.6995961138914e-19,-8.24117396547308e-09,1.56266153794604e-07
1.18333566188812,-8.31147408879314e-19,-6.93900759074495e-09,1.3156861200514e-07
1.20000243186951,1.02376970110088e-18,1.3128546028085e-09,-2.4820920430102e-08
1.2166690826416,-1.99393631490012e-19,-8.24125923060137e-09,1.56267688566913e-07
1.23333585262299,-7.75445118128781e-19,-6.93892276970587e-09,1.31567063021976e-07
1.25000250339508,9.73238374853353e-19,1.31282840154512e-09,-2.48204603536806e-08
1.26666915416718,-1.6770458779235e-19,-8.24131074494971e-09,1.56268683326743e-07
1.28333592414856,-8.29169516637123e-19,-6.93886414993017e-09,1.31565940364453e-07
1.30000257492065,9.8917876564271e-19,1.31282174020697e-09,-2.48203395614155e-08
1.31666934490204,-1.79828625729328e-19,-8.24137735833119e-09,1.56269948092813e-07
1.33333599567413,-8.17066106516671e-19,-6.93879576019185e-09,1.31564618754965e-07
1.35000264644623,9.88386843603767e-19,1.312809638776e-09,-2.48200802133169e-08
1.36666941642761,-1.76530126714499e-19,-8.24144041899899e-09,1.56271127593754e-07
1.38333606719971,-8.17986551743289e-19,-6.93872692636432e-09,1.31563353988895e-07
1.40000283718109,9.89075471463717e-19,1.31279476178747e-09,-2.48198386287868e-08
1.41666948795319,-1.85219258383759e-19,-8.24149903877469e-09,1.56272278672986e-07
1.43333625793457,-8.1679489467333e-19,-6.93866430978574e-09,1.31562117644535e-07
1.45000290870667,9.9565527964627e-19,1.312786879204e-09,-2.48196467822481e-08
1.46666955947876,-1.8442149438174e-19,-8.24156654033459e-09,1.56273500806492e-07
1.48333632946014,-8.13010336575747e-19,-6.93859281142295e-09,1.31560810245901e-07
1.50000298023224,9.88250668995425e-19,1.31277022585863e-09,-2.4819371446938e-08
1.51666975021362,-1.7691819074406e-19,-8.24162427193187e-09,1.56274637674869e-07
1.53333640098572,-8.12511236473647e-19,-6.93853063893357e-09,1.31559588112395e-07
1.55000305175781,9.93234535583634e-19,1.31276278736436e-09,-2.48191938112541e-08
1.5666698217392,-1.8135750107057e-19,-8.24169088531335e-09,1.56275874019229e-07
1.58333647251129,-8.1344450299976e-19,-6.93845958466e-09,1.31558280713762e-07
1.60000324249268,9.90033243215477e-19,1.3127465781082e-09,-2.4818918475944e-08
1.61666989326477,-1.79629055481852e-19,-8.24174950508905e-09,1.56277010887607e-07
1.63333654403687,-8.14600953194898e-19,-6.9383965239922e-09,1.31557058580256e-07
1.65000331401825,9.94441495494925e-19,1.31273814041322e-09,-2.48187319584758e-08
1.66666996479034,-1.8304158909894e-19,-8.2418152302921e-09,1.56278233021112e-07
1.68333673477173,-8.10019716769849e-19,-6.93832680198625e-09,1.31555751181622e-07
1.70000338554382,9.91988594785976e-19,1.31272304138008e-09,-2.48184690576636e-08
1.71667015552521,-1.79379065991102e-19,-8.24187473824622e-09,1.56279384100344e-07
1.7333368062973,-8.14978923036046e-19,-6.93826285314003e-09,1.31554514837262e-07
1.7500034570694,9.93902690723423e-19,1.31271360448437e-09,-2.48182701056976e-08
1.76667022705078,-1.81392449451451e-19,-8.24193957527086e-09,1.56280592022995e-07
1.78333687782288,-8.13462804370813e-19,-6.93819357522329e-09,1.31553235860338e-07
1.80000364780426,9.92552731963737e-19,1.31269950465196e-09,-2.48180178630264e-08
1.81667029857635,-1.7977883979621e-19,-8.2419999714034e-09,1.56281757313081e-07
1.83333694934845,-8.14861359991487e-19,-6.93812873819866e-09,1.31551985305123e-07
1.85000371932983,9.93516087184631e-19,1.31268906855553e-09,-2.48178082529193e-08
1.86667037010193,-1.80409125573581e-19,-8.24206392024962e-09,1.56282951024878e-07
1.88333714008331,-8.13651401550475e-19,-6.93806079254955e-09,1.31550706328198e-07
1.90000379085541,9.9260205260776e-19,1.31267585690154e-09,-2.48175666683892e-08
1.9166704416275,-1.802929842457e-19,-8.24212520456058e-09,1.56284130525819e-07
1.93333721160889,-8.14000626865337e-19,-6.93799506734649e-09,1.31549455772983e-07
1.95000386238098,9.9335189183304e-19,1.31266475467129e-09,-2.48173481764979e-08
1.96667063236237,-1.80950295564647e-19,-8.24218826522838e-09,1.56285324237615e-07
1.98333728313446,-8.1360244279797e-19,-6.93792712169738e-09,1.31548176796059e-07
2.00000405311584,9.92627488411596e-19,1.31265198710651e-09,-2.48171119210383e-08
2.01667070388794,-1.80845812313524e-19,-8.24225043771776e-09,1.56286489527702e-07
2.03333735466003,-8.13872930858275e-19,-6.93786095240512e-09,1.31546912029989e-07
2.05000400543213,9.93605836281093e-19,1.31264055180935e-09,-2.48168898764334e-08
2.0666708946228,-1.80711821978987e-19,-8.24231349838556e-09,1.56287683239498e-07
2.0833375453949,-8.13810323625662e-19,-6.93779389493443e-09,1.3154564726392e-07
2.10000419616699,9.93371433975011e-19,1.31262811731148e-09,-2.48166571736874e-08
2.11667084693909,-1.80381557194728e-19,-8.24237567087494e-09,1.56288862740439e-07
2.13333749771118,-8.1380194842196e-19,-6.93772772564216e-09,1.3154438249785e-07
2.15000438690186,9.93270104349974e-19,1.31261634894742e-09,-2.48164315763688e-08
2.16667103767395,-1.80274695799344e-19,-8.24243784336431e-09,1.56290056452235e-07
2.18333768844604,-8.13701239182382e-19,-6.93766066817147e-09,1.31543117731781e-07
2.20000433921814,9.93365230120417e-19,1.31260413649414e-09,-2.48162024263365e-08
2.21667098999023,-1.80523224799325e-19,-8.24250001585369e-09,1.56291235953177e-07
2.23333787918091,-8.13620330578716e-19,-6.93759405479e-09,1.31541852965711e-07
2.250004529953,9.93490134392913e-19,1.31259214608548e-09,-2.48159750526611e-08
2.2666711807251,-1.80563769574037e-19,-8.24256307652149e-09,1.56292415454118e-07
2.28333783149719,-8.13804791855316e-19,-6.93752699731931e-09,1.31540588199641e-07
2.30000448226929,9.93246219509786e-19,1.31258004465451e-09,-2.48157459026288e-08
2.31667137145996,-1.80503204443562e-19,-8.24262524901087e-09,1.56293594955059e-07
2.33333802223206,-8.13654606875349e-19,-6.93746038393783e-09,1.31539323433572e-07
2.35000467300415,9.93283339239774e-19,1.31256805424584e-09,-2.48155185289534e-08
2.36667132377625,-1.80431356052543e-19,-8.24268742150025e-09,1.56294774456001e-07
2.38333821296692,-8.1361448861564e-19,-6.93739377055635e-09,1.31538058667502e-07
2.40000486373901,9.93470695648518e-19,1.31255606383718e-09,-2.48152893789211e-08
2.41667151451111,-1.80547730024972e-19,-8.24275048216805e-09,1.56295968167797e-07
2.4333381652832,-8.13657708802646e-19,-6.93732671308567e-09,1.31536793901432e-07
2.4500048160553,9.93191211999051e-19,1.31254396240621e-09,-2.48150620052456e-08
2.46667170524597,-1.80461858337631e-19,-8.24281265465743e-09,1.56297147668738e-07
2.48333835601807,-8.13706460759998e-19,-6.93726009970419e-09,1.31535529135363e-07
2.50000500679016,9.93170532483737e-19,1.31253197199754e-09,-2.48148328552134e-08
2.51667165756226,-1.80437960572747e-19,-8.24287482714681e-09,1.56298327169679e-07
2.53333830833435,-8.13596187244587e-19,-6.93719348632271e-09,1.31534264369293e-07
2.55000519752502,9.93366574288913e-19,1.31251987056658e-09,-2.48146037051811e-08
2.56667184829712,-1.8046371949401e-19,-8.24293699963619e-09,1.56299506670621e-07
2.58333849906921,-8.13679784185243e-19,-6.93712642885203e-09,1.31532999603223e-07
2.60000514984131,9.93350340869391e-19,1.31250788015791e-09,-2.48143763315056e-08
2.6166718006134,-1.80511760593023e-19,-8.24300006030398e-09,1.56300700382417e-07
2.63333868980408,-8.13629326167878e-19,-6.93705981547055e-09,1.31531734837154e-07
2.65000534057617,9.93233191415138e-19,1.31249577872694e-09,-2.48141471814733e-08
2.66667199134827,-1.80451983869069e-19,-8.24306223279336e-09,1.56301879883358e-07
2.68333864212036,-8.13593137016079e-19,-6.93699320208907e-09,1.31530470071084e-07
2.70000529289246,9.93515363401596e-19,1.31248378831827e-09,-2.48139198077979e-08
2.71667218208313,-1.80454517109695e-19,-8.24312440528274e-09,1.563030593843e-07
2.73333883285522,-8.1375071492277e-19,-6.93692614461838e-09,1.31529205305014e-07
2.75000548362732,9.93315082295781e-19,1.31247179790961e-09,-2.48136906577656e-08
2.76667213439941,-1.80416415102729e-19,-8.24318746595054e-09,1.56304238885241e-07
2.78333878517151,-8.13491807391041e-19,-6.93685953123691e-09,1.31527940538945e-07
2.80000567436218,9.93310429404835e-19,1.31245969647864e-09,-2.48134632840902e-08
2.81667232513428,-1.80496586998661e-19,-8.24324963843992e-09,1.56305432597037e-07
2.83333897590637,-8.13609732327118e-19,-6.93679291785543e-09,1.31526675772875e-07
2.85000562667847,9.93385392647848e-19,1.31244770606997e-09,-2.48132341340579e-08
2.86667251586914,-1.80489943704367e-19,-8.2433118109293e-09,1.56306612097978e-07
2.88333916664124,-8.1334565491656e-19,-6.93672586038474e-09,1.31525411006805e-07
2.90000581741333,9.93400592091604e-19,1.31243560463901e-09,-2.48130049840256e-08
2.91667246818542,-1.80525434922524e-19,-8.24337398341868e-09,1.5630779159892e-07
2.93333911895752,-8.13642664455255e-19,-6.93665924700326e-09,1.31524132029881e-07
2.95000600814819,9.93277962565793e-19,1.31242350320804e-09,-2.48127776103502e-08
2.96667265892029,-1.8060413340299e-19,-8.24343704408648e-09,1.56308971099861e-07
2.98333930969238,-8.13540249155663e-19,-6.93659263362179e-09,1.31522867263811e-07
3.00000596046448,9.93469868467905e-19,1.31241151279937e-09,-2.48125484603179e-08
3.01667261123657,-1.8063149498669e-19,-8.24349921657586e-09,1.56310164811657e-07
3.03333950042725,-8.1360875005014e-19,-6.9365255761511e-09,1.31521602497742e-07
3.05000615119934,9.93377534432029e-19,1.3123994113684e-09,-2.48123193102856e-08
3.06667280197144,-1.80709960822609e-19,-8.24356138906523e-09,1.56311344312599e-07
3.08333945274353,-8.13540559348393e-19,-6.93645896276962e-09,1.31520337731672e-07
3.10000610351562,9.93419410450539e-19,1.31238742095974e-09,-2.48120919366102e-08
3.1166729927063,-1.80696105547349e-19,-8.24362444973303e-09,1.5631252381354e-07
3.13333964347839,-8.13581711583868e-19,-6.93639234938814e-09,1.31519072965602e-07
3.15000629425049,9.93296574129575e-19,1.31237531952877e-09,-2.48118627865779e-08
3.16667294502258,-1.80733845662796e-19,-8.24368662222241e-09,1.56313703314481e-07
3.18333959579468,-8.13673632029438e-19,-6.93632529191746e-09,1.31517808199533e-07
3.20000648498535,9.93523221617415e-19,1.3123633291201e-09,-2.48116336365456e-08
3.21667313575745,-1.80617820657189e-19,-8.24374879471179e-09,1.56314897026277e-07
3.23333978652954,-8.13651401550475e-19,-6.93625867853598e-09,1.31516543433463e-07
3.25000643730164,9.93570474309907e-19,1.31235122768913e-09,-2.48114062628702e-08
3.26667308807373,-1.80559517348701e-19,-8.24381096720117e-09,1.56316076527219e-07
3.2833399772644,-8.13429665447523e-19,-6.9361920651545e-09,1.31515278667393e-07
3.3000066280365,9.93459632107825e-19,1.31233923728047e-09,-2.48111771128379e-08
3.31667327880859,-1.80551697906973e-19,-8.24387402786897e-09,1.5631725602816e-07
3.33333992958069,-8.13405263619452e-19,-6.93612500768381e-09,1.31514013901324e-07
3.35000681877136,9.93392320285478e-19,1.3123271358495e-09,-2.48109479628056e-08
3.36667346954346,-1.80585651086179e-19,-8.24393620035835e-09,1.56318435529101e-07
3.38334012031555,-8.1351021215967e-19,-6.93605839430234e-09,1.31512749135254e-07
3.40000677108765,9.93608834810814e-19,1.31231503441853e-09,-2.48107188127733e-08
3.41667342185974,-1.80620845036303e-19,-8.24399837284773e-09,1.56319629240897e-07
3.43334031105042,-8.13532597734997e-19,-6.93599178092086e-09,1.31511484369184e-07
3.45000696182251,9.9356706218988e-19,1.31230304400987e-09,-2.48104914390979e-08
3.4666736125946,-1.8049121032468e-19,-8.24406054533711e-09,1.56320808741839e-07
3.4833402633667,-8.13131311740332e-19,-6.93592472345017e-09,1.31510219603115e-07
3.50000691413879,9.93617210014516e-19,1.3122909425789e-09,-2.48102622890656e-08
3.51667380332947,-1.80592850142447e-19,-8.24412360600491e-09,1.5632198824278e-07
3.53334045410156,-8.13223490679844e-19,-6.93585811006869e-09,1.31508954837045e-07
3.55000710487366,9.93585880548816e-19,1.31227895217023e-09,-2.48100331390333e-08
3.56667375564575,-1.80723402507563e-19,-8.24418577849428e-09,1.56323167743722e-07
3.58334040641785,-8.13540094059299e-19,-6.93579149668722e-09,1.31507690070976e-07
3.60000729560852,9.93528391496243e-19,1.31226685073926e-09,-2.4809803989001e-08
3.61667394638062,-1.80811794510832e-19,-8.24424795098366e-09,1.56324347244663e-07
3.63334059715271,-8.13722125492848e-19,-6.93572443921653e-09,1.31506425304906e-07
3.6500072479248,9.93419617245692e-19,1.31225474930829e-09,-2.48095766153256e-08
3.6666738986969,-1.80738989692231e-19,-8.24431012347304e-09,1.56325540956459e-07
3.68334078788757,-8.13426356725072e-19,-6.93565782583505e-09,1.31505160538836e-07
3.70000743865967,9.93405451777703e-19,1.31224275889963e-09,-2.48093474652933e-08
3.71667408943176,-1.8084485588594e-19,-8.24437318414084e-09,1.563267204574e-07
3.73334074020386,-8.1339326950057e-19,-6.93559121245357e-09,1.31503895772767e-07
3.75000739097595,9.93566131611691e-19,1.31223065746866e-09,-2.4809118315261e-08
3.76667428016663,-1.80778616813451e-19,-8.24443535663022e-09,1.56327899958342e-07
3.78334093093872,-8.13232279473852e-19,-6.93552415498289e-09,1.31502631006697e-07
3.80000758171082,9.93611006159922e-19,1.31221855603769e-09,-2.48088891652287e-08
3.81667423248291,-1.80769905567625e-19,-8.2444975291196e-09,1.56329079459283e-07
3.833340883255,-8.13675027896721e-19,-6.93545754160141e-09,1.31501366240627e-07
3.85000777244568,9.93490858175949e-19,1.31220656562903e-09,-2.48086600151964e-08
3.86667442321777,-1.8084357634093e-19,-8.2445605897874e-09,1.56330273171079e-07
3.88334107398987,-8.13529392410124e-19,-6.93539092821993e-09,1.31500101474558e-07
3.90000772476196,9.93347135544518e-19,1.31219446419806e-09,-2.4808432641521e-08
3.91667461395264,-1.80905369317627e-19,-8.24462276227678e-09,1.56331452672021e-07
3.93334126472473,-8.13364111383978e-19,-6.93532387074924e-09,1.31498836708488e-07
3.95000791549683,9.93519292509505e-19,1.31218236276709e-09,-2.48082034914887e-08
3.96667456626892,-1.80955749786811e-19,-8.24468493476616e-09,1.56332632172962e-07
3.98334121704102,-8.13389753982967e-19,-6.93525725736777e-09,1.31497571942418e-07
4.00000810623169,9.93609661991427e-19,1.31217037235842e-09,-2.48079743414564e-08
4.01667451858521,-1.80950735004347e-19,-8.24474710725553e-09,1.56333811673903e-07
4.03334140777588,-8.13485293343717e-19,-6.93519064398629e-09,1.31496292965494e-07
4.05000829696655,9.93265554856604e-19,1.31215827092745e-09,-2.48077451914241e-08
4.06667470932007,-1.80959472099567e-19,-8.24481016792333e-09,1.56335005385699e-07
4.08334159851074,-8.13551054202415e-19,-6.9351235865156e-09,1.31495028199424e-07
4.10000801086426,9.93013368167352e-19,1.31214616949649e-09,-2.48075160413919e-08
4.11667490005493,-1.81003648714156e-19,-8.24487234041271e-09,1.56336184886641e-07
4.13334178924561,-8.13570648043175e-19,-6.93505697313412e-09,1.31493763433355e-07
4.15000820159912,9.93335244823212e-19,1.31213406806552e-09,-2.48072868913596e-08
4.16667509078979,-1.81093539982286e-19,-8.24493451290209e-09,1.56337364387582e-07
4.18334150314331,-8.13704134314525e-19,-6.93498991566344e-09,1.31492498667285e-07
4.20000839233398,9.93359956844012e-19,1.31212207765685e-09,-2.48070577413273e-08
4.21667528152466,-1.81127932601193e-19,-8.24499668539147e-09,1.56338543888523e-07
4.23334169387817,-8.13443727517936e-19,-6.93492330228196e-09,1.31491233901215e-07
4.25000858306885,9.93387253804226e-19,1.31210997622588e-09,-2.4806828591295e-08
4.26667499542236,-1.81076556930335e-19,-8.24505974605927e-09,1.56339723389465e-07
4.28334188461304,-8.1353099507256e-19,-6.93485668890048e-09,1.31489969135146e-07
4.30000877380371,9.93353546194265e-19,1.31209787479492e-09,-2.48066012176196e-08
4.31667518615723,-1.81080188770212e-19,-8.24512191854865e-09,1.56340917101261e-07
4.3333420753479,-8.1368562614832e-19,-6.93478963142979e-09,1.31488704369076e-07
4.35000848770142,9.93540178819972e-19,1.31208577336395e-09,-2.48063720675873e-08
4.36667537689209,-1.81096137846398e-19,-8.24518409103803e-09,1.56342096602202e-07
4.38334226608276,-8.13561652454013e-19,-6.93472301804832e-09,1.31487439603006e-07
4.40000867843628,9.93489100417147e-19,1.31207378295528e-09,-2.4806142917555e-08
4.41667556762695,-1.81117890111568e-19,-8.24524626352741e-09,1.56343276103144e-07
4.43334197998047,-8.13368764274923e-19,-6.93465640466684e-09,1.31486174836937e-07
4.45000886917114,9.93291404250747e-19,1.31206168152431e-09,-2.48059137675227e-08
4.46667575836182,-1.81070714967259e-19,-8.2453093241952e-09,1.56344455604085e-07
4.48334217071533,-8.13342708085628e-19,-6.93458934719615e-09,1.31484910070867e-07
4.50000905990601,9.93349410291202e-19,1.31204958009334e-09,-2.48056846174904e-08
4.51667547225952,-1.81187282810143e-19,-8.24537149668458e-09,1.56345649315881e-07
4.5333423614502,-8.13626017445427e-19,-6.93452273381467e-09,1.31483645304797e-07
4.55000925064087,9.93811080470583e-19,1.31203747866238e-09,-2.48054554674582e-08
4.56667566299438,-1.8116823180666e-19,-8.24543366917396e-09,1.56346828816822e-07
4.58334255218506,-8.13354340312992e-19,-6.9344561204332e-09,1.31482380538728e-07
4.60000896453857,9.93390562526677e-19,1.31202548825371e-09,-2.48052263174259e-08
4.61667585372925,-1.81261897086335e-19,-8.24549584166334e-09,1.56348008317764e-07
4.63334274291992,-8.13450603456778e-19,-6.93438906296251e-09,1.31481115772658e-07
4.65000915527344,9.93574920405699e-19,1.31201338682274e-09,-2.48049971673936e-08
4.66667604446411,-1.81313492477043e-19,-8.24555890233114e-09,1.56349187818705e-07
4.68334293365479,-8.13368971070077e-19,-6.93432244958103e-09,1.31479851006588e-07
4.7000093460083,9.93209409972527e-19,1.31200128539177e-09,-2.48047680173613e-08
4.71667623519897,-1.81341022081804e-19,-8.24562107482052e-09,1.56350367319646e-07
4.73334264755249,-8.13539990661722e-19,-6.93425539211034e-09,1.31478586240519e-07
4.75000953674316,9.9356375346743e-19,1.3119891839608e-09,-2.4804538867329e-08
4.76667642593384,-1.81397386685732e-19,-8.2456832473099e-09,1.56351561031443e-07
4.78334283828735,-8.13656881622033e-19,-6.93418877872887e-09,1.31477321474449e-07
4.80000972747803,9.93099188155905e-19,1.31197708252984e-09,-2.48043097172967e-08
4.81667613983154,-1.81352951577201e-19,-8.24574541979928e-09,1.56352740532384e-07
4.83334302902222,-8.13469008225407e-19,-6.93412216534739e-09,1.31476056708379e-07
4.85000991821289,9.93354269977301e-19,1.31196498109887e-09,-2.48040805672645e-08
4.86667633056641,-1.81311346977329e-19,-8.24580848046708e-09,1.56353920033325e-07
4.88334321975708,-8.13507575521468e-19,-6.9340551078767e-09,1.31474777731455e-07
4.9000096321106,9.9330608670662e-19,1.3119529906902e-09,-2.48038514172322e-08
4.91667652130127,-1.81347910945343e-19,-8.24587065295646e-09,1.56355099534267e-07
4.93334341049194,-8.13472678839375e-19,-6.93398849449522e-09,1.31473512965385e-07
4.95000982284546,9.93276101409415e-19,1.31194088925923e-09,-2.48036222671999e-08
4.96667671203613,-1.81354140649332e-19,-8.24593282544583e-09,1.56356293246063e-07
4.98334312438965,-8.13531460361655e-19,-6.93392188111375e-09,1.31472248199316e-07
5.00001001358032,9.93508539161542e-19,1.31192878782826e-09,-2.48033931171676e-08
5.016676902771,-1.8159085647619e-19,-8.24599499793521e-09,1.56357472747004e-07
5.03334331512451,-8.13586312776025e-19,-6.93385482364306e-09,1.31470983433246e-07
5.05001020431519,9.93217991971383e-19,1.3119166863973e-09,-2.48031639671353e-08
5.0666766166687,-1.81462384987302e-19,-8.24605805860301e-09,1.56358652247945e-07
5.08334350585938,-8.13687590702274e-19,-6.93378821026158e-09,1.31469718667176e-07
5.10001039505005,9.93179217880169e-19,1.31190458496633e-09,-2.48029348171031e-08
5.11667680740356,-1.81570706873456e-19,-8.24612023109239e-09,1.56359831748887e-07
5.13334369659424,-8.13622760421766e-19,-6.9337215968801e-09,1.31468453901107e-07
5.15001010894775,9.93390872719406e-19,1.31189248353536e-09,-2.48027038907139e-08
5.16667699813843,-1.81541639229743e-19,-8.24618240358177e-09,1.56361011249828e-07
5.1833438873291,-8.13634030757612e-19,-6.93365453940942e-09,1.31467189135037e-07
5.20001029968262,9.93304018755088e-19,1.31188038210439e-09,-2.48024747406816e-08
5.21667718887329,-1.81539622977e-19,-8.24624457607115e-09,1.56362204961624e-07
5.23334360122681,-8.13274000395998e-19,-6.93358792602794e-09,1.31465924368968e-07
5.25001049041748,9.93117282731804e-19,1.31186828067342e-09,-2.48022455906494e-08
5.26667737960815,-1.81533949034985e-19,-8.24630763673895e-09,1.56363384462566e-07
5.28334379196167,-8.13775892232664e-19,-6.93352086855725e-09,1.31464659602898e-07
5.30001068115234,9.93383117901164e-19,1.31185617924245e-09,-2.48020164406171e-08
5.31667709350586,-1.81634554876987e-19,-8.24636980922833e-09,1.56364563963507e-07
5.33334398269653,-8.13566046851017e-19,-6.93345425517577e-09,1.31463394836828e-07
5.35001087188721,9.93372157758047e-19,1.31184418883379e-09,-2.48017872905848e-08
5.36667728424072,-1.81559010022606e-19,-8.24643198171771e-09,1.56365743464448e-07
5.3833441734314,-8.13667790066361e-19,-6.9333876417943e-09,1.31462130070759e-07
5.40001058578491,9.93351478242733e-19,1.31183208740282e-09,-2.48015581405525e-08
5.41667747497559,-1.81571740849221e-19,-8.24649415420708e-09,1.5636692296539e-07
5.43334436416626,-8.1344693284281e-19,-6.93332058432361e-09,1.31460865304689e-07
5.45001077651978,9.9330515612843e-19,1.31181998597185e-09,-2.48013289905202e-08
5.46667766571045,-1.8156923345799e-19,-8.24655721487488e-09,1.56368116677186e-07
5.48334407806396,-8.13393838187242e-19,-6.93325397094213e-09,1.31459600538619e-07
5.50001096725464,9.9374335505793e-19,1.31180788454088e-09,-2.4801099840488e-08
5.51667785644531,-1.81478553783338e-19,-8.24661938736426e-09,1.56369296178127e-07
5.53334426879883,-8.134430037349e-19,-6.93318735756066e-09,1.3145833577255e-07
5.5500111579895,9.93499336777227e-19,1.31179578310991e-09,-2.48008689140988e-08
5.56667757034302,-1.81574377487424e-19,-8.24668155985364e-09,1.56370475679068e-07
5.58334445953369,-8.1321697663252e-19,-6.93312030008997e-09,1.3145707100648e-07
5.60001134872437,9.93332246293492e-19,1.31178368167895e-09,-2.48006397640665e-08
5.61667776107788,-1.81536934640009e-19,-8.24674373234302e-09,1.5637165518001e-07
5.63334465026855,-8.13109649948041e-19,-6.93305368670849e-09,1.3145580624041e-07
5.65001106262207,9.93759174887146e-19,1.31177158024798e-09,-2.48004106140343e-08
5.66667795181274,-1.81506858869924e-19,-8.24680679301082e-09,1.56372834680951e-07
5.68334484100342,-8.13371452611914e-19,-6.9329866292378e-09,1.31454527263486e-07
5.70001125335693,9.93375156287768e-19,1.31175947881701e-09,-2.4800181464002e-08
5.71667814254761,-1.81513295369066e-19,-8.2468689655002e-09,1.56374028392747e-07
5.73334503173828,-8.13364007986401e-19,-6.93292001585633e-09,1.31453262497416e-07
5.7500114440918,9.93390045538794e-19,1.31174737738604e-09,-2.47999523139697e-08
5.76667833328247,-1.81596595041689e-19,-8.24693113798958e-09,1.56375207893689e-07
5.78334474563599,-8.13338261989836e-19,-6.93285340247485e-09,1.31451997731347e-07
5.80001163482666,9.93419824040846e-19,1.31173527595507e-09,-2.47997231639374e-08
5.81667852401733,-1.81619471755505e-19,-8.24699331047896e-09,1.5637638739463e-07
5.83334493637085,-8.13059605520982e-19,-6.93278634500416e-09,1.31450732965277e-07
5.85001182556152,9.93448258374402e-19,1.3117231745241e-09,-2.47994922375483e-08
5.86667823791504,-1.8164283960781e-19,-8.24705637114675e-09,1.56377566895571e-07
5.88334512710571,-8.13326578063683e-19,-6.93271973162268e-09,1.31449468199207e-07
5.90001201629639,9.93421064811764e-19,1.31171107309314e-09,-2.4799263087516e-08
5.9166784286499,-1.81585066211902e-19,-8.24711854363613e-09,1.56378746396513e-07
5.93334531784058,-8.13257405084959e-19,-6.93265311824121e-09,1.31448203433138e-07
5.95001173019409,9.93440089965853e-19,1.31169897166217e-09,-2.47990339374837e-08
5.96667861938477,-1.81472246531168e-19,-8.24718071612551e-09,1.56379940108309e-07
5.98334550857544,-8.13231659088393e-19,-6.93258606077052e-09,1.31446938667068e-07
6.00001192092896,9.93473073792779e-19,1.3116868702312e-09,-2.47988047874514e-08
6.01667881011963,-1.8153719313395e-19,-8.24724288861489e-09,1.5638111960925e-07
6.03334522247314,-8.13214081500376e-19,-6.93251944738904e-09,1.31445673900998e-07
6.05001211166382,9.9381449259061e-19,1.31167476880023e-09,-2.47985738610623e-08
6.06667900085449,-1.81630457748016e-19,-8.24730506110427e-09,1.56382299110192e-07
6.08334541320801,-8.1337791496045e-19,-6.93245238991835e-09,1.31444409134929e-07
6.10001230239868,9.93492305742021e-19,1.31166266736926e-09,-2.479834471103e-08
6.1166787147522,-1.81632280130303e-19,-8.24736812177207e-09,1.56383478611133e-07
6.13334560394287,-8.13394923861795e-19,-6.93238577653688e-09,1.31443144368859e-07
6.15001249313354,9.93560031154673e-19,1.31165056593829e-09,-2.47981155609978e-08
6.16667890548706,-1.8168449590647e-19,-8.24743029426145e-09,1.56384658112074e-07
6.18334579467773,-8.13117456465072e-19,-6.9323191631554e-09,1.31441879602789e-07
6.20001220703125,9.93520636678001e-19,1.31163835348502e-09,-2.47978846346086e-08
6.21667909622192,-1.81616641246847e-19,-8.24749246675083e-09,1.5638585182387e-07
6.2333459854126,-8.13306363837464e-19,-6.93225210568471e-09,1.3144061483672e-07
6.25001239776611,9.93122969598516e-19,1.31162625205405e-09,-2.47976554845764e-08
6.26667928695679,-1.81693866311847e-19,-8.24755463924021e-09,1.56387031324812e-07
6.2833456993103,-8.13379000635004e-19,-6.93218549230323e-09,1.3143935007065e-07
6.30001258850098,9.93634477409803e-19,1.31161415062309e-09,-2.47974263345441e-08
6.31667947769165,-1.81706661761947e-19,-8.24761769990801e-09,1.56388210825753e-07
6.33334589004517,-8.13253682772202e-19,-6.93211843483255e-09,1.3143808530458e-07
6.35001277923584,9.93547933638215e-19,1.31160204919212e-09,-2.47971971845118e-08
6.36667919158936,-1.81818744734948e-19,-8.24767987239738e-09,1.56389390326694e-07
6.38334608078003,-8.13317220583004e-19,-6.93205182145107e-09,1.31436806327656e-07
6.4000129699707,9.93642128830469e-19,1.31158994776115e-09,-2.47969662581227e-08
6.41667938232422,-1.81791189280792e-19,-8.24774204488676e-09,1.56390569827636e-07
6.43334627151489,-8.1334022654379e-19,-6.93198520806959e-09,1.31435541561586e-07
6.45001268386841,9.93451670494429e-19,1.31157784633018e-09,-2.47967371080904e-08
6.46667957305908,-1.81852297248545e-19,-8.24780421737614e-09,1.56391763539432e-07
6.48334646224976,-8.13320891196972e-19,-6.9319181505989e-09,1.31434276795517e-07
6.50001287460327,9.93258420423821e-19,1.31156574489921e-09,-2.47965061817013e-08
6.51667976379395,-1.81921056636963e-19,-8.24786727804394e-09,1.56392943040373e-07
6.53334617614746,-8.13581918379021e-19,-6.93185153721743e-09,1.31433012029447e-07
6.55001306533813,9.93476589310382e-19,1.31155364346824e-09,-2.4796277031669e-08
6.56667995452881,-1.81880925452557e-19,-8.24792945053332e-09,1.56394122541315e-07
6.58334636688232,-8.13250374049752e-19,-6.93178447974674e-09,1.31431747263377e-07
6.600013256073,9.93332659883798e-19,1.31154154203728e-09,-2.47960478816367e-08
6.61667966842651,-1.81960321866665e-19,-8.2479916230227e-09,1.56395302042256e-07
6.63334655761719,-8.13558550526716e-19,-6.93171786636526e-09,1.31430482497308e-07
6.65001344680786,9.93251079195885e-19,1.311529329584e-09,-2.47958169552476e-08
6.66667985916138,-1.81993667585109e-19,-8.24805379551208e-09,1.56396481543197e-07
6.68334674835205,-8.13436644783941e-19,-6.93165125298378e-09,1.31429217731238e-07
6.70001363754272,9.93462630637545e-19,1.31151722815304e-09,-2.47955878052153e-08
6.71668004989624,-1.82052268161629e-19,-8.24811596800146e-09,1.56397661044139e-07
6.73334693908691,-8.13260558711044e-19,-6.9315841955131e-09,1.31427952965169e-07
6.75001335144043,9.93083575121843e-19,1.31150512672207e-09,-2.4795358655183e-08
6.7666802406311,-1.82029288050237e-19,-8.24817902866926e-09,1.56398854755935e-07
6.78334712982178,-8.13495012715914e-19,-6.93151758213162e-09,1.31426688199099e-07
6.80001354217529,9.93268656783902e-19,1.3114930252911e-09,-2.47951277287939e-08
6.81668043136597,-1.82092153776791e-19,-8.24824120115863e-09,1.56400034256876e-07
6.83334684371948,-8.13444141108242e-19,-6.93145096875014e-09,1.31425423433029e-07
6.85001373291016,9.93527357520478e-19,1.31148092386013e-09,-2.47948985787616e-08
6.86668062210083,-1.8203108458313e-19,-8.24830337364801e-09,1.56401213757817e-07
6.88334703445435,-8.13280928033628e-19,-6.93138391127945e-09,1.3142415866696e-07
6.90001392364502,9.93487652851075e-19,1.31146882242916e-09,-2.47946676523725e-08
6.91668033599854,-1.82043027003223e-19,-8.24836554613739e-09,1.56402393258759e-07
6.93334722518921,-8.13353978421474e-19,-6.93131729789798e-09,1.3142289390089e-07
6.95001411437988,9.93377224239299e-19,1.31145660997589e-09,-2.47944385023402e-08
6.9666805267334,-1.82104639034162e-19,-8.24842860680519e-09,1.564035727597e-07
6.98334741592407,-8.13391253247827e-19,-6.93125024042729e-09,1.31421614923966e-07
7.00001382827759,9.93147371426586e-19,1.31144450854492e-09,-2.47942075759511e-08
7.01668071746826,-1.82144938239629e-19,-8.24849077929457e-09,1.56404766471496e-07
7.03334760665894,-8.13568631790432e-19,-6.93118362704581e-09,1.31420350157896e-07
7.05001401901245,9.93145096679901e-19,1.31143240711395e-09,-2.47939784259188e-08
7.06668090820312,-1.82190148829984e-19,-8.24855295178395e-09,1.56405945972438e-07
7.08334732055664,-8.13563461911603e-19,-6.93111701366433e-09,1.31419085391826e-07
7.10001420974731,9.93197105660916e-19,1.31142030568299e-09,-2.47937474995297e-08
7.11668109893799,-1.8226381960329e-19,-8.24861512427333e-09,1.56407125473379e-07
7.1333475112915,-8.13500130895955e-19,-6.93104995619365e-09,1.31417820625757e-07
7.15001440048218,9.93104771625039e-19,1.31140820425202e-09,-2.47935183494974e-08
7.16668081283569,-1.82247560334374e-19,-8.24867729676271e-09,1.5640830497432e-07
7.18334770202637,-8.13338882375295e-19,-6.93098334281217e-09,1.31416555859687e-07
7.20001459121704,9.93038700573612e-19,1.31139599179875e-09,-2.47932891994651e-08
7.21668100357056,-1.82272233581083e-19,-8.24874035743051e-09,1.56409484475262e-07
7.23334789276123,-8.13259421337702e-19,-6.93091628534148e-09,1.31415291093617e-07
7.25001430511475,9.93248287461317e-19,1.31138389036778e-09,-2.4793058273076e-08
7.26668119430542,-1.82212301760764e-19,-8.24880252991989e-09,1.56410663976203e-07
7.28334808349609,-8.13371142419185e-19,-6.93084967196e-09,1.31414026327548e-07
7.30001449584961,9.93507608583353e-19,1.31137178893681e-09,-2.47928291230437e-08
7.31668138504028,-1.82156441220023e-19,-8.24886470240926e-09,1.56411857687999e-07
7.3333477973938,-8.13187560021986e-19,-6.93078305857853e-09,1.31412761561478e-07
7.35001468658447,9.93376810648993e-19,1.31135968750584e-09,-2.47925981966546e-08
7.36668157577515,-1.82185082348732e-19,-8.24892687489864e-09,1.56413037188941e-07
7.38334798812866,-8.13179546709802e-19,-6.93071600110784e-09,1.31411496795408e-07
7.40001487731934,9.93506884800317e-19,1.31134747505257e-09,-2.47923672702655e-08
7.41668128967285,-1.8232475954998e-19,-8.24898993556644e-09,1.56414216689882e-07
7.43334817886353,-8.13258283964359e-19,-6.93064938772636e-09,1.31410232029339e-07
7.4500150680542,9.92978523184049e-19,1.3113353736216e-09,-2.47921381202332e-08
7.46668148040771,-1.82235023378215e-19,-8.24905210805582e-09,1.56415396190823e-07
7.48334836959839,-8.13482605006726e-19,-6.93058233025567e-09,1.31408967263269e-07
7.5000147819519,9.93367815059831e-19,1.31132327219063e-09,-2.47919071938441e-08
7.51668167114258,-1.8236681651425e-19,-8.2491142805452e-09,1.56416575691765e-07
7.53334856033325,-8.13372848479198e-19,-6.9305157168742e-09,1.31407702497199e-07
7.55001497268677,9.93289336299215e-19,1.31131105973736e-09,-2.47916780438118e-08
7.56668186187744,-1.82459577065129e-19,-8.24917645303458e-09,1.56417769403561e-07
7.58334827423096,-8.13415189786803e-19,-6.93044865940351e-09,1.31406423520275e-07
7.60001516342163,9.93252940352263e-19,1.31129895830639e-09,-2.47914471174226e-08
7.6166820526123,-1.82495572346472e-19,-8.24923862552396e-09,1.56418948904502e-07
7.63334846496582,-8.13592361534254e-19,-6.93038204602203e-09,1.31405158754205e-07
7.65001535415649,9.93447844784096e-19,1.31128685687543e-09,-2.47912179673904e-08
7.66668176651001,-1.82489420190667e-19,-8.24930168619176e-09,1.56420128405443e-07
7.68334865570068,-8.1343757536213e-19,-6.93031543264055e-09,1.31403893988136e-07
7.70001554489136,9.93294195985314e-19,1.31127464442216e-09,-2.47909870410012e-08
7.71668195724487,-1.82450051563388e-19,-8.24936385868114e-09,1.56421307906385e-07
7.73334884643555,-8.13354340312992e-19,-6.93024837516987e-09,1.31402629222066e-07
7.75001573562622,9.93263693700226e-19,1.31126254299119e-09,-2.47907561146121e-08
7.76668214797974,-1.8241443109826e-19,-8.24942603117051e-09,1.56422487407326e-07
7.78334903717041,-8.13237604449046e-19,-6.93018176178839e-09,1.31401364455996e-07
7.80001544952393,9.93251906376497e-19,1.31125044156022e-09,-2.47905269645798e-08
7.8166823387146,-1.82362861556946e-19,-8.24948820365989e-09,1.56423666908267e-07
7.83334922790527,-8.13264229325012e-19,-6.9301147043177e-09,1.31400099689927e-07
7.85001564025879,9.93189867830556e-19,1.31123822910695e-09,-2.47902960381907e-08
7.86668252944946,-1.82428144201852e-19,-8.24955126432769e-09,1.56424860620064e-07
7.88334894180298,-8.13315669619355e-19,-6.93004809093622e-09,1.31398834923857e-07
7.90001583099365,9.93113250226318e-19,1.31122612767598e-09,-2.47900668881584e-08
7.91668272018433,-1.82399050708745e-19,-8.24961343681707e-09,1.56426040121005e-07
7.93334913253784,-8.13236828967221e-19,-6.92998147755475e-09,1.31397570157787e-07
7.95001602172852,9.93156780606054e-19,1.31121402624501e-09,-2.47898359617693e-08
7.96668243408203,-1.82559123081971e-19,-8.24967560930645e-09,1.56427219621946e-07
7.98334932327271,-8.13366334431874e-19,-6.92991442008406e-09,1.31396305391718e-07
8.00001621246338,9.93411965825026e-19,1.31120181379174e-09,-2.47896050353802e-08
8.01668262481689,-1.82481342254997e-19,-8.24973778179583e-09,1.56428399122888e-07
8.03334903717041,-8.13374140948905e-19,-6.92984780670258e-09,1.31395040625648e-07
8.05001640319824,9.9335819908521e-19,1.31118971236077e-09,-2.47893758853479e-08
8.06668281555176,-1.82598737278494e-19,-8.24979995428521e-09,1.56429578623829e-07
8.08334922790527,-8.1319257480445e-19,-6.9297807492319e-09,1.31393775859578e-07
8.10001659393311,9.93228228331463e-19,1.3111776109298e-09,-2.47891449589588e-08
8.11668300628662,-1.82509957534313e-19,-8.24986301495301e-09,1.5643075812477e-07
8.13334941864014,-8.13259369638913e-19,-6.92971413585042e-09,1.31392496882654e-07
8.15001583099365,9.93420651221458e-19,1.31116539847653e-09,-2.47889140325697e-08
8.16668319702148,-1.82607319277349e-19,-8.24992518744239e-09,1.56431951836566e-07
8.183349609375,-8.13239569003e-19,-6.92964707837973e-09,1.31391232116584e-07
8.20001602172852,9.93299469261719e-19,1.31115329704556e-09,-2.47886848825374e-08
8.21668338775635,-1.82560001961372e-19,-8.24998735993177e-09,1.56433131337508e-07
8.23334980010986,-8.13330765665534e-19,-6.92958046499825e-09,1.31389967350515e-07
8.25001621246338,9.93379809178713e-19,1.31114108459229e-09,-2.47884539561483e-08
8.26668357849121,-1.82586252021124e-19,-8.25004953242114e-09,1.56434310838449e-07
8.28334999084473,-8.13401334511543e-19,-6.92951385161678e-09,1.31388702584445e-07
8.30001640319824,9.93135170512551e-19,1.31112898316132e-09,-2.47882230297591e-08
8.31668376922607,-1.82681752607782e-19,-8.25011170491052e-09,1.56435490339391e-07
8.33335018157959,-8.13410071606763e-19,-6.92944679414609e-09,1.31387437818375e-07
8.35001659393311,9.93347445737247e-19,1.31111677070805e-09,-2.478799210337e-08
8.36668300628662,-1.82593748345425e-19,-8.25017476557832e-09,1.56436669840332e-07
8.38335037231445,-8.13486637512212e-19,-6.92938018076461e-09,1.31386173052306e-07
8.40001678466797,9.93513398847641e-19,1.31110466927709e-09,-2.47877629533377e-08
8.41668319702148,-1.8261009808722e-19,-8.2502369380677e-09,1.56437849341273e-07
8.43335056304932,-8.13266865963215e-19,-6.92931312329392e-09,1.31384908286236e-07
8.45001697540283,9.93698790702429e-19,1.31109256784612e-09,-2.47875320269486e-08
8.46668338775635,-1.82719363476259e-19,-8.25029911055708e-09,1.56439043053069e-07
8.48335075378418,-8.13175204011586e-19,-6.92924650991245e-09,1.31383643520167e-07
8.5000171661377,9.93357268507021e-19,1.31108035539285e-09,-2.47873011005595e-08
8.51668357849121,-1.82539283671967e-19,-8.25036128304646e-09,1.56440222554011e-07
8.53334999084473,-8.13353823325109e-19,-6.92917989653097e-09,1.31382378754097e-07
8.55001735687256,9.93370710191975e-19,1.31106825396188e-09,-2.47870701741704e-08
8.56668376922607,-1.82691420281191e-19,-8.25042345553584e-09,1.56441402054952e-07
8.58335018157959,-8.13293594236758e-19,-6.92911283906028e-09,1.31381113988027e-07
8.60001754760742,9.93485481501967e-19,1.31105604150861e-09,-2.47868410241381e-08
8.61668395996094,-1.82694612681368e-19,-8.25048651620364e-09,1.56442581555893e-07
8.63335037231445,-8.13149613111385e-19,-6.9290462256788e-09,1.31379849221958e-07
8.65001773834229,9.93382187322974e-19,1.31104394007764e-09,-2.4786610097749e-08
8.6666841506958,-1.82747254972539e-19,-8.25054868869302e-09,1.56443761056835e-07
8.68335056304932,-8.13170292626699e-19,-6.92897916820812e-09,1.31378570245033e-07
8.70001697540283,9.93284269817964e-19,1.31103172762437e-09,-2.47863791713598e-08
8.71668434143066,-1.82761510913408e-19,-8.25061086118239e-09,1.56444940557776e-07
8.73335075378418,-8.13041200752352e-19,-6.92891255482664e-09,1.31377305478964e-07
8.7500171661377,9.93263486905073e-19,1.3110196261934e-09,-2.47861482449707e-08
8.76668453216553,-1.82816402101869e-19,-8.25067303367177e-09,1.56446120058717e-07
8.78335094451904,-8.13206585176075e-19,-6.92884549735595e-09,1.31376040712894e-07
8.80001735687256,9.93387047009073e-19,1.31100741374013e-09,-2.47859173185816e-08
8.81668472290039,-1.82786765771485e-19,-8.25073520616115e-09,1.56447313770514e-07
8.83335113525391,-8.13268727119593e-19,-6.92877888397447e-09,1.31374775946824e-07
8.85001754760742,9.93004579373344e-19,1.31099531230916e-09,-2.47856881685493e-08
8.86668395996094,-1.82788148714072e-19,-8.25079826682895e-09,1.56448493271455e-07
8.88335132598877,-8.1333903747166e-19,-6.928712270593e-09,1.31373511180755e-07
8.90001773834229,9.93308671646034e-19,1.31098309985589e-09,-2.47854572421602e-08
8.9166841506958,-1.82813597442605e-19,-8.25086043931833e-09,1.56449672772396e-07
8.93335151672363,-8.13314066956918e-19,-6.92864521312231e-09,1.31372246414685e-07
8.95001792907715,9.93284166420387e-19,1.31097099842492e-09,-2.47852263157711e-08
8.96668434143066,-1.82815755867016e-19,-8.25092261180771e-09,1.56450852273338e-07
8.9833517074585,-8.13253269181896e-19,-6.92857859974083e-09,1.31370981648615e-07
9.00001811981201,9.93394801827316e-19,1.31095878597165e-09,-2.47849953893819e-08
9.01668453216553,-1.82797312324295e-19,-8.25098478429709e-09,1.56452031774279e-07
9.03335094451904,-8.1345566993803e-19,-6.92851154227014e-09,1.31369716882546e-07
9.05001831054688,9.93545865686683e-19,1.31094657351838e-09,-2.47847644629928e-08
9.06668472290039,-1.82768412701644e-19,-8.25104695678647e-09,1.5645321127522e-07
9.08335113525391,-8.13063327833738e-19,-6.92844492888867e-09,1.31368452116476e-07
9.10001850128174,9.93250045220119e-19,1.31093447208741e-09,-2.47845335366037e-08
9.11668491363525,-1.82831200880016e-19,-8.25111001745427e-09,1.56454404987016e-07
9.13335132598877,-8.13113940947469e-19,-6.92837787141798e-09,1.31367187350406e-07
9.1500186920166,9.93420651221458e-19,1.31092225963414e-09,-2.47843043865714e-08
9.16668510437012,-1.82926869487736e-19,-8.25117218994365e-09,1.56455584487958e-07
9.18335151672363,-8.13346637193538e-19,-6.9283112580365e-09,1.31365908373482e-07
9.20001792907715,9.9333348706441e-19,1.31091015820317e-09,-2.47840734601823e-08
9.21668529510498,-1.82865024812251e-19,-8.25123436243302e-09,1.56456763988899e-07
9.2333517074585,-8.1334053673652e-19,-6.92824420056581e-09,1.31364643607412e-07
9.25001811981201,9.92926410805458e-19,1.3108979457499e-09,-2.47838425337932e-08
9.26668548583984,-1.82912665245655e-19,-8.2512965349224e-09,1.56457943489841e-07
9.28335189819336,-8.13322855750927e-19,-6.92817758718434e-09,1.31363378841343e-07
9.30001831054688,9.93176736338332e-19,1.31088584431893e-09,-2.47836116074041e-08
9.31668567657471,-1.82944524623936e-19,-8.25135870741178e-09,1.56459122990782e-07
9.33335208892822,-8.13349790819623e-19,-6.92811097380286e-09,1.31362114075273e-07
9.35001850128174,9.93167947544323e-19,1.31087363186566e-09,-2.47833806810149e-08
9.36668586730957,-1.82828758112269e-19,-8.25142176807958e-09,1.56460302491723e-07
9.38335227966309,-8.13046422329969e-19,-6.92804391633217e-09,1.31360849309203e-07
9.4000186920166,9.93167844146747e-19,1.31086141941239e-09,-2.47831497546258e-08
9.41668510437012,-1.83054617193588e-19,-8.25148394056896e-09,1.56461481992665e-07
9.43335247039795,-8.13240602978766e-19,-6.92797730295069e-09,1.31359584543134e-07
9.45001888275146,9.93457460758717e-19,1.31084931798142e-09,-2.47829188282367e-08
9.46668529510498,-1.82869716477288e-19,-8.25154611305834e-09,1.56462675704461e-07
9.48335266113281,-8.12763681656841e-19,-6.92791024548001e-09,1.31358319777064e-07
9.50001907348633,9.93396145995811e-19,1.31083710552815e-09,-2.47826879018476e-08
9.51668548583984,-1.82841527712976e-19,-8.25160828554772e-09,1.56463855205402e-07
9.53335285186768,-8.13255078639486e-19,-6.92784363209853e-09,1.31357055010994e-07
9.55001926422119,9.93384358672082e-19,1.31082500409718e-09,-2.47824569754584e-08
9.56668567657471,-1.82920122795865e-19,-8.2516704580371e-09,1.56465034706343e-07
9.58335208892822,-8.13166983904249e-19,-6.92777657462784e-09,1.31355790244925e-07
9.60001945495605,9.93401832862523e-19,1.31081279164391e-09,-2.47822260490693e-08
9.61668586730957,-1.8293347400794e-19,-8.2517335187049e-09,1.56466214207285e-07
9.63335227966309,-8.13019900851579e-19,-6.92770996124636e-09,1.31354511268e-07
9.65001964569092,9.93281271288243e-19,1.31080057919064e-09,-2.47819951226802e-08
9.66668605804443,-1.82949965921403e-19,-8.25179569119427e-09,1.56467393708226e-07
9.68335247039795,-8.12969029243907e-19,-6.92764334786489e-09,1.31353246501931e-07
9.70001983642578,9.93297401310188e-19,1.31078847775967e-09,-2.47817641962911e-08
9.7166862487793,-1.82993961590233e-19,-8.25185786368365e-09,1.56468573209168e-07
9.73335266113281,-8.13041976234177e-19,-6.9275762903942e-09,1.31351981735861e-07
9.75001907348633,9.93246633100092e-19,1.3107762653064e-09,-2.4781533269902e-08
9.76668643951416,-1.83082340668805e-19,-8.25192003617303e-09,1.56469752710109e-07
9.78335285186768,-8.12986296639194e-19,-6.92750967701272e-09,1.31350716969791e-07
9.80001926422119,9.93200724576096e-19,1.31076405285313e-09,-2.47813023435128e-08
9.81668663024902,-1.82941732889368e-19,-8.25198220866241e-09,1.56470946421905e-07
9.83335304260254,-8.12951865246197e-19,-6.92744261954203e-09,1.31349452203722e-07
9.85001945495605,9.93431404569421e-19,1.31075195142216e-09,-2.47810714171237e-08
9.86668682098389,-1.83031805103257e-19,-8.25204438115179e-09,1.56472125922846e-07
9.8833532333374,-8.13119059127509e-19,-6.92737600616056e-09,1.31348187437652e-07
9.90001964569092,9.93538524458747e-19,1.31073973896889e-09,-2.47808404907346e-08
9.91668605804443,-1.83110167541599e-19,-8.25210744181959e-09,1.56473305423788e-07
9.93335342407227,-8.13150595388363e-19,-6.92730894868987e-09,1.31346922671582e-07
9.95001983642578,9.93413620186251e-19,1.31072752651562e-09,-2.47806095643455e-08
9.9666862487793,-1.83117521694233e-19,-8.25216961430897e-09,1.56474484924729e-07
9.98335361480713,-8.13320374209089e-19,-6.92724233530839e-09,1.31345657905513e-07
10.0000200271606,9.93517741545857e-19,1.31071531406235e-09,-2.47803786379563e-08
10.0166864395142,-1.83157355610606e-19,-8.25223178679835e-09,1.5647566442567e-07
10.033353805542,-8.13137825787656e-19,-6.9271752778377e-09,1.31344393139443e-07
10.0500202178955,9.93354786965184e-19,1.31070321263138e-09,-2.47801477115672e-08
10.066686630249,-1.8321850235245e-19,-8.25229395928773e-09,1.56476843926612e-07
10.0833530426025,-8.13014834370327e-19,-6.92710866445623e-09,1.31343114162519e-07
10.1000204086304,9.93461389866626e-19,1.31069100017811e-09,-2.47799167851781e-08
10.1166868209839,-1.83266711472525e-19,-8.25235613177711e-09,1.56478023427553e-07
10.1333532333374,-8.13268261830498e-19,-6.92704160698554e-09,1.31341849396449e-07
10.1500205993652,9.92947710706231e-19,1.31067878772484e-09,-2.4779685858789e-08
10.1666870117188,-1.83298764721261e-19,-8.2524191924449e-09,1.56479202928494e-07
10.1833534240723,-8.1324861629095e-19,-6.92697499360406e-09,1.31340584630379e-07
10.2000207901001,9.93462527239969e-19,1.31066657527157e-09,-2.47794549323999e-08
10.2166872024536,-1.83262691891736e-19,-8.25248136493428e-09,1.56480396640291e-07
10.2333536148071,-8.1324561776123e-19,-6.92690838022259e-09,1.3133931986431e-07
10.2500200271606,9.93154402461793e-19,1.3106544738406e-09,-2.47792240060107e-08
10.2666873931885,-1.8326602646358e-19,-8.25254353742366e-09,1.56481576141232e-07
10.283353805542,-8.13168276373956e-19,-6.9268413227519e-09,1.3133805509824e-07
10.3000202178955,9.93277859168216e-19,1.31064226138733e-09,-2.47789913032648e-08
10.3166875839233,-1.83276456694117e-19,-8.25260570991304e-09,1.56482755642173e-07
10.3333539962769,-8.13235122907208e-19,-6.92677470937042e-09,1.3133679033217e-07
10.3500204086304,9.93364092747075e-19,1.31063004893406e-09,-2.47787603768757e-08
10.3666877746582,-1.83400727656456e-19,-8.25266788240242e-09,1.56483935143115e-07
10.3833541870117,-8.13250374049752e-19,-6.92670765189973e-09,1.31335525566101e-07
10.4000205993652,9.93162053882459e-19,1.31061783648079e-09,-2.47785294504865e-08
10.4166879653931,-1.83265845517821e-19,-8.2527300548918e-09,1.56485114644056e-07
10.4333543777466,-8.13041200752352e-19,-6.92664103851826e-09,1.31334260800031e-07
10.4500207901001,9.93242703992183e-19,1.31060573504982e-09,-2.47782985240974e-08
10.4666872024536,-1.83336065397009e-19,-8.2527931155596e-09,1.56486294144997e-07
10.4833545684814,-8.13026569995268e-19,-6.92657398104757e-09,1.31332996033962e-07
10.500020980835,9.93453945241113e-19,1.31059352259655e-09,-2.47780675977083e-08
10.5166873931885,-1.83324911383436e-19,-8.25285528804898e-09,1.56487473645939e-07
10.5333547592163,-8.12948039535864e-19,-6.92650736766609e-09,1.31331717057037e-07
10.5500211715698,9.93217371585923e-19,1.31058131014328e-09,-2.47778366713192e-08
10.5666875839233,-1.8335569801186e-19,-8.25291746053836e-09,1.56488667357735e-07
10.5833549499512,-8.13192057816567e-19,-6.9264403101954e-09,1.31330452290968e-07
10.6000213623047,9.93349203496049e-19,1.31056909769001e-09,-2.477760574493e-08
10.6166877746582,-1.83392210281086e-19,-8.25297963302773e-09,1.56489846858676e-07
10.6333541870117,-8.1305060993182e-19,-6.92637369681393e-09,1.31329187524898e-07
10.6500215530396,9.93361404410084e-19,1.31055688523674e-09,-2.47773730421841e-08
10.6666879653931,-1.83504086458934e-19,-8.25304180551711e-09,1.56491026359618e-07
10.6833543777466,-8.13263764035918e-19,-6.92630663934324e-09,1.31327922758828e-07
10.7000217437744,9.93138789427731e-19,1.31054478380577e-09,-2.4777142115795e-08
10.7166881561279,-1.83469034680477e-19,-8.25310486618491e-09,1.56492205860559e-07
10.7333545684814,-8.13102257021317e-19,-6.92624002596176e-09,1.31326657992759e-07
10.7500219345093,9.93513502245217e-19,1.3105325713525e-09,-2.47769111894058e-08
10.7666883468628,-1.83493565755518e-19,-8.25316703867429e-09,1.564933853615e-07
10.7833547592163,-8.13140669221012e-19,-6.92617341258028e-09,1.31325393226689e-07
10.8000211715698,9.93144476294442e-19,1.31052035889923e-09,-2.47766802630167e-08
10.8166885375977,-1.83470482246549e-19,-8.25322921116367e-09,1.56494564862442e-07
10.8333549499512,-8.13013748695773e-19,-6.9261063551096e-09,1.31324128460619e-07
10.8500213623047,9.9338353149147e-19,1.31050814644595e-09,-2.47764493366276e-08
10.8666887283325,-1.8353794916526e-19,-8.25329138365305e-09,1.56495744363383e-07
10.883355140686,-8.13074236278066e-19,-6.92603974172812e-09,1.3132286369455e-07
10.9000215530396,9.93231743849066e-19,1.31049593399268e-09,-2.47762166338816e-08
10.9166889190674,-1.83607225541561e-19,-8.25335355614243e-09,1.56496923864324e-07
10.9333553314209,-8.13233003256888e-19,-6.92597268425743e-09,1.3132159892848e-07
10.9500217437744,9.93269380566938e-19,1.31048372153941e-09,-2.47759857074925e-08
10.9666881561279,-1.83631795390693e-19,-8.25341572863181e-09,1.56498103365266e-07
10.9833555221558,-8.13150440291998e-19,-6.92590607087595e-09,1.31320319951556e-07
11.0000219345093,9.93320148777033e-19,1.31047150908614e-09,-2.47757547811034e-08
11.0166883468628,-1.8364469423837e-19,-8.25347878929961e-09,1.56499297077062e-07
11.0333557128906,-8.13096466757029e-19,-6.92583901340527e-09,1.31319055185486e-07
11.0500221252441,9.92934579214007e-19,1.31045929663287e-09,-2.47755238547143e-08
11.0666885375977,-1.83634302781925e-19,-8.25354096178899e-09,1.56500476578003e-07
11.0833559036255,-8.1315157766534e-19,-6.92577240002379e-09,1.31317790419416e-07
11.100022315979,9.93207031828266e-19,1.3104471952019e-09,-2.47752911519683e-08
11.1166887283325,-1.83753584811195e-19,-8.25360313427836e-09,1.56501656078945e-07
11.133355140686,-8.13192057816567e-19,-6.9257053425531e-09,1.31316525653347e-07
11.1500225067139,9.93255318496524e-19,1.31043498274863e-09,-2.47750602255792e-08
11.1666889190674,-1.83766561207054e-19,-8.25366530676774e-09,1.56502835579886e-07
11.1833553314209,-8.13351600277213e-19,-6.92563872917162e-09,1.31315260887277e-07
11.2000226974487,9.93279513529441e-19,1.31042277029536e-09,-2.47748292991901e-08
11.2166891098022,-1.83834545113648e-19,-8.25372747925712e-09,1.56504015080827e-07
11.2333555221558,-8.13151732761705e-19,-6.92557167170094e-09,1.31313996121207e-07
11.2500228881836,9.93296263936846e-19,1.31041055784209e-09,-2.47745965964441e-08
11.2666893005371,-1.83861506031739e-19,-8.2537896517465e-09,1.56505194581769e-07
11.2833557128906,-8.13150233496845e-19,-6.92550505831946e-09,1.31312731355138e-07
11.3000221252441,9.93214579851356e-19,1.31039834538882e-09,-2.4774365670055e-08
11.316689491272,-1.83755523515756e-19,-8.2538527124143e-09,1.5650637408271e-07
11.3333559036255,-8.13142685473755e-19,-6.92543800084877e-09,1.31311466589068e-07
11.350022315979,9.93200517780943e-19,1.31038613293555e-09,-2.47741347436659e-08
11.3666896820068,-1.83857861267165e-19,-8.25391488490368e-09,1.56507553583651e-07
11.3833560943604,-8.13234192329019e-19,-6.92537138746729e-09,1.31310187612144e-07
11.4000225067139,9.92939749092835e-19,1.31037392048228e-09,-2.47739038172767e-08
11.4166898727417,-1.83791828989828e-19,-8.25397705739306e-09,1.56508747295447e-07
11.4333562850952,-8.13161038543596e-19,-6.92530432999661e-09,1.31308922846074e-07
11.4500226974487,9.93176115952872e-19,1.31036170802901e-09,-2.47736711145308e-08
11.4666900634766,-1.83726701441287e-19,-8.25403922988244e-09,1.56509926796389e-07
11.4833564758301,-8.12910971504664e-19,-6.92523771661513e-09,1.31307658080004e-07
11.5000228881836,9.93396145995811e-19,1.31034949557574e-09,-2.47734401881416e-08
11.5166893005371,-1.83705000874904e-19,-8.25410140237182e-09,1.5651110629733e-07
11.5333566665649,-8.13178822926766e-19,-6.92517110323365e-09,1.31306393313935e-07
11.5500230789185,9.93382290720551e-19,1.31033728312246e-09,-2.47732074853957e-08
11.566689491272,-1.83779020615031e-19,-8.2541635748612e-09,1.56512285798271e-07
11.5833568572998,-8.13140462425859e-19,-6.92510404576296e-09,1.31305128547865e-07
11.6000232696533,9.93099291553481e-19,1.31032507066919e-09,-2.47729765590066e-08
11.6166896820068,-1.83720665607755e-19,-8.25422663552899e-09,1.56513465299213e-07
11.6333570480347,-8.12930668743e-19,-6.92503743238149e-09,1.31303863781795e-07
11.6500234603882,9.9331932159642e-19,1.31031285821592e-09,-2.47727456326174e-08
11.6666898727417,-1.83811396981194e-19,-8.25428880801837e-09,1.56514644800154e-07
11.6833562850952,-8.1286046178851e-19,-6.9249703749108e-09,1.31302599015726e-07
11.700023651123,9.93504403258479e-19,1.31030064576265e-09,-2.47725129298715e-08
11.7166900634766,-1.83859076188689e-19,-8.25435098050775e-09,1.56515824301096e-07
11.7333564758301,-8.12997670372617e-19,-6.92490376152932e-09,1.31301334249656e-07
11.7500238418579,9.93189971228132e-19,1.31028843330938e-09,-2.47722820034824e-08
11.7666902542114,-1.83670298063268e-19,-8.25441315299713e-09,1.56517003802037e-07
11.7833566665649,-8.12613341580509e-19,-6.92483670405863e-09,1.31300055272732e-07
11.8000240325928,9.93523014822262e-19,1.31027622085611e-09,-2.47720493007364e-08
11.8166904449463,-1.83743387225206e-19,-8.25447532548651e-09,1.56518183302978e-07
11.8333568572998,-8.12785963834592e-19,-6.92477009067716e-09,1.31298790506662e-07
11.8500232696533,9.9328830232345e-19,1.31026400840284e-09,-2.47718183743473e-08
11.8666906356812,-1.83789580092538e-19,-8.25453749797589e-09,1.56519377014774e-07
11.8833570480347,-8.13133224595499e-19,-6.92470303320647e-09,1.31297525740592e-07
11.9000234603882,9.93135170512551e-19,1.31025179594957e-09,-2.47715874479582e-08
11.916690826416,-1.83862850200234e-19,-8.25460055864369e-09,1.56520556515716e-07
11.9333572387695,-8.12851828090866e-19,-6.92463641982499e-09,1.31296260974523e-07
11.950023651123,9.93240636040651e-19,1.3102395834963e-09,-2.47713547452122e-08
11.9666910171509,-1.83833937652886e-19,-8.25466273113307e-09,1.56521736016657e-07
11.9833574295044,-8.12929893261176e-19,-6.9245693623543e-09,1.31294996208453e-07
12.0000238418579,9.93193279950583e-19,1.31022737104303e-09,-2.47711238188231e-08
12.0166902542114,-1.83864142669941e-19,-8.25472490362245e-09,1.56522915517598e-07
12.0333576202393,-8.12941577187328e-19,-6.92450274897283e-09,1.31293731442383e-07
12.0500240325928,9.93220990501103e-19,1.31021515858976e-09,-2.47708911160771e-08
12.0666904449463,-1.83864375314489e-19,-8.25478707611182e-09,1.5652409501854e-07
12.0833578109741,-8.13175462505528e-19,-6.92443569150214e-09,1.31292466676314e-07
12.1000242233276,9.93337209377167e-19,1.31020294613649e-09,-2.4770660189688e-08
12.1166906356812,-1.83935512847168e-19,-8.2548492486012e-09,1.56525274519481e-07
12.133358001709,-8.12947470849193e-19,-6.92436907812066e-09,1.31291201910244e-07
12.1500244140625,9.93383738286623e-19,1.31019073368321e-09,-2.4770427486942e-08
12.166690826416,-1.83915673437164e-19,-8.25491142109058e-09,1.56526454020423e-07
12.1833572387695,-8.12973423640911e-19,-6.92430202064998e-09,1.3128992293332e-07
12.2000246047974,9.93217681778653e-19,1.31017852122994e-09,-2.47701965605529e-08
12.2166910171509,-1.83842106061435e-19,-8.25497359357996e-09,1.56527633521364e-07
12.2333574295044,-8.12938733753972e-19,-6.9242354072685e-09,1.3128865816725e-07
12.2500247955322,9.93184904746881e-19,1.31016630877667e-09,-2.47699638578069e-08
12.2666912078857,-1.83953193832762e-19,-8.25503665424776e-09,1.56528813022305e-07
12.2833576202393,-8.12757581199823e-19,-6.92416834979781e-09,1.3128739340118e-07
12.3000249862671,9.9351463961856e-19,1.3101540963234e-09,-2.47697329314178e-08
12.3166913986206,-1.83893339560625e-19,-8.25509882673714e-09,1.56529992523247e-07
12.3333578109741,-8.12775572378146e-19,-6.92410173641633e-09,1.31286128635111e-07
12.3500242233276,9.93110355094174e-19,1.31014177284783e-09,-2.47695002286719e-08
12.3666915893555,-1.83819655862623e-19,-8.25516099922652e-09,1.56531186235043e-07
12.383358001709,-8.12687994630792e-19,-6.92403467894565e-09,1.31284863869041e-07
12.4000244140625,9.9321778517623e-19,1.31012956039456e-09,-2.47692693022827e-08
12.4166917800903,-1.83909572980146e-19,-8.2552231717159e-09,1.56532365735984e-07
12.4333581924438,-8.12881865086859e-19,-6.92396806556417e-09,1.31283599102971e-07
12.4500246047974,9.93516190582208e-19,1.31011734794129e-09,-2.47690365995368e-08
12.4666919708252,-1.84037243137815e-19,-8.25528534420528e-09,1.56533545236925e-07
12.4833583831787,-8.12635106770377e-19,-6.92390100809348e-09,1.31282334336902e-07
12.5000247955322,9.93535215736297e-19,1.31010513548802e-09,-2.47688056731477e-08
12.5166921615601,-1.83978901055236e-19,-8.25534751669466e-09,1.56534724737867e-07
12.5333585739136,-8.12527676688322e-19,-6.923834394712e-09,1.31281055359977e-07
12.5500249862671,9.93376810648993e-19,1.31009292303474e-09,-2.47685729704017e-08
12.5666913986206,-1.83979004452813e-19,-8.25541057736245e-09,1.56535904238808e-07
12.5833587646484,-8.12801887061383e-19,-6.92376733724132e-09,1.31279790593908e-07
12.600025177002,9.93374949492615e-19,1.31008071058147e-09,-2.47683420440126e-08
12.6166915893555,-1.84026812907279e-19,-8.25547274985183e-09,1.5653708373975e-07
12.6333589553833,-8.12873283088004e-19,-6.92370072385984e-09,1.31278525827838e-07
12.6500253677368,9.9342540750998e-19,1.3100684981282e-09,-2.47681093412666e-08
12.6666917800903,-1.83981886660259e-19,-8.25553492234121e-09,1.56538263240691e-07
12.6833591461182,-8.12779501486056e-19,-6.92363366638915e-09,1.31277261061769e-07
12.7000255584717,9.93368642240444e-19,1.31005617465263e-09,-2.47678766385206e-08
12.7166919708252,-1.83989551005623e-19,-8.25559709483059e-09,1.56539442741632e-07
12.7333583831787,-8.12841281538056e-19,-6.92356705300767e-09,1.31275996295699e-07
12.7500257492065,9.93618967773318e-19,1.31004396219936e-09,-2.47676457121315e-08
12.7666921615601,-1.84094137654322e-19,-8.25565926731997e-09,1.56540622242574e-07
12.7833585739136,-8.13039598089916e-19,-6.92349999553699e-09,1.31274731529629e-07
12.8000259399414,9.93309292031493e-19,1.31003174974609e-09,-2.47674130093856e-08
12.8166923522949,-1.84088373239429e-19,-8.25572143980935e-09,1.56541801743515e-07
12.8333587646484,-8.12667004922749e-19,-6.92343338215551e-09,1.3127346676356e-07
12.8500261306763,9.93363265566462e-19,1.31001953729282e-09,-2.47671820829964e-08
12.8666925430298,-1.84005551780597e-19,-8.25578361229873e-09,1.56542995455311e-07
12.8833589553833,-8.12901252132466e-19,-6.92336632468482e-09,1.31272187786635e-07
12.9000253677368,9.93525909954406e-19,1.31000732483955e-09,-2.47669493802505e-08
12.9166927337646,-1.839441982436e-19,-8.25584667296653e-09,1.56544174956252e-07
12.9333591461182,-8.12488178814073e-19,-6.92329971130334e-09,1.31270923020566e-07
12.9500255584717,9.93515053208866e-19,1.30999500136397e-09,-2.47667166775045e-08
12.9666929244995,-1.83909831474088e-19,-8.25590884545591e-09,1.56545354457194e-07
12.983359336853,-8.12697558906625e-19,-6.92323265383266e-09,1.31269658254496e-07
13.0000257492065,9.93400281898874e-19,1.3099827889107e-09,-2.47664857511154e-08
13.0166931152344,-1.83912183768955e-19,-8.25597101794528e-09,1.56546533958135e-07
13.0333595275879,-8.12701488014535e-19,-6.92316604045118e-09,1.31268393488426e-07
13.0500259399414,9.93654433142081e-19,1.30997057645743e-09,-2.47662530483694e-08
13.0666923522949,-1.83900603240379e-19,-8.25603319043466e-09,1.56547713459076e-07
13.0833597183228,-8.12450231903472e-19,-6.92309898298049e-09,1.31267128722357e-07
13.1000261306763,9.93512778462181e-19,1.30995836400416e-09,-2.47660203456235e-08
13.1166925430298,-1.83888557422709e-19,-8.25609536292404e-09,1.56548892960018e-07
13.1333599090576,-8.12451420975602e-19,-6.92303236959901e-09,1.31265863956287e-07
13.1500263214111,9.93699928075771e-19,1.30994615155089e-09,-2.47657894192344e-08
13.1666927337646,-1.83897617635356e-19,-8.25615753541342e-09,1.56550072460959e-07
13.1833600997925,-8.1243761739913e-19,-6.92296531212833e-09,1.31264599190217e-07
13.200026512146,9.9394167160979e-19,1.30993382807532e-09,-2.47655567164884e-08
13.2166929244995,-1.83843928443722e-19,-8.2562197079028e-09,1.56551251961901e-07
13.233359336853,-8.1245752143262e-19,-6.92289869874685e-09,1.31263320213293e-07
13.2500267028809,9.93815423168799e-19,1.30992161562205e-09,-2.47653240137424e-08
13.2666931152344,-1.83835462767141e-19,-8.2562827685706e-09,1.56552431462842e-07
13.2833595275879,-8.12294411755582e-19,-6.92283164127616e-09,1.31262055447223e-07
13.3000268936157,9.93976826785824e-19,1.30990940316877e-09,-2.47650913109965e-08
13.3166933059692,-1.83913269443509e-19,-8.25634494105998e-09,1.56553610963783e-07
13.3333597183228,-8.12345283363254e-19,-6.92276502789468e-09,1.31260790681154e-07
13.3500270843506,9.9380032712262e-19,1.3098970796932e-09,-2.47648603846073e-08
13.3666934967041,-1.83869894160138e-19,-8.25640711354936e-09,1.56554790464725e-07
13.3833599090576,-8.12596332679164e-19,-6.922697970424e-09,1.31259525915084e-07
13.4000272750854,9.93579056308762e-19,1.30988486723993e-09,-2.47646276818614e-08
13.416693687439,-1.83822021082187e-19,-8.25646928603874e-09,1.56555969965666e-07
13.4333600997925,-8.12326930293413e-19,-6.92263135704252e-09,1.31258261149014e-07
13.450026512146,9.93827624082834e-19,1.30987265478666e-09,-2.47643949791154e-08
13.4666938781738,-1.83934633967767e-19,-8.25653145852812e-09,1.56557163677462e-07
13.4833602905273,-8.1246294980539e-19,-6.92256429957183e-09,1.31256996382945e-07
13.5000267028809,9.93694758196943e-19,1.30986044233339e-09,-2.47641640527263e-08
13.5166940689087,-1.83989654403199e-19,-8.25659363101749e-09,1.56558343178403e-07
13.5333604812622,-8.12718393518304e-19,-6.92249768619035e-09,1.31255731616875e-07
13.5500268936157,9.93848303598148e-19,1.30984811885781e-09,-2.47639313499803e-08
13.5666942596436,-1.84115347082216e-19,-8.25665580350687e-09,1.56559522679345e-07
13.5833606719971,-8.12449870011954e-19,-6.92243062871967e-09,1.31254452639951e-07
13.6000270843506,9.93418686667503e-19,1.30983590640454e-09,-2.47636986472344e-08
13.6166934967041,-1.84037191439027e-19,-8.25671886417467e-09,1.56560702180286e-07
13.6333608627319,-8.12486369356483e-19,-6.92236401533819e-09,1.31253187873881e-07
13.6500272750854,9.93538627856324e-19,1.30982369395127e-09,-2.47634659444884e-08
13.666693687439,-1.8409630900343e-19,-8.25678103666405e-09,1.56561881681228e-07
13.6833610534668,-8.1249128074137e-19,-6.9222969578675e-09,1.31251923107811e-07
13.7000274658203,9.93641611842586e-19,1.3098113704757e-09,-2.47632332417425e-08
13.7166938781738,-1.84101970020747e-19,-8.25684320915343e-09,1.56563061182169e-07
13.7333612442017,-8.1254008439751e-19,-6.92223034448602e-09,1.31250658341742e-07
13.7500276565552,9.93468834492139e-19,1.30979915802243e-09,-2.47630023153533e-08
13.7666940689087,-1.84202459540476e-19,-8.25690538164281e-09,1.5656424068311e-07
13.7833604812622,-8.12590542414876e-19,-6.92216328701534e-09,1.31249393575672e-07
13.80002784729,9.93554757878268e-19,1.30978694556916e-09,-2.47627696126074e-08
13.8166942596436,-1.84217490963169e-19,-8.25696755413219e-09,1.56565420184052e-07
13.8333606719971,-8.12486834645577e-19,-6.92209667363386e-09,1.31248128809602e-07
13.8500280380249,9.93596530499202e-19,1.30977462209358e-09,-2.47625369098614e-08
13.8666944503784,-1.84232367289498e-19,-8.25702972662157e-09,1.56566599684993e-07
13.8833608627319,-8.1246232941993e-19,-6.92202961616317e-09,1.31246864043533e-07
13.9000282287598,9.93600769799842e-19,1.30976240964031e-09,-2.47623042071154e-08
13.9166946411133,-1.84216366514524e-19,-8.25709189911095e-09,1.56567779185934e-07
13.9333610534668,-8.12466413624205e-19,-6.92196300278169e-09,1.31245585066608e-07
13.9500274658203,9.93649470058406e-19,1.30975008616474e-09,-2.47620715043695e-08
13.9666948318481,-1.84284014378994e-19,-8.25715407160033e-09,1.56568958686876e-07
13.9833612442017,-8.1253196768775e-19,-6.92189594531101e-09,1.31244320300539e-07
14.0000276565552,9.93551345758242e-19,1.30973787371147e-09,-2.47618388016235e-08
14.016695022583,-1.84397816336706e-19,-8.25721713226812e-09,1.56570138187817e-07
14.0333614349365,-8.12793511857681e-19,-6.92182933192953e-09,1.31243055534469e-07
14.05002784729,9.93457874349023e-19,1.3097256612582e-09,-2.47616078752344e-08
14.0666952133179,-1.84400750242941e-19,-8.2572793047575e-09,1.56571331899613e-07
14.0833616256714,-8.125295378447e-19,-6.92176227445884e-09,1.31241790768399e-07
14.1000280380249,9.93762483609596e-19,1.30971333778263e-09,-2.47613751724884e-08
14.1166944503784,-1.84441411339927e-19,-8.25734147724688e-09,1.56572511400555e-07
14.1333618164062,-8.12599796497979e-19,-6.92169566107737e-09,1.3124052600233e-07
14.1500282287598,9.93335038028059e-19,1.30970112532935e-09,-2.47611424697425e-08
14.1666946411133,-1.84389738401036e-19,-8.25740364973626e-09,1.56573690901496e-07
14.1833620071411,-8.12518112412489e-19,-6.92162860360668e-09,1.3123926123626e-07
14.2000284194946,9.93616382833904e-19,1.30968880185378e-09,-2.47609097669965e-08
14.2166948318481,-1.84550521632601e-19,-8.25746582222564e-09,1.56574870402437e-07
14.233362197876,-8.12623112651495e-19,-6.9215619902252e-09,1.3123799647019e-07
14.2500286102295,9.93212098309518e-19,1.30967658940051e-09,-2.47606770642506e-08
14.266695022583,-1.84459648087494e-19,-8.25752799471502e-09,1.56576049903379e-07
14.2833614349365,-8.12771488173872e-19,-6.92149493275451e-09,1.31236717493266e-07
14.3000288009644,9.93320872560069e-19,1.30966437694724e-09,-2.47604443615046e-08
14.3166952133179,-1.84475429142618e-19,-8.2575901672044e-09,1.5657722940432e-07
14.3333616256714,-8.12434825664563e-19,-6.92142831937304e-09,1.31235452727196e-07
14.3500289916992,9.93665806875504e-19,1.30965205347167e-09,-2.47602116587586e-08
14.3666954040527,-1.84542921910724e-19,-8.2576532278722e-09,1.56578408905261e-07
14.3833618164062,-8.12660904465731e-19,-6.92136126190235e-09,1.31234187961127e-07
14.4000291824341,9.93583399006978e-19,1.3096398410184e-09,-2.47599789560127e-08
14.4166955947876,-1.84468966794083e-19,-8.25771540036158e-09,1.56579588406203e-07
14.4333620071411,-8.12678688848901e-19,-6.92129464852087e-09,1.31232923195057e-07
14.4500293731689,9.93317150247312e-19,1.30962751754282e-09,-2.47597462532667e-08
14.4666957855225,-1.84609367778366e-19,-8.25777757285096e-09,1.56580767907144e-07
14.483362197876,-8.12455815372606e-19,-6.92122759105018e-09,1.31231658428987e-07
14.5000286102295,9.93597047487085e-19,1.30961530508955e-09,-2.47595135505208e-08
14.5166959762573,-1.84553933752628e-19,-8.25783974534033e-09,1.56581947408085e-07
14.5333623886108,-8.12652219069299e-19,-6.92116097766871e-09,1.31230393662918e-07
14.5500288009644,9.93520326485271e-19,1.30960298161398e-09,-2.47592808477748e-08
14.5666961669922,-1.8472112763394e-19,-8.25790191782971e-09,1.56583126909027e-07
14.5833625793457,-8.12463363395696e-19,-6.92109392019802e-09,1.31229114685993e-07
14.6000289916992,9.93424063341485e-19,1.30959076916071e-09,-2.47590481450288e-08
14.6166963577271,-1.84650998227632e-19,-8.25796409031909e-09,1.56584306409968e-07
14.6333627700806,-8.12558902756446e-19,-6.92102730681654e-09,1.31227849919924e-07
14.6500291824341,9.93457150565987e-19,1.30957844568513e-09,-2.47588172186397e-08
14.6666955947876,-1.84636147750698e-19,-8.25802626280847e-09,1.56585485910909e-07
14.6833629608154,-8.12649530732309e-19,-6.92096024934585e-09,1.31226585153854e-07
14.7000293731689,9.93475245141887e-19,1.30956623323186e-09,-2.47585845158937e-08
14.7166957855225,-1.84639081656933e-19,-8.25808843529785e-09,1.56586665411851e-07
14.7333631515503,-8.12554663455806e-19,-6.92089319187517e-09,1.31225320387784e-07
14.7500295639038,9.93583605802131e-19,1.30955390975629e-09,-2.47583518131478e-08
14.7666959762573,-1.84745542386708e-19,-8.25815149596565e-09,1.56587844912792e-07
14.7833633422852,-8.12495054752914e-19,-6.92082657849369e-09,1.31224055621715e-07
14.8000297546387,9.93288405721026e-19,1.30954169730302e-09,-2.4758117334045e-08
14.8166961669922,-1.8475550732815e-19,-8.25821366845503e-09,1.56589038624588e-07
14.8333625793457,-8.12609619267753e-19,-6.920759521023e-09,1.31222790855645e-07
14.8500299453735,9.93311049790295e-19,1.30952937382744e-09,-2.4757884631299e-08
14.8666963577271,-1.84820492705023e-19,-8.25827584094441e-09,1.5659021812553e-07
14.8833627700806,-8.12500741619626e-19,-6.92069290764152e-09,1.31221526089575e-07
14.9000301361084,9.93283856227657e-19,1.30951716137417e-09,-2.47576519285531e-08
14.9166965484619,-1.84784665444742e-19,-8.25833801343379e-09,1.56591397626471e-07
14.9333629608154,-8.12629575000031e-19,-6.92062585017084e-09,1.31220247112651e-07
14.9500303268433,9.93222438067175e-19,1.3095048378986e-09,-2.47574192258071e-08
14.9666967391968,-1.84903611431888e-19,-8.25840018592316e-09,1.56592577127412e-07
14.9833631515503,-8.12582942692998e-19,-6.92055923678936e-09,1.31218982346581e-07
15.0000295639038,9.93127829284614e-19,1.30949262544533e-09,-2.47571865230611e-08
15.0166969299316,-1.84761077872587e-19,-8.25846235841254e-09,1.56593756628354e-07
15.0333633422852,-8.12491797729252e-19,-6.92049217931867e-09,1.31217717580512e-07
15.0500297546387,9.93277652373063e-19,1.30948030196976e-09,-2.47569538203152e-08
15.0666971206665,-1.84846212852195e-19,-8.25852453090192e-09,1.56594936129295e-07
15.08336353302,-8.12482130055843e-19,-6.92042556593719e-09,1.31216452814442e-07
15.1000299453735,9.93420134233575e-19,1.30946797849418e-09,-2.47567211175692e-08
15.1166973114014,-1.84765937558686e-19,-8.2585867033913e-09,1.56596115630236e-07
15.1333637237549,-8.1252410947193e-19,-6.92035850846651e-09,1.31215188048373e-07
15.1500301361084,9.93705511544906e-19,1.30945576604091e-09,-2.47564884148233e-08
15.1666965484619,-1.84817597572879e-19,-8.25864887588068e-09,1.56597295131178e-07
15.1833639144897,-8.1236679005918e-19,-6.92029189508503e-09,1.31213923282303e-07
15.2000303268433,9.93445776832564e-19,1.30944344256534e-09,-2.47562557120773e-08
15.2166967391968,-1.84863906762485e-19,-8.25871193654848e-09,1.56598474632119e-07
15.2333641052246,-8.12495623439585e-19,-6.92022483761434e-09,1.31212644305378e-07
15.2500305175781,9.93290266877405e-19,1.30943123011207e-09,-2.47560230093313e-08
15.2666969299316,-1.84826050324764e-19,-8.25877410903786e-09,1.56599654133061e-07
15.2833642959595,-8.1265371833416e-19,-6.92015822423286e-09,1.31211379539309e-07
15.300030708313,9.93401109079487e-19,1.30941890663649e-09,-2.47557903065854e-08
15.3166971206665,-1.84876779760768e-19,-8.25883628152724e-09,1.56600833634002e-07
15.33336353302,-8.12443511060995e-19,-6.92009116676218e-09,1.31210114773239e-07
15.3500308990479,9.93640164276514e-19,1.30940658316092e-09,-2.47555576038394e-08
15.3666973114014,-1.84809610110089e-19,-8.25889845401662e-09,1.56602013134943e-07
15.3833637237549,-8.12432861110608e-19,-6.9200245533807e-09,1.3120885000717e-07
15.4000310897827,9.93555791854034e-19,1.30939437070765e-09,-2.47553249010934e-08
15.4166975021362,-1.8492752212147e-19,-8.258960626506e-09,1.56603192635885e-07
15.4333639144897,-8.12453178734404e-19,-6.91995749591001e-09,1.312075852411e-07
15.4500312805176,9.93682350487755e-19,1.30938204723208e-09,-2.47550904219906e-08
15.4666976928711,-1.84965236387523e-19,-8.25902279899537e-09,1.56604372136826e-07
15.4833641052246,-8.12415800510474e-19,-6.91989043843932e-09,1.3120632047503e-07
15.5000314712524,9.93340207906887e-19,1.30936983477881e-09,-2.47548577192447e-08
15.516697883606,-1.85014621655032e-19,-8.25908497148475e-09,1.56605551637767e-07
15.5333642959595,-8.12538016445979e-19,-6.91982382505785e-09,1.31205041498106e-07
15.550030708313,9.93598184860427e-19,1.30935751130323e-09,-2.47546250164987e-08
15.5666980743408,-1.85053602541398e-19,-8.25914714397413e-09,1.56606731138709e-07
15.5833644866943,-8.12438444579743e-19,-6.91975676758716e-09,1.31203776732036e-07
15.6000308990479,9.93341655472959e-19,1.30934518782766e-09,-2.47543923137528e-08
15.6166982650757,-1.85006957309669e-19,-8.25921020464193e-09,1.5660791063965e-07
15.6333646774292,-8.12335357195903e-19,-6.91969015420568e-09,1.31202511965967e-07
15.6500310897827,9.93496441645083e-19,1.30933297537439e-09,-2.47541596110068e-08
15.6666984558105,-1.84950437609377e-19,-8.25927237713131e-09,1.56609090140591e-07
15.6833648681641,-8.12454781396841e-19,-6.91962309673499e-09,1.31201247199897e-07
15.7000312805176,9.93557446215259e-19,1.30932065189882e-09,-2.47539269082608e-08
15.7166976928711,-1.85027404180435e-19,-8.25933454962069e-09,1.56610283852388e-07
15.7333650588989,-8.12414146149249e-19,-6.91955648335352e-09,1.31199982433827e-07
15.7500314712524,9.93515673594325e-19,1.30930832842324e-09,-2.4753692429158e-08
15.766697883606,-1.85074501776563e-19,-8.25939672211007e-09,1.56611463353329e-07
15.7833652496338,-8.12187240167468e-19,-6.91948942588283e-09,1.31198717667758e-07
15.8000316619873,9.93580710669987e-19,1.30929611596997e-09,-2.47534597264121e-08
15.8166980743408,-1.85091200485178e-19,-8.25945889459945e-09,1.5661264285427e-07
15.8333654403687,-8.12630453879432e-19,-6.91942281250135e-09,1.31197438690833e-07
15.8500318527222,9.93618657580588e-19,1.3092837924944e-09,-2.47532270236661e-08
15.8666982650757,-1.85076479255214e-19,-8.25952106708883e-09,1.56613822355212e-07
15.8833646774292,-8.12497846487482e-19,-6.91935575503067e-09,1.31196173924764e-07
15.900032043457,9.93508022173659e-19,1.30927146901882e-09,-2.47529943209202e-08
15.9166984558105,-1.85099769559337e-19,-8.25958323957821e-09,1.56615001856153e-07
15.9333648681641,-8.12509013425751e-19,-6.91928914164919e-09,1.31194909158694e-07
15.9500322341919,9.9349292612748e-19,1.30925914554325e-09,-2.47527598418174e-08
15.9666986465454,-1.85101824586171e-19,-8.25964541206758e-09,1.56616181357094e-07
15.9833650588989,-8.12606930930762e-19,-6.9192220841785e-09,1.31193644392624e-07
16.0000324249268,9.9342540750998e-19,1.30924693308998e-09,-2.47525271390714e-08
16.0166988372803,-1.85155009714619e-19,-8.25970758455696e-09,1.56617360858036e-07
16.0333652496338,-8.12471635201821e-19,-6.91915502670781e-09,1.31192379626555e-07
16.0500316619873,9.93598495053157e-19,1.30923460961441e-09,-2.47522944363254e-08
16.0666980743408,-1.85135441723253e-19,-8.25976975704634e-09,1.56618540358977e-07
16.083366394043,-8.12545771264222e-19,-6.91908841332634e-09,1.31191114860485e-07
16.1000328063965,9.93414343969287e-19,1.30922228613883e-09,-2.47520617335795e-08
16.11669921875,-1.85200905313918e-19,-8.25983281771414e-09,1.56619719859918e-07
16.1333656311035,-8.12485904067388e-19,-6.91902135585565e-09,1.31189835883561e-07
16.150032043457,9.93353959784571e-19,1.30920996266326e-09,-2.47518272544767e-08
16.1666984558105,-1.85253987044789e-19,-8.25989499020352e-09,1.5662089936086e-07
16.1833648681641,-8.12534449229587e-19,-6.91895474247417e-09,1.31188571117491e-07
16.2000331878662,9.93633340036461e-19,1.30919775020999e-09,-2.47515945517307e-08
16.2166996002197,-1.85204149412883e-19,-8.2599571626929e-09,1.56622078861801e-07
16.2333660125732,-8.12435601146387e-19,-6.91888768500348e-09,1.31187306351421e-07
16.2500324249268,9.9330515612843e-19,1.30918542673442e-09,-2.47513618489847e-08
16.2666988372803,-1.85219633199974e-19,-8.26001933518228e-09,1.56623258362742e-07
16.2833652496338,-8.12381058924747e-19,-6.91882107162201e-09,1.31186041585352e-07
16.3000316619873,9.93772513174523e-19,1.30917310325884e-09,-2.47511291462388e-08
16.3166999816895,-1.85292179524635e-19,-8.26008150767166e-09,1.56624437863684e-07
16.333366394043,-8.1231617694545e-19,-6.91875401415132e-09,1.31184776819282e-07
16.3500328063965,9.93267622808136e-19,1.30916077978327e-09,-2.4750894667136e-08
16.36669921875,-1.85280715318333e-19,-8.26014368016104e-09,1.56625617364625e-07
16.3833656311035,-8.12438134387013e-19,-6.91868740076984e-09,1.31183512053212e-07
16.400032043457,9.93707165906131e-19,1.30914856733e-09,-2.475066196439e-08
16.4167003631592,-1.85363691873529e-19,-8.26020585265042e-09,1.56626796865567e-07
16.4333667755127,-8.12408562680114e-19,-6.91862034329915e-09,1.31182233076288e-07
16.4500331878662,9.93511951281569e-19,1.30913624385443e-09,-2.47504292616441e-08
16.4666996002197,-1.8535274465511e-19,-8.26026802513979e-09,1.56627976366508e-07
16.4833660125732,-8.12277868143331e-19,-6.91855372991768e-09,1.31180968310218e-07
16.5000324249268,9.93329557956501e-19,1.30912392037885e-09,-2.47501947825413e-08
16.5166988372803,-1.85359801539711e-19,-8.26033019762917e-09,1.56629155867449e-07
16.5333671569824,-8.12456435758066e-19,-6.91848667244699e-09,1.31179703544149e-07
16.5500335693359,9.93330902124996e-19,1.30911159690328e-09,-2.47499620797953e-08
16.5666999816895,-1.85372092926626e-19,-8.26039325829697e-09,1.56630335368391e-07
16.583366394043,-8.12539774204781e-19,-6.9184196149763e-09,1.31178438778079e-07
16.6000328063965,9.93469971865482e-19,1.30909927342771e-09,-2.47497276006925e-08
16.61669921875,-1.85378943016073e-19,-8.26045543078635e-09,1.56631514869332e-07
16.6333675384521,-8.12521266038575e-19,-6.91835300159482e-09,1.31177174012009e-07
16.6500339508057,9.93438849194934e-19,1.30908694995213e-09,-2.47494948979465e-08
16.6667003631592,-1.85432451261948e-19,-8.26051760327573e-09,1.56632694370273e-07
16.6833667755127,-8.12240179726671e-19,-6.91828594412414e-09,1.3117590924594e-07
16.7000331878662,9.9352456578591e-19,1.30907473749886e-09,-2.47492621952006e-08
16.7166996002197,-1.85345997963239e-19,-8.26057977576511e-09,1.56633873871215e-07
16.7333660125732,-8.12408459282538e-19,-6.91821933074266e-09,1.31174630269015e-07
16.7500343322754,9.93313324536979e-19,1.30906241402329e-09,-2.47490277160978e-08
16.7667007446289,-1.85419474866088e-19,-8.26064194825449e-09,1.56635053372156e-07
16.7833671569824,-8.12408459282538e-19,-6.91815227327197e-09,1.31173365502946e-07
16.8000335693359,9.93294712973197e-19,1.30905009054771e-09,-2.47487950133518e-08
16.8166999816895,-1.85447870425554e-19,-8.26070412074387e-09,1.56636232873097e-07
16.833366394043,-8.12424692702059e-19,-6.91808565989049e-09,1.31172100736876e-07
16.8500328063965,9.93316426464277e-19,1.30903776707214e-09,-2.4748560534249e-08
16.8667011260986,-1.85466326892971e-19,-8.26076629323325e-09,1.56637412374039e-07
16.8833675384521,-8.1250301636631e-19,-6.91801860241981e-09,1.31170835970806e-07
16.9000339508057,9.93237637510931e-19,1.30902544359657e-09,-2.4748327831503e-08
16.9167003631592,-1.85480246791717e-19,-8.26082846572262e-09,1.5663859187498e-07
16.9333667755127,-8.12437100411247e-19,-6.91795154494912e-09,1.31169571204737e-07
16.9500331878662,9.93348169520283e-19,1.30901312012099e-09,-2.47480951287571e-08
16.9667015075684,-1.85414718577566e-19,-8.260890638212e-09,1.56639771375922e-07
16.9833679199219,-8.12530933711984e-19,-6.91788493156764e-09,1.31168292227812e-07
17.0000343322754,9.93493960103246e-19,1.30900079664542e-09,-2.47478606496543e-08
17.0167007446289,-1.85469661464816e-19,-8.26095281070138e-09,1.56640950876863e-07
17.0333671569824,-8.12187395263833e-19,-6.91781787409695e-09,1.31167027461743e-07
17.0500335693359,9.93686796583547e-19,1.30898858419215e-09,-2.47476279469083e-08
17.0666999816895,-1.8547202668438e-19,-8.26101498319076e-09,1.56642144588659e-07
17.0833683013916,-8.12283555010042e-19,-6.91775126071548e-09,1.31165762695673e-07
17.1000347137451,9.9354958799944e-19,1.30897626071658e-09,-2.47473934678055e-08
17.1167011260986,-1.85484757510995e-19,-8.26107804385856e-09,1.566433240896e-07
17.1333675384521,-8.12301752983518e-19,-6.91768420324479e-09,1.31164497929603e-07
17.1500339508057,9.93654329744504e-19,1.308963937241e-09,-2.47471607650596e-08
17.1667003631592,-1.85439146255031e-19,-8.26114021634794e-09,1.56644503590542e-07
17.1833667755127,-8.12463104901754e-19,-6.91761758986331e-09,1.31163233163534e-07
17.2000350952148,9.93691656269646e-19,1.30895161376543e-09,-2.47469262859568e-08
17.2167015075684,-1.85470268925578e-19,-8.26120238883732e-09,1.56645683091483e-07
17.2333679199219,-8.12240334823036e-19,-6.91755053239262e-09,1.31161968397464e-07
17.2500343322754,9.93731981324508e-19,1.30893929028986e-09,-2.47466935832108e-08
17.2667007446289,-1.85419306845026e-19,-8.2612645613267e-09,1.56646862592424e-07
17.2833671569824,-8.1214438187198e-19,-6.91748391901115e-09,1.3116068942054e-07
17.3000354766846,9.939208886969e-19,1.30892696681428e-09,-2.4746459104108e-08
17.3167018890381,-1.85375673067714e-19,-8.26132673381608e-09,1.56648042093366e-07
17.3333683013916,-8.12088909072151e-19,-6.91741686154046e-09,1.3115942465447e-07
17.3500347137451,9.93780474787919e-19,1.30891464333871e-09,-2.4746226401362e-08
17.3667011260986,-1.85423804639607e-19,-8.26138890630546e-09,1.56649221594307e-07
17.3833675384521,-8.12092424589754e-19,-6.91734980406977e-09,1.311581598884e-07
17.4000339508057,9.93666737453693e-19,1.30890231986314e-09,-2.47459919222592e-08
17.4167022705078,-1.85412120713455e-19,-8.26145107879483e-09,1.56650401095249e-07
17.4333686828613,-8.12162321351515e-19,-6.91728319068829e-09,1.31156895122331e-07
17.4500350952148,9.93810666880277e-19,1.30888999638756e-09,-2.47457592195133e-08
17.4667015075684,-1.85426053536898e-19,-8.26151325128421e-09,1.5665158059619e-07
17.4833679199219,-8.1193283043032e-19,-6.91721613321761e-09,1.31155630356261e-07
17.5000343322754,9.93827934275564e-19,1.30887767291199e-09,-2.47455247404105e-08
17.5167026519775,-1.85301433607738e-19,-8.26157542377359e-09,1.56652760097131e-07
17.5333690643311,-8.12047911933041e-19,-6.91714951983613e-09,1.31154351379337e-07
17.5500354766846,9.93794123268026e-19,1.30886534943642e-09,-2.47452902613077e-08
17.5667018890381,-1.85366832574918e-19,-8.26163759626297e-09,1.56653939598073e-07
17.5833683013916,-8.11935105177004e-19,-6.91708246236544e-09,1.31153086613267e-07
17.6000347137451,9.93653605961468e-19,1.30885302596084e-09,-2.47450575585617e-08
17.6167011260986,-1.85277354897094e-19,-8.26169976875235e-09,1.56655119099014e-07
17.6333694458008,-8.11947823078922e-19,-6.91701584898397e-09,1.31151821847197e-07
17.6500358581543,9.93919544528404e-19,1.30884070248527e-09,-2.47448230794589e-08
17.6667022705078,-1.8529948197848e-19,-8.26176282942015e-09,1.56656298599955e-07
17.6833686828613,-8.11965710859669e-19,-6.91694879151328e-09,1.31150557081128e-07
17.7000350952148,9.93630548301894e-19,1.3088283790097e-09,-2.47445903767129e-08
17.7167015075684,-1.85473332078784e-19,-8.26182500190953e-09,1.56657478100897e-07
17.7333679199219,-8.11761707441098e-19,-6.91688173404259e-09,1.31149292315058e-07
17.750036239624,9.93618967773318e-19,1.30881605553412e-09,-2.47443558976101e-08
17.7667026519775,-1.85457783668207e-19,-8.26188717439891e-09,1.56658657601838e-07
17.7833690643311,-8.12078931206012e-19,-6.91681512066111e-09,1.31148027548988e-07
17.8000354766846,9.93725777469914e-19,1.30880373205855e-09,-2.47441231948642e-08
17.8167018890381,-1.85429827548442e-19,-8.26194934688829e-09,1.56659837102779e-07
17.8333683013916,-8.11849388586028e-19,-6.91674806319043e-09,1.31146748572064e-07
17.8500366210938,9.93835792491383e-19,1.30879140858298e-09,-2.47438887157614e-08
17.8667030334473,-1.85494670753648e-19,-8.26201151937767e-09,1.56661016603721e-07
17.8833694458008,-8.1204434471665e-19,-6.91668144980895e-09,1.31145483805994e-07
17.9000358581543,9.93678628174998e-19,1.3087790851074e-09,-2.47436542366586e-08
17.9167022705078,-1.85442196483539e-19,-8.26207369186704e-09,1.56662196104662e-07
17.9333686828613,-8.11783731124907e-19,-6.91661439233826e-09,1.31144219039925e-07
17.9500350952148,9.93868879715885e-19,1.30876676163183e-09,-2.47434215339126e-08
17.966703414917,-1.85467438416919e-19,-8.26213586435642e-09,1.56663375605604e-07
17.9833698272705,-8.12036331404465e-19,-6.91654733486757e-09,1.31142954273855e-07
18.000036239624,9.94006501890299e-19,1.30875443815626e-09,-2.47431870548098e-08
18.0167026519775,-1.85529993950744e-19,-8.2621980368458e-09,1.56664555106545e-07
18.0333690643311,-8.11821729734296e-19,-6.9164807214861e-09,1.31141689507785e-07
18.0500354766846,9.9382834786587e-19,1.30874211468068e-09,-2.4742952575707e-08
18.0667018890381,-1.85476602027143e-19,-8.26226020933518e-09,1.56665734607486e-07
18.0833702087402,-8.11880407858999e-19,-6.91641366401541e-09,1.31140410530861e-07
18.1000366210938,9.93887284484515e-19,1.30872979120511e-09,-2.47427198729611e-08
18.1167030334473,-1.85511692579691e-19,-8.26232238182456e-09,1.56666914108428e-07
18.1333694458008,-8.11977756677339e-19,-6.91634705063393e-09,1.31139145764791e-07
18.1500358581543,9.93617416809669e-19,1.30871746772954e-09,-2.47424853938583e-08
18.1667022705078,-1.85627911455755e-19,-8.26238455431394e-09,1.56668093609369e-07
18.18337059021,-8.12076759856904e-19,-6.91627999316324e-09,1.31137880998722e-07
18.2000370025635,9.93947875464384e-19,1.30870503323166e-09,-2.47422509147555e-08
18.216703414917,-1.85584057958592e-19,-8.26244672680332e-09,1.5666927311031e-07
18.2333698272705,-8.12088805674574e-19,-6.91621337978177e-09,1.31136616232652e-07
18.250036239624,9.93880253449308e-19,1.30869270975609e-09,-2.47420182120095e-08
18.2667026519775,-1.85703352912559e-19,-8.2625088992927e-09,1.56670452611252e-07
18.2833690643311,-8.1191866496233e-19,-6.91614632231108e-09,1.31135351466583e-07
18.3000373840332,9.93508332366389e-19,1.30868038628051e-09,-2.47417837329067e-08
18.3167037963867,-1.85833530461459e-19,-8.2625719599605e-09,1.56671632112193e-07
18.3333702087402,-8.12189256420211e-19,-6.91607926484039e-09,1.31134072489658e-07
18.3500366210938,9.93815112976069e-19,1.30866806280494e-09,-2.47415492538039e-08
18.3667030334473,-1.85795880818891e-19,-8.26263413244988e-09,1.56672811613134e-07
18.3833694458008,-8.12231546029028e-19,-6.91601265145891e-09,1.31132807723588e-07
18.4000358581543,9.93499646969957e-19,1.30865573932937e-09,-2.47413147747011e-08
18.4167041778564,-1.85799861625589e-19,-8.26269630493925e-09,1.56673991114076e-07
18.43337059021,-8.1201420432308e-19,-6.91594559398823e-09,1.31131542957519e-07
18.4500370025635,9.93509573137308e-19,1.30864341585379e-09,-2.47410820719551e-08
18.466703414917,-1.8582682254368e-19,-8.26275847742863e-09,1.56675170615017e-07
18.4833698272705,-8.12265718928084e-19,-6.91587898060675e-09,1.31130278191449e-07
18.500036239624,9.93530149255045e-19,1.30863109237822e-09,-2.47408475928523e-08
18.5167045593262,-1.85800818053172e-19,-8.26282064991801e-09,1.56676350115958e-07
18.5333709716797,-8.12059492461617e-19,-6.91581192313606e-09,1.3112901342538e-07
18.5500373840332,9.93484861116508e-19,1.30861876890265e-09,-2.47406131137495e-08
18.5667037963867,-1.85818382716492e-19,-8.26288282240739e-09,1.566775296169e-07
18.5833702087402,-8.12232890197523e-19,-6.91574486566537e-09,1.3112774865931e-07
18.6000366210938,9.93847269622382e-19,1.30860633440477e-09,-2.47403786346467e-08
18.6167030334473,-1.85918898085614e-19,-8.26294499489677e-09,1.56678709117841e-07
18.6333713531494,-8.11991870446541e-19,-6.9156782522839e-09,1.31126469682386e-07
18.6500377655029,9.9356675199715e-19,1.3085940109292e-09,-2.47401459319008e-08
18.6667041778564,-1.8586613947217e-19,-8.26300716738615e-09,1.56679888618783e-07
18.68337059021,-8.12318141499405e-19,-6.91561119481321e-09,1.31125204916316e-07
18.7000370025635,9.93722365349887e-19,1.30858168745362e-09,-2.4739911452798e-08
18.716703414917,-1.85901385121083e-19,-8.26306933987553e-09,1.56681068119724e-07
18.7333717346191,-8.12192358347508e-19,-6.91554458143173e-09,1.31123940150246e-07
18.7500381469727,9.93575333996006e-19,1.30856936397805e-09,-2.47396769736952e-08
18.7667045593262,-1.85952385975726e-19,-8.26313151236491e-09,1.56682247620665e-07
18.7833709716797,-8.12062594388914e-19,-6.91547752396104e-09,1.31122675384177e-07
18.8000373840332,9.93440917146466e-19,1.30855704050248e-09,-2.47394424945924e-08
18.8167037963867,-1.85894005119055e-19,-8.26319368485429e-09,1.56683427121607e-07
18.8333702087402,-8.12081516145426e-19,-6.91541091057957e-09,1.31121410618107e-07
18.8500385284424,9.93618347387858e-19,1.3085446060046e-09,-2.47392080154896e-08
18.8667049407959,-1.85934911785285e-19,-8.26325585734367e-09,1.56684606622548e-07
18.8833713531494,-8.12072520556265e-19,-6.91534385310888e-09,1.31120131641183e-07
18.9000377655029,9.93902897518577e-19,1.30853228252903e-09,-2.47389753127436e-08
18.9167041778564,-1.86014514994547e-19,-8.26331802983304e-09,1.56685786123489e-07
18.93337059021,-8.11925127310865e-19,-6.91527679563819e-09,1.31118866875113e-07
18.9500370025635,9.93542970554539e-19,1.30851995905346e-09,-2.47387408336408e-08
18.9667053222656,-1.85910471183124e-19,-8.26338109050084e-09,1.56686965624431e-07
18.9833717346191,-8.12024802574678e-19,-6.91521018225671e-09,1.31117602109043e-07
19.0000381469727,9.93577505345114e-19,1.30850763557788e-09,-2.4738506354538e-08
19.0167045593262,-1.86008879826624e-19,-8.26344326299022e-09,1.56688145125372e-07
19.0333709716797,-8.11974189460947e-19,-6.91514312478603e-09,1.31116337342974e-07
19.0500373840332,9.93729603180247e-19,1.30849531210231e-09,-2.47382718754352e-08
19.0667057037354,-1.86088211617246e-19,-8.2635054354796e-09,1.56689324626313e-07
19.0833721160889,-8.11972793593664e-19,-6.91507651140455e-09,1.31115072576904e-07
19.1000385284424,9.9349685523539e-19,1.30848287760443e-09,-2.47380373963324e-08
19.1167049407959,-1.86107973479068e-19,-8.26356760796898e-09,1.56690504127255e-07
19.1333713531494,-8.12113982984469e-19,-6.91500945393386e-09,1.3111379359998e-07
19.1500377655029,9.93672010730098e-19,1.30847055412886e-09,-2.47378029172296e-08
19.1667041778564,-1.86114190258359e-19,-8.26362978045836e-09,1.56691683628196e-07
19.1833724975586,-8.12115844140847e-19,-6.91494239646318e-09,1.3111252883391e-07
19.2000389099121,9.93843030321743e-19,1.30845823065329e-09,-2.47375684381268e-08
19.2167053222656,-1.86099559501275e-19,-8.26369195294774e-09,1.56692863129138e-07
19.2333717346191,-8.12195511973594e-19,-6.9148757830817e-09,1.3111126406784e-07
19.2500381469727,9.93823591577348e-19,1.30844579615541e-09,-2.4737333959024e-08
19.2667045593262,-1.86136084695198e-19,-8.26375412543712e-09,1.56694042630079e-07
19.2833709716797,-8.12172454314019e-19,-6.91480872561101e-09,1.31109999301771e-07
19.3000392913818,9.9354958799944e-19,1.30843347267984e-09,-2.4737101256278e-08
19.3167057037354,-1.86031601444075e-19,-8.2638162979265e-09,1.5669522213102e-07
19.3333721160889,-8.11980548411906e-19,-6.91474211222953e-09,1.31108734535701e-07
19.3500385284424,9.93883975762064e-19,1.30842114920426e-09,-2.47368667771752e-08
19.3667049407959,-1.862530144296e-19,-8.26387847041588e-09,1.56696401631962e-07
19.3833713531494,-8.11803014772937e-19,-6.91467505475885e-09,1.31107455558777e-07
19.4000396728516,9.93840135189599e-19,1.30840882572869e-09,-2.47366322980724e-08
19.4167060852051,-1.86135360912162e-19,-8.26394064290525e-09,1.56697581132903e-07
19.4333724975586,-8.11722674855943e-19,-6.91460799728816e-09,1.31106190792707e-07
19.4500389099121,9.93851405525445e-19,1.30839639123081e-09,-2.47363978189696e-08
19.4667053222656,-1.86165359134064e-19,-8.26400281539463e-09,1.56698760633844e-07
19.4833717346191,-8.11979669532506e-19,-6.91454138390668e-09,1.31104926026637e-07
19.5000381469727,9.93665083092468e-19,1.30838406775524e-09,-2.47361633398668e-08
19.5167064666748,-1.86182936722081e-19,-8.26406498788401e-09,1.56699940134786e-07
19.5333728790283,-8.12051117257915e-19,-6.91447432643599e-09,1.31103661260568e-07
19.5500392913818,9.93744492431273e-19,1.30837174427967e-09,-2.4735928860764e-08
19.5667057037354,-1.86179770171298e-19,-8.26412716037339e-09,1.56701119635727e-07
19.5833721160889,-8.12034366850511e-19,-6.91440771305452e-09,1.31102396494498e-07
19.6000385284424,9.93736944408183e-19,1.30835930978179e-09,-2.47356943816612e-08
19.6167068481445,-1.86148686274842e-19,-8.26418933286277e-09,1.56702299136668e-07
19.633373260498,-8.11983495242839e-19,-6.91434065558383e-09,1.31101117517574e-07
19.6500396728516,9.93748835129489e-19,1.30834698630622e-09,-2.47354599025584e-08
19.6667060852051,-1.86195732172181e-19,-8.26425150535215e-09,1.5670347863761e-07
19.6833724975586,-8.1194094714008e-19,-6.91427359811314e-09,1.31099852751504e-07
19.7000389099121,9.93707269303708e-19,1.30833466283065e-09,-2.47352254234556e-08
19.7167053222656,-1.86213400233077e-19,-8.26431367784153e-09,1.56704658138551e-07
19.7333736419678,-8.12020046286156e-19,-6.91420698473166e-09,1.31098587985434e-07
19.7500400543213,9.93700755256384e-19,1.30832222833277e-09,-2.47349909443528e-08
19.7667064666748,-1.8615116781668e-19,-8.26437673850933e-09,1.56705837639493e-07
19.7833728790283,-8.1169382693208e-19,-6.91413992726098e-09,1.31097323219365e-07
19.8000392913818,9.93819972662168e-19,1.3083099048572e-09,-2.473475646525e-08
19.8167057037354,-1.86301740537559e-19,-8.26443891099871e-09,1.56707017140434e-07
19.8333721160889,-8.12051220655491e-19,-6.91407286979029e-09,1.31096058453295e-07
19.850040435791,9.93868052535273e-19,1.30829758138162e-09,-2.47345219861472e-08
19.8667068481445,-1.86218686434179e-19,-8.26450108348808e-09,1.56708196641375e-07
19.883373260498,-8.11989027013185e-19,-6.91400625640881e-09,1.31094779476371e-07
19.9000396728516,9.93852129308481e-19,1.30828514688375e-09,-2.47342875070444e-08
19.9167060852051,-1.86336882788895e-19,-8.26456325597746e-09,1.56709376142317e-07
19.9333724975586,-8.12196132359053e-19,-6.91393919893812e-09,1.31093514710301e-07
19.9500408172607,9.9371895322986e-19,1.30827282340817e-09,-2.47340530279416e-08
19.9667072296143,-1.86342634279092e-19,-8.26462542846684e-09,1.56710555643258e-07
19.9833736419678,-8.1198768284469e-19,-6.91387258555665e-09,1.31092249944231e-07
20.0000400543213,9.93550725372782e-19,1.3082603889103e-09,-2.47338185488388e-08
20.0167064666748,-1.86317043378891e-19,-8.26468760095622e-09,1.56711735144199e-07
20.0333728790283,-8.11905636867682e-19,-6.91380552808596e-09,1.31090985178162e-07
20.0500392913818,9.93789883967387e-19,1.30824806543473e-09,-2.4733584069736e-08
20.066707611084,-1.86251812432773e-19,-8.2647497734456e-09,1.56712914645141e-07
20.0833740234375,-8.11846131562367e-19,-6.91373847061527e-09,1.31089706201237e-07
20.100040435791,9.93829278444059e-19,1.30823574195915e-09,-2.47333495906332e-08
20.1167068481445,-1.86354744720247e-19,-8.26481194593498e-09,1.56714094146082e-07
20.133373260498,-8.11794381075294e-19,-6.91367185723379e-09,1.31088441435168e-07
20.1500396728516,9.93923783829044e-19,1.30822330746128e-09,-2.47331151115304e-08
20.1667060852051,-1.86255521820832e-19,-8.26487411842436e-09,1.56715273647023e-07
20.1833744049072,-8.1174356116641e-19,-6.91360479976311e-09,1.31087176669098e-07
20.2000408172607,9.93761553031407e-19,1.3082109839857e-09,-2.47328788560708e-08
20.2167072296143,-1.86309960644896e-19,-8.26493629091374e-09,1.56716453147965e-07
20.2333736419678,-8.11866397487374e-19,-6.91353818638163e-09,1.31085911903028e-07
20.2500400543213,9.93816043554259e-19,1.30819854948783e-09,-2.4732644376968e-08
20.2667064666748,-1.86362822655917e-19,-8.26499846340312e-09,1.56717632648906e-07
20.283374786377,-8.11762689718075e-19,-6.91347112891094e-09,1.31084647136959e-07
20.3000411987305,9.93731257541472e-19,1.30818622601225e-09,-2.47324098978652e-08
20.316707611084,-1.86418618573173e-19,-8.2650606358925e-09,1.56718812149848e-07
20.3333740234375,-8.11920422721131e-19,-6.91340407144025e-09,1.31083368160034e-07
20.350040435791,9.93841582755671e-19,1.30817379151438e-09,-2.47321754187624e-08
20.3667068481445,-1.86378500313464e-19,-8.26512280838188e-09,1.56719991650789e-07
20.383373260498,-8.11671648151906e-19,-6.91333745805878e-09,1.31082103393965e-07
20.4000415802002,9.93666840851269e-19,1.3081614680388e-09,-2.47319409396596e-08
20.4167079925537,-1.86442128597145e-19,-8.26518498087125e-09,1.5672117115173e-07
20.4333744049072,-8.12033539669898e-19,-6.91327040058809e-09,1.31080838627895e-07
20.4500408172607,9.93853887067283e-19,1.30814903354093e-09,-2.47317064605568e-08
20.4667072296143,-1.86447544045218e-19,-8.26524715336063e-09,1.56722350652672e-07
20.4833736419678,-8.118870253039e-19,-6.9132033431174e-09,1.31079573861825e-07
20.5000400543213,9.93757623923497e-19,1.30813671006536e-09,-2.4731471981454e-08
20.5167083740234,-1.86539645436547e-19,-8.26530932585001e-09,1.56723530153613e-07
20.533374786377,-8.11826020733724e-19,-6.91313672973592e-09,1.31078309095756e-07
20.5500411987305,9.93658879237873e-19,1.30812427556748e-09,-2.47312375023512e-08
20.566707611084,-1.86558153602753e-19,-8.26537149833939e-09,1.56724709654554e-07
20.5833740234375,-8.11907549722849e-19,-6.91306967226524e-09,1.31077030118831e-07
20.600040435791,9.93501611523912e-19,1.30811195209191e-09,-2.47310012468915e-08
20.6167087554932,-1.86435769646186e-19,-8.26543367082877e-09,1.56725889155496e-07
20.6333751678467,-8.11620104459986e-19,-6.91300305888376e-09,1.31075765352762e-07
20.6500415802002,9.93962661317834e-19,1.30809951759403e-09,-2.47307667677887e-08
20.6667079925537,-1.86401570897736e-19,-8.26549584331815e-09,1.56727054445582e-07
20.6833744049072,-8.11722106169272e-19,-6.91293600141307e-09,1.31074500586692e-07
20.7000408172607,9.93970105943347e-19,1.30808719411846e-09,-2.47305322886859e-08
20.7167072296143,-1.86370848892798e-19,-8.26555801580753e-09,1.56728233946524e-07
20.7333755493164,-8.11770186042376e-19,-6.91286894394239e-09,1.31073235820622e-07
20.7500419616699,9.93717815856518e-19,1.30807475962058e-09,-2.47302978095831e-08
20.7667083740234,-1.86476443667869e-19,-8.26562107647533e-09,1.56729413447465e-07
20.783374786377,-8.11759174200472e-19,-6.91280233056091e-09,1.31071971054553e-07
20.8000411987305,9.9374004633548e-19,1.30806243614501e-09,-2.47300633304803e-08
20.816707611084,-1.86490454039494e-19,-8.26568324896471e-09,1.56730592948406e-07
20.8333759307861,-8.11780008812151e-19,-6.91273527309022e-09,1.31070692077628e-07
20.8500423431396,9.93801774688692e-19,1.30805000164713e-09,-2.47298270750207e-08
20.8667087554932,-1.86531593350272e-19,-8.26574542145408e-09,1.56731772449348e-07
20.8833751678467,-8.11677128223464e-19,-6.91266821561953e-09,1.31069427311559e-07
20.9000415802002,9.93944773537087e-19,1.30803767817156e-09,-2.47295925959179e-08
20.9167079925537,-1.86521382839586e-19,-8.26580759394346e-09,1.56732951950289e-07
20.9333744049072,-8.11738753179099e-19,-6.91260160223806e-09,1.31068162545489e-07
20.9500427246094,9.94061509401034e-19,1.30802524367368e-09,-2.47293581168151e-08
20.9667091369629,-1.86483952916868e-19,-8.26586976643284e-09,1.5673413145123e-07
20.9833755493164,-8.11854144874551e-19,-6.91253454476737e-09,1.31066897779419e-07
21.0000419616699,9.942487624122e-19,1.30801292019811e-09,-2.47291236377123e-08
21.0167083740234,-1.86474466189217e-19,-8.26593193892222e-09,1.56735310952172e-07
21.033374786377,-8.11457511770831e-19,-6.91246793138589e-09,1.31065618802495e-07
21.0500411987305,9.93900932964622e-19,1.30800048570023e-09,-2.47288873822527e-08
21.0667095184326,-1.86457405589083e-19,-8.2659941114116e-09,1.56736490453113e-07
21.0833759307861,-8.11707010123093e-19,-6.9124008739152e-09,1.31064354036425e-07
21.1000423431396,9.93838377430797e-19,1.30798805120236e-09,-2.47286529031499e-08
21.1167087554932,-1.86507075199928e-19,-8.26605628390098e-09,1.56737669954055e-07
21.1333751678467,-8.11777785764254e-19,-6.91233381644452e-09,1.31063089270356e-07
21.1500415802002,9.93790297557693e-19,1.30797572772678e-09,-2.4728418424047e-08
21.1667098999023,-1.8649223764769e-19,-8.26611845639036e-09,1.56738849454996e-07
21.1833763122559,-8.11760208176238e-19,-6.91226720306304e-09,1.31061824504286e-07
21.2000427246094,9.9397362146095e-19,1.30796329322891e-09,-2.47281839449442e-08
21.2167091369629,-1.86668517591043e-19,-8.26618062887974e-09,1.56740028955937e-07
21.2333755493164,-8.11802446086266e-19,-6.91220014559235e-09,1.31060559738216e-07
21.2500419616699,9.93841375960518e-19,1.30795096975334e-09,-2.47279476894846e-08
21.2667083740234,-1.86560777316258e-19,-8.26624280136912e-09,1.56741208456879e-07
21.2833766937256,-8.11823901083404e-19,-6.91213308812166e-09,1.31059280761292e-07
21.3000431060791,9.93677387404079e-19,1.30793853525546e-09,-2.47277132103818e-08
21.3167095184326,-1.86700015077806e-19,-8.2663049738585e-09,1.5674238795782e-07
21.3333759307861,-8.11671596453118e-19,-6.91206647474019e-09,1.31058015995222e-07
21.3500423431396,9.9382896825133e-19,1.30792610075758e-09,-2.4727478731279e-08
21.3667087554932,-1.8656893280011e-19,-8.26636714634787e-09,1.56743567458761e-07
21.3833751678467,-8.11864794824937e-19,-6.9119994172695e-09,1.31056751229153e-07
21.4000434875488,9.93672114127674e-19,1.30791377728201e-09,-2.47272424758194e-08
21.4167098999023,-1.86702651716008e-19,-8.26642931883725e-09,1.56744746959703e-07
21.4333763122559,-8.11574144237201e-19,-6.91193280388802e-09,1.31055486463083e-07
21.4500427246094,9.94095527203725e-19,1.30790134278413e-09,-2.47270079967166e-08
21.4667091369629,-1.86637369071102e-19,-8.26649149132663e-09,1.56745926460644e-07
21.4833755493164,-8.11590377656723e-19,-6.91186574641733e-09,1.31054207486159e-07
21.5000438690186,9.93901863542811e-19,1.30788890828626e-09,-2.47267735176138e-08
21.5167102813721,-1.86610860517409e-19,-8.26655366381601e-09,1.56747105961585e-07
21.5333766937256,-8.11357422916713e-19,-6.91179868894665e-09,1.31052942720089e-07
21.5500431060791,9.94030696923216e-19,1.30787658481069e-09,-2.47265372621541e-08
21.5667095184326,-1.86641065534464e-19,-8.26661583630539e-09,1.56748285462527e-07
21.5833759307861,-8.11691914076914e-19,-6.91173207556517e-09,1.31051677954019e-07
21.6000423431396,9.94116930502075e-19,1.30786415031281e-09,-2.47263027830513e-08
21.6167106628418,-1.86678430833697e-19,-8.26667800879477e-09,1.56749464963468e-07
21.6333770751953,-8.1144639653135e-19,-6.91166501809448e-09,1.3105041318795e-07
21.6500434875488,9.9422828969204e-19,1.30785171581493e-09,-2.47260665275917e-08
21.6667098999023,-1.8665785471596e-19,-8.26674018128415e-09,1.5675064446441e-07
21.6833763122559,-8.11772770981791e-19,-6.91159796062379e-09,1.3104914842188e-07
21.7000427246094,9.93890696604541e-19,1.30783939233936e-09,-2.47258320484889e-08
21.7167110443115,-1.86698890629161e-19,-8.26680235377353e-09,1.56751823965351e-07
21.733377456665,-8.11509055462751e-19,-6.91153134724232e-09,1.31047869444956e-07
21.7500438690186,9.94050549257917e-19,1.30782695784148e-09,-2.47255975693861e-08
21.7667102813721,-1.86727596381356e-19,-8.26686452626291e-09,1.56753003466292e-07
21.7833766937256,-8.11593221090078e-19,-6.91146428977163e-09,1.31046604678886e-07
21.8000431060791,9.93955009897167e-19,1.30781452334361e-09,-2.47253613139264e-08
21.8167095184326,-1.8668737472407e-19,-8.26692669875229e-09,1.56754182967234e-07
21.8333778381348,-8.11582157549386e-19,-6.91139723230094e-09,1.31045339912816e-07
21.8500442504883,9.93993783988381e-19,1.30780219986804e-09,-2.47251268348236e-08
21.8667106628418,-1.86775934748402e-19,-8.26698887124167e-09,1.56755362468175e-07
21.8833770751953,-8.11466455661205e-19,-6.91133061891946e-09,1.31044075146747e-07
21.9000434875488,9.94217019356194e-19,1.30778976537016e-09,-2.4724890579364e-08
21.9167098999023,-1.86626227982227e-19,-8.26705104373104e-09,1.56756541969116e-07
21.9333763122559,-8.11459786517516e-19,-6.91126356144878e-09,1.31042796169822e-07
21.950044631958,9.94006915480605e-19,1.30777733087228e-09,-2.47246561002612e-08
21.9667110443115,-1.86664536784346e-19,-8.26711321622042e-09,1.56757721470058e-07
21.983377456665,-8.11383479106008e-19,-6.91119650397809e-09,1.31041531403753e-07
22.0000438690186,9.93999264059939e-19,1.30776489637441e-09,-2.47244216211584e-08
22.0167102813721,-1.86630518981654e-19,-8.2671753887098e-09,1.56758886760144e-07
22.0333766937256,-8.11263020929305e-19,-6.91112989059661e-09,1.31040266637683e-07
22.0500450134277,9.94158806520585e-19,1.30775257289883e-09,-2.47241853656988e-08
22.0667114257812,-1.86692841870931e-19,-8.26723756119918e-09,1.56760066261086e-07
22.0833778381348,-8.11380945865382e-19,-6.91106283312592e-09,1.31039001871613e-07
22.1000442504883,9.94015911069767e-19,1.30774013840096e-09,-2.4723950886596e-08
22.1167106628418,-1.8664465860025e-19,-8.26730062186698e-09,1.56761245762027e-07
22.1333770751953,-8.11395680020043e-19,-6.91099621974445e-09,1.31037737105544e-07
22.1500434875488,9.94135542065857e-19,1.30772770390308e-09,-2.47237146311363e-08
22.166711807251,-1.86741748924649e-19,-8.26736279435636e-09,1.56762425262968e-07
22.1833782196045,-8.1141325760806e-19,-6.91092916227376e-09,1.31036458128619e-07
22.200044631958,9.94158703123009e-19,1.30771526940521e-09,-2.47234801520335e-08
22.2167110443115,-1.86631449559843e-19,-8.26742496684574e-09,1.5676360476391e-07
22.233377456665,-8.1134904771301e-19,-6.91086210480307e-09,1.3103519336255e-07
22.2500438690186,9.93855024440625e-19,1.30770294592963e-09,-2.47232438965739e-08
22.2667102813721,-1.86720526572058e-19,-8.26748713933512e-09,1.56764784264851e-07
22.2833786010742,-8.11546640481834e-19,-6.9107954914216e-09,1.3103392859648e-07
22.3000450134277,9.94112587803859e-19,1.30769051143176e-09,-2.47230094174711e-08
22.3167114257812,-1.86742769975717e-19,-8.2675493118245e-09,1.56765963765793e-07
22.3333778381348,-8.11361507120987e-19,-6.91072843395091e-09,1.3103266383041e-07
22.3500442504883,9.94162218640612e-19,1.30767807693388e-09,-2.47227731620114e-08
22.3667106628418,-1.86699898755532e-19,-8.26761148431387e-09,1.56767143266734e-07
22.3833789825439,-8.11145251089593e-19,-6.91066137648022e-09,1.31031384853486e-07
22.4000453948975,9.94120032429372e-19,1.30766564243601e-09,-2.47225386829086e-08
22.416711807251,-1.86858678659051e-19,-8.26767365680325e-09,1.56768322767675e-07
22.4333782196045,-8.11314823115166e-19,-6.91059476309874e-09,1.31030120087416e-07
22.450044631958,9.94018599406757e-19,1.30765320793813e-09,-2.4722302427449e-08
22.4667110443115,-1.86710665028192e-19,-8.26773582929263e-09,1.56769502268617e-07
22.483377456665,-8.11183508192923e-19,-6.91052770562806e-09,1.31028855321347e-07
22.5000457763672,9.94520594641001e-19,1.30764088446256e-09,-2.47220661719894e-08
22.5167121887207,-1.86802856892401e-19,-8.26779800178201e-09,1.56770681769558e-07
22.5333786010742,-8.11274084469998e-19,-6.91046064815737e-09,1.31027590555277e-07
22.5500450134277,9.94064818123484e-19,1.30762844996468e-09,-2.47218316928866e-08
22.5667114257812,-1.8671323704291e-19,-8.26786017427139e-09,1.56771861270499e-07
22.5833778381348,-8.11272378409984e-19,-6.91039403477589e-09,1.31026311578353e-07
22.6000442504883,9.94142469703487e-19,1.30761601546681e-09,-2.47215954374269e-08
22.6167125701904,-1.86745716806649e-19,-8.26792234676077e-09,1.56773040771441e-07
22.6333789825439,-8.11364195457978e-19,-6.9103269773052e-09,1.31025046812283e-07
22.6500453948975,9.9403328186263e-19,1.30760358096893e-09,-2.47213609583241e-08
22.666711807251,-1.86768270403038e-19,-8.26798451925015e-09,1.56774220272382e-07
22.6833782196045,-8.11199845010021e-19,-6.91025991983452e-09,1.31023782046213e-07
22.700044631958,9.94101317468013e-19,1.30759114647105e-09,-2.47211247028645e-08
22.7167129516602,-1.86803050762857e-19,-8.26804669173953e-09,1.56775399773323e-07
22.7333793640137,-8.11093448903732e-19,-6.91019330645304e-09,1.31022517280144e-07
22.7500457763672,9.94052100221566e-19,1.30757871197318e-09,-2.47208902237617e-08
22.7667121887207,-1.8682616012122e-19,-8.26810886422891e-09,1.56776579274265e-07
22.7833786010742,-8.1119565740817e-19,-6.91012624898235e-09,1.31021252514074e-07
22.8000450134277,9.94123237754245e-19,1.30756638849761e-09,-2.4720653968302e-08
22.8167114257812,-1.86888082344888e-19,-8.26817103671829e-09,1.56777758775206e-07
22.8333797454834,-8.11220421127758e-19,-6.91005919151166e-09,1.3101997353715e-07
22.8500461578369,9.94107934912913e-19,1.30755395399973e-09,-2.47204177128424e-08
22.8667125701904,-1.86874963777361e-19,-8.26823320920766e-09,1.56778938276148e-07
22.8833789825439,-8.11211218743444e-19,-6.90999257813019e-09,1.3101870877108e-07
22.9000453948975,9.94190032588709e-19,1.30754151950185e-09,-2.47201832337396e-08
22.916711807251,-1.86786688096365e-19,-8.26829538169704e-09,1.56780103566234e-07
22.9333801269531,-8.11088279024903e-19,-6.9099255206595e-09,1.3101744400501e-07
22.9500465393066,9.94134508090091e-19,1.30752908500398e-09,-2.47199469782799e-08
22.9667129516602,-1.86765310647409e-19,-8.26835755418642e-09,1.56781283067176e-07
22.9833793640137,-8.11293368118028e-19,-6.90985846318881e-09,1.31016179238941e-07
23.0000457763672,9.94142366305911e-19,1.3075166505061e-09,-2.47197107228203e-08
23.0167121887207,-1.86901420632265e-19,-8.2684197266758e-09,1.56782462568117e-07
23.0333786010742,-8.11383892696314e-19,-6.90979184980733e-09,1.31014900262016e-07
23.0500469207764,9.93884492749947e-19,1.30750421600823e-09,-2.47194762437175e-08
23.0667133331299,-1.86946243481708e-19,-8.26848189916518e-09,1.56783642069058e-07
23.0833797454834,-8.11347806942092e-19,-6.90972479233665e-09,1.31013635495947e-07
23.1000461578369,9.94157255556937e-19,1.30749178151035e-09,-2.47192399882579e-08
23.1167125701904,-1.87119279326097e-19,-8.26854407165456e-09,1.5678482157e-07
23.1333789825439,-8.11334416955926e-19,-6.90965773486596e-09,1.31012370729877e-07
23.1500453948975,9.94334685798329e-19,1.30747934701247e-09,-2.47190037327982e-08
23.1667137145996,-1.87044600426419e-19,-8.26860624414394e-09,1.56786001070941e-07
23.1833801269531,-8.1123272543937e-19,-6.90959112148448e-09,1.31011105963807e-07
23.2000465393066,9.94299427224719e-19,1.3074669125146e-09,-2.47187692536954e-08
23.2167129516602,-1.87087290700845e-19,-8.26866841663332e-09,1.56787180571882e-07
23.2333793640137,-8.11234689993325e-19,-6.90952406401379e-09,1.31009826986883e-07
23.2500457763672,9.94290638430711e-19,1.30745447801672e-09,-2.47185329982358e-08
23.2667140960693,-1.87055263301503e-19,-8.2687305891227e-09,1.56788360072824e-07
23.2833805084229,-8.11182887807464e-19,-6.90945700654311e-09,1.31008562220813e-07
23.3000469207764,9.9407246954415e-19,1.30744204351885e-09,-2.47182967427761e-08
23.3167133331299,-1.87015791276648e-19,-8.26879276161208e-09,1.56789539573765e-07
23.3333797454834,-8.11315185006684e-19,-6.90939039316163e-09,1.31007297454744e-07
23.3500461578369,9.93940947826754e-19,1.30742960902097e-09,-2.47180622636733e-08
23.3667125701904,-1.87199916511123e-19,-8.26885493410146e-09,1.56790719074706e-07
23.3833808898926,-8.11265760965084e-19,-6.90932333569094e-09,1.31006032688674e-07
23.4000473022461,9.94081465133311e-19,1.3074171745231e-09,-2.47178260082137e-08
23.4167137145996,-1.87105088008712e-19,-8.26891710659083e-09,1.56791898575648e-07
23.4333801269531,-8.11369003445288e-19,-6.90925627822025e-09,1.3100475371175e-07
23.4500465393066,9.94112070815976e-19,1.30740474002522e-09,-2.47175897527541e-08
23.4667129516602,-1.87126749801004e-19,-8.26897927908021e-09,1.56793078076589e-07
23.4833793640137,-8.11204342804602e-19,-6.90918966483878e-09,1.3100348894568e-07
23.5000476837158,9.93888008267551e-19,1.30739230552734e-09,-2.47173534972944e-08
23.5167140960693,-1.87140062238987e-19,-8.26904145156959e-09,1.56794257577531e-07
23.5333805084229,-8.11186558421432e-19,-6.90912260736809e-09,1.3100222417961e-07
23.5500469207764,9.94150431316883e-19,1.30737987102947e-09,-2.47171190181916e-08
23.5667133331299,-1.87167255801625e-19,-8.26910362405897e-09,1.56795437078472e-07
23.5833797454834,-8.10990154724739e-19,-6.9090555498974e-09,1.31000959413541e-07
23.6000480651855,9.94023872683162e-19,1.30736743653159e-09,-2.4716882762732e-08
23.6167144775391,-1.87122226157029e-19,-8.26916579654835e-09,1.56796616579413e-07
23.6333808898926,-8.11263537917188e-19,-6.90898893651593e-09,1.30999680436616e-07
23.6500473022461,9.94428880990584e-19,1.30735500203372e-09,-2.47166465072723e-08
23.6667137145996,-1.87084796234311e-19,-8.26922796903773e-09,1.567977818695e-07
23.6833801269531,-8.11144475607768e-19,-6.90892187904524e-09,1.30998415670547e-07
23.7000465393066,9.94133680909479e-19,1.30734256753584e-09,-2.47164102518127e-08
23.7167148590088,-1.87116203248194e-19,-8.26929014152711e-09,1.56798961370441e-07
23.7333812713623,-8.11072976183571e-19,-6.90885482157455e-09,1.30997150904477e-07
23.7500476837158,9.94303252935052e-19,1.30733013303796e-09,-2.47161739963531e-08
23.7667140960693,-1.87088440998885e-19,-8.26935231401649e-09,1.56800140871383e-07
23.7833805084229,-8.11197621962125e-19,-6.90878820819307e-09,1.30995886138408e-07
23.8000469207764,9.94273577830577e-19,1.30731769854009e-09,-2.47159395172503e-08
23.8167152404785,-1.86991415297972e-19,-8.26941448650587e-09,1.56801320372324e-07
23.833381652832,-8.11171203881312e-19,-6.90872115072239e-09,1.30994607161483e-07
23.8500480651855,9.94518836882199e-19,1.30730526404221e-09,-2.47157032617906e-08
23.8667144775391,-1.87112015646343e-19,-8.26947665899525e-09,1.56802499873265e-07
23.8833808898926,-8.1109468967465e-19,-6.9086540932517e-09,1.30993342395413e-07
23.9000473022461,9.94268097759019e-19,1.30729282954434e-09,-2.4715467006331e-08
23.9167137145996,-1.87112959149229e-19,-8.26953883148462e-09,1.56803679374207e-07
23.9333820343018,-8.11060103185288e-19,-6.90858747987022e-09,1.30992077629344e-07
23.9500484466553,9.94379973936867e-19,1.30728039504646e-09,-2.47152307508713e-08
23.9667148590088,-1.87201221905528e-19,-8.269601003974e-09,1.56804858875148e-07
23.9833812713623,-8.112767211082e-19,-6.90852042239953e-09,1.30990812863274e-07
24.0000476837158,9.94230874631454e-19,1.30726796054859e-09,-2.47149944954117e-08
24.0167140960693,-1.87259563988107e-19,-8.26966317646338e-09,1.56806038376089e-07
24.0333805084229,-8.11261780158386e-19,-6.90845336492885e-09,1.3098953388635e-07
24.050048828125,9.94196856828763e-19,1.30725552605071e-09,-2.47147582399521e-08
24.0667152404785,-1.87331709647158e-19,-8.26972534895276e-09,1.56807217877031e-07
24.083381652832,-8.10968906522754e-19,-6.90838675154737e-09,1.3098826912028e-07
24.1000480651855,9.94186413673529e-19,1.30724309155283e-09,-2.47145237608493e-08
24.1167144775391,-1.87314338854294e-19,-8.26978752144214e-09,1.56808397377972e-07
24.1333808898926,-8.11174616001338e-19,-6.90831969407668e-09,1.30987004354211e-07
24.1500492095947,9.94158806520585e-19,1.30723065705496e-09,-2.47142875053896e-08
24.1667156219482,-1.87319392410849e-19,-8.26984969393152e-09,1.56809576878914e-07
24.1833820343018,-8.11096964421335e-19,-6.90825263660599e-09,1.30985739588141e-07
24.2000484466553,9.94001228613894e-19,1.30721822255708e-09,-2.471405124993e-08
24.2167148590088,-1.87338921628124e-19,-8.2699118664209e-09,1.56810756379855e-07
24.2333812713623,-8.11073699966607e-19,-6.90818602322452e-09,1.30984474822071e-07
24.2500476837158,9.94196133045727e-19,1.30720578805921e-09,-2.47138149944703e-08
24.266716003418,-1.87324730310739e-19,-8.26997403891028e-09,1.56811921669942e-07
24.2833824157715,-8.11130103344625e-19,-6.90811896575383e-09,1.30983195845147e-07
24.300048828125,9.94055719136746e-19,1.30719324253903e-09,-2.47135787390107e-08
24.3167152404785,-1.87306441864384e-19,-8.27003621139966e-09,1.56813101170883e-07
24.333381652832,-8.10911675964123e-19,-6.90805190828314e-09,1.30981931079077e-07
24.3500480651855,9.942240503914e-19,1.30718080804115e-09,-2.47133424835511e-08
24.3667144775391,-1.87333958544448e-19,-8.27009838388904e-09,1.56814280671824e-07
24.3833827972412,-8.11096550831029e-19,-6.90798529490166e-09,1.30980666313008e-07
24.4000492095947,9.94074744290834e-19,1.30716837354328e-09,-2.47131062280914e-08
24.4167156219482,-1.87289975800315e-19,-8.27016055637841e-09,1.56815460172766e-07
24.4333820343018,-8.11071683713864e-19,-6.90791823743098e-09,1.30979401546938e-07
24.4500484466553,9.94082395711501e-19,1.3071559390454e-09,-2.47128699726318e-08
24.4667148590088,-1.8740954217292e-19,-8.27022272886779e-09,1.56816639673707e-07
24.4833831787109,-8.1100369980727e-19,-6.90785117996029e-09,1.30978122570014e-07
24.5000495910645,9.94278230721523e-19,1.30714350454753e-09,-2.47126337171721e-08
24.516716003418,-1.8749740426361e-19,-8.27028490135717e-09,1.56817819174648e-07
24.5333824157715,-8.10938921225549e-19,-6.90778456657881e-09,1.30976857803944e-07
24.550048828125,9.94373770082272e-19,1.30713107004965e-09,-2.47123974617125e-08
24.5667152404785,-1.87432690305375e-19,-8.27034707384655e-09,1.5681899867559e-07
24.583381652832,-8.11004992276977e-19,-6.90771750910812e-09,1.30975593037874e-07
24.6000499725342,9.94491746717138e-19,1.30711852452947e-09,-2.47121612062529e-08
24.6167163848877,-1.87401141119824e-19,-8.27040924633593e-09,1.56820178176531e-07
24.6333827972412,-8.11029394105047e-19,-6.90765045163744e-09,1.30974328271805e-07
24.6500492095947,9.94093459252194e-19,1.3071060900316e-09,-2.47119249507932e-08
24.6667156219482,-1.87405057303037e-19,-8.27047141882531e-09,1.56821357677472e-07
24.6833820343018,-8.10940782381927e-19,-6.90758339416675e-09,1.3097304929488e-07
24.7000484466553,9.94213297043437e-19,1.30709365553372e-09,-2.47116886953336e-08
24.7167167663574,-1.8745278820932e-19,-8.27053359131469e-09,1.56822537178414e-07
24.7333831787109,-8.11022001178322e-19,-6.90751678078527e-09,1.30971784528811e-07
24.7500495910645,9.94157048761784e-19,1.30708122103584e-09,-2.47114524398739e-08
24.766716003418,-1.8743319436856e-19,-8.27059576380407e-09,1.56823716679355e-07
24.7833824157715,-8.11015383733422e-19,-6.90744972331458e-09,1.30970519762741e-07
24.800048828125,9.94099766504364e-19,1.30706878653797e-09,-2.47112161844143e-08
24.8167171478271,-1.8743147538385e-19,-8.27065793629345e-09,1.56824896180296e-07
24.8333835601807,-8.10974179799159e-19,-6.9073826658439e-09,1.30969240785817e-07
24.8500499725342,9.94116620309345e-19,1.30705624101779e-09,-2.47109799289547e-08
24.8667163848877,-1.87510303111287e-19,-8.27072010878283e-09,1.56826061470383e-07
24.8833827972412,-8.11188574674175e-19,-6.90731605246242e-09,1.30967976019747e-07
24.9000492095947,9.94478615224914e-19,1.30704380651991e-09,-2.4710743673495e-08
24.9167156219482,-1.87499200796503e-19,-8.2707822812722e-09,1.56827240971324e-07
24.9333839416504,-8.11027739743822e-19,-6.90724899499173e-09,1.30966711253677e-07
24.9500503540039,9.94133577511902e-19,1.30703137202204e-09,-2.47105074180354e-08
24.9667167663574,-1.87647524620091e-19,-8.27084445376158e-09,1.56828420472266e-07
24.9833831787109,-8.10909711410168e-19,-6.90718193752105e-09,1.30965446487608e-07
25.0,-1.20405195784801e-18,1.31509714229594e-09,-2.48634837163308e-08
