Time,U1,U2,U3
0.0,0.0,0.0,0.0
0.0033333299215883,2.21230343400231e-20,-5.94514049101491e-10,-4.68357042038292e-09
0.0066666598431766,-1.00475606291725e-19,-4.77263895071189e-10,-3.78448339333204e-09
0.00999999046325684,1.22835002645023e-19,7.02490079995677e-11,5.78379955040731e-10
0.0133333196863532,-1.23135734496475e-19,-5.76805270213754e-10,-4.56327597930795e-09
0.0166666507720947,-4.14610509161889e-21,-4.88733886694348e-10,-3.86167098298529e-09
0.0199999809265137,-3.68016887363133e-20,7.59573931530255e-11,6.15700879169623e-10
0.0233333092182875,4.62516488545377e-20,-5.77498104892271e-10,-4.56587612163162e-09
0.0266666393727064,-6.87483378024746e-20,-4.92188345635469e-10,-3.88776077997477e-09
0.0299999695271254,3.33074128725993e-20,8.26384585761453e-11,6.64063026789563e-10
0.0333333015441895,1.09053488630945e-19,-5.86490023213315e-10,-4.63011540219327e-09
0.0366666316986084,-6.29153315413891e-20,-4.81750694891758e-10,-3.81369114066388e-09
0.0399999618530273,1.2682439134179e-19,7.15368667081329e-11,5.8562910076887e-10
0.043333288282156,4.5835486533544e-20,-5.75400782576452e-10,-4.55204718363689e-09
0.0466666184365749,-9.30449459139328e-20,-4.92271112761955e-10,-3.88750276414385e-09
0.0499999485909939,1.82780445594617e-19,8.10601169520808e-11,6.52193132832934e-10
0.0533332787454128,6.06812265668085e-20,-5.83627313144319e-10,-4.60928095691315e-09
0.0566666088998318,-1.11756960442013e-19,-4.85519235926546e-10,-3.84082277093967e-09
0.0599999390542507,5.70166613568338e-20,7.58534901557084e-11,6.16535378306082e-10
0.06333327293396,-1.78463308390553e-21,-5.79946923817687e-10,-4.58448479179197e-09
0.0666666030883789,-1.15870439155359e-19,-4.87764051371187e-10,-3.85541998326744e-09
0.0699999332427979,1.09173533217342e-19,7.68094754466375e-11,6.21990237092973e-10
0.0733332633972168,-4.0675362620202e-20,-5.7980142909031e-10,-4.58214000076396e-09
0.0766665935516357,-5.73852220185144e-20,-4.88799056785894e-10,-3.86404774843641e-09
0.0799999237060547,7.76475345732322e-20,7.85141604509043e-11,6.35330454912264e-10
0.083333246409893,-2.6498354491334e-20,-5.81962700252348e-10,-4.59867388613588e-09
0.086666576564312,-4.25305574819223e-20,-4.86376994235371e-10,-3.84571219314012e-09
0.0899999067187309,5.204506353732e-20,7.60047233483441e-11,6.16425188670888e-10
0.0933332368731499,-2.43319620047091e-20,-5.79514047860386e-10,-4.58025217753288e-09
0.0966665670275688,-8.15219063907628e-20,-4.88644125162807e-10,-3.86279053188332e-09
0.0999998971819878,7.21952188020287e-20,7.79998496347467e-11,6.31516505755769e-10
0.103333227336407,-1.0248978623653e-20,-5.8117832768545e-10,-4.59293847399067e-09
0.106666557490826,-5.807934287472e-20,-4.87339613108873e-10,-3.85271237135498e-09
0.109999887645245,8.10366357145297e-20,7.7059941760993e-11,6.24077012290059e-10
0.113333217799664,-9.5703972922947e-21,-5.80589465393189e-10,-4.58803972591681e-09
0.116666547954082,-6.22343615644534e-20,-4.87604290277943e-10,-3.85526011115189e-09
0.119999878108501,8.22000523213885e-20,7.70387156845409e-11,6.24545914984509e-10
0.12333320826292,-1.84716361651895e-20,-5.80329950761183e-10,-4.58676963077664e-09
0.12666654586792,-6.93981075606806e-20,-4.88048101932037e-10,-3.85788290202527e-09
0.129999876022339,7.18685729329497e-20,7.76123748602586e-11,6.28130991664477e-10
0.133333206176758,-2.77378668677863e-20,-5.80983150477721e-10,-4.59095694793632e-09
0.136666536331177,-4.36253084044163e-20,-4.87358653433745e-10,-3.85340070963025e-09
0.139999866485596,8.08185896125911e-20,7.69238631126434e-11,6.23617824047074e-10
0.143333196640015,-1.31642215962313e-20,-5.80327674803982e-10,-4.58664262126263e-09
0.146666526794434,-7.95874863671707e-20,-4.87953788486095e-10,-3.85731802055034e-09
0.149999856948853,8.30368618332595e-20,7.74385278123901e-11,6.26991902841212e-10
0.153333187103271,-1.18581639935276e-20,-5.80750558754062e-10,-4.58939064529318e-09
0.15666651725769,-7.77671138705344e-20,-4.87625106959655e-10,-3.85521392587407e-09
0.159999847412109,8.86692961828465e-20,7.72009331462264e-11,6.25509088969523e-10
0.163333162665367,-2.06699930432585e-20,-5.80598347177386e-10,-4.58849047646481e-09
0.166666492819786,-6.79710788323589e-20,-4.87698492701583e-10,-3.85557452631247e-09
0.169999822974205,8.36177106443337e-20,7.72041527929979e-11,6.25388074659838e-10
0.173333153128624,-1.50354584303975e-20,-5.80543391137667e-10,-4.58797089208929e-09
0.176666483283043,-6.78339607211311e-20,-4.87796414372355e-10,-3.85638454503123e-09
0.179999813437462,8.69501369889743e-20,7.73301284118233e-11,6.26381946311483e-10
0.183333143591881,-1.14568755754821e-20,-5.80685055595609e-10,-4.58906157518868e-09
0.1866664737463,-7.384580601559e-20,-4.87647699998206e-10,-3.85525433799216e-09
0.189999803900719,8.4876433967395e-20,7.71810948485552e-11,6.25257901010201e-10
0.193333134055138,-1.44002499590293e-20,-5.80542613981549e-10,-4.58799132019294e-09
0.196666464209557,-6.84376345472329e-20,-4.87775819735248e-10,-3.85621534704228e-09
0.199999794363976,8.47155021018137e-20,7.72887864819438e-11,6.26065366216011e-10
0.203333124518394,-1.46483443660712e-20,-5.80627323998328e-10,-4.58862725594145e-09
0.206666454672813,-7.03172150811521e-20,-4.87712648045147e-10,-3.8557383952309e-09
0.209999784827232,8.63539659495223e-20,7.72444191943222e-11,6.25724694280905e-10
0.213333114981651,-1.33716645998102e-20,-5.80599790467318e-10,-4.5884087640502e-09
0.21666644513607,-7.09650267477519e-20,-4.87723417208485e-10,-3.85583476258944e-09
0.219999775290489,8.49901971510152e-20,7.72388264458357e-11,6.25699714262851e-10
0.223333105444908,-1.4937534463038e-20,-5.80580361564387e-10,-4.58828042226855e-09
0.226666435599327,-6.8869681320927e-20,-4.87751505851008e-10,-3.8560270532173e-09
0.229999765753746,8.39697858549001e-20,7.72703775964168e-11,6.2591742899798e-10
0.233333095908165,-1.38001853545846e-20,-5.80612224965193e-10,-4.58850069051664e-09
0.236666426062584,-7.01555658948834e-20,-4.87719475916748e-10,-3.85580456452317e-09
0.239999756217003,8.5284466653931e-20,7.72378411229013e-11,6.25688056921092e-10
0.243333086371422,-1.40027767500005e-20,-5.80580361564387e-10,-4.58827242866278e-09
0.246666416525841,-7.08002110107007e-20,-4.8774750904812e-10,-3.85600662511365e-09
0.24999974668026,8.49065161998281e-20,7.72590394437778e-11,6.25840879120432e-10
0.25333309173584,-1.60128983399254e-20,-5.80593906285287e-10,-4.58837012828894e-09
0.256666421890259,-6.98769158883781e-20,-4.8773940442004e-10,-3.85594756124874e-09
0.259999752044678,8.4064698367842e-20,7.72538491511376e-11,6.25800300468882e-10
0.263333082199097,-1.45675650093766e-20,-5.80590742149667e-10,-4.5883412624903e-09
0.266666412353516,-7.00834783969691e-20,-4.87739015841981e-10,-3.85595155805163e-09
0.269999742507935,8.50103338290521e-20,7.7248332730484e-11,6.25766383155479e-10
0.273333072662354,-1.49556855844873e-20,-5.80580417075538e-10,-4.58827109639515e-09
0.276666402816772,-6.95287439363272e-20,-4.87751339317555e-10,-3.85603549091229e-09
0.279999732971191,8.50349295275784e-20,7.72595876163962e-11,6.25841323209642e-10
0.28333306312561,-1.48744619413308e-20,-5.80589576415491e-10,-4.58832927208164e-09
0.286666393280029,-6.9587131255346e-20,-4.87742624066811e-10,-3.85598086793948e-09
0.289999723434448,8.44054773931683e-20,7.72495470369172e-11,6.25775375961979e-10
0.293333053588867,-1.48100016302757e-20,-5.80578030096035e-10,-4.58825066829149e-09
0.296666383743286,-7.02997861271517e-20,-4.87753282207848e-10,-3.85605369856989e-09
0.299999713897705,8.53741382022105e-20,7.72568328755163e-11,6.2582278248513e-10
0.303333044052124,-1.50367379754076e-20,-5.80581527298563e-10,-4.58826932003831e-09
0.306666374206543,-7.00609312629285e-20,-4.87751394828706e-10,-3.85604659314254e-09
0.309999704360962,8.4964457616798e-20,7.72542238514085e-11,6.25808627141566e-10
0.313333034515381,-1.51782197874839e-20,-5.80577586006825e-10,-4.58824356286414e-09
0.3166663646698,-6.97273512938709e-20,-4.87754669986629e-10,-3.85606790942461e-09
0.319999694824219,8.48550952925306e-20,7.72546956961939e-11,6.25808682652718e-10
0.323332995176315,-1.49946632396796e-20,-5.80575032493869e-10,-4.58822047022522e-09
0.326666325330734,-7.00522458664967e-20,-4.87757945144551e-10,-3.85609633113404e-09
0.329999655485153,8.48886542684758e-20,7.72562222528528e-11,6.25822893507433e-10
0.333332985639572,-1.49820842782551e-20,-5.80574255337751e-10,-4.58821602933313e-09
0.336666315793991,-6.99317230663083e-20,-4.87758999856425e-10,-3.8561034365614e-09
0.33999964594841,8.49314091663871e-20,7.72554173411599e-11,6.25814899901656e-10
0.343332976102829,-1.49654033410977e-20,-5.80571202224434e-10,-4.58818982806974e-09
0.346666306257248,-6.98876950857354e-20,-4.87762163992045e-10,-3.85612963782478e-09
0.349999636411667,8.48225250559113e-20,7.72562847028979e-11,6.25823448618945e-10
0.353332966566086,-1.49790889797089e-20,-5.80569370356443e-10,-4.58817739357187e-09
0.356666296720505,-6.99608876452493e-20,-4.87764495460397e-10,-3.85614651321475e-09
0.359999626874924,8.49107425757704e-20,7.72568814477737e-11,6.25826224176507e-10
0.363332957029343,-1.50200651161858e-20,-5.80567705021906e-10,-4.58816229453873e-09
0.366666287183762,-6.99619927068489e-20,-4.87766271817236e-10,-3.85616250042631e-09
0.369999617338181,8.4919751089629e-20,7.72565275641846e-11,6.25825391509238e-10
0.373332947492599,-1.50323080354864e-20,-5.80564873953193e-10,-4.58814142234587e-09
0.376666277647018,-6.98913010762183e-20,-4.87769491464007e-10,-3.85618603715443e-09
0.379999607801437,8.48761173123168e-20,7.72577279928299e-11,6.25833107559259e-10
0.383332937955856,-1.49540457635464e-20,-5.80563597196715e-10,-4.58812987602641e-09
0.386666268110275,-6.99760806266564e-20,-4.87771045776242e-10,-3.85620024800915e-09
0.389999598264694,8.49055209981536e-20,7.72573879870286e-11,6.25831886313932e-10
0.393332928419113,-1.49878373840389e-20,-5.80560932661456e-10,-4.58810989201197e-09
0.396666258573532,-6.9939574819779e-20,-4.87773987867257e-10,-3.85622200838043e-09
0.399999588727951,8.48989035532532e-20,7.72581928987215e-11,6.25837104362148e-10
0.40333291888237,-1.50207743589376e-20,-5.80559211815768e-10,-4.58809523706805e-09
0.406666249036789,-6.98836819672948e-20,-4.87776041779853e-10,-3.85623932785961e-09
0.409999579191208,8.48761948604992e-20,7.72583594321752e-11,6.25839158274744e-10
0.413332909345627,-1.49821682887861e-20,-5.80556991369718e-10,-4.58807836167807e-09
0.416666239500046,-6.99279167430208e-20,-4.87778484270507e-10,-3.85625797960643e-09
0.419999569654465,8.49091657627277e-20,7.72587480102338e-11,6.25841767298851e-10
0.423332899808884,-1.50006344497265e-20,-5.80554881945972e-10,-4.5880614862881e-09
0.426666229963303,-6.99251702448932e-20,-4.8778087125001e-10,-3.85627751953166e-09
0.429999560117722,8.49097409117474e-20,7.72591435271863e-11,6.25845208990228e-10
0.433332890272141,-1.50074796924128e-20,-5.80552883544527e-10,-4.58804549907654e-09
0.436666220426559,-6.99135057057865e-20,-4.87783202718362e-10,-3.85629572718926e-09
0.439999550580978,8.48897722547725e-20,7.72594765940937e-11,6.25847595969731e-10
0.443332880735397,-1.49993952943948e-20,-5.8055077412078e-10,-4.58802862368657e-09
0.446666210889816,-6.99251896319388e-20,-4.87785589697864e-10,-3.85631437893608e-09
0.449999541044235,8.48995433257582e-20,7.72598304776828e-11,6.25850593571897e-10
0.453332871198654,-1.50056766971713e-20,-5.80548664697034e-10,-4.58801263647501e-09
0.456666201353073,-6.99243883007204e-20,-4.87787976677367e-10,-3.8563334747721e-09
0.459999531507492,8.48985545864323e-20,7.72602329335292e-11,6.25853535662912e-10
0.463332861661911,-1.50027831806145e-20,-5.80546666295589e-10,-4.58799620517425e-09
0.46666619181633,-6.99154444103472e-20,-4.87790252634568e-10,-3.8563516824297e-09
0.469999521970749,8.49015466538043e-20,7.72605313059671e-11,6.2585614468702e-10
0.473332852125168,-1.49978023254807e-20,-5.80544556871843e-10,-4.58797932978428e-09
0.476666182279587,-6.99152699269367e-20,-4.87792695125222e-10,-3.85637077826573e-09
0.479999512434006,8.48978437280934e-20,7.72609476396013e-11,6.25859253311489e-10
0.483332842588425,-1.49973370363862e-20,-5.80542502959247e-10,-4.58796334257272e-09
0.486666172742844,-6.99233284755606e-20,-4.87795026593574e-10,-3.85638943001254e-09
0.489999502897263,8.48923442694896e-20,7.72612668287209e-11,6.25861862335597e-10
0.493332833051682,-1.49996554039233e-20,-5.805403935355e-10,-4.58794646718275e-09
0.4966661632061,-6.99245304723882e-20,-4.87797413573077e-10,-3.85640808175935e-09
0.499999493360519,8.48918854427436e-20,7.72616554067795e-11,6.25864859937764e-10
0.503332853317261,-1.49944839095077e-20,-5.80538339622905e-10,-4.58793047997119e-09
0.50666618347168,-6.99250603849681e-20,-4.87799745041428e-10,-3.85642673350617e-09
0.509999513626099,8.49006548497064e-20,7.72620023514747e-11,6.25867635495325e-10
0.513332843780518,-1.49948151048702e-20,-5.80536285710309e-10,-4.58791360458122e-09
0.516666173934937,-6.99231798415443e-20,-4.87802132020931e-10,-3.85644538525298e-09
0.519999504089355,8.49004674415988e-20,7.72623631739577e-11,6.25870466564038e-10
0.523332834243774,-1.49953482486244e-20,-5.80534176286562e-10,-4.58789717328045e-09
0.526666164398193,-6.9924672644056e-20,-4.87804463489283e-10,-3.85646448108901e-09
0.529999494552612,8.49030911551043e-20,7.72627309353346e-11,6.25873353143902e-10
0.533332824707031,-1.49934951701818e-20,-5.80532122373967e-10,-4.58788074197969e-09
0.53666615486145,-6.99247308051928e-20,-4.87806850468786e-10,-3.85648313283582e-09
0.539999485015869,8.49039054110197e-20,7.72630848189237e-11,6.25876184212615e-10
0.543332815170288,-1.49907551344027e-20,-5.80530068461371e-10,-4.58786431067892e-09
0.546666145324707,-6.99187014340091e-20,-4.87809181937138e-10,-3.85650178458263e-09
0.549999475479126,8.49064321892972e-20,7.72634456414067e-11,6.25879015281328e-10
0.553332805633545,-1.49884884656539e-20,-5.80527959037624e-10,-4.58784787937816e-09
0.556666135787964,-6.99178354793053e-20,-4.87811568916641e-10,-3.85652043632945e-09
0.559999465942383,8.4902037792293e-20,7.72638064638898e-11,6.25881901861192e-10
0.563332796096802,-1.49872703129549e-20,-5.80525905125029e-10,-4.5878314480774e-09
0.566666126251221,-6.99153474751191e-20,-4.87813900384992e-10,-3.85653908807626e-09
0.56999945640564,8.49033754984398e-20,7.72641672863728e-11,6.25884677418753e-10
0.573332786560059,-1.49847580749617e-20,-5.80523795701282e-10,-4.58781501677663e-09
0.576666116714478,-6.99183977036279e-20,-4.87816287364495e-10,-3.85655773982307e-09
0.579999446868896,8.49006483873578e-20,7.72645281088558e-11,6.25887563998617e-10
0.583332777023315,-1.49855044762176e-20,-5.80521741788687e-10,-4.58779858547587e-09
0.586666107177734,-6.99166593318719e-20,-4.87818674343998e-10,-3.8565768356591e-09
0.589999437332153,8.49025418554787e-20,7.72648889313388e-11,6.2589039506733e-10
0.593332767486572,-1.49815947553535e-20,-5.80519687876091e-10,-4.5877821541751e-09
0.596666097640991,-6.99135315551806e-20,-4.8782100581235e-10,-3.85659548740591e-09
0.59999942779541,8.49059798248997e-20,7.72652497538218e-11,6.25893226136043e-10
0.603332757949829,-1.49783231914074e-20,-5.80517578452344e-10,-4.58776572287434e-09
0.606666088104248,-6.99156188937576e-20,-4.87823392791853e-10,-3.85661413915273e-09
0.609999418258667,8.49057859544436e-20,7.72656105763048e-11,6.25896057204756e-10
0.613332748413086,-1.49794379465298e-20,-5.80515524539749e-10,-4.58774929157357e-09
0.616666078567505,-6.99183783165823e-20,-4.87825724260205e-10,-3.85663279089954e-09
0.619999408721924,8.4902412608508e-20,7.72659713987878e-11,6.2589894378462e-10
0.623332738876343,-1.49771728933681e-20,-5.80513470627153e-10,-4.58773286027281e-09
0.626666069030762,-6.99130468790405e-20,-4.87828111239708e-10,-3.85665144264635e-09
0.629999399185181,8.49131853435168e-20,7.72663322212708e-11,6.25901774853332e-10
0.6333327293396,-1.49787448596493e-20,-5.80511361203406e-10,-4.58771642897204e-09
0.636666059494019,-6.99162522039141e-20,-4.87830442708059e-10,-3.85667009439317e-09
0.639999389648438,8.49102062008419e-20,7.72666930437538e-11,6.25904605922045e-10
0.643332660198212,-1.49774087690896e-20,-5.80509307290811e-10,-4.58769999767128e-09
0.646665990352631,-6.99187595951459e-20,-4.87832829687562e-10,-3.85668919022919e-09
0.64999932050705,8.49096698259135e-20,7.72670469273429e-11,6.25907436990758e-10
0.653332650661469,-1.49741420519049e-20,-5.80507253378215e-10,-4.58768356637052e-09
0.656665980815887,-6.99156899795915e-20,-4.87835161155914e-10,-3.856707841976e-09
0.659999310970306,8.49110010697118e-20,7.72674077498259e-11,6.25910268059471e-10
0.663332641124725,-1.49722324279126e-20,-5.80505143954468e-10,-4.58766713506975e-09
0.666665971279144,-6.99142747252622e-20,-4.87837548135417e-10,-3.85672649372282e-09
0.669999301433563,8.49096698259135e-20,7.72677685723089e-11,6.25913099128184e-10
0.673332631587982,-1.49713648576217e-20,-5.80503090041873e-10,-4.58765070376899e-09
0.676665961742401,-6.99137706620765e-20,-4.8783993511492e-10,-3.85674514546963e-09
0.67999929189682,8.49068328549064e-20,7.72681293947919e-11,6.25915985708048e-10
0.683332622051239,-1.49691563500097e-20,-5.80501036129277e-10,-4.58763427246822e-09
0.686665952205658,-6.99166657942204e-20,-4.87842266583272e-10,-3.85676379721644e-09
0.689999282360077,8.49134696868524e-20,7.72684902172749e-11,6.2591881677676e-10
0.693332612514496,-1.49712323794767e-20,-5.8049892670553e-10,-4.58761784116746e-09
0.696665942668915,-6.99133247600275e-20,-4.87844653562775e-10,-3.85678244896326e-09
0.699999272823334,8.49137152560967e-20,7.72688510397579e-11,6.25921647845473e-10
0.703332602977753,-1.4968918858701e-20,-5.80496872792935e-10,-4.58760140986669e-09
0.706665933132172,-6.99240716456422e-20,-4.87846985031126e-10,-3.85680154479928e-09
0.709999263286591,8.49080800881737e-20,7.72692118622409e-11,6.25924478914186e-10
0.71333259344101,-1.49715926554076e-20,-5.80494763369188e-10,-4.58758497856593e-09
0.716665923595428,-6.9916504235507e-20,-4.87849372010629e-10,-3.8568201965461e-09
0.719999253749847,8.49017082125177e-20,7.72695726847239e-11,6.25927309982899e-10
0.723332583904266,-1.49721306459232e-20,-5.80492709456593e-10,-4.58756854726516e-09
0.726665914058685,-6.99209180195568e-20,-4.87851703478981e-10,-3.85683884829291e-09
0.729999244213104,8.49035305948047e-20,7.72699335072069e-11,6.25930141051612e-10
0.733332574367523,-1.49729093589217e-20,-5.80490655543997e-10,-4.58755167187519e-09
0.736665904521942,-6.99226757783585e-20,-4.87854090458484e-10,-3.85685750003972e-09
0.739999234676361,8.49090171287114e-20,7.72702943296899e-11,6.25933027631476e-10
0.74333256483078,-1.49734231156303e-20,-5.8048854612025e-10,-4.58753524057443e-09
0.746665894985199,-6.99169889116472e-20,-4.87856421926836e-10,-3.85687615178654e-09
0.749999225139618,8.49094501060633e-20,7.7270648213279e-11,6.25935858700188e-10
0.753332555294037,-1.4973069302048e-20,-5.80486492207655e-10,-4.58751880927366e-09
0.756665885448456,-6.99240328715509e-20,-4.87858808906338e-10,-3.85689480353335e-09
0.759999215602875,8.49098378469754e-20,7.7271009035762e-11,6.25938689768901e-10
0.763332545757294,-1.49678671114768e-20,-5.80484438295059e-10,-4.5875023779729e-09
0.766665875911713,-6.99236192812447e-20,-4.87861195885841e-10,-3.85691345528016e-09
0.769999206066132,8.49064257269486e-20,7.7271369858245e-11,6.25941520837614e-10
0.773332536220551,-1.49694503868681e-20,-5.80482328871312e-10,-4.58748594667213e-09
0.776665866374969,-6.99190827125727e-20,-4.87863527354193e-10,-3.85693255111619e-09
0.779999196529388,8.49047132045867e-20,7.7271730680728e-11,6.25944351906327e-10
0.783332526683807,-1.49721451862074e-20,-5.80480274958717e-10,-4.58746951537137e-09
0.786665856838226,-6.99181973708233e-20,-4.87865914333696e-10,-3.856951202863e-09
0.789999186992645,8.4905585621639e-20,7.7272091503211e-11,6.2594718297504e-10
0.793332517147064,-1.49703098792233e-20,-5.80478221046121e-10,-4.5874530840706e-09
0.796665847301483,-6.99189599279505e-20,-4.87868245802048e-10,-3.85696985460982e-09
0.799999177455902,8.49082028727959e-20,7.7272452325694e-11,6.25950069554904e-10
0.803332507610321,-1.4967506835546e-20,-5.80476111622374e-10,-4.58743665276984e-09
0.80666583776474,-6.99263334676296e-20,-4.87870632781551e-10,-3.85698850635663e-09
0.809999167919159,8.49011782999377e-20,7.7272813148177e-11,6.25952900623616e-10
0.813332498073578,-1.49714811798954e-20,-5.80474057709779e-10,-4.58742022146907e-09
0.816665828227997,-6.99278779689296e-20,-4.87872964249902e-10,-3.85700715810344e-09
0.819999158382416,8.49032074773779e-20,7.727317397066e-11,6.25955731692329e-10
0.823332488536835,-1.4970571604339e-20,-5.80471948286032e-10,-4.58740379016831e-09
0.826665818691254,-6.9930682628194e-20,-4.87875351229405e-10,-3.85702580985026e-09
0.829999148845673,8.49000538512925e-20,7.72735278542491e-11,6.25958562761042e-10
0.833332479000092,-1.49716168892146e-20,-5.80469894373437e-10,-4.58738735886755e-09
0.83666580915451,-6.99314968841095e-20,-4.87877682697757e-10,-3.85704490568628e-09
0.839999139308929,8.48914266159976e-20,7.72738886767321e-11,6.25961393829755e-10
0.843332469463348,-1.49676134642968e-20,-5.80467840460841e-10,-4.58737092756678e-09
0.846665799617767,-6.99273480563497e-20,-4.8788006967726e-10,-3.85706355743309e-09
0.849999129772186,8.49050557090591e-20,7.72742494992151e-11,6.25964224898468e-10
0.853332459926605,-1.49684131799281e-20,-5.80465731037094e-10,-4.58735449626602e-09
0.856665790081024,-6.99238583881405e-20,-4.87882401145612e-10,-3.85708220917991e-09
0.859999120235443,8.49100058680373e-20,7.72746103216981e-11,6.2596705596718e-10
0.863332450389862,-1.49676587007366e-20,-5.80463677124499e-10,-4.58733806496525e-09
0.866665780544281,-6.99271541858936e-20,-4.87884788125115e-10,-3.85710086092672e-09
0.8699991106987,8.49006031509181e-20,7.72749711441811e-11,6.25969887035893e-10
0.873332440853119,-1.4967085167304e-20,-5.80461623211903e-10,-4.58732163366449e-09
0.876665771007538,-6.99241879679158e-20,-4.87887175104618e-10,-3.85711951267353e-09
0.879999101161957,8.49076794225645e-20,7.72753319666641e-11,6.25972773615757e-10
0.883332431316376,-1.49642772768653e-20,-5.80459513788156e-10,-4.58730520236372e-09
0.886665761470795,-6.99339913506443e-20,-4.87889506572969e-10,-3.85713816442035e-09
0.889999091625214,8.49054628370168e-20,7.72756927891471e-11,6.2597560468447e-10
0.893332421779633,-1.49642578898197e-20,-5.80457459875561e-10,-4.58728877106296e-09
0.896665751934052,-6.99268246061183e-20,-4.87891893552472e-10,-3.85715726025637e-09
0.89999908208847,8.48945737797344e-20,7.72760466727362e-11,6.25978435753183e-10
0.903332412242889,-1.49610961857987e-20,-5.80455405962965e-10,-4.58727233976219e-09
0.906665742397308,-6.99297132759137e-20,-4.87894225020824e-10,-3.85717591200319e-09
0.909999072551727,8.48947482631448e-20,7.72764074952192e-11,6.25981266821896e-10
0.913332402706146,-1.4959929731888e-20,-5.80453296539218e-10,-4.58725590846143e-09
0.916665732860565,-6.99296034159886e-20,-4.87896612000327e-10,-3.85719456375e-09
0.919999063014984,8.4901494955016e-20,7.72767683177022e-11,6.25984097890608e-10
0.923332393169403,-1.49629137213243e-20,-5.80451242626623e-10,-4.58723947716067e-09
0.926665723323822,-6.99263787040694e-20,-4.87898943468679e-10,-3.85721321549681e-09
0.929999053478241,8.49071818217273e-20,7.72771291401853e-11,6.25986928959321e-10
0.93333238363266,-1.49605888914387e-20,-5.80449133202876e-10,-4.5872230458599e-09
0.936665713787079,-6.99266242733137e-20,-4.87901330448182e-10,-3.85723186724363e-09
0.939999043941498,8.490849367848e-20,7.72774899626683e-11,6.25989760028034e-10
0.943332374095917,-1.49581283522337e-20,-5.8044707929028e-10,-4.58720661455914e-09
0.946665704250336,-6.9935497077853e-20,-4.87903661916533e-10,-3.85725051899044e-09
0.949999034404755,8.48983284042336e-20,7.72778507851513e-11,6.25992591096747e-10
0.953332364559174,-1.49584983216874e-20,-5.80445025377685e-10,-4.58718973916916e-09
0.956665694713593,-6.99288150094673e-20,-4.87906048896036e-10,-3.85726961482646e-09
0.959999024868011,8.48988001556766e-20,7.72782046687404e-11,6.25995477676611e-10
0.96333235502243,-1.49615873242874e-20,-5.80442915953938e-10,-4.5871733078684e-09
0.966665685176849,-6.99288537835585e-20,-4.87908435875539e-10,-3.85728826657328e-09
0.969999015331268,8.49042543778407e-20,7.72785654912234e-11,6.25998308745324e-10
0.973332345485687,-1.49608910062327e-20,-5.80440862041343e-10,-4.58715687656763e-09
0.976665675640106,-6.99361110009639e-20,-4.87910767343891e-10,-3.85730691832009e-09
0.979999005794525,8.48998276690938e-20,7.72789263137064e-11,6.26001139814036e-10
0.983332335948944,-1.49611995833753e-20,-5.80438808128747e-10,-4.58714044526687e-09
0.986665666103363,-6.99377136634007e-20,-4.87913154323394e-10,-3.85732557006691e-09
0.989998996257782,8.48973978260444e-20,7.72792871361894e-11,6.26003970882749e-10
0.993332326412201,-1.4961437074684e-20,-5.80436698705e-10,-4.5871240139661e-09
0.99666565656662,-6.99302173390995e-20,-4.87915485791746e-10,-3.85734422181372e-09
0.999998986721039,8.4906587285662e-20,7.72796479586724e-11,6.26006801951462e-10
1.0033323764801,-1.49594159751795e-20,-5.80434644792405e-10,-4.58710758266534e-09
1.00666570663452,-6.9931031595015e-20,-4.87917872771249e-10,-3.85736287356053e-09
1.00999903678894,8.48974430624842e-20,7.72800087811554e-11,6.26009633020175e-10
1.01333236694336,-1.49594450557479e-20,-5.80432535368658e-10,-4.58709115136458e-09
1.01666569709778,-6.99282527851447e-20,-4.879202042396e-10,-3.85738152530735e-09
1.0199990272522,8.48942571246561e-20,7.72803626647445e-11,6.26012464088888e-10
1.02333235740662,-1.49587939741329e-20,-5.80430481456062e-10,-4.58707472006381e-09
1.02666568756104,-6.99324209999501e-20,-4.87922591219103e-10,-3.85740062114337e-09
1.02999901771545,8.48960342705034e-20,7.72807234872275e-11,6.260152951576e-10
1.03333234786987,-1.49546435307859e-20,-5.80428427543467e-10,-4.58705828876305e-09
1.03666567802429,-6.99328087408623e-20,-4.87924922687455e-10,-3.85741927289018e-09
1.03999900817871,8.49057213309582e-20,7.72810843097105e-11,6.26018126226313e-10
1.04333233833313,-1.4951615920497e-20,-5.8042631811972e-10,-4.58704185746228e-09
1.04666566848755,-6.9932853977302e-20,-4.87927309666958e-10,-3.857437924637e-09
1.04999899864197,8.49020054805503e-20,7.72814451321935e-11,6.26020957295026e-10
1.05333232879639,-1.49506191032354e-20,-5.80424264207124e-10,-4.58702542616152e-09
1.05666565895081,-6.99309540468325e-20,-4.8792964113531e-10,-3.85745657638381e-09
1.05999898910522,8.49119187232039e-20,7.72818059546765e-11,6.2602384387489e-10
1.06333231925964,-1.49486723207391e-20,-5.80422210294529e-10,-4.58700899486075e-09
1.06666564941406,-6.99219519953225e-20,-4.87932028114813e-10,-3.85747522813062e-09
1.06999897956848,8.49028197364658e-20,7.72821667771595e-11,6.26026674943603e-10
1.0733323097229,-1.49486513181063e-20,-5.80420100870782e-10,-4.58699256355999e-09
1.07666563987732,-6.99290605787116e-20,-4.87934415094315e-10,-3.85749387987744e-09
1.07999897003174,8.48970682462691e-20,7.72825206607486e-11,6.26029506012316e-10
1.08333230018616,-1.49480907093709e-20,-5.80418046958187e-10,-4.58697613225922e-09
1.08666563034058,-6.99263657793723e-20,-4.87936746562667e-10,-3.85751297571346e-09
1.089998960495,8.49024319955536e-20,7.72828814832316e-11,6.26032337081028e-10
1.09333229064941,-1.49480583976282e-20,-5.80415993045591e-10,-4.58695970095846e-09
1.09666562080383,-6.99280847640827e-20,-4.8793913354217e-10,-3.85753162746028e-09
1.09999895095825,8.48988518544649e-20,7.72832423057146e-11,6.26035168149741e-10
1.10333228111267,-1.49449710106153e-20,-5.80413883621844e-10,-4.5869432696577e-09
1.10666561126709,-6.9928498354389e-20,-4.87941465010522e-10,-3.85755027920709e-09
1.10999894142151,8.49038020134432e-20,7.72836031281976e-11,6.26037999218454e-10
1.11333227157593,-1.49452262733825e-20,-5.80411829709249e-10,-4.58692683835693e-09
1.11666560173035,-6.99243947630689e-20,-4.87943851990025e-10,-3.8575689309539e-09
1.11999893188477,8.49062964799779e-20,7.72839639506806e-11,6.26040830287167e-10
1.12333226203918,-1.49448353012961e-20,-5.80409720285502e-10,-4.58691040705617e-09
1.1266655921936,-6.99258423291409e-20,-4.87946183458376e-10,-3.85758758270072e-09
1.12999892234802,8.49051074078474e-20,7.72843178342697e-11,6.2604366135588e-10
1.13333225250244,-1.49426914171694e-20,-5.80407666372906e-10,-4.5868939757554e-09
1.13666558265686,-6.99338297919309e-20,-4.87948570437879e-10,-3.85760623444753e-09
1.13999891281128,8.490359521829e-20,7.72846786567527e-11,6.26046492424592e-10
1.1433322429657,-1.49413860227652e-20,-5.80405612460311e-10,-4.58687754445464e-09
1.14666557312012,-6.99320526460836e-20,-4.87950901906231e-10,-3.85762488619434e-09
1.14999890327454,8.49065226621767e-20,7.72850394792357e-11,6.26049323493305e-10
1.15333223342896,-1.49388447042036e-20,-5.80403503036564e-10,-4.58686066906466e-09
1.15666556358337,-6.99247825039811e-20,-4.87953288885734e-10,-3.85764398203037e-09
1.15999889373779,8.48992072836344e-20,7.72854003017187e-11,6.26052154562018e-10
1.16333222389221,-1.49394812455344e-20,-5.80401449123968e-10,-4.5868442377639e-09
1.16666555404663,-6.99286211390112e-20,-4.87955620354086e-10,-3.85766263377718e-09
1.16999888420105,8.49064968127825e-20,7.72857611242017e-11,6.26054985630731e-10
1.17333221435547,-1.49380821470764e-20,-5.80399395211373e-10,-4.58682780646313e-09
1.17666554450989,-6.99289507187865e-20,-4.87958007333589e-10,-3.857681285524e-09
1.17999887466431,8.49034401219252e-20,7.72861150077908e-11,6.26057816699443e-10
1.18333220481873,-1.49376362450274e-20,-5.80397285787626e-10,-4.58681137516237e-09
1.18666553497314,-6.99283884944639e-20,-4.87960394313092e-10,-3.85769993727081e-09
1.18999886512756,8.48977015564256e-20,7.72864758302738e-11,6.26060647768156e-10
1.19333219528198,-1.49363890117601e-20,-5.80395231875031e-10,-4.58679494386161e-09
1.1966655254364,-6.99260685113397e-20,-4.87962725781443e-10,-3.85771858901762e-09
1.19999885559082,8.49094759554574e-20,7.72868366527568e-11,6.26063478836869e-10
1.20333218574524,-1.49352403293079e-20,-5.80393122451284e-10,-4.58677851256084e-09
1.20666551589966,-6.99285435908288e-20,-4.87965112760946e-10,-3.85773724076444e-09
1.20999884605408,8.49100123303859e-20,7.72871974752398e-11,6.26066365416733e-10
1.2133321762085,-1.49336522071553e-20,-5.80391068538688e-10,-4.58676208126008e-09
1.21666550636292,-6.9925312416561e-20,-4.87967444229298e-10,-3.85775633660046e-09
1.21999883651733,8.49037567770034e-20,7.72875513588289e-11,6.26069196485446e-10
1.22333216667175,-1.49336683630266e-20,-5.80389014626093e-10,-4.58674564995931e-09
1.22666549682617,-6.99298425228844e-20,-4.87969831208801e-10,-3.85777498834727e-09
1.22999882698059,8.49099735562947e-20,7.72879121813119e-11,6.26072027554159e-10
1.23333215713501,-1.49346167126742e-20,-5.80386905202346e-10,-4.58672921865855e-09
1.23666548728943,-6.99285371284802e-20,-4.87972162677153e-10,-3.85779364009409e-09
1.23999881744385,8.49087392477244e-20,7.72882730037949e-11,6.26074858622871e-10
1.24333214759827,-1.49339817869306e-20,-5.8038485128975e-10,-4.58671278735778e-09
1.24666547775269,-6.99333451157907e-20,-4.87974549656656e-10,-3.8578122918409e-09
1.2499988079071,8.49066777585415e-20,7.72886338262779e-11,6.26077689691584e-10
1.25333213806152,-1.49343065199445e-20,-5.80382797377155e-10,-4.58669635605702e-09
1.25666546821594,-6.9928679300148e-20,-4.87976881125007e-10,-3.85783094358771e-09
1.25999879837036,8.49064774257369e-20,7.72889946487609e-11,6.26080520760297e-10
1.26333212852478,-1.49336619006781e-20,-5.80380687953408e-10,-4.58667992475625e-09
1.2666654586792,-6.99301850273568e-20,-4.8797926810451e-10,-3.85784959533453e-09
1.26999878883362,8.49004286675076e-20,7.728934853235e-11,6.2608335182901e-10
1.27333211898804,-1.49307974646897e-20,-5.80378634040812e-10,-4.58666349345549e-09
1.27666544914246,-6.99309928209238e-20,-4.87981599572862e-10,-3.85786869117055e-09
1.27999877929688,8.49124550981323e-20,7.7289709354833e-11,6.26086182897723e-10
1.28333210945129,-1.49313483799023e-20,-5.80376524617066e-10,-4.58664706215473e-09
1.28666532039642,-6.99317941521422e-20,-4.87983986552365e-10,-3.85788734291737e-09
1.28999865055084,8.49100704915227e-20,7.7290070177316e-11,6.26089013966435e-10
1.29333198070526,-1.49301156869192e-20,-5.8037447070447e-10,-4.58663063085396e-09
1.29666531085968,-6.99306567787999e-20,-4.87986373531868e-10,-3.85790599466418e-09
1.2999986410141,8.49030846927557e-20,7.7290430999799e-11,6.26091845035148e-10
1.30333197116852,-1.49323128854213e-20,-5.80372416791874e-10,-4.5866141995532e-09
1.30666530132294,-6.99299976192493e-20,-4.8798870500022e-10,-3.85792464641099e-09
1.30999863147736,8.49020636416871e-20,7.72907848833881e-11,6.26094676103861e-10
1.31333196163177,-1.49299767464257e-20,-5.80370307368128e-10,-4.58659776825243e-09
1.31666529178619,-6.99360011410388e-20,-4.87991091979723e-10,-3.85794329815781e-09
1.31999862194061,8.49036856911695e-20,7.72911457058711e-11,6.26097507172574e-10
1.32333195209503,-1.49294726832399e-20,-5.80368253455532e-10,-4.58658133695167e-09
1.32666528224945,-6.9933577760338e-20,-4.87993423448074e-10,-3.85796194990462e-09
1.32999861240387,8.49059862872482e-20,7.72915065283541e-11,6.26100338241287e-10
1.33333194255829,-1.49295033793954e-20,-5.80366199542937e-10,-4.5865649056509e-09
1.33666527271271,-6.99355617013384e-20,-4.87995810427577e-10,-3.85798060165143e-09
1.33999860286713,8.49048359892089e-20,7.72918673508372e-11,6.26103169309999e-10
1.34333193302155,-1.49264143767954e-20,-5.8036409011919e-10,-4.58654803026093e-09
1.34666526317596,-6.99326213327547e-20,-4.87998141895929e-10,-3.85799969748746e-09
1.34999859333038,8.49048876879972e-20,7.72922212344263e-11,6.26106000378712e-10
1.3533319234848,-1.4927857096106e-20,-5.80362036206594e-10,-4.58653159896016e-09
1.35666525363922,-6.99318910873702e-20,-4.88000528875432e-10,-3.85801834923427e-09
1.35999858379364,8.49047196669352e-20,7.72925820569093e-11,6.26108831447425e-10
1.36333191394806,-1.49266421745813e-20,-5.80359982293999e-10,-4.5865151676594e-09
1.36666524410248,-6.99342498445857e-20,-4.88002860343784e-10,-3.85803700098108e-09
1.3699985742569,8.49002800334913e-20,7.72929428793923e-11,6.26111662516138e-10
1.37333190441132,-1.49262657427791e-20,-5.80357872870252e-10,-4.58649873635864e-09
1.37666523456573,-6.99338362542794e-20,-4.88005247323287e-10,-3.8580556527279e-09
1.37999856472015,8.48946319408712e-20,7.72933037018753e-11,6.26114493584851e-10
1.38333189487457,-1.49247777870288e-20,-5.80355818957656e-10,-4.58648230505787e-09
1.38666522502899,-6.99315808946405e-20,-4.88007578791638e-10,-3.85807430447471e-09
1.38999855518341,8.49005773015239e-20,7.72936575854644e-11,6.26117324653563e-10
1.39333188533783,-1.49235870993111e-20,-5.8035370953391e-10,-4.58646587375711e-09
1.39666521549225,-6.99311156055459e-20,-4.88009965771141e-10,-3.85809295622153e-09
1.39999854564667,8.48990392625725e-20,7.72940184079474e-11,6.26120155722276e-10
1.40333187580109,-1.49232349013159e-20,-5.80351655621314e-10,-4.58644944245634e-09
1.40666520595551,-6.99320591084321e-20,-4.88012352750644e-10,-3.85811205205755e-09
1.40999853610992,8.49045451835248e-20,7.72943792304304e-11,6.26122986790989e-10
1.41333186626434,-1.49203607718047e-20,-5.80349601708718e-10,-4.58643301115558e-09
1.41666519641876,-6.99276840984735e-20,-4.88014684218996e-10,-3.85813070380436e-09
1.41999852657318,8.49098766210666e-20,7.72947331140195e-11,6.26125817859702e-10
1.4233318567276,-1.49183719840429e-20,-5.80347492284972e-10,-4.58641657985481e-09
1.42666518688202,-6.99333515781392e-20,-4.88017071198499e-10,-3.85814935555118e-09
1.42999851703644,8.49081834857503e-20,7.72950939365025e-11,6.26128648928415e-10
1.43333184719086,-1.49221120682579e-20,-5.80345438372376e-10,-4.58640014855405e-09
1.43666517734528,-6.99318070768392e-20,-4.88019402666851e-10,-3.85816800729799e-09
1.43999850749969,8.49050169349679e-20,7.72954547589855e-11,6.26131479997127e-10
1.44333183765411,-1.49211007107121e-20,-5.80343384459781e-10,-4.58638371725328e-09
1.44666516780853,-6.99345600373154e-20,-4.88021789646353e-10,-3.8581866590448e-09
1.44999849796295,8.49013850950909e-20,7.72958155814685e-11,6.2613431106584e-10
1.45333182811737,-1.49209052246689e-20,-5.80341275036034e-10,-4.58636728595252e-09
1.45666515827179,-6.99295129431091e-20,-4.88024121114705e-10,-3.85820531079162e-09
1.45999848842621,8.48961635174741e-20,7.72961694650576e-11,6.26137142134553e-10
1.46333181858063,-1.49184317607669e-20,-5.80339221123438e-10,-4.58635085465176e-09
1.46666514873505,-6.99375004058991e-20,-4.88026508094208e-10,-3.85822396253843e-09
1.46999847888947,8.49104065336465e-20,7.72965302875406e-11,6.26139973203266e-10
1.47333180904388,-1.4917371935607e-20,-5.80337111699691e-10,-4.58633442335099e-09
1.4766651391983,-6.99335066745041e-20,-4.8802883956256e-10,-3.85824305837446e-09
1.47999846935272,8.48986450593118e-20,7.72968911100236e-11,6.26142804271979e-10
1.48333179950714,-1.49140147455428e-20,-5.80335057787096e-10,-4.58631799205023e-09
1.48666512966156,-6.99377007387037e-20,-4.88031226542063e-10,-3.85826171012127e-09
1.48999845981598,8.48968032899792e-20,7.72972519325066e-11,6.26145635340691e-10
1.4933317899704,-1.49162959545759e-20,-5.803330038745e-10,-4.58630156074946e-09
1.49666512012482,-6.99356974106577e-20,-4.88033558010414e-10,-3.85828036186808e-09
1.49999845027924,8.4906044448385e-20,7.72976058160957e-11,6.26148466409404e-10
1.50333178043365,-1.49132586507641e-20,-5.80330894450753e-10,-4.5862851294487e-09
1.50666511058807,-6.99298877593242e-20,-4.88035944989917e-10,-3.8582990136149e-09
1.50999844074249,8.49133986010185e-20,7.72979666385787e-11,6.26151297478117e-10
1.51333177089691,-1.4910975826144e-20,-5.80328840538158e-10,-4.58626825405872e-09
1.51666510105133,-6.99346957466346e-20,-4.8803833196942e-10,-3.85831766536171e-09
1.51999843120575,8.49115956057771e-20,7.72983274610617e-11,6.2615412854683e-10
1.52333176136017,-1.49121552047517e-20,-5.80326786625562e-10,-4.58625182275796e-09
1.52666509151459,-6.99305275318292e-20,-4.88040663437772e-10,-3.85833631710852e-09
1.52999842166901,8.49046485811013e-20,7.72986813446508e-11,6.26156959615543e-10
1.53333175182343,-1.49115542063379e-20,-5.80324677201816e-10,-4.58623539145719e-09
1.53666508197784,-6.99349607029246e-20,-4.88043050417275e-10,-3.85835541294455e-09
1.53999841213226,8.49056760945185e-20,7.72990421671338e-11,6.26159790684255e-10
1.54333174228668,-1.49084716660864e-20,-5.8032262328922e-10,-4.58621896015643e-09
1.5466650724411,-6.99323499141162e-20,-4.88045381885627e-10,-3.85837406469136e-09
1.54999840259552,8.49007840966771e-20,7.72994029896168e-11,6.26162621752968e-10
1.55333173274994,-1.4907923982048e-20,-5.80320513865473e-10,-4.58620252885567e-09
1.55666506290436,-6.99374616318079e-20,-4.8804776886513e-10,-3.85839271643817e-09
1.55999839305878,8.49058118038377e-20,7.72997568732059e-11,6.26165452821681e-10
1.5633317232132,-1.49069853259232e-20,-5.80318459952878e-10,-4.5861860975549e-09
1.56666505336761,-6.99317036792627e-20,-4.88050100333481e-10,-3.85841136818499e-09
1.56999838352203,8.49050686337562e-20,7.73001176956889e-11,6.26168283890394e-10
1.57333171367645,-1.49071921210764e-20,-5.80316406040282e-10,-4.58616966625414e-09
1.57666504383087,-6.99322852906309e-20,-4.88052487312984e-10,-3.8584300199318e-09
1.57999837398529,8.49092691603043e-20,7.73004785181719e-11,6.26171114959106e-10
1.58333170413971,-1.49090839736102e-20,-5.80314296616535e-10,-4.58615323495337e-09
1.58666503429413,-6.99328927513932e-20,-4.88054818781336e-10,-3.85844867167862e-09
1.58999836444855,8.49083644315093e-20,7.73008393406549e-11,6.26173946027819e-10
1.59333169460297,-1.49070757988027e-20,-5.8031224270394e-10,-4.58613680365261e-09
1.59666502475739,-6.99351933474719e-20,-4.88057205760839e-10,-3.85846732342543e-09
1.5999983549118,8.49032462514691e-20,7.7301193224244e-11,6.26176777096532e-10
1.60333168506622,-1.49051257851321e-20,-5.80310133280193e-10,-4.58612037235184e-09
1.60666501522064,-6.99359559045991e-20,-4.88059537229191e-10,-3.85848641926145e-09
1.60999834537506,8.49078797553691e-20,7.7301554046727e-11,6.26179608165245e-10
1.61333167552948,-1.49060402074499e-20,-5.80308079367597e-10,-4.58610394105108e-09
1.6166650056839,-6.99373517718828e-20,-4.88061924208694e-10,-3.85850507100827e-09
1.61999833583832,8.4908771559467e-20,7.730191486921e-11,6.26182439233958e-10
1.62333166599274,-1.49044472385359e-20,-5.80306025455002e-10,-4.58608750975031e-09
1.62666499614716,-6.99351481110321e-20,-4.88064311188197e-10,-3.85852372275508e-09
1.62999832630157,8.490359521829e-20,7.73022687527991e-11,6.2618527030267e-10
1.63333165645599,-1.49082357903649e-20,-5.80303916031255e-10,-4.58607107844955e-09
1.63666498661041,-6.99403050651635e-20,-4.88066642656548e-10,-3.85854237450189e-09
1.63999831676483,8.49088684946951e-20,7.73026295752821e-11,6.26188101371383e-10
1.64333164691925,-1.49034358809901e-20,-5.8030186211866e-10,-4.58605464714879e-09
1.64666497707367,-6.99334420510187e-20,-4.88069029636051e-10,-3.85856102624871e-09
1.64999830722809,8.49003575816737e-20,7.73029903977651e-11,6.26190932440096e-10
1.65333163738251,-1.49063471690053e-20,-5.80299808206064e-10,-4.58603821584802e-09
1.65666496753693,-6.99354195296706e-20,-4.88071361104403e-10,-3.85857967799552e-09
1.65999829769135,8.48981216090804e-20,7.73033442813542e-11,6.26193763508809e-10
1.66333162784576,-1.49048172079896e-20,-5.80297698782317e-10,-4.58602178454726e-09
1.66666495800018,-6.99384568334823e-20,-4.88073748083906e-10,-3.85859832974234e-09
1.6699982881546,8.48987226074942e-20,7.73037051038372e-11,6.2619653906637e-10
1.67333161830902,-1.4901829987379e-20,-5.80295644869722e-10,-4.58600535324649e-09
1.67666494846344,-6.99389932084108e-20,-4.88076079552258e-10,-3.85861742557836e-09
1.67999827861786,8.49049523114825e-20,7.73040659263202e-11,6.26199370135083e-10
1.68333160877228,-1.49012677630564e-20,-5.80293535445975e-10,-4.58598847785652e-09
1.6866649389267,-6.99377847492346e-20,-4.88078466531761e-10,-3.85863607732517e-09
1.68999826908112,8.49012752351658e-20,7.73044198099093e-11,6.26202201203796e-10
1.69333159923553,-1.49035005044754e-20,-5.80291481533379e-10,-4.58597204655575e-09
1.69666492938995,-6.9939671755007e-20,-4.88080798000112e-10,-3.85865472907199e-09
1.69999825954437,8.48947159514022e-20,7.73047806323923e-11,6.26205032272509e-10
1.70333158969879,-1.49009785729594e-20,-5.80289427620784e-10,-4.58595561525499e-09
1.70666491985321,-6.99361174633125e-20,-4.88083184979615e-10,-3.8586733808188e-09
1.70999825000763,8.4897223342634e-20,7.73051414548753e-11,6.26207863341222e-10
1.71333158016205,-1.49014874829066e-20,-5.80287318197037e-10,-4.58593918395422e-09
1.71666491031647,-6.99407703542581e-20,-4.88085516447967e-10,-3.85869203256561e-09
1.71999824047089,8.49066583714959e-20,7.73054953384644e-11,6.26210694409934e-10
1.72333157062531,-1.48996877188394e-20,-5.80285264284441e-10,-4.58592275265346e-09
1.72666490077972,-6.99449062573208e-20,-4.8808790342747e-10,-3.85871068431243e-09
1.72999823093414,8.49018439218369e-20,7.73058561609474e-11,6.26213525478647e-10
1.73333156108856,-1.49012919968634e-20,-5.80283210371846e-10,-4.5859063213527e-09
1.73666489124298,-6.99395295833392e-20,-4.88090234895822e-10,-3.85872978014845e-09
1.7399982213974,8.48978437280934e-20,7.73062169834304e-11,6.2621635654736e-10
1.74333155155182,-1.49009931132436e-20,-5.80281100948099e-10,-4.58588989005193e-09
1.74666488170624,-6.99412614927468e-20,-4.88092621875325e-10,-3.85874843189526e-09
1.74999821186066,8.48989164779503e-20,7.73065708670195e-11,6.26219187616073e-10
1.75333154201508,-1.48980495134857e-20,-5.80279047035503e-10,-4.58587345875117e-09
1.75666487216949,-6.99455201804317e-20,-4.88095008854827e-10,-3.85876708364208e-09
1.75999820232391,8.48940955659428e-20,7.73069316895025e-11,6.26222018684786e-10
1.76333153247833,-1.48980592070085e-20,-5.80276937611757e-10,-4.5858570274504e-09
1.76666486263275,-6.99431355738221e-20,-4.88097340323179e-10,-3.85878573538889e-09
1.76999819278717,8.48973784389988e-20,7.73072925119855e-11,6.26224849753498e-10
1.77333152294159,-1.48964274640032e-20,-5.80274883699161e-10,-4.58584059614964e-09
1.77666485309601,-6.99410999340334e-20,-4.88099727302682e-10,-3.85880438713571e-09
1.77999818325043,8.48882212911239e-20,7.73076463955746e-11,6.26227680822211e-10
1.78333151340485,-1.48970171533071e-20,-5.80272829786566e-10,-4.58582416484887e-09
1.78666484355927,-6.99442018613305e-20,-4.88102058771034e-10,-3.85882303888252e-09
1.78999817371368,8.49025741672214e-20,7.73080072180576e-11,6.26230511890924e-10
1.7933315038681,-1.48941979537585e-20,-5.80270720362819e-10,-4.58580773354811e-09
1.79666483402252,-6.99418043300238e-20,-4.88104445750537e-10,-3.85884169062933e-09
1.79999816417694,8.48977080187741e-20,7.73083611016467e-11,6.26233342959637e-10
1.80333149433136,-1.48927584656222e-20,-5.80268666450223e-10,-4.58579130224734e-09
1.80666482448578,-6.99375585670359e-20,-4.88106777218889e-10,-3.85886078646536e-09
1.8099981546402,8.49012816975143e-20,7.73087219241297e-11,6.26236118517198e-10
1.81333148479462,-1.48965292459927e-20,-5.80266612537628e-10,-4.58577487094658e-09
1.81666481494904,-6.99441049261024e-20,-4.88109164198391e-10,-3.85887943821217e-09
1.81999814510345,8.49040346579905e-20,7.73090827466127e-11,6.26238949585911e-10
1.82333147525787,-1.48923626467744e-20,-5.80264503113881e-10,-4.58575843964582e-09
1.82666480541229,-6.9941940039343e-20,-4.88111495666743e-10,-3.85889808995898e-09
1.82999813556671,8.4905863502626e-20,7.73094366302018e-11,6.26241780654624e-10
1.83333146572113,-1.48924450417182e-20,-5.80262449201285e-10,-4.58574200834505e-09
1.83666479587555,-6.99445572904999e-20,-4.88113882646246e-10,-3.8589167417058e-09
1.83999812602997,8.49035435195018e-20,7.73097974526848e-11,6.26244611723337e-10
1.84333145618439,-1.48926082160187e-20,-5.80260339777539e-10,-4.58572513295508e-09
1.84666478633881,-6.99433617560208e-20,-4.88116214114598e-10,-3.85893539345261e-09
1.84999811649323,8.48975141483181e-20,7.73101582751679e-11,6.26247442792049e-10
1.85333144664764,-1.48915176947033e-20,-5.80258285864943e-10,-4.58570870165431e-09
1.85666477680206,-6.99415846101736e-20,-4.88118601094101e-10,-3.85895404519943e-09
1.85999810695648,8.48923765812323e-20,7.73105121587569e-11,6.26250273860762e-10
1.8633314371109,-1.48905111839189e-20,-5.80256231952347e-10,-4.58569227035355e-09
1.86666476726532,-6.99430515632911e-20,-4.88120932562452e-10,-3.85897269694624e-09
1.86999809741974,8.4887691378544e-20,7.731087298124e-11,6.26253104929475e-10
1.87333142757416,-1.48901331365296e-20,-5.80254122528601e-10,-4.58567583905278e-09
1.87666475772858,-6.99476786048426e-20,-4.88123319541955e-10,-3.85899179278226e-09
1.879998087883,8.49009844294817e-20,7.7311233803723e-11,6.26255935998188e-10
1.88333141803741,-1.48904659474792e-20,-5.80252068616005e-10,-4.58565940775202e-09
1.88666474819183,-6.99480986574974e-20,-4.88125706521458e-10,-3.85901044452908e-09
1.88999807834625,8.48981733078687e-20,7.73115876873121e-11,6.26258767066901e-10
1.89333140850067,-1.4890524108616e-20,-5.80249959192258e-10,-4.58564297645125e-09
1.89666473865509,-6.99452746111874e-20,-4.8812803798981e-10,-3.85902909627589e-09
1.89999806880951,8.48999633784131e-20,7.73119485097951e-11,6.26261598135613e-10
1.90333139896393,-1.48899360348993e-20,-5.80247905279663e-10,-4.58562654515049e-09
1.90666472911835,-6.99443246459526e-20,-4.88130424969313e-10,-3.8590477480227e-09
1.90999805927277,8.49007065484946e-20,7.73123023933842e-11,6.26264373693175e-10
1.91333138942719,-1.48918779706342e-20,-5.80245851367067e-10,-4.58561011384973e-09
1.9166647195816,-6.99541668027723e-20,-4.88132756437665e-10,-3.85906639976952e-09
1.91999804973602,8.48975141483181e-20,7.73126632158672e-11,6.26267204761888e-10
1.92333137989044,-1.48914563023923e-20,-5.8024374194332e-10,-4.58559368254896e-09
1.92666471004486,-6.99540117064075e-20,-4.88135143417168e-10,-3.85908505151633e-09
1.92999804019928,8.48956336048942e-20,7.73130240383502e-11,6.26270035830601e-10
1.9333313703537,-1.48903302381599e-20,-5.80241688030725e-10,-4.5855772512482e-09
1.93666470050812,-6.99515366269183e-20,-4.88137474885519e-10,-3.85910370326314e-09
1.93999803066254,8.4892505828203e-20,7.73133779219393e-11,6.26272866899313e-10
1.94333136081696,-1.48896258421696e-20,-5.80239634118129e-10,-4.58556081994743e-09
1.94666469097137,-6.99443246459526e-20,-4.88139861865022e-10,-3.85912279909917e-09
1.94999802112579,8.48944186833695e-20,7.73137387444223e-11,6.26275697968026e-10
1.95333135128021,-1.48849099433257e-20,-5.80237524694383e-10,-4.58554438864667e-09
1.95666468143463,-6.99540957169384e-20,-4.88142193333374e-10,-3.85914145084598e-09
1.95999801158905,8.4898599822872e-20,7.73140926280114e-11,6.26278529036739e-10
1.96333134174347,-1.48858599085605e-20,-5.80235470781787e-10,-4.5855279573459e-09
1.96666467189789,-6.99501989207715e-20,-4.88144580312877e-10,-3.8591601025928e-09
1.96999800205231,8.49038860239741e-20,7.73144534504944e-11,6.26281360105452e-10
1.97333133220673,-1.48879795588801e-20,-5.8023336135804e-10,-4.58551152604514e-09
1.97666466236115,-6.99475558202204e-20,-4.88146911781229e-10,-3.85917875433961e-09
1.97999799251556,8.48977338681683e-20,7.73148142729774e-11,6.26284191174165e-10
1.98333132266998,-1.48846175220545e-20,-5.80231307445445e-10,-4.58549509474437e-09
1.9866646528244,-6.99492166437941e-20,-4.88149298760732e-10,-3.85919740608642e-09
1.98999798297882,8.48996467233348e-20,7.73151681565665e-11,6.26287022242877e-10
1.99333131313324,-1.48853380739162e-20,-5.80229253532849e-10,-4.5854782193544e-09
1.99666464328766,-6.99481955927254e-20,-4.88151630229083e-10,-3.85921605783324e-09
1.99999797344208,8.48969519239955e-20,7.73155289790495e-11,6.26289797800439e-10
2.00333142280579,-1.488414092385e-20,-5.80227144109102e-10,-4.58546178805364e-09
2.00666475296021,-6.9949287729628e-20,-4.88154017208586e-10,-3.85923515366926e-09
2.00999808311462,8.48911939714503e-20,7.73158828626386e-11,6.26292628869152e-10
2.01333141326904,-1.4884418804837e-20,-5.80225090196507e-10,-4.58544535675287e-09
2.01666474342346,-6.99458820719497e-20,-4.88156404188089e-10,-3.85925380541607e-09
2.01999807357788,8.49024578449478e-20,7.73162436851216e-11,6.26295459937865e-10
2.0233314037323,-1.48807788870244e-20,-5.8022298077276e-10,-4.58542892545211e-09
2.02666473388672,-6.99541215663326e-20,-4.88158735656441e-10,-3.85927245716289e-09
2.02999806404114,8.49002994205369e-20,7.73166045076046e-11,6.26298291006577e-10
2.03333139419556,-1.4881148856478e-20,-5.80220926860164e-10,-4.58541249415134e-09
2.03666472434998,-6.99467221772593e-20,-4.88161122635944e-10,-3.8592911089097e-09
2.03999805450439,8.48982379313541e-20,7.73169583911937e-11,6.2630112207529e-10
2.04333138465881,-1.48785962288065e-20,-5.80218872947569e-10,-4.58539606285058e-09
2.04666471481323,-6.9946392597484e-20,-4.88163454104296e-10,-3.85930976065652e-09
2.04999804496765,8.49023027485829e-20,7.73173192136767e-11,6.26303953144003e-10
2.05333137512207,-1.4878276342554e-20,-5.80216763523822e-10,-4.58537963154981e-09
2.05666470527649,-6.99458562225556e-20,-4.88165841083799e-10,-3.85932841240333e-09
2.05999803543091,8.48954720461808e-20,7.73176730972658e-11,6.26306784212716e-10
2.06333136558533,-1.48790534399654e-20,-5.80214709611226e-10,-4.58536320024905e-09
2.06666469573975,-6.99460436306631e-20,-4.8816817255215e-10,-3.85934706415014e-09
2.06999802589417,8.49014238691821e-20,7.73180339197488e-11,6.26309559770277e-10
2.07333135604858,-1.48781470955833e-20,-5.80212655698631e-10,-4.58534676894828e-09
2.076664686203,-6.99481955927254e-20,-4.88170559531653e-10,-3.85936615998617e-09
2.07999801635742,8.48930228160858e-20,7.73183947422318e-11,6.2631239083899e-10
2.08333134651184,-1.48786317717234e-20,-5.80210546274884e-10,-4.58533033764752e-09
2.08666467666626,-6.99484411619698e-20,-4.88172891000005e-10,-3.85938481173298e-09
2.08999800682068,8.48904120272775e-20,7.73187486258209e-11,6.26315221907703e-10
2.0933313369751,-1.48742422214806e-20,-5.80208492362289e-10,-4.58531390634676e-09
2.09666466712952,-6.995020538312e-20,-4.88175277979508e-10,-3.85940346347979e-09
2.09999799728394,8.48998147443967e-20,7.73191094483039e-11,6.26318052976416e-10
2.10333132743835,-1.4874415089304e-20,-5.80206382938542e-10,-4.58529747504599e-09
2.10666465759277,-6.99544705331535e-20,-4.8817760944786e-10,-3.85942211522661e-09
2.10999798774719,8.48983025548394e-20,7.7319463331893e-11,6.26320884045128e-10
2.11333131790161,-1.48722776675258e-20,-5.80204329025946e-10,-4.58528104374523e-09
2.11666464805603,-6.99497853304652e-20,-4.88179996427363e-10,-3.85944076697342e-09
2.11999797821045,8.48956853036825e-20,7.7319824154376e-11,6.26323715113841e-10
2.12333130836487,-1.48760936843361e-20,-5.80202275113351e-10,-4.58526461244446e-09
2.12666463851929,-6.99555303583133e-20,-4.88182327895714e-10,-3.85945941872023e-09
2.12999796867371,8.49027551129804e-20,7.73201780379651e-11,6.26326490671403e-10
2.13333129882812,-1.48763279444705e-20,-5.80200165689604e-10,-4.5852481811437e-09
2.13666462898254,-6.99546385542154e-20,-4.88184714875217e-10,-3.85947807046705e-09
2.13999795913696,8.48883376133976e-20,7.73205388604481e-11,6.26329321740116e-10
2.14333128929138,-1.48717025185062e-20,-5.80198111777008e-10,-4.58523130575372e-09
2.1466646194458,-6.99497917928137e-20,-4.8818710185472e-10,-3.85949716630307e-09
2.14999794960022,8.48921956354733e-20,7.73208927440372e-11,6.26332152808828e-10
2.15333127975464,-1.48731630092752e-20,-5.80196002353262e-10,-4.58521487445296e-09
2.15666460990906,-6.99536239654953e-20,-4.88189433323072e-10,-3.85951581804989e-09
2.15999794006348,8.4895691766031e-20,7.73212535665202e-11,6.26334983877541e-10
2.1633312702179,-1.48715910429939e-20,-5.80193948440666e-10,-4.58519844315219e-09
2.16666460037231,-6.99506900592602e-20,-4.88191820302575e-10,-3.8595344697967e-09
2.16999793052673,8.48983542536277e-20,7.73216143890032e-11,6.26337814946254e-10
2.17333126068115,-1.48704892125686e-20,-5.8019189452807e-10,-4.58518201185143e-09
2.17666459083557,-6.99541474157267e-20,-4.88194151770927e-10,-3.85955312154351e-09
2.17999792098999,8.48886413437787e-20,7.73219682725923e-11,6.26340646014967e-10
2.18333125114441,-1.48691999740358e-20,-5.80189785104324e-10,-4.58516558055067e-09
2.18666458129883,-6.9952557677987e-20,-4.88196538750429e-10,-3.85957177329033e-09
2.18999791145325,8.4889138944616e-20,7.73223290950753e-11,6.26343421572528e-10
2.19333124160767,-1.48729594452963e-20,-5.80187731191728e-10,-4.5851491492499e-09
2.19666457176208,-6.99567775915807e-20,-4.88198870218781e-10,-3.85959042503714e-09
2.1999979019165,8.48869999072507e-20,7.73226829786644e-11,6.26346252641241e-10
2.20333123207092,-1.48676748597814e-20,-5.80185621767981e-10,-4.58513271794914e-09
2.20666456222534,-6.99543542108798e-20,-4.88201257198284e-10,-3.85960907678395e-09
2.20999789237976,8.4895594830803e-20,7.73230438011474e-11,6.26349083709954e-10
2.21333122253418,-1.48712727723285e-20,-5.80183567855386e-10,-4.58511628664837e-09
2.2166645526886,-6.99567517421865e-20,-4.88203588666636e-10,-3.85962817261998e-09
2.21999788284302,8.49001572488691e-20,7.73233976847365e-11,6.26351914778667e-10
2.22333121299744,-1.48696022552321e-20,-5.8018151394279e-10,-4.58509985534761e-09
2.22666454315186,-6.99568874515058e-20,-4.88205975646139e-10,-3.85964682436679e-09
2.22999787330627,8.4895497895575e-20,7.73237585072195e-11,6.26354745847379e-10
2.23333120346069,-1.48679834369239e-20,-5.80179404519043e-10,-4.58508342404684e-09
2.23666453361511,-6.99585288880338e-20,-4.8820830711449e-10,-3.85966547611361e-09
2.23999786376953,8.48972815037708e-20,7.73241123908086e-11,6.26357576916092e-10
2.24333119392395,-1.48699463752916e-20,-5.80177350606448e-10,-4.58506699274608e-09
2.24666452407837,-6.99560667332418e-20,-4.88210694093993e-10,-3.85968412786042e-09
2.24999785423279,8.4887426422254e-20,7.73244732132916e-11,6.26360352473654e-10
2.25333118438721,-1.48658654021914e-20,-5.80175296693852e-10,-4.58505056144531e-09
2.25666451454163,-6.99551749291439e-20,-4.88213025562345e-10,-3.85970277960723e-09
2.25999784469604,8.48938952331382e-20,7.73248270968807e-11,6.26363183542367e-10
2.26333117485046,-1.48665875696403e-20,-5.80173187270105e-10,-4.58503413014455e-09
2.26666450500488,-6.99505026511526e-20,-4.88215412541848e-10,-3.85972143135405e-09
2.2699978351593,8.4897960050367e-20,7.73251879193637e-11,6.26366014611079e-10
2.27333116531372,-1.48653209493273e-20,-5.8017113335751e-10,-4.58501769884379e-09
2.27666449546814,-6.99531909881434e-20,-4.882177440102e-10,-3.85974008310086e-09
2.27999782562256,8.48859013079997e-20,7.73255487418467e-11,6.26368845679792e-10
2.28333115577698,-1.48625017497786e-20,-5.80169023933763e-10,-4.58500082345381e-09
2.2866644859314,-6.99559116368769e-20,-4.88220130989703e-10,-3.85975917893688e-09
2.28999781608582,8.4890780381144e-20,7.73259026254358e-11,6.26371676748505e-10
2.29333114624023,-1.48621915570489e-20,-5.80166970021168e-10,-4.58498439215305e-09
2.29666447639465,-6.99571717948414e-20,-4.88222517969206e-10,-3.8597778306837e-09
2.29999780654907,8.48952006275423e-20,7.73262634479188e-11,6.26374452306067e-10
2.30333113670349,-1.48643225164785e-20,-5.80164916108572e-10,-4.58496796085228e-09
2.30666446685791,-6.99539987817104e-20,-4.88224849437557e-10,-3.85979648243051e-09
2.30999779701233,8.48960019587607e-20,7.73266173315079e-11,6.26377283374779e-10
2.31333112716675,-1.48631835275491e-20,-5.80162806684825e-10,-4.58495152955152e-09
2.31666445732117,-6.99554334230853e-20,-4.8822723641706e-10,-3.85981513417732e-09
2.31999778747559,8.48897270183327e-20,7.73269781539909e-11,6.26380114443492e-10
2.32333111763,-1.48645244648703e-20,-5.8016075277223e-10,-4.58493509825075e-09
2.32666444778442,-6.99577921803008e-20,-4.88229567885412e-10,-3.85983378592414e-09
2.32999777793884,8.48955431320147e-20,7.732733203758e-11,6.26382945512205e-10
2.33333110809326,-1.48613401426294e-20,-5.80158643348483e-10,-4.58491866694999e-09
2.33666443824768,-6.99579860507568e-20,-4.88231954864915e-10,-3.85985243767095e-09
2.3399977684021,8.48890613964335e-20,7.7327692860063e-11,6.26385776580918e-10
2.34333109855652,-1.48625566797412e-20,-5.80156589435887e-10,-4.58490223564922e-09
2.34666442871094,-6.99574755252225e-20,-4.88234286333267e-10,-3.85987108941777e-09
2.34999775886536,8.48874522716482e-20,7.73280467436521e-11,6.26388552138479e-10
2.35333108901978,-1.48628943374522e-20,-5.80154535523292e-10,-4.58488580434846e-09
2.35666441917419,-6.99628069627644e-20,-4.8823667331277e-10,-3.85989018525379e-09
2.35999774932861,8.48894620620427e-20,7.73284075661351e-11,6.26391383207192e-10
2.36333107948303,-1.48643015138458e-20,-5.80152426099545e-10,-4.5848693730477e-09
2.36666440963745,-6.99604223561547e-20,-4.88239004781121e-10,-3.8599088370006e-09
2.36999773979187,8.48842792585172e-20,7.73287614497242e-11,6.26394214275905e-10
2.37333106994629,-1.4863314390107e-20,-5.80150372186949e-10,-4.58485294174693e-09
2.37666440010071,-6.99598019706953e-20,-4.88241391760624e-10,-3.85992748874742e-09
2.37999773025513,8.48840272269243e-20,7.73291222722072e-11,6.26397045344618e-10
2.38333106040955,-1.48611123448435e-20,-5.80148262763203e-10,-4.58483651044617e-09
2.38666439056396,-6.99631623919338e-20,-4.88243723228976e-10,-3.85994614049423e-09
2.38999772071838,8.48888804506745e-20,7.73294761557963e-11,6.26399876413331e-10
2.3933310508728,-1.48588052864163e-20,-5.80146208850607e-10,-4.5848200791454e-09
2.39666438102722,-6.99633045636016e-20,-4.88246110208479e-10,-3.85996479224104e-09
2.39999771118164,8.48933006970729e-20,7.73298369782793e-11,6.26402651970892e-10
2.40333104133606,-1.48573496424087e-20,-5.80144154938012e-10,-4.58480364784464e-09
2.40666437149048,-6.99574173640857e-20,-4.88248441676831e-10,-3.85998344398786e-09
2.4099977016449,8.4891866055698e-20,7.73301908618684e-11,6.26405483039605e-10
2.41333103179932,-1.48585855665661e-20,-5.80142045514265e-10,-4.58478721654387e-09
2.41666436195374,-6.99604223561547e-20,-4.88250828656334e-10,-3.86000209573467e-09
2.41999769210815,8.4890418489626e-20,7.73305516843514e-11,6.26408314108318e-10
2.42333102226257,-1.48554497119392e-20,-5.80139991601669e-10,-4.5847703411539e-09
2.42666435241699,-6.99588972419003e-20,-4.88253215635837e-10,-3.8600211915707e-09
2.42999768257141,8.48869611331595e-20,7.73309055679405e-11,6.2641114517703e-10
2.43333101272583,-1.48554141690223e-20,-5.80137937689074e-10,-4.58475390985313e-09
2.43666434288025,-6.99654371386183e-20,-4.88255547104188e-10,-3.86003984331751e-09
2.43999767303467,8.48872002400553e-20,7.73312663904235e-11,6.26413920734592e-10
2.44333100318909,-1.48553333896656e-20,-5.80135828265327e-10,-4.58473747855237e-09
2.44666433334351,-6.9962186577305e-20,-4.88257934083691e-10,-3.86005849506432e-09
2.44999766349792,8.48920857755482e-20,7.73316202740126e-11,6.26416751803305e-10
2.45333099365234,-1.48547097730319e-20,-5.80133774352731e-10,-4.58472104725161e-09
2.45666432380676,-6.99607066994903e-20,-4.88260265552043e-10,-3.86007714681114e-09
2.45999765396118,8.48882600652151e-20,7.73319810964956e-11,6.26419582872018e-10
2.4633309841156,-1.48545352896214e-20,-5.80131664928984e-10,-4.58470461595084e-09
2.46666431427002,-6.99614563319204e-20,-4.88262652531546e-10,-3.86009579855795e-09
2.46999764442444,8.48818623401649e-20,7.73323349800847e-11,6.2642241394073e-10
2.47333097457886,-1.48537791948428e-20,-5.80129611016389e-10,-4.58468818465008e-09
2.47666430473328,-6.99624709206405e-20,-4.88264983999898e-10,-3.86011445030476e-09
2.4799976348877,8.4890961326903e-20,7.73326958025677e-11,6.26425189498292e-10
2.48333096504211,-1.48522330779556e-20,-5.80127557103793e-10,-4.58467175334931e-09
2.48666429519653,-6.99607842476727e-20,-4.88267370979401e-10,-3.86013310205158e-09
2.48999762535095,8.48956206801971e-20,7.73330496861568e-11,6.26428020567005e-10
2.49333095550537,-1.48505738699691e-20,-5.80125447680047e-10,-4.58465532204855e-09
2.49666428565979,-6.99610879780539e-20,-4.88269702447752e-10,-3.8601521978876e-09
2.49999761581421,8.48959050235327e-20,7.73334105086398e-11,6.26430851635718e-10
2.50333094596863,-1.48520844439393e-20,-5.80123393767451e-10,-4.58463889074778e-09
2.50666427612305,-6.99618052987414e-20,-4.88272089427255e-10,-3.86017084963441e-09
2.50999760627747,8.48905735859909e-20,7.73337643922289e-11,6.2643368270443e-10
2.51333093643188,-1.48474186282966e-20,-5.80121284343704e-10,-4.58462245944702e-09
2.5166642665863,-6.99621154914711e-20,-4.88274420895607e-10,-3.86018950138123e-09
2.51999759674072,8.48941149529884e-20,7.73341252147119e-11,6.26436458261992e-10
2.52333092689514,-1.48464541227777e-20,-5.80119230431109e-10,-4.58460602814625e-09
2.52666425704956,-6.99609264193405e-20,-4.8827680787511e-10,-3.86020815312804e-09
2.52999758720398,8.48897334806812e-20,7.7334479098301e-11,6.26439289330705e-10
2.5333309173584,-1.48463297225684e-20,-5.80117176518513e-10,-4.58458959684549e-09
2.53666424751282,-6.9958108835379e-20,-4.88279139343462e-10,-3.86022680487486e-09
2.53999757766724,8.48928935691151e-20,7.7334839920784e-11,6.26442120399417e-10
2.54333090782166,-1.48453813729208e-20,-5.80115067094766e-10,-4.58457316554473e-09
2.54666423797607,-6.99627164898849e-20,-4.88281526322965e-10,-3.86024545662167e-09
2.54999756813049,8.4891058262131e-20,7.73351938043731e-11,6.2644495146813e-10
2.55333089828491,-1.48435072918455e-20,-5.80113013182171e-10,-4.58455629015475e-09
2.55666422843933,-6.99604934419886e-20,-4.88283857791316e-10,-3.86026410836848e-09
2.55999755859375,8.48959696470181e-20,7.73355476879622e-11,6.26447727025692e-10
2.56333088874817,-1.48440420511868e-20,-5.80110903758424e-10,-4.58453985885399e-09
2.56666421890259,-6.99647262802794e-20,-4.88286244770819e-10,-3.86028320420451e-09
2.56999754905701,8.48873553364202e-20,7.73359085104453e-11,6.26450558094405e-10
2.57333064079285,-1.48438724145377e-20,-5.80108849845828e-10,-4.58452342755322e-09
2.57666397094727,-6.99654242139213e-20,-4.88288576239171e-10,-3.86030185595132e-09
2.57999730110168,8.48951166170114e-20,7.73362623940343e-11,6.26453389163117e-10
2.5833306312561,-1.48441874540288e-20,-5.80106795933233e-10,-4.58450699625246e-09
2.58666396141052,-6.99673047573451e-20,-4.88290963218674e-10,-3.86032050769813e-09
2.58999729156494,8.48854877176934e-20,7.73366232165174e-11,6.2645622023183e-10
2.59333062171936,-1.4842609025399e-20,-5.80104686509486e-10,-4.58449056495169e-09
2.59666395187378,-6.99627488016275e-20,-4.88293350198177e-10,-3.86033915944495e-09
2.5999972820282,8.48930098913888e-20,7.73369771001065e-11,6.26458995789392e-10
2.60333061218262,-1.48429014466703e-20,-5.80102632596891e-10,-4.58447413365093e-09
2.60666394233704,-6.99637827773932e-20,-4.88295681666528e-10,-3.86035781119176e-09
2.60999727249146,8.48907997681896e-20,7.73373379225895e-11,6.26461826858105e-10
2.61333060264587,-1.48413133245176e-20,-5.80100523173144e-10,-4.58445770235016e-09
2.61666393280029,-6.99607971723698e-20,-4.88298068646031e-10,-3.86037646293858e-09
2.61999726295471,8.48959954964122e-20,7.73376918061786e-11,6.26464657926817e-10
2.62333059310913,-1.48403455878244e-20,-5.80098469260548e-10,-4.5844412710494e-09
2.62666392326355,-6.99703032870656e-20,-4.88300400114383e-10,-3.86039511468539e-09
2.62999725341797,8.48931132889653e-20,7.73380526286616e-11,6.2646748899553e-10
2.63333058357239,-1.48423973834845e-20,-5.80096415347953e-10,-4.58442483974864e-09
2.63666391372681,-6.99675309395439e-20,-4.88302787093886e-10,-3.86041421052141e-09
2.63999724388123,8.48869288214168e-20,7.73384065122507e-11,6.26470264553092e-10
2.64333057403564,-1.48396411918341e-20,-5.80094305924206e-10,-4.58440840844787e-09
2.64666390419006,-6.99636406057255e-20,-4.88305118562238e-10,-3.86043286226823e-09
2.64999723434448,8.4888970923554e-20,7.73387673347337e-11,6.26473095621805e-10
2.6533305644989,-1.4839193674198e-20,-5.8009225201161e-10,-4.58439197714711e-09
2.65666389465332,-6.99702903623686e-20,-4.88307505541741e-10,-3.86045151401504e-09
2.65999722480774,8.48930939019197e-20,7.73391212183228e-11,6.26475926690517e-10
2.66333055496216,-1.48395846462844e-20,-5.80090142587864e-10,-4.58437554584634e-09
2.66666388511658,-6.99627681886732e-20,-4.88309837010092e-10,-3.86047016576185e-09
2.669997215271,8.48910776491766e-20,7.73394751019119e-11,6.26478702248079e-10
2.67333054542542,-1.48390401934202e-20,-5.80088088675268e-10,-4.58435911454558e-09
2.67666387557983,-6.99666843718857e-20,-4.88312223989595e-10,-3.86048881750867e-09
2.67999720573425,8.48868383485373e-20,7.73398359243949e-11,6.26481533316792e-10
2.68333053588867,-1.48382469401375e-20,-5.80086034762672e-10,-4.5843422391556e-09
2.68666386604309,-6.99670656504493e-20,-4.88314555457947e-10,-3.86050746925548e-09
2.68999719619751,8.4894690102008e-20,7.7340189807984e-11,6.26484364385504e-10
2.69333052635193,-1.4836792911717e-20,-5.80083925338926e-10,-4.58432580785484e-09
2.69666385650635,-6.99664840390811e-20,-4.8831694243745e-10,-3.86052612100229e-09
2.69999718666077,8.48880080336222e-20,7.7340550630467e-11,6.26487195454217e-10
2.70333051681519,-1.48366265062422e-20,-5.8008187142633e-10,-4.58430937655407e-09
2.7066638469696,-6.99687910975083e-20,-4.88319273905802e-10,-3.86054521683832e-09
2.70999717712402,8.48922214848674e-20,7.73409045140561e-11,6.26489971011779e-10
2.71333050727844,-1.48383147947971e-20,-5.80079762002583e-10,-4.58429294525331e-09
2.71666383743286,-6.99663030933221e-20,-4.88321660885305e-10,-3.86056386858513e-09
2.71999716758728,8.48807702032624e-20,7.73412653365391e-11,6.26492802080492e-10
2.7233304977417,-1.48344616194828e-20,-5.80077708089988e-10,-4.58427651395255e-09
2.72666382789612,-6.99640671207288e-20,-4.88323992353656e-10,-3.86058252033195e-09
2.72999715805054,8.48912327455415e-20,7.73416192201282e-11,6.26495633149204e-10
2.73333048820496,-1.48316359575856e-20,-5.80075654177392e-10,-4.58426008265178e-09
2.73666381835938,-6.99694050206192e-20,-4.88326379333159e-10,-3.86060117207876e-09
2.73999714851379,8.48880080336222e-20,7.73419731037173e-11,6.26498408706766e-10
2.74333047866821,-1.48343178322279e-20,-5.80073544753645e-10,-4.58424365135102e-09
2.74666380882263,-6.99744198030828e-20,-4.88328710801511e-10,-3.86061982382557e-09
2.74999713897705,8.48894039009059e-20,7.73423339262003e-11,6.26501239775479e-10
2.75333046913147,-1.48345472456009e-20,-5.8007149084105e-10,-4.58422722005025e-09
2.75666379928589,-6.99649072260384e-20,-4.88331097781014e-10,-3.86063847557239e-09
2.75999712944031,8.48897916418181e-20,7.73426878097894e-11,6.26504070844192e-10
2.76333045959473,-1.48333743293417e-20,-5.80069381417303e-10,-4.58421078874949e-09
2.76666378974915,-6.99727654418577e-20,-4.88333484760517e-10,-3.8606571273192e-09
2.76999711990356,8.48868189614917e-20,7.73430486322724e-11,6.26506901912904e-10
2.77333045005798,-1.48304178048867e-20,-5.80067327504707e-10,-4.58419435744872e-09
2.7766637802124,-6.99664194155958e-20,-4.88335816228869e-10,-3.86067577906601e-09
2.77999711036682,8.48995174763641e-20,7.73434025158615e-11,6.26509677470466e-10
2.78333044052124,-1.48327830244507e-20,-5.80065273592112e-10,-4.58417792614796e-09
2.78666377067566,-6.9968196561443e-20,-4.88338203208372e-10,-3.86069487490204e-09
2.78999710083008,8.48892035681013e-20,7.73437633383445e-11,6.26512508539179e-10
2.7933304309845,-1.48346716458102e-20,-5.80063164168365e-10,-4.58416149484719e-09
2.79666376113892,-6.9967653724166e-20,-4.88340534676723e-10,-3.86071352664885e-09
2.79999709129333,8.48867543380063e-20,7.73441172219336e-11,6.26515339607892e-10
2.80333042144775,-1.48335035763124e-20,-5.8006111025577e-10,-4.58414506354643e-09
2.80666375160217,-6.99725004855677e-20,-4.88342921656226e-10,-3.86073217839566e-09
2.80999708175659,8.48882665275637e-20,7.73444711055227e-11,6.26518115165453e-10
2.81333041191101,-1.48319332256183e-20,-5.80059000832023e-10,-4.58412818815646e-09
2.81666374206543,-6.99706587162351e-20,-4.88345253124578e-10,-3.86075083014248e-09
2.81999707221985,8.4885229223752e-20,7.73448319280057e-11,6.26520946234166e-10
2.82333040237427,-1.48282286843202e-20,-5.80056946919427e-10,-4.58411175685569e-09
2.82666373252869,-6.99708784360853e-20,-4.88347640104081e-10,-3.86076948188929e-09
2.82999706268311,8.48946513279168e-20,7.73451858115948e-11,6.26523777302879e-10
2.83333039283752,-1.48307522314234e-20,-5.80054893006832e-10,-4.58409532555493e-09
2.83666372299194,-6.99721450563983e-20,-4.88349971572433e-10,-3.86078813363611e-09
2.83999705314636,8.48890872458277e-20,7.73455466340778e-11,6.2652655286044e-10
2.84333038330078,-1.48295922398612e-20,-5.80052783583085e-10,-4.58407889425416e-09
2.8466637134552,-6.99758932185489e-20,-4.88352358551936e-10,-3.86080678538292e-09
2.84999704360962,8.48932489982846e-20,7.73459005176669e-11,6.26529383929153e-10
2.85333037376404,-1.48299945210576e-20,-5.80050729670489e-10,-4.5840624629534e-09
2.85666370391846,-6.9973179032164e-20,-4.88354690020287e-10,-3.86082588121894e-09
2.85999703407288,8.48884668603683e-20,7.7346254401256e-11,6.26532214997866e-10
2.86333036422729,-1.48262980576952e-20,-5.80048620246743e-10,-4.58404603165263e-09
2.86666369438171,-6.99738769658058e-20,-4.8835707699979e-10,-3.86084453296576e-09
2.86999702453613,8.48891841810557e-20,7.7346615223739e-11,6.26534990555427e-10
2.87333035469055,-1.48289088465036e-20,-5.80046566334147e-10,-4.58402960035187e-09
2.87666368484497,-6.9975725197487e-20,-4.88359408468142e-10,-3.86086318471257e-09
2.87999701499939,8.48865152311105e-20,7.73469691073281e-11,6.2653782162414e-10
2.88333034515381,-1.48280525853226e-20,-5.80044512421551e-10,-4.5840131690511e-09
2.88666367530823,-6.99775669668196e-20,-4.88361795447645e-10,-3.86088183645938e-09
2.88999700546265,8.48862955112603e-20,7.73473299298111e-11,6.26540652692853e-10
2.89333033561707,-1.48274806674772e-20,-5.80042402997805e-10,-4.58399673775034e-09
2.89666366577148,-6.99777479125786e-20,-4.88364126915997e-10,-3.8609004882062e-09
2.8999969959259,8.48813453522821e-20,7.73476838134002e-11,6.26543428250415e-10
2.90333032608032,-1.48285453393985e-20,-5.80040349085209e-10,-4.58398030644958e-09
2.90666365623474,-6.99808046034359e-20,-4.883665138955e-10,-3.86091913995301e-09
2.90999698638916,8.48844085054879e-20,7.73480376969893e-11,6.26546259319127e-10
2.91333031654358,-1.4829601933384e-20,-5.80038239661462e-10,-4.58396387514881e-09
2.916663646698,-6.99854574943815e-20,-4.88368845363851e-10,-3.86093779169983e-09
2.91999697685242,8.48849125686737e-20,7.73483985194723e-11,6.2654909038784e-10
2.92333030700684,-1.48314630897623e-20,-5.80036185748867e-10,-4.58394744384805e-09
2.92666363716125,-6.9979092081074e-20,-4.88371232343354e-10,-3.86095688753585e-09
2.92999696731567,8.48765050532289e-20,7.73487524030614e-11,6.26551865945402e-10
2.93333029747009,-1.48276131456222e-20,-5.80034131836271e-10,-4.58393056845807e-09
2.93666362762451,-6.99782842875071e-20,-4.88373619322857e-10,-3.86097553928266e-09
2.93999695777893,8.48788444233988e-20,7.73491062866505e-11,6.26554697014114e-10
2.94333028793335,-1.4828805448927e-20,-5.80032022412524e-10,-4.58391413715731e-09
2.94666361808777,-6.99798417135041e-20,-4.88375950791209e-10,-3.86099419102948e-09
2.94999694824219,8.48828381547938e-20,7.73494671091335e-11,6.26557528082827e-10
2.95333027839661,-1.48289282335492e-20,-5.80029968499929e-10,-4.58389770585654e-09
2.95666360855103,-6.99821035354916e-20,-4.88378337770712e-10,-3.86101284277629e-09
2.95999693870544,8.48815586097837e-20,7.73498209927226e-11,6.26560303640389e-10
2.96333026885986,-1.48285598796827e-20,-5.80027859076182e-10,-4.58388127455578e-09
2.96666359901428,-6.99875771447012e-20,-4.88380669239064e-10,-3.8610314945231e-09
2.9699969291687,8.48787151764281e-20,7.73501818152056e-11,6.26563134709102e-10
2.97333025932312,-1.48279475721589e-20,-5.80025805163586e-10,-4.58386484325501e-09
2.97666358947754,-6.99835123274723e-20,-4.88383056218566e-10,-3.86105014626992e-09
2.97999691963196,8.48770478905059e-20,7.73505356987947e-11,6.26565965777814e-10
2.98333024978638,-1.48275969897509e-20,-5.80023751250991e-10,-4.58384841195425e-09
2.9866635799408,-6.99783295239468e-20,-4.88385387686918e-10,-3.86106879801673e-09
2.98999691009521,8.48764727414863e-20,7.73508895823838e-11,6.26568741335376e-10
2.99333024024963,-1.4826270592714e-20,-5.80021641827244e-10,-4.58383198065349e-09
2.99666357040405,-6.99834541663355e-20,-4.88387774666421e-10,-3.86108744976355e-09
2.99999690055847,8.48777264371022e-20,7.73512504048668e-11,6.26571572404089e-10
3.00333023071289,-1.48268118144038e-20,-5.80019587914649e-10,-4.58381554935272e-09
3.00666356086731,-6.99815994723058e-20,-4.88390106134773e-10,-3.86110654559957e-09
3.00999689102173,8.48789413586268e-20,7.73516042884559e-11,6.2657434796165e-10
3.01333022117615,-1.48252350013611e-20,-5.80017478490902e-10,-4.58379911805196e-09
3.01666355133057,-6.99851149899092e-20,-4.88392493114276e-10,-3.86112519734638e-09
3.01999688148499,8.48827606066114e-20,7.7351958172045e-11,6.26577179030363e-10
3.0233302116394,-1.48249215774572e-20,-5.80015424578306e-10,-4.58378268675119e-09
3.02666354179382,-6.99842296481598e-20,-4.88394824582628e-10,-3.8611438490932e-09
3.02999687194824,8.48813130405394e-20,7.7352318994528e-11,6.26580010099076e-10
3.03333020210266,-1.48234433152296e-20,-5.80013370665711e-10,-4.58376625545043e-09
3.03666353225708,-6.99805331847974e-20,-4.8839721156213e-10,-3.86116250084001e-09
3.0399968624115,8.48769703423235e-20,7.73526728781171e-11,6.26582785656637e-10
3.04333019256592,-1.48197129245375e-20,-5.80011261241964e-10,-4.58374982414966e-09
3.04666352272034,-6.99865043948443e-20,-4.88399543030482e-10,-3.86118115258682e-09
3.04999685287476,8.48782821990762e-20,7.73530267617062e-11,6.2658561672535e-10
3.05333018302917,-1.4823362535873e-20,-5.80009207329368e-10,-4.58373294875969e-09
3.05666351318359,-6.99867758134828e-20,-4.88401930009985e-10,-3.86119980433364e-09
3.05999684333801,8.48837945823771e-20,7.73533875841892e-11,6.26588447794063e-10
3.06333017349243,-1.48234368528811e-20,-5.80007097905622e-10,-4.58371651745892e-09
3.06666350364685,-6.99857095259744e-20,-4.88404261478337e-10,-3.86121845608045e-09
3.06999683380127,8.48739459632088e-20,7.73537414677783e-11,6.26591223351625e-10
3.07333016395569,-1.48216338576397e-20,-5.80005043993026e-10,-4.58370008615816e-09
3.07666349411011,-6.99842231858113e-20,-4.8840664845784e-10,-3.86123755191647e-09
3.07999682426453,8.48702107257553e-20,7.73540953513674e-11,6.26594054420337e-10
3.08333015441895,-1.48210619397943e-20,-5.8000299008043e-10,-4.5836836548574e-09
3.08666348457336,-6.9985535042564e-20,-4.88408979926191e-10,-3.86125620366329e-09
3.08999681472778,8.4876976804672e-20,7.73544561738504e-11,6.26596829977899e-10
3.0933301448822,-1.48192686380757e-20,-5.80000880656684e-10,-4.58366722355663e-09
3.09666347503662,-6.99848241842251e-20,-4.88411366905694e-10,-3.8612748554101e-09
3.09999680519104,8.48801110437118e-20,7.73548100574395e-11,6.26599661046612e-10
3.10333013534546,-1.4817848536985e-20,-5.79998826744088e-10,-4.58365079225587e-09
3.10666346549988,-6.99839194554301e-20,-4.88413698374046e-10,-3.86129350715692e-09
3.1099967956543,8.48725500959252e-20,7.73551639410286e-11,6.26602492115325e-10
3.11333012580872,-1.48178016849581e-20,-5.79996717320341e-10,-4.5836343609551e-09
3.11666345596313,-6.99819355144297e-20,-4.88416085353549e-10,-3.86131215890373e-09
3.11999678611755,8.48818171037252e-20,7.73555247635116e-11,6.26605267672886e-10
3.12333011627197,-1.48160794690734e-20,-5.79994663407746e-10,-4.58361792965434e-09
3.12666344642639,-6.99833443064104e-20,-4.88418472333052e-10,-3.86133081065054e-09
3.12999677658081,8.48838139694227e-20,7.73558786471007e-11,6.26608098741599e-10
3.13333010673523,-1.48169276523187e-20,-5.7999260949515e-10,-4.58360149835357e-09
3.13666343688965,-6.99825235881464e-20,-4.88420803801404e-10,-3.86134946239736e-09
3.13999676704407,8.48786505529427e-20,7.73562325306898e-11,6.26610929810312e-10
3.14333009719849,-1.4817354167322e-20,-5.79990500071403e-10,-4.58358506705281e-09
3.14666342735291,-6.99821616966284e-20,-4.88423190780907e-10,-3.86136855823338e-09
3.14999675750732,8.4874611585108e-20,7.73565933531728e-11,6.26613705367873e-10
3.15333008766174,-1.48123410004455e-20,-5.79988446158808e-10,-4.58356863575204e-09
3.15666341781616,-6.99896063221414e-20,-4.88425522249258e-10,-3.86138720998019e-09
3.15999674797058,8.48750381001114e-20,7.73569472367619e-11,6.26616536436586e-10
3.163330078125,-1.48154655459625e-20,-5.79986336735061e-10,-4.58355220445128e-09
3.16666340827942,-6.99839517671728e-20,-4.88427909228761e-10,-3.86140586172701e-09
3.16999673843384,8.48686791491524e-20,7.7357301120351e-11,6.26619311994148e-10
3.17333006858826,-1.48134654490907e-20,-5.79984282822466e-10,-4.58353532906131e-09
3.17666339874268,-6.99814185265468e-20,-4.88430240697113e-10,-3.86142451347382e-09
3.17999672889709,8.48756714102678e-20,7.7357661942834e-11,6.2662214306286e-10
3.18333005905151,-1.48109483643361e-20,-5.7998222890987e-10,-4.58351889776054e-09
3.18666338920593,-6.99880488961443e-20,-4.88432627676616e-10,-3.86144316522063e-09
3.18999671936035,8.48756714102678e-20,7.73580158264231e-11,6.26624974131573e-10
3.19333004951477,-1.48089175713088e-20,-5.79980119486123e-10,-4.58350246645978e-09
3.19666337966919,-6.99820906107945e-20,-4.88434959144968e-10,-3.86146181696745e-09
3.19999670982361,8.48831031110837e-20,7.73583697100122e-11,6.26627749689135e-10
3.20333003997803,-1.48085249836353e-20,-5.79978065573528e-10,-4.58348603515901e-09
3.20666337013245,-6.99878614880368e-20,-4.88437346124471e-10,-3.86148046871426e-09
3.20999670028687,8.48749088531406e-20,7.73587305324952e-11,6.26630580757848e-10
3.21333003044128,-1.48074053817515e-20,-5.79975956149781e-10,-4.58346960385825e-09
3.2166633605957,-6.9989987600705e-20,-4.88439677592822e-10,-3.86149912046108e-09
3.21999669075012,8.48825021126699e-20,7.73590844160843e-11,6.26633356315409e-10
3.22333002090454,-1.48069917914452e-20,-5.79973902237185e-10,-4.58345317255748e-09
3.22666335105896,-6.99926242389075e-20,-4.88442064572325e-10,-3.8615182162971e-09
3.22999668121338,8.48797491521938e-20,7.73594382996734e-11,6.26636187384122e-10
3.2333300113678,-1.48136189298684e-20,-5.7997184832459e-10,-4.58343674125672e-09
3.23666334152222,-6.99867628887857e-20,-4.88444396040677e-10,-3.86153686804391e-09
3.23999667167664,8.48745598863197e-20,7.73597991221564e-11,6.26638962941684e-10
3.24333000183105,-1.48087043138071e-20,-5.79969738900843e-10,-4.58342030995595e-09
3.24666333198547,-6.99936388276276e-20,-4.8844678302018e-10,-3.86155551979073e-09
3.24999666213989,8.48790576809005e-20,7.73601530057455e-11,6.26641794010396e-10
3.25332999229431,-1.48085637577265e-20,-5.79967684988247e-10,-4.58340387865519e-09
3.25666332244873,-6.99905045885878e-20,-4.88449114488532e-10,-3.86157417153754e-09
3.25999665260315,8.48786440905942e-20,7.73605068893346e-11,6.26644625079109e-10
3.26332998275757,-1.48110356060414e-20,-5.79965575564501e-10,-4.58338744735443e-09
3.26666331291199,-6.99821487719313e-20,-4.88451501468035e-10,-3.86159282328435e-09
3.26999664306641,8.48808025150051e-20,7.73608677118176e-11,6.26647400636671e-10
3.27332997322083,-1.48048979905197e-20,-5.79963521651905e-10,-4.58337101605366e-09
3.27666330337524,-6.99880488961443e-20,-4.88453832936386e-10,-3.86161147503117e-09
3.27999663352966,8.48815456850867e-20,7.73612215954067e-11,6.26650231705383e-10
3.28332996368408,-1.48040417293387e-20,-5.79961412228158e-10,-4.58335414066369e-09
3.2866632938385,-6.9989625709187e-20,-4.88456219915889e-10,-3.86163012677798e-09
3.28999662399292,8.48775519536917e-20,7.73615754789958e-11,6.26653007262945e-10
3.29332995414734,-1.48034988920617e-20,-5.79959358315563e-10,-4.58333770936292e-09
3.29666328430176,-6.99868921357564e-20,-4.88458551384241e-10,-3.8616487785248e-09
3.29999661445618,8.48763499568641e-20,7.73619293625849e-11,6.26655838331658e-10
3.3033299446106,-1.48028510416211e-20,-5.79957304402967e-10,-4.58332127806216e-09
3.30666327476501,-6.99903818039656e-20,-4.88460938363744e-10,-3.86166787436082e-09
3.30999660491943,8.48732351048699e-20,7.73622901850679e-11,6.26658669400371e-10
3.31332993507385,-1.48042388309691e-20,-5.7995519497922e-10,-4.58330484676139e-09
3.31666326522827,-6.99876288434895e-20,-4.88463269832096e-10,-3.86168652610763e-09
3.31999659538269,8.48801821295457e-20,7.7362644068657e-11,6.26661444957932e-10
3.32332992553711,-1.48012564571199e-20,-5.79953141066625e-10,-4.58328841546063e-09
3.32666325569153,-6.99888890014539e-20,-4.88465656811599e-10,-3.86170517785445e-09
3.32999658584595,8.48762917957273e-20,7.73629979522461e-11,6.26664276026645e-10
3.33332991600037,-1.48002240969413e-20,-5.79951031642878e-10,-4.58327198415986e-09
3.33666324615479,-6.99890957966071e-20,-4.88468043791102e-10,-3.86172382960126e-09
3.3399965763092,8.48726017947134e-20,7.73633587747291e-11,6.26667051584207e-10
3.34332990646362,-1.48033050216057e-20,-5.79948977730282e-10,-4.5832555528591e-09
3.34666323661804,-6.99922946591322e-20,-4.88470375259453e-10,-3.86174248134807e-09
3.34999656677246,8.48772352986135e-20,7.73637126583182e-11,6.26669882652919e-10
3.35332989692688,-1.4800823479768e-20,-5.79946923817687e-10,-4.58323912155834e-09
3.3566632270813,-6.9991629037233e-20,-4.88472762238956e-10,-3.86176113309489e-09
3.35999655723572,8.48794777335553e-20,7.73640665419073e-11,6.26672658210481e-10
3.36332988739014,-1.48003985803518e-20,-5.7994481439394e-10,-4.58322269025757e-09
3.36666321754456,-6.99935806664908e-20,-4.88475093707308e-10,-3.8617797848417e-09
3.36999654769897,8.48772288362649e-20,7.73644204254964e-11,6.26675489279194e-10
3.37332987785339,-1.47988298452448e-20,-5.79942760481345e-10,-4.58320625895681e-09
3.37666320800781,-6.99909440282882e-20,-4.88477480686811e-10,-3.86179888067772e-09
3.37999653816223,8.48768734070955e-20,7.73647812479794e-11,6.26678264836755e-10
3.38332986831665,-1.48004567414886e-20,-5.79940651057598e-10,-4.58318982765604e-09
3.38666319847107,-6.99919780040539e-20,-4.88479812155163e-10,-3.86181753242454e-09
3.38999652862549,8.48763564192126e-20,7.73651351315685e-11,6.26681095905468e-10
3.39332985877991,-1.48021256429979e-20,-5.79938597145002e-10,-4.58317295226607e-09
3.39666318893433,-6.99881587560694e-20,-4.88482199134666e-10,-3.86183618417135e-09
3.39999651908875,8.48740041243457e-20,7.73654890151576e-11,6.26683926974181e-10
3.40332984924316,-1.47966536493754e-20,-5.79936543232407e-10,-4.5831565209653e-09
3.40666317939758,-6.99903042557832e-20,-4.88484530603017e-10,-3.86185483591817e-09
3.409996509552,8.48699522318139e-20,7.73658498376406e-11,6.26686702531742e-10
3.41332983970642,-1.47939750059074e-20,-5.7993443380866e-10,-4.58314008966454e-09
3.41666316986084,-6.99933867960347e-20,-4.8848691758252e-10,-3.86187348766498e-09
3.41999650001526,8.48738167162381e-20,7.73662037212297e-11,6.26689533600455e-10
3.42332983016968,-1.47947068668791e-20,-5.79932379896064e-10,-4.58312365836377e-09
3.4266631603241,-6.99953771993836e-20,-4.88489249050872e-10,-3.86189213941179e-09
3.42999649047852,8.4881778329634e-20,7.73665576048188e-11,6.26692309158017e-10
3.43332982063293,-1.47946422433937e-20,-5.79930270472317e-10,-4.58310722706301e-09
3.43666315078735,-6.99865302442384e-20,-4.88491636030375e-10,-3.86191079115861e-09
3.43999648094177,8.48787216387766e-20,7.73669114884079e-11,6.2669514022673e-10
3.44332981109619,-1.47909328553343e-20,-5.79928216559722e-10,-4.58309079576225e-09
3.44666314125061,-6.99860649551439e-20,-4.88493967498727e-10,-3.86192944290542e-09
3.44999647140503,8.48783145108189e-20,7.73672723108909e-11,6.26697915784291e-10
3.45332980155945,-1.47932350670001e-20,-5.79926162647126e-10,-4.58307436446148e-09
3.45666313171387,-6.99894318387309e-20,-4.88496354478229e-10,-3.86194853874144e-09
3.45999646186829,8.48753224434469e-20,7.736762619448e-11,6.26700746853004e-10
3.46332979202271,-1.47906178158432e-20,-5.7992405322338e-10,-4.58305793316072e-09
3.46666312217712,-6.99902267076008e-20,-4.88498685946581e-10,-3.86196719048826e-09
3.46999645233154,8.48837364212402e-20,7.73679800780691e-11,6.26703522410565e-10
3.47332978248596,-1.47909506267928e-20,-5.79921999310784e-10,-4.58304150185995e-09
3.47666311264038,-6.99921654121615e-20,-4.88501072926084e-10,-3.86198584223507e-09
3.4799964427948,8.48821402211519e-20,7.73683339616582e-11,6.26706353479278e-10
3.48332977294922,-1.47903431660305e-20,-5.79919889887037e-10,-4.58302507055919e-09
3.48666310310364,-6.99940330308882e-20,-4.88503404394436e-10,-3.86200449398189e-09
3.48999643325806,8.48739265761632e-20,7.73686947841412e-11,6.2670912903684e-10
3.49332976341248,-1.47898197157991e-20,-5.79917835974442e-10,-4.58300863925842e-09
3.49666309356689,-6.99967601419703e-20,-4.88505791373939e-10,-3.8620231457287e-09
3.49999642372131,8.4872330376075e-20,7.73690486677303e-11,6.26711960105553e-10
3.50332975387573,-1.47899748121639e-20,-5.79915726550695e-10,-4.58299176386845e-09
3.50666308403015,-6.99976648707652e-20,-4.88508122842291e-10,-3.86204179747551e-09
3.50999641418457,8.48794777335553e-20,7.73694025513194e-11,6.26714735663114e-10
3.51332974433899,-1.47907535251625e-20,-5.79913672638099e-10,-4.58297533256768e-09
3.51666307449341,-6.99929279692887e-20,-4.88510509821793e-10,-3.86206044922233e-09
3.51999640464783,8.48765696767143e-20,7.73697564349085e-11,6.26717566731827e-10
3.52332973480225,-1.47899295757242e-20,-5.79911618725504e-10,-4.58295890126692e-09
3.52666306495667,-6.99954353605205e-20,-4.88512841290145e-10,-3.86207954505835e-09
3.52999639511108,8.48802273659854e-20,7.73701172573915e-11,6.26720342289389e-10
3.5333297252655,-1.47911509595974e-20,-5.79909509301757e-10,-4.58294246996616e-09
3.53666305541992,-6.9997987988192e-20,-4.88515228269648e-10,-3.86209819680516e-09
3.53999638557434,8.48798331627247e-20,7.73704711409806e-11,6.26723173358101e-10
3.54332971572876,-1.4787309093393e-20,-5.79907455389161e-10,-4.58292603866539e-09
3.54666304588318,-7.00004824547267e-20,-4.88517559738e-10,-3.86211684855198e-09
3.5499963760376,8.48764275050465e-20,7.73708250245697e-11,6.26725948915663e-10
3.55332970619202,-1.47883818432499e-20,-5.79905345965415e-10,-4.58290960736463e-09
3.55666303634644,-6.99908341683631e-20,-4.88519946717503e-10,-3.86213550029879e-09
3.55999636650085,8.48837234965432e-20,7.73711789081588e-11,6.26728779984376e-10
3.56332969665527,-1.47824591008171e-20,-5.79903292052819e-10,-4.58289317606386e-09
3.56666302680969,-6.99934837312627e-20,-4.88522333697006e-10,-3.8621541520456e-09
3.56999635696411,8.48750381001114e-20,7.73715397306418e-11,6.26731611053088e-10
3.57332968711853,-1.47840197579884e-20,-5.79901238140224e-10,-4.5828767447631e-09
3.57666301727295,-6.99918422947347e-20,-4.88524665165357e-10,-3.86217280379242e-09
3.57999634742737,8.48693770827942e-20,7.73718936142309e-11,6.2673438661065e-10
3.58332967758179,-1.47811100855603e-20,-5.79899128716477e-10,-4.58286031346233e-09
3.58666300773621,-6.99950088455171e-20,-4.8852705214486e-10,-3.86219145553923e-09
3.58999633789062,8.48720977315277e-20,7.737224749782e-11,6.26737217679363e-10
3.59332966804504,-1.47803652998915e-20,-5.79897074803881e-10,-4.58284388216157e-09
3.59666299819946,-6.99959135743121e-20,-4.88529383613212e-10,-3.86221010728605e-09
3.59999632835388,8.48814745992528e-20,7.73726013814091e-11,6.26739993236924e-10
3.6033296585083,-1.47825818854392e-20,-5.79894965380134e-10,-4.58282700677159e-09
3.60666298866272,-6.99931929255786e-20,-4.88531770592715e-10,-3.86222920312207e-09
3.60999631881714,8.4877784598239e-20,7.73729552649982e-11,6.26742824305637e-10
3.61332964897156,-1.47830197095525e-20,-5.79892911467539e-10,-4.58281057547083e-09
3.61666297912598,-6.99925208413309e-20,-4.88534102061067e-10,-3.86224785486888e-09
3.6199963092804,8.48724919347883e-20,7.73733160874812e-11,6.26745599863199e-10
3.62332963943481,-1.47801471956285e-20,-5.79890857554943e-10,-4.58279414417007e-09
3.62666296958923,-6.99955258334e-20,-4.8853648904057e-10,-3.8622665066157e-09
3.62999629974365,8.48824956503214e-20,7.73736699710703e-11,6.26748430931912e-10
3.63332962989807,-1.47818613335775e-20,-5.79888748131197e-10,-4.5827777128693e-09
3.63666296005249,-6.99945564811196e-20,-4.88538820508921e-10,-3.86228515836251e-09
3.63999629020691,8.48800141084837e-20,7.73740238546594e-11,6.26751206489473e-10
3.64332962036133,-1.47778465995498e-20,-5.79886694218601e-10,-4.58276128156854e-09
3.64666295051575,-6.9997891052964e-20,-4.88541207488424e-10,-3.86230381010932e-09
3.64999628067017,8.48755873997369e-20,7.73743777382485e-11,6.26753982047035e-10
3.65332961082458,-1.47784395200279e-20,-5.79884584794854e-10,-4.58274485026777e-09
3.656662940979,-6.9997264205156e-20,-4.88543538956776e-10,-3.86232246185614e-09
3.65999627113342,8.48734677494172e-20,7.73747316218376e-11,6.26756813115747e-10
3.66332960128784,-1.47789888196535e-20,-5.79882530882259e-10,-4.58272841896701e-09
3.66666293144226,-6.99990284263062e-20,-4.88545925936279e-10,-3.86234111360295e-09
3.66999626159668,8.48808994502331e-20,7.73750924443206e-11,6.26759588673309e-10
3.6733295917511,-1.47774879392061e-20,-5.79880421458512e-10,-4.58271198766624e-09
3.67666292190552,-7.00011480766259e-20,-4.88548257404631e-10,-3.86235976534977e-09
3.67999625205994,8.4874068747831e-20,7.73754463279097e-11,6.26762419742022e-10
3.68332958221436,-1.47749773168e-20,-5.79878367545916e-10,-4.58269555636548e-09
3.68666291236877,-7.0003610231418e-20,-4.88550644384134e-10,-3.86237886118579e-09
3.68999624252319,8.48808412890963e-20,7.73758002114988e-11,6.26765195299583e-10
3.69332957267761,-1.477883857005e-20,-5.79876313633321e-10,-4.58267912506471e-09
3.69666290283203,-7.00023177617108e-20,-4.88552975852485e-10,-3.8623975129326e-09
3.69999623298645,8.48822048446373e-20,7.73761540950879e-11,6.26768026368296e-10
3.70332956314087,-1.4775906279402e-20,-5.79874204209574e-10,-4.58266269376395e-09
3.70666289329529,-7.00009477438213e-20,-4.88555362831988e-10,-3.86241616467942e-09
3.70999622344971,8.48798008509821e-20,7.7376507978677e-11,6.26770801925858e-10
3.71332955360413,-1.4773408581693e-20,-5.79872150296978e-10,-4.58264581837398e-09
3.71666288375854,-7.00003208960134e-20,-4.8855769430034e-10,-3.86243481642623e-09
3.71999621391296,8.48781852638482e-20,7.737686880116e-11,6.26773632994571e-10
3.72332954406738,-1.4773095157789e-20,-5.79870040873232e-10,-4.58262938707321e-09
3.7266628742218,-6.99946469539991e-20,-4.88560081279843e-10,-3.86245346817304e-09
3.72999620437622,8.48765696767143e-20,7.73772226847491e-11,6.26776408552132e-10
3.73332953453064,-1.47698817549797e-20,-5.79867986960636e-10,-4.58261295577245e-09
3.73666286468506,-6.99944078471033e-20,-4.88562412748195e-10,-3.86247211991986e-09
3.73999619483948,8.48795294323436e-20,7.73775765683382e-11,6.26779239620845e-10
3.7433295249939,-1.47705069872005e-20,-5.7986593304804e-10,-4.58259652447168e-09
3.74666285514832,-6.9992798722318e-20,-4.88564799727698e-10,-3.86249077166667e-09
3.74999618530273,8.48734419000231e-20,7.73779304519273e-11,6.26782015178406e-10
3.75332951545715,-1.47704956780906e-20,-5.79863823624294e-10,-4.58258009317092e-09
3.75666284561157,-6.99956033815824e-20,-4.88567131196049e-10,-3.86250942341348e-09
3.75999617576599,8.48773128467959e-20,7.73782843355164e-11,6.26784846247119e-10
3.76332950592041,-1.47677330240916e-20,-5.79861769711698e-10,-4.58256366187015e-09
3.76666283607483,-6.99947568139242e-20,-4.88569518175552e-10,-3.86252851924951e-09
3.76999616622925,8.48787604128678e-20,7.73786451579994e-11,6.26787621804681e-10
3.77332949638367,-1.47664696349529e-20,-5.79859660287951e-10,-4.58254723056939e-09
3.77666282653809,-6.99987763947134e-20,-4.88571849643904e-10,-3.86254717099632e-09
3.7799961566925,8.48829415523704e-20,7.73789990415885e-11,6.26790452873394e-10
3.78332948684692,-1.4767375979335e-20,-5.79857606375356e-10,-4.58253079926862e-09
3.78666281700134,-6.99990865874431e-20,-4.88574236623407e-10,-3.86256582274314e-09
3.78999614715576,8.48736293081306e-20,7.73793529251776e-11,6.26793228430955e-10
3.79332947731018,-1.47654065786188e-20,-5.79855496951609e-10,-4.58251436796786e-09
3.7966628074646,-6.9999435554264e-20,-4.88576568091759e-10,-3.86258447448995e-09
3.79999613761902,8.48790835302946e-20,7.73797068087667e-11,6.26796059499668e-10
3.80332946777344,-1.47648928219102e-20,-5.79853443039013e-10,-4.5824979366671e-09
3.80666279792786,-7.00019300207987e-20,-4.88578955071262e-10,-3.86260312623676e-09
3.80999612808228,8.48765567520172e-20,7.73800606923558e-11,6.2679883505723e-10
3.81332945823669,-1.47636617445142e-20,-5.79851389126418e-10,-4.58248106127712e-09
3.81666278839111,-6.99991964473682e-20,-4.88581286539613e-10,-3.86262177798358e-09
3.81999611854553,8.48801885918942e-20,7.73804215148388e-11,6.26801610614791e-10
3.82332944869995,-1.47632998529962e-20,-5.79849279702671e-10,-4.58246462997636e-09
3.82666277885437,-6.99938391604322e-20,-4.88583673519116e-10,-3.86264042973039e-09
3.82999610900879,8.48677291839176e-20,7.73807753984279e-11,6.26804441683504e-10
3.83332943916321,-1.47629314991297e-20,-5.79847225790076e-10,-4.58244819867559e-09
3.83666276931763,-6.999526087711e-20,-4.88586060498619e-10,-3.8626590814772e-09
3.83999609947205,8.4871787538798e-20,7.7381129282017e-11,6.26807217241065e-10
3.84332942962646,-1.47606341342253e-20,-5.79845116366329e-10,-4.58243176737483e-09
3.84666275978088,-7.00020140313297e-20,-4.88588391966971e-10,-3.86267817731323e-09
3.8499960899353,8.48820949847122e-20,7.73814831656061e-11,6.26810048309778e-10
3.85332942008972,-1.47593545892153e-20,-5.79843062453733e-10,-4.58241533607406e-09
3.85666275024414,-6.9997348215687e-20,-4.88590778946474e-10,-3.86269682906004e-09
3.85999608039856,8.48807637409139e-20,7.73818370491952e-11,6.2681282386734e-10
3.86332941055298,-1.47637699888522e-20,-5.79841008541138e-10,-4.5823989047733e-09
3.8666627407074,-7.00005664652577e-20,-4.88593110414826e-10,-3.86271548080686e-09
3.86999607086182,8.48798396250733e-20,7.73821909327843e-11,6.26815654936053e-10
3.87332940101624,-1.4759737483366e-20,-5.79838899117391e-10,-4.58238247347253e-09
3.87666273117065,-6.99997651340393e-20,-4.88595497394329e-10,-3.86273413255367e-09
3.87999606132507,8.48752772070072e-20,7.73825448163734e-11,6.26818430493614e-10
3.88332939147949,-1.47614451589665e-20,-5.79836845204795e-10,-4.58236604217177e-09
3.88666272163391,-7.00044955731673e-20,-4.8859782886268e-10,-3.86275278430048e-09
3.88999605178833,8.48785536177147e-20,7.73829056388564e-11,6.26821261562327e-10
3.89332938194275,-1.47575402848639e-20,-5.79834735781048e-10,-4.58234961087101e-09
3.89666271209717,-6.99961785306021e-20,-4.88600215842183e-10,-3.8627714360473e-09
3.89999604225159,8.48721429679674e-20,7.73832595224455e-11,6.26824037119889e-10
3.90332937240601,-1.47569247461659e-20,-5.79832681868453e-10,-4.58233317957024e-09
3.90666270256042,-7.00003338207104e-20,-4.88602547310535e-10,-3.86279008779411e-09
3.90999603271484,8.48737391680557e-20,7.73836134060346e-11,6.2682681267745e-10
3.91332936286926,-1.47582479120285e-20,-5.79830572444706e-10,-4.58231630418027e-09
3.91666269302368,-7.00010446790493e-20,-4.88604934290038e-10,-3.86280873954092e-09
3.9199960231781,8.48764598167892e-20,7.73839672896237e-11,6.26829643746163e-10
3.92332935333252,-1.4759508069993e-20,-5.79828518532111e-10,-4.5822998728795e-09
3.92666268348694,-7.00018718596619e-20,-4.8860726575839e-10,-3.86282783537695e-09
3.92999601364136,8.4872427311303e-20,7.73843211732128e-11,6.26832419303724e-10
3.93332934379578,-1.47588618351394e-20,-5.79826464619515e-10,-4.58228344157874e-09
3.9366626739502,-7.00023177617108e-20,-4.88609652737892e-10,-3.86284648712376e-09
3.93999600410461,8.48746762085934e-20,7.73846750568019e-11,6.26835250372437e-10
3.94332933425903,-1.47559553938856e-20,-5.79824355195768e-10,-4.58226701027797e-09
3.94666266441345,-7.00028670613364e-20,-4.88611984206244e-10,-3.86286513887057e-09
3.94999599456787,8.48766795366394e-20,7.73850358792849e-11,6.26838025929999e-10
3.95332932472229,-1.47554561774612e-20,-5.79822301283173e-10,-4.58225057897721e-09
3.95666265487671,-7.00022014394372e-20,-4.88614371185747e-10,-3.86288379061739e-09
3.95999598503113,8.48738231785867e-20,7.7385389762874e-11,6.26840856998712e-10
3.96332931518555,-1.47552509978952e-20,-5.79820191859426e-10,-4.58223414767644e-09
3.96666264533997,-7.00031901787631e-20,-4.88616702654099e-10,-3.8629024423642e-09
3.96999597549438,8.48725371712281e-20,7.73857436464631e-11,6.26843632556273e-10
3.9733293056488,-1.47560878720305e-20,-5.7981813794683e-10,-4.58221771637568e-09
3.97666263580322,-7.0008702562064e-20,-4.88619089633602e-10,-3.86292109411102e-09
3.97999596595764,8.48803372259105e-20,7.73860975300522e-11,6.26846408113835e-10
3.98332929611206,-1.47559618562341e-20,-5.79816084034235e-10,-4.58220128507492e-09
3.98666262626648,-7.00058462040113e-20,-4.88621421101954e-10,-3.86293974585783e-09
3.9899959564209,8.48694610933252e-20,7.73864514136413e-11,6.26849239182548e-10
3.99332928657532,-1.47551831432356e-20,-5.79813974610488e-10,-4.58218485377415e-09
3.99666261672974,-7.0005794505223e-20,-4.88623808081456e-10,-3.86295839760464e-09
3.99999594688416,8.48739007267691e-20,7.73868052972304e-11,6.26852014740109e-10
4.00332927703857,-1.47527597625347e-20,-5.79811920697892e-10,-4.58216842247339e-09
4.00666284561157,-7.00135299364201e-20,-4.88626139549808e-10,-3.86297749344067e-09
4.00999593734741,8.48755357009486e-20,7.73871591808195e-11,6.26854845808822e-10
4.01332950592041,-1.47568972811846e-20,-5.79809811274146e-10,-4.58215154708341e-09
4.01666259765625,-7.00053809149167e-20,-4.88628526529311e-10,-3.86299614518748e-09
4.01999616622925,8.48694093945369e-20,7.73875130644086e-11,6.26857621366383e-10
4.02332925796509,-1.47565079246853e-20,-5.7980775736155e-10,-4.58213511578265e-09
4.02666282653809,-7.00073583935686e-20,-4.88630857997663e-10,-3.86301479693429e-09
4.02999591827393,8.48722980643323e-20,7.73878738868916e-11,6.26860396923945e-10
4.03332948684692,-1.47520892938741e-20,-5.79805647937803e-10,-4.58211868448188e-09
4.03666257858276,-7.00078236826632e-20,-4.88633244977166e-10,-3.86303344868111e-09
4.03999614715576,8.48667275198946e-20,7.73882277704807e-11,6.26863227992658e-10
4.0433292388916,-1.47515464565972e-20,-5.79803594025208e-10,-4.58210225318112e-09
4.0466628074646,-7.00085280786535e-20,-4.88635576445517e-10,-3.86305210042792e-09
4.04999589920044,8.48723109890293e-20,7.73885816540698e-11,6.26866003550219e-10
4.05332946777344,-1.47494946609371e-20,-5.79801540112612e-10,-4.58208582188036e-09
4.05666255950928,-7.00080692519075e-20,-4.8863796342502e-10,-3.86307075217474e-09
4.05999612808228,8.48744371016975e-20,7.73889355376589e-11,6.26868834618932e-10
4.06332921981812,-1.47491537720519e-20,-5.79799430688865e-10,-4.58206939057959e-09
4.06666278839111,-7.00039204241477e-20,-4.88640294893372e-10,-3.86308940392155e-09
4.06999588012695,8.48747279073816e-20,7.7389289421248e-11,6.26871610176494e-10
4.07332944869995,-1.47512621132616e-20,-5.7979737677627e-10,-4.58205295927883e-09
4.07666254043579,-7.00061305473468e-20,-4.88642681872875e-10,-3.86310805566836e-09
4.07999610900879,8.48758265066327e-20,7.73896433048371e-11,6.26874385734055e-10
4.08332920074463,-1.47506594992607e-20,-5.79795267352523e-10,-4.58203652797806e-09
4.08666276931763,-7.00082954341063e-20,-4.88645013341227e-10,-3.86312715150439e-09
4.08999586105347,8.48723045266808e-20,7.73899971884262e-11,6.26877216802768e-10
4.09332942962646,-1.47509196087892e-20,-5.79793213439928e-10,-4.5820200966773e-09
4.0966625213623,-7.00094069580544e-20,-4.8864740032073e-10,-3.8631458032512e-09
4.0999960899353,8.48765309026231e-20,7.73903510720153e-11,6.2687999236033e-10
4.10332918167114,-1.4748323360265e-20,-5.79791104016181e-10,-4.58200366537653e-09
4.10666275024414,-7.00050577974899e-20,-4.88649731789081e-10,-3.86316445499801e-09
4.10999584197998,8.48751091859452e-20,7.73907118944983e-11,6.26882823429042e-10
4.11332941055298,-1.47492216267115e-20,-5.79789050103585e-10,-4.58198678998656e-09
4.11666250228882,-7.00052581302945e-20,-4.88652118768584e-10,-3.86318310674483e-09
4.11999607086182,8.48774097820239e-20,7.73910657780874e-11,6.26885598986604e-10
4.12332916259766,-1.47439225009123e-20,-5.7978699619099e-10,-4.58197035868579e-09
4.12666273117065,-7.00075458016761e-20,-4.88654450236936e-10,-3.86320175849164e-09
4.12999582290649,8.48637936136595e-20,7.73914196616765e-11,6.26888374544166e-10
4.13332939147949,-1.47426494182508e-20,-5.79784886767243e-10,-4.58195392738503e-09
4.13666248321533,-7.00106541913217e-20,-4.88656837216439e-10,-3.86322041023845e-09
4.13999605178833,8.486961618969e-20,7.73917735452656e-11,6.26891205612878e-10
4.14332914352417,-1.474305008386e-20,-5.79782832854647e-10,-4.58193749608427e-09
4.14666271209717,-7.00092583240381e-20,-4.88659168684791e-10,-3.86323906198527e-09
4.14999580383301,8.48785471553662e-20,7.73921274288547e-11,6.2689398117044e-10
4.15332937240601,-1.47421679732849e-20,-5.797807234309e-10,-4.5819210647835e-09
4.15666246414185,-7.00029446095188e-20,-4.88661555664294e-10,-3.86325771373208e-09
4.15999603271484,8.48756714102678e-20,7.73924813124438e-11,6.26896756728001e-10
4.16332912445068,-1.4740431217116e-20,-5.79778669518305e-10,-4.58190463348274e-09
4.16666269302368,-7.0009523280328e-20,-4.88663942643797e-10,-3.86327680956811e-09
4.16999578475952,8.48739459632088e-20,7.73928351960329e-11,6.26899587796714e-10
4.17332935333252,-1.47424361607491e-20,-5.79776560094558e-10,-4.58188820218197e-09
4.17666244506836,-7.001070589011e-20,-4.88666274112148e-10,-3.86329546131492e-09
4.17999601364136,8.48743078547268e-20,7.7393189079622e-11,6.26902363354276e-10
4.1833291053772,-1.47414635772945e-20,-5.79774506181963e-10,-4.58187177088121e-09
4.1866626739502,-7.00099433329828e-20,-4.88668661091651e-10,-3.86331411306173e-09
4.18999576568604,8.48654996736729e-20,7.73935429632111e-11,6.26905194422989e-10
4.19332933425903,-1.47426429559023e-20,-5.79772452269367e-10,-4.58185533958044e-09
4.19666242599487,-7.00111000933707e-20,-4.88670992560003e-10,-3.86333276480855e-09
4.19999599456787,8.48661135967837e-20,7.73938968468002e-11,6.2690796998055e-10
4.20332908630371,-1.4741686528319e-20,-5.7977034284562e-10,-4.58183846419047e-09
4.20666265487671,-7.00101759775301e-20,-4.88673379539506e-10,-3.86335141655536e-09
4.20999574661255,8.48728602886549e-20,7.73942507303893e-11,6.26910745538112e-10
4.21332931518555,-1.47409837479158e-20,-5.79768288933025e-10,-4.5818220328897e-09
4.21666240692139,-7.00147254708991e-20,-4.88675711007858e-10,-3.86337006830217e-09
4.21999597549438,8.48709409711398e-20,7.73946115528723e-11,6.26913576606825e-10
4.22332906723022,-1.47410661428596e-20,-5.79766179509278e-10,-4.58180560158894e-09
4.22666263580322,-7.00134588505862e-20,-4.88678097987361e-10,-3.86338872004899e-09
4.22999572753906,8.48727762781239e-20,7.73949654364614e-11,6.26916352164386e-10
4.23332929611206,-1.47369916321079e-20,-5.79764125596682e-10,-4.58178917028818e-09
4.2366623878479,-7.00088447337318e-20,-4.88680429455712e-10,-3.8634073717958e-09
4.2399959564209,8.48706372407586e-20,7.73953193200505e-11,6.26919127721948e-10
4.24332904815674,-1.47389335678429e-20,-5.79762071684087e-10,-4.58177273898741e-09
4.24666261672974,-7.00085927021389e-20,-4.88682816435215e-10,-3.86342646763183e-09
4.24999570846558,8.4873248029567e-20,7.73956732036396e-11,6.2692195879066e-10
4.25332927703857,-1.47369253930354e-20,-5.7975996226034e-10,-4.58175630768665e-09
4.25666236877441,-7.0011513683677e-20,-4.88685147903567e-10,-3.86344511937864e-09
4.25999593734741,8.48724596230457e-20,7.73960270872287e-11,6.26924734348222e-10
4.26332902908325,-1.47365279586005e-20,-5.79757908347744e-10,-4.58173987638588e-09
4.26666259765625,-7.00082825094092e-20,-4.8868753488307e-10,-3.86346377112545e-09
4.26999568939209,8.48699199200712e-20,7.73963809708178e-11,6.26927509905784e-10
4.27332925796509,-1.47350626210701e-20,-5.79755798923998e-10,-4.58172344508512e-09
4.27666234970093,-7.00138465914983e-20,-4.88689866351422e-10,-3.86348242287227e-09
4.27999591827393,8.48743078547268e-20,7.73967348544069e-11,6.26930340974496e-10
4.28332901000977,-1.47322369591729e-20,-5.79753745011402e-10,-4.58170701378435e-09
4.28666257858276,-7.00112034909473e-20,-4.88692253330925e-10,-3.86350107461908e-09
4.2899956703186,8.48766407625482e-20,7.7397088737996e-11,6.26933116532058e-10
4.2933292388916,-1.47375247758621e-20,-5.79751635587655e-10,-4.58169058248359e-09
4.29666233062744,-7.00126316699736e-20,-4.88694584799276e-10,-3.86351972636589e-09
4.29999589920044,8.48592441202904e-20,7.73974426215851e-11,6.2693589208962e-10
4.30332899093628,-1.47345779449299e-20,-5.7974958167506e-10,-4.58167370709361e-09
4.30666255950928,-7.00133748400552e-20,-4.88696971778779e-10,-3.86353837811271e-09
4.30999565124512,8.48692349111264e-20,7.73977965051742e-11,6.26938723158332e-10
4.31332921981812,-1.47340076426716e-20,-5.79747527762464e-10,-4.58165727579285e-09
4.31666231155396,-7.00196627051803e-20,-4.88699303247131e-10,-3.86355702985952e-09
4.31999588012695,8.48694093945369e-20,7.73981503887633e-11,6.26941498715894e-10
4.32332897186279,-1.47333339428368e-20,-5.79745418338717e-10,-4.58164084449209e-09
4.32666254043579,-7.00127996910355e-20,-4.88701690226634e-10,-3.86357612569554e-09
4.32999563217163,8.48746891332904e-20,7.73985042723524e-11,6.26944329784607e-10
4.33332920074463,-1.47297748043808e-20,-5.79743364426122e-10,-4.58162441319132e-09
4.33666229248047,-7.00183573107761e-20,-4.88704021694986e-10,-3.86359477744236e-09
4.33999586105347,8.4864342913285e-20,7.73988581559415e-11,6.26947105342168e-10
4.34332895278931,-1.47325552298383e-20,-5.79741255002375e-10,-4.58160798189056e-09
4.3466625213623,-7.00131098837653e-20,-4.88706408674489e-10,-3.86361342918917e-09
4.34999561309814,8.48676257863411e-20,7.73992120395306e-11,6.2694988089973e-10
4.35332918167114,-1.47293175932219e-20,-5.79739201089779e-10,-4.58159155058979e-09
4.35666227340698,-7.00137496562703e-20,-4.8870874014284e-10,-3.86363208093599e-09
4.35999584197998,8.48694546309766e-20,7.73995659231197e-11,6.26952711968443e-10
4.36332893371582,-1.47286115816444e-20,-5.79737091666033e-10,-4.58157511928903e-09
4.36666250228882,-7.00155720385573e-20,-4.88711127122343e-10,-3.8636507326828e-09
4.36999559402466,8.48712834756122e-20,7.73999267456027e-11,6.26955487526004e-10
4.37332916259766,-1.47295066169166e-20,-5.79735037753437e-10,-4.58155868798826e-09
4.3766622543335,-7.00130194108858e-20,-4.88713458590695e-10,-3.86366938442961e-09
4.37999582290649,8.4875070411854e-20,7.74002806291918e-11,6.26958263083566e-10
4.38332891464233,-1.47302336311268e-20,-5.79732983840842e-10,-4.5815422566875e-09
4.38666248321533,-7.00164186062155e-20,-4.88715845570198e-10,-3.86368803617643e-09
4.38999557495117,8.48743078547268e-20,7.74006345127809e-11,6.26961038641127e-10
4.39332914352417,-1.47277908633804e-20,-5.79730874417095e-10,-4.58152538129752e-09
4.39666223526001,-7.00173039479648e-20,-4.8871817703855e-10,-3.86370668792324e-09
4.39999580383301,8.48687631596833e-20,7.740098839637e-11,6.2696386970984e-10
4.40332889556885,-1.47275420629618e-20,-5.79728820504499e-10,-4.58150894999676e-09
4.40666246414185,-7.00123861007293e-20,-4.88720564018053e-10,-3.86372533967005e-09
4.40999555587769,8.48655642971582e-20,7.74013422799591e-11,6.26966645267402e-10
4.41332912445068,-1.47289557017039e-20,-5.79726711080752e-10,-4.581492518696e-09
4.41666221618652,-7.00176206030431e-20,-4.88722895486404e-10,-3.86374443550608e-09
4.41999578475952,8.48631279917603e-20,7.74016961635482e-11,6.26969420824963e-10
4.42332887649536,-1.47255758934198e-20,-5.79724657168157e-10,-4.58147608739523e-09
4.42666244506836,-7.00164703050037e-20,-4.88725282465907e-10,-3.86376308725289e-09
4.4299955368042,8.48673931417938e-20,7.74020500471373e-11,6.26972251893676e-10
4.4333291053772,-1.47275501408975e-20,-5.7972254774441e-10,-4.58145965609447e-09
4.43666219711304,-7.00179760322125e-20,-4.88727613934259e-10,-3.86378173899971e-09
4.43999576568604,8.48744952628344e-20,7.74024039307264e-11,6.26975027451238e-10
4.44332885742188,-1.47272076364251e-20,-5.79720493831815e-10,-4.5814432247937e-09
4.44666242599487,-7.00158757689385e-20,-4.88730000913762e-10,-3.86380039074652e-09
4.44999551773071,8.48674900770218e-20,7.74027578143155e-11,6.26977803008799e-10
4.45332908630371,-1.4729584165099e-20,-5.79718439919219e-10,-4.58142679349294e-09
4.45666217803955,-7.00195076088155e-20,-4.88732332382114e-10,-3.86381904249333e-09
4.45999574661255,8.48680006025561e-20,7.74031116979046e-11,6.26980634077512e-10
4.46332883834839,-1.47244159018577e-20,-5.79716330495472e-10,-4.58141036219217e-09
4.46666240692139,-7.00177304629682e-20,-4.88734719361616e-10,-3.86383769424015e-09
4.46999549865723,8.48632830881252e-20,7.74034655814937e-11,6.26983409635073e-10
4.47332906723022,-1.47254417996877e-20,-5.79714276582877e-10,-4.58139393089141e-09
4.47666215896606,-7.00215303239071e-20,-4.88737050829968e-10,-3.86385634598696e-09
4.47999572753906,8.48609631050009e-20,7.74038194650828e-11,6.26986185192635e-10
4.4833288192749,-1.47250023599873e-20,-5.7971216715913e-10,-4.58137705550143e-09
4.4866623878479,-7.00221119352753e-20,-4.88739437809471e-10,-3.86387499773377e-09
4.48999547958374,8.48678972049796e-20,7.74041733486719e-11,6.26989016261348e-10
4.49332904815674,-1.47236194174007e-20,-5.79710113246534e-10,-4.58136062420067e-09
4.49666213989258,-7.00205480469297e-20,-4.88741769277823e-10,-3.8638940935698e-09
4.49999570846558,8.48701331775729e-20,7.7404527232261e-11,6.26991791818909e-10
4.50332880020142,-1.47261558892009e-20,-5.79708003822788e-10,-4.58134419289991e-09
4.50666236877441,-7.00158628442414e-20,-4.88744156257326e-10,-3.86391274531661e-09
4.50999546051025,8.4861169900154e-20,7.74048811158501e-11,6.26994567376471e-10
4.51332902908325,-1.47211653405443e-20,-5.79705949910192e-10,-4.58132776159914e-09
4.51666212081909,-7.00184994824439e-20,-4.88746487725678e-10,-3.86393139706342e-09
4.51999568939209,8.48647306541971e-20,7.74052349994392e-11,6.26997342934033e-10
4.52332878112793,-1.47204237860499e-20,-5.79703895997596e-10,-4.58131133029838e-09
4.52666234970093,-7.00212782923142e-20,-4.8874887470518e-10,-3.86395004881024e-09
4.52999544143677,8.48620875536461e-20,7.74055888830283e-11,6.27000174002745e-10
4.53332901000977,-1.47232171362044e-20,-5.7970178657385e-10,-4.58129489899761e-09
4.53666210174561,-7.00227581701289e-20,-4.88751206173532e-10,-3.86396870055705e-09
4.5399956703186,8.48686856115009e-20,7.74059427666174e-11,6.27002949560307e-10
4.54332876205444,-1.47224723505356e-20,-5.79699732661254e-10,-4.58127846769685e-09
4.54666233062744,-7.00246516382498e-20,-4.88753593153035e-10,-3.86398735230387e-09
4.54999542236328,8.48643558379821e-20,7.74062966502065e-11,6.27005725117868e-10
4.55332899093628,-1.47214351435957e-20,-5.79697623237507e-10,-4.58126203639608e-09
4.55666208267212,-7.00225836867184e-20,-4.88755924621387e-10,-3.86400600405068e-09
4.55999565124512,8.48625657674377e-20,7.74066505337956e-11,6.27008556186581e-10
4.56332874298096,-1.47215450035208e-20,-5.79695569324912e-10,-4.58124560509532e-09
4.56666231155396,-7.00269069978887e-20,-4.8875831160089e-10,-3.86402465579749e-09
4.56999540328979,8.48573312651239e-20,7.74070044173847e-11,6.27011331744143e-10
4.57332897186279,-1.4719339727083e-20,-5.79693459901165e-10,-4.58122872970534e-09
4.57666206359863,-7.0029323916241e-20,-4.88760643069241e-10,-3.86404330754431e-09
4.57999563217163,8.48646466436662e-20,7.74073583009738e-11,6.27014107301704e-10
4.58332872390747,-1.47233770793306e-20,-5.79691405988569e-10,-4.58121229840458e-09
4.58666229248047,-7.00235207272561e-20,-4.88763030048744e-10,-3.86406240338033e-09
4.58999538421631,8.48651700938975e-20,7.74077121845629e-11,6.27016882859266e-10
4.59332895278931,-1.47188905938598e-20,-5.79689352075974e-10,-4.58119586710382e-09
4.59666204452515,-7.00289361753289e-20,-4.88765361517096e-10,-3.86408105512714e-09
4.59999561309814,8.48579128764921e-20,7.7408066068152e-11,6.27019713927979e-10
4.60332870483398,-1.47180795691186e-20,-5.79687242652227e-10,-4.58117943580305e-09
4.60666227340698,-7.00279021995632e-20,-4.88767748496599e-10,-3.86409970687396e-09
4.60999536514282,8.48595930871113e-20,7.74084199517411e-11,6.2702248948554e-10
4.61332893371582,-1.47240152362485e-20,-5.79685188739631e-10,-4.58116300450229e-09
4.61666202545166,-7.00323806070983e-20,-4.88770079964951e-10,-3.86411835862077e-09
4.61999559402466,8.48608855568185e-20,7.74087738353302e-11,6.27025265043102e-10
4.6233286857605,-1.47228035458981e-20,-5.79683079315885e-10,-4.58114657320152e-09
4.6266622543335,-7.00328846702841e-20,-4.88772466944454e-10,-3.86413701036759e-09
4.62999534606934,8.48572472545929e-20,7.74091277189193e-11,6.27028096111815e-10
4.63332891464233,-1.47220975343206e-20,-5.79681025403289e-10,-4.58113014190076e-09
4.63666200637817,-7.00335502921833e-20,-4.88774798412805e-10,-3.8641556621144e-09
4.63999557495117,8.48530531903933e-20,7.74094816025084e-11,6.27030871669376e-10
4.64332866668701,-1.47211556470215e-20,-5.79678915979542e-10,-4.58111371059999e-09
4.64666223526001,-7.00317343722448e-20,-4.88777185392308e-10,-3.86417431386121e-09
4.64999532699585,8.48576673072477e-20,7.74098354860975e-11,6.27033647226938e-10
4.65332889556885,-1.47211637249572e-20,-5.79676862066947e-10,-4.58109727929923e-09
4.65666198730469,-7.0032135037854e-20,-4.88779572371811e-10,-3.86419296560803e-09
4.65999555587769,8.48528334705431e-20,7.74101893696866e-11,6.27036422784499e-10
4.66332864761353,-1.47223964179403e-20,-5.79674808154351e-10,-4.58108040390925e-09
4.66666221618652,-7.00341900646883e-20,-4.88781903840163e-10,-3.86421206144405e-09
4.66999530792236,8.48572860286841e-20,7.74105432532757e-11,6.27039253853212e-10
4.67332887649536,-1.47244482136004e-20,-5.79672698730604e-10,-4.58106397260849e-09
4.6766619682312,-7.00376409588063e-20,-4.88784290819666e-10,-3.86423071319086e-09
4.6799955368042,8.48586883583164e-20,7.74108971368648e-11,6.27042029410774e-10
4.68332862854004,-1.47207969866778e-20,-5.79670644818009e-10,-4.58104754130773e-09
4.68666219711304,-7.00351594169686e-20,-4.88786622288018e-10,-3.86424936493768e-09
4.68999528884888,8.4858985626349e-20,7.74112510204539e-11,6.27044804968335e-10
4.69332885742188,-1.47184333827009e-20,-5.79668535394262e-10,-4.58103111000696e-09
4.69666194915771,-7.00332465618021e-20,-4.88789009267521e-10,-3.86426801668449e-09
4.69999551773071,8.48528980940285e-20,7.7411604904043e-11,6.27047580525897e-10
4.70332860946655,-1.47181474237782e-20,-5.79666481481667e-10,-4.5810146787062e-09
4.70666217803955,-7.00368977887247e-20,-4.88791340735872e-10,-3.8642866684313e-09
4.70999526977539,8.48602005478737e-20,7.74119587876321e-11,6.2705041159461e-10
4.71332883834839,-1.47209827791982e-20,-5.7966437205792e-10,-4.58099824740543e-09
4.71666193008423,-7.00361352315975e-20,-4.88793727715375e-10,-3.86430532017812e-09
4.71999549865723,8.48569629112574e-20,7.74123126712212e-11,6.27053187152171e-10
4.72332859039307,-1.47179083168824e-20,-5.79662318145324e-10,-4.58098181610467e-09
4.72666215896606,-7.00354889967439e-20,-4.88796059183727e-10,-3.86432397192493e-09
4.7299952507019,8.48555735063222e-20,7.74126665548103e-11,6.27055962709733e-10
4.7333288192749,-1.47184091488939e-20,-5.79660208721577e-10,-4.5809653848039e-09
4.73666191101074,-7.00366780688745e-20,-4.8879844616323e-10,-3.86434262367175e-09
4.73999547958374,8.48504100898423e-20,7.74130204383994e-11,6.27058738267294e-10
4.74332857131958,-1.47177532205175e-20,-5.79658154808982e-10,-4.58094895350314e-09
4.74666213989258,-7.00342288387795e-20,-4.88800777631582e-10,-3.86436127541856e-09
4.74999523162842,8.4854087166159e-20,7.74133743219885e-11,6.27061569336007e-10
4.75332880020142,-1.47177128308392e-20,-5.79656100896386e-10,-4.58093207811316e-09
4.75666189193726,-7.00386943216176e-20,-4.88803164611085e-10,-3.86438037125458e-09
4.75999546051025,8.48541841013871e-20,7.74137282055776e-11,6.27064344893569e-10
4.76332855224609,-1.47165706107355e-20,-5.7965399147264e-10,-4.5809156468124e-09
4.76666212081909,-7.00362903279623e-20,-4.88805496079436e-10,-3.8643990230014e-09
4.76999521255493,8.48531824373641e-20,7.74140820891667e-11,6.2706712045113e-10
4.77332878112793,-1.47193461894315e-20,-5.79651937560044e-10,-4.58089921551164e-09
4.77666187286377,-7.00387007839661e-20,-4.88807883058939e-10,-3.86441767474821e-09
4.77999544143677,8.48502097570377e-20,7.74144290338619e-11,6.27069896008692e-10
4.78332853317261,-1.47146157503035e-20,-5.79649828136297e-10,-4.58088278421087e-09
4.78666210174561,-7.00381256349464e-20,-4.88810214527291e-10,-3.86443632649502e-09
4.78999519348145,8.48546364657846e-20,7.7414782917451e-11,6.27072727077405e-10
4.79332876205444,-1.47126156534317e-20,-5.79647774223702e-10,-4.58086635291011e-09
4.79666185379028,-7.00329622184665e-20,-4.88812601506794e-10,-3.86445497824184e-09
4.79999542236328,8.48564071492833e-20,7.74151368010401e-11,6.27075502634966e-10
4.80332851409912,-1.4713812803498e-20,-5.79645664799955e-10,-4.58084992160934e-09
4.80666208267212,-7.00355148461381e-20,-4.88814932975146e-10,-3.86447362998865e-09
4.80999517440796,8.4853725274641e-20,7.74154906846292e-11,6.27078278192528e-10
4.81332874298096,-1.47118934859829e-20,-5.79643610887359e-10,-4.58083349030858e-09
4.8166618347168,-7.00374277013046e-20,-4.88817319954649e-10,-3.86449228173547e-09
4.81999540328979,8.48501322088553e-20,7.74158445682183e-11,6.27081053750089e-10
4.82332849502563,-1.47117933195806e-20,-5.79641556974764e-10,-4.58081705900781e-09
4.82666206359863,-7.00373501531222e-20,-4.88819651423e-10,-3.86451093348228e-09
4.82999515533447,8.48556704415503e-20,7.74161984518074e-11,6.27083829307651e-10
4.83332872390747,-1.47074328499062e-20,-5.79639447551017e-10,-4.58080018361784e-09
4.83666181564331,-7.00408333589828e-20,-4.88822038402503e-10,-3.8645300293183e-09
4.83999538421631,8.48467330135256e-20,7.74165523353965e-11,6.27086660376364e-10
4.84332847595215,-1.47095395755288e-20,-5.79637393638421e-10,-4.58078375231707e-09
4.84666204452515,-7.0034500257418e-20,-4.88824369870855e-10,-3.86454868106512e-09
4.84999513626099,8.48497573926402e-20,7.74169062189856e-11,6.27089435933925e-10
4.85332870483398,-1.47104653069565e-20,-5.79635284214675e-10,-4.58076732101631e-09
4.85666179656982,-7.00386555475264e-20,-4.88826756850358e-10,-3.86456733281193e-09
4.85999536514282,8.4846532680721e-20,7.74172601025747e-11,6.27092211491487e-10
4.86332845687866,-1.4706151689309e-20,-5.79633230302079e-10,-4.58075088971555e-09
4.86666202545166,-7.00415442173218e-20,-4.8882908831871e-10,-3.86458598455874e-09
4.8699951171875,8.4856077569508e-20,7.74176139861638e-11,6.27094987049048e-10
4.8733286857605,-1.4706465113213e-20,-5.79631120878332e-10,-4.58073445841478e-09
4.87666177749634,-7.00392953200314e-20,-4.88831475298213e-10,-3.86460463630556e-09
4.87999534606934,8.48562391282214e-20,7.74179678697529e-11,6.27097818117761e-10
4.88332843780518,-1.47051112511948e-20,-5.79629066965737e-10,-4.58071802711402e-09
4.88666200637817,-7.00358508882619e-20,-4.88833806766564e-10,-3.86462328805237e-09
4.88999509811401,8.48528399328917e-20,7.7418321753342e-11,6.27100593675323e-10
4.89332866668701,-1.47054472933187e-20,-5.79627013053141e-10,-4.58070159581325e-09
4.89666175842285,-7.00377443563828e-20,-4.88836193746067e-10,-3.86464193979918e-09
4.89999532699585,8.48577965542185e-20,7.74186756369311e-11,6.27103369232884e-10
4.90332841873169,-1.47050337030124e-20,-5.79624903629394e-10,-4.58068516451249e-09
4.90666198730469,-7.00378929903992e-20,-4.88838525214419e-10,-3.864660591546e-09
4.90999507904053,8.4858358778541e-20,7.74190295205202e-11,6.27106144790446e-10
4.91332864761353,-1.47042000600513e-20,-5.79622849716799e-10,-4.58066873321172e-09
4.91666173934937,-7.0036949487513e-20,-4.88840912193922e-10,-3.86467924329281e-09
4.91999530792236,8.48541388649473e-20,7.74193834041093e-11,6.27108920348007e-10
4.9233283996582,-1.47018881548627e-20,-5.79620740293052e-10,-4.58065185782175e-09
4.9266619682312,-7.00396507492008e-20,-4.88843243662274e-10,-3.86469833912884e-09
4.92999505996704,8.48522066227352e-20,7.74197303488044e-11,6.2711175141672e-10
4.93332862854004,-1.47025230806063e-20,-5.79618686380456e-10,-4.58063542652098e-09
4.93666172027588,-7.00355471578808e-20,-4.88845630641777e-10,-3.86471699087565e-09
4.93999528884888,8.48499448007477e-20,7.74200842323935e-11,6.27114526974282e-10
4.94332838058472,-1.47015876556558e-20,-5.7961657695671e-10,-4.58061899522022e-09
4.94666194915771,-7.00388235685883e-20,-4.88847962110128e-10,-3.86473564262246e-09
4.94999504089355,8.48500417359758e-20,7.74204381159826e-11,6.27117302531843e-10
4.95332860946655,-1.47006651554023e-20,-5.79614523044114e-10,-4.58060256391946e-09
4.95666170120239,-7.00442454790096e-20,-4.88850349089631e-10,-3.86475429436928e-09
4.95999526977539,8.48536541888072e-20,7.74207919995717e-11,6.27120078089405e-10
4.96332836151123,-1.47031370037172e-20,-5.79612413620367e-10,-4.58058613261869e-09
4.96666193008423,-7.00412469492891e-20,-4.88852680557983e-10,-3.86477294611609e-09
4.96999502182007,8.4851999827582e-20,7.74211458831608e-11,6.27122853646966e-10
4.97332859039307,-1.47027638030893e-20,-5.79610359707772e-10,-4.58056970131793e-09
4.97666168212891,-7.00427268271038e-20,-4.88855067537486e-10,-3.8647915978629e-09
4.9799952507019,8.48524715790251e-20,7.74214997667499e-11,6.27125629204528e-10
4.98332834243774,-1.47039884181368e-20,-5.79608305795176e-10,-4.58055327001716e-09
4.98666191101074,-7.00461647965247e-20,-4.88857399005838e-10,-3.86481024960972e-09
4.98999500274658,8.48529304057712e-20,7.7421853650339e-11,6.27128460273241e-10
4.99332857131958,-1.47002806456645e-20,-5.79606196371429e-10,-4.5805368387164e-09
4.99666166305542,-7.00468691925151e-20,-4.88859785985341e-10,-3.86482890135653e-09
4.99999523162842,8.48541194779017e-20,7.74222075339281e-11,6.27131235830802e-10
5.0,8.50120851255052e-20,7.71449362724219e-11,6.24944318516896e-10
