Time,U1,U2,U3
0.0,0.0,0.0,0.0
0.0033333299215883,5.41063241145875e-21,-9.24384901956898e-10,-1.31497390754021e-09
0.0066666598431766,-2.45114440417618e-20,-7.43647032841466e-10,-1.07904674084836e-09
0.00999999046325684,2.98867431587055e-20,1.10802284014611e-10,1.79148765266923e-10
0.0133333196863532,-2.99517285355792e-20,-8.98027041618121e-10,-1.29414778893278e-09
0.0166666507720947,-1.54990654968038e-21,-7.60729867987919e-10,-1.0917716730674e-09
0.0199999809265137,-8.85621972961536e-21,1.19320373026532e-10,1.84332299424383e-10
0.0233333092182875,1.16316312123745e-20,-8.990900801642e-10,-1.29274879689945e-09
0.0266666393727064,-1.72587842076208e-20,-7.65830843185711e-10,-1.09859377150912e-09
0.0299999695271254,7.41327100567623e-21,1.29216609634497e-10,1.95323743290565e-10
0.0333333015441895,2.77953526891845e-20,-9.12420583532025e-10,-1.30665023245768e-09
0.0366666316986084,-1.58705441107967e-20,-7.50351447642572e-10,-1.08297781853395e-09
0.0399999618530273,3.12984852015664e-20,1.12749885816665e-10,1.79075865247569e-10
0.043333288282156,1.06289897591451e-20,-8.95971297154574e-10,-1.29070831800249e-09
0.0466666184365749,-2.34861245919339e-20,-7.65956520432098e-10,-1.09784303869986e-09
0.0499999485909939,4.49819201519203e-20,1.26874177830416e-10,1.92275959043364e-10
0.0533332787454128,1.59219036257831e-20,-9.08169817126492e-10,-1.3018404132481e-09
0.0566666088998318,-2.68504733227531e-20,-7.55947693331649e-10,-1.08900510831234e-09
0.0599999390542507,1.38406558122886e-20,1.19159557221415e-10,1.85804246988219e-10
0.06333327293396,-4.8179822412425e-22,-9.02721064566236e-10,-1.29768040757483e-09
0.0666666030883789,-2.91749477792551e-20,-7.59265372796136e-10,-1.09100861678257e-09
0.0699999332427979,2.6484357044406e-20,1.20564169758808e-10,1.85885709602651e-10
0.0733332633972168,-9.90207975426356e-21,-9.02491026355534e-10,-1.29613286770081e-09
0.0766665935516357,-1.42029754608711e-20,-7.60814855560454e-10,-1.09385611679613e-09
0.0799999237060547,1.87669864958979e-20,1.2310626129608e-10,1.89695023578018e-10
0.083333246409893,-6.74562194855621e-21,-9.05709063303561e-10,-1.30057931091443e-09
0.086666576564312,-9.55639257522455e-21,-7.57211626734033e-10,-1.08906783591323e-09
0.0899999067187309,1.25983541246497e-20,1.19375342944039e-10,1.84825099669439e-10
0.0933332368731499,-6.26777166402912e-21,-9.02070473873806e-10,-1.29585064900795e-09
0.0966665670275688,-1.99345115408381e-20,-7.60578322545058e-10,-1.09347197962961e-09
0.0999998971819878,1.7099957452075e-20,1.22335794272566e-10,1.88767751430063e-10
0.103333227336407,-2.07753216503494e-21,-9.04537278412221e-10,-1.29924371261581e-09
0.106666557490826,-1.42108934534143e-20,-7.58647922260991e-10,-1.09066944364855e-09
0.109999887645245,1.99880310958226e-20,1.20948556725509e-10,1.86560211723474e-10
0.113333217799664,-2.09049523230052e-21,-9.03672914276399e-10,-1.29760946432356e-09
0.116666547954082,-1.52612738908631e-20,-7.5902928386995e-10,-1.09177045182207e-09
0.119999878108501,2.02598229349445e-20,1.20903786982041e-10,1.87184975852794e-10
0.12333320826292,-4.41895877538453e-21,-9.03272956431778e-10,-1.29783050972776e-09
0.12666654586792,-1.67128902397756e-20,-7.59704021913166e-10,-1.09186903962666e-09
0.129999876022339,1.72781809467503e-20,1.21772036898449e-10,1.87518195415848e-10
0.133333206176758,-6.60195909384908e-21,-9.04259778167216e-10,-1.29832089523774e-09
0.136666536331177,-1.04287466196284e-20,-7.58662910271823e-10,-1.09128650560564e-09
0.139999866485596,2.00500017871044e-20,1.20731813435526e-10,1.86899218324044e-10
0.143333196640015,-3.40600583727302e-21,-9.03268182472772e-10,-1.2977151575555e-09
0.146666526794434,-1.9274363250884e-20,-7.5956491096818e-10,-1.09183440066829e-09
0.149999856948853,2.00881070252444e-20,1.21514159845404e-10,1.87355506109377e-10
0.153333187103271,-2.74540094200517e-21,-9.03913943695045e-10,-1.29806065896076e-09
0.15666651725769,-1.9021465703293e-20,-7.59059259891615e-10,-1.09160369632377e-09
0.159999847412109,2.16284449572017e-20,1.21143914344479e-10,1.87235019155629e-10
0.163333162665367,-5.16178594860597e-21,-9.03670638319198e-10,-1.29804345050388e-09
0.166666492819786,-1.65376168072067e-20,-7.59185159182607e-10,-1.0915239823106e-09
0.169999822974205,2.0267081767937e-20,1.21165091848674e-10,1.87068055490514e-10
0.173333153128624,-3.65705757656357e-21,-9.03604913116141e-10,-1.2978050856205e-09
0.176666483283043,-1.65446381488906e-20,-7.59315277321093e-10,-1.09181097496247e-09
0.179999813437462,2.12292931531408e-20,1.2133712090634e-10,1.87380791438763e-10
0.183333143591881,-2.75252931633669e-21,-9.03800423390777e-10,-1.29812627314152e-09
0.1866664737463,-1.79506173924448e-20,-7.59108720327362e-10,-1.09149134175368e-09
0.189999803900719,2.06316357735256e-20,1.21129495322947e-10,1.87069970625231e-10
0.193333134055138,-3.47802790390839e-21,-9.03601971025125e-10,-1.29783317426302e-09
0.196666464209557,-1.67017895405786e-20,-7.59286411522453e-10,-1.09175435358821e-09
0.199999794363976,2.06703258542081e-20,1.21277196618585e-10,1.87293111575393e-10
0.203333124518394,-3.55779913423147e-21,-9.03715824396301e-10,-1.29801303039301e-09
0.206666454672813,-1.70780258567324e-20,-7.59204143996328e-10,-1.09161346628639e-09
0.209999784827232,2.09816527260835e-20,1.21222185067715e-10,1.87184392985706e-10
0.213333114981651,-3.19129107600442e-21,-9.03685182240821e-10,-1.29793276126833e-09
0.21666644513607,-1.73443408554704e-20,-7.59210361245266e-10,-1.09166420347862e-09
0.219999775290489,2.07347748561534e-20,1.21204435377109e-10,1.87205029256177e-10
0.223333105444908,-3.67763046312656e-21,-9.03647157102228e-10,-1.2979270991309e-09
0.226666435599327,-1.67512555874441e-20,-7.59260820881735e-10,-1.09168629691681e-09
0.229999765753746,2.04185059032354e-20,1.21259474683555e-10,1.87233756276939e-10
0.233333095908165,-3.34039038141711e-21,-9.03702113141946e-10,-1.29795718617487e-09
0.236666426062584,-1.71088447968985e-20,-7.59206086886621e-10,-1.09165387840449e-09
0.239999756217003,2.07906531683533e-20,1.2120424108808e-10,1.87196924628097e-10
0.243333086371422,-3.43519343833071e-21,-9.03647989769496e-10,-1.29791755121289e-09
0.246666416525841,-1.72317893622006e-20,-7.59254104032436e-10,-1.09168962758588e-09
0.24999974668026,2.06672820880479e-20,1.21241586215071e-10,1.87222348735361e-10
0.25333309173584,-3.89379642553817e-21,-9.03673524899062e-10,-1.29793098491149e-09
0.256666421890259,-1.70401629566625e-20,-7.59237062109008e-10,-1.09168341033694e-09
0.259999752044678,2.04781049126047e-20,1.21229040694892e-10,1.87217977232201e-10
0.263333082199097,-3.55933919266685e-21,-9.03664088003353e-10,-1.2979269881086e-09
0.266666412353516,-1.70643289090112e-20,-7.59240947889595e-10,-1.09168307727003e-09
0.269999742507935,2.06924093147413e-20,1.21224891236338e-10,1.87209067692429e-10
0.273333072662354,-3.6287860134108e-21,-9.03652319639292e-10,-1.29790944658481e-09
0.276666402816772,-1.69469710440181e-20,-7.59255880389276e-10,-1.09170317230678e-09
0.279999732971191,2.07189065593243e-20,1.21238324934936e-10,1.87225734915586e-10
0.28333306312561,-3.63126472797097e-21,-9.03662700224572e-10,-1.29792088188196e-09
0.286666393280029,-1.694250556118e-20,-7.59246054915508e-10,-1.09169295825495e-09
0.289999723434448,2.05524267675252e-20,1.21226140237241e-10,1.87212134683534e-10
0.293333053588867,-3.60360587623873e-21,-9.03647989769496e-10,-1.29790334035818e-09
0.296666383743286,-1.71297795749795e-20,-7.59259599636408e-10,-1.09170927853341e-09
0.299999713897705,2.07945241151261e-20,1.21234799976833e-10,1.87221821379424e-10
0.303333044052124,-3.66055289932774e-21,-9.03650931860511e-10,-1.29790544978192e-09
0.306666374206543,-1.7065931571448e-20,-7.59258933502593e-10,-1.09170983364493e-09
0.309999704360962,2.06998038570531e-20,1.21232718308661e-10,1.87219739711253e-10
0.313333034515381,-3.69577835340157e-21,-9.03646601990715e-10,-1.29789956559989e-09
0.3166663646698,-1.69846594606776e-20,-7.5926237519397e-10,-1.09171494067084e-09
0.319999694824219,2.06709930916944e-20,1.21232010541483e-10,1.87219198477528e-10
0.323332995176315,-3.64703972464308e-21,-9.03641328431348e-10,-1.29789268221714e-09
0.326666325330734,-1.70639104719435e-20,-7.59268647954059e-10,-1.09172315632122e-09
0.329999655485153,2.06792503575357e-20,1.2123545223286e-10,1.87223125891478e-10
0.333332985639572,-3.64606229442708e-21,-9.03641106386743e-10,-1.29789123892721e-09
0.336666315793991,-1.70360319003611e-20,-7.59269480621327e-10,-1.09172526574497e-09
0.33999964594841,2.069186324629e-20,1.21233370564688e-10,1.8722096095658e-10
0.343332976102829,-3.64418780945498e-21,-9.0363555527162e-10,-1.29788391145524e-09
0.346666306257248,-1.70204317909962e-20,-7.59275031736451e-10,-1.09173281526154e-09
0.349999636411667,2.06615483693097e-20,1.21235410599496e-10,1.87223583858476e-10
0.353332966566086,-3.64438410329175e-21,-9.03633334825571e-10,-1.29788058078617e-09
0.356666296720505,-1.70418318581718e-20,-7.59278140360919e-10,-1.09173725615364e-09
0.359999626874924,2.06884139677592e-20,1.21235757544191e-10,1.87223833658656e-10
0.363332957029343,-3.65556760132933e-21,-9.03630226201102e-10,-1.29787569580486e-09
0.366666287183762,-1.70409885216879e-20,-7.59281415518842e-10,-1.09174247420185e-09
0.369999617338181,2.06843443037689e-20,1.21235688155252e-10,1.8722431938123e-10
0.373332947492599,-3.65669083828417e-21,-9.03626229398213e-10,-1.29787047775665e-09
0.376666277647018,-1.70248261880004e-20,-7.59285967433243e-10,-1.09174835838388e-09
0.379999607801437,2.06777074718229e-20,1.2123715920076e-10,1.87225748793374e-10
0.383332937955856,-3.63758046197414e-21,-9.03623897929862e-10,-1.29786648095376e-09
0.386666268110275,-1.70458579013094e-20,-7.59288798501956e-10,-1.09175313234289e-09
0.389999598264694,2.06872006618216e-20,1.21236951033943e-10,1.87226012471342e-10
0.393332928419113,-3.64659341869734e-21,-9.03619956638124e-10,-1.29786126290554e-09
0.396666258573532,-1.70314145523324e-20,-7.59293017349449e-10,-1.09175879448031e-09
0.399999588727951,2.06804216582078e-20,1.21237950234665e-10,1.87227067183215e-10
0.40333291888237,-3.65520288253386e-21,-9.0361707005826e-10,-1.29785671099114e-09
0.406666249036789,-1.70203413181167e-20,-7.59296514551977e-10,-1.09176412355083e-09
0.409999579191208,2.06765248620409e-20,1.21238394323875e-10,1.87227899850484e-10
0.413332909345627,-3.64375038923848e-21,-9.03613794900338e-10,-1.29785215907674e-09
0.416666239500046,-1.70317812906118e-20,-7.59300122776807e-10,-1.09176923057674e-09
0.419999569654465,2.06801987071833e-20,1.2123886616866e-10,1.8722849659536e-10
0.423332899808884,-3.6498791190309e-21,-9.03610464231264e-10,-1.29784727409543e-09
0.426666229963303,-1.70336666807971e-20,-7.59303953046242e-10,-1.09177489271417e-09
0.429999560117722,2.06842651399993e-20,1.21239587813626e-10,1.87229551307233e-10
0.433332890272141,-3.65284856818299e-21,-9.03607355606795e-10,-1.29784283320333e-09
0.436666220426559,-1.70324210631168e-20,-7.59307505759921e-10,-1.09177999974008e-09
0.439999550580978,2.06792875160398e-20,1.21240018025048e-10,1.87230148052109e-10
0.443332880735397,-3.65029068985326e-21,-9.03604024937721e-10,-1.29783794822202e-09
0.446666210889816,-1.70280379752226e-20,-7.59311280518205e-10,-1.0917854398329e-09
0.449999541044235,2.06851003985476e-20,1.21240628647712e-10,1.87231063986104e-10
0.453332871198654,-3.65145754766071e-21,-9.03600860802101e-10,-1.29783328528532e-09
0.456666201353073,-1.70321544912397e-20,-7.59314944254186e-10,-1.09179065788112e-09
0.459999531507492,2.06851650220329e-20,1.212412115148e-10,1.87231827264434e-10
0.463332861661911,-3.65106092101934e-21,-9.03597641155329e-10,-1.29782862234862e-09
0.46666619181633,-1.7028682594489e-20,-7.59318552479016e-10,-1.09179609797394e-09
0.469999521970749,2.0683030831429e-20,1.21241724992949e-10,1.87232618298339e-10
0.473332852125168,-3.64899296948796e-21,-9.03594365997407e-10,-1.29782384838961e-09
0.476666182279587,-1.70279184217747e-20,-7.593223272373e-10,-1.09180142704446e-09
0.479999512434006,2.06786655149933e-20,1.21242335615612e-10,1.87233437087819e-10
0.483332842588425,-3.64812863037133e-21,-9.03591146350635e-10,-1.29781918545291e-09
0.486666172742844,-1.70306390705082e-20,-7.5932593546213e-10,-1.09180675611498e-09
0.489999502897263,2.06816527356038e-20,1.21242849093761e-10,1.87234228121724e-10
0.493332833051682,-3.64996353345864e-21,-9.03587926703864e-10,-1.29781452251621e-09
0.4966661632061,-1.70316892021452e-20,-7.59329654709262e-10,-1.0918120851855e-09
0.499999493360519,2.0680919259045e-20,1.21243431960849e-10,1.87235033033417e-10
0.503332853317261,-3.6495051106094e-21,-9.03584707057092e-10,-1.2978098595795e-09
0.50666618347168,-1.70319202311053e-20,-7.59333318445243e-10,-1.09181741425601e-09
0.509999513626099,2.06831552316384e-20,1.21243987072361e-10,1.8723583794511e-10
0.513332843780518,-3.65041387837222e-21,-9.0358143189917e-10,-1.2978050856205e-09
0.516666173934937,-1.70342289051197e-20,-7.59336982181225e-10,-1.09182274332653e-09
0.519999504089355,2.0679361833048e-20,1.21244542183874e-10,1.87236628979015e-10
0.523332834243774,-3.64942271566557e-21,-9.03578212252398e-10,-1.29780042268379e-09
0.526666164398193,-1.70332579372522e-20,-7.59340701428357e-10,-1.09182807239705e-09
0.529999494552612,2.06813069999572e-20,1.21245111173174e-10,1.87237433890708e-10
0.533332824707031,-3.64990214114756e-21,-9.03574992605627e-10,-1.29779575974709e-09
0.53666615486145,-1.70342854506694e-20,-7.59344365164338e-10,-1.09183340146757e-09
0.539999485015869,2.06821826481837e-20,1.21245666284686e-10,1.87238224924613e-10
0.543332815170288,-3.6503557172354e-21,-9.03571772958855e-10,-1.29779098578808e-09
0.546666145324707,-1.70318022932446e-20,-7.5934802890032e-10,-1.09183873053809e-09
0.549999475479126,2.06782648493841e-20,1.21246235273986e-10,1.87239029836306e-10
0.553332805633545,-3.64975996947977e-21,-9.03568553312084e-10,-1.29778632285138e-09
0.556666135787964,-1.70322611199906e-20,-7.59351748147452e-10,-1.0918440596086e-09
0.559999465942383,2.06819483880493e-20,1.21246790385499e-10,1.87239834747999e-10
0.563332796096802,-3.6493144713276e-21,-9.03565278154161e-10,-1.29778165991468e-09
0.566666126251221,-1.70304645870977e-20,-7.59355411883433e-10,-1.09184938867912e-09
0.56999945640564,2.06831180731343e-20,1.21247345497011e-10,1.87240639659692e-10
0.573332786560059,-3.64930518170158e-21,-9.0356205850739e-10,-1.29777699697797e-09
0.576666116714478,-1.70302093243305e-20,-7.59359075619415e-10,-1.09185471774964e-09
0.579999446868896,2.06812456076461e-20,1.21247914486311e-10,1.87241430693597e-10
0.583332777023315,-3.64800786523307e-21,-9.03558838860619e-10,-1.29777222301897e-09
0.586666107177734,-1.70309734970449e-20,-7.59362794866547e-10,-1.09186004682016e-09
0.589999437332153,2.06830162911448e-20,1.21248469597823e-10,1.87242235605289e-10
0.593332767486572,-3.64821627597334e-21,-9.03555619213847e-10,-1.29776756008226e-09
0.596666097640991,-1.70334194959656e-20,-7.59366458602528e-10,-1.09186537589068e-09
0.59999942779541,2.06766944986899e-20,1.21249038587123e-10,1.87243040516982e-10
0.603332757949829,-3.64634784945299e-21,-9.03552344055925e-10,-1.29776289714556e-09
0.606666088104248,-1.70336198287702e-20,-7.5937012233851e-10,-1.0918707049612e-09
0.609999418258667,2.0677298728278e-20,1.21249593698636e-10,1.87243831550887e-10
0.613332748413086,-3.64812782257776e-21,-9.03549124409153e-10,-1.29775823420886e-09
0.616666078567505,-1.70305841405456e-20,-7.59373786074491e-10,-1.09187603403171e-09
0.619999408721924,2.06828967376969e-20,1.21250148810148e-10,1.8724463646258e-10
0.623332738876343,-3.64665763828592e-21,-9.03545904762382e-10,-1.29775346024985e-09
0.626666069030762,-1.70305389041059e-20,-7.59377505321623e-10,-1.09188136310223e-09
0.629999399185181,2.06807673938545e-20,1.21250717799448e-10,1.87245441374273e-10
0.6333327293396,-3.64709142343137e-21,-9.0354268511561e-10,-1.29774879731315e-09
0.636666059494019,-1.70313483132599e-20,-7.59381169057605e-10,-1.09188669217275e-09
0.639999389648438,2.06815864965313e-20,1.2125127291096e-10,1.87246232408178e-10
0.643332660198212,-3.64651546661813e-21,-9.03539465468839e-10,-1.29774413437644e-09
0.646665990352631,-1.70337943121806e-20,-7.59384832793586e-10,-1.09189202124327e-09
0.64999932050705,2.0680857866734e-20,1.21251841900261e-10,1.87247037319871e-10
0.653332650661469,-3.64480213646264e-21,-9.03536190310916e-10,-1.29773936041744e-09
0.656665980815887,-1.70310058087876e-20,-7.59388552040718e-10,-1.09189735031379e-09
0.659999310970306,2.06784878004085e-20,1.21252397011773e-10,1.87247842231564e-10
0.663332641124725,-3.64617740501037e-21,-9.03532970664145e-10,-1.29773469748073e-09
0.666665971279144,-1.70323338214116e-20,-7.593922157767e-10,-1.0919026793843e-09
0.669999301433563,2.06819386945265e-20,1.21252952123285e-10,1.87248633265469e-10
0.673332631587982,-3.64681758141217e-21,-9.03529751017373e-10,-1.29773003454403e-09
0.676665961742401,-1.70323370525859e-20,-7.59395879512681e-10,-1.09190800845482e-09
0.67999929189682,2.06768705976875e-20,1.21253521112585e-10,1.87249438177162e-10
0.683332622051239,-3.64662976940786e-21,-9.03526531370602e-10,-1.29772537160733e-09
0.686665952205658,-1.70348541373405e-20,-7.59399598759813e-10,-1.09191344854764e-09
0.689999282360077,2.06785831200494e-20,1.21254076224098e-10,1.87250229211067e-10
0.693332612514496,-3.64729054454562e-21,-9.03523256212679e-10,-1.29772059764832e-09
0.696665942668915,-1.70326504764899e-20,-7.59403262495795e-10,-1.09191877761816e-09
0.699999272823334,2.06773536582405e-20,1.2125463133561e-10,1.8725103412276e-10
0.703332602977753,-3.6464039911059e-21,-9.03520036565908e-10,-1.29771593471162e-09
0.706665933132172,-1.70331771578955e-20,-7.59406926231776e-10,-1.09192410668868e-09
0.709999263286591,2.06785427303711e-20,1.2125520032491e-10,1.87251839034452e-10
0.71333259344101,-3.64636562091147e-21,-9.03516816919137e-10,-1.29771127177492e-09
0.716665923595428,-1.70314856381663e-20,-7.59410589967757e-10,-1.0919294357592e-09
0.719999253749847,2.06837950041434e-20,1.21255755436422e-10,1.87252630068357e-10
0.723332583904266,-3.64677355666277e-21,-9.03513597272365e-10,-1.29770660883821e-09
0.726665914058685,-1.70342499077524e-20,-7.5941430921489e-10,-1.09193476482972e-09
0.729999244213104,2.06803441100254e-20,1.21256324425723e-10,1.8725343498005e-10
0.733332574367523,-3.64570363408335e-21,-9.03510377625594e-10,-1.29770183487921e-09
0.736665904521942,-1.7031976776655e-20,-7.59417972950871e-10,-1.09194009390023e-09
0.739999234676361,2.06817642111161e-20,1.21256879537235e-10,1.87254239891743e-10
0.74333256483078,-3.64579733813712e-21,-9.03507102467671e-10,-1.2976971719425e-09
0.746665894985199,-1.70296390220723e-20,-7.59421636686852e-10,-1.09194542297075e-09
0.749999225139618,2.06819290010037e-20,1.21257434648747e-10,1.87255030925648e-10
0.753332555294037,-3.6460324060651e-21,-9.035038828209e-10,-1.2976925090058e-09
0.756665885448456,-1.70342563701009e-20,-7.59425355933985e-10,-1.09195075204127e-09
0.759999215602875,2.0678770528157e-20,1.21258003638047e-10,1.87255835837341e-10
0.763332545757294,-3.64400484421207e-21,-9.03500663174128e-10,-1.29768773504679e-09
0.766665875911713,-1.70350092337053e-20,-7.59429019669966e-10,-1.09195608111179e-09
0.769999206066132,2.06825203058947e-20,1.2125855874956e-10,1.87256640749034e-10
0.773332536220551,-3.64497823546024e-21,-9.03497443527357e-10,-1.29768307211009e-09
0.776665866374969,-1.70333532568931e-20,-7.59432683405947e-10,-1.09196141018231e-09
0.779999196529388,2.0680231018926e-20,1.21259113861072e-10,1.87257431782939e-10
0.783332526683807,-3.64543948558696e-21,-9.03494168369434e-10,-1.29767840917339e-09
0.786665856838226,-1.70318475296843e-20,-7.59436347141929e-10,-1.09196673925283e-09
0.789999186992645,2.06805573675271e-20,1.21259682850372e-10,1.87258236694632e-10
0.793332517147064,-3.64581914856343e-21,-9.03490948722663e-10,-1.29767374623668e-09
0.796665847301483,-1.70320817898187e-20,-7.59440066389061e-10,-1.09197206832334e-09
0.799999177455902,2.06799854496817e-20,1.21260237961884e-10,1.87259027728537e-10
0.803332507610321,-3.64650213802428e-21,-9.03487729075891e-10,-1.29766897227768e-09
0.80666583776474,-1.70369301668075e-20,-7.59443730125042e-10,-1.09197739739386e-09
0.809999167919159,2.06796607166677e-20,1.21260793073397e-10,1.8725983264023e-10
0.813332498073578,-3.6463599663565e-21,-9.0348450942912e-10,-1.29766430934097e-09
0.816665828227997,-1.70360076665541e-20,-7.59447393861024e-10,-1.09198272646438e-09
0.819999158382416,2.06756330579429e-20,1.21261362062697e-10,1.87260637551923e-10
0.823332488536835,-3.64736243817308e-21,-9.03481289782349e-10,-1.29765964640427e-09
0.826665818691254,-1.7038057846627e-20,-7.59451113108156e-10,-1.0919880555349e-09
0.829999148845673,2.06764360047485e-20,1.21261917174209e-10,1.87261428585828e-10
0.833332479000092,-3.6462646467156e-21,-9.03478014624426e-10,-1.29765498346757e-09
0.83666580915451,-1.70348218255978e-20,-7.59454776844137e-10,-1.09199338460542e-09
0.839999139308929,2.06792390484258e-20,1.21262472285721e-10,1.8726223349752e-10
0.843332469463348,-3.6456975756316e-21,-9.03474794977654e-10,-1.29765020950856e-09
0.846665799617767,-1.70339219435642e-20,-7.59458440580119e-10,-1.09199871367593e-09
0.849999129772186,2.06822860457603e-20,1.21263041275022e-10,1.87263024531426e-10
0.853332459926605,-3.64530862302912e-21,-9.03471575330883e-10,-1.29764554657186e-09
0.856665790081024,-1.70349656128527e-20,-7.59462159827251e-10,-1.09200404274645e-09
0.859999120235443,2.06779595034158e-20,1.21263596386534e-10,1.87263829443118e-10
0.863332450389862,-3.64746422016251e-21,-9.03468355684112e-10,-1.29764088363515e-09
0.866665780544281,-1.70349494569814e-20,-7.59465823563232e-10,-1.09200937181697e-09
0.8699991106987,2.06769319899986e-20,1.21264151498046e-10,1.87264634354811e-10
0.873332440853119,-3.64658534076168e-21,-9.03465080526189e-10,-1.29763610967615e-09
0.876665771007538,-1.70383018002842e-20,-7.59469487299214e-10,-1.09201470088749e-09
0.879999101161957,2.06785362680226e-20,1.21264720487346e-10,1.87265425388716e-10
0.883332431316376,-3.64422496795906e-21,-9.03461860879418e-10,-1.29763144673944e-09
0.886665761470795,-1.70376458719078e-20,-7.59473151035195e-10,-1.09202002995801e-09
0.889999091625214,2.0680206785119e-20,1.21265275598859e-10,1.87266230300409e-10
0.893332421779633,-3.64564022228835e-21,-9.03458641232646e-10,-1.29762678380274e-09
0.896665751934052,-1.70360706744523e-20,-7.59476870282327e-10,-1.09202535902853e-09
0.89999908208847,2.06755231980178e-20,1.21265830710371e-10,1.87267021334314e-10
0.903332412242889,-3.64387923231241e-21,-9.03455421585875e-10,-1.29762212086604e-09
0.906665742397308,-1.70368816991935e-20,-7.59480534018309e-10,-1.09203068809904e-09
0.909999072551727,2.06783811716577e-20,1.21266399699671e-10,1.87267826246007e-10
0.913332402706146,-3.64504891739734e-21,-9.03452146427952e-10,-1.29761734690703e-09
0.916665732860565,-1.70374196897091e-20,-7.5948419775429e-10,-1.09203601716956e-09
0.919999063014984,2.06769982290711e-20,1.21266954811183e-10,1.87268617279912e-10
0.923332393169403,-3.64540878943142e-21,-9.03448926781181e-10,-1.29761268397033e-09
0.926665723323822,-1.70376297160365e-20,-7.59487917001422e-10,-1.09204134624008e-09
0.929999053478241,2.06766783428186e-20,1.21267509922696e-10,1.87269422191605e-10
0.93333238363266,-3.64666127335697e-21,-9.03445707134409e-10,-1.29760802103362e-09
0.936665713787079,-1.70375764016611e-20,-7.59491580737404e-10,-1.0920467863329e-09
0.939999043941498,2.06782810052554e-20,1.21268078911996e-10,1.87270227103298e-10
0.943332374095917,-3.64630463249716e-21,-9.03442487487638e-10,-1.29760324707462e-09
0.946665704250336,-1.70414279613883e-20,-7.59495244473385e-10,-1.09205211540342e-09
0.949999034404755,2.06782470779256e-20,1.21268634023508e-10,1.87271018137203e-10
0.953332364559174,-3.64457676205746e-21,-9.03439267840866e-10,-1.29759858413792e-09
0.956665694713593,-1.70358654948863e-20,-7.59498908209366e-10,-1.09205744447394e-09
0.959999024868011,2.06779449631315e-20,1.2126918913502e-10,1.87271823048896e-10
0.96333235502243,-3.64612085946068e-21,-9.03435992682944e-10,-1.29759392120121e-09
0.966665685176849,-1.70389819624676e-20,-7.59502627456499e-10,-1.09206277354446e-09
0.969999015331268,2.06782923143653e-20,1.21269758124321e-10,1.87272614082801e-10
0.973332345485687,-3.64368940082417e-21,-9.03432773036172e-10,-1.29758925826451e-09
0.976665675640106,-1.70368590809736e-20,-7.5950629119248e-10,-1.09206810261497e-09
0.979999005794525,2.0679121110565e-20,1.21270313235833e-10,1.87273418994494e-10
0.983332335948944,-3.64436148507187e-21,-9.03429553389401e-10,-1.2975844843055e-09
0.986665666103363,-1.7038697619132e-20,-7.59509954928461e-10,-1.09207343168549e-09
0.989998996257782,2.06788965439534e-20,1.21270868347345e-10,1.87274210028399e-10
0.993332326412201,-3.64335457039067e-21,-9.0342633374263e-10,-1.2975798213688e-09
0.99666565656662,-1.70350318519252e-20,-7.59513674175594e-10,-1.09207876075601e-09
0.999998986721039,2.06778464123164e-20,1.21271423458857e-10,1.87275014940091e-10
1.0033323764801,-3.64284969941133e-21,-9.03423058584707e-10,-1.2975751584321e-09
1.00666570663452,-1.70344615496669e-20,-7.59517337911575e-10,-1.09208408982653e-09
1.00999903678894,2.06791098014551e-20,1.21271992448158e-10,1.87275819851784e-10
1.01333236694336,-3.6422640490753e-21,-9.03419838937936e-10,-1.29757038447309e-09
1.01666569709778,-1.70373114453711e-20,-7.59521001647556e-10,-1.09208941889705e-09
1.0199990272522,2.0680689845672e-20,1.2127254755967e-10,1.87276610885689e-10
1.02333235740662,-3.64309526865568e-21,-9.03416619291164e-10,-1.29756572153639e-09
1.02666568756104,-1.70387363932232e-20,-7.59524665383537e-10,-1.09209474796756e-09
1.02999901771545,2.06789240089347e-20,1.21273102671182e-10,1.87277415797382e-10
1.03333234786987,-3.64248215333837e-21,-9.03413399644393e-10,-1.29756105859968e-09
1.03666567802429,-1.70364002542276e-20,-7.5952838463067e-10,-1.09210007703808e-09
1.03999900817871,2.06789837856586e-20,1.21273671660482e-10,1.87278206831287e-10
1.04333233833313,-3.64335295480354e-21,-9.0341012448647e-10,-1.29755639566298e-09
1.04666566848755,-1.70355908450735e-20,-7.59532048366651e-10,-1.0921054061086e-09
1.04999899864197,2.06802245565775e-20,1.21274226771995e-10,1.8727901174298e-10
1.05333232879639,-3.64319866623225e-21,-9.03406904839699e-10,-1.29755162170397e-09
1.05666565895081,-1.70387202373519e-20,-7.59535712102632e-10,-1.09211073517912e-09
1.05999898910522,2.06788093022482e-20,1.21274781883507e-10,1.87279802776885e-10
1.06333231925964,-3.64335093531962e-21,-9.03403685192927e-10,-1.29754695876727e-09
1.06666564941406,-1.70365278856112e-20,-7.59539431349765e-10,-1.09211606424964e-09
1.06999897956848,2.06782955455396e-20,1.21275350872807e-10,1.87280607688578e-10
1.0733323097229,-3.64334730024857e-21,-9.03400465546156e-10,-1.29754229583057e-09
1.07666563987732,-1.70399464679865e-20,-7.59543095085746e-10,-1.09212139332016e-09
1.07999897003174,2.06774505934686e-20,1.21275905984319e-10,1.87281398722483e-10
1.08333230018616,-3.64253344822987e-21,-9.03397245899384e-10,-1.29753752187156e-09
1.08666563034058,-1.70399917044263e-20,-7.59546758821728e-10,-1.09212672239067e-09
1.089998960495,2.06763972306573e-20,1.21276461095832e-10,1.87282203634176e-10
1.09333229064941,-3.64294542294902e-21,-9.03393970741462e-10,-1.29753285893486e-09
1.09666562080383,-1.70374245364705e-20,-7.5955047806886e-10,-1.09213205146119e-09
1.09999895095825,2.06782583870355e-20,1.21277016207344e-10,1.87282994668081e-10
1.10333228111267,-3.64354561356926e-21,-9.0339075109469e-10,-1.29752819599815e-09
1.10666561126709,-1.70392388408219e-20,-7.59554141804841e-10,-1.09213738053171e-09
1.10999894142151,2.06766153349204e-20,1.21277585196644e-10,1.87283799579774e-10
1.11333227157593,-3.64285898903735e-21,-9.03387531447919e-10,-1.29752353306145e-09
1.11666560173035,-1.70402340424963e-20,-7.59557805540823e-10,-1.09214270960223e-09
1.11999893188477,2.06776961627129e-20,1.21278140308156e-10,1.87284604491467e-10
1.12333226203918,-3.64313081157263e-21,-9.03384311801148e-10,-1.29751875910245e-09
1.1266655921936,-1.70398123742544e-20,-7.59561469276804e-10,-1.09214803867275e-09
1.12999892234802,2.06773568894148e-20,1.21278695419669e-10,1.87285395525372e-10
1.13333225250244,-3.6423323076317e-21,-9.03381036643225e-10,-1.29751409616574e-09
1.13666558265686,-1.70409352073125e-20,-7.59565188523936e-10,-1.09215336774326e-09
1.13999891281128,2.06788222269453e-20,1.21279264408969e-10,1.87286200437065e-10
1.1433322429657,-3.64294178787796e-21,-9.03377816996453e-10,-1.29750943322904e-09
1.14666557312012,-1.7044332787055e-20,-7.59568852259918e-10,-1.09215869681378e-09
1.14999890327454,2.06790629494282e-20,1.21279819520481e-10,1.8728699147097e-10
1.15333223342896,-3.6446688505241e-21,-9.03374597349682e-10,-1.29750465927003e-09
1.15666556358337,-1.7037539243157e-20,-7.59572515995899e-10,-1.0921640258843e-09
1.15999889373779,2.06734003165239e-20,1.21280374631993e-10,1.87287796382662e-10
1.16333222389221,-3.6432390559106e-21,-9.03371377702911e-10,-1.29749999633333e-09
1.16666555404663,-1.70372904427384e-20,-7.59576235243031e-10,-1.09216935495482e-09
1.16999888420105,2.06731111264269e-20,1.21280929743506e-10,1.87288587416568e-10
1.17333221435547,-3.64351895638155e-21,-9.03368102544988e-10,-1.29749533339663e-09
1.17666554450989,-1.70403115906788e-20,-7.59579898979013e-10,-1.09217468402534e-09
1.17999887466431,2.06752097741139e-20,1.21281498732806e-10,1.8728939232826e-10
1.18333220481873,-3.64397051298547e-21,-9.03364882898217e-10,-1.29749067045992e-09
1.18666553497314,-1.70438093368236e-20,-7.59583562714994e-10,-1.09218001309586e-09
1.18999886512756,2.06758592401417e-20,1.21282053844318e-10,1.87290183362165e-10
1.19333219528198,-3.64356823178913e-21,-9.03361663251445e-10,-1.29748589650092e-09
1.1966655254364,-1.70401387228554e-20,-7.59587226450975e-10,-1.09218534216637e-09
1.19999885559082,2.06742468841821e-20,1.21282608955831e-10,1.87290988273858e-10
1.20333218574524,-3.64251527287462e-21,-9.03358443604674e-10,-1.29748123356421e-09
1.20666551589966,-1.7041943333684e-20,-7.59590945698108e-10,-1.09219067123689e-09
1.20999884605408,2.06752760131864e-20,1.21283164067343e-10,1.87291779307763e-10
1.2133321762085,-3.64282344612041e-21,-9.03355223957902e-10,-1.29747657062751e-09
1.21666550636292,-1.70419352557483e-20,-7.59594609434089e-10,-1.09219600030741e-09
1.21999883651733,2.06723324134284e-20,1.21283733056643e-10,1.87292584219456e-10
1.22333216667175,-3.64241429867875e-21,-9.0335194879998e-10,-1.2974717966685e-09
1.22666549682617,-1.70383082626327e-20,-7.5959827317007e-10,-1.09220144040023e-09
1.22999882698059,2.06731143576012e-20,1.21284288168155e-10,1.87293375253361e-10
1.23333215713501,-3.64257626128892e-21,-9.03348729153208e-10,-1.2974671337318e-09
1.23666548728943,-1.70442180803685e-20,-7.59601992417203e-10,-1.09220676947075e-09
1.23999881744385,2.06781226777163e-20,1.21284843279668e-10,1.87294180165054e-10
1.24333214759827,-3.64411470413717e-21,-9.03345509506437e-10,-1.2974624707951e-09
1.24666547775269,-1.70441550724703e-20,-7.59605656153184e-10,-1.09221209854127e-09
1.2499988079071,2.06757590737394e-20,1.21285412268968e-10,1.87294971198959e-10
1.25333213806152,-3.6420415019476e-21,-9.03342289859665e-10,-1.29745780785839e-09
1.25666546821594,-1.70415345901391e-20,-7.59609319889165e-10,-1.09221742761179e-09
1.25999879837036,2.06758883207101e-20,1.2128596738048e-10,1.87295776110652e-10
1.26333212852478,-3.64319341557407e-21,-9.03339014701743e-10,-1.29745303389939e-09
1.2666654586792,-1.70429304574228e-20,-7.59612983625146e-10,-1.0922227566823e-09
1.26999878883362,2.06775459131095e-20,1.21286522491992e-10,1.87296567144557e-10
1.27333211898804,-3.64353107328505e-21,-9.03335795054971e-10,-1.29744837096268e-09
1.27666544914246,-1.70427478960767e-20,-7.59616702872279e-10,-1.09222808575282e-09
1.27999877929688,2.06756346735301e-20,1.21287077603505e-10,1.8729737205625e-10
1.28333210945129,-3.64342807960527e-21,-9.033325754082e-10,-1.29744370802598e-09
1.28666532039642,-1.70433392009677e-20,-7.5962036660826e-10,-1.09223341482334e-09
1.28999865055084,2.06760401859007e-20,1.21287646592805e-10,1.87298163090155e-10
1.29333198070526,-3.64277255512569e-21,-9.03329355761429e-10,-1.29743893406697e-09
1.29666531085968,-1.70431420993374e-20,-7.59624030344241e-10,-1.09223874389386e-09
1.2999986410141,2.06744359078767e-20,1.21288201704317e-10,1.87298968001848e-10
1.30333197116852,-3.64249830920971e-21,-9.03326080603506e-10,-1.29743427113027e-09
1.30666530132294,-1.70409675190551e-20,-7.59627749591374e-10,-1.09224407296438e-09
1.30999863147736,2.06717831138029e-20,1.21288756815829e-10,1.87299759035753e-10
1.31333196163177,-3.64230403485686e-21,-9.03322860956735e-10,-1.29742960819357e-09
1.31666529178619,-1.70461890966719e-20,-7.59631413327355e-10,-1.09224940203489e-09
1.31999862194061,2.06710981048581e-20,1.21289311927342e-10,1.87300563947446e-10
1.32333195209503,-3.64336426391348e-21,-9.03319641309963e-10,-1.29742494525686e-09
1.32666528224945,-1.70442810882667e-20,-7.59635077063336e-10,-1.09225473110541e-09
1.32999861240387,2.06717895761514e-20,1.21289880916642e-10,1.87301354981351e-10
1.33333194255829,-3.64326611699509e-21,-9.03316421663192e-10,-1.29742017129786e-09
1.33666527271271,-1.70421889029284e-20,-7.59638740799318e-10,-1.09226006017593e-09
1.33999860286713,2.0670010814717e-20,1.21290436028154e-10,1.87302146015256e-10
1.34333193302155,-3.64258999377956e-21,-9.03313146505269e-10,-1.29741550836115e-09
1.34666526317596,-1.70426170335188e-20,-7.5964246004645e-10,-1.09226538924645e-09
1.34999859333038,2.06724067304366e-20,1.21290991139666e-10,1.87302950926949e-10
1.3533319234848,-3.64312758039836e-21,-9.03309926858498e-10,-1.29741084542445e-09
1.35666525363922,-1.70460792367468e-20,-7.59646123782431e-10,-1.09227071831697e-09
1.35999858379364,2.06693419616436e-20,1.21291546251179e-10,1.87303741960854e-10
1.36333191394806,-3.64300519967297e-21,-9.03306707211726e-10,-1.29740607146545e-09
1.36666524410248,-1.70481148765355e-20,-7.59649787518413e-10,-1.09227604738749e-09
1.3699985742569,2.06716199395024e-20,1.21292115240479e-10,1.87304546872546e-10
1.37333190441132,-3.6439208336811e-21,-9.03303487564955e-10,-1.29740140852874e-09
1.37666523456573,-1.7042980540624e-20,-7.59653506765545e-10,-1.092281376458e-09
1.37999856472015,2.06734051632853e-20,1.21292670351991e-10,1.87305337906452e-10
1.38333189487457,-3.6440920859173e-21,-9.03300212407032e-10,-1.29739674559204e-09
1.38666522502899,-1.70479113125566e-20,-7.59657170501526e-10,-1.09228670552852e-09
1.38999855518341,2.06755506629991e-20,1.21293225463504e-10,1.87306142818144e-10
1.39333188533783,-3.64457514647033e-21,-9.03296992760261e-10,-1.29739208265534e-09
1.39666521549225,-1.70473280856013e-20,-7.59660834237508e-10,-1.09229203459904e-09
1.39999854564667,2.06729689547592e-20,1.21293780575016e-10,1.87306933852049e-10
1.40333187580109,-3.6455558078606e-21,-9.03293773113489e-10,-1.29738730869633e-09
1.40666520595551,-1.70479904763262e-20,-7.59664497973489e-10,-1.09229736366956e-09
1.40999853610992,2.06661673329255e-20,1.21294349564316e-10,1.87307738763742e-10
1.41333186626434,-3.64503235762922e-21,-9.03290553466718e-10,-1.29738264575963e-09
1.41666519641876,-1.70476915927064e-20,-7.59668217220622e-10,-1.09230269274008e-09
1.41999852657318,2.06692240237828e-20,1.21294904675828e-10,1.87308529797647e-10
1.4233318567276,-3.64433321229703e-21,-9.03287278308795e-10,-1.29737798282292e-09
1.42666518688202,-1.70472376127218e-20,-7.59671880956603e-10,-1.0923080218106e-09
1.42999851703644,2.06690624650694e-20,1.21295459787341e-10,1.8730933470934e-10
1.43333184719086,-3.64444226442857e-21,-9.03284058662024e-10,-1.29737320886392e-09
1.43666517734528,-1.70470324331558e-20,-7.59675544692584e-10,-1.09231335088111e-09
1.43999850749969,2.06705100311414e-20,1.21296014898853e-10,1.87310125743245e-10
1.44333183765411,-3.64414176522166e-21,-9.03280839015252e-10,-1.29736854592721e-09
1.44666516780853,-1.70462472578087e-20,-7.59679263939717e-10,-1.09231867995163e-09
1.44999849796295,2.06669799732538e-20,1.21296570010365e-10,1.8731091677715e-10
1.45333182811737,-3.64281536818474e-21,-9.03277619368481e-10,-1.29736388299051e-09
1.45666515827179,-1.70469064173593e-20,-7.59682927675698e-10,-1.09232400902215e-09
1.45999848842621,2.06679170137915e-20,1.21297138999665e-10,1.87311721688843e-10
1.46333181858063,-3.64379683736858e-21,-9.0327439972171e-10,-1.29735922005381e-09
1.46666514873505,-1.70498742509243e-20,-7.59686591411679e-10,-1.09232933809267e-09
1.46999847888947,2.0668852438742e-20,1.21297694111178e-10,1.87312512722748e-10
1.47333180904388,-3.64295026971042e-21,-9.03271124563787e-10,-1.2973544460948e-09
1.4766651391983,-1.70493136421888e-20,-7.5969025514766e-10,-1.09233466716319e-09
1.47999846935272,2.06699090327276e-20,1.2129824922269e-10,1.87313317634441e-10
1.48333179950714,-3.64328186896965e-21,-9.03267904917016e-10,-1.2973497831581e-09
1.48666512966156,-1.70491747016953e-20,-7.59693974394793e-10,-1.0923399962337e-09
1.48999845981598,2.0668973607777e-20,1.21298804334202e-10,1.87314108668346e-10
1.4933317899704,-3.64263361463217e-21,-9.03264685270244e-10,-1.29734512022139e-09
1.49666512012482,-1.70469532693862e-20,-7.59697638130774e-10,-1.09234532530422e-09
1.49999845027924,2.06727815466516e-20,1.21299373323502e-10,1.87314913580039e-10
1.50333178043365,-3.64203948246368e-21,-9.03261465623473e-10,-1.29734034626239e-09
1.50666511058807,-1.70496884584039e-20,-7.59701301866755e-10,-1.09235065437474e-09
1.50999844074249,2.06705908104981e-20,1.21299928435015e-10,1.87315704613944e-10
1.51333177089691,-3.64187509647281e-21,-9.0325819046555e-10,-1.29733568332568e-09
1.51666510105133,-1.70488176569387e-20,-7.59704965602737e-10,-1.09235598344526e-09
1.51999843120575,2.06706715898548e-20,1.21300483546527e-10,1.87316495647849e-10
1.52333176136017,-3.64250719493895e-21,-9.03254970818779e-10,-1.29733102038898e-09
1.52666509151459,-1.70460711588111e-20,-7.59708684849869e-10,-1.09236131251578e-09
1.52999842166901,2.06671738437099e-20,1.21301038658039e-10,1.87317300559542e-10
1.53333175182343,-3.6424595351185e-21,-9.03251751172007e-10,-1.29732624642998e-09
1.53666508197784,-1.70463199592297e-20,-7.5971234858585e-10,-1.0923667526086e-09
1.53999841213226,2.06714696898989e-20,1.21301593769552e-10,1.87318091593447e-10
1.54333174228668,-3.6436372981391e-21,-9.03248531525236e-10,-1.29732158349327e-09
1.5466650724411,-1.70495188217548e-20,-7.59716012321832e-10,-1.09237208167912e-09
1.54999840259552,2.06677247589225e-20,1.21302162758852e-10,1.8731889650514e-10
1.55333173274994,-3.64322330393604e-21,-9.03245256367313e-10,-1.29731692055657e-09
1.55666506290436,-1.70461551693421e-20,-7.59719731568964e-10,-1.09237741074963e-09
1.55999839305878,2.06642560933461e-20,1.21302717870364e-10,1.87319687539045e-10
1.5633317232132,-3.64259564833453e-21,-9.03242036720542e-10,-1.29731225761986e-09
1.56666505336761,-1.70465073673373e-20,-7.59723395304945e-10,-1.09238273982015e-09
1.56999838352203,2.06689865324741e-20,1.21303272981876e-10,1.87320492450738e-10
1.57333171367645,-3.64251123390678e-21,-9.0323881707377e-10,-1.29730748366086e-09
1.57666504383087,-1.70486480202897e-20,-7.59727059040927e-10,-1.09238806889067e-09
1.57999837398529,2.06665793076446e-20,1.21303828093389e-10,1.87321283484643e-10
1.58333170413971,-3.64126803960725e-21,-9.03235597426999e-10,-1.29730282072416e-09
1.58666503429413,-1.70498306300717e-20,-7.59730722776908e-10,-1.09239339796119e-09
1.58999836444855,2.06671528410771e-20,1.21304383204901e-10,1.87322074518548e-10
1.59333169460297,-3.64227535818523e-21,-9.03232322269076e-10,-1.29729815778745e-09
1.59666502475739,-1.70474476390492e-20,-7.5973444202404e-10,-1.09239872703171e-09
1.5999983549118,2.06680963439633e-20,1.21304952194201e-10,1.87322879430241e-10
1.60333168506622,-3.64040814335524e-21,-9.03229102622305e-10,-1.29729338382845e-09
1.60666501522064,-1.70522006963971e-20,-7.59738105760022e-10,-1.09240405610223e-09
1.60999834537506,2.06675228105308e-20,1.21305507305713e-10,1.87323670464146e-10
1.61333167552948,-3.64183107172341e-21,-9.03225882975534e-10,-1.29728872089174e-09
1.6166650056839,-1.70493911903712e-20,-7.59741769496003e-10,-1.09240938517274e-09
1.61999833583832,2.06711659595177e-20,1.21306062417226e-10,1.87324475375839e-10
1.62333166599274,-3.64211824233646e-21,-9.03222663328762e-10,-1.29728405795504e-09
1.62666499614716,-1.70463021877712e-20,-7.59745488743135e-10,-1.09241471424326e-09
1.62999832630157,2.0670348472428e-20,1.21306617528738e-10,1.87325266409744e-10
1.63333165645599,-3.64209925918764e-21,-9.03219388170839e-10,-1.29727939501834e-09
1.63666498661041,-1.70470550513756e-20,-7.59749152479117e-10,-1.09242004331378e-09
1.63999831676483,2.06669654329696e-20,1.2130717264025e-10,1.87326057443649e-10
1.64333164691925,-3.64046347721457e-21,-9.03216168524068e-10,-1.29727462105933e-09
1.64666497707367,-1.7049001833872e-20,-7.59752816215098e-10,-1.0924253723843e-09
1.64999830722809,2.06717750358672e-20,1.2130774162955e-10,1.87326862355341e-10
1.65333163738251,-3.64249427024188e-21,-9.03212948877297e-10,-1.29726995812263e-09
1.65666496753693,-1.7051499531581e-20,-7.59756479951079e-10,-1.09243070145482e-09
1.65999829769135,2.0668514781031e-20,1.21308296741063e-10,1.87327653389247e-10
1.66333162784576,-3.64177775734799e-21,-9.03209729230525e-10,-1.29726529518592e-09
1.66666495800018,-1.7048458996595e-20,-7.59760199198212e-10,-1.09243603052533e-09
1.6699982881546,2.06709737046488e-20,1.21308851852575e-10,1.87328458300939e-10
1.67333161830902,-3.64133185529904e-21,-9.03206454072603e-10,-1.29726052122692e-09
1.67666494846344,-1.7050740205628e-20,-7.59763862934193e-10,-1.09244135959585e-09
1.67999827861786,2.06645032781776e-20,1.21309406964087e-10,1.87329249334844e-10
1.68333160877228,-3.64178704697401e-21,-9.03203234425831e-10,-1.29725585829021e-09
1.6866649389267,-1.70494057306555e-20,-7.59767526670174e-10,-1.09244668866637e-09
1.68999826908112,2.06662044914296e-20,1.213099620756e-10,1.87330040368749e-10
1.69333159923553,-3.64149624128991e-21,-9.0320001477906e-10,-1.29725119535351e-09
1.69666492938995,-1.70512959676021e-20,-7.59771245917307e-10,-1.09245201773689e-09
1.69999825954437,2.0667947709947e-20,1.21310517187112e-10,1.87330845280442e-10
1.70333158969879,-3.64212349299465e-21,-9.03196795132288e-10,-1.2972464213945e-09
1.70666491985321,-1.70493572630414e-20,-7.59774909653288e-10,-1.09245734680741e-09
1.70999825000763,2.06683128326393e-20,1.21311086176412e-10,1.87331636314347e-10
1.71333158016205,-3.64151280105804e-21,-9.03193519974366e-10,-1.2972417584578e-09
1.71666491031647,-1.70513605910875e-20,-7.59778573389269e-10,-1.09246267587793e-09
1.71999824047089,2.06700495888082e-20,1.21311641287924e-10,1.87332427348252e-10
1.72333157062531,-3.64034634714737e-21,-9.03190300327594e-10,-1.2972370955211e-09
1.72666490077972,-1.70509340760841e-20,-7.59782237125251e-10,-1.09246800494844e-09
1.72999823093414,2.06674581870455e-20,1.21312196399437e-10,1.87333232259945e-10
1.73333156108856,-3.64114565888186e-21,-9.03187080680823e-10,-1.29723243258439e-09
1.73666489124298,-1.70504445531825e-20,-7.59785956372383e-10,-1.09247333401896e-09
1.7399982213974,2.06705488052326e-20,1.21312751510949e-10,1.8733402329385e-10
1.74333155155182,-3.64072318284635e-21,-9.03183861034051e-10,-1.29722765862539e-09
1.74666488170624,-1.70489517506708e-20,-7.59789620108364e-10,-1.09247866308948e-09
1.74999821186066,2.06699235730118e-20,1.21313306622461e-10,1.87334828205543e-10
1.75333154201508,-3.6397344435204e-21,-9.03180585876129e-10,-1.29722299568868e-09
1.75666487216949,-1.70537338885872e-20,-7.59793283844346e-10,-1.09248399216e-09
1.75999820232391,2.0667248160718e-20,1.21313875611762e-10,1.87335619239448e-10
1.76333153247833,-3.6406852165487e-21,-9.03177366229357e-10,-1.29721833275198e-09
1.76666486263275,-1.70496496843127e-20,-7.59796947580327e-10,-1.09248932123052e-09
1.76999819278717,2.0665763436142e-20,1.21314430723274e-10,1.87336410273353e-10
1.77333152294159,-3.63949048986319e-21,-9.03174146582586e-10,-1.29721355879298e-09
1.77666485309601,-1.70509163046256e-20,-7.59800666827459e-10,-1.09249465030103e-09
1.77999818325043,2.06675341196407e-20,1.21314985834786e-10,1.87337215185046e-10
1.78333151340485,-3.63887616285552e-21,-9.03170926935815e-10,-1.29720889585627e-09
1.78666484355927,-1.70505738001533e-20,-7.59804330563441e-10,-1.09249997937155e-09
1.78999817371368,2.06687765061467e-20,1.21315540946298e-10,1.87338006218951e-10
1.7933315038681,-3.63685587114459e-21,-9.03167651777892e-10,-1.29720423291957e-09
1.79666483402252,-1.70466269207852e-20,-7.59807994299422e-10,-1.09250530844207e-09
1.79999816417694,2.06631041797196e-20,1.21316096057811e-10,1.87338797252856e-10
1.80333149433136,-3.6381899422204e-21,-9.03164432131121e-10,-1.29719945896056e-09
1.80666482448578,-1.70512119570711e-20,-7.59811713546554e-10,-1.09251063751259e-09
1.8099981546402,2.06676843692442e-20,1.21316651169323e-10,1.87339602164549e-10
1.81333148479462,-3.63872066259389e-21,-9.03161212484349e-10,-1.29719479602386e-09
1.81666481494904,-1.70497967027419e-20,-7.59815377282536e-10,-1.09251596658311e-09
1.81999814510345,2.06665615361861e-20,1.21317220158623e-10,1.87340393198454e-10
1.82333147525787,-3.63749402806248e-21,-9.03157992837578e-10,-1.29719013308716e-09
1.82666480541229,-1.70513783625459e-20,-7.59819041018517e-10,-1.09252129565363e-09
1.82999813556671,2.06701885293017e-20,1.21317775270136e-10,1.87341184232359e-10
1.83333146572113,-3.63846338034281e-21,-9.03154717679655e-10,-1.29718547015045e-09
1.83666479587555,-1.70513832093073e-20,-7.59822704754498e-10,-1.09252662472414e-09
1.83999812602997,2.06702256878058e-20,1.21318330381648e-10,1.87341989144052e-10
1.84333145618439,-3.63875418602691e-21,-9.03151498032884e-10,-1.29718069619145e-09
1.84666478633881,-1.70507224341696e-20,-7.59826424001631e-10,-1.09253195379466e-09
1.84999811649323,2.06704761038116e-20,1.2131888549316e-10,1.87342780177957e-10
1.85333144664764,-3.63892705385024e-21,-9.03148278386112e-10,-1.29717603325474e-09
1.85666477680206,-1.70515318433237e-20,-7.59830087737612e-10,-1.09253728286518e-09
1.85999810695648,2.06641720828151e-20,1.21319440604672e-10,1.87343571211862e-10
1.8633314371109,-3.63859343510709e-21,-9.03145058739341e-10,-1.29717137031804e-09
1.86666476726532,-1.7053019799074e-20,-7.59833751473593e-10,-1.0925426119357e-09
1.86999809741974,2.06702046851731e-20,1.21319995716185e-10,1.87344376123555e-10
1.87333142757416,-3.63879053673743e-21,-9.03141783581418e-10,-1.29716659635903e-09
1.87666475772858,-1.70511392556501e-20,-7.59837470720726e-10,-1.09254794100622e-09
1.879998087883,2.06645792107729e-20,1.21320550827697e-10,1.8734516715746e-10
1.88333141803741,-3.63823679424729e-21,-9.03138563934647e-10,-1.29716193342233e-09
1.88666474819183,-1.7056000557336e-20,-7.59841134456707e-10,-1.09255327007673e-09
1.88999807834625,2.06651333571598e-20,1.21321119816997e-10,1.87345958191365e-10
1.89333140850067,-3.63940324815796e-21,-9.03135344287875e-10,-1.29715727048563e-09
1.89666473865509,-1.70537145015415e-20,-7.59844798192688e-10,-1.09255871016956e-09
1.89999806880951,2.06698331001323e-20,1.2132167492851e-10,1.87346763103058e-10
1.90333139896393,-3.64020983003455e-21,-9.03132124641104e-10,-1.29715249652662e-09
1.90666472911835,-1.7049725616908e-20,-7.59848461928669e-10,-1.09256403924007e-09
1.90999805927277,2.06640832255227e-20,1.21322230040022e-10,1.87347554136963e-10
1.91333138942719,-3.63915646722325e-21,-9.03128849483181e-10,-1.29714783358992e-09
1.9166647195816,-1.70534753946457e-20,-7.59852181175802e-10,-1.09256936831059e-09
1.91999804973602,2.06640961502198e-20,1.21322785151534e-10,1.87348345170868e-10
1.92333137989044,-3.6388474861839e-21,-9.0312562983641e-10,-1.29714317065321e-09
1.92666471004486,-1.70519761297855e-20,-7.59855844911783e-10,-1.09257469738111e-09
1.92999804019928,2.0661877949085e-20,1.21323340263046e-10,1.87349150082561e-10
1.9333313703537,-3.63906801382767e-21,-9.03122410189638e-10,-1.29713850771651e-09
1.93666470050812,-1.70540521592525e-20,-7.59859508647764e-10,-1.09258002645163e-09
1.93999803066254,2.06641930854479e-20,1.21323895374559e-10,1.87349941116466e-10
1.94333136081696,-3.63810714337979e-21,-9.03119135031716e-10,-1.29713373375751e-09
1.94666469097137,-1.70509906216338e-20,-7.59863172383746e-10,-1.09258535552215e-09
1.94999802112579,2.06669912823638e-20,1.21324450486071e-10,1.87350732150371e-10
1.95333135128021,-3.63781956886996e-21,-9.03115915384944e-10,-1.2971290708208e-09
1.95666468143463,-1.70476899771193e-20,-7.59866891630878e-10,-1.09259068459266e-09
1.95999801158905,2.0664340103877e-20,1.21325019475371e-10,1.87351537062064e-10
1.96333134174347,-3.63642693276054e-21,-9.03112695738173e-10,-1.2971244078841e-09
1.96666467189789,-1.70538776758421e-20,-7.59870555366859e-10,-1.09259601366318e-09
1.96999800205231,2.06651785935995e-20,1.21325574586884e-10,1.87352328095969e-10
1.97333133220673,-3.6381705551748e-21,-9.03109476091402e-10,-1.29711963392509e-09
1.97666466236115,-1.70517030955598e-20,-7.59874219102841e-10,-1.0926013427337e-09
1.97999799251556,2.06645178184618e-20,1.21326129698396e-10,1.87353119129874e-10
1.98333132266998,-3.63747060204904e-21,-9.03106200933479e-10,-1.29711497098839e-09
1.9866646528244,-1.70565401634387e-20,-7.59877938349973e-10,-1.09260667180422e-09
1.98999798297882,2.06672223113239e-20,1.21326684809908e-10,1.87353910163779e-10
1.99333131313324,-3.63654931348593e-21,-9.03102981286708e-10,-1.29711030805169e-09
1.99666464328766,-1.70531845889616e-20,-7.59881602085954e-10,-1.09261200087474e-09
1.99999797344208,2.0668236900044e-20,1.2132723992142e-10,1.87354715075472e-10
2.00333142280579,-3.63517323714464e-21,-9.03099761639936e-10,-1.29710553409268e-09
2.00666475296021,-1.70502232177452e-20,-7.59885265821936e-10,-1.09261732994526e-09
2.00999808311462,2.06686828020929e-20,1.21327795032933e-10,1.87355506109377e-10
2.01333141326904,-3.63555451570824e-21,-9.03096541993165e-10,-1.29710087115598e-09
2.01666474342346,-1.70461519381678e-20,-7.59888929557917e-10,-1.09262265901577e-09
2.01999807357788,2.06680397984137e-20,1.21328350144445e-10,1.87356297143282e-10
2.0233314037323,-3.63471804546967e-21,-9.03093266835242e-10,-1.29709620821927e-09
2.02666473388672,-1.70519179686487e-20,-7.59892648805049e-10,-1.09262798808629e-09
2.02999806404114,2.06662432655208e-20,1.21328905255957e-10,1.87357102054975e-10
2.03333139419556,-3.63546525451909e-21,-9.03090047188471e-10,-1.29709154528257e-09
2.03666472434998,-1.70517580255224e-20,-7.59896312541031e-10,-1.09263331715681e-09
2.03999805450439,2.06701255214035e-20,1.21329474245258e-10,1.8735789308888e-10
2.04333138465881,-3.63539053361415e-21,-9.03086827541699e-10,-1.29708677132356e-09
2.04666471481323,-1.70525512788051e-20,-7.59899976277012e-10,-1.09263864622733e-09
2.04999804496765,2.06668523418702e-20,1.2133002935677e-10,1.87358684122785e-10
2.05333137512207,-3.63383674268813e-21,-9.03083607894928e-10,-1.29708210838686e-09
2.05666470527649,-1.70545174483471e-20,-7.59903640012993e-10,-1.09264397529785e-09
2.05999803543091,2.06655937994929e-20,1.21330584468282e-10,1.8735947515669e-10
2.06333136558533,-3.63506256942597e-21,-9.03080332737005e-10,-1.29707744545016e-09
2.06666469573975,-1.70503153062118e-20,-7.59907359260126e-10,-1.09264930436836e-09
2.06999802589417,2.06657973634718e-20,1.21331139579794e-10,1.87360280068383e-10
2.07333135604858,-3.63557349885706e-21,-9.03077113090234e-10,-1.29707267149115e-09
2.076664686203,-1.70529648691114e-20,-7.59911022996107e-10,-1.09265463343888e-09
2.07999801635742,2.06628990001536e-20,1.21331694691307e-10,1.87361071102288e-10
2.08333134651184,-3.63550402861031e-21,-9.03073893443462e-10,-1.29706800855445e-09
2.08666467666626,-1.70532944488867e-20,-7.59914686732088e-10,-1.0926599625094e-09
2.08999800682068,2.06660300080191e-20,1.21332249802819e-10,1.87361862136193e-10
2.0933313369751,-3.63500602387628e-21,-9.03070673796691e-10,-1.29706334561774e-09
2.09666466712952,-1.70522216990298e-20,-7.59918405979221e-10,-1.09266529157992e-09
2.09999799728394,2.06714196066978e-20,1.21332804914331e-10,1.87362667047886e-10
2.10333132743835,-3.6341404730693e-21,-9.03067398638768e-10,-1.29705857165874e-09
2.10666465759277,-1.70495511334975e-20,-7.59922069715202e-10,-1.09267062065044e-09
2.10999798774719,2.06697200090329e-20,1.21333360025844e-10,1.87363458081791e-10
2.11333131790161,-3.63231889857584e-21,-9.03064178991997e-10,-1.29705390872203e-09
2.11666464805603,-1.70494622762051e-20,-7.59925733451183e-10,-1.09267594972096e-09
2.11999797821045,2.06731272822983e-20,1.21333915137356e-10,1.87364249115696e-10
2.12333130836487,-3.63217228404344e-21,-9.03060959345225e-10,-1.29704924578533e-09
2.12666463851929,-1.70507709017836e-20,-7.59929397187165e-10,-1.09268127879147e-09
2.12999796867371,2.06689138310531e-20,1.21334484126656e-10,1.87365040149601e-10
2.13333129882812,-3.63237746360944e-21,-9.03057739698454e-10,-1.29704458284863e-09
2.13666462898254,-1.70492441719421e-20,-7.59933116434297e-10,-1.09268660786199e-09
2.13999795913696,2.06698266377837e-20,1.21335039238168e-10,1.87365845061294e-10
2.14333128929138,-3.63191136672131e-21,-9.03054464540531e-10,-1.29703980888962e-09
2.1466646194458,-1.70491892419795e-20,-7.59936780170278e-10,-1.09269193693251e-09
2.14999794960022,2.06675583534478e-20,1.21335594349681e-10,1.87366636095199e-10
2.15333127975464,-3.63093716767957e-21,-9.0305124489376e-10,-1.29703514595292e-09
2.15666460990906,-1.70474250208293e-20,-7.5994044390626e-10,-1.09269726600303e-09
2.15999794006348,2.06702822333555e-20,1.21336149461193e-10,1.87367427129104e-10
2.1633312702179,-3.63093797547314e-21,-9.03048025246989e-10,-1.29703048301621e-09
2.16666460037231,-1.70509001487543e-20,-7.59944107642241e-10,-1.09270259507355e-09
2.16999793052673,2.06691707094074e-20,1.21336704572705e-10,1.87368218163009e-10
2.17333126068115,-3.62939549365706e-21,-9.03044805600217e-10,-1.29702570905721e-09
2.17666459083557,-1.70495268996905e-20,-7.59947826889373e-10,-1.09270792414407e-09
2.17999792098999,2.06692369484799e-20,1.21337259684218e-10,1.87369023074702e-10
2.18333125114441,-3.63049853577272e-21,-9.03041530442295e-10,-1.29702104612051e-09
2.18666458129883,-1.70511747985671e-20,-7.59951490625355e-10,-1.09271325321458e-09
2.18999791145325,2.06693694266248e-20,1.2133781479573e-10,1.87369814108607e-10
2.19333124160767,-3.6318871329143e-21,-9.03038310795523e-10,-1.2970163831838e-09
2.19666457176208,-1.70538857537777e-20,-7.59955154361336e-10,-1.0927185822851e-09
2.1999979019165,2.06633659048353e-20,1.21338369907242e-10,1.87370605142512e-10
2.20333123207092,-3.63190328878564e-21,-9.03035091148752e-10,-1.2970116092248e-09
2.20666456222534,-1.70542718791027e-20,-7.59958818097317e-10,-1.09272391135562e-09
2.20999789237976,2.06675228105308e-20,1.21338925018755e-10,1.87371396176417e-10
2.21333122253418,-3.63209796703528e-21,-9.03031815990829e-10,-1.29700694628809e-09
2.2166645526886,-1.70505301793006e-20,-7.5996253734445e-10,-1.09272924042614e-09
2.21999788284302,2.06672772412865e-20,1.21339480130267e-10,1.8737220108811e-10
2.22333121299744,-3.63050944098588e-21,-9.03028596344058e-10,-1.29700228335139e-09
2.22666454315186,-1.70513767469588e-20,-7.59966201080431e-10,-1.09273456949666e-09
2.22999787330627,2.06716021680439e-20,1.21340049119567e-10,1.87372992122015e-10
2.23333120346069,-3.63071502444866e-21,-9.03025376697286e-10,-1.29699750939238e-09
2.23666453361511,-1.70510520139449e-20,-7.59969864816412e-10,-1.09273989856717e-09
2.23999786376953,2.06654451654766e-20,1.21340604231079e-10,1.8737378315592e-10
2.24333119392395,-3.63138185803818e-21,-9.03022157050515e-10,-1.29699284645568e-09
2.24666452407837,-1.70519971324182e-20,-7.59973584063545e-10,-1.09274522763769e-09
2.24999785423279,2.0666017083322e-20,1.21341159342592e-10,1.87374574189825e-10
2.25333118438721,-3.63030951207806e-21,-9.03018881892592e-10,-1.29698818351898e-09
2.25666451454163,-1.70495139749934e-20,-7.59977247799526e-10,-1.09275055670821e-09
2.25999784469604,2.06665534582505e-20,1.21341714454104e-10,1.87375379101518e-10
2.26333117485046,-3.63016976379098e-21,-9.03015662245821e-10,-1.29698352058227e-09
2.26666450500488,-1.7050703047124e-20,-7.59980911535507e-10,-1.09275588577873e-09
2.2699978351593,2.06677877668208e-20,1.21342269565616e-10,1.87376170135423e-10
2.27333116531372,-3.62809736939497e-21,-9.03012442599049e-10,-1.29697874662327e-09
2.27666449546814,-1.7048772420499e-20,-7.59984575271488e-10,-1.09276121484925e-09
2.27999782562256,2.06670074382351e-20,1.21342824677129e-10,1.87376961169328e-10
2.28333115577698,-3.62711630410792e-21,-9.03009222952278e-10,-1.29697408368656e-09
2.2866644859314,-1.70498015495033e-20,-7.59988294518621e-10,-1.09276654391977e-09
2.28999781608582,2.06711772686277e-20,1.21343379788641e-10,1.87377752203233e-10
2.29333114624023,-3.62837121141417e-21,-9.03005947794355e-10,-1.29696942074986e-09
2.29666447639465,-1.70510827101004e-20,-7.59991958254602e-10,-1.09277187299028e-09
2.29999780654907,2.06707313665787e-20,1.21343934900153e-10,1.87378543237138e-10
2.30333113670349,-3.62741922669552e-21,-9.03002728147584e-10,-1.29696464679085e-09
2.30666446685791,-1.70479339307765e-20,-7.59995621990583e-10,-1.0927772020608e-09
2.30999779701233,2.066896068308e-20,1.21344490011666e-10,1.87379348148831e-10
2.31333112716675,-3.62572407189529e-21,-9.02999508500812e-10,-1.29695998385415e-09
2.31666445732117,-1.70520439844451e-20,-7.59999285726565e-10,-1.09278253113132e-09
2.31999778747559,2.06704405608946e-20,1.21345045123178e-10,1.87380139182736e-10
2.32333111763,-3.62506491234466e-21,-9.02996288854041e-10,-1.29695532091745e-09
2.32666444778442,-1.70489016674697e-20,-7.60003004973697e-10,-1.09278786020184e-09
2.32999777793884,2.06721934729349e-20,1.2134560023469e-10,1.87380930216641e-10
2.33333110809326,-3.62556049369798e-21,-9.02993013696118e-10,-1.29695054695844e-09
2.33666443824768,-1.70506933536012e-20,-7.60006668709678e-10,-1.09279318927236e-09
2.3399977684021,2.06737767483261e-20,1.21346155346203e-10,1.87381721250546e-10
2.34333109855652,-3.62619865061587e-21,-9.02989794049347e-10,-1.29694588402174e-09
2.34666442871094,-1.70497336948436e-20,-7.6001033244566e-10,-1.09279862936518e-09
2.34999775886536,2.06710593307669e-20,1.21346710457715e-10,1.87382512284451e-10
2.35333108901978,-3.62531775173111e-21,-9.02986574402576e-10,-1.29694122108504e-09
2.35666441917419,-1.70476075821754e-20,-7.60014051692792e-10,-1.0928039584357e-09
2.35999774932861,2.06722177067419e-20,1.21347265569227e-10,1.87383317196144e-10
2.36333107948303,-3.62455842577818e-21,-9.02983299244653e-10,-1.29693644712603e-09
2.36666440963745,-1.70485268512546e-20,-7.60017715428773e-10,-1.09280928750621e-09
2.36999773979187,2.06693015719652e-20,1.21347834558527e-10,1.87384108230049e-10
2.37333106994629,-3.62451440102878e-21,-9.02980079597882e-10,-1.29693178418933e-09
2.37666440010071,-1.70451567364933e-20,-7.60021379164755e-10,-1.09281461657673e-09
2.37999773025513,2.06727233855148e-20,1.2134838967004e-10,1.87384899263954e-10
2.38333106040955,-3.62300463485216e-21,-9.0297685995111e-10,-1.29692712125262e-09
2.38666439056396,-1.70473991714352e-20,-7.60025042900736e-10,-1.09281994564725e-09
2.38999772071838,2.06720545324414e-20,1.21348944781552e-10,1.87385690297859e-10
2.3933310508728,-3.62372680230101e-21,-9.02973640304339e-10,-1.29692245831592e-09
2.39666438102722,-1.70491488523012e-20,-7.60028762147869e-10,-1.09282527471777e-09
2.39999771118164,2.06740077772863e-20,1.21349499893064e-10,1.87386481331764e-10
2.40333104133606,-3.6232994795041e-21,-9.02970365146416e-10,-1.29691768435691e-09
2.40666437149048,-1.70493508006929e-20,-7.6003242588385e-10,-1.09283060378829e-09
2.4099977016449,2.06744213675925e-20,1.21350055004577e-10,1.87387286243457e-10
2.41333103179932,-3.62297393869662e-21,-9.02967145499645e-10,-1.29691302142021e-09
2.41666436195374,-1.70491763172824e-20,-7.60036089619831e-10,-1.0928359328588e-09
2.41999769210815,2.06713856793679e-20,1.21350610116089e-10,1.87388077277362e-10
2.42333102226257,-3.62313145844217e-21,-9.02963925852873e-10,-1.29690835848351e-09
2.42666435241699,-1.70498322456588e-20,-7.60039753355812e-10,-1.09284126192932e-09
2.42999768257141,2.06677732265366e-20,1.21351165227601e-10,1.87388868311267e-10
2.43333101272583,-3.62256196397748e-21,-9.02960706206102e-10,-1.2969035845245e-09
2.43666434288025,-1.70481536506267e-20,-7.60043472602945e-10,-1.09284659099984e-09
2.43999767303467,2.06722274002647e-20,1.21351720339113e-10,1.87389659345172e-10
2.44333100318909,-3.62234426361118e-21,-9.02957431048179e-10,-1.2968989215878e-09
2.44666433334351,-1.70475187248831e-20,-7.60047136338926e-10,-1.09285192007036e-09
2.44999766349792,2.06751209168215e-20,1.21352275450626e-10,1.87390450379077e-10
2.45333099365234,-3.62157201296118e-21,-9.02954211401408e-10,-1.29689425865109e-09
2.45666432380676,-1.70511182530174e-20,-7.60050800074907e-10,-1.09285724914088e-09
2.45999765396118,2.06714906925316e-20,1.21352830562138e-10,1.8739125529077e-10
2.4633309841156,-3.62274614091074e-21,-9.02950991754636e-10,-1.29688948469209e-09
2.46666431427002,-1.70481488038653e-20,-7.60054463810889e-10,-1.0928625782114e-09
2.46999764442444,2.06709252370348e-20,1.2135338567365e-10,1.87392046324675e-10
2.47333097457886,-3.62217583865247e-21,-9.02947716596714e-10,-1.29688482175538e-09
2.47666430473328,-1.70492457875292e-20,-7.60058183058021e-10,-1.09286790728191e-09
2.4799976348877,2.06722968705115e-20,1.21353940785163e-10,1.8739283735858e-10
2.48333096504211,-3.62090800664915e-21,-9.02944496949942e-10,-1.29688015881868e-09
2.48666429519653,-1.70495802140659e-20,-7.60061846794002e-10,-1.09287323635243e-09
2.48999762535095,2.06699817341486e-20,1.21354495896675e-10,1.87393628392485e-10
2.49333095550537,-3.62140681917674e-21,-9.02941277303171e-10,-1.29687538485967e-09
2.49666428565979,-1.70499017159056e-20,-7.60065510529984e-10,-1.09287856542295e-09
2.49999761581421,2.06742484997692e-20,1.21355051008187e-10,1.8739441942639e-10
2.50333094596863,-3.62203810984931e-21,-9.02938057656399e-10,-1.29687072192297e-09
2.50666427612305,-1.70497950871547e-20,-7.60069174265965e-10,-1.09288389449347e-09
2.50999760627747,2.06756912190798e-20,1.213556061197e-10,1.87395210460295e-10
2.51333093643188,-3.62125374229581e-21,-9.02934782498477e-10,-1.29686605898627e-09
2.5166642665863,-1.70488580466171e-20,-7.60072893513097e-10,-1.09288922356399e-09
2.51999759674072,2.06741079436886e-20,1.21356161231212e-10,1.87396015371988e-10
2.52333092689514,-3.62170247162224e-21,-9.02931562851705e-10,-1.29686128502726e-09
2.52666425704956,-1.70500148070049e-20,-7.60076557249079e-10,-1.0928945526345e-09
2.52999758720398,2.06725973697184e-20,1.21356716342724e-10,1.87396806405893e-10
2.5333309173584,-3.62202033839084e-21,-9.02928343204934e-10,-1.29685662209056e-09
2.53666424751282,-1.70465816843454e-20,-7.6008022098506e-10,-1.09289988170502e-09
2.53999757766724,2.06717814982157e-20,1.21357271454237e-10,1.87397597439798e-10
2.54333090782166,-3.62083288184743e-21,-9.02925123558163e-10,-1.29685195915386e-09
2.54666423797607,-1.70478741540525e-20,-7.60083940232192e-10,-1.09290521077554e-09
2.54999756813049,2.06723711875196e-20,1.21357826565749e-10,1.87398388473703e-10
2.55333089828491,-3.62045321887096e-21,-9.0292184840024e-10,-1.29684729621715e-09
2.55666422843933,-1.70495058970578e-20,-7.60087603968174e-10,-1.09291053984606e-09
2.55999755859375,2.06730707367486e-20,1.21358381677261e-10,1.87399179507608e-10
2.56333088874817,-3.62018018464533e-21,-9.02918628753469e-10,-1.29684252225815e-09
2.56666421890259,-1.70509680034139e-20,-7.60091267704155e-10,-1.09291586891658e-09
2.56999754905701,2.06683306040978e-20,1.21358936788774e-10,1.87399970541513e-10
2.57333064079285,-3.61986958801884e-21,-9.02915409106697e-10,-1.29683785932144e-09
2.57666397094727,-1.70469419602763e-20,-7.60094931440136e-10,-1.0929211979871e-09
2.57999730110168,2.06728655571826e-20,1.21359491900286e-10,1.87400761575418e-10
2.5833306312561,-3.6212295084888e-21,-9.02912133948774e-10,-1.29683319638474e-09
2.58666396141052,-1.70513444352161e-20,-7.60098650687269e-10,-1.09292652705761e-09
2.58999729156494,2.06745780795445e-20,1.21360047011798e-10,1.87401566487111e-10
2.59333062171936,-3.62040192397946e-21,-9.02908914302003e-10,-1.29682842242573e-09
2.59666395187378,-1.70492587122263e-20,-7.6010231442325e-10,-1.09293185612813e-09
2.5999972820282,2.0673027115896e-20,1.2136060212331e-10,1.87402357521016e-10
2.60333061218262,-3.6202225938076e-21,-9.02905694655232e-10,-1.29682375948903e-09
2.60666394233704,-1.70516336253131e-20,-7.60105978159231e-10,-1.09293718519865e-09
2.60999727249146,2.06682724429609e-20,1.21361157234823e-10,1.87403148554921e-10
2.61333060264587,-3.62088619622285e-21,-9.0290247500846e-10,-1.29681909655233e-09
2.61666393280029,-1.70509227669742e-20,-7.60109641895212e-10,-1.09294251426917e-09
2.61999726295471,2.06742129568523e-20,1.21361712346335e-10,1.87403939588826e-10
2.62333059310913,-3.62184747056751e-21,-9.02899199850538e-10,-1.29681432259332e-09
2.62666392326355,-1.70525577411537e-20,-7.60113361142345e-10,-1.09294784333969e-09
2.62999725341797,2.0671652251245e-20,1.21362267457847e-10,1.87404730622731e-10
2.63333058357239,-3.62290648793378e-21,-9.02895980203766e-10,-1.29680965965662e-09
2.63666391372681,-1.70525302761724e-20,-7.60117024878326e-10,-1.0929531724102e-09
2.63999724388123,2.06707620627343e-20,1.2136282256936e-10,1.87405521656636e-10
2.64333057403564,-3.6217230703582e-21,-9.02892760556995e-10,-1.29680499671991e-09
2.64666390419006,-1.70512555779238e-20,-7.60120688614307e-10,-1.09295850148072e-09
2.64999723434448,2.06748640384672e-20,1.21363377680872e-10,1.87406312690541e-10
2.6533305644989,-3.62102917568419e-21,-9.02889540910223e-10,-1.29680022276091e-09
2.65666389465332,-1.70543752766793e-20,-7.60124352350289e-10,-1.09296383055124e-09
2.65999722480774,2.06714034508264e-20,1.21363932792384e-10,1.87407117602234e-10
2.66333055496216,-3.62014060276055e-21,-9.02886265752301e-10,-1.2967955598242e-09
2.66666388511658,-1.70525302761724e-20,-7.60128071597421e-10,-1.09296915962176e-09
2.669997215271,2.06740077772863e-20,1.21364487903897e-10,1.87407908636139e-10
2.67333054542542,-3.62187170437452e-21,-9.02883046105529e-10,-1.2967908968875e-09
2.67666387557983,-1.70514559107284e-20,-7.60131735333403e-10,-1.09297448869228e-09
2.67999720573425,2.06681221933575e-20,1.21365043015409e-10,1.87408699670044e-10
2.68333053588867,-3.62069272966356e-21,-9.02879826458758e-10,-1.29678612292849e-09
2.68666386604309,-1.70531910513102e-20,-7.60135399069384e-10,-1.0929798177628e-09
2.68999719619751,2.0669190096453e-20,1.21365598126921e-10,1.87409490703949e-10
2.69333052635193,-3.62012040792138e-21,-9.02876551300835e-10,-1.29678145999179e-09
2.69666385650635,-1.70531070407792e-20,-7.60139062805365e-10,-1.09298514683331e-09
2.69999718666077,2.06720819974227e-20,1.21366153238434e-10,1.87410281737854e-10
2.70333051681519,-3.62141287762849e-21,-9.02873331654064e-10,-1.29677679705509e-09
2.7066638469696,-1.70523057095608e-20,-7.60142782052498e-10,-1.09299047590383e-09
2.70999717712402,2.06723017172729e-20,1.21366708349946e-10,1.87411072771759e-10
2.71333050727844,-3.62089871702313e-21,-9.02870112007292e-10,-1.29677202309608e-09
2.71666383743286,-1.70499711861523e-20,-7.60146445788479e-10,-1.09299580497435e-09
2.71999716758728,2.06686924956157e-20,1.21367263461458e-10,1.87411863805664e-10
2.7233304977417,-3.62001175968663e-21,-9.02866892360521e-10,-1.29676736015938e-09
2.72666382789612,-1.70508468343789e-20,-7.6015010952446e-10,-1.09300113404487e-09
2.72999715805054,2.06657795920133e-20,1.21367818572971e-10,1.87412654839569e-10
2.73333048820496,-3.62024157695642e-21,-9.02863617202598e-10,-1.29676269722268e-09
2.73666381835938,-1.7052501195604e-20,-7.60153828771593e-10,-1.09300646311539e-09
2.73999714851379,2.06675276572922e-20,1.21368373684483e-10,1.87413445873474e-10
2.74333047866821,-3.62075816094248e-21,-9.02860397555827e-10,-1.29675803428597e-09
2.74666380882263,-1.70570361486888e-20,-7.60157492507574e-10,-1.09301179218591e-09
2.74999713897705,2.06698492560036e-20,1.21368928795995e-10,1.87414250785167e-10
2.75333046913147,-3.62044917990313e-21,-9.02857177909056e-10,-1.29675326032697e-09
2.75666379928589,-1.70528130039208e-20,-7.60161156243555e-10,-1.09301712125642e-09
2.75999712944031,2.0667718296574e-20,1.21369483907507e-10,1.87415041819072e-10
2.76333045959473,-3.62181233154735e-21,-9.02853902751133e-10,-1.29674859739026e-09
2.76666378974915,-1.70557339854589e-20,-7.60164819979536e-10,-1.09302245032694e-09
2.76999711990356,2.06697361649042e-20,1.2137003901902e-10,1.87415832852977e-10
2.77333045005798,-3.62133007878788e-21,-9.02850683104361e-10,-1.29674393445356e-09
2.7766637802124,-1.70559488585477e-20,-7.60168539226669e-10,-1.09302777939746e-09
2.77999711036682,2.06708767694208e-20,1.21370594130532e-10,1.87416623886882e-10
2.78333044052124,-3.62143589974515e-21,-9.0284746345759e-10,-1.29673916049455e-09
2.78666377067566,-1.70552315378603e-20,-7.6017220296265e-10,-1.09303310846798e-09
2.78999710083008,2.06655324071819e-20,1.21371149242044e-10,1.87417414920787e-10
2.7933304309845,-3.62172953270674e-21,-9.02844243810819e-10,-1.29673449755785e-09
2.79666376113892,-1.70572687932361e-20,-7.60175866698631e-10,-1.0930384375385e-09
2.79999709129333,2.06672320048467e-20,1.21371704353557e-10,1.87418205954692e-10
2.80333042144775,-3.62209788657326e-21,-9.02840968652896e-10,-1.29672983462115e-09
2.80666375160217,-1.70567404962433e-20,-7.60179530434613e-10,-1.09304376660901e-09
2.80999708175659,2.06661754108611e-20,1.21372259465069e-10,1.87418996988598e-10
2.81333041191101,-3.62222026729866e-21,-9.02837749006125e-10,-1.29672506066214e-09
2.81666374206543,-1.7057364112877e-20,-7.60183249681745e-10,-1.09304909567953e-09
2.81999707221985,2.06648118553201e-20,1.21372814576581e-10,1.87419788022503e-10
2.82333040237427,-3.62278410720839e-21,-9.02834529359353e-10,-1.29672039772544e-09
2.82666373252869,-1.70549132671949e-20,-7.60186913417726e-10,-1.09305442475005e-09
2.82999706268311,2.06647068421564e-20,1.21373369688094e-10,1.87420579056408e-10
2.83333039283752,-3.62090073650705e-21,-9.02831309712582e-10,-1.29671573478873e-09
2.83666372299194,-1.70569149796538e-20,-7.60190577153708e-10,-1.09305975382057e-09
2.83999705314636,2.06686828020929e-20,1.21373924799606e-10,1.87421370090313e-10
2.84333038330078,-3.62161361432988e-21,-9.02828034554659e-10,-1.29671096082973e-09
2.8466637134552,-1.70554108680321e-20,-7.60194240889689e-10,-1.09306508289109e-09
2.84999704360962,2.06669347368141e-20,1.21374479911118e-10,1.87422161124218e-10
2.85333037376404,-3.62069555694105e-21,-9.02824814907888e-10,-1.29670629789302e-09
2.85666370391846,-1.70570038369462e-20,-7.60197960136821e-10,-1.09307041196161e-09
2.85999703407288,2.066508812072e-20,1.21375035022631e-10,1.87422952158123e-10
2.86333036422729,-3.62156312723195e-21,-9.02821595261116e-10,-1.29670163495632e-09
2.86666369438171,-1.70523380213035e-20,-7.60201623872803e-10,-1.09307574103212e-09
2.86999702453613,2.06656713476754e-20,1.21375590134143e-10,1.87423757069816e-10
2.87333035469055,-3.62031629786136e-21,-9.02818320103194e-10,-1.29669686099732e-09
2.87666368484497,-1.70572090165122e-20,-7.60205287608784e-10,-1.09308107010264e-09
2.87999701499939,2.06667586378165e-20,1.21376145245655e-10,1.87424548103721e-10
2.88333034515381,-3.62083974809275e-21,-9.02815100456422e-10,-1.29669219806061e-09
2.88666367530823,-1.70566581012995e-20,-7.60208951344765e-10,-1.09308639917316e-09
2.88999700546265,2.06639135888737e-20,1.21376700357168e-10,1.87425339137626e-10
2.89333033561707,-3.62181717830875e-21,-9.02811880809651e-10,-1.29668753512391e-09
2.89666366577148,-1.70573592661156e-20,-7.60212670591898e-10,-1.09309172824368e-09
2.8999969959259,2.06663660501429e-20,1.2137725546868e-10,1.87426130171531e-10
2.90333032608032,-3.62063376073317e-21,-9.02808661162879e-10,-1.2966827611649e-09
2.90666365623474,-1.70572784867589e-20,-7.60216334327879e-10,-1.0930970573142e-09
2.90999698638916,2.06655857215573e-20,1.21377810580192e-10,1.87426921205436e-10
2.91333031654358,-3.62055176968613e-21,-9.02805386004957e-10,-1.2966780982282e-09
2.916663646698,-1.70613319948778e-20,-7.6021999806386e-10,-1.09310238638471e-09
2.91999697685242,2.06671657657742e-20,1.21378365691704e-10,1.87427712239341e-10
2.92333030700684,-3.62087448321612e-21,-9.02802166358185e-10,-1.2966734352915e-09
2.92666363716125,-1.70545578380254e-20,-7.60223661799841e-10,-1.09310771545523e-09
2.92999696731567,2.06679218605529e-20,1.21378920803217e-10,1.87428503273246e-10
2.93333029747009,-3.62063335683639e-21,-9.02798946711414e-10,-1.29666866133249e-09
2.93666362762451,-1.70567905794445e-20,-7.60227381046974e-10,-1.09311304452575e-09
2.93999695777893,2.06648797099798e-20,1.21379475914729e-10,1.87429294307151e-10
2.94333028793335,-3.62063174124926e-21,-9.02795671553491e-10,-1.29666399839579e-09
2.94666361808777,-1.70603303308548e-20,-7.60231044782955e-10,-1.09311837359627e-09
2.94999694824219,2.06663515098587e-20,1.21380031026241e-10,1.87430085341056e-10
2.95333027839661,-3.61896364753351e-21,-9.0279245190672e-10,-1.29665933545908e-09
2.95666360855103,-1.70585176420906e-20,-7.60234708518936e-10,-1.09312370266679e-09
2.95999693870544,2.06620718195411e-20,1.21380586137754e-10,1.87430876374961e-10
2.96333026885986,-3.61890063963529e-21,-9.02789232259948e-10,-1.29665456150008e-09
2.96666359901428,-1.70584481718439e-20,-7.60238372254918e-10,-1.09312903173731e-09
2.9699969291687,2.06667085546153e-20,1.21381141249266e-10,1.87431667408866e-10
2.97333025932312,-3.61907916201359e-21,-9.02786012613177e-10,-1.29664989856337e-09
2.97666358947754,-1.70581573661598e-20,-7.6024209150205e-10,-1.09313436080782e-09
2.97999691963196,2.06682223597598e-20,1.21381696360778e-10,1.87432458442771e-10
2.98333024978638,-3.61781698456523e-21,-9.02782737455254e-10,-1.29664523562667e-09
2.9866635799408,-1.70537742782655e-20,-7.60245755238032e-10,-1.09313968987834e-09
2.98999691009521,2.06662400343465e-20,1.21382251472291e-10,1.87433249476676e-10
2.99333024024963,-3.61942732104094e-21,-9.02779517808483e-10,-1.29664057268997e-09
2.99666357040405,-1.70560377158401e-20,-7.60249418974013e-10,-1.09314501894886e-09
2.99999690055847,2.06636567105194e-20,1.21382806583803e-10,1.87434040510581e-10
3.00333023071289,-3.61848583763866e-21,-9.02776298161712e-10,-1.29663579873096e-09
3.00666356086731,-1.70544140507705e-20,-7.60253082709994e-10,-1.09315045904168e-09
3.00999689102173,2.06697797857569e-20,1.21383361695315e-10,1.87434831544486e-10
3.01333022117615,-3.618013278402e-21,-9.02773023003789e-10,-1.29663113579426e-09
3.01666355133057,-1.70580006542078e-20,-7.60256801957127e-10,-1.0931557881122e-09
3.01999688148499,2.06643126388958e-20,1.21383916806828e-10,1.87435622578391e-10
3.0233302116394,-3.61815141110195e-21,-9.02769803357018e-10,-1.29662647285755e-09
3.02666354179382,-1.70564916958247e-20,-7.60260465693108e-10,-1.09316111718272e-09
3.02999687194824,2.06664985282879e-20,1.21384458040552e-10,1.87436413612296e-10
3.03333020210266,-3.61664487609959e-21,-9.02766583710246e-10,-1.29662169889855e-09
3.03666353225708,-1.70560716431699e-20,-7.60264129429089e-10,-1.09316644625324e-09
3.0399968624115,2.06651947494709e-20,1.21385013152064e-10,1.87437204646201e-10
3.04333019256592,-3.61687186609191e-21,-9.02763364063475e-10,-1.29661703596184e-09
3.04666352272034,-1.70566112492726e-20,-7.6026779316507e-10,-1.09317177532375e-09
3.04999685287476,2.06659863871665e-20,1.21385568263577e-10,1.87437995680106e-10
3.05333018302917,-3.61721235108037e-21,-9.02760088905552e-10,-1.29661237302514e-09
3.05666351318359,-1.70583221560474e-20,-7.60271512412203e-10,-1.09317710439427e-09
3.05999684333801,2.06658829895899e-20,1.21386123375089e-10,1.87438786714011e-10
3.06333017349243,-3.61602529843375e-21,-9.02756869258781e-10,-1.29660759906614e-09
3.06666350364685,-1.7056651638951e-20,-7.60275176148184e-10,-1.09318243346479e-09
3.06999683380127,2.06728607104212e-20,1.21386678486601e-10,1.87439577747917e-10
3.07333016395569,-3.617060081993e-21,-9.02753649612009e-10,-1.29660293612943e-09
3.07666349411011,-1.70567808859217e-20,-7.60278839884165e-10,-1.09318776253531e-09
3.07999682426453,2.06687296541198e-20,1.21387233598114e-10,1.87440368781822e-10
3.08333015441895,-3.61551961966084e-21,-9.02750374454087e-10,-1.29659827319273e-09
3.08666348457336,-1.7056929519938e-20,-7.60282559131298e-10,-1.09319309160583e-09
3.08999681472778,2.06662868863734e-20,1.21387788709626e-10,1.87441159815727e-10
3.0933301448822,-3.61389797407519e-21,-9.02747154807315e-10,-1.29659349923372e-09
3.09666347503662,-1.70530860381465e-20,-7.60286222867279e-10,-1.09319842067634e-09
3.09999680519104,2.06687619658625e-20,1.21388343821138e-10,1.87441950849632e-10
3.10333013534546,-3.61385718050006e-21,-9.02743935160544e-10,-1.29658883629702e-09
3.10666346549988,-1.70557032893034e-20,-7.6028988660326e-10,-1.09320374974686e-09
3.1099967956543,2.06724325798307e-20,1.21388898932651e-10,1.87442741883537e-10
3.11333012580872,-3.61361120735893e-21,-9.02740715513772e-10,-1.29658417336032e-09
3.11666345596313,-1.70549407321762e-20,-7.60293550339242e-10,-1.09320907881738e-09
3.11999678611755,2.06696166114563e-20,1.21389454044163e-10,1.87443532917442e-10
3.12333011627197,-3.6145086660118e-21,-9.0273744035585e-10,-1.29657939940131e-09
3.12666344642639,-1.70578277863844e-20,-7.60297269586374e-10,-1.0932144078879e-09
3.12999677658081,2.06700075835427e-20,1.21390009155675e-10,1.87444323951347e-10
3.13333010673523,-3.61373318418754e-21,-9.02734220709078e-10,-1.29657473646461e-09
3.13666343688965,-1.70558228427513e-20,-7.60300933322355e-10,-1.09321973695842e-09
3.13999676704407,2.06705245714256e-20,1.21390564267188e-10,1.87445114985252e-10
3.14333009719849,-3.6139686560123e-21,-9.02731001062307e-10,-1.2965700735279e-09
3.14666342735291,-1.70552654651901e-20,-7.60304597058337e-10,-1.09322506602894e-09
3.14999675750732,2.06669444303369e-20,1.213911193787e-10,1.87445906019157e-10
3.15333008766174,-3.61229046487697e-21,-9.02727725904384e-10,-1.2965652995689e-09
3.15666341781616,-1.70524074915502e-20,-7.60308260794318e-10,-1.09323039509945e-09
3.15999674797058,2.0671085180161e-20,1.21391674490212e-10,1.87446697053062e-10
3.163330078125,-3.61182073291779e-21,-9.02724506257613e-10,-1.29656063663219e-09
3.16666340827942,-1.70527871545267e-20,-7.6031198004145e-10,-1.09323572416997e-09
3.16999673843384,2.06734536308993e-20,1.21392215723937e-10,1.87447488086967e-10
3.17333006858826,-3.61211194249867e-21,-9.02721286610841e-10,-1.29655597369549e-09
3.17666339874268,-1.70525997464192e-20,-7.60315643777432e-10,-1.09324105324049e-09
3.17999672889709,2.06684291549129e-20,1.21392770835449e-10,1.87448279120872e-10
3.18333005905151,-3.61135665551358e-21,-9.02718011452919e-10,-1.29655119973648e-09
3.18666338920593,-1.70549294230662e-20,-7.60319307513413e-10,-1.09324638231101e-09
3.18999671936035,2.06690802365279e-20,1.21393325946961e-10,1.87449070154777e-10
3.19333004951477,-3.60971521898554e-21,-9.02714791806147e-10,-1.29654653679978e-09
3.19666337966919,-1.70576500717997e-20,-7.60322971249394e-10,-1.09325171138153e-09
3.19999670982361,2.06723243354927e-20,1.21393881058474e-10,1.87449861188682e-10
3.20333003997803,-3.61127345277618e-21,-9.02711572159376e-10,-1.29654187386308e-09
3.20666337013245,-1.70519518959785e-20,-7.60326690496527e-10,-1.09325704045204e-09
3.20999670028687,2.06651705156639e-20,1.21394436169986e-10,1.87450652222587e-10
3.21333003044128,-3.61001612208923e-21,-9.02708352512605e-10,-1.29653709990407e-09
3.2166633605957,-1.70562752071488e-20,-7.60330354232508e-10,-1.09326236952256e-09
3.21999669075012,2.06698492560036e-20,1.21394991281498e-10,1.87451443256492e-10
3.22333002090454,-3.60992807259043e-21,-9.02705077354682e-10,-1.29653243696737e-09
3.22666335105896,-1.70548777242779e-20,-7.60334017968489e-10,-1.09326769859308e-09
3.22999668121338,2.06695358320996e-20,1.21395546393011e-10,1.87452234290397e-10
3.2333300113678,-3.61055007363698e-21,-9.0270185770791e-10,-1.29652777403066e-09
3.23666334152222,-1.70520633714907e-20,-7.6033768170447e-10,-1.0932730276636e-09
3.23999667167664,2.06700091991299e-20,1.21396101504523e-10,1.87453025324302e-10
3.24333000183105,-3.60947651598651e-21,-9.02698638061139e-10,-1.29652300007166e-09
3.24666333198547,-1.70552299222731e-20,-7.60341400951603e-10,-1.09327835673412e-09
3.24999666213989,2.06710173255014e-20,1.21396656616035e-10,1.87453816358207e-10
3.25332999229431,-3.60974793462501e-21,-9.02695362903216e-10,-1.29651833713496e-09
3.25666332244873,-1.70546046900523e-20,-7.60345064687584e-10,-1.09328368580464e-09
3.25999665260315,2.06714276846334e-20,1.21397211727547e-10,1.87454607392112e-10
3.26332998275757,-3.60870507313008e-21,-9.02692143256445e-10,-1.29651367419825e-09
3.26666331291199,-1.70543785078536e-20,-7.60348728423565e-10,-1.09328901487515e-09
3.26999664306641,2.06713436741025e-20,1.2139776683906e-10,1.87455398426017e-10
3.27332997322083,-3.60858026902398e-21,-9.02688923609674e-10,-1.29650890023925e-09
3.27666330337524,-1.70531975136587e-20,-7.60352392159547e-10,-1.09329434394567e-09
3.27999663352966,2.06717201059047e-20,1.21398308072784e-10,1.87456189459922e-10
3.28332996368408,-3.60985779455011e-21,-9.02685703962902e-10,-1.29650423730254e-09
3.2866632938385,-1.70538857537777e-20,-7.60356111406679e-10,-1.09329967301619e-09
3.28999662399292,2.06659573065981e-20,1.21398863184297e-10,1.87456980493828e-10
3.29332995414734,-3.60956981614349e-21,-9.0268242880498e-10,-1.29649957436584e-09
3.29666328430176,-1.70512717337951e-20,-7.60359775142661e-10,-1.09330500208671e-09
3.29999661445618,2.06697910948668e-20,1.21399418295809e-10,1.87457771527733e-10
3.3033299446106,-3.60734030589872e-21,-9.02679209158208e-10,-1.29649480040683e-09
3.30666327476501,-1.70543284246524e-20,-7.60363438878642e-10,-1.09331033115723e-09
3.30999660491943,2.06708848473564e-20,1.21399973407321e-10,1.87458562561638e-10
3.31332993507385,-3.60872728745317e-21,-9.02675989511437e-10,-1.29649013747013e-09
3.31666326522827,-1.7051488222471e-20,-7.60367102614623e-10,-1.09331566022774e-09
3.31999659538269,2.06705067999671e-20,1.21400528518834e-10,1.87459353595543e-10
3.32332992553711,-3.60663106314694e-21,-9.02672714353514e-10,-1.29648547453343e-09
3.32666325569153,-1.70518452672276e-20,-7.60370821861756e-10,-1.09332098929826e-09
3.32999658584595,2.06729059468609e-20,1.21401083630346e-10,1.87460144629448e-10
3.33332991600037,-3.60632450548829e-21,-9.02669494706743e-10,-1.29648070057442e-09
3.33666324615479,-1.70519745141983e-20,-7.60374485597737e-10,-1.09332631836878e-09
3.3399965763092,2.0670626353415e-20,1.21401638741858e-10,1.87460935663353e-10
3.34332990646362,-3.60629865609415e-21,-9.02666275059971e-10,-1.29647603763772e-09
3.34666323661804,-1.70542347205987e-20,-7.60378149333718e-10,-1.0933316474393e-09
3.34999656677246,2.06707394445144e-20,1.2140219385337e-10,1.87461726697258e-10
3.35332989692688,-3.60692469610853e-21,-9.02662999902049e-10,-1.29647137470101e-09
3.3566632270813,-1.70558826194752e-20,-7.60381813069699e-10,-1.09333697650982e-09
3.35999655723572,2.06723227199056e-20,1.21402748964883e-10,1.87462517731163e-10
3.36332988739014,-3.60739563975806e-21,-9.02659780255277e-10,-1.29646660074201e-09
3.36666321754456,-1.70538615199707e-20,-7.60385532316832e-10,-1.09334230558034e-09
3.36999654769897,2.06734116256338e-20,1.21403290198607e-10,1.87463308765068e-10
3.37332987785339,-3.60723488883824e-21,-9.02656560608506e-10,-1.2964619378053e-09
3.37666320800781,-1.70513848248945e-20,-7.60389196052813e-10,-1.09334763465085e-09
3.37999653816223,2.06752614729022e-20,1.2140384531012e-10,1.87464099798973e-10
3.38332986831665,-3.60734030589872e-21,-9.02653340961734e-10,-1.2964572748686e-09
3.38666319847107,-1.70523994136146e-20,-7.60392859788794e-10,-1.09335296372137e-09
3.38999652862549,2.06676375172173e-20,1.21404400421632e-10,1.87464890832878e-10
3.39332985877991,-3.60698487672927e-21,-9.02650065803812e-10,-1.2964525009096e-09
3.39666318893433,-1.70537872029626e-20,-7.60396523524776e-10,-1.09335829279189e-09
3.39999651908875,2.06700091991299e-20,1.21404955533144e-10,1.87465667988995e-10
3.40332984924316,-3.60626230538363e-21,-9.0264684615704e-10,-1.29644783797289e-09
3.40666317939758,-1.70488144257644e-20,-7.60400242771908e-10,-1.09336362186241e-09
3.409996509552,2.06706683586805e-20,1.21405510644657e-10,1.874664590229e-10
3.41332983970642,-3.60673365292995e-21,-9.02643626510269e-10,-1.29644317503619e-09
3.41666316986084,-1.70562719759745e-20,-7.60403906507889e-10,-1.09336895093293e-09
3.41999650001526,2.06722080132191e-20,1.21406065756169e-10,1.87467250056805e-10
3.42332983016968,-3.60550338332749e-21,-9.02640351352346e-10,-1.29643840107718e-09
3.4266631603241,-1.70542411829472e-20,-7.60407570243871e-10,-1.09337428000345e-09
3.42999649047852,2.06681060374861e-20,1.21406620867681e-10,1.8746804109071e-10
3.43332982063293,-3.60533778564626e-21,-9.02637131705575e-10,-1.29643373814048e-09
3.43666315078735,-1.7055047360927e-20,-7.60411233979852e-10,-1.09337960907396e-09
3.43999648094177,2.06698040195639e-20,1.21407175979193e-10,1.87468832124615e-10
3.44332981109619,-3.60672315161358e-21,-9.02633912058803e-10,-1.29642907520378e-09
3.44666314125061,-1.70527031439957e-20,-7.60414953226984e-10,-1.09338493814448e-09
3.44999647140503,2.06700205082398e-20,1.21407717212918e-10,1.8746962315852e-10
3.45332980155945,-3.60647677457566e-21,-9.02630692412032e-10,-1.29642430124477e-09
3.45666313171387,-1.70566306363182e-20,-7.60418616962966e-10,-1.093390267215e-09
3.45999646186829,2.06675761249062e-20,1.2140827232443e-10,1.87470414192425e-10
3.46332979202271,-3.60723246545753e-21,-9.02627417254109e-10,-1.29641963830807e-09
3.46666312217712,-1.7054178175049e-20,-7.60422280698947e-10,-1.09339559628552e-09
3.46999645233154,2.06692127146729e-20,1.21408827435943e-10,1.87471205226331e-10
3.47332978248596,-3.60619445072401e-21,-9.02624197607338e-10,-1.29641497537136e-09
3.47666311264038,-1.70581476726369e-20,-7.60425944434928e-10,-1.09340092535604e-09
3.4799964427948,2.06678200785634e-20,1.21409382547455e-10,1.87471996260236e-10
3.48332977294922,-3.60776520531494e-21,-9.02620977960567e-10,-1.29641020141236e-09
3.48666310310364,-1.70609765657084e-20,-7.60429663682061e-10,-1.09340625442655e-09
3.48999643325806,2.06675987431261e-20,1.21409937658967e-10,1.87472787294141e-10
3.49332976341248,-3.60854189882955e-21,-9.02617702802644e-10,-1.29640553847565e-09
3.49666309356689,-1.7059378750033e-20,-7.60433327418042e-10,-1.09341158349707e-09
3.49999642372131,2.06666164661487e-20,1.2141049277048e-10,1.87473578328046e-10
3.50332975387573,-3.60744653075278e-21,-9.02614483155872e-10,-1.29640087553895e-09
3.50666308403015,-1.70585192576777e-20,-7.60436991154023e-10,-1.09341691256759e-09
3.50999641418457,2.0664424114408e-20,1.21411047881992e-10,1.87474355484163e-10
3.51332974433899,-3.60804752916658e-21,-9.02611263509101e-10,-1.29639610157994e-09
3.51666307449341,-1.70605242013109e-20,-7.60440654890004e-10,-1.09342224163811e-09
3.51999640464783,2.06661107873758e-20,1.21411589115716e-10,1.87475146518068e-10
3.52332973480225,-3.60896316317472e-21,-9.02607988351178e-10,-1.29639143864324e-09
3.52666306495667,-1.70597131765697e-20,-7.60444374137137e-10,-1.09342757070863e-09
3.52999639511108,2.06680672633949e-20,1.21412144227229e-10,1.87475937551973e-10
3.5333297252655,-3.60975641645746e-21,-9.02604768704407e-10,-1.29638677570654e-09
3.53666305541992,-1.70591897263383e-20,-7.60448037873118e-10,-1.09343289977915e-09
3.53999638557434,2.06703937088677e-20,1.21412699338741e-10,1.87476728585878e-10
3.54332971572876,-3.60924144805853e-21,-9.02601549057636e-10,-1.29638200174753e-09
3.54666304588318,-1.70621963339945e-20,-7.60451701609099e-10,-1.09343822884966e-09
3.5499963760376,2.06659637689466e-20,1.21413254450253e-10,1.87477519619783e-10
3.55332970619202,-3.6083233906697e-21,-9.02598329410864e-10,-1.29637733881083e-09
3.55666303634644,-1.70585370291362e-20,-7.60455365345081e-10,-1.09344355792018e-09
3.55999636650085,2.06666875519826e-20,1.21413809561766e-10,1.87478310653688e-10
3.56332969665527,-3.60835812579307e-21,-9.02595054252942e-10,-1.29637267587412e-09
3.56666302680969,-1.70594385267569e-20,-7.60459084592213e-10,-1.0934488869907e-09
3.56999635696411,2.06663967462985e-20,1.21414364673278e-10,1.87479101687593e-10
3.57332968711853,-3.60848777666057e-21,-9.0259183460617e-10,-1.29636790191512e-09
3.57666301727295,-1.70593529006388e-20,-7.60462748328194e-10,-1.09345421606122e-09
3.57999634742737,2.06661188653115e-20,1.21414905907002e-10,1.87479892721498e-10
3.58332967758179,-3.60788597045319e-21,-9.02588614959399e-10,-1.29636323897842e-09
3.58666300773621,-1.70591897263383e-20,-7.60466412064176e-10,-1.09345954513174e-09
3.58999633789062,2.06656228800613e-20,1.21415461018515e-10,1.87480683755403e-10
3.59332966804504,-3.60695741174799e-21,-9.02585339801476e-10,-1.29635857604171e-09
3.59666299819946,-1.70611962855586e-20,-7.60470075800157e-10,-1.09346487420225e-09
3.59999632835388,2.06646179848641e-20,1.21416016130027e-10,1.87481460911521e-10
3.6033296585083,-3.60677808157613e-21,-9.02582120154705e-10,-1.29635380208271e-09
3.60666298866272,-1.70611316620732e-20,-7.60473739536138e-10,-1.09347020327277e-09
3.60999631881714,2.06683015235293e-20,1.21416571241539e-10,1.87482251945426e-10
3.61332964897156,-3.60798088619731e-21,-9.02578900507933e-10,-1.296349139146e-09
3.61666297912598,-1.7059005549405e-20,-7.60477458783271e-10,-1.09347553234329e-09
3.6199963092804,2.06639265135708e-20,1.21417126353052e-10,1.87483042979331e-10
3.62332963943481,-3.60721227061836e-21,-9.02575625350011e-10,-1.2963444762093e-09
3.62666296958923,-1.70589829311852e-20,-7.60481122519252e-10,-1.09348086141381e-09
3.62999629974365,2.06635339258972e-20,1.21417681464564e-10,1.87483834013236e-10
3.63332962989807,-3.6077195649784e-21,-9.02572405703239e-10,-1.29633970225029e-09
3.63666296005249,-1.70606922223728e-20,-7.60484786255233e-10,-1.09348619048433e-09
3.63999629020691,2.06663482786845e-20,1.21418222698289e-10,1.87484625047141e-10
3.64332962036133,-3.60839366871002e-21,-9.02569186056468e-10,-1.29633503931359e-09
3.64666295051575,-1.70586210396672e-20,-7.60488449991215e-10,-1.09349151955485e-09
3.64999628067017,2.06659621533595e-20,1.21418777809801e-10,1.87485416081046e-10
3.65332961082458,-3.60877898624145e-21,-9.02565910898545e-10,-1.29633037637689e-09
3.656662940979,-1.70597002518726e-20,-7.60492169238347e-10,-1.09349684862536e-09
3.65999627113342,2.06659072233969e-20,1.21419332921313e-10,1.87486207114951e-10
3.66332960128784,-3.60769896624245e-21,-9.02562691251774e-10,-1.29632560241788e-09
3.66666293144226,-1.70604256504957e-20,-7.60495832974328e-10,-1.09350217769588e-09
3.66999626159668,2.0666282039612e-20,1.21419888032825e-10,1.87486998148856e-10
3.6733295917511,-3.60735726956363e-21,-9.02559471605002e-10,-1.29632093948118e-09
3.67666292190552,-1.70632561591543e-20,-7.6049949671031e-10,-1.0935075067664e-09
3.67999625205994,2.06683192949878e-20,1.21420443144338e-10,1.87487775304973e-10
3.68332958221436,-3.60750590357995e-21,-9.02556251958231e-10,-1.29631627654447e-09
3.68666291236877,-1.7066329005883e-20,-7.60503160446291e-10,-1.09351283583692e-09
3.68999624252319,2.06660332391934e-20,1.2142099825585e-10,1.87488566338878e-10
3.69332957267761,-3.60713270295202e-21,-9.02552976800308e-10,-1.29631150258547e-09
3.69666290283203,-1.70629847405158e-20,-7.60506879693423e-10,-1.09351816490744e-09
3.69999623298645,2.06652593729562e-20,1.21421539489575e-10,1.87489357372783e-10
3.70332956314087,-3.60707131064093e-21,-9.02549757153537e-10,-1.29630683964876e-09
3.70666289329529,-1.7059945821117e-20,-7.60510543429405e-10,-1.09352349397795e-09
3.70999622344971,2.06670462123263e-20,1.21422094601087e-10,1.87490148406688e-10
3.71332955360413,-3.60659632802356e-21,-9.02546537506765e-10,-1.29630217671206e-09
3.71666288375854,-1.70586581981713e-20,-7.60514207165386e-10,-1.09352882304847e-09
3.71999621391296,2.06634256815593e-20,1.21422649712599e-10,1.87490939440593e-10
3.72332954406738,-3.60575541492037e-21,-9.02543262348843e-10,-1.29629740275305e-09
3.7266628742218,-1.70588262192332e-20,-7.60517870901367e-10,-1.09353415211899e-09
3.72999620437622,2.06615790654652e-20,1.21423204824112e-10,1.87491730474498e-10
3.73332953453064,-3.60557164188389e-21,-9.02540042702071e-10,-1.29629273981635e-09
3.73666286468506,-1.70599409743556e-20,-7.605215901485e-10,-1.09353948118951e-09
3.73999619483948,2.06644047273624e-20,1.21423759935624e-10,1.87492507630616e-10
3.7433295249939,-3.60500416690311e-21,-9.025368230553e-10,-1.29628807687965e-09
3.74666285514832,-1.705939167473e-20,-7.60525253884481e-10,-1.09354481026003e-09
3.74999618530273,2.06622931549784e-20,1.21424301169348e-10,1.87493298664521e-10
3.75332951545715,-3.60409701472743e-21,-9.02533547897377e-10,-1.29628330292064e-09
3.75666284561157,-1.70597551818352e-20,-7.60528917620462e-10,-1.09355013933055e-09
3.75999617576599,2.06665049906365e-20,1.21424856280861e-10,1.87494089698426e-10
3.76332950592041,-3.60388618060646e-21,-9.02530328250606e-10,-1.29627863998394e-09
3.76666283607483,-1.70585127953292e-20,-7.60532581356443e-10,-1.09355546840106e-09
3.76999616622925,2.06677764577108e-20,1.21425411392373e-10,1.87494880732331e-10
3.77332949638367,-3.60313937545382e-21,-9.02527108603834e-10,-1.29627397704724e-09
3.77666282653809,-1.7058860146563e-20,-7.60536300603576e-10,-1.09356079747158e-09
3.7799961566925,2.06705649611039e-20,1.21425966503885e-10,1.87495671766236e-10
3.78332948684692,-3.60430502157092e-21,-9.02523888957063e-10,-1.29626920308823e-09
3.78666281700134,-1.70605581286407e-20,-7.60539964339557e-10,-1.0935661265421e-09
3.78999614715576,2.06671366852058e-20,1.21426521615398e-10,1.87496462800141e-10
3.79332947731018,-3.60420808634289e-21,-9.0252061379914e-10,-1.29626454015153e-09
3.7966628074646,-1.70617358916613e-20,-7.60543628075538e-10,-1.09357145561262e-09
3.79999613761902,2.06642480154104e-20,1.21427062849122e-10,1.87497239956258e-10
3.80332946777344,-3.60344310583499e-21,-9.02517394152369e-10,-1.29625987721482e-09
3.80666279792786,-1.70646697978965e-20,-7.6054729181152e-10,-1.09357678468314e-09
3.80999612808228,2.06639830591204e-20,1.21427617960634e-10,1.87498030990163e-10
3.81332945823669,-3.60507888780806e-21,-9.02514174505598e-10,-1.29625510325582e-09
3.81666278839111,-1.70624612902844e-20,-7.60551011058652e-10,-1.09358211375365e-09
3.81999611854553,2.06634289127335e-20,1.21428173072147e-10,1.87498822024068e-10
3.82332944869995,-3.60518026590071e-21,-9.02510899347675e-10,-1.29625044031911e-09
3.82666277885437,-1.70603351776162e-20,-7.60554674794633e-10,-1.09358744282417e-09
3.82999610900879,2.06649443334651e-20,1.21428728183659e-10,1.87499613057973e-10
3.83332943916321,-3.60357437228962e-21,-9.02507679700904e-10,-1.29624577738241e-09
3.83666276931763,-1.70622189522144e-20,-7.60558338530615e-10,-1.09359277189469e-09
3.83999609947205,2.06646244472126e-20,1.21429283295171e-10,1.87500404091878e-10
3.84332942962646,-3.60367332700157e-21,-9.02504460054132e-10,-1.2962410034234e-09
3.84666275978088,-1.70592915083277e-20,-7.60562002266596e-10,-1.09359810096521e-09
3.8499960899353,2.06676730601343e-20,1.21429824528896e-10,1.87501195125783e-10
3.85332942008972,-3.60435025801067e-21,-9.02501184896209e-10,-1.2962363404867e-09
3.85666275024414,-1.70625097578985e-20,-7.60565721513728e-10,-1.09360343003573e-09
3.85999608039856,2.066355492853e-20,1.21430379640408e-10,1.875019722819e-10
3.86332941055298,-3.60219183359979e-21,-9.02497965249438e-10,-1.29623167755e-09
3.8666627407074,-1.70595403087464e-20,-7.6056938524971e-10,-1.09360875910625e-09
3.86999607086182,2.06698993392048e-20,1.2143093475192e-10,1.87502763315806e-10
3.87332940101624,-3.60123136704869e-21,-9.02494745602667e-10,-1.29622690359099e-09
3.87666273117065,-1.70623708174049e-20,-7.60573048985691e-10,-1.09361408817676e-09
3.87999606132507,2.06648441670628e-20,1.21431489863433e-10,1.87503554349711e-10
3.88332939147949,-3.60161587678656e-21,-9.02491470444744e-10,-1.29622224065429e-09
3.88666272163391,-1.70612528311083e-20,-7.60576712721672e-10,-1.09361941724728e-09
3.88999605178833,2.06653353055515e-20,1.21432044974945e-10,1.87504345383616e-10
3.89332938194275,-3.59968686574869e-21,-9.02488250797973e-10,-1.29621757771758e-09
3.89666271209717,-1.70608214693435e-20,-7.60580431968805e-10,-1.0936247463178e-09
3.89999604225159,2.0664302945373e-20,1.2143258620867e-10,1.87505136417521e-10
3.90332937240601,-3.60073053503718e-21,-9.02485031151201e-10,-1.29621280375858e-09
3.90666270256042,-1.70598682729345e-20,-7.60584095704786e-10,-1.09363007538832e-09
3.90999603271484,2.06634854582832e-20,1.21433141320182e-10,1.87505913573638e-10
3.91332936286926,-3.60033027332476e-21,-9.02481755993279e-10,-1.29620814082188e-09
3.91666269302368,-1.70617746657525e-20,-7.60587759440767e-10,-1.09363540445884e-09
3.9199960231781,2.06613528832665e-20,1.21433696431694e-10,1.87506704607543e-10
3.92332935333252,-3.60120753713847e-21,-9.02478536346507e-10,-1.29620347788517e-09
3.92666268348694,-1.70620864740694e-20,-7.60591423176749e-10,-1.09364073352936e-09
3.92999601364136,2.06669605862082e-20,1.21434251543207e-10,1.87507495641448e-10
3.93332934379578,-3.60194141759404e-21,-9.02475316699736e-10,-1.29619870392617e-09
3.9366626739502,-1.70605904403834e-20,-7.6059508691273e-10,-1.09364606259987e-09
3.93999600410461,2.06656939658952e-20,1.21434806654719e-10,1.87508286675353e-10
3.94332933425903,-3.60085897421433e-21,-9.02472097052964e-10,-1.29619404098946e-09
3.94666266441345,-1.7061176898513e-20,-7.60598806159862e-10,-1.09365139167039e-09
3.94999599456787,2.06701562175591e-20,1.21435347888443e-10,1.87509077709258e-10
3.95332932472229,-3.59916583889801e-21,-9.02468821895042e-10,-1.29618937805276e-09
3.95666265487671,-1.70599199717228e-20,-7.60602469895844e-10,-1.09365672074091e-09
3.95999598503113,2.06649087905482e-20,1.21435902999956e-10,1.87509854865375e-10
3.96332931518555,-3.59965576569636e-21,-9.0246560224827e-10,-1.29618460409375e-09
3.96666264533997,-1.7056845509407e-20,-7.60606133631825e-10,-1.09366204981143e-09
3.96999597549438,2.06676504419144e-20,1.21436458111468e-10,1.8751064589928e-10
3.9733293056488,-3.60005441182165e-21,-9.02462382601499e-10,-1.29617994115705e-09
3.97666263580322,-1.70597842624036e-20,-7.60609797367806e-10,-1.09366737888195e-09
3.97999596595764,2.06655760280345e-20,1.2143701322298e-10,1.87511436933185e-10
3.98332929611206,-3.59934759245057e-21,-9.02459107443576e-10,-1.29617527822035e-09
3.98666262626648,-1.70587890607291e-20,-7.60613516614939e-10,-1.09367270795246e-09
3.9899959564209,2.06696230738049e-20,1.21437554456705e-10,1.8751222796709e-10
3.99332928657532,-3.59802927334932e-21,-9.02455887796805e-10,-1.29617050426134e-09
3.99666261672974,-1.70583156936989e-20,-7.6061718035092e-10,-1.09367803702298e-09
3.99999594688416,2.06679057046815e-20,1.21438109568217e-10,1.87513005123208e-10
4.00332927703857,-3.59599080628313e-21,-9.02452668150033e-10,-1.29616584132464e-09
4.00666284561157,-1.7059753566248e-20,-7.60620844086901e-10,-1.0936833660935e-09
4.00999593734741,2.06682320532826e-20,1.21438664679729e-10,1.87513796157113e-10
4.01332950592041,-3.59685474150298e-21,-9.02449392992111e-10,-1.29616117838793e-09
4.01666259765625,-1.70574868974992e-20,-7.60624507822882e-10,-1.09368869516402e-09
4.01999616622925,2.06692207926085e-20,1.21439219791242e-10,1.87514587191018e-10
4.02332925796509,-3.59786892632628e-21,-9.02446173345339e-10,-1.29615640442893e-09
4.02666282653809,-1.70597228700925e-20,-7.60628227070015e-10,-1.09369402423454e-09
4.02999591827393,2.06690317689139e-20,1.21439761024966e-10,1.87515378224923e-10
4.03332948684692,-3.59677961670125e-21,-9.02442953698568e-10,-1.29615174149222e-09
4.03666257858276,-1.70608650901962e-20,-7.60631890805996e-10,-1.09369935330506e-09
4.03999614715576,2.06659363039653e-20,1.21440316136479e-10,1.8751615538104e-10
4.0433292388916,-3.59626303271519e-21,-9.02439678540645e-10,-1.29614707855552e-09
4.0466628074646,-1.70594983034809e-20,-7.60635554541977e-10,-1.09370468237557e-09
4.04999589920044,2.06664742944809e-20,1.21440871247991e-10,1.87516946414945e-10
4.05332946777344,-3.59675780627494e-21,-9.02436458893874e-10,-1.29614230459651e-09
4.05666255950928,-1.70582753040205e-20,-7.60639218277959e-10,-1.09371001144609e-09
4.05999612808228,2.06671770748842e-20,1.21441426359503e-10,1.8751773744885e-10
4.06332921981812,-3.59819971779194e-21,-9.02433239247102e-10,-1.29613764165981e-09
4.06666278839111,-1.70587922919034e-20,-7.60642937525091e-10,-1.09371534051661e-09
4.06999588012695,2.0666427442454e-20,1.21441967593228e-10,1.87518528482755e-10
4.07332944869995,-3.59780268725379e-21,-9.0242996408918e-10,-1.29613297872311e-09
4.07666254043579,-1.706093617603e-20,-7.60646601261072e-10,-1.09372066958713e-09
4.07999610900879,2.06695293697511e-20,1.2144252270474e-10,1.87519305638872e-10
4.08332920074463,-3.59756236866762e-21,-9.02426744442408e-10,-1.2961282047641e-09
4.08666276931763,-1.70604708869355e-20,-7.60650264997054e-10,-1.09372599865765e-09
4.08999586105347,2.0668900906356e-20,1.21443077816252e-10,1.87520096672777e-10
4.09332942962646,-3.59712979521252e-21,-9.02423524795637e-10,-1.2961235418274e-09
4.0966625213623,-1.70612932207866e-20,-7.60653928733035e-10,-1.09373132772816e-09
4.0999960899353,2.0667464649394e-20,1.21443632927765e-10,1.87520887706683e-10
4.10332918167114,-3.59754904007377e-21,-9.02420305148866e-10,-1.2961188788907e-09
4.10666275024414,-1.70591008690459e-20,-7.60657647980167e-10,-1.09373665679868e-09
4.10999584197998,2.06718865113795e-20,1.21444174161489e-10,1.87521678740588e-10
4.11332941055298,-3.59666491001474e-21,-9.02417029990943e-10,-1.29611410493169e-09
4.11666250228882,-1.70614337768673e-20,-7.60661311716149e-10,-1.0937419858692e-09
4.11999607086182,2.06675341196407e-20,1.21444729273001e-10,1.87522455896705e-10
4.12332916259766,-3.59531145189332e-21,-9.02413810344171e-10,-1.29610944199499e-09
4.12666273117065,-1.70597277168539e-20,-7.6066497545213e-10,-1.09374731493972e-09
4.12999582290649,2.0666789333972e-20,1.21445284384514e-10,1.8752324693061e-10
4.13332939147949,-3.59608814540794e-21,-9.024105906974e-10,-1.29610466803598e-09
4.13666248321533,-1.70624160538447e-20,-7.60668639188111e-10,-1.09375264401024e-09
4.13999605178833,2.06681448115774e-20,1.21445839496026e-10,1.87524037964515e-10
4.14332914352417,-3.59679900374686e-21,-9.02407315539477e-10,-1.29610000509928e-09
4.14666271209717,-1.70609927215797e-20,-7.60672302924092e-10,-1.09375797308076e-09
4.14999580383301,2.06656778100239e-20,1.21446380729751e-10,1.8752482899842e-10
4.15332937240601,-3.59501539555104e-21,-9.02404095892706e-10,-1.29609534216257e-09
4.15666246414185,-1.7061141355596e-20,-7.60676022171225e-10,-1.09376330215127e-09
4.15999603271484,2.0663205961709e-20,1.21446935841263e-10,1.87525606154537e-10
4.16332912445068,-3.5956689005467e-21,-9.02400876245935e-10,-1.29609056820357e-09
4.16666269302368,-1.70590313987992e-20,-7.60679685907206e-10,-1.09376863122179e-09
4.16999578475952,2.06655259448333e-20,1.21447490952775e-10,1.87526397188442e-10
4.17332935333252,-3.5953853650047e-21,-9.02397601088012e-10,-1.29608590526686e-09
4.17666244506836,-1.70594886099581e-20,-7.60683349643188e-10,-1.09377396029231e-09
4.17999601364136,2.06662626525664e-20,1.21448046064287e-10,1.87527188222347e-10
4.1833291053772,-3.59589265936474e-21,-9.02394381441241e-10,-1.29608124233016e-09
4.1866626739502,-1.70607374588126e-20,-7.60687013379169e-10,-1.09377928936283e-09
4.18999576568604,2.06615354446126e-20,1.21448587298012e-10,1.87527979256252e-10
4.19332933425903,-3.595241173853e-21,-9.02391161794469e-10,-1.29607646837115e-09
4.19666242599487,-1.70599522834655e-20,-7.60690732626301e-10,-1.09378461843335e-09
4.19999599456787,2.06690463091981e-20,1.21449142409524e-10,1.8752875641237e-10
4.20332908630371,-3.59676951928166e-21,-9.02387886636546e-10,-1.29607180543445e-09
4.20666265487671,-1.70609426383786e-20,-7.60694396362283e-10,-1.09378994750386e-09
4.20999574661255,2.06651172012884e-20,1.21449697521037e-10,1.87529547446275e-10
4.21332931518555,-3.59558933288035e-21,-9.02384666989775e-10,-1.29606714249775e-09
4.21666240692139,-1.70624903708529e-20,-7.60698060098264e-10,-1.09379527657438e-09
4.21999597549438,2.06628246831454e-20,1.21450252632549e-10,1.8753033848018e-10
4.22332906723022,-3.59532841555823e-21,-9.02381447343004e-10,-1.29606236853874e-09
4.22666263580322,-1.70602608606081e-20,-7.60701723834245e-10,-1.0938006056449e-09
4.22999572753906,2.06633206683956e-20,1.21450793866273e-10,1.87531115636297e-10
4.23332929611206,-3.59452950772052e-21,-9.02378172185081e-10,-1.29605770560204e-09
4.2366623878479,-1.70589748532495e-20,-7.60705443081378e-10,-1.09380593471542e-09
4.2399959564209,2.06650121881247e-20,1.21451348977786e-10,1.87531906670202e-10
4.24332904815674,-3.59493784736861e-21,-9.0237495253831e-10,-1.29605304266533e-09
4.24666261672974,-1.70603771828817e-20,-7.60709106817359e-10,-1.09381126378594e-09
4.24999570846558,2.06621590612463e-20,1.21451904089298e-10,1.87532697704107e-10
4.25332927703857,-3.59488574468354e-21,-9.02371732891538e-10,-1.29604826870633e-09
4.25666236877441,-1.70617536631198e-20,-7.6071277055334e-10,-1.09381659285646e-09
4.25999593734741,2.06657440490964e-20,1.21452445323023e-10,1.87533488738012e-10
4.26332902908325,-3.59492896163938e-21,-9.02368457733616e-10,-1.29604360576963e-09
4.26666259765625,-1.70613239169422e-20,-7.60716434289321e-10,-1.09382192192697e-09
4.26999568939209,2.06682078194756e-20,1.21453000434535e-10,1.87534265894129e-10
4.27332925796509,-3.59609985841466e-21,-9.02365238086844e-10,-1.29603894283292e-09
4.27666234970093,-1.70637182170746e-20,-7.60720098025303e-10,-1.09382725099749e-09
4.27999591827393,2.06671496099029e-20,1.21453555546047e-10,1.87535056928034e-10
4.28332901000977,-3.59480940819147e-21,-9.02362018440073e-10,-1.29603416887392e-09
4.28666257858276,-1.70660818210515e-20,-7.60723817272435e-10,-1.09383258006801e-09
4.2899956703186,2.06685341680766e-20,1.2145411065756e-10,1.87535847961939e-10
4.2933292388916,-3.59650415909492e-21,-9.0235874328215e-10,-1.29602950593721e-09
4.29666233062744,-1.70611445867703e-20,-7.60727481008416e-10,-1.09383790913853e-09
4.29999589920044,2.06660639353489e-20,1.21454651891284e-10,1.87536625118057e-10
4.30332899093628,-3.59534214804887e-21,-9.02355523635379e-10,-1.29602484300051e-09
4.30666255950928,-1.70646116367597e-20,-7.60731144744398e-10,-1.09384323820905e-09
4.30999565124512,2.0664170467228e-20,1.21455207002796e-10,1.87537416151962e-10
4.31332921981812,-3.59401494321838e-21,-9.02352303988607e-10,-1.2960200690415e-09
4.31666231155396,-1.70617601254683e-20,-7.60734808480379e-10,-1.09384856727957e-09
4.31999588012695,2.06680042554967e-20,1.21455762114309e-10,1.87538207185867e-10
4.32332897186279,-3.5956713239274e-21,-9.02349028830685e-10,-1.2960154061048e-09
4.32666254043579,-1.70605645909893e-20,-7.60738527727511e-10,-1.09385389635008e-09
4.32999563217163,2.06686973423771e-20,1.21456303348033e-10,1.87538984341984e-10
4.33332920074463,-3.59501741503496e-21,-9.02345809183913e-10,-1.2960107431681e-09
4.33666229248047,-1.70630218990199e-20,-7.60742191463493e-10,-1.0938592254206e-09
4.33999586105347,2.06654839395678e-20,1.21456858459545e-10,1.87539775375889e-10
4.34332895278931,-3.59518382050975e-21,-9.02342589537142e-10,-1.29600596920909e-09
4.3466625213623,-1.70634290269776e-20,-7.60745855199474e-10,-1.09386455449112e-09
4.34999561309814,2.06641559269438e-20,1.21457413571058e-10,1.87540566409794e-10
4.35332918167114,-3.59505497743582e-21,-9.0233936989037e-10,-1.29600130627239e-09
4.35666227340698,-1.70671416462113e-20,-7.60749518935455e-10,-1.09386988356164e-09
4.35999584197998,2.06623787810965e-20,1.2145796868257e-10,1.87541357443699e-10
4.36332893371582,-3.5949552149303e-21,-9.02336094732448e-10,-1.29599653231338e-09
4.36666250228882,-1.70656488436996e-20,-7.60753238182588e-10,-1.09387521263216e-09
4.36999559402466,2.06636114740797e-20,1.21458509916295e-10,1.87542134599816e-10
4.37332916259766,-3.59528964146702e-21,-9.02332875085676e-10,-1.29599186937668e-09
4.3766622543335,-1.70635211154443e-20,-7.60756901918569e-10,-1.09388054170267e-09
4.37999582290649,2.06624434045818e-20,1.21459065027807e-10,1.87542925633721e-10
4.38332891464233,-3.59465915858802e-21,-9.02329655438905e-10,-1.29598720643997e-09
4.38666248321533,-1.70633708658408e-20,-7.6076056565455e-10,-1.09388587077319e-09
4.38999557495117,2.06643287947671e-20,1.21459620139319e-10,1.87543716667626e-10
4.39332914352417,-3.59542656247661e-21,-9.02326380280982e-10,-1.29598243248097e-09
4.39666223526001,-1.70634306425648e-20,-7.60764229390531e-10,-1.09389119984371e-09
4.39999580383301,2.06633788295324e-20,1.21460161373044e-10,1.87544493823744e-10
4.40332889556885,-3.59415065253762e-21,-9.02323160634211e-10,-1.29597776954427e-09
4.40666246414185,-1.7062769867427e-20,-7.60767948637664e-10,-1.09389652891423e-09
4.40999555587769,2.066740487267e-20,1.21460716484556e-10,1.87545284857649e-10
4.41332912445068,-3.5958619632092e-21,-9.02319940987439e-10,-1.29597310660756e-09
4.41666221618652,-1.70642578231773e-20,-7.60771612373645e-10,-1.09390185798475e-09
4.41999578475952,2.06601347305675e-20,1.21461271596068e-10,1.87546075891554e-10
4.42332887649536,-3.59319099378009e-21,-9.02316665829517e-10,-1.29596833264856e-09
4.42666244506836,-1.70640574903727e-20,-7.60775276109626e-10,-1.09390718705527e-09
4.4299955368042,2.06608455889064e-20,1.21461812829793e-10,1.87546853047671e-10
4.4333291053772,-3.59319584054149e-21,-9.02313446182745e-10,-1.29596366971185e-09
4.43666219711304,-1.70613756157305e-20,-7.60778939845608e-10,-1.09391251612578e-09
4.43999576568604,2.06647278447892e-20,1.21462367941305e-10,1.87547644081576e-10
4.44332885742188,-3.59366920757172e-21,-9.02310226535974e-10,-1.29595900677515e-09
4.44666242599487,-1.70648685151139e-20,-7.60782603581589e-10,-1.0939178451963e-09
4.44999551773071,2.0670083516138e-20,1.21462923052817e-10,1.87548435115481e-10
4.45332908630371,-3.59245428604704e-21,-9.02306951378051e-10,-1.29595423281614e-09
4.45666217803955,-1.70629168858562e-20,-7.60786322828721e-10,-1.09392317426682e-09
4.45999574661255,2.06664112865827e-20,1.21463464286542e-10,1.87549212271598e-10
4.46332883834839,-3.59209441401296e-21,-9.0230373173128e-10,-1.29594956987944e-09
4.46666240692139,-1.70586808163911e-20,-7.60789986564703e-10,-1.09392850333734e-09
4.46999549865723,2.06643239480057e-20,1.21464019398054e-10,1.87550003305503e-10
4.47332906723022,-3.59122038137353e-21,-9.02300512084508e-10,-1.29594490694274e-09
4.47666215896606,-1.7061876447742e-20,-7.60793650300684e-10,-1.09393383240786e-09
4.47999572753906,2.06682045883013e-20,1.21464574509567e-10,1.87550794339408e-10
4.4833288192749,-3.59243893796926e-21,-9.02297236926586e-10,-1.29594013298373e-09
4.4866623878479,-1.70614773977199e-20,-7.60797314036665e-10,-1.09393916147837e-09
4.48999547958374,2.0665269066479e-20,1.21465115743291e-10,1.87551571495526e-10
4.49332904815674,-3.59171596272685e-21,-9.02294017279814e-10,-1.29593547004703e-09
4.49666213989258,-1.70598440391275e-20,-7.60801033283798e-10,-1.09394449054889e-09
4.49999570846558,2.06646971486336e-20,1.21465670854803e-10,1.87552362529431e-10
4.50332880020142,-3.59092796010229e-21,-9.02290797633043e-10,-1.29593080711032e-09
4.50666236877441,-1.70642287426089e-20,-7.60804697019779e-10,-1.09394981961941e-09
4.50999546051025,2.06642641712817e-20,1.21466225966316e-10,1.87553139685548e-10
4.51332902908325,-3.58948685637886e-21,-9.0228752247512e-10,-1.29592603315132e-09
4.51666212081909,-1.70625065267242e-20,-7.6080836075576e-10,-1.09395514868993e-09
4.51999568939209,2.06698088663253e-20,1.21466781077828e-10,1.87553930719453e-10
4.52332878112793,-3.58859424448738e-21,-9.02284302828349e-10,-1.29592137021461e-09
4.52666234970093,-1.70651754766694e-20,-7.60812024491742e-10,-1.09396047776045e-09
4.52999544143677,2.06698282533709e-20,1.21467322311553e-10,1.87554721753358e-10
4.53332901000977,-3.58802313443555e-21,-9.02281083181578e-10,-1.29591659625561e-09
4.53666210174561,-1.70636245130208e-20,-7.60815688227723e-10,-1.09396580683097e-09
4.5399956703186,2.06674113350186e-20,1.21467877423065e-10,1.87555498909475e-10
4.54332876205444,-3.58784299647012e-21,-9.02277808023655e-10,-1.29591193331891e-09
4.54666233062744,-1.70629621222959e-20,-7.60819407474855e-10,-1.09397113590148e-09
4.54999542236328,2.06695019047698e-20,1.21468432534577e-10,1.8755628994338e-10
4.55332899093628,-3.58843914812253e-21,-9.02274588376883e-10,-1.2959072703822e-09
4.55666208267212,-1.70609103266359e-20,-7.60823071210837e-10,-1.093976464972e-09
4.55999565124512,2.06670106694094e-20,1.21468973768302e-10,1.87557080977285e-10
4.56332874298096,-3.58783249515375e-21,-9.02271368730112e-10,-1.2959024964232e-09
4.56666231155396,-1.70636002792138e-20,-7.60826734946818e-10,-1.09398179404252e-09
4.56999540328979,2.06676326704559e-20,1.21469528879814e-10,1.87557858133403e-10
4.57332897186279,-3.5879609343309e-21,-9.02268093572189e-10,-1.29589783348649e-09
4.57666206359863,-1.70608473187377e-20,-7.60830398682799e-10,-1.09398712311304e-09
4.57999563217163,2.06652739132404e-20,1.21470083991326e-10,1.87558649167308e-10
4.58332872390747,-3.58878124869813e-21,-9.02264873925418e-10,-1.29589317054979e-09
4.58666229248047,-1.70620832428951e-20,-7.60834117929932e-10,-1.09399245218356e-09
4.58999538421631,2.06677263745097e-20,1.21470625225051e-10,1.87559426323425e-10
4.59332895278931,-3.58689545461609e-21,-9.02261654278647e-10,-1.29588839659078e-09
4.59666204452515,-1.70614499327386e-20,-7.60837781665913e-10,-1.09399778125407e-09
4.59999561309814,2.06677409147939e-20,1.21471180336563e-10,1.8756021735733e-10
4.60332870483398,-3.588031616268e-21,-9.02258379120724e-10,-1.29588373365408e-09
4.60666227340698,-1.70615452523795e-20,-7.60841445401894e-10,-1.09400311032459e-09
4.60999536514282,2.06673467115332e-20,1.21471721570288e-10,1.87561008391235e-10
4.61332893371582,-3.58906074527229e-21,-9.02255159473953e-10,-1.29587907071738e-09
4.61666202545166,-1.70645437821e-20,-7.60845109137875e-10,-1.09400843939511e-09
4.61999559402466,2.06680268737166e-20,1.214722766818e-10,1.87561785547352e-10
4.6233286857605,-3.5886572523856e-21,-9.02251939827181e-10,-1.29587429675837e-09
4.6266622543335,-1.70663160811859e-20,-7.60848828385008e-10,-1.09401376846563e-09
4.62999534606934,2.06662174161266e-20,1.21472831793312e-10,1.87562576581257e-10
4.63332891464233,-3.59061655568223e-21,-9.02248664669258e-10,-1.29586963382167e-09
4.63666200637817,-1.70653935809325e-20,-7.60852492120989e-10,-1.09401909753615e-09
4.63999557495117,2.06659217636811e-20,1.21473373027037e-10,1.87563367615162e-10
4.64332866668701,-3.5907518611047e-21,-9.02245445022487e-10,-1.29586497088496e-09
4.64666223526001,-1.70669009237284e-20,-7.6085615585697e-10,-1.09402442660667e-09
4.64999532699585,2.06607454225041e-20,1.21473928138549e-10,1.87564144771279e-10
4.65332889556885,-3.59014601592949e-21,-9.02242225375716e-10,-1.29586019692596e-09
4.65666198730469,-1.70665988089343e-20,-7.60859819592952e-10,-1.09402975567718e-09
4.65999555587769,2.06615419069611e-20,1.21474483250061e-10,1.87564935805185e-10
4.66332864761353,-3.59104953303412e-21,-9.02238950217793e-10,-1.29585553398925e-09
4.66666221618652,-1.70656423813511e-20,-7.60863483328933e-10,-1.0940350847477e-09
4.66999530792236,2.06642221660163e-20,1.21475024483786e-10,1.87565712961302e-10
4.67332887649536,-3.59112748511333e-21,-9.02235730571022e-10,-1.29585087105255e-09
4.6766619682312,-1.70698590637705e-20,-7.60867202576065e-10,-1.09404041381822e-09
4.6799955368042,2.06620395077984e-20,1.21475579595298e-10,1.87566503995207e-10
4.68332862854004,-3.59178099010899e-21,-9.0223251092425e-10,-1.29584609709354e-09
4.68666219711304,-1.70687200748411e-20,-7.60870866312047e-10,-1.09404574288874e-09
4.68999528884888,2.06635468505943e-20,1.21476134706811e-10,1.87567295029112e-10
4.69332885742188,-3.59217923233749e-21,-9.02229235766328e-10,-1.29584143415684e-09
4.69666194915771,-1.70674292207212e-20,-7.60874530048028e-10,-1.09405107195926e-09
4.69999551773071,2.06628246831454e-20,1.21476675940535e-10,1.87568072185229e-10
4.70332860946655,-3.59113596694578e-21,-9.02226016119556e-10,-1.29583666019784e-09
4.70666217803955,-1.70666149648057e-20,-7.60878193784009e-10,-1.09405640102977e-09
4.70999526977539,2.06650622713259e-20,1.21477231052047e-10,1.87568863219134e-10
4.71332883834839,-3.59152774682575e-21,-9.02222796472785e-10,-1.29583199726113e-09
4.71666193008423,-1.70684325003313e-20,-7.60881913031142e-10,-1.09406161907799e-09
4.71999549865723,2.06635323103101e-20,1.2147778616356e-10,1.87569640375251e-10
4.72332859039307,-3.59037946827033e-21,-9.02219521314862e-10,-1.29582733432443e-09
4.72666215896606,-1.7065750625689e-20,-7.60885576767123e-10,-1.09406694814851e-09
4.7299952507019,2.06659330727911e-20,1.21478327397284e-10,1.87570431409156e-10
4.7333288192749,-3.59009068207015e-21,-9.02216301668091e-10,-1.29582256036542e-09
4.73666191101074,-1.7070395438699e-20,-7.60889240503104e-10,-1.09407227721903e-09
4.73999547958374,2.066354361942e-20,1.21478882508796e-10,1.87571208565274e-10
4.74332857131958,-3.58941536664818e-21,-9.02213082021319e-10,-1.29581789742872e-09
4.74666213989258,-1.7070419672506e-20,-7.60892904239086e-10,-1.09407760628955e-09
4.74999523162842,2.0662420786362e-20,1.21479437620309e-10,1.87571999599179e-10
4.75332880020142,-3.58893674895977e-21,-9.02209806863397e-10,-1.29581323449202e-09
4.75666189193726,-1.70660365846117e-20,-7.60896567975067e-10,-1.09408293536006e-09
4.75999546051025,2.0663133260288e-20,1.21479978854033e-10,1.87572790633084e-10
4.76332855224609,-3.58896219445713e-21,-9.02206587216625e-10,-1.29580846053301e-09
4.76666212081909,-1.70671545709084e-20,-7.60900287222199e-10,-1.09408826443058e-09
4.76999521255493,2.06672546230666e-20,1.21480533965546e-10,1.87573567789201e-10
4.77332878112793,-3.58954340192854e-21,-9.02203367569854e-10,-1.29580379759631e-09
4.77666187286377,-1.70654452797207e-20,-7.60903950958181e-10,-1.0940935935011e-09
4.77999544143677,2.06604029180317e-20,1.2148107519927e-10,1.87574358823106e-10
4.78332853317261,-3.5889189775013e-21,-9.02200092411931e-10,-1.2957991346596e-09
4.78666210174561,-1.70685633628892e-20,-7.60907614694162e-10,-1.09409892257162e-09
4.78999519348145,2.06555093046032e-20,1.21481630310782e-10,1.87575135979223e-10
4.79332876205444,-3.58820246460741e-21,-9.0219687276516e-10,-1.2957943607006e-09
4.79666185379028,-1.70660058884562e-20,-7.60911278430143e-10,-1.09410425164214e-09
4.79999542236328,2.0664689070698e-20,1.21482185422295e-10,1.87575927013128e-10
4.80332851409912,-3.58894725027614e-21,-9.02193653118388e-10,-1.29578969776389e-09
4.80666208267212,-1.70684034197629e-20,-7.60914997677276e-10,-1.09410958071265e-09
4.80999517440796,2.06596161270975e-20,1.21482726656019e-10,1.87576704169246e-10
4.81332874298096,-3.58817742300684e-21,-9.02190377960466e-10,-1.29578503482719e-09
4.8166618347168,-1.70693630785204e-20,-7.60918661413257e-10,-1.09411490978317e-09
4.81999540328979,2.06633465177897e-20,1.21483281767532e-10,1.87577495203151e-10
4.82332849502563,-3.58624194962043e-21,-9.02187158313694e-10,-1.29578026086818e-09
4.82666206359863,-1.70673823686943e-20,-7.60922325149238e-10,-1.09412023885369e-09
4.82999515533447,2.06647585409447e-20,1.21483823001256e-10,1.87578286237056e-10
4.83332872390747,-3.58806958256565e-21,-9.02183938666923e-10,-1.29577559793148e-09
4.83666181564331,-1.70673080516861e-20,-7.60925988885219e-10,-1.09412556792421e-09
4.83999538421631,2.06621445209621e-20,1.21484378112768e-10,1.87579063393173e-10
4.84332847595215,-3.58721372528147e-21,-9.02180663509e-10,-1.29577082397248e-09
4.84666204452515,-1.70675213091878e-20,-7.60929652621201e-10,-1.09413089699473e-09
4.84999513626099,2.06602106631628e-20,1.21484933224281e-10,1.87579854427078e-10
4.85332870483398,-3.58821538930448e-21,-9.02177443862229e-10,-1.29576616103577e-09
4.85666179656982,-1.70698881443389e-20,-7.60933371868333e-10,-1.09413622606525e-09
4.85999536514282,2.06571701281768e-20,1.21485474458005e-10,1.87580631583195e-10
4.86332845687866,-3.58695523134005e-21,-9.02174224215457e-10,-1.29576149809907e-09
4.86666202545166,-1.70679122812742e-20,-7.60937035604314e-10,-1.09414155513576e-09
4.8699951171875,2.06601266526318e-20,1.21486029569517e-10,1.875814226171e-10
4.8733286857605,-3.5881612671355e-21,-9.02170949057535e-10,-1.29575672414006e-09
4.87666177749634,-1.70657118515978e-20,-7.60940699340296e-10,-1.09414688420628e-09
4.87999534606934,2.06630056289044e-20,1.2148658468103e-10,1.87582199773217e-10
4.88332843780518,-3.58843672474183e-21,-9.02167729410763e-10,-1.29575206120336e-09
4.88666200637817,-1.70683501053875e-20,-7.60944363076277e-10,-1.0941522132768e-09
4.88999509811401,2.06635226167873e-20,1.21487125914754e-10,1.87582990807122e-10
4.89332866668701,-3.5876357974202e-21,-9.02164509763992e-10,-1.29574739826666e-09
4.89666175842285,-1.70704309816159e-20,-7.60948082323409e-10,-1.09415754234732e-09
4.89999532699585,2.06640218332117e-20,1.21487681026267e-10,1.8758376796324e-10
4.90332841873169,-3.58759540774185e-21,-9.02161234606069e-10,-1.29574262430765e-09
4.90666198730469,-1.70704972206884e-20,-7.60951746059391e-10,-1.09416287141784e-09
4.90999507904053,2.06601363461546e-20,1.21488222259991e-10,1.87584558997145e-10
4.91332864761353,-3.58772425081578e-21,-9.02158014959298e-10,-1.29573796137095e-09
4.91666173934937,-1.70664792554864e-20,-7.60955409795372e-10,-1.09416820048835e-09
4.91999530792236,2.06590005883995e-20,1.21488777371503e-10,1.8758535003105e-10
4.9233283996582,-3.58756592327666e-21,-9.02154795312526e-10,-1.29573329843424e-09
4.9266619682312,-1.70688945582516e-20,-7.60959073531353e-10,-1.09417352955887e-09
4.92999505996704,2.06624805630859e-20,1.21489332483016e-10,1.87586127187167e-10
4.93332862854004,-3.58575242671887e-21,-9.02151520154604e-10,-1.29572852447524e-09
4.93666172027588,-1.70672078852838e-20,-7.60962737267334e-10,-1.09417885862939e-09
4.93999528884888,2.06626825114777e-20,1.2148987371674e-10,1.87586918221072e-10
4.94332838058472,-3.58724644092093e-21,-9.02148300507832e-10,-1.29572386153853e-09
4.94666194915771,-1.70660834366386e-20,-7.60966456514467e-10,-1.09418418769991e-09
4.94999504089355,2.06646809927623e-20,1.21490428828253e-10,1.87587695377189e-10
4.95332860946655,-3.58427578007849e-21,-9.02145080861061e-10,-1.29571908757953e-09
4.95666170120239,-1.70679106656871e-20,-7.60970120250448e-10,-1.09418951677043e-09
4.95999526977539,2.0660889209759e-20,1.21490970061977e-10,1.87588486411094e-10
4.96332836151123,-3.58726259679227e-21,-9.02141805703138e-10,-1.29571442464282e-09
4.96666193008423,-1.70694487046385e-20,-7.60973783986429e-10,-1.09419484584095e-09
4.96999502182007,2.06605321650025e-20,1.21491525173489e-10,1.87589263567212e-10
4.97332859039307,-3.58564539407125e-21,-9.02138586056367e-10,-1.29570976170612e-09
4.97666168212891,-1.70691562833673e-20,-7.60977447722411e-10,-1.09420017491146e-09
4.9799952507019,2.06613819638349e-20,1.21492080285002e-10,1.87590054601117e-10
4.98332834243774,-3.58698148463097e-21,-9.02135366409595e-10,-1.29570498774711e-09
4.98666191101074,-1.70699689236956e-20,-7.60981166969543e-10,-1.09420550398198e-09
4.98999500274658,2.0662553264507e-20,1.21492621518726e-10,1.87590831757234e-10
4.99332857131958,-3.58670158416003e-21,-9.02132091251673e-10,-1.29570032481041e-09
4.99666166305542,-1.70682628636822e-20,-7.60984830705524e-10,-1.0942108330525e-09
4.99999523162842,2.06609085968047e-20,1.21493176630239e-10,1.87591622791139e-10
5.0,2.06836964533282e-20,1.21061910496323e-10,1.86975865346106e-10
