Time,U1,U2,U3
0.0,0.0,0.0,0.0
0.0166666992008686,1.61692328907585e-19,-1.47157610541626e-08,-1.1608447891831e-07
0.0333333984017372,2.21276423176464e-19,-1.23695702569648e-08,-9.76018839082826e-08
0.0500001013278961,-8.47611560092781e-19,2.29735253043373e-09,1.81487802564106e-08
0.0666667968034744,1.1968311880883e-18,-1.46954031166047e-08,-1.15945518075478e-07
0.0833334997296333,-3.42322616727568e-18,-1.23855361522374e-08,-9.77107958988199e-08
0.100000202655792,3.80226224423371e-18,2.30960361946586e-09,1.82323987019117e-08
0.116666898131371,-2.7771476508544e-18,-1.47045113862987e-08,-1.16007768724558e-07
0.133333593606949,2.42067313189891e-18,-1.23791821238228e-08,-9.76673675268103e-08
0.150000303983688,-2.21961426951355e-18,2.30568941717024e-09,1.82057746656028e-08
0.166666999459267,1.7805362538176e-18,-1.47026746333268e-08,-1.15995483440656e-07
0.183333694934845,-4.25948591423209e-18,-1.23793828521457e-08,-9.76684404463413e-08
0.200000405311584,3.92304591650779e-18,2.30466556949693e-09,1.81985821967601e-08
0.216667100787163,-2.75591992158961e-18,-1.47006984363429e-08,-1.15981912074403e-07
0.233333796262741,2.86331360769798e-18,-1.23822054831635e-08,-9.76877814196087e-08
0.250000506639481,-2.88102313102243e-18,2.30826313618593e-09,1.82233268475329e-08
0.266667187213898,2.67648535377583e-18,-1.47049377119401e-08,-1.16011179329689e-07
0.283333897590637,-2.65611706516748e-18,-1.23775825144889e-08,-9.76558993670551e-08
0.300000607967377,1.54557694499041e-18,2.30347740881598e-09,1.81904393770083e-08
0.316667288541794,-3.76691061280473e-18,-1.47001255612622e-08,-1.15978259884741e-07
0.333333998918533,4.60848530538952e-19,-1.23824692721541e-08,-9.76893090864905e-08
0.350000709295273,8.83427795607383e-20,2.30846763926706e-09,1.82246395752372e-08
0.36666738986969,2.18338582663526e-18,-1.47052130472503e-08,-1.16013261219905e-07
0.383334100246429,-2.35800510151128e-18,-1.2377476821257e-08,-9.76549685560713e-08
0.400000810623169,1.52903643466664e-18,2.30368280007553e-09,1.81918284880567e-08
0.416667491197586,-6.54893211522587e-19,-1.47007286344092e-08,-1.15982679460558e-07
0.433334201574326,1.07861487764044e-18,-1.23817907038415e-08,-9.76843921307591e-08
0.450000911951065,-1.01326626508025e-18,2.30789320987412e-09,1.82206125742823e-08
0.466667592525482,1.38814544926748e-18,-1.47048799803429e-08,-1.16011186435117e-07
0.483334302902222,-1.43967559610466e-18,-1.23778480798364e-08,-9.76573133470993e-08
0.500001013278961,9.29833519775705e-19,2.30425212244256e-09,1.81957044986802e-08
0.516667723655701,-1.83495832747384e-18,-1.47015892792979e-08,-1.1598883276065e-07
0.533334374427795,-5.21195285332605e-19,-1.23809273944175e-08,-9.7678210408958e-08
0.550001084804535,4.06300311839296e-19,2.30721775018594e-09,1.82159123340853e-08
0.566667795181274,4.05324083620118e-19,-1.4704490958195e-08,-1.16008742168106e-07
0.583334505558014,-7.83687404246201e-19,-1.23782148975238e-08,-9.76595941892811e-08
0.600001215934753,6.93459525305894e-19,2.30478724994043e-09,1.81993371484168e-08
0.616667926311493,-6.5743400017162e-19,-1.47023717644856e-08,-1.15994438942835e-07
0.633334577083588,-1.92218211261155e-20,-1.23801555673708e-08,-9.7672668175619e-08
0.650001287460327,3.74670088438004e-19,2.30666530320889e-09,1.82120754033122e-08
0.666667997837067,2.48711445004828e-19,-1.47042298337396e-08,-1.16007178974087e-07
0.683334708213806,-7.09435226367649e-19,-1.2378433389415e-08,-9.7660844744496e-08
0.700001418590546,8.85447111503686e-19,2.30517471777603e-09,1.82019501693276e-08
0.716668128967285,-3.85258930856872e-19,-1.47029970420931e-08,-1.15998957994634e-07
0.73333477973938,-3.20831513155736e-19,-1.23795409479044e-08,-9.76682059672385e-08
0.750001490116119,5.56496820635742e-19,2.30626984176752e-09,1.82093238265679e-08
0.766668200492859,-2.41019053048997e-19,-1.47041250286861e-08,-1.16006695805027e-07
0.783334910869598,-6.53967182826834e-19,-1.23785008909749e-08,-9.76610579073167e-08
0.800001621246338,7.81216977648023e-19,2.3054123055033e-09,1.8203527574201e-08
0.816668272018433,-2.28967703608347e-19,-1.47034810993318e-08,-1.16002496497458e-07
0.833334982395172,-6.81464992833569e-19,-1.23790648842714e-08,-9.76647029915512e-08
0.850001692771912,6.65178788849377e-19,2.30600516459845e-09,1.82074710863844e-08
0.866668403148651,-1.7091866268591e-19,-1.47041463449682e-08,-1.16007079498104e-07
0.883335113525391,-6.55236439778008e-19,-1.23784493766266e-08,-9.76604539459913e-08
0.90000182390213,8.35069123862216e-19,2.30553798274968e-09,1.82043322638492e-08
0.916668474674225,-4.11770347370184e-20,-1.47038594633386e-08,-1.16005310246692e-07
0.933335185050964,-5.01806688762245e-19,-1.23786865202646e-08,-9.76618821368902e-08
0.950001895427704,5.75132889643832e-19,2.30583308002963e-09,1.82062578346631e-08
0.966668605804443,-3.44083030262022e-20,-1.47042520382001e-08,-1.16008045836224e-07
0.983335316181183,-5.12355723114134e-19,-1.23783179262205e-08,-9.7659295761332e-08
1.00000202655792,6.87069451676346e-19,2.30559016323184e-09,1.82046360208687e-08
1.01666867733002,-1.76406812179743e-19,-1.47041676612503e-08,-1.16007647932292e-07
1.0333354473114,-5.39961118299289e-19,-1.23783721051041e-08,-9.76594805024433e-08
1.0500020980835,6.02691394028014e-19,2.30572028137033e-09,1.82054495923012e-08
1.06666874885559,-1.60816628982227e-19,-1.47044119103157e-08,-1.16009381656568e-07
1.08333551883698,-5.20560631007624e-19,-1.23781367378228e-08,-9.76578036215869e-08
1.10000216960907,6.16487008886597e-19,2.3055972686592e-09,1.82046324681551e-08
1.11666893959045,-8.92692153844491e-20,-1.47044350029546e-08,-1.16009701400799e-07
1.13333559036255,-5.61276477010227e-19,-1.23780941052587e-08,-9.76573417688087e-08
1.15000224113464,6.29281631806414e-19,2.30564167758018e-09,1.82048722763284e-08
1.16666901111603,-1.08800306740019e-19,-1.47046028686759e-08,-1.16010930639732e-07
1.18333566188812,-5.16988968520196e-19,-1.23779271277158e-08,-9.76561125298758e-08
1.20000243186951,6.12201954819631e-19,2.30557883895699e-09,1.82044530561143e-08
1.2166690826416,-1.03270294152372e-19,-1.470467925202e-08,-1.16011598549903e-07
1.23333585262299,-5.63678351015139e-19,-1.23778374216954e-08,-9.76553451437212e-08
1.25000250339508,6.55567467119394e-19,2.30558194758146e-09,1.82044246344049e-08
1.26666915416718,-1.25413544334201e-19,-1.47048107024261e-08,-1.16012586204306e-07
1.28333592414856,-5.07497587979033e-19,-1.23777024185756e-08,-9.76543219621817e-08
1.30000257492065,6.4735785463617e-19,2.30554686453388e-09,1.82041848262315e-08
1.31666934490204,-1.19952808122856e-19,-1.47049110665876e-08,-1.16013410433879e-07
1.33333599567413,-5.15576712720627e-19,-1.23775913962731e-08,-9.76534195729073e-08
1.35000264644623,6.4323384229471e-19,2.30553176550075e-09,1.82040409413275e-08
1.36666941642761,-1.20745583191806e-19,-1.47050265297821e-08,-1.16014305717727e-07
1.38333606719971,-5.1700964803551e-19,-1.23774697158296e-08,-9.76524745510687e-08
1.40000283718109,6.43308857236511e-19,2.30550822877262e-09,1.82038721874278e-08
1.41666948795319,-1.08483690435867e-19,-1.47051366639062e-08,-1.16015186790719e-07
1.43333625793457,-5.1933655879741e-19,-1.23773506999214e-08,-9.76515295292302e-08
1.45000290870667,6.35916447499702e-19,2.30548624635674e-09,1.82036874463165e-08
1.46666955947876,-1.12383562680719e-19,-1.47052467980302e-08,-1.16016046547429e-07
1.48333632946014,-5.21333889783996e-19,-1.237723346037e-08,-9.7650612929101e-08
1.50000298023224,6.42938952406335e-19,2.3054664843869e-09,1.82035400086988e-08
1.51666975021362,-1.18926755196469e-19,-1.47053604848679e-08,-1.16016948936704e-07
1.53333640098572,-5.26092504751649e-19,-1.23771126681049e-08,-9.76496465909804e-08
1.55000305175781,6.40153473392351e-19,2.30544272561417e-09,1.82033463858033e-08
1.5666698217392,-1.1669604295487e-19,-1.47054688426351e-08,-1.16017801587986e-07
1.58333647251129,-5.20958970171356e-19,-1.23769963167319e-08,-9.76487370962786e-08
1.60000324249268,6.40510143332727e-19,2.30542362977815e-09,1.82031989481857e-08
1.61666989326477,-1.15680846774023e-19,-1.47055825294728e-08,-1.16018696871834e-07
1.63333654403687,-5.22588102387779e-19,-1.23768755244669e-08,-9.76477778635854e-08
1.65000331401825,6.38212028795901e-19,2.30539987100542e-09,1.82030088780039e-08
1.66666996479034,-1.14033981873218e-19,-1.47056917754185e-08,-1.16019556628544e-07
1.68333673477173,-5.25928257701269e-19,-1.23767582849155e-08,-9.76468541580289e-08
1.70000338554382,6.3865084811086e-19,2.30538033108019e-09,1.82028578876725e-08
1.71667015552521,-1.16617370323798e-19,-1.47058045740778e-08,-1.16020451912391e-07
1.7333368062973,-5.21751047306664e-19,-1.23766374926504e-08,-9.7645902030763e-08
1.7500034570694,6.38018261737411e-19,2.30535723844127e-09,1.82026731465612e-08
1.76667022705078,-1.15662622951153e-19,-1.47059138200234e-08,-1.16021311669101e-07
1.78333687782288,-5.21692679374691e-19,-1.2376520253099e-08,-9.76449783252065e-08
1.80000364780426,6.38188764341173e-19,2.30533725442683e-09,1.82025150508025e-08
1.81667029857635,-1.16414284558719e-19,-1.47060266186827e-08,-1.16022199847521e-07
1.83333694934845,-5.21133918870911e-19,-1.23764003490123e-08,-9.76440333033679e-08
1.85000371932983,6.38408225697441e-19,2.30531438383252e-09,1.82023374151186e-08
1.86667037010193,-1.16707145269654e-19,-1.47061367528067e-08,-1.16023066709658e-07
1.88333714008331,-5.21856099244458e-19,-1.23762822212825e-08,-9.76431024923841e-08
1.90000379085541,6.38391578687613e-19,2.30529395572887e-09,1.82021739902893e-08
1.9166704416275,-1.16315126282789e-19,-1.47062486632876e-08,-1.16023954888078e-07
1.93333721160889,-5.22083522214122e-19,-1.23761632053743e-08,-9.76421574705455e-08
1.95000386238098,6.37860321939201e-19,2.30527175126838e-09,1.82019999073191e-08
1.96667063236237,-1.15764211070132e-19,-1.47063587974117e-08,-1.16024821750216e-07
1.98333728313446,-5.21932820246273e-19,-1.23760450776444e-08,-9.76412266595617e-08
2.00000405311584,6.38558410677408e-19,2.30525065703091e-09,1.8201834706133e-08
2.01667070388794,-1.15469204859483e-19,-1.47064707078925e-08,-1.16025702823208e-07
2.03333735466003,-5.2212276159443e-19,-1.23759251735578e-08,-9.76402816377231e-08
2.05000400543213,6.38103771533233e-19,2.30522889665963e-09,1.82016606231628e-08
2.0666708946228,-1.15795398364164e-19,-1.47065808420166e-08,-1.16026576790773e-07
2.0833375453949,-5.21786616073004e-19,-1.2375807045828e-08,-9.76393508267392e-08
2.10000419616699,6.3836154169162e-19,2.30520758037756e-09,1.82014936456198e-08
2.11667084693909,-1.16077376480166e-19,-1.47066927524975e-08,-1.16027457863765e-07
2.13333749771118,-5.21782893760247e-19,-1.23756880299197e-08,-9.76384058049007e-08
2.15000438690186,6.38242324285836e-19,2.30518604205088e-09,1.82013231153633e-08
2.16667103767395,-1.16269502102128e-19,-1.47068037747999e-08,-1.1602833183133e-07
2.18333768844604,-5.2181174168411e-19,-1.23755690140115e-08,-9.76374749939168e-08
2.20000433921814,6.38086607535523e-19,2.3051645037242e-09,1.82011543614635e-08
2.21667098999023,-1.16148953452546e-19,-1.47069147971024e-08,-1.16029212904323e-07
2.23333787918091,-5.21872384362768e-19,-1.23754499981032e-08,-9.76365299720783e-08
2.250004529953,6.38336571176879e-19,2.30514296539752e-09,1.82009838312069e-08
2.2666711807251,-1.16125301256905e-19,-1.47070258194049e-08,-1.16030086871888e-07
2.28333783149719,-5.21574340848307e-19,-1.23753318703734e-08,-9.76355991610944e-08
2.30000448226929,6.3848572218108e-19,2.30512164911545e-09,1.82008150773072e-08
2.31667137145996,-1.16166104525559e-19,-1.47071368417073e-08,-1.16030960839453e-07
2.33333802223206,-5.21720389925211e-19,-1.23752128544652e-08,-9.76346612446832e-08
2.35000467300415,6.38366814968025e-19,2.30509988874417e-09,1.82006445470506e-08
2.36667132377625,-1.16077634974107e-19,-1.47072478640098e-08,-1.16031841912445e-07
2.38333821296692,-5.21759577606731e-19,-1.23750938385569e-08,-9.7633723328272e-08
2.40000486373901,6.38210736326194e-19,2.30507857246209e-09,1.82004757931509e-08
2.41667151451111,-1.16047908170843e-19,-1.47073588863122e-08,-1.1603271588001e-07
2.4333381652832,-5.21663934848405e-19,-1.23749748226487e-08,-9.76327854118608e-08
2.4500048160553,6.38237154407007e-19,2.30505703413542e-09,1.82003052628943e-08
2.46667170524597,-1.16053737209222e-19,-1.47074699086147e-08,-1.16033589847575e-07
2.48333835601807,-5.21757664751564e-19,-1.23748558067405e-08,-9.76318474954496e-08
2.50000500679016,6.38552051726449e-19,2.30503549580874e-09,1.82001365089945e-08
2.51667165756226,-1.16147557585262e-19,-1.47075809309172e-08,-1.16034470920567e-07
2.53333830833435,-5.21633587659682e-19,-1.23747376790107e-08,-9.76309095790384e-08
2.55000519752502,6.38386098616055e-19,2.30501395748206e-09,1.8199965978738e-08
2.56667184829712,-1.16143512155079e-19,-1.47076919532196e-08,-1.16035344888132e-07
2.58333849906921,-5.21792613132445e-19,-1.23746186631024e-08,-9.76299716626272e-08
2.60000514984131,6.38375965653551e-19,2.30499241915538e-09,1.81997972248382e-08
2.6166718006134,-1.1613044528634e-19,-1.47078029755221e-08,-1.16036218855697e-07
2.63333868980408,-5.21602206495193e-19,-1.23744996471942e-08,-9.7629033746216e-08
2.65000534057617,6.38488617313223e-19,2.30497088082871e-09,1.81996266945816e-08
2.66667199134827,-1.16125288332208e-19,-1.4707914886003e-08,-1.1603709992869e-07
2.68333864212036,-5.21666829980548e-19,-1.23743806312859e-08,-9.76280958298048e-08
2.70000529289246,6.38403624505284e-19,2.30494934250203e-09,1.81994561643251e-08
2.71667218208313,-1.16161309462946e-19,-1.47080259083054e-08,-1.16037973896255e-07
2.73333883285522,-5.21873004748227e-19,-1.23742616153777e-08,-9.76271579133936e-08
2.75000548362732,6.38457339546311e-19,2.30492780417535e-09,1.81992874104253e-08
2.76667213439941,-1.16173226033645e-19,-1.47081369306079e-08,-1.16038854969247e-07
2.78333878517151,-5.2165111354891e-19,-1.23741434876479e-08,-9.76262199969824e-08
2.80000567436218,6.383528045964e-19,2.30490648789328e-09,1.81991168801687e-08
2.81667232513428,-1.1618745612512e-19,-1.47082479529104e-08,-1.16039728936812e-07
2.83333897590637,-5.21609237530399e-19,-1.23740244717396e-08,-9.76252820805712e-08
2.85000562667847,6.38531113717193e-19,2.3048849495666e-09,1.8198948126269e-08
2.86667251586914,-1.16168030305423e-19,-1.47083589752128e-08,-1.16040602904377e-07
2.88333916664124,-5.21621438444435e-19,-1.23739054558314e-08,-9.762434416416e-08
2.90000581741333,6.38283114629792e-19,2.30486341123992e-09,1.81987775960124e-08
2.91667246818542,-1.16159409532476e-19,-1.47084699975153e-08,-1.16041483977369e-07
2.93333911895752,-5.21636172599096e-19,-1.23737864399232e-08,-9.76234062477488e-08
2.95000600814819,6.38308860626358e-19,2.30484187291324e-09,1.81986088421127e-08
2.96667265892029,-1.16222662999942e-19,-1.47085810198178e-08,-1.16042357944934e-07
2.98333930969238,-5.2158028620896e-19,-1.23736674240149e-08,-9.76224683313376e-08
3.00000596046448,6.38383513676641e-19,2.30482033458657e-09,1.81984383118561e-08
3.01667261123657,-1.161994631687e-19,-1.47086920421202e-08,-1.16043231912499e-07
3.03333950042725,-5.21624540371732e-19,-1.23735484081067e-08,-9.76215304149264e-08
3.05000615119934,6.38428905212755e-19,2.30479879625989e-09,1.81982677815995e-08
3.06667280197144,-1.16178137418532e-19,-1.47088030644227e-08,-1.16044112985492e-07
3.08333945274353,-5.21464842814721e-19,-1.23734302803769e-08,-9.76205924985152e-08
3.10000610351562,6.38427354249106e-19,2.30477725793321e-09,1.81980990276998e-08
3.1166729927063,-1.16168779937853e-19,-1.47089140867251e-08,-1.16044986953057e-07
3.13333964347839,-5.21485625727611e-19,-1.23733112644686e-08,-9.7619654582104e-08
3.15000629425049,6.38397213855536e-19,2.30475571960653e-09,1.81979284974432e-08
3.16667294502258,-1.1619597350049e-19,-1.47090251090276e-08,-1.16045860920622e-07
3.18333959579468,-5.21416297652521e-19,-1.23731922485604e-08,-9.76187166656928e-08
3.20000648498535,6.38536490391175e-19,2.30473418127985e-09,1.81977579671866e-08
3.21667313575745,-1.16127899121017e-19,-1.47091361313301e-08,-1.16046741993614e-07
3.23333978652954,-5.21514008362379e-19,-1.23730732326521e-08,-9.76177787492816e-08
3.25000643730164,6.38530855223252e-19,2.30471264295318e-09,1.81975892132868e-08
3.26667308807373,-1.1618039924052e-19,-1.47092471536325e-08,-1.16047615961179e-07
3.2833399772644,-5.21497826641646e-19,-1.23729542167439e-08,-9.76168408328704e-08
3.3000066280365,6.38345773561193e-19,2.3046911046265e-09,1.81974186830303e-08
3.31667327880859,-1.16205343905867e-19,-1.4709358175935e-08,-1.16048489928744e-07
3.33333992958069,-5.21552989248746e-19,-1.23728360890141e-08,-9.76159029164592e-08
3.35000681877136,6.38413705768999e-19,2.30466956629982e-09,1.81972481527737e-08
3.36667346954346,-1.16206662224968e-19,-1.47094700864159e-08,-1.16049371001736e-07
3.38334012031555,-5.21549628827507e-19,-1.23727170731058e-08,-9.7614965000048e-08
3.40000677108765,6.38453979125073e-19,2.30464802797314e-09,1.81970793988739e-08
3.41667342185974,-1.16173200184251e-19,-1.47095811087183e-08,-1.16050244969301e-07
3.43334031105042,-5.21548129562647e-19,-1.23725980571976e-08,-9.76140270836368e-08
3.45000696182251,6.38435057368561e-19,2.30462648964647e-09,1.81969088686174e-08
3.4666736125946,-1.16200497144465e-19,-1.47096921310208e-08,-1.16051118936866e-07
3.4833402633667,-5.21551748477827e-19,-1.23724790412894e-08,-9.76130891672256e-08
3.50000691413879,6.38535714909351e-19,2.30460495131979e-09,1.81967383383608e-08
3.51667380332947,-1.16202112731599e-19,-1.47098031533233e-08,-1.16052000009859e-07
3.53334045410156,-5.2150134215925e-19,-1.23723600253811e-08,-9.76121512508143e-08
3.55000710487366,6.3851012400915e-19,2.30458341299311e-09,1.8196569584461e-08
3.56667375564575,-1.16307875527732e-19,-1.47099141756257e-08,-1.16052873977424e-07
3.58334040641785,-5.21430928409606e-19,-1.23722418976513e-08,-9.76112133344031e-08
3.60000729560852,6.38594599829207e-19,2.30456187466643e-09,1.81963990542044e-08
3.61667394638062,-1.1622761315892e-19,-1.47100251979282e-08,-1.16053747944989e-07
3.63334059715271,-5.2152967309523e-19,-1.23721228817431e-08,-9.76102754179919e-08
3.6500072479248,6.38318993588862e-19,2.30454033633976e-09,1.81962285239479e-08
3.6666738986969,-1.16208161489828e-19,-1.47101362202307e-08,-1.16054629017981e-07
3.68334078788757,-5.21467324356558e-19,-1.23720038658348e-08,-9.76093375015807e-08
3.70000743865967,6.38530441632946e-19,2.30451879801308e-09,1.81960597700481e-08
3.71667408943176,-1.16207760824219e-19,-1.47102472425331e-08,-1.16055502985546e-07
3.73334074020386,-5.2144829920247e-19,-1.23718848499266e-08,-9.76083995851695e-08
3.75000739097595,6.38588964661284e-19,2.3044972596864e-09,1.81958892397915e-08
3.76667428016663,-1.16208588004832e-19,-1.47103582648356e-08,-1.16056376953111e-07
3.78334093093872,-5.21447575419434e-19,-1.23717658340183e-08,-9.76074616687583e-08
3.80000758171082,6.38519636586194e-19,2.30447549931512e-09,1.8195718709535e-08
3.81667423248291,-1.16278885432202e-19,-1.4710469287138e-08,-1.16057258026103e-07
3.833340883255,-5.21444008203042e-19,-1.23716468181101e-08,-9.76065237523471e-08
3.85000777244568,6.38427199152741e-19,2.30445396098844e-09,1.81955481792784e-08
3.86667442321777,-1.16259769805233e-19,-1.47105803094405e-08,-1.16058131993668e-07
3.88334107398987,-5.21347848456833e-19,-1.23715286903803e-08,-9.76055858359359e-08
3.90000772476196,6.38562236387741e-19,2.30443242266176e-09,1.81953794253786e-08
3.91667461395264,-1.16276778706579e-19,-1.4710691331743e-08,-1.16059013066661e-07
3.93334126472473,-5.21422139615598e-19,-1.2371409674472e-08,-9.76046479195247e-08
3.95000791549683,6.38553757786462e-19,2.30441088433508e-09,1.81952088951221e-08
3.96667456626892,-1.16273133942005e-19,-1.47108023540454e-08,-1.16059887034226e-07
3.98334121704102,-5.21361445238152e-19,-1.23712906585638e-08,-9.76037100031135e-08
4.00000810623169,6.38415618624166e-19,2.30438934600841e-09,1.81950383648655e-08
4.01667451858521,-1.16264086654055e-19,-1.47109133763479e-08,-1.16060761001791e-07
4.03334140777588,-5.21361031647845e-19,-1.23711716426556e-08,-9.76027720867023e-08
4.05000829696655,6.38522738513491e-19,2.30436780768173e-09,1.81948678346089e-08
4.06667470932007,-1.16254793796861e-19,-1.47110243986504e-08,-1.16061642074783e-07
4.08334159851074,-5.21492449967665e-19,-1.23710526267473e-08,-9.76018341702911e-08
4.10000801086426,6.38679385841994e-19,2.30434626935505e-09,1.81946990807091e-08
4.11667490005493,-1.1630267979951e-19,-1.47111354209528e-08,-1.16062516042348e-07
4.13334178924561,-5.21374421634011e-19,-1.23709336108391e-08,-9.76008962538799e-08
4.15000820159912,6.38506866985488e-19,2.30432473102837e-09,1.81945285504526e-08
4.16667509078979,-1.16323514411188e-19,-1.47112464432553e-08,-1.16063390009913e-07
4.18334150314331,-5.21413195725224e-19,-1.23708154831093e-08,-9.75999583374687e-08
4.20000839233398,6.38426320273341e-19,2.3043031927017e-09,1.8194358020196e-08
4.21667528152466,-1.16361409623001e-19,-1.47113574655577e-08,-1.16064263977478e-07
4.23334169387817,-5.21441164769686e-19,-1.2370696467201e-08,-9.75990204210575e-08
4.25000858306885,6.38514053117059e-19,2.30428143233041e-09,1.81941874899394e-08
4.26667499542236,-1.1635051410337e-19,-1.47114684878602e-08,-1.1606514505047e-07
4.28334188461304,-5.21424000771976e-19,-1.23705774512928e-08,-9.75980825046463e-08
4.30000877380371,6.38620035633043e-19,2.30425989400374e-09,1.81940169596828e-08
4.31667518615723,-1.16384971345762e-19,-1.47115795101627e-08,-1.16066019018035e-07
4.3333420753479,-5.21458897454068e-19,-1.23704584353845e-08,-9.75971445882351e-08
4.35000848770142,6.38549776979764e-19,2.30423835567706e-09,1.81938482057831e-08
4.36667537689209,-1.16364188432871e-19,-1.47116905324651e-08,-1.160668929856e-07
4.38334226608276,-5.21456829502537e-19,-1.23703394194763e-08,-9.75962066718239e-08
4.40000867843628,6.3843779740434e-19,2.30421681735038e-09,1.81936776755265e-08
4.41667556762695,-1.16367936595022e-19,-1.4711802442946e-08,-1.16067774058592e-07
4.43334197998047,-5.21479732065747e-19,-1.23702204035681e-08,-9.75952687554127e-08
4.45000886917114,6.38716660668347e-19,2.3041952790237e-09,1.81935071452699e-08
4.46667575836182,-1.16376647840848e-19,-1.47119134652485e-08,-1.16068648026157e-07
4.48334217071533,-5.21377368464943e-19,-1.23701022758382e-08,-9.75943308390015e-08
4.50000905990601,6.38476106206459e-19,2.30417374069702e-09,1.81933366150133e-08
4.51667547225952,-1.16449879174453e-19,-1.47120244875509e-08,-1.16069521993722e-07
4.5333423614502,-5.21344798228324e-19,-1.236998325993e-08,-9.75933929225903e-08
4.55000925064087,6.38417789973274e-19,2.30415198032574e-09,1.81931660847567e-08
4.56667566299438,-1.16418653106329e-19,-1.47121355098534e-08,-1.16070403066715e-07
4.58334255218506,-5.21423845675611e-19,-1.23698642440218e-08,-9.75924550061791e-08
4.60000896453857,6.38622982463975e-19,2.30413044199906e-09,1.8192997330857e-08
4.61667585372925,-1.1644168491651e-19,-1.47122465321559e-08,-1.1607127703428e-07
4.63334274291992,-5.21379953404357e-19,-1.23697452281135e-08,-9.75915170897679e-08
4.65000915527344,6.38483033844089e-19,2.30410890367239e-09,1.81928268006004e-08
4.66667604446411,-1.16380215057239e-19,-1.47123575544583e-08,-1.16072151001845e-07
4.68334293365479,-5.21393963775983e-19,-1.23696262122053e-08,-9.75905791733567e-08
4.7000093460083,6.38458063329347e-19,2.30408736534571e-09,1.81926562703438e-08
4.71667623519897,-1.16450590032792e-19,-1.47124685767608e-08,-1.16073032074837e-07
4.73334264755249,-5.21326703652424e-19,-1.2369507196297e-08,-9.75896412569455e-08
4.75000953674316,6.38667340024323e-19,2.30406582701903e-09,1.81924857400872e-08
4.76667642593384,-1.16413030863103e-19,-1.47125795990632e-08,-1.16073906042402e-07
4.78334283828735,-5.21326755351213e-19,-1.23693890685672e-08,-9.75887033405343e-08
4.80000972747803,6.38666461144922e-19,2.30404406664775e-09,1.81923152098307e-08
4.81667613983154,-1.1637191740172e-19,-1.47126906213657e-08,-1.16074780009967e-07
4.83334302902222,-5.21370440827313e-19,-1.2369270052659e-08,-9.75877654241231e-08
4.85000991821289,6.38668684192819e-19,2.30402252832107e-09,1.81921446795741e-08
4.86667633056641,-1.16485977853373e-19,-1.47128016436682e-08,-1.16075661082959e-07
4.88334321975708,-5.21296614957643e-19,-1.23691510367507e-08,-9.75868275077119e-08
4.9000096321106,6.38548432811269e-19,2.30400098999439e-09,1.81919741493175e-08
4.91667652130127,-1.16391898983392e-19,-1.47129126659706e-08,-1.16076535050524e-07
4.93334341049194,-5.21171658986359e-19,-1.23690320208425e-08,-9.75858895913007e-08
4.95000982284546,6.38711956078613e-19,2.30397945166771e-09,1.81918036190609e-08
4.96667671203613,-1.16326655112577e-19,-1.47130236882731e-08,-1.16077409018089e-07
4.98334312438965,-5.2126745684105e-19,-1.23689130049343e-08,-9.75849516748895e-08
5.00001001358032,6.38622568873669e-19,2.30395769129643e-09,1.81916330888043e-08
5.016676902771,-1.16373881955675e-19,-1.47131347105756e-08,-1.16078290091082e-07
5.03334331512451,-5.21161732819008e-19,-1.2368793989026e-08,-9.75840137584782e-08
5.05001020431519,6.38646970701739e-19,2.30393615296975e-09,1.81914643349046e-08
5.0666766166687,-1.16447992168681e-19,-1.4713245732878e-08,-1.16079164058647e-07
5.08334350585938,-5.21259598625231e-19,-1.23686758612962e-08,-9.7583075842067e-08
5.10001039505005,6.38714954608333e-19,2.30391461464308e-09,1.8191293804648e-08
5.11667680740356,-1.16439642814373e-19,-1.47133567551805e-08,-1.16080038026212e-07
5.13334369659424,-5.21236230772926e-19,-1.2368556845388e-08,-9.75821379256558e-08
5.15001010894775,6.38681557191101e-19,2.3038930763164e-09,1.81911232743914e-08
5.16667699813843,-1.16448806424596e-19,-1.47134677774829e-08,-1.16080919099204e-07
5.1833438873291,-5.2121441388427e-19,-1.23684378294797e-08,-9.75812000092446e-08
5.20001029968262,6.386987728876e-19,2.30387131594512e-09,1.81909527441348e-08
5.21667718887329,-1.1648823967536e-19,-1.47135787997854e-08,-1.16081793066769e-07
5.23334360122681,-5.21215706353977e-19,-1.23683188135715e-08,-9.75802620928334e-08
5.25001049041748,6.38431128260651e-19,2.30384977761844e-09,1.81907822138783e-08
5.26667737960815,-1.16503658838966e-19,-1.47136898220879e-08,-1.16082667034334e-07
5.28334379196167,-5.21313210268682e-19,-1.23681997976632e-08,-9.75793241764222e-08
5.30001068115234,6.38662687133378e-19,2.30382823929176e-09,1.81906116836217e-08
5.31667709350586,-1.16517294394376e-19,-1.47138008443903e-08,-1.16083541001899e-07
5.33334398269653,-5.21433203156291e-19,-1.2368080781755e-08,-9.7578386260011e-08
5.35001087188721,6.38543521426382e-19,2.30380647892048e-09,1.81904411533651e-08
5.36667728424072,-1.1661210997209e-19,-1.47139118666928e-08,-1.16084422074891e-07
5.3833441734314,-5.2134040383132e-19,-1.23679626540252e-08,-9.75774483435998e-08
5.40001058578491,6.38666719638864e-19,2.3037849405938e-09,1.81902706231085e-08
5.41667747497559,-1.1658315865065e-19,-1.47140228889953e-08,-1.16085296042456e-07
5.43334436416626,-5.21228217460742e-19,-1.23678436381169e-08,-9.75765104271886e-08
5.45001077651978,6.38603647117157e-19,2.30376340226712e-09,1.81901000928519e-08
5.46667766571045,-1.16515562484968e-19,-1.47141339112977e-08,-1.16086170010021e-07
5.48334407806396,-5.21247966397867e-19,-1.23677246222087e-08,-9.75755725107774e-08
5.50001096725464,6.3861770918757e-19,2.30374164189584e-09,1.81899295625954e-08
5.51667785644531,-1.16523007110481e-19,-1.47142449336002e-08,-1.16087051083014e-07
5.53334426879883,-5.21351157179283e-19,-1.23676056063005e-08,-9.75746345943662e-08
5.5500111579895,6.38519946778924e-19,2.30372010356916e-09,1.81897590323388e-08
5.56667757034302,-1.16617241076827e-19,-1.47143559559026e-08,-1.16087925050579e-07
5.58334445953369,-5.21284258947243e-19,-1.23674865903922e-08,-9.7573696677955e-08
5.60001134872437,6.38448860945033e-19,2.30369856524248e-09,1.81895885020822e-08
5.61667776107788,-1.1661316979725e-19,-1.47144669782051e-08,-1.16088799018144e-07
5.63334465026855,-5.21397272498433e-19,-1.2367367574484e-08,-9.75727587615438e-08
5.65001106262207,6.38673130288611e-19,2.3036768048712e-09,1.81894179718256e-08
5.66667795181274,-1.16565012375963e-19,-1.47145780005076e-08,-1.16089680091136e-07
5.68334484100342,-5.21324325508163e-19,-1.23672485585757e-08,-9.75718208451326e-08
5.70001125335693,6.38419806226017e-19,2.30365526654452e-09,1.8189247441569e-08
5.71667814254761,-1.16552837311322e-19,-1.471468902281e-08,-1.16090554058701e-07
5.73334503173828,-5.21326548556059e-19,-1.23671304308459e-08,-9.75708829287214e-08
5.7500114440918,6.38532044295383e-19,2.30363372821785e-09,1.81890769113124e-08
5.76667833328247,-1.16639665426246e-19,-1.47148000451125e-08,-1.16091428026266e-07
5.78334474563599,-5.21358550106008e-19,-1.23670114149377e-08,-9.75699450123102e-08
5.80001163482666,6.3837870568933e-19,2.30361196784656e-09,1.81889063810559e-08
5.81667852401733,-1.16658677655637e-19,-1.4714911067415e-08,-1.16092301993831e-07
5.83334493637085,-5.21301164451012e-19,-1.23668923990294e-08,-9.7569007095899e-08
5.85001182556152,6.38537937957247e-19,2.30359042951989e-09,1.81887358507993e-08
5.86667823791504,-1.16649229702078e-19,-1.47150220897174e-08,-1.16093183066823e-07
5.88334512710571,-5.2123550698989e-19,-1.23667733831212e-08,-9.75680691794878e-08
5.90001201629639,6.38571438772055e-19,2.30356889119321e-09,1.81885653205427e-08
5.9166784286499,-1.16686271883884e-19,-1.47151331120199e-08,-1.16094057034388e-07
5.93334531784058,-5.21341541204662e-19,-1.2366654367213e-08,-9.75671312630766e-08
5.95001173019409,6.38529304259603e-19,2.30354713082193e-09,1.81883947902861e-08
5.96667861938477,-1.1673470072381e-19,-1.47152441343223e-08,-1.16094931001953e-07
5.98334550857544,-5.21482575499102e-19,-1.23665353513047e-08,-9.75661933466654e-08
6.00001192092896,6.38595892298914e-19,2.30352559249525e-09,1.81882242600295e-08
6.01667881011963,-1.16734817046083e-19,-1.47153551566248e-08,-1.16095812074946e-07
6.03334522247314,-5.21312796678376e-19,-1.23664163353965e-08,-9.75652554302542e-08
6.05001211166382,6.38686365178412e-19,2.30350383212397e-09,1.81880537297729e-08
6.06667900085449,-1.16721271963553e-19,-1.47154661789273e-08,-1.16096686042511e-07
6.08334541320801,-5.21443439516371e-19,-1.23662982076667e-08,-9.7564317513843e-08
6.10001230239868,6.38549259991881e-19,2.30348229379729e-09,1.81878831995164e-08
6.1166787147522,-1.16825354549067e-19,-1.47155772012297e-08,-1.16097560010076e-07
6.13334560394287,-5.21368269478205e-19,-1.23661791917584e-08,-9.75633795974318e-08
6.15001249313354,6.38444363150452e-19,2.303460533426e-09,1.81877126692598e-08
6.16667890548706,-1.16776770612776e-19,-1.47156882235322e-08,-1.16098433977641e-07
6.18334579467773,-5.21296459861278e-19,-1.23660601758502e-08,-9.75624416810206e-08
6.20001220703125,6.38511106286127e-19,2.30343899509933e-09,1.81875421390032e-08
6.21667909622192,-1.16856593541888e-19,-1.47157992458347e-08,-1.16099315050633e-07
6.2333459854126,-5.21446282949727e-19,-1.23659411599419e-08,-9.75615037646094e-08
6.25001239776611,6.38367848943791e-19,2.30341745677265e-09,1.81873698323898e-08
6.26667928695679,-1.16867178868789e-19,-1.47159102681371e-08,-1.16100189018198e-07
6.2833456993103,-5.21317966557204e-19,-1.23658221440337e-08,-9.75605658481982e-08
6.30001258850098,6.3849807819148e-19,2.30339569640137e-09,1.81871993021332e-08
6.31667947769165,-1.16854887481874e-19,-1.47160212904396e-08,-1.16101062985763e-07
6.33334589004517,-5.21277383008401e-19,-1.23657031281255e-08,-9.7559627931787e-08
6.35001277923584,6.38493425300534e-19,2.30337415807469e-09,1.81870287718766e-08
6.36667919158936,-1.16828456476364e-19,-1.4716132312742e-08,-1.16101944058755e-07
6.38334608078003,-5.21210846667879e-19,-1.23655841122172e-08,-9.75586900153758e-08
6.4000129699707,6.38502679383637e-19,2.30335239770341e-09,1.818685824162e-08
6.41667938232422,-1.16846938793175e-19,-1.47162433350445e-08,-1.1610281802632e-07
6.43334627151489,-5.21307678498336e-19,-1.23654659844874e-08,-9.75577520989646e-08
6.45001268386841,6.38671579324963e-19,2.30333085937673e-09,1.81866877113634e-08
6.46667957305908,-1.16780984064021e-19,-1.4716354357347e-08,-1.16103691993885e-07
6.48334646224976,-5.21418313905265e-19,-1.23653469685792e-08,-9.75568141825534e-08
6.50001287460327,6.38543159534864e-19,2.30330909900545e-09,1.81865171811069e-08
6.51667976379395,-1.16846525202869e-19,-1.47164653796494e-08,-1.1610456596145e-07
6.53334617614746,-5.21286378597562e-19,-1.23652279526709e-08,-9.75558762661421e-08
6.55001306533813,6.38452169667483e-19,2.30328756067877e-09,1.81863466508503e-08
6.56667995452881,-1.16900240243897e-19,-1.47165764019519e-08,-1.16105447034442e-07
6.58334636688232,-5.21220979630382e-19,-1.23651089367627e-08,-9.75549383497309e-08
6.600013256073,6.38780973960973e-19,2.30326580030749e-09,1.81861761205937e-08
6.61667966842651,-1.16936429395696e-19,-1.47166874242544e-08,-1.16106321002007e-07
6.63334655761719,-5.21233594134724e-19,-1.23649899208544e-08,-9.75540004333197e-08
6.65001344680786,6.38444052957722e-19,2.30324426198081e-09,1.81860038139803e-08
6.66667985916138,-1.16927511354717e-19,-1.47167984465568e-08,-1.16107194969572e-07
6.68334674835205,-5.2126233866101e-19,-1.23648709049462e-08,-9.75530625169085e-08
6.70001363754272,6.38589946938261e-19,2.30322250160953e-09,1.81858332837237e-08
6.71668004989624,-1.16940216331938e-19,-1.47169094688593e-08,-1.16108068937137e-07
6.73334693908691,-5.21364392069084e-19,-1.2364751889038e-08,-9.75521246004973e-08
6.75001335144043,6.3864423066596e-19,2.30320096328285e-09,1.81856627534671e-08
6.7666802406311,-1.16884006824375e-19,-1.47170204911617e-08,-1.1610895001013e-07
6.78334712982178,-5.212336975323e-19,-1.23646337613081e-08,-9.75511866840861e-08
6.80001354217529,6.38693137719677e-19,2.30317920291156e-09,1.81854922232105e-08
6.81668043136597,-1.16943615527268e-19,-1.47171315134642e-08,-1.16109823977695e-07
6.83334684371948,-5.2133466526582e-19,-1.23645147453999e-08,-9.75502487676749e-08
6.85001373291016,6.38553395894944e-19,2.30315766458489e-09,1.81853216929539e-08
6.86668062210083,-1.16915917901444e-19,-1.47172425357667e-08,-1.1611069794526e-07
6.88334703445435,-5.21377678657673e-19,-1.23643957294917e-08,-9.75493108512637e-08
6.90001392364502,6.38636579245294e-19,2.3031359042136e-09,1.81851511626974e-08
6.91668033599854,-1.17002435823638e-19,-1.47173535580691e-08,-1.16111579018252e-07
6.93334722518921,-5.21236230772926e-19,-1.23642767135834e-08,-9.75483729348525e-08
6.95001411437988,6.38551793232507e-19,2.30311436588693e-09,1.81849788560839e-08
6.9666805267334,-1.169717138187e-19,-1.47174645803716e-08,-1.16112452985817e-07
6.98334741592407,-5.21151186266198e-19,-1.23641576976752e-08,-9.7547427913014e-08
7.00001382827759,6.38662480338224e-19,2.30309260551564e-09,1.81848083258274e-08
7.01668071746826,-1.16919472193139e-19,-1.47175756026741e-08,-1.16113326953382e-07
7.03334760665894,-5.21061902458831e-19,-1.23640386817669e-08,-9.75464899966028e-08
7.05001401901245,6.38574695795717e-19,2.30307084514436e-09,1.81846377955708e-08
7.06668090820312,-1.16912815974147e-19,-1.47176866249765e-08,-1.16114200920947e-07
7.08334732055664,-5.21102589405211e-19,-1.23639196658587e-08,-9.75455520801916e-08
7.10001420974731,6.38572162555091e-19,2.30304930681768e-09,1.81844672653142e-08
7.11668109893799,-1.16924913490606e-19,-1.4717797647279e-08,-1.16115081993939e-07
7.1333475112915,-5.21070174264956e-19,-1.23638006499505e-08,-9.75446141637804e-08
7.15001440048218,6.38602147852296e-19,2.3030275464464e-09,1.81842967350576e-08
7.16668081283569,-1.16950052026409e-19,-1.47179086695814e-08,-1.16115955961504e-07
7.18334770202637,-5.21257272179758e-19,-1.23636825222206e-08,-9.75436762473691e-08
7.20001459121704,6.38489961481719e-19,2.30300600811972e-09,1.81841244284442e-08
7.21668100357056,-1.1697864145633e-19,-1.47180196918839e-08,-1.16116829929069e-07
7.23334789276123,-5.21202885054483e-19,-1.23635635063124e-08,-9.75427383309579e-08
7.25001430511475,6.38475072230693e-19,2.30298424774844e-09,1.81839538981876e-08
7.26668119430542,-1.16987960162919e-19,-1.47181307141864e-08,-1.16117703896634e-07
7.28334808349609,-5.21201747681141e-19,-1.23634444904042e-08,-9.75418004145467e-08
7.30001449584961,6.38667391723111e-19,2.30296270942176e-09,1.8183783367931e-08
7.31668138504028,-1.16972269580674e-19,-1.47182417364888e-08,-1.16118584969627e-07
7.3333477973938,-5.21248948674844e-19,-1.23633254744959e-08,-9.75408624981355e-08
7.35001468658447,6.38477191881013e-19,2.30294094905048e-09,1.81836128376744e-08
7.36668157577515,-1.17031141575833e-19,-1.47183527587913e-08,-1.16119458937192e-07
7.38334798812866,-5.21355137985981e-19,-1.23632064585877e-08,-9.75399245817243e-08
7.40001487731934,6.38654518724829e-19,2.3029191886792e-09,1.8183440531061e-08
7.41668128967285,-1.17012685108416e-19,-1.47184637810938e-08,-1.16120332904757e-07
7.43334817886353,-5.21256393300357e-19,-1.23630874426794e-08,-9.75389866653131e-08
7.4500150680542,6.38506763587911e-19,2.30289765035252e-09,1.81832700008044e-08
7.46668148040771,-1.17030689211436e-19,-1.47185748033962e-08,-1.16121206872322e-07
7.48334836959839,-5.21172175974242e-19,-1.23629684267712e-08,-9.75380487489019e-08
7.5000147819519,6.38616520115439e-19,2.30287588998124e-09,1.81830994705479e-08
7.51668167114258,-1.17028621259904e-19,-1.47186858256987e-08,-1.16122087945314e-07
7.53334856033325,-5.21163955866905e-19,-1.2362849410863e-08,-9.75371108324907e-08
7.55001497268677,6.38590102034626e-19,2.30285412960995e-09,1.81829289402913e-08
7.56668186187744,-1.16991217186581e-19,-1.47187968480011e-08,-1.16122961912879e-07
7.58334827423096,-5.2116318038508e-19,-1.23627312831331e-08,-9.75361729160795e-08
7.60001516342163,6.38720589776256e-19,2.30283259128328e-09,1.81827566336779e-08
7.6166820526123,-1.16956527299642e-19,-1.47189069821252e-08,-1.16123835880444e-07
7.63334846496582,-5.21148911519514e-19,-1.23626122672249e-08,-9.75352349996683e-08
7.65001535415649,6.38637199630753e-19,2.30281083091199e-09,1.81825861034213e-08
7.66668176651001,-1.17002926962127e-19,-1.47190180044277e-08,-1.16124709848009e-07
7.68334865570068,-5.21233335640782e-19,-1.23624932513167e-08,-9.75342970832571e-08
7.70001554489136,6.38585190649739e-19,2.30278907054071e-09,1.81824155731647e-08
7.71668195724487,-1.17016704689205e-19,-1.47191290267301e-08,-1.16125590921001e-07
7.73334884643555,-5.21129782967848e-19,-1.23623742354084e-08,-9.75333591668459e-08
7.75001573562622,6.38599407816517e-19,2.30276753221403e-09,1.81822432665513e-08
7.76668214797974,-1.1705339790419e-19,-1.47192400490326e-08,-1.16126464888566e-07
7.78334903717041,-5.21103778477341e-19,-1.23622552195002e-08,-9.75324212504347e-08
7.80001544952393,6.3859149790191e-19,2.30274577184275e-09,1.81820727362947e-08
7.8166823387146,-1.17053255732522e-19,-1.4719351071335e-08,-1.16127338856131e-07
7.83334922790527,-5.21020957018509e-19,-1.23621362035919e-08,-9.75314833340235e-08
7.85001564025879,6.38628462535533e-19,2.30272401147147e-09,1.81819022060381e-08
7.86668252944946,-1.17146959786288e-19,-1.47194620936375e-08,-1.16128212823696e-07
7.88334894180298,-5.21255928011263e-19,-1.23620171876837e-08,-9.75305454176123e-08
7.90001583099365,6.38711128898e-19,2.30270247314479e-09,1.81817298994247e-08
7.91668272018433,-1.17076067822853e-19,-1.471957311594e-08,-1.16129093896689e-07
7.93334913253784,-5.21129162582389e-19,-1.23618981717755e-08,-9.75296075012011e-08
7.95001602172852,6.38699858562154e-19,2.30268071277351e-09,1.81815593691681e-08
7.96668243408203,-1.17053191109037e-19,-1.47196841382424e-08,-1.16129967864254e-07
7.98334932327271,-5.211035199834e-19,-1.23617800440456e-08,-9.75286695847899e-08
8.00001621246338,6.38790486538017e-19,2.30265895240223e-09,1.81813888389115e-08
8.01668262481689,-1.17070484353718e-19,-1.47197951605449e-08,-1.16130841831819e-07
8.03334903717041,-5.21019871343955e-19,-1.23616610281374e-08,-9.75277316683787e-08
8.05001640319824,6.38768307757843e-19,2.30263741407555e-09,1.81812165322981e-08
8.06668281555176,-1.17029732783853e-19,-1.47199061828474e-08,-1.16131715799384e-07
8.08334922790527,-5.2105740466425e-19,-1.23615420122292e-08,-9.75267937519675e-08
8.10001659393311,6.38790279742864e-19,2.30261565370427e-09,1.81810460020415e-08
8.11668300628662,-1.1709898331076e-19,-1.47200172051498e-08,-1.16132596872376e-07
8.13334941864014,-5.2108904432268e-19,-1.23614229963209e-08,-9.75258487301289e-08
8.15001583099365,6.38871550238047e-19,2.30259389333298e-09,1.81808754717849e-08
8.16668319702148,-1.17019289628619e-19,-1.47201282274523e-08,-1.16133470839941e-07
8.183349609375,-5.20964553640491e-19,-1.23613039804127e-08,-9.75249108137177e-08
8.20001602172852,6.38738942846097e-19,2.3025721329617e-09,1.81807031651715e-08
8.21668338775635,-1.17001091655143e-19,-1.47202392497547e-08,-1.16134344807506e-07
8.23334980010986,-5.20951060256749e-19,-1.23611849645044e-08,-9.75239728973065e-08
8.25001621246338,6.38799068536872e-19,2.30255059463502e-09,1.81805326349149e-08
8.26668357849121,-1.17005847943665e-19,-1.47203502720572e-08,-1.16135218775071e-07
8.28334999084473,-5.20952869714339e-19,-1.23610659485962e-08,-9.75230349808953e-08
8.30001640319824,6.38810442270295e-19,2.30252883426374e-09,1.81803603283015e-08
8.31668376922607,-1.16981627061354e-19,-1.47204612943597e-08,-1.16136099848063e-07
8.33335018157959,-5.20827965441843e-19,-1.2360946932688e-08,-9.75220970644841e-08
8.35001659393311,6.38716764065923e-19,2.30250707389246e-09,1.81801897980449e-08
8.36668300628662,-1.1694828134291e-19,-1.47205723166621e-08,-1.16136973815628e-07
8.38335037231445,-5.20837012729793e-19,-1.23608279167797e-08,-9.75211591480729e-08
8.40001678466797,6.38978825223738e-19,2.30248531352117e-09,1.81800192677883e-08
8.41668319702148,-1.17007631551861e-19,-1.47206833389646e-08,-1.16137847783193e-07
8.43335056304932,-5.20963106074419e-19,-1.23607097890499e-08,-9.75202212316617e-08
8.45001697540283,6.38901535535252e-19,2.3024637751945e-09,1.81798469611749e-08
8.46668338775635,-1.16941198608915e-19,-1.47207943612671e-08,-1.16138721750758e-07
8.48335075378418,-5.20651517477428e-19,-1.23605907731417e-08,-9.75192833152505e-08
8.5000171661377,6.38959334780554e-19,2.30244201482321e-09,1.81796764309183e-08
8.51668357849121,-1.16998791059064e-19,-1.47209053835695e-08,-1.1613960282375e-07
8.53334999084473,-5.2087749288102e-19,-1.23604717572334e-08,-9.75183453988393e-08
8.55001735687256,6.38962333310275e-19,2.30242025445193e-09,1.81795041243049e-08
8.56668376922607,-1.17016730538599e-19,-1.4721016405872e-08,-1.16140476791315e-07
8.58335018157959,-5.20900653938171e-19,-1.23603527413252e-08,-9.75174074824281e-08
8.60001754760742,6.38801498379922e-19,2.30239849408065e-09,1.81793335940483e-08
8.61668395996094,-1.16958646949961e-19,-1.4721126539996e-08,-1.1614135075888e-07
8.63335037231445,-5.20810336155038e-19,-1.23602337254169e-08,-9.75164695660169e-08
8.65001773834229,6.38919940303882e-19,2.30237673370937e-09,1.81791612874349e-08
8.6666841506958,-1.17018901887707e-19,-1.47212375622985e-08,-1.16142224726445e-07
8.68335056304932,-5.20969878615684e-19,-1.23601147095087e-08,-9.75155316496057e-08
8.70001697540283,6.38979807500715e-19,2.30235519538269e-09,1.81789907571783e-08
8.71668434143066,-1.17006791446551e-19,-1.47213485846009e-08,-1.1614309869401e-07
8.73335075378418,-5.209181798274e-19,-1.23599956936005e-08,-9.75145937331945e-08
8.7500171661377,6.38912392280792e-19,2.30233343501141e-09,1.81788202269217e-08
8.76668453216553,-1.17036117584206e-19,-1.47214596069034e-08,-1.16143979767003e-07
8.78335094451904,-5.20818969852682e-19,-1.23598766776922e-08,-9.75136558167833e-08
8.80001735687256,6.38869378888939e-19,2.30231167464012e-09,1.81786479203083e-08
8.81668472290039,-1.16956126634032e-19,-1.47215706292059e-08,-1.16144853734568e-07
8.83335113525391,-5.20810542950191e-19,-1.2359757661784e-08,-9.75127179003721e-08
8.85001754760742,6.38899674378874e-19,2.30228991426884e-09,1.81784773900517e-08
8.86668395996094,-1.17040007918024e-19,-1.47216816515083e-08,-1.16145727702133e-07
8.88335132598877,-5.2088442051865e-19,-1.23596395340542e-08,-9.75117799839609e-08
8.90001773834229,6.38917096870526e-19,2.30226815389756e-09,1.81783050834383e-08
8.9166841506958,-1.17072112865549e-19,-1.47217926738108e-08,-1.16146601669698e-07
8.93335151672363,-5.20906754395189e-19,-1.23595205181459e-08,-9.75108420675497e-08
8.95001792907715,6.38736513003048e-19,2.30224639352627e-09,1.81781345531817e-08
8.96668434143066,-1.1713530170953e-19,-1.47219036961133e-08,-1.1614748274269e-07
8.9833517074585,-5.20854486920233e-19,-1.23594015022377e-08,-9.75099041511385e-08
9.00001811981201,6.38824245846767e-19,2.3022248551996e-09,1.81779622465683e-08
9.01668453216553,-1.17076442639068e-19,-1.47220147184157e-08,-1.16148356710255e-07
9.03335094451904,-5.20832825127942e-19,-1.23592824863294e-08,-9.75089591292999e-08
9.05001831054688,6.38729740461783e-19,2.30220309482831e-09,1.81777917163117e-08
9.06668472290039,-1.17134888119223e-19,-1.47221257407182e-08,-1.1614923067782e-07
9.08335113525391,-5.20824656719393e-19,-1.23591634704212e-08,-9.75080212128887e-08
9.10001850128174,6.38908049582576e-19,2.30218133445703e-09,1.81776194096983e-08
9.11668491363525,-1.17128451620082e-19,-1.47222367630206e-08,-1.16150104645385e-07
9.13335132598877,-5.20877647977385e-19,-1.2359044454513e-08,-9.75070832964775e-08
9.1500186920166,6.38713610439838e-19,2.30215957408575e-09,1.81774488794417e-08
9.16668510437012,-1.17194354650448e-19,-1.47223477853231e-08,-1.1615097861295e-07
9.18335151672363,-5.20868083701552e-19,-1.23589254386047e-08,-9.75061453800663e-08
9.20001792907715,6.38746128977669e-19,2.30213781371447e-09,1.81772765728283e-08
9.21668529510498,-1.17225089580083e-19,-1.47224588076256e-08,-1.16151859685942e-07
9.2333517074585,-5.20869479568836e-19,-1.23588064226965e-08,-9.75052074636551e-08
9.25001811981201,6.38792916381066e-19,2.30211605334318e-09,1.81771060425717e-08
9.26668548583984,-1.17231551928618e-19,-1.4722569829928e-08,-1.16152733653507e-07
9.28335189819336,-5.20740852983584e-19,-1.23586874067882e-08,-9.75042695472439e-08
9.30001831054688,6.39021218230131e-19,2.3020942929719e-09,1.81769337359583e-08
9.31668567657471,-1.17193915210747e-19,-1.47226808522305e-08,-1.16153607621072e-07
9.33335208892822,-5.20934723439651e-19,-1.235856839088e-08,-9.75033316308327e-08
9.35001850128174,6.38692982623312e-19,2.30207253260062e-09,1.81767614293449e-08
9.36668586730957,-1.1720806775404e-19,-1.47227909863545e-08,-1.16154481588637e-07
9.38335227966309,-5.20823054056956e-19,-1.23584502631502e-08,-9.75023937144215e-08
9.4000186920166,6.38916321388702e-19,2.30205077222934e-09,1.81765908990883e-08
9.41668510437012,-1.17191369045424e-19,-1.4722902008657e-08,-1.1615536266163e-07
9.43335247039795,-5.20808319902295e-19,-1.23583312472419e-08,-9.75014557980103e-08
9.45001888275146,6.3891818254508e-19,2.30202923390266e-09,1.81764185924749e-08
9.46668529510498,-1.17215900120465e-19,-1.47230130309595e-08,-1.16156236629195e-07
9.48335266113281,-5.20852418968702e-19,-1.23582122313337e-08,-9.75005178815991e-08
9.50001907348633,6.38857074577328e-19,2.30200747353138e-09,1.81762480622183e-08
9.51668548583984,-1.17247707799957e-19,-1.47231240532619e-08,-1.1615711059676e-07
9.53335285186768,-5.20864981774255e-19,-1.23580932154255e-08,-9.74995799651879e-08
9.55001926422119,6.39123633529723e-19,2.30198571316009e-09,1.81760757556049e-08
9.56668567657471,-1.1726812882133e-19,-1.47232350755644e-08,-1.16157984564325e-07
9.58335208892822,-5.20722499913743e-19,-1.23579741995172e-08,-9.74986420487767e-08
9.60001945495605,6.38683263251115e-19,2.30196395278881e-09,1.81759052253483e-08
9.61668586730957,-1.17233283838026e-19,-1.47233460978669e-08,-1.1615885853189e-07
9.63335227966309,-5.20806717239858e-19,-1.2357855183609e-08,-9.74977041323655e-08
9.65001964569092,6.38743854230984e-19,2.30194219241753e-09,1.81757329187349e-08
9.66668605804443,-1.1726058079824e-19,-1.47234571201693e-08,-1.16159739604882e-07
9.68335247039795,-5.2081147352838e-19,-1.23577361677008e-08,-9.74967662159543e-08
9.70001983642578,6.38836343363225e-19,2.30192043204624e-09,1.81755606121214e-08
9.7166862487793,-1.17253084473939e-19,-1.47235681424718e-08,-1.16160613572447e-07
9.73335266113281,-5.20785107146355e-19,-1.23576171517925e-08,-9.74958211941157e-08
9.75001907348633,6.38793846959256e-19,2.30189867167496e-09,1.81753900818649e-08
9.76668643951416,-1.17214749822426e-19,-1.47236791647742e-08,-1.16161487540012e-07
9.78335285186768,-5.20667750896949e-19,-1.23574981358843e-08,-9.74948832777045e-08
9.80001926422119,6.39078293692397e-19,2.30187691130368e-09,1.81752177752514e-08
9.81668663024902,-1.17192583966949e-19,-1.47237901870767e-08,-1.16162361507577e-07
9.83335304260254,-5.20808268203507e-19,-1.2357379119976e-08,-9.74939453612933e-08
9.85001945495605,6.38938448470087e-19,2.3018551509324e-09,1.81750472449949e-08
9.86668682098389,-1.17183833947032e-19,-1.47239012093792e-08,-1.16163235475142e-07
9.8833532333374,-5.20644124550703e-19,-1.23572601040678e-08,-9.74930074448821e-08
9.90001964569092,6.38948995022898e-19,2.30183339056111e-09,1.81748749383814e-08
9.91668605804443,-1.17251443037411e-19,-1.47240122316816e-08,-1.16164116548134e-07
9.93335342407227,-5.20780040665103e-19,-1.2357141976338e-08,-9.74920695284709e-08
9.95001983642578,6.38915545906877e-19,2.30181163018983e-09,1.8174702631768e-08
9.9666862487793,-1.17234162717427e-19,-1.47241223658057e-08,-1.16164990515699e-07
9.98335361480713,-5.2081178372111e-19,-1.23570229604297e-08,-9.74911316120597e-08
10.0000200271606,6.38906860510446e-19,2.30178986981855e-09,1.81745321015114e-08
10.0166864395142,-1.17313442809261e-19,-1.47242333881081e-08,-1.16165864483264e-07
10.033353805542,-5.20811370130804e-19,-1.23569039445215e-08,-9.74901936956485e-08
10.0500202178955,6.38950907878064e-19,2.30176810944727e-09,1.8174359794898e-08
10.066686630249,-1.17391921569877e-19,-1.47243444104106e-08,-1.16166738450829e-07
10.0833530426025,-5.20687499834074e-19,-1.23567849286133e-08,-9.74892557792373e-08
10.1000204086304,6.38711697584671e-19,2.30174634907598e-09,1.81741874882846e-08
10.1166868209839,-1.17344759350265e-19,-1.47244554327131e-08,-1.16167612418394e-07
10.1333532333374,-5.20843940367423e-19,-1.2356665912705e-08,-9.74883178628261e-08
10.1500205993652,6.38854489637913e-19,2.3017245887047e-09,1.8174016958028e-08
10.1666870117188,-1.17387721043329e-19,-1.47245664550155e-08,-1.16168493491386e-07
10.1833534240723,-5.20754398066114e-19,-1.23565468967968e-08,-9.74873799464149e-08
10.2000207901001,6.38829364026807e-19,2.30170282833342e-09,1.81738446514146e-08
10.2166872024536,-1.17451323477616e-19,-1.4724677477318e-08,-1.16169367458951e-07
10.2333536148071,-5.20877699676173e-19,-1.23564278808885e-08,-9.74864420300037e-08
10.2500200271606,6.38813389101227e-19,2.30168106796214e-09,1.81736723448012e-08
10.2666873931885,-1.17445300568781e-19,-1.47247884996204e-08,-1.16170241426516e-07
10.283353805542,-5.20750882548511e-19,-1.23563088649803e-08,-9.74855041135925e-08
10.3000202178955,6.38721933944752e-19,2.30165930759085e-09,1.81735018145446e-08
10.3166875839233,-1.1750373312424e-19,-1.47248995219229e-08,-1.16171115394081e-07
10.3333539962769,-5.20842596198928e-19,-1.23561898490721e-08,-9.74845661971813e-08
10.3500204086304,6.38869223792574e-19,2.30163754721957e-09,1.81733295079312e-08
10.3666877746582,-1.17477922504189e-19,-1.47250105442254e-08,-1.16171989361646e-07
10.3833541870117,-5.20702337386312e-19,-1.23560708331638e-08,-9.74836211753427e-08
10.4000205993652,6.38876875213241e-19,2.30161578684829e-09,1.81731572013177e-08
10.4166879653931,-1.17482820964378e-19,-1.47251215665278e-08,-1.16172870434639e-07
10.4333543777466,-5.20727566394995e-19,-1.23559518172556e-08,-9.74826832589315e-08
10.4500207901001,6.38937931482205e-19,2.3015938044324e-09,1.81729848947043e-08
10.4666872024536,-1.17516386402672e-19,-1.47252317006519e-08,-1.16173744402204e-07
10.4833545684814,-5.2083799500677e-19,-1.23558328013473e-08,-9.74817453425203e-08
10.500020980835,6.38834792399577e-19,2.30157204406112e-09,1.81728143644477e-08
10.5166873931885,-1.17425086342562e-19,-1.47253427229543e-08,-1.16174618369769e-07
10.5333547592163,-5.20856244679035e-19,-1.23557146736175e-08,-9.74808074261091e-08
10.5500211715698,6.38805841078138e-19,2.30155028368983e-09,1.81726420578343e-08
10.5666875839233,-1.17514202128867e-19,-1.47254537452568e-08,-1.16175492337334e-07
10.5833549499512,-5.20739922405395e-19,-1.23555956577093e-08,-9.74798695096979e-08
10.6000213623047,6.38847096711189e-19,2.30152852331855e-09,1.81724697512209e-08
10.6166877746582,-1.17431768410947e-19,-1.47255647675593e-08,-1.16176366304899e-07
10.6333541870117,-5.20717278336126e-19,-1.2355476641801e-08,-9.74789315932867e-08
10.6500215530396,6.38738529255791e-19,2.30150676294727e-09,1.81722992209643e-08
10.6666879653931,-1.17432259549436e-19,-1.47256757898617e-08,-1.16177240272464e-07
10.6833543777466,-5.20635439154271e-19,-1.23553576258928e-08,-9.74779936768755e-08
10.7000217437744,6.38845959337846e-19,2.30148500257599e-09,1.81721269143509e-08
10.7166881561279,-1.17475182468409e-19,-1.47257868121642e-08,-1.16178121345456e-07
10.7333545684814,-5.20724412768909e-19,-1.23552386099846e-08,-9.74770557604643e-08
10.7500219345093,6.3898658004198e-19,2.3014632422047e-09,1.81719546077375e-08
10.7666883468628,-1.17498873438141e-19,-1.47258978344667e-08,-1.16178995313021e-07
10.7833547592163,-5.2068160617221e-19,-1.23551195940763e-08,-9.74761178440531e-08
10.8000211715698,6.38836084869284e-19,2.30144148183342e-09,1.8171782301124e-08
10.8166885375977,-1.17586877700498e-19,-1.47260088567691e-08,-1.16179869280586e-07
10.8333549499512,-5.20667854294526e-19,-1.23550005781681e-08,-9.74751799276419e-08
10.8500213623047,6.38925213580287e-19,2.30141972146214e-09,1.81716099945106e-08
10.8666887283325,-1.17623881108213e-19,-1.47261198790716e-08,-1.16180743248151e-07
10.883355140686,-5.2074307603148e-19,-1.23548815622598e-08,-9.74742420112307e-08
10.9000215530396,6.38839135097793e-19,2.30139773904625e-09,1.8171439464254e-08
10.9166889190674,-1.17563690793953e-19,-1.47262300131956e-08,-1.16181617215716e-07
10.9333553314209,-5.20755276945515e-19,-1.23547625463516e-08,-9.74733040948195e-08
10.9500217437744,6.38768721348149e-19,2.30137597867497e-09,1.81712671576406e-08
10.9666881561279,-1.17522060344686e-19,-1.47263410354981e-08,-1.16182498288708e-07
10.9833555221558,-5.20740025802971e-19,-1.23546435304434e-08,-9.74723590729809e-08
11.0000219345093,6.38881579802974e-19,2.30135421830369e-09,1.81710948510272e-08
11.0166883468628,-1.17502647449686e-19,-1.47264520578005e-08,-1.16183372256273e-07
11.0333557128906,-5.20707558963928e-19,-1.23545245145351e-08,-9.74714211565697e-08
11.0500221252441,6.39028714554432e-19,2.3013324579324e-09,1.81709225444138e-08
11.0666885375977,-1.17455640326438e-19,-1.4726563080103e-08,-1.16184246223838e-07
11.0833559036255,-5.20755173547938e-19,-1.23544054986269e-08,-9.74704832401585e-08
11.100022315979,6.39033212349013e-19,2.30131069756112e-09,1.81707520141572e-08
11.1166887283325,-1.17501006013158e-19,-1.47266741024055e-08,-1.16185120191403e-07
11.133355140686,-5.20741525067831e-19,-1.23542864827186e-08,-9.74695453237473e-08
11.1500225067139,6.38993611077187e-19,2.30128893718984e-09,1.81705797075438e-08
11.1666889190674,-1.17509368292163e-19,-1.47267851247079e-08,-1.16185994158968e-07
11.1833553314209,-5.20654516007148e-19,-1.23541683549888e-08,-9.74686074073361e-08
11.2000226974487,6.38909238654707e-19,2.30126695477395e-09,1.81704074009303e-08
11.2166891098022,-1.17480714238756e-19,-1.47268961470104e-08,-1.16186868126533e-07
11.2333555221558,-5.20682536750399e-19,-1.23540493390806e-08,-9.74676694909249e-08
11.2500228881836,6.39128027926727e-19,2.30124519440267e-09,1.81702350943169e-08
11.2666893005371,-1.17471137038226e-19,-1.47270071693129e-08,-1.16187749199526e-07
11.2833557128906,-5.2049564563075e-19,-1.23539303231723e-08,-9.74667315745137e-08
11.3000221252441,6.39035693890851e-19,2.30122343403139e-09,1.81700627877035e-08
11.316689491272,-1.17457734127363e-19,-1.47271181916153e-08,-1.16188623167091e-07
11.3333559036255,-5.20590047618158e-19,-1.23538113072641e-08,-9.74657936581025e-08
11.350022315979,6.38855161722161e-19,2.3012016736601e-09,1.81698904810901e-08
11.3666896820068,-1.17478051751159e-19,-1.47272283257394e-08,-1.16189497134656e-07
11.3833560943604,-5.2068279524434e-19,-1.23536922913559e-08,-9.74648557416913e-08
11.4000225067139,6.39115930410268e-19,2.30117991328882e-09,1.81697181744767e-08
11.4166898727417,-1.1759203465463e-19,-1.47273393480418e-08,-1.16190371102221e-07
11.4333562850952,-5.20499419642295e-19,-1.23535732754476e-08,-9.74639178252801e-08
11.4500226974487,6.38938500168876e-19,2.30115793087293e-09,1.81695476442201e-08
11.4666900634766,-1.17539896426645e-19,-1.47274503703443e-08,-1.16191245069786e-07
11.4833564758301,-5.20639316563393e-19,-1.23534542595394e-08,-9.74629728034415e-08
11.5000228881836,6.38928574001525e-19,2.30113617050165e-09,1.81693753376067e-08
11.5166893005371,-1.17527579190336e-19,-1.47275613926467e-08,-1.1619211903735e-07
11.5333566665649,-5.20559648730646e-19,-1.23533352436311e-08,-9.74620348870303e-08
11.5500230789185,6.3882776136437e-19,2.30111441013037e-09,1.81692030309932e-08
11.566689491272,-1.17550184485513e-19,-1.47276724149492e-08,-1.16193000110343e-07
11.5833568572998,-5.20558769851245e-19,-1.23532162277229e-08,-9.74610969706191e-08
11.6000232696533,6.39082481294248e-19,2.30109264975908e-09,1.81690307243798e-08
11.6166896820068,-1.1759759227437e-19,-1.47277834372517e-08,-1.16193874077908e-07
11.6333570480347,-5.2063125155242e-19,-1.23530972118147e-08,-9.74601590542079e-08
11.6500234603882,6.39005501798493e-19,2.3010706673432e-09,1.81688584177664e-08
11.6666898727417,-1.17704337347481e-19,-1.47278944595541e-08,-1.16194748045473e-07
11.6833562850952,-5.20662787813274e-19,-1.23529781959064e-08,-9.74592211377967e-08
11.700023651123,6.39059268538308e-19,2.30104890697191e-09,1.8168686111153e-08
11.7166900634766,-1.17707814090993e-19,-1.47280054818566e-08,-1.16195622013038e-07
11.7333564758301,-5.20649811417415e-19,-1.23528591799982e-08,-9.74582832213855e-08
11.7500238418579,6.38981255066787e-19,2.30102714660063e-09,1.81685138045395e-08
11.7666902542114,-1.1772742085645e-19,-1.47281156159806e-08,-1.16196495980603e-07
11.7833566665649,-5.20635956142154e-19,-1.23527401640899e-08,-9.74573453049743e-08
11.8000240325928,6.38990974438985e-19,2.30100538622935e-09,1.81683414979261e-08
11.8166904449463,-1.17823438430991e-19,-1.47282266382831e-08,-1.16197369948168e-07
11.8333568572998,-5.20875269833124e-19,-1.23526211481817e-08,-9.74564073885631e-08
11.8500232696533,6.38834844098365e-19,2.30098340381346e-09,1.81681691913127e-08
11.8666906356812,-1.1782317993705e-19,-1.47283376605856e-08,-1.16198243915733e-07
11.8833570480347,-5.20760084932826e-19,-1.23525021322735e-08,-9.74554694721519e-08
11.9000234603882,6.38829002135289e-19,2.30096164344218e-09,1.81679986610561e-08
11.916690826416,-1.17878226221876e-19,-1.4728448682888e-08,-1.16199124988725e-07
11.9333572387695,-5.20893829698118e-19,-1.23523831163652e-08,-9.74545315557407e-08
11.950023651123,6.38764999035393e-19,2.3009398830709e-09,1.81678263544427e-08
11.9666910171509,-1.17898233652942e-19,-1.47285597051905e-08,-1.1619999895629e-07
11.9833574295044,-5.2076117060738e-19,-1.23522649886354e-08,-9.74535865339021e-08
12.0000238418579,6.38679747733512e-19,2.30091790065501e-09,1.81676540478293e-08
12.0166902542114,-1.17928399895906e-19,-1.4728670727493e-08,-1.16200872923855e-07
12.0333576202393,-5.20830653778834e-19,-1.23521459727272e-08,-9.74526486174909e-08
12.0500240325928,6.38864002214958e-19,2.30089614028373e-09,1.81674817412159e-08
12.0666904449463,-1.17886433404516e-19,-1.47287817497954e-08,-1.1620174689142e-07
12.0833578109741,-5.20719759877964e-19,-1.23520269568189e-08,-9.74517107010797e-08
12.1000242233276,6.38869172093786e-19,2.30087437991244e-09,1.81673094346024e-08
12.1166906356812,-1.17873521632142e-19,-1.47288918839195e-08,-1.16202620858985e-07
12.133358001709,-5.20742093754502e-19,-1.23519079409107e-08,-9.74507727846685e-08
12.1500244140625,6.3884554574754e-19,2.30085261954116e-09,1.8167137127989e-08
12.166690826416,-1.17890259114849e-19,-1.47290029062219e-08,-1.1620349482655e-07
12.1833572387695,-5.2065234465804e-19,-1.23517889250024e-08,-9.74498348682573e-08
12.2000246047974,6.38664651687332e-19,2.30083063712527e-09,1.81669648213756e-08
12.2166910171509,-1.17924406164511e-19,-1.47291139285244e-08,-1.16204375899542e-07
12.2333574295044,-5.20895897649649e-19,-1.23516699090942e-08,-9.74488969518461e-08
12.2500247955322,6.38588085781883e-19,2.30080887675399e-09,1.81667925147622e-08
12.2666912078857,-1.1795428806414e-19,-1.47292249508268e-08,-1.16205249867107e-07
12.2833576202393,-5.20876045314948e-19,-1.2351550893186e-08,-9.74479590354349e-08
12.3000249862671,6.38889127826064e-19,2.3007868943381e-09,1.81666202081487e-08
12.3166913986206,-1.17968996369407e-19,-1.47293359731293e-08,-1.16206123834672e-07
12.3333578109741,-5.20884265422285e-19,-1.23514318772777e-08,-9.74470211190237e-08
12.3500242233276,6.38703839368852e-19,2.30076513396682e-09,1.81664479015353e-08
12.3666915893555,-1.17955050621267e-19,-1.47294469954318e-08,-1.16206997802237e-07
12.383358001709,-5.20743851513304e-19,-1.23513128613695e-08,-9.74460832026125e-08
12.4000244140625,6.38677731480768e-19,2.30074337359554e-09,1.81662755949219e-08
12.4166917800903,-1.17961086454799e-19,-1.47295580177342e-08,-1.16207871769802e-07
12.4333581924438,-5.20715985866419e-19,-1.23511938454612e-08,-9.74451381807739e-08
12.4500246047974,6.38739304737615e-19,2.30072139117965e-09,1.81661032883085e-08
12.4666919708252,-1.17907526510136e-19,-1.47296681518583e-08,-1.16208745737367e-07
12.4833583831787,-5.20766598980149e-19,-1.2351074829553e-08,-9.74442002643627e-08
12.5000247955322,6.38702495200357e-19,2.30069963080837e-09,1.81659309816951e-08
12.5166921615601,-1.17938855975837e-19,-1.47297791741607e-08,-1.16209619704932e-07
12.5333585739136,-5.20640453936735e-19,-1.23509558136448e-08,-9.74432623479515e-08
12.5500249862671,6.3871805653563e-19,2.30067787043708e-09,1.81657586750816e-08
12.5666913986206,-1.18012500899748e-19,-1.47298901964632e-08,-1.16210500777925e-07
12.5833587646484,-5.2075874076433e-19,-1.23508367977365e-08,-9.74423244315403e-08
12.600025177002,6.38708699054951e-19,2.3006558880212e-09,1.81655863684682e-08
12.6166915893555,-1.17940174294938e-19,-1.47300012187657e-08,-1.1621137474549e-07
12.6333589553833,-5.20729944539256e-19,-1.23507177818283e-08,-9.74413865151291e-08
12.6500253677368,6.38775493889415e-19,2.30063412764991e-09,1.81654140618548e-08
12.6666917800903,-1.17960530692825e-19,-1.47301122410681e-08,-1.16212248713055e-07
12.6833591461182,-5.20682898641917e-19,-1.235059876592e-08,-9.74404485987179e-08
12.7000255584717,6.38708905850104e-19,2.30061214523403e-09,1.81652417552414e-08
12.7166919708252,-1.18046441154257e-19,-1.47302232633706e-08,-1.1621312268062e-07
12.7333583831787,-5.20805321372575e-19,-1.23504797500118e-08,-9.74395106823067e-08
12.7500257492065,6.38555205352534e-19,2.30059038486274e-09,1.81650694486279e-08
12.7666921615601,-1.18084181269705e-19,-1.47303342856731e-08,-1.16213996648185e-07
12.7833585739136,-5.20745092284223e-19,-1.23503607341036e-08,-9.74385727658955e-08
12.8000259399414,6.38865915070124e-19,2.30056862449146e-09,1.81648971420145e-08
12.8166923522949,-1.1803226276157e-19,-1.47304444197971e-08,-1.1621487061575e-07
12.8333587646484,-5.20738940128417e-19,-1.23502417181953e-08,-9.74376348494843e-08
12.8500261306763,6.38885508910884e-19,2.30054664207557e-09,1.81647248354011e-08
12.8666925430298,-1.18150795158409e-19,-1.47305554420996e-08,-1.16215744583315e-07
12.8833589553833,-5.20776266653559e-19,-1.23501227022871e-08,-9.74366898276458e-08
12.9000253677368,6.38709060946469e-19,2.30052488170429e-09,1.81645507524308e-08
12.9166927337646,-1.18085254019561e-19,-1.4730666464402e-08,-1.1621661855088e-07
12.9333591461182,-5.20708024253023e-19,-1.23500045745573e-08,-9.74357519112345e-08
12.9500255584717,6.38754762675312e-19,2.3005028992884e-09,1.81643784458174e-08
12.9666929244995,-1.18142911093196e-19,-1.47307774867045e-08,-1.16217499623872e-07
12.983359336853,-5.20790121928819e-19,-1.2349885558649e-08,-9.74348139948233e-08
13.0000257492065,6.38768824745726e-19,2.30048113891712e-09,1.8164206139204e-08
13.0166931152344,-1.18114205341001e-19,-1.47308885090069e-08,-1.16218373591437e-07
13.0333595275879,-5.20727669792571e-19,-1.23497665427408e-08,-9.74338760784121e-08
13.0500259399414,6.38719193908973e-19,2.30045915650123e-09,1.81640338325906e-08
13.0666923522949,-1.18088252549282e-19,-1.47309995313094e-08,-1.16219247559002e-07
13.0833597183228,-5.20733046466553e-19,-1.23496475268325e-08,-9.74329381620009e-08
13.1000261306763,6.38855110023373e-19,2.30043739612995e-09,1.81638615259772e-08
13.1166925430298,-1.18037561887369e-19,-1.47311096654335e-08,-1.16220121526567e-07
13.1333599090576,-5.20590616304829e-19,-1.23495285109243e-08,-9.74320002455897e-08
13.1500263214111,6.38802377259322e-19,2.30041541371406e-09,1.81636892193637e-08
13.1666927337646,-1.18108712344746e-19,-1.47312206877359e-08,-1.16220995494132e-07
13.1833600997925,-5.20645572116775e-19,-1.23494094950161e-08,-9.74310623291785e-08
13.200026512146,6.38852318288805e-19,2.30039365334278e-09,1.81635169127503e-08
13.2166929244995,-1.18078403930114e-19,-1.47313317100384e-08,-1.16221869461697e-07
13.233359336853,-5.20622721252353e-19,-1.23492904791078e-08,-9.74301244127673e-08
13.2500267028809,6.38909186955918e-19,2.30037167092689e-09,1.81633446061369e-08
13.2666931152344,-1.18148856453849e-19,-1.47314427323408e-08,-1.16222743429262e-07
13.2833595275879,-5.20741008079949e-19,-1.23491714631996e-08,-9.74291793909288e-08
13.3000268936157,6.38759157072317e-19,2.30034991055561e-09,1.81631722995235e-08
13.3166933059692,-1.18189814818867e-19,-1.47315537546433e-08,-1.16223617396827e-07
13.3333597183228,-5.20715623974901e-19,-1.23490524472913e-08,-9.74282414745176e-08
13.3500270843506,6.38929556278503e-19,2.30032792813972e-09,1.81629982165532e-08
13.3666934967041,-1.18096588978893e-19,-1.47316647769458e-08,-1.16224498469819e-07
13.3833599090576,-5.20738268044169e-19,-1.23489334313831e-08,-9.74273035581064e-08
13.4000272750854,6.38768876444514e-19,2.30030616776844e-09,1.81628259099398e-08
13.416693687439,-1.18133514838425e-19,-1.47317749110698e-08,-1.16225372437384e-07
13.4333600997925,-5.20685121689813e-19,-1.23488144154749e-08,-9.74263656416952e-08
13.450026512146,6.38709474536775e-19,2.30028418535255e-09,1.81626536033264e-08
13.4666938781738,-1.18129262613089e-19,-1.47318859333723e-08,-1.16226246404949e-07
13.4833602905273,-5.2069845997719e-19,-1.23486953995666e-08,-9.7425427725284e-08
13.5000267028809,6.38773322540307e-19,2.30026242498127e-09,1.81624812967129e-08
13.5166940689087,-1.18195915275885e-19,-1.47319969556747e-08,-1.16227120372514e-07
13.5333604812622,-5.20554013562723e-19,-1.23485763836584e-08,-9.74244898088727e-08
13.5500268936157,6.38776476166392e-19,2.30024044256538e-09,1.81623089900995e-08
13.5666942596436,-1.18156843916638e-19,-1.47321079779772e-08,-1.16227994340079e-07
13.5833606719971,-5.20566886561006e-19,-1.23484573677501e-08,-9.74235518924615e-08
13.6000270843506,6.38721106764139e-19,2.3002186821941e-09,1.81621366834861e-08
13.6166934967041,-1.18256713050907e-19,-1.47322190002797e-08,-1.16228868307644e-07
13.6333608627319,-5.20672610583048e-19,-1.23483383518419e-08,-9.74226139760503e-08
13.6500272750854,6.38685796491741e-19,2.30019669977821e-09,1.81619626005158e-08
13.666693687439,-1.18215302321491e-19,-1.47323300225821e-08,-1.16229742275209e-07
13.6833610534668,-5.20619929517786e-19,-1.23482193359337e-08,-9.74216689542118e-08
13.7000274658203,6.38756675530479e-19,2.30017493940693e-09,1.81617902939024e-08
13.7166938781738,-1.18183882382911e-19,-1.47324401567062e-08,-1.16230616242774e-07
13.7333612442017,-5.20748762898191e-19,-1.23481003200254e-08,-9.74207310378006e-08
13.7500276565552,6.38809666788471e-19,2.30015295699104e-09,1.8161617987289e-08
13.7666940689087,-1.18264261073997e-19,-1.47325511790086e-08,-1.16231497315766e-07
13.7833604812622,-5.20609279567399e-19,-1.23479813041172e-08,-9.74197931213894e-08
13.80002784729,6.38809459993317e-19,2.30013097457515e-09,1.81614456806756e-08
13.8166942596436,-1.1826243869171e-19,-1.47326622013111e-08,-1.16232371283331e-07
13.8333606719971,-5.20593563135761e-19,-1.23478622882089e-08,-9.74188552049782e-08
13.8500280380249,6.38834378809271e-19,2.30010921420387e-09,1.81612733740621e-08
13.8666944503784,-1.18307662206762e-19,-1.47327732236135e-08,-1.16233245250896e-07
13.8833608627319,-5.20634301780929e-19,-1.23477432723007e-08,-9.7417917288567e-08
13.9000282287598,6.38847975590589e-19,2.30008723178798e-09,1.81610992910919e-08
13.9166946411133,-1.18313168127714e-19,-1.4732884245916e-08,-1.16234119218461e-07
13.9333610534668,-5.20751192741241e-19,-1.23476242563925e-08,-9.74169793721558e-08
13.9500274658203,6.38881166212668e-19,2.3000654714167e-09,1.81609269844785e-08
13.9666948318481,-1.18322331737937e-19,-1.47329943800401e-08,-1.16234993186026e-07
13.9833612442017,-5.20716709649455e-19,-1.23475052404842e-08,-9.74160414557446e-08
14.0000276565552,6.38696343044551e-19,2.30004348900081e-09,1.8160754677865e-08
14.016695022583,-1.18289541781468e-19,-1.47331054023425e-08,-1.16235867153591e-07
14.0333614349365,-5.20638747876722e-19,-1.2347386224576e-08,-9.7415096433906e-08
14.05002784729,6.38790900128323e-19,2.30002150658493e-09,1.81605823712516e-08
14.0666952133179,-1.18364711819634e-19,-1.4733216424645e-08,-1.16236741121156e-07
14.0833616256714,-5.20633939889411e-19,-1.23472672086677e-08,-9.74141585174948e-08
14.1000280380249,6.38932399711858e-19,2.29999974621364e-09,1.81604082882814e-08
14.1166944503784,-1.18323882701586e-19,-1.47333274469474e-08,-1.16237615088721e-07
14.1333618164062,-5.20440017734556e-19,-1.23471481927595e-08,-9.74132206010836e-08
14.1500282287598,6.38854748131855e-19,2.29997776379776e-09,1.81602359816679e-08
14.1666946411133,-1.1818980189417e-19,-1.47334384692499e-08,-1.16238489056286e-07
14.1833620071411,-5.20445807998844e-19,-1.23470291768513e-08,-9.74122826846724e-08
14.2000284194946,6.38774615010014e-19,2.29995600342647e-09,1.81600636750545e-08
14.2166948318481,-1.18256738900301e-19,-1.47335494915524e-08,-1.16239370129279e-07
14.233362197876,-5.20455320575888e-19,-1.2346910160943e-08,-9.74113447682612e-08
14.2500286102295,6.3869758381547e-19,2.29993402101059e-09,1.81598913684411e-08
14.266695022583,-1.18273334211341e-19,-1.47336596256764e-08,-1.16240244096844e-07
14.2833614349365,-5.20445032517019e-19,-1.23467911450348e-08,-9.741040685185e-08
14.3000288009644,6.38911823594121e-19,2.2999120385947e-09,1.81597172854708e-08
14.3166952133179,-1.18261766607462e-19,-1.47337706479789e-08,-1.16241118064409e-07
14.3333616256714,-5.20446945372186e-19,-1.23466721291265e-08,-9.74094689354388e-08
14.3500289916992,6.38944445529528e-19,2.29989027822342e-09,1.81595449788574e-08
14.3666954040527,-1.18232905758902e-19,-1.47338816702813e-08,-1.16241992031973e-07
14.3833618164062,-5.20407550895513e-19,-1.23465531132183e-08,-9.74085310190276e-08
14.4000291824341,6.3887418687625e-19,2.29986829580753e-09,1.8159372672244e-08
14.4166955947876,-1.18294970154238e-19,-1.47339926925838e-08,-1.16242865999538e-07
14.4333620071411,-5.20498592461682e-19,-1.23464349854885e-08,-9.7407585997189e-08
14.4500293731689,6.39136196335276e-19,2.29984631339164e-09,1.81591985892737e-08
14.4666957855225,-1.18340995000508e-19,-1.47341037148863e-08,-1.16243739967103e-07
14.483362197876,-5.20602300230981e-19,-1.23463159695802e-08,-9.74066480807778e-08
14.5000286102295,6.3886002140826e-19,2.29982455302036e-09,1.81590262826603e-08
14.5166959762573,-1.18244990350664e-19,-1.47342138490103e-08,-1.16244613934668e-07
14.5333623886108,-5.20497558485917e-19,-1.2346196953672e-08,-9.74057101643666e-08
14.5500288009644,6.38905568040738e-19,2.29980257060447e-09,1.81588539760469e-08
14.5666961669922,-1.18321672578387e-19,-1.47343248713128e-08,-1.16245487902233e-07
14.5833625793457,-5.20555719622737e-19,-1.23460779377638e-08,-9.74047722479554e-08
14.6000289916992,6.38871963828354e-19,2.29978058818858e-09,1.81586798930766e-08
14.6166963577271,-1.18370256514677e-19,-1.47344358936152e-08,-1.16246361869798e-07
14.6333627700806,-5.20489183282214e-19,-1.23459589218555e-08,-9.74038343315442e-08
14.6500291824341,6.38954319998091e-19,2.29975860577269e-09,1.81585075864632e-08
14.6666955947876,-1.18330060706786e-19,-1.47345469159177e-08,-1.16247235837363e-07
14.6833629608154,-5.20524803747342e-19,-1.23458399059473e-08,-9.7402896415133e-08
14.7000293731689,6.39020908037401e-19,2.29973684540141e-09,1.81583352798498e-08
14.7166957855225,-1.18361790838096e-19,-1.47346579382202e-08,-1.16248109804928e-07
14.7333631515503,-5.20479412211229e-19,-1.2345720890039e-08,-9.74019584987218e-08
14.7500295639038,6.38875841237475e-19,2.29971486298552e-09,1.81581611968795e-08
14.7666959762573,-1.18326790758427e-19,-1.47347680723442e-08,-1.16248990877921e-07
14.7833633422852,-5.20508828821763e-19,-1.23456018741308e-08,-9.74010134768832e-08
14.8000297546387,6.3894289456588e-19,2.29969288056964e-09,1.81579888902661e-08
14.8166961669922,-1.18356750206238e-19,-1.47348790946467e-08,-1.16249864845486e-07
14.8333625793457,-5.20509759399952e-19,-1.23454828582226e-08,-9.7400075560472e-08
14.8500299453735,6.38833138038352e-19,2.29967112019835e-09,1.81578165836527e-08
14.8666963577271,-1.18417793550505e-19,-1.47349901169491e-08,-1.16250738813051e-07
14.8833627700806,-5.2051100017087e-19,-1.23453638423143e-08,-9.73991376440608e-08
14.9000301361084,6.38818817473997e-19,2.29964913778247e-09,1.81576425006824e-08
14.9166965484619,-1.18324412614166e-19,-1.47351011392516e-08,-1.16251612780616e-07
14.9333629608154,-5.2063037267302e-19,-1.23452448264061e-08,-9.73981997276496e-08
14.9500303268433,6.38993559378399e-19,2.29962715536658e-09,1.8157470194069e-08
14.9666967391968,-1.1840656198875e-19,-1.4735212161554e-08,-1.16252486748181e-07
14.9833631515503,-5.20591908774536e-19,-1.23451258104978e-08,-9.73972618112384e-08
15.0000295639038,6.38790486538017e-19,2.29960517295069e-09,1.81572978874556e-08
15.0166969299316,-1.18389100723007e-19,-1.47353222956781e-08,-1.16253360715746e-07
15.0333633422852,-5.20484065102174e-19,-1.23450067945896e-08,-9.73963238948272e-08
15.0500297546387,6.38818610678844e-19,2.29958341257941e-09,1.81571238044853e-08
15.0666971206665,-1.18444043610256e-19,-1.47354333179806e-08,-1.16254234683311e-07
15.08336353302,-5.20518082904865e-19,-1.23448877786814e-08,-9.73953788729887e-08
15.1000299453735,6.38874962358074e-19,2.29956143016352e-09,1.81569514978719e-08
15.1166973114014,-1.18404209693883e-19,-1.4735544340283e-08,-1.16255108650876e-07
15.1333637237549,-5.20523614675212e-19,-1.23447687627731e-08,-9.73944409565775e-08
15.1500301361084,6.38934881253696e-19,2.29953944774763e-09,1.81567774149016e-08
15.1666965484619,-1.18459423999771e-19,-1.47356553625855e-08,-1.16255982618441e-07
15.1833639144897,-5.20311959835975e-19,-1.23446497468649e-08,-9.73935030401663e-08
15.2000303268433,6.39006018786375e-19,2.29951746533175e-09,1.81566051082882e-08
15.2166967391968,-1.18408306822855e-19,-1.47357654967095e-08,-1.16256856586006e-07
15.2333641052246,-5.2045676814196e-19,-1.23445307309566e-08,-9.7392565123755e-08
15.2500305175781,6.38882820573893e-19,2.29949548291586e-09,1.81564328016748e-08
15.2666969299316,-1.18547751379555e-19,-1.4735876519012e-08,-1.16257730553571e-07
15.2833642959595,-5.20530025324959e-19,-1.23444117150484e-08,-9.73916272073438e-08
15.300030708313,6.38818093690961e-19,2.29947372254458e-09,1.81562587187045e-08
15.3166971206665,-1.18417806475202e-19,-1.47359875413144e-08,-1.16258604521136e-07
15.33336353302,-5.20529353240712e-19,-1.23442926991402e-08,-9.73906892909326e-08
15.3500308990479,6.38775287094261e-19,2.29945174012869e-09,1.81560864120911e-08
15.3666973114014,-1.18531776453975e-19,-1.47360985636169e-08,-1.16259485594128e-07
15.3833637237549,-5.20488666294332e-19,-1.23441736832319e-08,-9.73897513745214e-08
15.4000310897827,6.38816594426101e-19,2.2994297577128e-09,1.81559123291208e-08
15.4166975021362,-1.18533275718835e-19,-1.47362095859194e-08,-1.16260359561693e-07
15.4333639144897,-5.2052185691641e-19,-1.23440546673237e-08,-9.73888063526829e-08
15.4500312805176,6.38814319679416e-19,2.29940777529691e-09,1.81557400225074e-08
15.4666976928711,-1.1856921930139e-19,-1.47363197200434e-08,-1.16261233529258e-07
15.4833641052246,-5.20493732775583e-19,-1.23439356514154e-08,-9.73878684362717e-08
15.5000314712524,6.38831431978338e-19,2.29938579288103e-09,1.81555659395372e-08
15.516697883606,-1.18618811364052e-19,-1.47364307423459e-08,-1.16262107496823e-07
15.5333642959595,-5.20517721013347e-19,-1.23438166355072e-08,-9.73869305198605e-08
15.550030708313,6.38708337163433e-19,2.29936381046514e-09,1.81553936329237e-08
15.5666980743408,-1.18581937203308e-19,-1.47365417646483e-08,-1.16262981464388e-07
15.5833644866943,-5.20566834862218e-19,-1.2343697619599e-08,-9.73859926034493e-08
15.6000308990479,6.38888145549087e-19,2.29934205009386e-09,1.81552195499535e-08
15.6166982650757,-1.18697755413763e-19,-1.47366527869508e-08,-1.16263855431953e-07
15.6333646774292,-5.20608865977093e-19,-1.23435786036907e-08,-9.73850546870381e-08
15.6500310897827,6.38729326871476e-19,2.29932006767797e-09,1.81550472433401e-08
15.6666984558105,-1.1867177677265e-19,-1.47367638092533e-08,-1.16264729399518e-07
15.6833648681641,-5.20569988488303e-19,-1.23434595877825e-08,-9.73841167706269e-08
15.7000312805176,6.38669976662526e-19,2.29929808526208e-09,1.81548731603698e-08
15.7166976928711,-1.18737343760892e-19,-1.47368739433773e-08,-1.16265603367083e-07
15.7333650588989,-5.2059056460604e-19,-1.23433405718743e-08,-9.73831717487883e-08
15.7500314712524,6.38769807022703e-19,2.29927610284619e-09,1.81547008537564e-08
15.766697883606,-1.18712567116606e-19,-1.47369849656798e-08,-1.16266477334648e-07
15.7833652496338,-5.20603282507958e-19,-1.2343221555966e-08,-9.73822338323771e-08
15.8000316619873,6.38950856179276e-19,2.29925412043031e-09,1.81545267707861e-08
15.8166980743408,-1.18659188117703e-19,-1.47370959879822e-08,-1.16267351302213e-07
15.8333654403687,-5.20628046227547e-19,-1.23431025400578e-08,-9.73812959159659e-08
15.8500318527222,6.38893522223068e-19,2.29923213801442e-09,1.81543544641727e-08
15.8666982650757,-1.18679298946345e-19,-1.47372070102847e-08,-1.16268225269778e-07
15.8833646774292,-5.20406051630653e-19,-1.23429835241495e-08,-9.73803579995547e-08
15.900032043457,6.38909962437743e-19,2.29921015559853e-09,1.81541803812024e-08
15.9166984558105,-1.18644802929862e-19,-1.47373171444087e-08,-1.16269099237343e-07
15.9333648681641,-5.20517514218194e-19,-1.23428645082413e-08,-9.73794200831435e-08
15.9500322341919,6.38942532674362e-19,2.29918817318264e-09,1.8154008074589e-08
15.9666986465454,-1.18638495677692e-19,-1.47374281667112e-08,-1.16269973204908e-07
15.9833650588989,-5.2033439711009e-19,-1.23427454923331e-08,-9.73784821667323e-08
16.0000324249268,6.38832672749257e-19,2.29916641281136e-09,1.81538339916187e-08
16.0166988372803,-1.18572463400355e-19,-1.47375391890137e-08,-1.16270847172473e-07
16.0333652496338,-5.20484892282787e-19,-1.23426264764248e-08,-9.73775371448937e-08
16.0500316619873,6.38824866232226e-19,2.29914443039547e-09,1.81536616850053e-08
16.0666980743408,-1.18637073961014e-19,-1.47376502113161e-08,-1.16271721140038e-07
16.083366394043,-5.20235393930525e-19,-1.23425074605166e-08,-9.73765992284825e-08
16.1000328063965,6.38991543125656e-19,2.29912244797958e-09,1.81534876020351e-08
16.11669921875,-1.18614429891745e-19,-1.47377603454402e-08,-1.1627260221303e-07
16.1333656311035,-5.20501746087768e-19,-1.23423884446083e-08,-9.73756613120713e-08
16.150032043457,6.38962643503005e-19,2.2991004655637e-09,1.81533152954216e-08
16.1666984558105,-1.18594151042041e-19,-1.47378713677426e-08,-1.16273476180595e-07
16.1833648681641,-5.20372809309786e-19,-1.23422694287001e-08,-9.73747233956601e-08
16.2000331878662,6.38991284631714e-19,2.29907848314781e-09,1.81531412124514e-08
16.2166996002197,-1.18638288882538e-19,-1.47379823900451e-08,-1.1627435014816e-07
16.2333660125732,-5.20383717754114e-19,-1.23421504127919e-08,-9.73737854792489e-08
16.2500324249268,6.39094423714342e-19,2.29905650073192e-09,1.8152968905838e-08
16.2666988372803,-1.18678626862098e-19,-1.47380934123476e-08,-1.16275224115725e-07
16.2833652496338,-5.20419596713183e-19,-1.23420313968836e-08,-9.73728475628377e-08
16.3000316619873,6.38875169153227e-19,2.29903451831603e-09,1.81527948228677e-08
16.3166999816895,-1.18665211026538e-19,-1.473820443465e-08,-1.1627609808329e-07
16.333366394043,-5.20332949544018e-19,-1.23419123809754e-08,-9.73719025409991e-08
16.3500328063965,6.38981255066787e-19,2.29901253590015e-09,1.81526207398974e-08
16.36669921875,-1.18720554579396e-19,-1.47383145687741e-08,-1.16276972050855e-07
16.3833656311035,-5.20286575730927e-19,-1.23417933650671e-08,-9.73709646245879e-08
16.400032043457,6.39039416203607e-19,2.29899055348426e-09,1.8152448433284e-08
16.4167003631592,-1.18623722748939e-19,-1.47384255910765e-08,-1.1627784601842e-07
16.4333667755127,-5.20353422264179e-19,-1.23416743491589e-08,-9.73700267081767e-08
16.4500331878662,6.38966779406067e-19,2.29896857106837e-09,1.81522743503137e-08
16.4666996002197,-1.18628168844732e-19,-1.4738536613379e-08,-1.16278719985985e-07
16.4833660125732,-5.20390645391744e-19,-1.23415553332507e-08,-9.73690887917655e-08
16.5000324249268,6.38889076127276e-19,2.29894658865248e-09,1.81521020437003e-08
16.5166988372803,-1.18717594823767e-19,-1.47386476356814e-08,-1.1627959395355e-07
16.5333671569824,-5.20316302534191e-19,-1.23414363173424e-08,-9.73681508753543e-08
16.5500335693359,6.38944187035587e-19,2.2989246062366e-09,1.81519279607301e-08
16.5666999816895,-1.18652686995076e-19,-1.47387577698055e-08,-1.16280467921115e-07
16.583366394043,-5.20295933211607e-19,-1.23413173014342e-08,-9.73672129589431e-08
16.6000328063965,6.39086927390041e-19,2.29890262382071e-09,1.81517538777598e-08
16.61669921875,-1.18683150506072e-19,-1.4738868792108e-08,-1.1628134188868e-07
16.6333675384521,-5.20254212289461e-19,-1.23411982855259e-08,-9.73662679371046e-08
16.6500339508057,6.39094527111919e-19,2.29888064140482e-09,1.81515815711464e-08
16.6667003631592,-1.18690272014159e-19,-1.47389798144104e-08,-1.16282215856245e-07
16.6833667755127,-5.20245371796664e-19,-1.23410792696177e-08,-9.73653300206934e-08
16.7000331878662,6.39003278750596e-19,2.29885865898893e-09,1.81514074881761e-08
16.7166996002197,-1.18649417046717e-19,-1.47390908367129e-08,-1.1628308982381e-07
16.7333660125732,-5.20109197188323e-19,-1.23409602537095e-08,-9.73643921042822e-08
16.7500343322754,6.39082998282131e-19,2.29883667657305e-09,1.81512334052059e-08
16.7667007446289,-1.18734771746175e-19,-1.47392009708369e-08,-1.16283963791375e-07
16.7833671569824,-5.20084950456617e-19,-1.23408412378012e-08,-9.7363454187871e-08
16.8000335693359,6.39028662855644e-19,2.29881469415716e-09,1.81510610985924e-08
16.8166999816895,-1.18693632435397e-19,-1.47393119931394e-08,-1.1628483775894e-07
16.833366394043,-5.20229138377143e-19,-1.2340722221893e-08,-9.73625162714598e-08
16.8500328063965,6.39153360332986e-19,2.29879271174127e-09,1.81508870156222e-08
16.8667011260986,-1.18674077368728e-19,-1.47394230154418e-08,-1.16285711726505e-07
16.8833675384521,-5.20242063074214e-19,-1.23406032059847e-08,-9.73615783550486e-08
16.9000339508057,6.39171506607674e-19,2.29877072932538e-09,1.81507129326519e-08
16.9167003631592,-1.18644156695009e-19,-1.47395340377443e-08,-1.1628658569407e-07
16.9333667755127,-5.2024159778512e-19,-1.23404841900765e-08,-9.736063333321e-08
16.9500331878662,6.39153463730563e-19,2.2987487469095e-09,1.81505406260385e-08
16.9667015075684,-1.18654289657513e-19,-1.47396441718683e-08,-1.16287459661635e-07
16.9833679199219,-5.20194189996263e-19,-1.23403651741683e-08,-9.73596954167988e-08
17.0000343322754,6.39169283559778e-19,2.29872676449361e-09,1.81503665430682e-08
17.0167007446289,-1.18701955940311e-19,-1.47397551941708e-08,-1.162883336292e-07
17.0333671569824,-5.20193311116862e-19,-1.234024615826e-08,-9.73587575003876e-08
17.0500335693359,6.38979807500715e-19,2.29870478207772e-09,1.8150192460098e-08
17.0666999816895,-1.18693348092062e-19,-1.47398662164733e-08,-1.16289207596765e-07
17.0833683013916,-5.20107491128309e-19,-1.23401271423518e-08,-9.73578195839764e-08
17.1000347137451,6.39063921429254e-19,2.29868279966183e-09,1.81500201534845e-08
17.1167011260986,-1.18727197873691e-19,-1.47399772387757e-08,-1.1629008156433e-07
17.1333675384521,-5.20164980180882e-19,-1.23400081264435e-08,-9.73568816675652e-08
17.1500339508057,6.39050945033395e-19,2.29866081724595e-09,1.81498460705143e-08
17.1667003631592,-1.18741001450163e-19,-1.47400873728998e-08,-1.16290962637322e-07
17.1833667755127,-5.20156863471121e-19,-1.23398891105353e-08,-9.7355943751154e-08
17.2000350952148,6.391797784138e-19,2.29863883483006e-09,1.8149671987544e-08
17.2167015075684,-1.18685464026848e-19,-1.47401983952022e-08,-1.16291836604887e-07
17.2333679199219,-5.20188865021069e-19,-1.23397700946271e-08,-9.73549987293154e-08
17.2500343322754,6.39289586640116e-19,2.29861663036957e-09,1.81494996809306e-08
17.2667007446289,-1.18644040372735e-19,-1.47403094175047e-08,-1.16292710572452e-07
17.2833671569824,-5.20139699473411e-19,-1.23396510787188e-08,-9.73540608129042e-08
17.3000354766846,6.39164372174891e-19,2.29859464795368e-09,1.81493255979603e-08
17.3167018890381,-1.18688863222178e-19,-1.47404204398072e-08,-1.16293584540017e-07
17.3333683013916,-5.20017121646388e-19,-1.23395320628106e-08,-9.7353122896493e-08
17.3500347137451,6.39258515668357e-19,2.29857266553779e-09,1.81491515149901e-08
17.3667011260986,-1.18717400953311e-19,-1.47405305739312e-08,-1.16294458507582e-07
17.3833675384521,-5.20174544456715e-19,-1.23394130469023e-08,-9.73521849800818e-08
17.4000339508057,6.39116654193304e-19,2.2985506831219e-09,1.81489774320198e-08
17.4167022705078,-1.18762831263516e-19,-1.47406415962337e-08,-1.16295332475147e-07
17.4333686828613,-5.20142387810402e-19,-1.23392940309941e-08,-9.73512470636706e-08
17.4500350952148,6.39122082566074e-19,2.29852870070602e-09,1.81488051254064e-08
17.4667015075684,-1.18699190055138e-19,-1.47407526185361e-08,-1.16296206442712e-07
17.4833679199219,-5.20133237124875e-19,-1.23391750150859e-08,-9.7350302041832e-08
17.5000343322754,6.3911437944662e-19,2.29850671829013e-09,1.81486310424361e-08
17.5167026519775,-1.18745460470652e-19,-1.47408636408386e-08,-1.16297080410277e-07
17.5333690643311,-5.20051811533327e-19,-1.23390551109992e-08,-9.73493641254208e-08
17.5500354766846,6.39244453597944e-19,2.29848473587424e-09,1.81484569594659e-08
17.5667018890381,-1.1877274450617e-19,-1.47409737749626e-08,-1.16297954377842e-07
17.5833683013916,-5.20236066014773e-19,-1.2338936095091e-08,-9.73484262090096e-08
17.6000347137451,6.39225945431738e-19,2.29846275345835e-09,1.81482828764956e-08
17.6167011260986,-1.18757971577417e-19,-1.47410847972651e-08,-1.16298828345407e-07
17.6333694458008,-5.20108059814981e-19,-1.23388170791827e-08,-9.73474882925984e-08
17.6500358581543,6.38963160490887e-19,2.29844054899786e-09,1.81481105698822e-08
17.6667022705078,-1.18748795042497e-19,-1.47411958195676e-08,-1.16299702312972e-07
17.6833686828613,-5.20102166153116e-19,-1.23386980632745e-08,-9.73465503761872e-08
17.7000350952148,6.39128751709763e-19,2.29841856658197e-09,1.81479364869119e-08
17.7167015075684,-1.18800506755478e-19,-1.47413059536916e-08,-1.16300576280537e-07
17.7333679199219,-5.2006768306133e-19,-1.23385790473662e-08,-9.73456053543487e-08
17.750036239624,6.39268235040555e-19,2.29839658416608e-09,1.81477624039417e-08
17.7667026519775,-1.18763089757457e-19,-1.47414169759941e-08,-1.16301450248102e-07
17.7833690643311,-5.20025548548878e-19,-1.2338460031458e-08,-9.73446674379375e-08
17.8000354766846,6.39172385487075e-19,2.2983746017502e-09,1.81475883209714e-08
17.8167018890381,-1.18784157013683e-19,-1.47415279982965e-08,-1.16302324215667e-07
17.8333683013916,-5.1997245389331e-19,-1.23383410155498e-08,-9.73437295215263e-08
17.8500366210938,6.39097629039216e-19,2.29835261933431e-09,1.81474142380011e-08
17.8667030334473,-1.18718047188165e-19,-1.4741639020599e-08,-1.16303198183232e-07
17.8833694458008,-5.20071974060758e-19,-1.23382219996415e-08,-9.73427916051151e-08
17.9000358581543,6.39076174042078e-19,2.29833063691842e-09,1.81472419313877e-08
17.9167022705078,-1.18760491893346e-19,-1.4741749154723e-08,-1.16304072150797e-07
17.9333686828613,-5.20020895657933e-19,-1.23381029837333e-08,-9.73418536887038e-08
17.9500350952148,6.39147414972334e-19,2.29830843245793e-09,1.81470678484175e-08
17.966703414917,-1.1875240103298e-19,-1.47418601770255e-08,-1.16304946118362e-07
17.9833698272705,-5.20095858900945e-19,-1.2337983967825e-08,-9.73409157722926e-08
18.000036239624,6.39357208655192e-19,2.29828645004204e-09,1.81468937654472e-08
18.0167026519775,-1.18802600556404e-19,-1.4741971199328e-08,-1.16305820085927e-07
18.0333690643311,-5.19840777079549e-19,-1.23378649519168e-08,-9.73399707504541e-08
18.0500354766846,6.39289121351022e-19,2.29826446762615e-09,1.81467196824769e-08
18.0667018890381,-1.1878703922113e-19,-1.47420822216304e-08,-1.16306694053492e-07
18.0833702087402,-5.19838140441347e-19,-1.23377459360086e-08,-9.73390328340429e-08
18.1000366210938,6.39230339828742e-19,2.29824248521027e-09,1.81465455995067e-08
18.1167030334473,-1.18791588714499e-19,-1.47421923557545e-08,-1.16307568021057e-07
18.1333694458008,-5.1995466951014e-19,-1.23376269201003e-08,-9.73380949176317e-08
18.1500358581543,6.39221602733522e-19,2.29822028074977e-09,1.81463715165364e-08
18.1667022705078,-1.18717375103917e-19,-1.47423033780569e-08,-1.16308441988622e-07
18.18337059021,-5.19966250038716e-19,-1.23375079041921e-08,-9.73371570012205e-08
18.2000370025635,6.39287828881315e-19,2.29819829833389e-09,1.81461974335662e-08
18.216703414917,-1.18782993790947e-19,-1.47424144003594e-08,-1.16309315956187e-07
18.2333698272705,-5.19872313340403e-19,-1.23373888882838e-08,-9.73362190848093e-08
18.250036239624,6.39270147895721e-19,2.298176315918e-09,1.81460251269527e-08
18.2667026519775,-1.18798051063035e-19,-1.47425245344834e-08,-1.16310189923752e-07
18.2833690643311,-5.19987498240701e-19,-1.23372698723756e-08,-9.73352740629707e-08
18.3000373840332,6.39192031026623e-19,2.29815433350211e-09,1.81458510439825e-08
18.3167037963867,-1.18853317067711e-19,-1.47426355567859e-08,-1.16311063891317e-07
18.3333702087402,-5.19985998975841e-19,-1.23371508564674e-08,-9.73343361465595e-08
18.3500366210938,6.39193530291484e-19,2.29813212904162e-09,1.81456769610122e-08
18.3667030334473,-1.18783472004739e-19,-1.47427465790884e-08,-1.16311937858882e-07
18.3833694458008,-5.19946862993109e-19,-1.23370318405591e-08,-9.73333982301483e-08
18.4000358581543,6.39336891031397e-19,2.29811014662573e-09,1.8145502878042e-08
18.4167041778564,-1.18848987294192e-19,-1.47428576013908e-08,-1.16312811826447e-07
18.43337059021,-5.19946501101591e-19,-1.23369128246509e-08,-9.73324603137371e-08
18.4500370025635,6.39404564745261e-19,2.29808816420984e-09,1.81453287950717e-08
18.466703414917,-1.18866862150242e-19,-1.47429677355149e-08,-1.16313685794012e-07
18.4833698272705,-5.19961803942924e-19,-1.23367938087426e-08,-9.73315223973259e-08
18.500036239624,6.39376182110493e-19,2.29806618179396e-09,1.81451547121014e-08
18.5167045593262,-1.1887053276421e-19,-1.47430787578173e-08,-1.16314559761577e-07
18.5333709716797,-5.19889063747807e-19,-1.23366747928344e-08,-9.73305773754873e-08
18.5500373840332,6.39376699098376e-19,2.29804397733346e-09,1.81449806291312e-08
18.5667037963867,-1.1890292205507e-19,-1.47431897801198e-08,-1.16315433729142e-07
18.5833702087402,-5.19895681192708e-19,-1.23365557769262e-08,-9.73296394590761e-08
18.6000366210938,6.39130716263718e-19,2.29802199491758e-09,1.81448065461609e-08
18.6167030334473,-1.188352741906e-19,-1.47432999142438e-08,-1.16316307696707e-07
18.6333713531494,-5.20015518983951e-19,-1.23364367610179e-08,-9.73287015426649e-08
18.6500377655029,6.39271492064217e-19,2.29800001250169e-09,1.81446324631906e-08
18.6667041778564,-1.18842770514901e-19,-1.47434109365463e-08,-1.16317181664272e-07
18.68337059021,-5.19809602710214e-19,-1.23363177451097e-08,-9.73277636262537e-08
18.7000370025635,6.39475805675517e-19,2.2979778080412e-09,1.81444583802204e-08
18.716703414917,-1.18912550954388e-19,-1.47435219588488e-08,-1.16318055631837e-07
18.7333717346191,-5.19918583755918e-19,-1.23361987292014e-08,-9.73268257098425e-08
18.7500381469727,6.39190480062975e-19,2.29795582562531e-09,1.8144286073607e-08
18.7667045593262,-1.18948468687549e-19,-1.47436329811512e-08,-1.16318929599402e-07
18.7833709716797,-5.19890614711456e-19,-1.23360797132932e-08,-9.7325880688004e-08
18.8000373840332,6.39332134742874e-19,2.29793384320942e-09,1.81441119906367e-08
18.8167037963867,-1.18925411027974e-19,-1.47437431152753e-08,-1.16319803566967e-07
18.8333702087402,-5.20093118865166e-19,-1.2335960697385e-08,-9.73249427715928e-08
18.8500385284424,6.39262289679902e-19,2.29791163874893e-09,1.81439379076664e-08
18.8667049407959,-1.18954065081381e-19,-1.47438541375777e-08,-1.16320677534532e-07
18.8833713531494,-5.19879964761069e-19,-1.23358416814767e-08,-9.73240048551816e-08
18.9000377655029,6.3921622605954e-19,2.29788965633304e-09,1.81437638246962e-08
18.9167041778564,-1.19014061525185e-19,-1.47439651598802e-08,-1.16321551502097e-07
18.93337059021,-5.19968679881765e-19,-1.23357226655685e-08,-9.73230669387704e-08
18.9500370025635,6.39318124371249e-19,2.29786767391715e-09,1.81435897417259e-08
18.9667053222656,-1.18976386033222e-19,-1.47440752940042e-08,-1.16322425469662e-07
18.9833717346191,-5.20099167623396e-19,-1.23356036496602e-08,-9.73221290223591e-08
19.0000381469727,6.39347437584207e-19,2.29784546945666e-09,1.81434156587557e-08
19.0167045593262,-1.19039070814018e-19,-1.47441863163067e-08,-1.16323299437227e-07
19.0333709716797,-5.19986567662512e-19,-1.23354837455736e-08,-9.73211840005206e-08
19.0500373840332,6.39187223039313e-19,2.29782348704077e-09,1.81432415757854e-08
19.0667057037354,-1.19040518380089e-19,-1.47442973386092e-08,-1.16324173404792e-07
19.0833721160889,-5.19925201200818e-19,-1.23353647296653e-08,-9.73202460841094e-08
19.1000385284424,6.39249106488889e-19,2.29780150462489e-09,1.81430674928151e-08
19.1167049407959,-1.19083247428607e-19,-1.47444074727332e-08,-1.16325047372356e-07
19.1333713531494,-5.19922357767462e-19,-1.23352457137571e-08,-9.73193081676982e-08
19.1500377655029,6.39109106170215e-19,2.29777930016439e-09,1.81428934098449e-08
19.1667041778564,-1.1909805913145e-19,-1.47445184950357e-08,-1.16325921339921e-07
19.1833724975586,-5.19991479047399e-19,-1.23351266978489e-08,-9.7318370251287e-08
19.2000389099121,6.39135058961934e-19,2.29775731774851e-09,1.81427193268746e-08
19.2167053222656,-1.19128445094264e-19,-1.47446295173381e-08,-1.16326795307486e-07
19.2333717346191,-5.20009004936627e-19,-1.23350076819406e-08,-9.73174252294484e-08
19.2500381469727,6.39173988149512e-19,2.29773511328801e-09,1.81425452439044e-08
19.2667045593262,-1.19078697935238e-19,-1.47447405396406e-08,-1.16327669275051e-07
19.2833709716797,-5.20077195638375e-19,-1.23348886660324e-08,-9.73164873130372e-08
19.3000392913818,6.39244815489462e-19,2.29771313087213e-09,1.81423711609341e-08
19.3167057037354,-1.19114434722639e-19,-1.47448506737646e-08,-1.16328543242616e-07
19.3333721160889,-5.20011486478465e-19,-1.23347696501241e-08,-9.7315549396626e-08
19.3500385284424,6.39260066632006e-19,2.29769114845624e-09,1.81421970779638e-08
19.3667049407959,-1.19195575970852e-19,-1.47449616960671e-08,-1.16329417210181e-07
19.3833713531494,-5.20031907499837e-19,-1.23346506342159e-08,-9.73146114802148e-08
19.4000396728516,6.39214519999527e-19,2.29766894399575e-09,1.81420229949936e-08
19.4167060852051,-1.19179588120575e-19,-1.47450727183696e-08,-1.16330291177746e-07
19.4333724975586,-5.199552898956e-19,-1.23345316183077e-08,-9.73136735638036e-08
19.4500389099121,6.39297031265629e-19,2.29764696157986e-09,1.81418489120233e-08
19.4667053222656,-1.19126028175912e-19,-1.47451828524936e-08,-1.16331165145311e-07
19.4833717346191,-5.19864351727007e-19,-1.23344126023994e-08,-9.7312728541965e-08
19.5000381469727,6.39283692978252e-19,2.29762475711937e-09,1.8141674829053e-08
19.5167064666748,-1.19230795770371e-19,-1.47452938747961e-08,-1.16332039112876e-07
19.5333728790283,-5.19967645906e-19,-1.23342935864912e-08,-9.73117906255538e-08
19.5500392913818,6.39092097268869e-19,2.29760277470348e-09,1.81414989697259e-08
19.5667057037354,-1.19196105883432e-19,-1.47454048970985e-08,-1.16332913080441e-07
19.5833721160889,-5.19900075589712e-19,-1.23341745705829e-08,-9.73108527091426e-08
19.6000385284424,6.39255258644695e-19,2.29758057024299e-09,1.81413248867557e-08
19.6167068481445,-1.19222730759398e-19,-1.47455150312226e-08,-1.16333787048006e-07
19.633373260498,-5.1986998689493e-19,-1.23340555546747e-08,-9.73099147927314e-08
19.6500396728516,6.39040967167256e-19,2.2975585878271e-09,1.81411508037854e-08
19.6667060852051,-1.19296362758613e-19,-1.4745626053525e-08,-1.16334661015571e-07
19.6833724975586,-5.19867453654304e-19,-1.23339365387665e-08,-9.73089768763202e-08
19.7000389099121,6.39114224350255e-19,2.29753660541121e-09,1.81409767208152e-08
19.7167053222656,-1.19278707622414e-19,-1.47457370758275e-08,-1.16335534983136e-07
19.7333736419678,-5.19924374020206e-19,-1.23338175228582e-08,-9.73080318544817e-08
19.7500400543213,6.3925029556102e-19,2.29751440095072e-09,1.81408026378449e-08
19.7667064666748,-1.19285157046252e-19,-1.47458472099515e-08,-1.16336408950701e-07
19.7833728790283,-5.19934713777862e-19,-1.233369850695e-08,-9.73070939380705e-08
19.8000392913818,6.39165044259139e-19,2.29749241853483e-09,1.81406285548746e-08
19.8167057037354,-1.1931375940087e-19,-1.4745958232254e-08,-1.16337282918266e-07
19.8333721160889,-5.20014795200915e-19,-1.23335794910417e-08,-9.73061560216593e-08
19.850040435791,6.38979549006774e-19,2.29747021407434e-09,1.81404544719044e-08
19.8667068481445,-1.19284329865639e-19,-1.47460692545565e-08,-1.16338156885831e-07
19.883373260498,-5.20030046343459e-19,-1.23334604751335e-08,-9.73052181052481e-08
19.9000396728516,6.39010206388226e-19,2.29744823165845e-09,1.81402803889341e-08
19.9167060852051,-1.19349806381002e-19,-1.47461793886805e-08,-1.16339030853396e-07
19.9333724975586,-5.20008126057227e-19,-1.23333414592253e-08,-9.73042730834095e-08
19.9500408172607,6.39110967326593e-19,2.29742602719796e-09,1.81401063059639e-08
19.9667072296143,-1.19337463295299e-19,-1.4746290410983e-08,-1.16339904820961e-07
19.9833736419678,-5.20017380140329e-19,-1.2333222443317e-08,-9.73033351669983e-08
20.0000400543213,6.3908604851064e-19,2.29740404478207e-09,1.81399322229936e-08
20.0167064666748,-1.19369038330244e-19,-1.47464014332854e-08,-1.16340778788526e-07
20.0333728790283,-5.20055223653354e-19,-1.23331025392304e-08,-9.73023972505871e-08
20.0500392913818,6.39015479664631e-19,2.29738184032158e-09,1.81397563636665e-08
20.066707611084,-1.19335989879833e-19,-1.47465115674095e-08,-1.16341652756091e-07
20.0833740234375,-5.19964130388396e-19,-1.23329835233221e-08,-9.73014593341759e-08
20.100040435791,6.39115723615115e-19,2.29735985790569e-09,1.81395822806962e-08
20.1167068481445,-1.19308886790075e-19,-1.47466225897119e-08,-1.16342526723656e-07
20.133373260498,-5.20044470305391e-19,-1.23328645074139e-08,-9.73005214177647e-08
20.1500396728516,6.39103057411986e-19,2.2973376534452e-09,1.8139408197726e-08
20.1667060852051,-1.19357910166065e-19,-1.47467336120144e-08,-1.16343400691221e-07
20.1833744049072,-5.20074972590478e-19,-1.23327454915056e-08,-9.72995763959261e-08
20.2000408172607,6.39046137046084e-19,2.29731567102931e-09,1.81392341147557e-08
20.2167072296143,-1.1944495800084e-19,-1.47468446343169e-08,-1.16344274658786e-07
20.2333736419678,-5.19995925143191e-19,-1.23326264755974e-08,-9.72986384795149e-08
20.2500400543213,6.39082584691825e-19,2.29729346656882e-09,1.81390600317854e-08
20.2667064666748,-1.19451911487864e-19,-1.47469547684409e-08,-1.16345141520924e-07
20.283374786377,-5.20027564801622e-19,-1.23325074596892e-08,-9.72977005631037e-08
20.3000411987305,6.3912973398674e-19,2.29727126210832e-09,1.81388859488152e-08
20.316707611084,-1.19569112640905e-19,-1.47470657907434e-08,-1.16346015488489e-07
20.3333740234375,-5.20019861682167e-19,-1.23323884437809e-08,-9.72967626466925e-08
20.350040435791,6.39078965776645e-19,2.29724927969244e-09,1.81387100894881e-08
20.3667068481445,-1.19484404176301e-19,-1.47471768130458e-08,-1.16346889456054e-07
20.383373260498,-5.20093222262743e-19,-1.23322694278727e-08,-9.7295817624854e-08
20.4000415802002,6.3919151403874e-19,2.29722707523194e-09,1.81385360065178e-08
20.4167079925537,-1.19504385757973e-19,-1.47472869471699e-08,-1.16347763423619e-07
20.4333744049072,-5.20003421467493e-19,-1.23321504119644e-08,-9.72948797084427e-08
20.4500408172607,6.38987820812899e-19,2.29720509281606e-09,1.81383619235476e-08
20.4667072296143,-1.19477050023667e-19,-1.47473979694723e-08,-1.16348637391184e-07
20.4833736419678,-5.20052121726057e-19,-1.23320313960562e-08,-9.72939417920315e-08
20.5000400543213,6.39096078075567e-19,2.29718288835556e-09,1.81381878405773e-08
20.5167083740234,-1.19601863823283e-19,-1.47475089917748e-08,-1.16349511358749e-07
20.533374786377,-5.20004869033565e-19,-1.2331912380148e-08,-9.72930038756203e-08
20.5500411987305,6.39126993950961e-19,2.29716090593968e-09,1.8138013757607e-08
20.566707611084,-1.19498336999743e-19,-1.47476191258988e-08,-1.16350385326314e-07
20.5833740234375,-5.19961803942924e-19,-1.23317933642397e-08,-9.72920659592091e-08
20.600040435791,6.39062887453488e-19,2.29713870147918e-09,1.81378378982799e-08
20.6167087554932,-1.19567031764677e-19,-1.47477301482013e-08,-1.16351259293879e-07
20.6333751678467,-5.20046331461769e-19,-1.23316743483315e-08,-9.72911209373706e-08
20.6500415802002,6.38919423315999e-19,2.29711649701869e-09,1.81376638153097e-08
20.6667079925537,-1.19565222307087e-19,-1.47478411705038e-08,-1.16352133261444e-07
20.6833744049072,-5.20041833667188e-19,-1.23315553324232e-08,-9.72901830209594e-08
20.7000408172607,6.39118411952106e-19,2.2970945146028e-09,1.81374897323394e-08
20.7167072296143,-1.19590179897131e-19,-1.47479513046278e-08,-1.16353007229009e-07
20.7333755493164,-5.19979329832152e-19,-1.2331436316515e-08,-9.72892451045482e-08
20.7500419616699,6.39121668975768e-19,2.29707231014231e-09,1.81373156493692e-08
20.7667083740234,-1.19549480026054e-19,-1.47480623269303e-08,-1.16353881196574e-07
20.783374786377,-5.19999078769277e-19,-1.23313164124284e-08,-9.7288307188137e-08
20.8000411987305,6.39082171101519e-19,2.29705010568182e-09,1.81371415663989e-08
20.816707611084,-1.1956714808695e-19,-1.47481724610543e-08,-1.16354755164139e-07
20.8333759307861,-5.20077299035951e-19,-1.23311973965201e-08,-9.72873621662984e-08
20.8500423431396,6.38977791247972e-19,2.29702812326593e-09,1.81369657070718e-08
20.8667087554932,-1.19621483513437e-19,-1.47482834833568e-08,-1.16355629131704e-07
20.8833751678467,-5.20063392061903e-19,-1.23310783806119e-08,-9.72864242498872e-08
20.9000415802002,6.3888142470661e-19,2.29700591880544e-09,1.81367916241015e-08
20.9167079925537,-1.19662945941641e-19,-1.47483945056592e-08,-1.16356503099269e-07
20.9333744049072,-5.20049846979372e-19,-1.23309593647036e-08,-9.7285486333476e-08
20.9500427246094,6.38914615328688e-19,2.29698393638955e-09,1.81366175411313e-08
20.9667091369629,-1.19670429341246e-19,-1.47485046397833e-08,-1.16357377066834e-07
20.9833755493164,-5.20171442529417e-19,-1.23308403487954e-08,-9.72845484170648e-08
21.0000419616699,6.39014859279172e-19,2.29696173192906e-09,1.81364416818042e-08
21.0167083740234,-1.19682862899828e-19,-1.47486156620857e-08,-1.16358251034399e-07
21.033374786377,-5.19943037282776e-19,-1.23307213328872e-08,-9.72836033952262e-08
21.0500411987305,6.38998677558439e-19,2.29693952746857e-09,1.81362675988339e-08
21.0667095184326,-1.19658305975393e-19,-1.47487266843882e-08,-1.16359125001964e-07
21.0833759307861,-5.20080556059613e-19,-1.23306023169789e-08,-9.7282665478815e-08
21.1000423431396,6.39092097268869e-19,2.29691754505268e-09,1.81360935158636e-08
21.1167087554932,-1.19742019238323e-19,-1.47488368185122e-08,-1.16359998969529e-07
21.1333751678467,-5.20199411573879e-19,-1.23304833010707e-08,-9.72817275624038e-08
21.1500415802002,6.39031299493847e-19,2.29689534059219e-09,1.81359194328934e-08
21.1667098999023,-1.19817021255427e-19,-1.47489478408147e-08,-1.16360872937094e-07
21.1833763122559,-5.20201376127834e-19,-1.23303642851624e-08,-9.72807896459926e-08
21.2000427246094,6.38852318288805e-19,2.29687313613169e-09,1.81357435735663e-08
21.2167091369629,-1.19819942236965e-19,-1.47490588631172e-08,-1.16361746904659e-07
21.2333755493164,-5.20138200208551e-19,-1.23302452692542e-08,-9.72798517295814e-08
21.2500419616699,6.38829053834077e-19,2.2968509316712e-09,1.8135569490596e-08
21.2667083740234,-1.1978986646688e-19,-1.47491689972412e-08,-1.16362620872223e-07
21.2833766937256,-5.20051139449079e-19,-1.2330126253346e-08,-9.72789067077429e-08
21.3000431060791,6.38975826694017e-19,2.29682894925531e-09,1.81353954076258e-08
21.3167095184326,-1.19754672516755e-19,-1.47492800195437e-08,-1.16363487734361e-07
21.3333759307861,-5.20111368537431e-19,-1.23300072374377e-08,-9.72779687913317e-08
21.3500423431396,6.3875574495229e-19,2.29680674479482e-09,1.81352195482987e-08
21.3667087554932,-1.19816375020573e-19,-1.47493910418461e-08,-1.16364361701926e-07
21.3833751678467,-5.20052173424845e-19,-1.23298882215295e-08,-9.72770308749205e-08
21.4000434875488,6.38989526872913e-19,2.29678454033433e-09,1.81350454653284e-08
21.4167098999023,-1.19833797512225e-19,-1.47495011759702e-08,-1.16365235669491e-07
21.4333763122559,-5.20028908970117e-19,-1.23297692056212e-08,-9.72760929585093e-08
21.4500427246094,6.38913116063828e-19,2.29676255791844e-09,1.81348713823581e-08
21.4667091369629,-1.19818753164834e-19,-1.47496121982726e-08,-1.16366109637056e-07
21.4833755493164,-5.20206959596969e-19,-1.23296493015346e-08,-9.72751479366707e-08
21.5000438690186,6.38957732118118e-19,2.29674035345795e-09,1.8134695523031e-08
21.5167102813721,-1.19861818255475e-19,-1.47497232205751e-08,-1.16366983604621e-07
21.5333766937256,-5.20124189836925e-19,-1.23295302856263e-08,-9.72742100202595e-08
21.5500431060791,6.38735996015165e-19,2.29671814899746e-09,1.81345214400608e-08
21.5667095184326,-1.19926609761893e-19,-1.47498333546991e-08,-1.16367857572186e-07
21.5833759307861,-5.20166789638472e-19,-1.23294112697181e-08,-9.72732721038483e-08
21.6000423431396,6.38811889836367e-19,2.29669594453696e-09,1.81343473570905e-08
21.6167106628418,-1.19919837220627e-19,-1.47499443770016e-08,-1.16368731539751e-07
21.6333770751953,-5.20003835057799e-19,-1.23292922538099e-08,-9.72723341874371e-08
21.6500434875488,6.38813130607286e-19,2.29667396212108e-09,1.81341714977634e-08
21.6667098999023,-1.19965125359165e-19,-1.47500553993041e-08,-1.16369605507316e-07
21.6833763122559,-5.20149935833491e-19,-1.23291732379016e-08,-9.72713891655985e-08
21.7000427246094,6.38794105453197e-19,2.29665175766058e-09,1.81339974147932e-08
21.7167110443115,-1.19965797443412e-19,-1.47501655334281e-08,-1.16370479474881e-07
21.733377456665,-5.20260778035573e-19,-1.23290542219934e-08,-9.72704512491873e-08
21.7500438690186,6.38845080458446e-19,2.29662955320009e-09,1.81338215554661e-08
21.7667102813721,-1.19933175508005e-19,-1.47502765557306e-08,-1.16371353442446e-07
21.7833766937256,-5.2024821523002e-19,-1.23289352060851e-08,-9.72695133327761e-08
21.8000431060791,6.3888654288665e-19,2.2966073487396e-09,1.81336474724958e-08
21.8167095184326,-1.20023544989926e-19,-1.47503866898546e-08,-1.16372227410011e-07
21.8333778381348,-5.20235083737796e-19,-1.23288161901769e-08,-9.72685754163649e-08
21.8500442504883,6.38827554569217e-19,2.29658536632371e-09,1.81334733895255e-08
21.8667106628418,-1.20026685691315e-19,-1.47504977121571e-08,-1.16373101377576e-07
21.8833770751953,-5.20101390671292e-19,-1.23286971742687e-08,-9.72676303945263e-08
21.9000434875488,6.38889334621217e-19,2.29656316186322e-09,1.81332975301984e-08
21.9167098999023,-1.19955005321358e-19,-1.47506087344595e-08,-1.16373975345141e-07
21.9333763122559,-5.20197912309019e-19,-1.23285781583604e-08,-9.72666924781151e-08
21.950044631958,6.38990095559584e-19,2.29654095740273e-09,1.81331234472282e-08
21.9667110443115,-1.19948633445702e-19,-1.47507188685836e-08,-1.16374849312706e-07
21.983377456665,-5.20043126136895e-19,-1.23284591424522e-08,-9.72657545617039e-08
22.0000438690186,6.38969312646693e-19,2.29651875294223e-09,1.81329475879011e-08
22.0167102813721,-1.19929569517522e-19,-1.47508298908861e-08,-1.16375723280271e-07
22.0333766937256,-5.2009120601e-19,-1.23283401265439e-08,-9.72648166452927e-08
22.0500450134277,6.39078448788762e-19,2.29649654848174e-09,1.81327735049308e-08
22.0667114257812,-1.19940826928671e-19,-1.47509409131885e-08,-1.16376590142409e-07
22.0833778381348,-5.20090637323329e-19,-1.23282202224573e-08,-9.72638716234542e-08
22.1000442504883,6.38940051132524e-19,2.29647434402125e-09,1.81325994219605e-08
22.1167106628418,-1.19919022964712e-19,-1.47510510473126e-08,-1.16377464109974e-07
22.1333770751953,-5.20017328441541e-19,-1.2328101206549e-08,-9.7262933707043e-08
22.1500434875488,6.39118722144836e-19,2.29645236160536e-09,1.81324235626334e-08
22.166711807251,-1.19924696906726e-19,-1.4751162069615e-08,-1.16378338077539e-07
22.1833782196045,-5.20027874994351e-19,-1.23279821906408e-08,-9.72619957906318e-08
22.200044631958,6.39148500646888e-19,2.29643015714487e-09,1.81322494796632e-08
22.2167110443115,-1.19913749688307e-19,-1.47512722037391e-08,-1.16379212045103e-07
22.233377456665,-5.20030149741036e-19,-1.23278631747326e-08,-9.72610578742206e-08
22.2500438690186,6.38944290433164e-19,2.29640795268438e-09,1.81320736203361e-08
22.2667102813721,-1.19888120014015e-19,-1.47513832260415e-08,-1.16380086012668e-07
22.2833786010742,-5.19910467046157e-19,-1.23277441588243e-08,-9.7260112852382e-08
22.3000450134277,6.39142658683811e-19,2.29638574822388e-09,1.81318995373658e-08
22.3167114257812,-1.19880701237896e-19,-1.4751494248344e-08,-1.16380959980233e-07
22.3333778381348,-5.1984770471718e-19,-1.23276251429161e-08,-9.72591749359708e-08
22.3500442504883,6.38980738078904e-19,2.29636354376339e-09,1.81317236780387e-08
22.3667106628418,-1.19942571762776e-19,-1.4751604382468e-08,-1.16381833947798e-07
22.3833789825439,-5.19931715248142e-19,-1.23275061270078e-08,-9.72582370195596e-08
22.4000453948975,6.38961764623604e-19,2.2963413393029e-09,1.81315495950685e-08
22.416711807251,-1.19890653254641e-19,-1.47517154047705e-08,-1.16382707915363e-07
22.4333782196045,-5.20141508931001e-19,-1.23273871110996e-08,-9.72572991031484e-08
22.450044631958,6.38894297704892e-19,2.29631913484241e-09,1.81313737357414e-08
22.4667110443115,-1.19955380137573e-19,-1.4751826427073e-08,-1.16383581882928e-07
22.483377456665,-5.1996040807564e-19,-1.23272680951914e-08,-9.72563540813098e-08
22.5000457763672,6.38983064524377e-19,2.29629715242652e-09,1.81311996527711e-08
22.5167121887207,-1.20014200433944e-19,-1.4751936561197e-08,-1.16384455850493e-07
22.5333786010742,-5.19851633825089e-19,-1.23271490792831e-08,-9.72554161648986e-08
22.5500450134277,6.39114431145408e-19,2.29627494796603e-09,1.8131023793444e-08
22.5667114257812,-1.19950352430412e-19,-1.47520475834995e-08,-1.16385329818058e-07
22.5833778381348,-5.19952653257397e-19,-1.23270291751965e-08,-9.72544782484874e-08
22.6000442504883,6.38972673067932e-19,2.29625274350553e-09,1.81308497104737e-08
22.6167125701904,-1.19973216219531e-19,-1.47521577176235e-08,-1.16386203785623e-07
22.6333789825439,-5.19688317352898e-19,-1.23269101592882e-08,-9.72535403320762e-08
22.6500453948975,6.39136868419524e-19,2.29623053904504e-09,1.81306738511466e-08
22.666711807251,-1.19984938919775e-19,-1.4752268739926e-08,-1.16387070647761e-07
22.6833782196045,-5.19848531897792e-19,-1.232679114338e-08,-9.72525953102377e-08
22.700044631958,6.39160287970617e-19,2.29620833458455e-09,1.81304997681764e-08
22.7167129516602,-1.19990031250421e-19,-1.47523797622284e-08,-1.16387944615326e-07
22.7333793640137,-5.19906848130977e-19,-1.23266721274717e-08,-9.72516573938265e-08
22.7500457763672,6.38992783896575e-19,2.29618613012406e-09,1.81303239088493e-08
22.7667121887207,-1.19928664788727e-19,-1.47524898963525e-08,-1.16388818582891e-07
22.7833786010742,-5.19864455124584e-19,-1.23265531115635e-08,-9.72507194774153e-08
22.8000450134277,6.3900798334033e-19,2.29616392566356e-09,1.8130149825879e-08
22.8167114257812,-1.19945893409923e-19,-1.47526009186549e-08,-1.16389692550456e-07
22.8333797454834,-5.19887254290217e-19,-1.23264340956553e-08,-9.72497815610041e-08
22.8500461578369,6.39290517218305e-19,2.29614172120307e-09,1.81299739665519e-08
22.8667125701904,-1.19896249648473e-19,-1.47527119409574e-08,-1.16390566518021e-07
22.8833789825439,-5.19768295378374e-19,-1.2326315079747e-08,-9.72488365391655e-08
22.9000453948975,6.39156203766342e-19,2.29611951674258e-09,1.81297998835817e-08
22.916711807251,-1.20011240678315e-19,-1.47528220750814e-08,-1.16391440485586e-07
22.9333801269531,-5.19849255680828e-19,-1.23261960638388e-08,-9.72478986227543e-08
22.9500465393066,6.38975981790382e-19,2.29609731228209e-09,1.81296240242546e-08
22.9667129516602,-1.19921814699279e-19,-1.47529330973839e-08,-1.16392314453151e-07
22.9833793640137,-5.19898679722428e-19,-1.23260770479305e-08,-9.72469607063431e-08
23.0000457763672,6.3924998536829e-19,2.29607510782159e-09,1.81294481649275e-08
23.0167121887207,-1.20002490658397e-19,-1.47530432315079e-08,-1.16393188420716e-07
23.0333786010742,-5.1970785949487e-19,-1.23259580320223e-08,-9.72460156845045e-08
23.0500469207764,6.39193737086637e-19,2.2960529033611e-09,1.81292740819572e-08
23.0667133331299,-1.19931198029353e-19,-1.47531542538104e-08,-1.16394062388281e-07
23.0833797454834,-5.19862438871841e-19,-1.23258390161141e-08,-9.72450777680933e-08
23.1000461578369,6.39313936769398e-19,2.29603069890061e-09,1.81290982226301e-08
23.1167125701904,-1.19954139366654e-19,-1.47532652761129e-08,-1.16394936355846e-07
23.1333789825439,-5.198012792053e-19,-1.23257191120274e-08,-9.72441398516821e-08
23.1500453948975,6.39429225067273e-19,2.29600849444012e-09,1.81289241396598e-08
23.1667137145996,-1.19928626014636e-19,-1.47533754102369e-08,-1.16395810323411e-07
23.1833801269531,-5.1968102782375e-19,-1.23256000961192e-08,-9.72432019352709e-08
23.2000465393066,6.39249054790101e-19,2.29598628997962e-09,1.81287482803327e-08
23.2167129516602,-1.19943386018691e-19,-1.47534864325394e-08,-1.16396677185548e-07
23.2333793640137,-5.19703206603924e-19,-1.23254810802109e-08,-9.72422569134324e-08
23.2500457763672,6.39129837384317e-19,2.29596408551913e-09,1.81285724210056e-08
23.2667140960693,-1.19884087508529e-19,-1.47535965666634e-08,-1.16397551153113e-07
23.2833805084229,-5.19723782721661e-19,-1.23253620643027e-08,-9.72413189970212e-08
23.3000469207764,6.39202008892762e-19,2.29594188105864e-09,1.81283983380354e-08
23.3167133331299,-1.19932994562246e-19,-1.47537075889659e-08,-1.16398425120678e-07
23.3333797454834,-5.1973619043085e-19,-1.23252430483944e-08,-9.724038108061e-08
23.3500461578369,6.39334512887136e-19,2.29591967659815e-09,1.81282224787083e-08
23.3667125701904,-1.1992812195145e-19,-1.47538186112683e-08,-1.16399299088243e-07
23.3833808898926,-5.19576182681109e-19,-1.23251240324862e-08,-9.72394431641987e-08
23.4000473022461,6.39481337445864e-19,2.29589747213765e-09,1.8128048395738e-08
23.4167137145996,-1.19935941393178e-19,-1.47539287453924e-08,-1.16400173055808e-07
23.4333801269531,-5.19670532969728e-19,-1.2325005016578e-08,-9.72384981423602e-08
23.4500465393066,6.39182156558061e-19,2.29587526767716e-09,1.81278725364109e-08
23.4667129516602,-1.19950287806927e-19,-1.47540397676948e-08,-1.16401047023373e-07
23.4833793640137,-5.19702793013618e-19,-1.23248860006697e-08,-9.7237560225949e-08
23.5000476837158,6.39132784215249e-19,2.29585306321667e-09,1.81276966770838e-08
23.5167140960693,-1.19944820660066e-19,-1.47541499018189e-08,-1.16401920990938e-07
23.5333805084229,-5.19717061879184e-19,-1.23247669847615e-08,-9.72366223095378e-08
23.5500469207764,6.39149896514171e-19,2.29583085875618e-09,1.81275225941135e-08
23.5667133331299,-1.19959567739424e-19,-1.47542609241214e-08,-1.16402794958503e-07
23.5833797454834,-5.19653679164748e-19,-1.23246470806748e-08,-9.72356843931266e-08
23.6000480651855,6.39422349128431e-19,2.29580865429568e-09,1.81273467347864e-08
23.6167144775391,-1.19928457993574e-19,-1.47543719464238e-08,-1.16403668926068e-07
23.6333808898926,-5.19726419359864e-19,-1.23245280647666e-08,-9.7234739371288e-08
23.6500473022461,6.39311662022714e-19,2.29578644983519e-09,1.81271708754593e-08
23.6667137145996,-1.19985830723873e-19,-1.47544820805479e-08,-1.16404535788206e-07
23.6833801269531,-5.19695917074776e-19,-1.23244090488583e-08,-9.72338014548768e-08
23.7000465393066,6.39134180082533e-19,2.2957642453747e-09,1.81269967924891e-08
23.7167148590088,-1.19994645367275e-19,-1.47545931028503e-08,-1.16405409755771e-07
23.7333812713623,-5.19691315882619e-19,-1.23242900329501e-08,-9.72328635384656e-08
23.7500476837158,6.3918127767866e-19,2.29574204091421e-09,1.8126820933162e-08
23.7667140960693,-1.20031674624384e-19,-1.47547032369744e-08,-1.16406283723336e-07
23.7833805084229,-5.19764107776523e-19,-1.23241710170419e-08,-9.7231918516627e-08
23.8000469207764,6.39114327747832e-19,2.29571983645371e-09,1.81266450738349e-08
23.8167152404785,-1.20114030794121e-19,-1.47548142592768e-08,-1.16407157690901e-07
23.833381652832,-5.1971085802459e-19,-1.23240520011336e-08,-9.72309806002158e-08
23.8500480651855,6.39195288050285e-19,2.29569763199322e-09,1.81264709908646e-08
23.8667144775391,-1.20186693441055e-19,-1.47549252815793e-08,-1.16408031658466e-07
23.8833808898926,-5.19734122479318e-19,-1.23239329852254e-08,-9.72300426838046e-08
23.9000473022461,6.39205731205519e-19,2.29567542753273e-09,1.81262951315375e-08
23.9167137145996,-1.20124603196326e-19,-1.47550354157033e-08,-1.16408905626031e-07
23.9333820343018,-5.1966898200608e-19,-1.23238139693171e-08,-9.72291047673934e-08
23.9500484466553,6.39206506687343e-19,2.29565322307224e-09,1.81261192722104e-08
23.9667148590088,-1.20116047046864e-19,-1.47551464380058e-08,-1.16409779593596e-07
23.9833812713623,-5.19759765078307e-19,-1.23236949534089e-08,-9.72281597455549e-08
24.0000476837158,6.39196218628474e-19,2.29563101861174e-09,1.81259434128833e-08
24.0167140960693,-1.20105758987996e-19,-1.47552565721298e-08,-1.16410653561161e-07
24.0333805084229,-5.19591330426076e-19,-1.23235750493222e-08,-9.72272218291437e-08
24.050048828125,6.39289069652233e-19,2.29560859210665e-09,1.81257693299131e-08
24.0667152404785,-1.20152662713667e-19,-1.47553675944323e-08,-1.16411520423298e-07
24.083381652832,-5.19691470978984e-19,-1.2323456033414e-08,-9.72262839127325e-08
24.1000480651855,6.39165095957927e-19,2.29558638764615e-09,1.8125593470586e-08
24.1167144775391,-1.2012528820527e-19,-1.47554777285563e-08,-1.16412394390863e-07
24.1333808898926,-5.1968133801648e-19,-1.23233370175058e-08,-9.72253388908939e-08
24.1500492095947,6.39257636788956e-19,2.29556418318566e-09,1.81254176112589e-08
24.1667156219482,-1.20088931032409e-19,-1.47555887508588e-08,-1.16413268358428e-07
24.1833820343018,-5.19716182999784e-19,-1.23232180015975e-08,-9.72244009744827e-08
24.2000484466553,6.394202811769e-19,2.29554197872517e-09,1.81252417519318e-08
24.2167148590088,-1.20150168247132e-19,-1.47556997731613e-08,-1.16414142325993e-07
24.2333812713623,-5.19656574296892e-19,-1.23230989856893e-08,-9.72234630580715e-08
24.2500476837158,6.39253552584682e-19,2.29551977426468e-09,1.81250676689615e-08
24.266716003418,-1.20119678886741e-19,-1.47558099072853e-08,-1.16415016293558e-07
24.2833824157715,-5.19710496133072e-19,-1.2322979969781e-08,-9.72225251416603e-08
24.300048828125,6.39243884911273e-19,2.29549756980418e-09,1.81248918096344e-08
24.3167152404785,-1.2014316306132e-19,-1.47559209295878e-08,-1.16415890261123e-07
24.333381652832,-5.19507630087844e-19,-1.23228609538728e-08,-9.72215801198217e-08
24.3500480651855,6.39196218628474e-19,2.29547536534369e-09,1.81247159503073e-08
24.3667144775391,-1.20126425578613e-19,-1.47560310637118e-08,-1.16416764228688e-07
24.3833827972412,-5.19470303562702e-19,-1.23227419379646e-08,-9.72206422034105e-08
24.4000492095947,6.39164217078526e-19,2.29545293883859e-09,1.81245400909802e-08
24.4167156219482,-1.20106211352393e-19,-1.47561420860143e-08,-1.16417638196253e-07
24.4333820343018,-5.19502408510227e-19,-1.23226220338779e-08,-9.72197042869993e-08
24.4500484466553,6.39310421251795e-19,2.2954307343781e-09,1.81243660080099e-08
24.4667148590088,-1.20102876780549e-19,-1.47562531083167e-08,-1.16418505058391e-07
24.4833831787109,-5.19462910635978e-19,-1.23225030179697e-08,-9.72187663705881e-08
24.5000495910645,6.39300236590503e-19,2.29540852991761e-09,1.81241901486828e-08
24.516716003418,-1.20136493917631e-19,-1.47563632424408e-08,-1.16419379025956e-07
24.5333824157715,-5.19546300781481e-19,-1.23223840020614e-08,-9.72178213487496e-08
24.550048828125,6.39333840802888e-19,2.29538632545712e-09,1.81240142893557e-08
24.5667152404785,-1.20177245487496e-19,-1.47564742647432e-08,-1.16420252993521e-07
24.583381652832,-5.19464203105685e-19,-1.23222649861532e-08,-9.72168834323384e-08
24.6000499725342,6.39410355009549e-19,2.29536412099662e-09,1.81238384300286e-08
24.6167163848877,-1.20107258252856e-19,-1.47565843988673e-08,-1.16421126961086e-07
24.6333827972412,-5.19401595873072e-19,-1.23221459702449e-08,-9.72159455159272e-08
24.6500492095947,6.3946277758087e-19,2.29534191653613e-09,1.81236625707015e-08
24.6667156219482,-1.2015529935187e-19,-1.47566954211698e-08,-1.16422000928651e-07
24.6833820343018,-5.19610097086224e-19,-1.23220269543367e-08,-9.72150004940886e-08
24.7000484466553,6.39355554293967e-19,2.29531949003103e-09,1.81234884877313e-08
24.7167167663574,-1.2014691122347e-19,-1.47568055552938e-08,-1.16422874896216e-07
24.7333831787109,-5.19538390866873e-19,-1.23219079384285e-08,-9.72140625776774e-08
24.7500495910645,6.39274077003631e-19,2.29529728557054e-09,1.81233126284042e-08
24.766716003418,-1.20243794752716e-19,-1.47569165775963e-08,-1.16423748863781e-07
24.7833824157715,-5.19690695497159e-19,-1.23217889225202e-08,-9.72131246612662e-08
24.800048828125,6.39152429754797e-19,2.29527508111005e-09,1.81231367690771e-08
24.8167171478271,-1.20286782295174e-19,-1.47570267117203e-08,-1.16424622831346e-07
24.8333835601807,-5.19556640539137e-19,-1.23216690184336e-08,-9.72121796394276e-08
24.8500499725342,6.39305613264484e-19,2.29525287664956e-09,1.812296090975e-08
24.8667163848877,-1.20266490520773e-19,-1.47571377340228e-08,-1.16425489693484e-07
24.8833827972412,-5.19521692158257e-19,-1.23215500025253e-08,-9.72112417230164e-08
24.9000492095947,6.39213847915279e-19,2.29523045014446e-09,1.81227850504229e-08
24.9167156219482,-1.20326577437456e-19,-1.47572487563252e-08,-1.16426363661049e-07
24.9333839416504,-5.19790163965819e-19,-1.23214309866171e-08,-9.72103038066052e-08
24.9500503540039,6.39221085745639e-19,2.29520824568397e-09,1.81226091910958e-08
24.9667167663574,-1.2032828349747e-19,-1.47573588904493e-08,-1.16427237628614e-07
24.9833831787109,-5.1963522269733e-19,-1.23213119707088e-08,-9.7209365890194e-08
25.0,2.46328492756427e-19,2.309618718499e-09,1.82362924761037e-08
