Time,U1,U2,U3
0.0,0.0,0.0,0.0
0.00222221994772553,1.24662346400142e-20,-2.67560168465408e-10,-2.10432604674793e-09
0.00444443989545107,-2.4574926922601e-20,-2.02449806918636e-10,-1.61611135585105e-09
0.0066666598431766,3.69542001617527e-20,2.02312593761134e-11,1.82527132297494e-10
0.00888887979090214,1.80790064863882e-20,-2.53143866979499e-10,-2.00733563104905e-09
0.011111100204289,-6.1587338304375e-20,-2.08668318735228e-10,-1.65613434077727e-09
0.0133333196863532,5.03848312685694e-20,1.90170240665921e-11,1.70868638682542e-10
0.01555554009974,-3.40198092504636e-20,-2.45933828857403e-10,-1.95404159519796e-09
0.0177777595818043,-1.02200693074791e-20,-2.20085227820022e-10,-1.73850789320085e-09
0.0199999809265137,1.66205319700923e-20,3.27435231706197e-11,2.68983363360675e-10
0.0222222004085779,2.17974030596642e-20,-2.60174604083119e-10,-2.05527017627105e-09
0.0244444198906422,-4.10950695393675e-20,-2.06860473195292e-10,-1.64492430787533e-09
0.0266666393727064,4.05194972358726e-20,2.16925609419771e-11,1.91172744301582e-10
0.0288888607174158,3.09648660545208e-21,-2.52031673309006e-10,-1.99836769354533e-09
0.0311110801994801,-8.05625449012632e-20,-2.1178490905438e-10,-1.67877833856522e-09
0.0333333015441895,6.63929927070181e-20,2.34699031043117e-11,2.02537916993428e-10
0.0355555191636086,-3.08640538212627e-20,-2.51042436838489e-10,-1.98998884037849e-09
0.0377777405083179,-3.24835086707538e-20,-2.14943216003682e-10,-1.70262359766582e-09
0.0399999618530273,8.02561455701462e-20,2.80818372028202e-11,2.36741432013687e-10
0.0422221794724464,-9.40358468954602e-21,-2.56368704043552e-10,-2.02927918913076e-09
0.0444444008171558,-3.00919453429298e-20,-2.095862372542e-10,-1.66311653337914e-09
0.0466666184365749,4.6675601536691e-20,2.32625741586334e-11,2.01067301697222e-10
0.0488888397812843,-2.46569389722788e-20,-2.52503407072169e-10,-2.00040561892934e-09
0.0511110611259937,-3.00311120249902e-20,-2.12249398612308e-10,-1.68341707240671e-09
0.0533332787454128,4.58838249005901e-20,2.46404667503253e-11,2.12194553594891e-10
0.0555555000901222,3.11028977802727e-21,-2.52658949317919e-10,-2.00279859363661e-09
0.0577777214348316,-3.82017791647645e-20,-2.13138368065913e-10,-1.68850178283719e-09
0.0599999390542507,2.91358828823576e-20,2.6319555909704e-11,2.22954987805224e-10
0.0622221603989601,3.5606784336215e-20,-2.54836984847628e-10,-2.0171713188688e-09
0.0644443780183792,-3.75356015036267e-20,-2.1075334533105e-10,-1.67258518146696e-09
0.0666666030883789,5.17899300171356e-20,2.39910487309647e-11,2.07363140547479e-10
0.068888820707798,-9.9362833494752e-21,-2.52779214227061e-10,-2.0034247594225e-09
0.0711110383272171,-4.5104317033184e-20,-2.12388398534991e-10,-1.68340608119877e-09
0.0733332633972168,6.03545031495471e-20,2.51189659350448e-11,2.14656195596241e-10
0.0755554810166359,-2.26963189721364e-20,-2.53381010617559e-10,-2.00705230213316e-09
0.077777698636055,-2.55281475654046e-20,-2.12275308442145e-10,-1.68318148308089e-09
0.0799999237060547,4.12100896497778e-20,2.54147935335736e-11,2.17271201030655e-10
0.0822221413254738,-8.69837525104692e-21,-2.53979809405891e-10,-2.01175898162376e-09
0.0844443589448929,-3.77906187015374e-20,-2.11490241985857e-10,-1.67720615174005e-09
0.086666576564312,3.4729058464591e-20,2.4557880035081e-11,2.10833947522637e-10
0.0888888016343117,-1.18213015457903e-21,-2.53152943052726e-10,-2.00557881413488e-09
0.0911110192537308,-3.85548301899598e-20,-2.12205517047259e-10,-1.68255376298276e-09
0.0933332368731499,4.55413979763873e-20,2.51056120337267e-11,2.1495494273438e-10
0.0955554619431496,-3.6749166806384e-21,-2.53504911507108e-10,-2.00827621199551e-09
0.0977776795625687,-4.14967691243385e-20,-2.12051501358168e-10,-1.68129166144837e-09
0.0999998971819878,4.82125871253455e-20,2.51306388893147e-11,2.14990109048685e-10
0.102222122251987,-1.19706928685775e-20,-2.53675469519266e-10,-2.00936778327332e-09
0.104444339871407,-3.88945493901262e-20,-2.11777401171176e-10,-1.67944291806776e-09
0.106666557490826,5.21833836453753e-20,2.47981635226324e-11,2.1270613048685e-10
0.108888782560825,-1.45660075833795e-20,-2.53328774624251e-10,-2.00696415042501e-09
0.111111000180244,-3.05732158254193e-20,-2.12099240948227e-10,-1.68168645675593e-09
0.113333217799664,3.87603974968763e-20,2.50648529709352e-11,2.14571846401945e-10
0.115555442869663,-5.89563126515654e-21,-2.53521287296721e-10,-2.00831529184597e-09
0.117777660489082,-3.19787798630802e-20,-2.11988357423643e-10,-1.68090397156817e-09
0.119999878108501,3.91753869016108e-20,2.50333313106532e-11,2.14342293913816e-10
0.122222103178501,-2.61583307529929e-21,-2.53559895302402e-10,-2.00857419585532e-09
0.12444432079792,-4.17102657329082e-20,-2.11893488866188e-10,-1.68025238167502e-09
0.12666654586792,4.71319144291362e-20,2.48990082024614e-11,2.13415521366223e-10
0.128888756036758,-7.34355518967449e-21,-2.53404630612408e-10,-2.00750260859195e-09
0.131110981106758,-3.98694172849369e-20,-2.12051348702502e-10,-1.68133929001613e-09
0.133333206176758,4.8511764781974e-20,2.5043746590403e-11,2.14405784793037e-10
0.135555416345596,-9.71882370566612e-21,-2.53525145321731e-10,-2.00831817842584e-09
0.137777641415596,-3.66117247699359e-20,-2.11960976548298e-10,-1.68073899242671e-09
0.139999866485596,4.66101120966315e-20,2.49850660993811e-11,2.14030404510623e-10
0.142222076654434,-1.02130495813823e-20,-2.5349691790133e-10,-2.00815830631029e-09
0.144444301724434,-3.58885427323658e-20,-2.1196197574902e-10,-1.68070579675828e-09
0.146666526794434,4.58051555006923e-20,2.49638972688038e-11,2.13839501661539e-10
0.148888736963272,-8.16343092500163e-21,-2.53460585852849e-10,-2.00785943427206e-09
0.151110962033272,-3.63315690362219e-20,-2.12005329958131e-10,-1.68105374065419e-09
0.153333187103271,4.56689744300022e-20,2.50065732010363e-11,2.14180895241611e-10
0.15555539727211,-7.80742822211271e-21,-2.53496945656906e-10,-2.0081540874628e-09
0.15777762234211,-3.89158234415053e-20,-2.11978379294209e-10,-1.68082725515717e-09
0.159999847412109,4.61100684916461e-20,2.49903049642786e-11,2.1403068206638e-10
0.162222057580948,-8.99040635798865e-21,-2.53491866386568e-10,-2.00808369932304e-09
0.164444282650948,-3.74324107222107e-20,-2.11972134289695e-10,-1.68081593088232e-09
0.166666492819786,4.62826067351973e-20,2.49735475355006e-11,2.13942585869376e-10
0.168888717889786,-9.07986141759228e-21,-2.53466997390817e-10,-2.00793581761616e-09
0.171110942959785,-3.64396615090021e-20,-2.12001402544182e-10,-1.68099667519073e-09
0.173333153128624,4.51039325234461e-20,2.50033292681362e-11,2.14127743314307e-10
0.175555378198624,-8.34200419429148e-21,-2.53494614188554e-10,-2.00810612582814e-09
0.177777603268623,-3.7641173660478e-20,-2.11977130293306e-10,-1.68084879348385e-09
0.179999813437462,4.55266799775975e-20,2.4982802285245e-11,2.14004203247242e-10
0.182222038507462,-8.28002784845466e-21,-2.5347843268797e-10,-2.00801109073723e-09
0.184444263577461,-3.75531726292949e-20,-2.11988038234523e-10,-1.68090785734876e-09
0.1866664737463,4.62126388876027e-20,2.49878295138783e-11,2.14021925182273e-10
0.188888698816299,-8.92107343613765e-21,-2.53478266154517e-10,-2.00799221694581e-09
0.191110923886299,-3.70343526706394e-20,-2.11991479925899e-10,-1.68094882457837e-09
0.193333134055138,4.583003231138e-20,2.49923397949159e-11,2.14068679449397e-10
0.195555359125137,-8.74601810783184e-21,-2.53482568268737e-10,-2.00803551564377e-09
0.197777584195137,-3.7081466422638e-20,-2.11987538634162e-10,-1.68090907859408e-09
0.199999794363976,4.57208477016973e-20,2.49885095254809e-11,2.14029877154687e-10
0.202222019433975,-8.40698795557804e-21,-2.53479237599663e-10,-2.00800043259619e-09
0.204444244503975,-3.72918255609936e-20,-2.1198925947985e-10,-1.6809322822553e-09
0.206666454672813,4.57629014347925e-20,2.49875901220387e-11,2.14032791490126e-10
0.208888679742813,-8.50756390921783e-21,-2.5347571264156e-10,-2.00798333516161e-09
0.211110904812813,-3.73182630288526e-20,-2.11994186094522e-10,-1.68096014885322e-09
0.213333114981651,4.59943181358513e-20,2.49924924505818e-11,2.14060352776713e-10
0.215555340051651,-8.67493792849554e-21,-2.5348001475578e-10,-2.00800620575592e-09
0.217777565121651,-3.73205054637945e-20,-2.11990092147119e-10,-1.68093827745963e-09
0.219999775290489,4.59510882553226e-20,2.49879283931165e-11,2.14033818446424e-10
0.222222000360489,-8.78491175249318e-21,-2.53475102018896e-10,-2.00797578564504e-09
0.224444225430489,-3.71305350350686e-20,-2.11994310994612e-10,-1.68096425667841e-09
0.226666435599327,4.58043832500423e-20,2.4990379557388e-11,2.14046919078115e-10
0.228888660669327,-8.58404903531057e-21,-2.53475684885984e-10,-2.00797511951123e-09
0.231110885739326,-3.71858850502758e-20,-2.11994671817095e-10,-1.68097136210577e-09
0.233333095908165,4.57785144688544e-20,2.49904871102435e-11,2.14051165681184e-10
0.235555320978165,-8.5277118963646e-21,-2.53475213041199e-10,-2.0079740092882e-09
0.237777546048164,-3.73171805854729e-20,-2.11995032639578e-10,-1.68097213926188e-09
0.239999756217003,4.58952600263238e-20,2.49899233251138e-11,2.14044726387641e-10
0.242221981287003,-8.62198059783367e-21,-2.53473714240116e-10,-2.0079604645673e-09
0.244444206357002,-3.7212855661889e-20,-2.11996503685086e-10,-1.68098557296048e-09
0.246666416525841,4.58820703729627e-20,2.49902789434264e-11,2.1404929217983e-10
0.24888864159584,-8.65717050899055e-21,-2.5347279830612e-10,-2.00795491345218e-09
0.251110851764679,-3.71752706428061e-20,-2.11997849830503e-10,-1.68099434372238e-09
0.25333309173584,4.58080215522678e-20,2.49909745675403e-11,2.14052886526872e-10
0.255555301904678,-8.60795245475008e-21,-2.53472659528242e-10,-2.00795180482771e-09
0.257777512073517,-3.72017727341505e-20,-2.1199805799732e-10,-1.68099789643605e-09
0.259999752044678,4.58249916795223e-20,2.49902910864908e-11,2.14049250546466e-10
0.262221962213516,-8.60726502242461e-21,-2.53470994193705e-10,-2.00794025850826e-09
0.264444172382355,-3.72326466042791e-20,-2.11999778843008e-10,-1.68101010888932e-09
0.266666412353516,4.58609255685543e-20,2.49910248745211e-11,2.14053760827504e-10
0.268888622522354,-8.61815327191348e-21,-2.53470577860071e-10,-2.00793581761616e-09
0.271110832691193,-3.72327403083329e-20,-2.12000486610187e-10,-1.68101665920517e-09
0.273333072662354,4.58634975832714e-20,2.49910040578394e-11,2.14054329816804e-10
0.275555282831192,-8.62984042924006e-21,-2.53469689681651e-10,-2.00792915627801e-09
0.277777493000031,-3.72185296039032e-20,-2.12001471933121e-10,-1.68102409769944e-09
0.279999732971191,4.58481785860679e-20,2.49910665078845e-11,2.14054440839107e-10
0.28222194314003,-8.62481514546008e-21,-2.53468718236505e-10,-2.00792094062763e-09
0.284444153308868,-3.72090137956846e-20,-2.12002596033933e-10,-1.68103331255054e-09
0.286666393280029,4.58383041175055e-20,2.49913076344477e-11,2.14056591896217e-10
0.288888603448868,-8.61224749314553e-21,-2.53467913324812e-10,-2.00791494542329e-09
0.291110813617706,-3.72228916891647e-20,-2.12003581356868e-10,-1.68104097308941e-09
0.293333053588867,4.58424303270455e-20,2.49914793720718e-11,2.14057688241454e-10
0.295555263757706,-8.61642701706091e-21,-2.53467108413119e-10,-2.00790828408515e-09
0.297777473926544,-3.72232761989026e-20,-2.12004511168651e-10,-1.68104863362828e-09
0.299999713897705,4.58496455391855e-20,2.49915123318178e-11,2.1405821559739e-10
0.302221924066544,-8.62626432711919e-21,-2.53466136967972e-10,-2.00790073456858e-09
0.304444134235382,-3.72195183432291e-20,-2.12005649147251e-10,-1.68105740439017e-09
0.306666374206543,4.5845693813056e-20,2.49917760097862e-11,2.14060075220956e-10
0.308888584375381,-8.62182307808812e-21,-2.53465387567431e-10,-2.00789451731964e-09
0.31111079454422,-3.72183906634097e-20,-2.12006578959034e-10,-1.68106506492904e-09
0.313333034515381,4.58423107735976e-20,2.49918662154069e-11,2.14060935643801e-10
0.315555244684219,-8.61951359628022e-21,-2.53464471633436e-10,-2.00788741189228e-09
0.317777454853058,-3.72229498503015e-20,-2.12007605915332e-10,-1.68107316955712e-09
0.319999694824219,4.58411701690811e-20,2.49920136669024e-11,2.1406201811125e-10
0.322221904993057,-8.61915816711076e-21,-2.53463611210591e-10,-2.00788030646493e-09
0.324444115161896,-3.72215636765406e-20,-2.1200863287163e-10,-1.68108149622981e-09
0.326666325330734,4.58430184007622e-20,2.49921819350796e-11,2.14063378134455e-10
0.328888565301895,-8.62083756993644e-21,-2.53462778543323e-10,-2.00787364512678e-09
0.331110775470734,-3.72211016186203e-20,-2.12009632072352e-10,-1.68108937881328e-09
0.333332985639572,4.5840759809949e-20,2.49923224476811e-11,2.14064446724116e-10
0.335555225610733,-8.62134244091578e-21,-2.53461918120479e-10,-2.00786676174403e-09
0.337777435779572,-3.72200514869833e-20,-2.12010645150862e-10,-1.68109748344136e-09
0.33999964594841,4.5842701745684e-20,2.49924577561123e-11,2.14065556947141e-10
0.342221885919571,-8.61996353729701e-21,-2.53461057697635e-10,-2.00785987836127e-09
0.344444096088409,-3.72229369256044e-20,-2.1201167210716e-10,-1.68110569909175e-09
0.346666306257248,4.58420135055649e-20,2.49926242895659e-11,2.14066847581407e-10
0.348888546228409,-8.61876396385009e-21,-2.53460197274791e-10,-2.00785321702313e-09
0.351110756397247,-3.72266592383609e-20,-2.12012671307882e-10,-1.68111369269752e-09
0.353332966566086,4.58430894865961e-20,2.49927595979971e-11,2.14067930048856e-10
0.355555206537247,-8.61972200702049e-21,-2.53459336851947e-10,-2.00784633364037e-09
0.357777416706085,-3.72234119082218e-20,-2.12013684386392e-10,-1.6811217973256e-09
0.359999626874924,4.58405594771444e-20,2.49929105189395e-11,2.14069109660819e-10
0.362221866846085,-8.62065339300318e-21,-2.53458476429103e-10,-2.00783945025762e-09
0.364444077014923,-3.72231275648862e-20,-2.12014697464902e-10,-1.68112990195368e-09
0.366666287183762,4.58409730674507e-20,2.49930597051584e-11,2.14070289272783e-10
0.368888527154922,-8.61838995542859e-21,-2.53457616006258e-10,-2.00783256687487e-09
0.371110737323761,-3.72236736333375e-20,-2.12015710543412e-10,-1.68113789555946e-09
0.373332947492599,4.5842026430262e-20,2.49932054219304e-11,2.14071427251383e-10
0.37555518746376,-8.61627757525103e-21,-2.5345678333899e-10,-2.00782568349211e-09
0.377777397632599,-3.72242035459174e-20,-2.12016723621922e-10,-1.68114600018754e-09
0.379999607801437,4.58452866850982e-20,2.49933528734259e-11,2.14072592985559e-10
0.382221847772598,-8.61755792805464e-21,-2.53455922916146e-10,-2.00781880010936e-09
0.384444057941437,-3.72214311983957e-20,-2.12017736700432e-10,-1.68115410481562e-09
0.386666268110275,4.58454579373344e-20,2.49935037943683e-11,2.14073772597523e-10
0.388888508081436,-8.61776956996918e-21,-2.53455062493302e-10,-2.00781191672661e-09
0.391110718250275,-3.72233311288651e-20,-2.12018749778942e-10,-1.6811622094437e-09
0.393332928419113,4.58414286630225e-20,2.49936477764168e-11,2.14074924453911e-10
0.395555168390274,-8.61761205022362e-21,-2.53454202070458e-10,-2.00780503334386e-09
0.397777378559113,-3.72233020482967e-20,-2.12019762857452e-10,-1.68117020304948e-09
0.399999588727951,4.58393865608852e-20,2.49937969626357e-11,2.14076090188087e-10
0.402221828699112,-8.6151466642573e-21,-2.53453341647614e-10,-2.00779837200571e-09
0.40444403886795,-3.72221065138176e-20,-2.12020775935962e-10,-1.68117830767756e-09
0.406666249036789,4.58428697667459e-20,2.49939444141312e-11,2.14077255922263e-10
0.40888848900795,-8.6156184157004e-21,-2.5345248122477e-10,-2.00779148862296e-09
0.411110699176788,-3.72250662694469e-20,-2.12021789014472e-10,-1.68118641230564e-09
0.413332909345627,4.58462624997271e-20,2.49940918656266e-11,2.14078421656438e-10
0.415555149316788,-8.61422254841672e-21,-2.53451620801926e-10,-2.0077846052402e-09
0.417777359485626,-3.72231792636745e-20,-2.12022802092982e-10,-1.68119451693372e-09
0.419999569654465,4.58430442501564e-20,2.49942393171221e-11,2.14079587390614e-10
0.422221809625626,-8.61678567740464e-21,-2.53450760379081e-10,-2.00777772185745e-09
0.424444019794464,-3.72211371615373e-20,-2.12023815171491e-10,-1.68120262156179e-09
0.426666229963303,4.58433673675831e-20,2.49943867686175e-11,2.1408075312479e-10
0.428888469934464,-8.61516685909648e-21,-2.53449927711813e-10,-2.0077708384747e-09
0.431110680103302,-3.72234280640931e-20,-2.12024828250001e-10,-1.68121061516757e-09
0.433332890272141,4.58423140047718e-20,2.4994534220113e-11,2.14081904981178e-10
0.435555130243301,-8.61413449891792e-21,-2.53449067288969e-10,-2.00776395509195e-09
0.43777734041214,-3.72234959187528e-20,-2.12025841328511e-10,-1.68121871979565e-09
0.439999550580978,4.58440232959595e-20,2.49946816716085e-11,2.14083070715354e-10
0.442221790552139,-8.61374271903795e-21,-2.53448206866125e-10,-2.00775707170919e-09
0.444444000720978,-3.72222777660538e-20,-2.12026854407021e-10,-1.68122682442373e-09
0.446666210889816,4.58442720963781e-20,2.49948291231039e-11,2.1408423644953e-10
0.448888450860977,-8.61318614927033e-21,-2.53447346443281e-10,-2.00775018832644e-09
0.451110661029816,-3.72224167065473e-20,-2.12027867485531e-10,-1.68123492905181e-09
0.453332871198654,4.58431185671645e-20,2.49949765745994e-11,2.14085402183706e-10
0.455555111169815,-8.61236623879987e-21,-2.53446486020437e-10,-2.00774352698829e-09
0.457777321338654,-3.7225163204675e-20,-2.12028880564041e-10,-1.68124292265759e-09
0.459999531507492,4.5844559670888e-20,2.49951257608183e-11,2.14086567917882e-10
0.462221771478653,-8.61274509398277e-21,-2.53445625597593e-10,-2.00773664360554e-09
0.464443981647491,-3.72247043779289e-20,-2.12029893642551e-10,-1.68125102728567e-09
0.46666619181633,4.58402428220662e-20,2.49952732123138e-11,2.14087733652057e-10
0.468888431787491,-8.61284526038507e-21,-2.53444765174748e-10,-2.00772976022279e-09
0.471110641956329,-3.72270922157128e-20,-2.12030906721061e-10,-1.68125913191375e-09
0.473332852125168,4.5843751877321e-20,2.49954206638092e-11,2.14088899386233e-10
0.475555092096329,-8.61330731830537e-21,-2.53443904751904e-10,-2.00772287684003e-09
0.477777302265167,-3.72267755606346e-20,-2.12031919799571e-10,-1.68126723654183e-09
0.479999512434006,4.58446242943733e-20,2.49955681153047e-11,2.14090051242621e-10
0.482221752405167,-8.61336305606149e-21,-2.5344304432906e-10,-2.00771599345728e-09
0.484443962574005,-3.72258385200969e-20,-2.12032932878081e-10,-1.68127534116991e-09
0.486666172742844,4.58421427525357e-20,2.49957155668001e-11,2.14091216976797e-10
0.488888412714005,-8.61214490336253e-21,-2.53442211661792e-10,-2.00770911007453e-09
0.491110622882843,-3.72262230298348e-20,-2.12033945956591e-10,-1.68128333477569e-09
0.493332833051682,4.58406014824099e-20,2.49958630182956e-11,2.14092382710973e-10
0.495555073022842,-8.61383723088528e-21,-2.53441351238948e-10,-2.00770222669178e-09
0.497777283191681,-3.72264136691166e-20,-2.12034959035101e-10,-1.68129143940376e-09
0.499999493360519,4.58422946177262e-20,2.49960104697911e-11,2.14093548445149e-10
0.502221703529358,-8.61272328355647e-21,-2.53440490816104e-10,-2.00769534330902e-09
0.504443943500519,-3.72254378544877e-20,-2.12035972113611e-10,-1.68129954403184e-09
0.50666618347168,4.58431508789072e-20,2.49961579212865e-11,2.14094714179325e-10
0.508888363838196,-8.61229515296598e-21,-2.5343963039326e-10,-2.00768868197088e-09
0.511110603809357,-3.72252052099404e-20,-2.12036985192121e-10,-1.68130764865992e-09
0.513332843780518,4.58427179015553e-20,2.4996305372782e-11,2.14095866035713e-10
0.515555024147034,-8.61084920248115e-21,-2.53438769970415e-10,-2.00768179858812e-09
0.517777264118195,-3.72250145706586e-20,-2.12037998270631e-10,-1.681315753288e-09
0.519999504089355,4.58436290926988e-20,2.49964528242774e-11,2.14097031769889e-10
0.522221684455872,-8.61084031675191e-21,-2.53437909547571e-10,-2.00767491520537e-09
0.524443924427032,-3.72249305601277e-20,-2.12039011349141e-10,-1.68132374689378e-09
0.526666164398193,4.58424691011367e-20,2.49966002757729e-11,2.14098197504065e-10
0.528888344764709,-8.61040976278073e-21,-2.53437049124727e-10,-2.00766803182262e-09
0.53111058473587,-3.72249984147873e-20,-2.12040024427651e-10,-1.68133185152186e-09
0.533332824707031,4.58413478836658e-20,2.49967477272683e-11,2.1409936323824e-10
0.535555005073547,-8.60986773329731e-21,-2.53436188701883e-10,-2.00766114843987e-09
0.537777245044708,-3.72271342209783e-20,-2.12041037506161e-10,-1.68133995614994e-09
0.539999485015869,4.58408244334344e-20,2.49968951787638e-11,2.14100515094628e-10
0.542221665382385,-8.60779412721096e-21,-2.53435356034615e-10,-2.00765426505711e-09
0.544443905353546,-3.7227806305226e-20,-2.12042050584671e-10,-1.68134806077802e-09
0.546666145324707,4.58429473149283e-20,2.49970426302593e-11,2.14101680828804e-10
0.548888325691223,-8.61119089915997e-21,-2.53434495611771e-10,-2.00764738167436e-09
0.551110565662384,-3.72288596680373e-20,-2.12043063663181e-10,-1.6813560543838e-09
0.553332805633545,4.5838394590385e-20,2.49971900817547e-11,2.1410284656298e-10
0.555554986000061,-8.60919403346248e-21,-2.53433635188927e-10,-2.00764072033621e-09
0.557777225971222,-3.72268983452568e-20,-2.12044076741691e-10,-1.68136415901188e-09
0.559999465942383,4.58416613075698e-20,2.49973375332502e-11,2.14104012297156e-10
0.562221646308899,-8.60795972489218e-21,-2.53432774766083e-10,-2.00763383695346e-09
0.56444388628006,-3.72259386864992e-20,-2.12045089820201e-10,-1.68137226363996e-09
0.566666126251221,4.58396902912664e-20,2.49974849847456e-11,2.14105164153544e-10
0.568888306617737,-8.6078151298437e-21,-2.53431914343238e-10,-2.00762695357071e-09
0.571110546588898,-3.72274541072308e-20,-2.12046102898711e-10,-1.68138036826804e-09
0.573332786560059,4.58419908873451e-20,2.49976324362411e-11,2.1410632988772e-10
0.575554966926575,-8.60789671699396e-21,-2.53431053920394e-10,-2.00762007018795e-09
0.577777206897736,-3.72276996764752e-20,-2.12047115977221e-10,-1.68138847289612e-09
0.579999446868896,4.58413091095746e-20,2.49977798877365e-11,2.14107495621896e-10
0.582221627235413,-8.60810755111493e-21,-2.5343019349755e-10,-2.0076131868052e-09
0.584443867206573,-3.7228494545345e-20,-2.12048129055731e-10,-1.68139646650189e-09
0.586666107177734,4.58413575771886e-20,2.4997927339232e-11,2.14108661356072e-10
0.58888828754425,-8.60621165961331e-21,-2.53429333074706e-10,-2.00760630342245e-09
0.591110527515411,-3.72277772246576e-20,-2.12049142134241e-10,-1.68140457112997e-09
0.593332767486572,4.58403914560825e-20,2.49980747907275e-11,2.1410981321246e-10
0.595554947853088,-8.60801869382257e-21,-2.53428472651862e-10,-2.0075994200397e-09
0.597777187824249,-3.72303104652835e-20,-2.12050141334963e-10,-1.68141267575805e-09
0.59999942779541,4.58365948263179e-20,2.49982222422229e-11,2.14110978946636e-10
0.602221608161926,-8.60708569225275e-21,-2.53427639984594e-10,-2.00759253665694e-09
0.604443848133087,-3.72302652288438e-20,-2.12051154413473e-10,-1.68142078038613e-09
0.606666088104248,4.58373024534825e-20,2.49983696937184e-11,2.14112144680811e-10
0.608888268470764,-8.60640310668868e-21,-2.5342677956175e-10,-2.0075858753188e-09
0.611110508441925,-3.72294025053143e-20,-2.12052167491983e-10,-1.68142888501421e-09
0.613332748413086,4.58410183038905e-20,2.49985171452138e-11,2.14113310414987e-10
0.615554928779602,-8.60547172070599e-21,-2.53425919138905e-10,-2.00757899193604e-09
0.617777168750763,-3.72308306843406e-20,-2.12053180570493e-10,-1.68143687861999e-09
0.619999408721924,4.58394285661507e-20,2.49986645967093e-11,2.14114462271375e-10
0.62222158908844,-8.60536993871655e-21,-2.53425058716061e-10,-2.00757210855329e-09
0.624443829059601,-3.72305592657022e-20,-2.12054193649003e-10,-1.68144498324807e-09
0.626666069030762,4.58396256677811e-20,2.49988120482048e-11,2.14115628005551e-10
0.628888249397278,-8.60494665488747e-21,-2.53424198293217e-10,-2.00756522517054e-09
0.631110489368439,-3.72296997733469e-20,-2.12055206727513e-10,-1.68145308787615e-09
0.6333327293396,4.58383784345137e-20,2.49989594997002e-11,2.14116793739727e-10
0.635554909706116,-8.60438523835845e-21,-2.53423337870373e-10,-2.00755834178779e-09
0.637777149677277,-3.72311279523733e-20,-2.12056219806023e-10,-1.68146119250423e-09
0.639999389648438,4.58393445556198e-20,2.49991069511957e-11,2.14117959473903e-10
0.642221570014954,-8.60325836633256e-21,-2.53422477447529e-10,-2.00755145840503e-09
0.644443809986115,-3.72286334858386e-20,-2.12057232884533e-10,-1.68146918611001e-09
0.646665990352631,4.58440362206566e-20,2.49992544026911e-11,2.14119111330291e-10
0.648888230323792,-8.60319778181503e-21,-2.53421617024685e-10,-2.00754457502228e-09
0.651110470294952,-3.72305107980881e-20,-2.12058245963043e-10,-1.68147729073809e-09
0.653332650661469,4.58408212022601e-20,2.49994018541866e-11,2.14120277064467e-10
0.655554890632629,-8.60402011566619e-21,-2.53420756601841e-10,-2.00753769163953e-09
0.65777713060379,-3.72292926453892e-20,-2.12059259041553e-10,-1.68148539536617e-09
0.659999310970306,4.58387597130773e-20,2.4999549305682e-11,2.14121442798643e-10
0.662221550941467,-8.60517122149908e-21,-2.53419923934572e-10,-2.00753103030138e-09
0.664443790912628,-3.72302975405865e-20,-2.12060272120063e-10,-1.68149349999425e-09
0.666665971279144,4.5842798680912e-20,2.49996967571775e-11,2.14122594655031e-10
0.668888211250305,-8.60298290872623e-21,-2.53419063511728e-10,-2.00752414691863e-09
0.671110451221466,-3.72318808159777e-20,-2.12061285198573e-10,-1.68150160462233e-09
0.673332631587982,4.58384495203476e-20,2.49998424739495e-11,2.14123760389207e-10
0.675554871559143,-8.60292474758941e-21,-2.53418203088884e-10,-2.00751726353587e-09
0.677777111530304,-3.7232717690113e-20,-2.12062298277083e-10,-1.6815095982281e-09
0.67999929189682,4.58384107462564e-20,2.49999899254449e-11,2.14124926123382e-10
0.682221531867981,-8.60382462962298e-21,-2.5341734266604e-10,-2.00751038015312e-09
0.684443771839142,-3.72325141261342e-20,-2.12063311355593e-10,-1.68151770285618e-09
0.686665952205658,4.58394834961133e-20,2.50001373769404e-11,2.1412607797977e-10
0.688888192176819,-8.60391267912178e-21,-2.53416482243196e-10,-2.00750349677037e-09
0.69111043214798,-3.7231389677489e-20,-2.12064324434103e-10,-1.68152580748426e-09
0.693332612514496,4.58360229084725e-20,2.50002848284359e-11,2.14127243713946e-10
0.695554852485657,-8.60217026839788e-21,-2.53415621820352e-10,-2.00749661338762e-09
0.697777092456818,-3.72314607633229e-20,-2.12065337512612e-10,-1.68153391211234e-09
0.699999272823334,4.58395416572501e-20,2.50004322799313e-11,2.14128409448122e-10
0.702221512794495,-8.60255720151645e-21,-2.53414761397508e-10,-2.00748973000486e-09
0.704443752765656,-3.72305754215735e-20,-2.12066350591122e-10,-1.68154190571812e-09
0.706665933132172,4.58383913592108e-20,2.50005797314268e-11,2.14129575182298e-10
0.708888173103333,-8.60273249272047e-21,-2.53413900974664e-10,-2.00748284662211e-09
0.711110413074493,-3.72304817175197e-20,-2.12067363669632e-10,-1.6815500103462e-09
0.71333259344101,4.58389762017532e-20,2.50007271829222e-11,2.14130727038686e-10
0.71555483341217,-8.60175021574307e-21,-2.5341304055182e-10,-2.00747618528396e-09
0.717777073383331,-3.72332799144356e-20,-2.12068376748142e-10,-1.68155811497428e-09
0.719999253749847,4.58384269021277e-20,2.50008746344177e-11,2.14131892772862e-10
0.722221493721008,-8.60077359332063e-21,-2.53412207884551e-10,-2.00746930190121e-09
0.724443733692169,-3.72346143894082e-20,-2.12069389826652e-10,-1.68156621960236e-09
0.726665914058685,4.5838443057999e-20,2.50010220859131e-11,2.14133058507038e-10
0.728888154029846,-8.60043351222894e-21,-2.53411347461707e-10,-2.00746241851846e-09
0.731110394001007,-3.72334156237549e-20,-2.12070402905162e-10,-1.68157432423044e-09
0.733332574367523,4.58359679785099e-20,2.50011695374086e-11,2.14134210363426e-10
0.735554814338684,-8.60276561225672e-21,-2.53410487038863e-10,-2.0074555351357e-09
0.737777054309845,-3.72343009655042e-20,-2.12071415983672e-10,-1.68158231783622e-09
0.739999234676361,4.58357805704024e-20,2.50013169889041e-11,2.14135376097602e-10
0.742221474647522,-8.60198366808391e-21,-2.53409626616019e-10,-2.00744865175295e-09
0.744443714618683,-3.72345012983088e-20,-2.12072429062182e-10,-1.6815904224643e-09
0.746665894985199,4.58365689769237e-20,2.50014644403995e-11,2.1413652795399e-10
0.74888813495636,-8.60207252537628e-21,-2.53408766193175e-10,-2.0074417683702e-09
0.751110374927521,-3.72340941703511e-20,-2.12073442140692e-10,-1.68159852709238e-09
0.753332555294037,4.58374704745444e-20,2.50016101571715e-11,2.14137693688166e-10
0.755554795265198,-8.60140528788998e-21,-2.53407905770331e-10,-2.00743488498745e-09
0.757777035236359,-3.7234611158234e-20,-2.12074455219202e-10,-1.68160663172046e-09
0.759999215602875,4.58345268747865e-20,2.5001757608667e-11,2.14138859422341e-10
0.762221455574036,-8.60138428525724e-21,-2.53407045347487e-10,-2.00742800160469e-09
0.764443695545197,-3.72351346084653e-20,-2.12075468297712e-10,-1.68161473634854e-09
0.766665875911713,4.58379293012905e-20,2.50019050601624e-11,2.1414001127873e-10
0.768888115882874,-8.60042785767398e-21,-2.53406184924643e-10,-2.00742134026655e-09
0.771110355854034,-3.72354738817635e-20,-2.12076481376222e-10,-1.68162272995431e-09
0.773332536220551,4.58369114813961e-20,2.50020525116579e-11,2.14141177012905e-10
0.775554776191711,-8.60101997035855e-21,-2.53405324501799e-10,-2.00741445688379e-09
0.777777016162872,-3.72348114910386e-20,-2.12077494454732e-10,-1.68163083458239e-09
0.779999196529388,4.58356416299089e-20,2.50021999631533e-11,2.14142342747081e-10
0.782221436500549,-8.60010150907293e-21,-2.5340449183453e-10,-2.00740757350104e-09
0.78444367647171,-3.72373479628388e-20,-2.12078507533242e-10,-1.68163893921047e-09
0.786665856838226,4.5834255456148e-20,2.50023474146488e-11,2.14143494603469e-10
0.788888096809387,-8.60191258225002e-21,-2.53403631411686e-10,-2.00740069011829e-09
0.791110336780548,-3.72380071223894e-20,-2.12079520611752e-10,-1.68164704383855e-09
0.793332517147064,4.58345559553549e-20,2.50024948661443e-11,2.14144660337645e-10
0.795554757118225,-8.60177525734364e-21,-2.53402770988842e-10,-2.00739380673554e-09
0.797776997089386,-3.72383270086419e-20,-2.12080533690262e-10,-1.68165503744433e-09
0.799999177455902,4.58339064893271e-20,2.50026423176397e-11,2.14145826071821e-10
0.802221417427063,-8.60146183343967e-21,-2.53401910565998e-10,-2.00738692335278e-09
0.804443657398224,-3.72375353709463e-20,-2.12081546768772e-10,-1.68166314207241e-09
0.80666583776474,4.5832940368221e-20,2.50027880344117e-11,2.14146977928209e-10
0.808888077735901,-8.6005102526178e-21,-2.53401050143154e-10,-2.00738003997003e-09
0.811110317707062,-3.72399361334273e-20,-2.12082559847282e-10,-1.68167124670049e-09
0.813332498073578,4.58311373729796e-20,2.50029354859072e-11,2.14148143662385e-10
0.815554738044739,-8.60050379026927e-21,-2.5340018972031e-10,-2.00737315658728e-09
0.8177769780159,-3.72365175510519e-20,-2.12083559048004e-10,-1.68167935132857e-09
0.819999158382416,4.58331665504197e-20,2.50030829374026e-11,2.14149295518773e-10
0.822221398353577,-8.60112175234798e-21,-2.53399329297466e-10,-2.00736649524913e-09
0.824443638324738,-3.72382688475051e-20,-2.12084572126514e-10,-1.68168745595665e-09
0.826665818691254,4.58329985293578e-20,2.50032303888981e-11,2.14150461252949e-10
0.828888058662415,-8.60043108884824e-21,-2.53398468874622e-10,-2.00735961186638e-09
0.831110298633575,-3.72394191455444e-20,-2.12085585205024e-10,-1.68169544956243e-09
0.833332479000092,4.58341876014884e-20,2.50033778403935e-11,2.14151626987125e-10
0.835554718971252,-8.59845361019636e-21,-2.53397608451778e-10,-2.00735272848362e-09
0.837776958942413,-3.72392672803538e-20,-2.12086598283534e-10,-1.68170355419051e-09
0.839999139308929,4.58313377057842e-20,2.5003525291889e-11,2.14152778843513e-10
0.84222137928009,-8.60076955435279e-21,-2.53396775784509e-10,-2.00734584510087e-09
0.844443619251251,-3.72409765715415e-20,-2.12087611362044e-10,-1.68171165881859e-09
0.846665799617767,4.58310921365398e-20,2.50036727433844e-11,2.14153944577689e-10
0.848888039588928,-8.60063222944641e-21,-2.53395915361665e-10,-2.00733896171812e-09
0.851110279560089,-3.7240065380398e-20,-2.12088624440554e-10,-1.68171976344667e-09
0.853332459926605,4.58335445978091e-20,2.50038184601564e-11,2.14155096434077e-10
0.855554699897766,-8.59955301724097e-21,-2.53395054938821e-10,-2.00733207833537e-09
0.857776939868927,-3.72402527885055e-20,-2.12089637519064e-10,-1.68172775705244e-09
0.859999120235443,4.5829163125502e-20,2.50039659116519e-11,2.14156262168252e-10
0.862221360206604,-8.59858770392847e-21,-2.53394194515977e-10,-2.00732519495261e-09
0.864443600177765,-3.72368212814331e-20,-2.12090650597574e-10,-1.68173586168052e-09
0.866665780544281,4.58308271802499e-20,2.50041133631473e-11,2.14157427902428e-10
0.868888020515442,-8.59745033058621e-21,-2.53393334093133e-10,-2.00731831156986e-09
0.871110260486603,-3.72393674467561e-20,-2.12091663676084e-10,-1.6817439663086e-09
0.873332440853119,4.5832119649957e-20,2.50042608146428e-11,2.14158579758816e-10
0.87555468082428,-8.59630003254688e-21,-2.53392473670289e-10,-2.00731165023171e-09
0.877776920795441,-3.72408311686994e-20,-2.12092676754594e-10,-1.68175207093668e-09
0.879999101161957,4.58319354730237e-20,2.50044082661383e-11,2.14159745492992e-10
0.882221341133118,-8.59747860336105e-21,-2.53391613247445e-10,-2.00730476684896e-09
0.884443581104279,-3.72398133488051e-20,-2.12093689833104e-10,-1.68176017556476e-09
0.886665761470795,4.58305557616114e-20,2.50045539829102e-11,2.1416089734938e-10
0.888888001441956,-8.59881873288862e-21,-2.533907528246e-10,-2.00729788346621e-09
0.891110241413116,-3.7242514610493e-20,-2.12094702911614e-10,-1.68176816917054e-09
0.893332421779633,4.58326431001884e-20,2.50047014344057e-11,2.14162063083556e-10
0.895554661750793,-8.59782353121414e-21,-2.53389892401756e-10,-2.00729100008346e-09
0.897776901721954,-3.72426406262894e-20,-2.12095715990124e-10,-1.68177627379862e-09
0.89999908208847,4.58313086252158e-20,2.50048488859012e-11,2.14163214939944e-10
0.902221322059631,-8.59647532375091e-21,-2.53389059734488e-10,-2.0072841167007e-09
0.904443562030792,-3.72416615804863e-20,-2.12096729068634e-10,-1.6817843784267e-09
0.906665742397308,4.5830901497258e-20,2.50049963373966e-11,2.1416438067412e-10
0.908887982368469,-8.59533471923438e-21,-2.53388199311644e-10,-2.00727723331795e-09
0.91111022233963,-3.72416389622664e-20,-2.12097742147144e-10,-1.68179248305478e-09
0.913332402706146,4.58332505609507e-20,2.50051437888921e-11,2.14165546408296e-10
0.915554642677307,-8.59567480032606e-21,-2.533873388888e-10,-2.0072703499352e-09
0.917776882648468,-3.72408408622222e-20,-2.12098755225654e-10,-1.68180047666056e-09
0.919999063014984,4.58326043260972e-20,2.50052895056641e-11,2.14166698264684e-10
0.922221302986145,-8.59595833586806e-21,-2.53386478465956e-10,-2.00726346655244e-09
0.924443542957306,-3.724202024083e-20,-2.12099768304164e-10,-1.68180858128864e-09
0.926665723323822,4.58324298426867e-20,2.50054369571595e-11,2.1416786399886e-10
0.928887963294983,-8.59618613365394e-21,-2.53385618043112e-10,-2.00725658316969e-09
0.931110203266144,-3.72423207400369e-20,-2.12100781382674e-10,-1.68181668591671e-09
0.93333238363266,4.58333313403074e-20,2.5005584408655e-11,2.14169015855248e-10
0.935554623603821,-8.59342832641639e-21,-2.53384757620267e-10,-2.00724992183154e-09
0.937776863574982,-3.72441011170584e-20,-2.12101794461184e-10,-1.68182479054479e-09
0.939999043941498,4.58313247810871e-20,2.50057318601504e-11,2.14170181589424e-10
0.942221283912659,-8.59468606100012e-21,-2.53383897197423e-10,-2.00724303844879e-09
0.94444352388382,-3.72407342334714e-20,-2.12102807539694e-10,-1.68183278415057e-09
0.946665704250336,4.58333119532618e-20,2.50058793116459e-11,2.14171333445812e-10
0.948887944221497,-8.59486054441058e-21,-2.53383036774579e-10,-2.00723615506604e-09
0.951110184192657,-3.72432254688319e-20,-2.12103820618204e-10,-1.68184088877865e-09
0.953332364559174,4.58318126884015e-20,2.50060250284179e-11,2.14172499179988e-10
0.955554604530334,-8.59411818212256e-21,-2.53382176351735e-10,-2.00722927168329e-09
0.957776844501495,-3.7241936230299e-20,-2.12104833696714e-10,-1.68184899340673e-09
0.959999024868011,4.58276832476873e-20,2.50061724799133e-11,2.14173651036376e-10
0.962221264839172,-8.59465698043171e-21,-2.53381343684467e-10,-2.00722238830053e-09
0.964443504810333,-3.72426083145467e-20,-2.12105846775223e-10,-1.68185709803481e-09
0.966665685176849,4.58298190538783e-20,2.50063199314088e-11,2.14174816770552e-10
0.96888792514801,-8.59307289724693e-21,-2.53380483261623e-10,-2.00721550491778e-09
0.971110165119171,-3.72458104082461e-20,-2.12106859853733e-10,-1.68186520266289e-09
0.973332345485687,4.58300904725168e-20,2.50064673829042e-11,2.1417596862694e-10
0.975554585456848,-8.59353253178652e-21,-2.53379622838779e-10,-2.00720862153503e-09
0.977776825428009,-3.72446245672898e-20,-2.12107872932243e-10,-1.68187319626867e-09
0.979999005794525,4.58300161555087e-20,2.50066130996762e-11,2.14177134361115e-10
0.982221245765686,-8.59476199359541e-21,-2.53378762415934e-10,-2.00720173815228e-09
0.984443485736847,-3.72434193392879e-20,-2.12108886010753e-10,-1.68188130089675e-09
0.986665666103363,4.58288561639465e-20,2.50067605511717e-11,2.14178286217503e-10
0.988887906074524,-8.59344448228772e-21,-2.5337790199309e-10,-2.00719507681413e-09
0.991110146045685,-3.72441625093695e-20,-2.12109899089263e-10,-1.68188940552483e-09
0.993332326412201,4.58271048674934e-20,2.50069080026671e-11,2.14179451951679e-10
0.995554566383362,-8.59312701941591e-21,-2.53377041570246e-10,-2.00718819343138e-09
0.997776806354523,-3.72460656710133e-20,-2.12110912167773e-10,-1.68189751015291e-09
0.999998986721039,4.58291469696306e-20,2.50070554541626e-11,2.14180603808067e-10
1.0022212266922,-8.59412787564536e-21,-2.53376181147402e-10,-2.00718131004862e-09
1.00444340705872,-3.72461335256729e-20,-2.12111911368495e-10,-1.68190550375868e-09
1.00666570663452,4.58268302176806e-20,2.50072011709346e-11,2.14181769542243e-10
1.00888788700104,-8.59467152071592e-21,-2.53375320724558e-10,-2.00717442666587e-09
1.01111006736755,-3.72459396552168e-20,-2.12112924447005e-10,-1.68191360838676e-09
1.01333236694336,4.58283165578438e-20,2.500734862243e-11,2.14182921398631e-10
1.01555454730988,-8.59243797150331e-21,-2.53374460301714e-10,-2.00716754328312e-09
1.01777672767639,-3.7242611545721e-20,-2.12113937525515e-10,-1.68192171301484e-09
1.0199990272522,4.58282454720099e-20,2.50074960739255e-11,2.14184087132807e-10
1.02222120761871,-8.59248724691089e-21,-2.5337359987887e-10,-2.00716065990036e-09
1.02444338798523,-3.72440946547099e-20,-2.12114950604025e-10,-1.68192981764292e-09
1.02666568756104,4.58296833445591e-20,2.5007643525421e-11,2.14185238989195e-10
1.02888786792755,-8.5933863211509e-21,-2.53372767211602e-10,-2.00715377651761e-09
1.03111004829407,-3.72435453550844e-20,-2.12115963682535e-10,-1.681937922271e-09
1.03333234786987,4.58277866452639e-20,2.50077892421929e-11,2.14186404723371e-10
1.03555452823639,-8.59207850336602e-21,-2.53371906788757e-10,-2.00714689313486e-09
1.03777670860291,-3.72463370896517e-20,-2.12116976761045e-10,-1.68194591587678e-09
1.03999900817871,4.58274732213599e-20,2.50079366936884e-11,2.14187556579759e-10
1.04222118854523,-8.59233780510101e-21,-2.53371046365913e-10,-2.00714023179671e-09
1.04444336891174,-3.72461302944986e-20,-2.12117989839555e-10,-1.68195402050486e-09
1.04666566848755,4.583106951832e-20,2.50080841451839e-11,2.14188722313935e-10
1.04888784885406,-8.59291053073997e-21,-2.53370185943069e-10,-2.00713334841396e-09
1.05111002922058,-3.72472353560982e-20,-2.12119002918065e-10,-1.68196212513294e-09
1.05333232879639,4.58278512687492e-20,2.50082315966793e-11,2.14189874170323e-10
1.0555545091629,-8.5916269467621e-21,-2.53369325520225e-10,-2.00712646503121e-09
1.05777668952942,-3.72477911180723e-20,-2.12120015996575e-10,-1.68197022976102e-09
1.05999898910522,4.58274247537459e-20,2.50083773134513e-11,2.14191039904499e-10
1.06222116947174,-8.59180627693396e-21,-2.53368465097381e-10,-2.00711958164845e-09
1.06444334983826,-3.72493162323266e-20,-2.12121029075085e-10,-1.6819782233668e-09
1.06666564941406,4.58259254888856e-20,2.50085247649467e-11,2.14192191760887e-10
1.06888782978058,-8.59083611686005e-21,-2.53367604674537e-10,-2.0071126982657e-09
1.07111001014709,-3.72479623703084e-20,-2.12122042153595e-10,-1.68198632799488e-09
1.0733323097229,4.582899510444e-20,2.50086722164422e-11,2.14193357495063e-10
1.07555449008942,-8.59130544492245e-21,-2.53366744251693e-10,-2.00710581488295e-09
1.07777667045593,-3.7247739419284e-20,-2.12123055232105e-10,-1.68199443262296e-09
1.07999897003174,4.58275572318909e-20,2.50088179332142e-11,2.14194509351451e-10
1.08222115039825,-8.58976982935169e-21,-2.53365883828849e-10,-2.0070989315002e-09
1.08444333076477,-3.72473807589402e-20,-2.12124068310615e-10,-1.68200253725104e-09
1.08666563034058,4.58268237553321e-20,2.50089653847096e-11,2.14195675085627e-10
1.08888781070709,-8.58924799470744e-21,-2.5336505116158e-10,-2.00709204811744e-09
1.09110999107361,-3.724793328974e-20,-2.12125081389125e-10,-1.68201053085681e-09
1.09333229064941,4.58278221881808e-20,2.50091128362051e-11,2.14196826942015e-10
1.09555447101593,-8.58951375879096e-21,-2.53364190738736e-10,-2.00708516473469e-09
1.09777665138245,-3.72464986483651e-20,-2.12126094467635e-10,-1.68201863548489e-09
1.09999895095825,4.58245393151248e-20,2.50092585529771e-11,2.14197978798403e-10
1.10222113132477,-8.58930211687642e-21,-2.53363330315892e-10,-2.00707850339654e-09
1.10444331169128,-3.72511612328336e-20,-2.12127107546145e-10,-1.68202674011297e-09
1.10666561126709,4.58280871444708e-20,2.50094060044725e-11,2.14199144532579e-10
1.10888779163361,-8.58831983989902e-21,-2.53362469893048e-10,-2.00707162001379e-09
1.11110997200012,-3.72507411801787e-20,-2.12128120624655e-10,-1.68203484474105e-09
1.11333227157593,4.58287592287185e-20,2.5009553455968e-11,2.14200296388967e-10
1.11555445194244,-8.5892318388361e-21,-2.53361609470204e-10,-2.00706473663104e-09
1.11777663230896,-3.72507314866559e-20,-2.12129133703165e-10,-1.68204294936913e-09
1.11999893188477,4.58257510054752e-20,2.500969917274e-11,2.14201462123143e-10
1.12222111225128,-8.59025127431759e-21,-2.5336074904736e-10,-2.00705785324828e-09
1.1244432926178,-3.72487992444438e-20,-2.12130146781675e-10,-1.68205094297491e-09
1.1266655921936,4.58252340175923e-20,2.50098466242354e-11,2.14202613979531e-10
1.12888777256012,-8.58840627381068e-21,-2.53359888624516e-10,-2.00705096986553e-09
1.13110995292664,-3.72495714950938e-20,-2.12131159860185e-10,-1.68205904760299e-09
1.13333225250244,4.58257219249068e-20,2.50099940757309e-11,2.14203779713706e-10
1.13555443286896,-8.58905897101277e-21,-2.53359028201672e-10,-2.00704408648278e-09
1.13777661323547,-3.7252204902122e-20,-2.12132172938695e-10,-1.68206715223107e-09
1.13999891281128,4.58235861187158e-20,2.50101397925029e-11,2.14204931570094e-10
1.1422210931778,-8.59031105104154e-21,-2.53358167778828e-10,-2.00703720310003e-09
1.14444327354431,-3.72533875119041e-20,-2.12133186017205e-10,-1.68207525685915e-09
1.14666557312012,4.58234988770105e-20,2.50102872439983e-11,2.14206083426483e-10
1.14888775348663,-8.59052269295608e-21,-2.53357307355984e-10,-2.00703031971727e-09
1.15110993385315,-3.72512258563189e-20,-2.12134199095715e-10,-1.68208325046493e-09
1.15333223342896,4.58253309528204e-20,2.50104346954938e-11,2.14207249160658e-10
1.15555441379547,-8.58955495626288e-21,-2.53356474688715e-10,-2.00702343633452e-09
1.15777659416199,-3.72517525377246e-20,-2.12135212174225e-10,-1.68209135509301e-09
1.15999889373779,4.58234374846994e-20,2.50105804122658e-11,2.14208401017046e-10
1.16222107410431,-8.59005901944865e-21,-2.53355614265871e-10,-2.00701677499637e-09
1.16444325447083,-3.72547155245281e-20,-2.12136225252735e-10,-1.68209945972109e-09
1.16666555404663,4.58228881850739e-20,2.50107278637612e-11,2.14209566751222e-10
1.16888773441315,-8.59052107736895e-21,-2.53354753843027e-10,-2.00700989161362e-09
1.17110991477966,-3.72529933086434e-20,-2.12137224453457e-10,-1.68210756434917e-09
1.17333221435547,4.58219576068848e-20,2.50108753152567e-11,2.1421071860761e-10
1.17555439472198,-8.59023431065268e-21,-2.53353893420183e-10,-2.00700300823087e-09
1.1777765750885,-3.72529706904235e-20,-2.12138237531967e-10,-1.68211555795494e-09
1.17999887466431,4.58238801555741e-20,2.50110210320287e-11,2.14211884341786e-10
1.18222105503082,-8.58877705105791e-21,-2.53353032997339e-10,-2.00699612484811e-09
1.18444323539734,-3.72547187557024e-20,-2.12139250610477e-10,-1.68212366258302e-09
1.18666553497314,4.58212079744547e-20,2.50111684835241e-11,2.14213036198174e-10
1.18888771533966,-8.5894394417828e-21,-2.53352172574495e-10,-2.00698924146536e-09
1.19110989570618,-3.72563828104503e-20,-2.12140263688987e-10,-1.6821317672111e-09
1.19333219528198,4.58199155047476e-20,2.50113159350196e-11,2.14214188054562e-10
1.1955543756485,-8.59018422745153e-21,-2.53351312151651e-10,-2.00698235808261e-09
1.19777655601501,-3.72553003670706e-20,-2.12141276767497e-10,-1.68213987183918e-09
1.19999885559082,4.58225359870787e-20,2.50114616517916e-11,2.14215353788738e-10
1.20222103595734,-8.58865588202287e-21,-2.53350451728807e-10,-2.00697547469986e-09
1.20444321632385,-3.7257019351781e-20,-2.12142289846007e-10,-1.68214797646726e-09
1.20666551589966,4.58208654699823e-20,2.5011609103287e-11,2.14216505645126e-10
1.20888769626617,-8.58851694152935e-21,-2.53349591305962e-10,-2.0069685913171e-09
1.21110987663269,-3.7253736478725e-20,-2.12143302924517e-10,-1.68215597007304e-09
1.2133321762085,4.58193726674706e-20,2.50117565547825e-11,2.14217657501514e-10
1.21555435657501,-8.5897989099201e-21,-2.53348730883118e-10,-2.00696192997896e-09
1.21777653694153,-3.72573263133365e-20,-2.12144316003027e-10,-1.68216407470112e-09
1.21999883651733,4.58184194710616e-20,2.50119022715545e-11,2.1421882323569e-10
1.22222101688385,-8.58713157556204e-21,-2.5334789821585e-10,-2.0069550465962e-09
1.22444319725037,-3.72547607609679e-20,-2.12145329081537e-10,-1.6821721793292e-09
1.22666549682617,4.58200382893697e-20,2.50120497230499e-11,2.14219975092078e-10
1.22888767719269,-8.58785858977229e-21,-2.53347037793006e-10,-2.00694816321345e-09
1.2311098575592,-3.72581599562976e-20,-2.12146342160047e-10,-1.68218028395728e-09
1.23333215713501,4.58200544452411e-20,2.50121954398219e-11,2.14221140826254e-10
1.23555433750153,-8.58706856766382e-21,-2.53346177370162e-10,-2.0069412798307e-09
1.23777651786804,-3.72567188525741e-20,-2.12147355238557e-10,-1.68218827756306e-09
1.23999881744385,4.58211465821436e-20,2.50123428913174e-11,2.14222292682642e-10
1.24222099781036,-8.58824471509729e-21,-2.53345316947318e-10,-2.00693439644795e-09
1.24444317817688,-3.72575880384522e-20,-2.12148368317067e-10,-1.68219638219114e-09
1.24666547775269,4.58185099439411e-20,2.50124903428128e-11,2.1422344453903e-10
1.2488876581192,-8.58742884359468e-21,-2.53344456524474e-10,-2.00692751306519e-09
1.25110983848572,-3.72571485987518e-20,-2.12149381395577e-10,-1.68220448681922e-09
1.25333213806152,4.58192725010683e-20,2.50126360595848e-11,2.14224610273206e-10
1.25555431842804,-8.58646029910791e-21,-2.53343596101629e-10,-2.00692062968244e-09
1.25777649879456,-3.72572164534114e-20,-2.12150394474087e-10,-1.6822125914473e-09
1.25999879837036,4.58199381229674e-20,2.50127835110803e-11,2.14225762129594e-10
1.26222097873688,-8.58578175251167e-21,-2.53342735678785e-10,-2.00691374629969e-09
1.26444315910339,-3.72575298773154e-20,-2.12151407552597e-10,-1.68222058505307e-09
1.2666654586792,4.58227104704892e-20,2.50129292278523e-11,2.14226913985982e-10
1.26888763904572,-8.58671233070079e-21,-2.53341875255941e-10,-2.00690686291694e-09
1.27110981941223,-3.72567608578396e-20,-2.12152420631107e-10,-1.68222868968115e-09
1.27333211898804,4.58204389549789e-20,2.50130766793477e-11,2.14228079720158e-10
1.27555429935455,-8.5858544539327e-21,-2.53341014833097e-10,-2.00690020157879e-09
1.27777647972107,-3.72572067598886e-20,-2.12153433709616e-10,-1.68223679430923e-09
1.27999877929688,4.58193015816367e-20,2.50132241308432e-11,2.14229231576546e-10
1.28222095966339,-8.58347307849734e-21,-2.53340154410253e-10,-2.00689331819603e-09
1.28444314002991,-3.72578045271281e-20,-2.12154446788126e-10,-1.68224489893731e-09
1.28666532039642,4.58196246990635e-20,2.50133698476152e-11,2.14230383432934e-10
1.28888761997223,-8.5834520758646e-21,-2.53339321742985e-10,-2.00688643481328e-09
1.29110980033875,-3.72578982311819e-20,-2.12155459866636e-10,-1.68225289254309e-09
1.29333198070526,4.58223162672285e-20,2.50135172991106e-11,2.1423154916711e-10
1.29555428028107,-8.5840215703293e-21,-2.53338461320141e-10,-2.00687955143053e-09
1.29777646064758,-3.72565152885953e-20,-2.12156472945146e-10,-1.68226099717117e-09
1.2999986410141,4.58198670371335e-20,2.50136630158826e-11,2.14232701023498e-10
1.3022209405899,-8.58394886890827e-21,-2.53337600897297e-10,-2.00687266804778e-09
1.30444312095642,-3.7256066155372e-20,-2.12157486023656e-10,-1.68226910179925e-09
1.30666530132294,4.58213339902511e-20,2.50138104673781e-11,2.14233852879886e-10
1.30888760089874,-8.58222907640424e-21,-2.53336740474452e-10,-2.00686578466502e-09
1.31110978126526,-3.72603539236254e-20,-2.12158499102166e-10,-1.68227720642733e-09
1.31333196163177,4.58242388159179e-20,2.501395618415e-11,2.14235018614062e-10
1.31555426120758,-8.58328243921554e-21,-2.53335880051608e-10,-2.00685890128227e-09
1.3177764415741,-3.72560984671147e-20,-2.12159498302888e-10,-1.68228531105541e-09
1.31999862194061,4.58206909865718e-20,2.50141036356455e-11,2.1423617047045e-10
1.32222092151642,-8.58415000950644e-21,-2.53335019628764e-10,-2.00685201789952e-09
1.32444310188293,-3.72562277140854e-20,-2.12160511381398e-10,-1.68229330466119e-09
1.32666528224945,4.58173661082503e-20,2.50142510871409e-11,2.14237322326838e-10
1.32888758182526,-8.58228319857323e-21,-2.5333415920592e-10,-2.00684513451677e-09
1.33110976219177,-3.72576268125434e-20,-2.12161524459908e-10,-1.68230140928927e-09
1.33333194255829,4.58209268622934e-20,2.50143968039129e-11,2.14238488061014e-10
1.33555424213409,-8.58033560828332e-21,-2.53333298783076e-10,-2.00683847317862e-09
1.33777642250061,-3.72605962616955e-20,-2.12162537538418e-10,-1.68230951391735e-09
1.33999860286713,4.58203000144854e-20,2.50145442554084e-11,2.14239639917402e-10
1.34222090244293,-8.58327193789917e-21,-2.53332438360232e-10,-2.00683158979587e-09
1.34444308280945,-3.72595784418011e-20,-2.12163550616928e-10,-1.68231761854543e-09
1.34666526317596,4.58183774657961e-20,2.50146899721804e-11,2.1424079177379e-10
1.34888756275177,-8.5820957904657e-21,-2.53331577937388e-10,-2.00682470641311e-09
1.35110974311829,-3.72581211822064e-20,-2.12164563695438e-10,-1.6823256121512e-09
1.3533319234848,4.58177279997683e-20,2.50148374236758e-11,2.14241957507966e-10
1.35555422306061,-8.58213375676334e-21,-2.53330745270119e-10,-2.00681782303036e-09
1.35777640342712,-3.72602149831319e-20,-2.12165576773948e-10,-1.68233371677928e-09
1.35999858379364,4.58191949528858e-20,2.50149831404478e-11,2.14243109364354e-10
1.36222088336945,-8.58165554297171e-21,-2.53329884847275e-10,-2.00681093964761e-09
1.36444306373596,-3.72602537572231e-20,-2.12166589852458e-10,-1.68234182140736e-09
1.36666524410248,4.5817036528475e-20,2.50151305919433e-11,2.14244261220742e-10
1.36888754367828,-8.58117813697364e-21,-2.53329024424431e-10,-2.00680405626485e-09
1.3711097240448,-3.72589580563417e-20,-2.12167602930968e-10,-1.68234992603544e-09
1.37333190441132,4.58156762041082e-20,2.50152763087153e-11,2.1424541307713e-10
1.37555420398712,-8.5799058621057e-21,-2.53328164001587e-10,-2.0067971728821e-09
1.37777638435364,-3.72618822690541e-20,-2.12168616009478e-10,-1.68235791964122e-09
1.37999856472015,4.5819860574785e-20,2.50154237602107e-11,2.14246578811306e-10
1.38222086429596,-8.57979519438703e-21,-2.53327303578743e-10,-2.00679028949935e-09
1.38444304466248,-3.72618111832202e-20,-2.12169629087988e-10,-1.6823660242693e-09
1.38666522502899,4.58178475532162e-20,2.50155694769827e-11,2.14247730667694e-10
1.3888875246048,-8.58003753245712e-21,-2.53326443155899e-10,-2.0067834061166e-09
1.39110970497131,-3.72612198783292e-20,-2.12170642166498e-10,-1.68237412889738e-09
1.39333188533783,4.58171011519603e-20,2.50157169284781e-11,2.14248882524082e-10
1.39555418491364,-8.57979034762563e-21,-2.53325582733055e-10,-2.00677674477845e-09
1.39777636528015,-3.72599758762361e-20,-2.12171655245008e-10,-1.68238223352546e-09
1.39999854564667,4.581663909404e-20,2.50158626452501e-11,2.14250048258258e-10
1.40222084522247,-8.5792192375738e-21,-2.53324722310211e-10,-2.0067698613957e-09
1.40444302558899,-3.72592133191089e-20,-2.12172668323518e-10,-1.68239022713124e-09
1.40666520595551,4.58180995848091e-20,2.50160100967456e-11,2.14251200114646e-10
1.40888750553131,-8.57851888055126e-21,-2.53323861887367e-10,-2.00676297801294e-09
1.41110968589783,-3.72580500963725e-20,-2.12173681402028e-10,-1.68239833175932e-09
1.41333186626434,4.58175599787063e-20,2.50161558135176e-11,2.14252351971034e-10
1.41555416584015,-8.57790738082108e-21,-2.53323001464523e-10,-2.00675609463019e-09
1.41777634620667,-3.7261458985225e-20,-2.12174694480538e-10,-1.6824064363874e-09
1.41999852657318,4.58199155047476e-20,2.5016303265013e-11,2.14253503827422e-10
1.42222082614899,-8.57883957459734e-21,-2.53322168797254e-10,-2.00674921124744e-09
1.4244430065155,-3.72618241079172e-20,-2.12175707559048e-10,-1.68241454101548e-09
1.42666518688202,4.58168232709733e-20,2.5016448981785e-11,2.14254669561598e-10
1.42888748645782,-8.57829835290748e-21,-2.5332130837441e-10,-2.00674232786469e-09
1.43110966682434,-3.72614492917022e-20,-2.12176720637558e-10,-1.68242264564356e-09
1.43333184719086,4.58179444884442e-20,2.50165964332805e-11,2.14255821417986e-10
1.43555414676666,-8.57850191688635e-21,-2.53320447951566e-10,-2.00673544448193e-09
1.43777632713318,-3.72614622163992e-20,-2.12177733716068e-10,-1.68243063924933e-09
1.43999850749969,4.5820354944448e-20,2.50167421500525e-11,2.14256973274374e-10
1.4422208070755,-8.57679666466653e-21,-2.53319587528722e-10,-2.00672856109918e-09
1.44444298744202,-3.72630551853133e-20,-2.12178746794578e-10,-1.68243874387741e-09
1.44666516780853,4.58156148117971e-20,2.50168896015479e-11,2.14258125130762e-10
1.44888746738434,-8.57685321021621e-21,-2.53318727105878e-10,-2.00672167771643e-09
1.45110964775085,-3.72634009209599e-20,-2.121797459953e-10,-1.68244684850549e-09
1.45333182811737,4.5818823367845e-20,2.50170353183199e-11,2.14259290864938e-10
1.45555412769318,-8.57560193798101e-21,-2.53317866683034e-10,-2.00671501637828e-09
1.45777630805969,-3.72630325670934e-20,-2.1218075907381e-10,-1.68245495313357e-09
1.45999848842621,4.58206877553976e-20,2.50171827698153e-11,2.14260442721326e-10
1.46222078800201,-8.57545007279043e-21,-2.5331700626019e-10,-2.00670813299553e-09
1.46444296836853,-3.72625317350819e-20,-2.1218177215232e-10,-1.68246294673935e-09
1.46666514873505,4.5820403412062e-20,2.50173284865873e-11,2.14261594577714e-10
1.46888744831085,-8.57701315334247e-21,-2.53316145837346e-10,-2.00670124961277e-09
1.47110962867737,-3.72616690115524e-20,-2.1218278523083e-10,-1.68247105136743e-09
1.47333180904388,4.58190366253467e-20,2.50174759380828e-11,2.14262746434102e-10
1.47555410861969,-8.57533536610392e-21,-2.53315285414502e-10,-2.00669436623002e-09
1.47777628898621,-3.72619275054938e-20,-2.1218379830934e-10,-1.68247915599551e-09
1.47999846935272,4.58162351972566e-20,2.50176216548548e-11,2.1426389829049e-10
1.48222076892853,-8.5747884898591e-21,-2.53314424991657e-10,-2.00668748284727e-09
1.48444294929504,-3.72637175760382e-20,-2.1218481138785e-10,-1.68248726062359e-09
1.48666512966156,4.5815227070885e-20,2.50177691063502e-11,2.14265064024666e-10
1.48888742923737,-8.57448233609723e-21,-2.53313564568813e-10,-2.00668059946452e-09
1.49110960960388,-3.72647063153641e-20,-2.1218582446636e-10,-1.68249525422937e-09
1.4933317899704,4.5815130135657e-20,2.50179148231222e-11,2.14266215881054e-10
1.4955540895462,-8.57599452565455e-21,-2.53312731901545e-10,-2.00667371608176e-09
1.49777626991272,-3.7261507452839e-20,-2.1218683754487e-10,-1.68250335885745e-09
1.49999845027924,4.58160574826718e-20,2.50180622746177e-11,2.14267367737442e-10
1.50222074985504,-8.57560759253598e-21,-2.53311871478701e-10,-2.00666683269901e-09
1.50444293022156,-3.72636626460756e-20,-2.1218785062338e-10,-1.68251146348553e-09
1.50666511058807,4.58174921240467e-20,2.50182079913897e-11,2.1426851959383e-10
1.50888741016388,-8.57562617178802e-21,-2.53311011055857e-10,-2.00665994931626e-09
1.5111095905304,-3.72658856939718e-20,-2.1218886370189e-10,-1.68251956811361e-09
1.51333177089691,4.58154015542955e-20,2.50183554428851e-11,2.14269685328006e-10
1.51555407047272,-8.57553731449566e-21,-2.53310150633013e-10,-2.00665306593351e-09
1.51777625083923,-3.72676079098566e-20,-2.121898767804e-10,-1.68252756171938e-09
1.51999843120575,4.58175599787063e-20,2.50185011596571e-11,2.14270837184394e-10
1.52222073078156,-8.57618112596851e-21,-2.53309290210169e-10,-2.00664640459536e-09
1.52444291114807,-3.72669325944346e-20,-2.1219088985891e-10,-1.68253566634746e-09
1.52666509151459,4.58124773415831e-20,2.50186468764291e-11,2.14271989040782e-10
1.52888739109039,-8.57533132713609e-21,-2.53308429787324e-10,-2.00663952121261e-09
1.53110957145691,-3.72661829620045e-20,-2.1219190293742e-10,-1.68254377097554e-09
1.53333175182343,4.58159831656637e-20,2.50187943279245e-11,2.1427314089717e-10
1.53555405139923,-8.57356629819231e-21,-2.5330756936448e-10,-2.00663263782985e-09
1.53777623176575,-3.72691847228993e-20,-2.1219291601593e-10,-1.68255187560362e-09
1.53999841213226,4.58154532530837e-20,2.50189400446965e-11,2.14274292753558e-10
1.54222071170807,-8.57341200962102e-21,-2.53306708941636e-10,-2.0066257544471e-09
1.54444289207458,-3.72661797308302e-20,-2.1219392909444e-10,-1.6825598692094e-09
1.5466650724411,4.58145065190233e-20,2.5019087496192e-11,2.14275458487734e-10
1.54888737201691,-8.57336031083274e-21,-2.53305848518792e-10,-2.00661887106435e-09
1.55110955238342,-3.72635980225903e-20,-2.1219494217295e-10,-1.68256797383748e-09
1.55333173274994,4.58142512562561e-20,2.5019233212964e-11,2.14276610344122e-10
1.55555403232574,-8.57254767050439e-21,-2.53304988095948e-10,-2.00661198768159e-09
1.55777621269226,-3.72674301952718e-20,-2.1219595525146e-10,-1.68257607846556e-09
1.55999839305878,4.58164064494927e-20,2.50193806644594e-11,2.1427776220051e-10
1.56222069263458,-8.57233845197055e-21,-2.5330415542868e-10,-2.00660510429884e-09
1.5644428730011,-3.72658986186689e-20,-2.1219696832997e-10,-1.68258418309364e-09
1.56666505336761,4.58165873952517e-20,2.50195263812314e-11,2.14278914056898e-10
1.56888735294342,-8.57299518814048e-21,-2.53303295005836e-10,-2.00659822091609e-09
1.57110953330994,-3.72668033474639e-20,-2.1219798140848e-10,-1.68259217669942e-09
1.57333171367645,4.58163999871442e-20,2.50196720980034e-11,2.14280065913286e-10
1.57555401325226,-8.5740307794933e-21,-2.53302434582992e-10,-2.00659133753334e-09
1.57777619361877,-3.72682961499756e-20,-2.12198980609202e-10,-1.6826002813275e-09
1.57999837398529,4.58152076838394e-20,2.50198195494988e-11,2.14281217769674e-10
1.5822206735611,-8.57327387692107e-21,-2.53301574160147e-10,-2.00658467619519e-09
1.58444285392761,-3.72664446871202e-20,-2.12199993687712e-10,-1.68260838595558e-09
1.58666503429413,4.58147779376618e-20,2.50199652662708e-11,2.1428238350385e-10
1.58888733386993,-8.57318744300941e-21,-2.53300713737303e-10,-2.00657779281244e-09
1.59110951423645,-3.72687323585018e-20,-2.12201006766222e-10,-1.68261649058365e-09
1.59333169460297,4.58153336996358e-20,2.50201127177663e-11,2.14283535360238e-10
1.59555399417877,-8.57280939562008e-21,-2.53299853314459e-10,-2.00657090942968e-09
1.59777617454529,-3.7269737253699e-20,-2.12202019844732e-10,-1.68262448418943e-09
1.5999983549118,4.58142286380363e-20,2.50202584345383e-11,2.14284687216626e-10
1.60222065448761,-8.57141433612996e-21,-2.53298992891615e-10,-2.00656402604693e-09
1.60444283485413,-3.72693915180524e-20,-2.12203032923242e-10,-1.68263258881751e-09
1.60666501522064,4.58148264052758e-20,2.50204041513102e-11,2.14285839073014e-10
1.60888731479645,-8.57137636983232e-21,-2.53298132468771e-10,-2.00655714266418e-09
1.61110949516296,-3.72680279625114e-20,-2.12204046001752e-10,-1.68264069344559e-09
1.61333167552948,4.58132980598471e-20,2.50205516028057e-11,2.14286990929402e-10
1.61555397510529,-8.57052333982562e-21,-2.53297272045927e-10,-2.00655025928143e-09
1.6177761554718,-3.72692331905133e-20,-2.12205059080262e-10,-1.68264879807367e-09
1.61999833583832,4.58128392331011e-20,2.50206973195777e-11,2.1428814278579e-10
1.62222063541412,-8.57026888485203e-21,-2.53296411623083e-10,-2.00654337589867e-09
1.62444281578064,-3.72695336897202e-20,-2.12206072158772e-10,-1.68265679167945e-09
1.62666499614716,4.5815999321535e-20,2.50208447710731e-11,2.14289294642178e-10
1.62888729572296,-8.57050314498645e-21,-2.53295551200239e-10,-2.00653649251592e-09
1.63110947608948,-3.72693882868781e-20,-2.12207085237281e-10,-1.68266489630753e-09
1.63333165645599,4.58127519913959e-20,2.50209904878451e-11,2.14290460376354e-10
1.6355539560318,-8.5696905046581e-21,-2.5329471853297e-10,-2.00652960913317e-09
1.63777613639832,-3.7270183155748e-20,-2.12208098315791e-10,-1.68267300093561e-09
1.63999831676483,4.5813779504813e-20,2.50211362046171e-11,2.14291612232742e-10
1.64222061634064,-8.56925510392552e-21,-2.53293858110126e-10,-2.00652272575041e-09
1.64444279670715,-3.72672524806871e-20,-2.12209111394301e-10,-1.68268110556369e-09
1.64666497707367,4.5813766580116e-20,2.50212836561126e-11,2.1429276408913e-10
1.64888727664948,-8.56975432034989e-21,-2.53292997687282e-10,-2.00651606441227e-09
1.65110945701599,-3.72689359224806e-20,-2.12210124472811e-10,-1.68268909916947e-09
1.65333163738251,4.58130654152999e-20,2.50214293728845e-11,2.14293915945518e-10
1.65555393695831,-8.56990699333404e-21,-2.53292137264438e-10,-2.00650918102951e-09
1.65777611732483,-3.72703059403702e-20,-2.12211137551321e-10,-1.68269720379755e-09
1.65999829769135,4.58104223147488e-20,2.50215750896565e-11,2.14295067801906e-10
1.66222059726715,-8.56882697333504e-21,-2.53291276841594e-10,-2.00650229764676e-09
1.66444277763367,-3.72702445480591e-20,-2.12212150629831e-10,-1.68270530842562e-09
1.66666495800018,4.58091524632616e-20,2.5021722541152e-11,2.14296219658294e-10
1.66888725757599,-8.56834068160773e-21,-2.5329041641875e-10,-2.00649541426401e-09
1.6711094379425,-3.72702897844988e-20,-2.12213163708341e-10,-1.6827134130537e-09
1.67333161830902,4.58146777712595e-20,2.5021868257924e-11,2.14297371514682e-10
1.67555391788483,-8.56754581273786e-21,-2.53289555995906e-10,-2.00648853088126e-09
1.67777609825134,-3.72713366849616e-20,-2.12214176786851e-10,-1.68272151768178e-09
1.67999827861786,4.58127487602216e-20,2.50220157094194e-11,2.1429852337107e-10
1.68222057819366,-8.56849900914686e-21,-2.53288695573062e-10,-2.0064816474985e-09
1.68444275856018,-3.72705773590087e-20,-2.12215189865361e-10,-1.68272951128756e-09
1.6866649389267,4.58133659145068e-20,2.50221614261914e-11,2.14299689105246e-10
1.6888872385025,-8.56801594859382e-21,-2.53287835150218e-10,-2.00647476411575e-09
1.69110941886902,-3.72703802573783e-20,-2.12216202943871e-10,-1.68273761591564e-09
1.69333159923553,4.58137051878049e-20,2.50223071429634e-11,2.14300840961634e-10
1.69555389881134,-8.56713303022515e-21,-2.53286974727374e-10,-2.006467880733e-09
1.69777607917786,-3.72726291546687e-20,-2.12217202144593e-10,-1.68274572054372e-09
1.69999825954437,4.5813272210453e-20,2.50224545944588e-11,2.14301992818022e-10
1.70222055912018,-8.56705548204272e-21,-2.5328611430453e-10,-2.00646099735025e-09
1.70444273948669,-3.72717631999649e-20,-2.12218215223103e-10,-1.6827538251718e-09
1.70666491985321,4.58125807391597e-20,2.50226003112308e-11,2.1430314467441e-10
1.70888721942902,-8.56724854470522e-21,-2.53285281637261e-10,-2.0064543360121e-09
1.71110939979553,-3.72713108355675e-20,-2.12219228301613e-10,-1.68276181877758e-09
1.71333158016205,4.58157085158509e-20,2.50227460280028e-11,2.14304296530798e-10
1.71555387973785,-8.56654818768268e-21,-2.53284421214417e-10,-2.00644745262935e-09
1.71777606010437,-3.72723900477729e-20,-2.12220241380123e-10,-1.68276992340566e-09
1.71999824047089,4.58146874647823e-20,2.50228934794983e-11,2.14305448387186e-10
1.72222054004669,-8.56622183908163e-21,-2.53283560791573e-10,-2.00644056924659e-09
1.72444272041321,-3.72718892157614e-20,-2.12221254458633e-10,-1.68277802803374e-09
1.72666490077972,4.58125548897655e-20,2.50230391962702e-11,2.14306600243575e-10
1.72888720035553,-8.56578320717478e-21,-2.53282700368729e-10,-2.00643368586384e-09
1.73110938072205,-3.72727228587225e-20,-2.12222267537143e-10,-1.68278613266182e-09
1.73333156108856,4.58129652488976e-20,2.50231849130422e-11,2.14307752099963e-10
1.73555386066437,-8.56672751785454e-21,-2.53281839945885e-10,-2.00642680248109e-09
1.73777604103088,-3.72709941804892e-20,-2.12223280615653e-10,-1.68279412626759e-09
1.7399982213974,4.5812813383707e-20,2.50233323645377e-11,2.14308903956351e-10
1.74222052097321,-8.56522744520072e-21,-2.53280979523041e-10,-2.00641991909833e-09
1.74444270133972,-3.72715079371978e-20,-2.12224293694163e-10,-1.68280223089567e-09
1.74666488170624,4.58120282083599e-20,2.50234780813097e-11,2.14310055812739e-10
1.74888718128204,-8.5651595905411e-21,-2.53280119100197e-10,-2.00641303571558e-09
1.75110936164856,-3.72743416770306e-20,-2.12225306772673e-10,-1.68281033552375e-09
1.75333154201508,4.58129038565865e-20,2.50236237980817e-11,2.14311207669127e-10
1.75555384159088,-8.56351653842593e-21,-2.53279258677352e-10,-2.00640615233283e-09
1.7577760219574,-3.7276855530611e-20,-2.12226319851183e-10,-1.68281844015183e-09
1.75999820232391,4.58128036901842e-20,2.50237695148536e-11,2.14312359525515e-10
1.76222050189972,-8.56590518400339e-21,-2.53278398254508e-10,-2.00639926895008e-09
1.76444268226624,-3.72747746543825e-20,-2.12227332929693e-10,-1.68282643375761e-09
1.76666486263275,4.58134951614775e-20,2.50239169663491e-11,2.14313511381903e-10
1.76888716220856,-8.56523633092996e-21,-2.53277537831664e-10,-2.00639238556732e-09
1.77110934257507,-3.72716565712141e-20,-2.12228346008203e-10,-1.68283453838569e-09
1.77333152294159,4.58116081557051e-20,2.50240626831211e-11,2.14314677116079e-10
1.7755538225174,-8.56356823721421e-21,-2.5327667740882e-10,-2.00638572422918e-09
1.77777600288391,-3.72728521056932e-20,-2.12229359086713e-10,-1.68284264301377e-09
1.77999818325043,4.58106291099019e-20,2.50242083998931e-11,2.14315828972467e-10
1.78222048282623,-8.56327420035585e-21,-2.53275816985976e-10,-2.00637884084642e-09
1.78444266319275,-3.72743513705534e-20,-2.12230372165223e-10,-1.68285074764185e-09
1.78666484355927,4.58127132173047e-20,2.50243558513885e-11,2.14316980828855e-10
1.78888714313507,-8.56325804448451e-21,-2.53274984318708e-10,-2.00637195746367e-09
1.79110932350159,-3.72754305827589e-20,-2.12231385243733e-10,-1.68285874124763e-09
1.7933315038681,4.58096532952731e-20,2.50245015681605e-11,2.14318132685243e-10
1.79555380344391,-8.56315787808221e-21,-2.53274123895864e-10,-2.00636507408092e-09
1.79777598381042,-3.7276047737044e-20,-2.12232398322243e-10,-1.68286684587571e-09
1.79999816417694,4.58115015269542e-20,2.50246472849325e-11,2.14319284541631e-10
1.80222046375275,-8.56398586648833e-21,-2.53273263473019e-10,-2.00635819069817e-09
1.80444264411926,-3.72756503026091e-20,-2.12233411400753e-10,-1.68287495050379e-09
1.80666482448578,4.58108520609264e-20,2.50247930017045e-11,2.14320436398019e-10
1.80888712406158,-8.56136780753785e-21,-2.53272403050175e-10,-2.00635130731541e-09
1.8111093044281,-3.72747940414281e-20,-2.12234410601475e-10,-1.68288305513187e-09
1.81333148479462,4.5812089600671e-20,2.50249404531999e-11,2.14321588254407e-10
1.81555378437042,-8.56208189705103e-21,-2.53271542627331e-10,-2.00634442393266e-09
1.81777596473694,-3.72766325795865e-20,-2.12235423679985e-10,-1.68289104873764e-09
1.81999814510345,4.58120217460114e-20,2.50250861699719e-11,2.14322740110795e-10
1.82222044467926,-8.56203262164345e-21,-2.53270682204487e-10,-2.00633754054991e-09
1.82444262504578,-3.72744741551756e-20,-2.12236436758495e-10,-1.68289915336572e-09
1.82666480541229,4.58080635575333e-20,2.50252318867439e-11,2.14323891967183e-10
1.8288871049881,-8.56063513877263e-21,-2.53269821781643e-10,-2.00633065716715e-09
1.83110928535461,-3.72754047333647e-20,-2.12237449837005e-10,-1.6829072579938e-09
1.83333146572113,4.58111137860421e-20,2.50253793382393e-11,2.14325043823571e-10
1.83555376529694,-8.56043157479376e-21,-2.53268961358799e-10,-2.0063237737844e-09
1.83777594566345,-3.72775179213359e-20,-2.12238462915515e-10,-1.68291536262188e-09
1.83999812602997,4.58098503969034e-20,2.50255250550113e-11,2.14326195679959e-10
1.84222042560577,-8.56204231516625e-21,-2.53268100935955e-10,-2.00631711244625e-09
1.84444260597229,-3.7277265889743e-20,-2.12239475994025e-10,-1.68292335622766e-09
1.84666478633881,4.58070715870331e-20,2.50256707717833e-11,2.14327347536347e-10
1.84888708591461,-8.56191953054408e-21,-2.53267240513111e-10,-2.0063102290635e-09
1.85110926628113,-3.72760865111352e-20,-2.12240489072535e-10,-1.68293146085574e-09
1.85333144664764,4.58095531288708e-20,2.50258164885553e-11,2.14328499392735e-10
1.85555374622345,-8.56217964007263e-21,-2.53266380090267e-10,-2.00630334568075e-09
1.85777592658997,-3.7277181879212e-20,-2.12241502151045e-10,-1.68293956548382e-09
1.85999810695648,4.58071006676015e-20,2.50259639400507e-11,2.14329651249123e-10
1.86222040653229,-8.56139123355129e-21,-2.53265547422998e-10,-2.006296462298e-09
1.8644425868988,-3.72775114589873e-20,-2.12242515229555e-10,-1.6829476701119e-09
1.86666476726532,4.58071071299501e-20,2.50261096568227e-11,2.14330803105511e-10
1.86888706684113,-8.56153986756761e-21,-2.53264687000154e-10,-2.00628957891524e-09
1.87110924720764,-3.72783871072139e-20,-2.12243528308065e-10,-1.68295566371768e-09
1.87333142757416,4.58086419377273e-20,2.50262553735947e-11,2.14331954961899e-10
1.87555372714996,-8.5599541687957e-21,-2.5326382657731e-10,-2.00628269553249e-09
1.87777590751648,-3.72765550314041e-20,-2.12244541386575e-10,-1.68296376834576e-09
1.879998087883,4.58084771478396e-20,2.50264010903667e-11,2.14333106818287e-10
1.8822203874588,-8.56123129042504e-21,-2.53262966154466e-10,-2.00627581214974e-09
1.88444256782532,-3.72762448386744e-20,-2.12245554465085e-10,-1.68297187297384e-09
1.88666474819183,4.58109910014199e-20,2.50265468071387e-11,2.14334258674675e-10
1.88888704776764,-8.55971425410631e-21,-2.53262105731622e-10,-2.00626892876699e-09
1.89110922813416,-3.72771851103863e-20,-2.12246567543595e-10,-1.68297997760192e-09
1.89333140850067,4.5808228347421e-20,2.50266942586341e-11,2.14335410531064e-10
1.89555370807648,-8.5614130439776e-21,-2.53261245308778e-10,-2.00626204538423e-09
1.89777588844299,-3.72800802425302e-20,-2.12247580622105e-10,-1.68298797120769e-09
1.89999806880951,4.58115047581285e-20,2.50268399754061e-11,2.14336562387452e-10
1.90222036838531,-8.56029748106165e-21,-2.53260384885934e-10,-2.00625516200148e-09
1.90444254875183,-3.72773595937968e-20,-2.12248593700615e-10,-1.68299607583577e-09
1.90666472911835,4.58058114290687e-20,2.50269856921781e-11,2.1433771424384e-10
1.90888702869415,-8.55917626359073e-21,-2.5325952446309e-10,-2.00624850066333e-09
1.91110920906067,-3.72806909344668e-20,-2.12249606779125e-10,-1.68300418046385e-09
1.91333138942719,4.58074528655967e-20,2.50271314089501e-11,2.14338866100228e-10
1.91555368900299,-8.5600470650559e-21,-2.53258664040246e-10,-2.00624161728058e-09
1.91777586936951,-3.72764322467819e-20,-2.12250605979847e-10,-1.68301228509193e-09
1.91999804973602,4.58102252131185e-20,2.50272788604455e-11,2.14340017956616e-10
1.92222034931183,-8.55917303241646e-21,-2.53257803617402e-10,-2.00623473389783e-09
1.92444252967834,-3.72779347428164e-20,-2.12251619058357e-10,-1.68302027869771e-09
1.92666471004486,4.58104804758856e-20,2.50274245772175e-11,2.14341169813004e-10
1.92888700962067,-8.55749928414575e-21,-2.53256943194557e-10,-2.00622785051507e-09
1.93110918998718,-3.7278267553766e-20,-2.12252632136867e-10,-1.68302838332579e-09
1.9333313703537,4.58095886717877e-20,2.50275702939895e-11,2.14342321669392e-10
1.9355536699295,-8.55676984655479e-21,-2.53256082771713e-10,-2.00622096713232e-09
1.93777585029602,-3.72771431051208e-20,-2.12253645215377e-10,-1.68303648795387e-09
1.93999803066254,4.58068744854028e-20,2.50277160107615e-11,2.1434347352578e-10
1.94222033023834,-8.55614703771468e-21,-2.53255250104445e-10,-2.00621408374957e-09
1.94444251060486,-3.72801222477957e-20,-2.12254658293887e-10,-1.68304448155965e-09
1.94666469097137,4.58067000019923e-20,2.50278617275335e-11,2.14344625382168e-10
1.94888699054718,-8.55670360748231e-21,-2.53254389681601e-10,-2.00620720036682e-09
1.9511091709137,-3.72783677201683e-20,-2.12255671372397e-10,-1.68305258618773e-09
1.95333135128021,4.58075142579078e-20,2.50280091790289e-11,2.14345777238556e-10
1.95555365085602,-8.55666968015249e-21,-2.53253529258757e-10,-2.00620031698406e-09
1.95777583122253,-3.72795729481702e-20,-2.12256684450907e-10,-1.68306069081581e-09
1.95999801158905,4.58074657902938e-20,2.50281548958009e-11,2.14346915217156e-10
1.96222031116486,-8.55648307983853e-21,-2.53252668835913e-10,-2.00619343360131e-09
1.96444249153137,-3.72797765121491e-20,-2.12257697529417e-10,-1.68306879544389e-09
1.96666467189789,4.58066321473327e-20,2.50283006125729e-11,2.14348067073544e-10
1.96888697147369,-8.55625770543335e-21,-2.53251808413069e-10,-2.00618655021856e-09
1.97110915184021,-3.72783321772514e-20,-2.12258710607927e-10,-1.68307678904966e-09
1.97333133220673,4.58111557913076e-20,2.50284463293449e-11,2.14349218929932e-10
1.97555363178253,-8.55505490081217e-21,-2.53250947990225e-10,-2.00617966683581e-09
1.97777581214905,-3.72796957327924e-20,-2.12259723686437e-10,-1.68308489367774e-09
1.97999799251556,4.58066935396438e-20,2.50285920461168e-11,2.1435037078632e-10
1.98222029209137,-8.55507186447707e-21,-2.5325008756738e-10,-2.00617300549766e-09
1.98444247245789,-3.72809558907568e-20,-2.12260736764947e-10,-1.68309299830582e-09
1.9866646528244,4.58082315785952e-20,2.50287377628888e-11,2.14351522642708e-10
1.98888695240021,-8.55531339475359e-21,-2.53249227144536e-10,-2.00616612211491e-09
1.99110913276672,-3.72784258813051e-20,-2.12261749843456e-10,-1.6831011029339e-09
1.99333131313324,4.5808179879807e-20,2.50288852143843e-11,2.14352674499096e-10
1.99555361270905,-8.55320182236959e-21,-2.53248366721692e-10,-2.00615923873215e-09
1.99777579307556,-3.7277446835502e-20,-2.12262762921966e-10,-1.68310909653968e-09
1.99999797344208,4.58121671488534e-20,2.50290309311563e-11,2.14353826355485e-10
2.00222015380859,-8.55191419942388e-21,-2.53247506298848e-10,-2.0061523553494e-09
2.0044424533844,-3.72775663889499e-20,-2.12263776000476e-10,-1.68311720116776e-09
2.00666475296021,4.58073106939289e-20,2.50291766479283e-11,2.14354978211873e-10
2.00888681411743,-8.5528253905674e-21,-2.53246645876004e-10,-2.00614547196665e-09
2.01110911369324,-3.72772335780003e-20,-2.12264789078986e-10,-1.68312530579584e-09
2.01333141326904,4.58057629614547e-20,2.50293223647002e-11,2.14356130068261e-10
2.01555347442627,-8.55013543798946e-21,-2.5324578545316e-10,-2.00613858858389e-09
2.01777577400208,-3.72778765816796e-20,-2.12265788279709e-10,-1.68313341042392e-09
2.01999807357788,4.58100410361852e-20,2.50294680814722e-11,2.14357281924649e-10
2.02222013473511,-8.54944800566399e-21,-2.53244952785892e-10,-2.00613170520114e-09
2.02444243431091,-3.72801028607501e-20,-2.12266801358219e-10,-1.6831414040297e-09
2.02666473388672,4.58091039956476e-20,2.50296137982442e-11,2.14358433781037e-10
2.02888679504395,-8.55074612992608e-21,-2.53244092363047e-10,-2.00612482181839e-09
2.03110909461975,-3.72804098223055e-20,-2.12267814436728e-10,-1.68314950865778e-09
2.03333139419556,4.580814433689e-20,2.50297612497397e-11,2.14359585637425e-10
2.03555345535278,-8.550708971422e-21,-2.53243231940203e-10,-2.00611793843564e-09
2.03777575492859,-3.72792304436978e-20,-2.12268827515238e-10,-1.68315761328586e-09
2.03999805450439,4.58106129540306e-20,2.50299069665116e-11,2.14360737493813e-10
2.04222011566162,-8.54986725052524e-21,-2.53242371517359e-10,-2.00611105505288e-09
2.04444241523743,-3.72809785089767e-20,-2.12269840593748e-10,-1.68316571791394e-09
2.04666471481323,4.58111751783532e-20,2.50300526832836e-11,2.14361875472413e-10
2.04888677597046,-8.54979212572351e-21,-2.53241511094515e-10,-2.00610439371474e-09
2.05110907554626,-3.72786520635039e-20,-2.12270853672258e-10,-1.68317371151971e-09
2.05333137512207,4.58120217460114e-20,2.50301984000556e-11,2.14363027328801e-10
2.0555534362793,-8.55003365600003e-21,-2.53240650671671e-10,-2.00609751033198e-09
2.0577757358551,-3.72789881056277e-20,-2.12271866750768e-10,-1.68318181614779e-09
2.05999803543091,4.58071523663898e-20,2.50303441168276e-11,2.14364179185189e-10
2.06222009658813,-8.55020733161692e-21,-2.53239790248827e-10,-2.00609062694923e-09
2.06444239616394,-3.72787651546032e-20,-2.12272879829278e-10,-1.68318992077587e-09
2.06666469573975,4.58091750814814e-20,2.50304898335996e-11,2.14365331041577e-10
2.06888675689697,-8.54811272289783e-21,-2.53238929825983e-10,-2.00608374356648e-09
2.07110905647278,-3.72799057591198e-20,-2.12273892907788e-10,-1.68319802540395e-09
2.07333135604858,4.58108165180095e-20,2.50306355503715e-11,2.14366482897965e-10
2.07555341720581,-8.5485949756573e-21,-2.53238069403139e-10,-2.00607686018373e-09
2.07777571678162,-3.72794889376392e-20,-2.12274905986298e-10,-1.68320601900973e-09
2.07999801635742,4.58100668855794e-20,2.50307812671435e-11,2.14367634754353e-10
2.08222007751465,-8.54947627843884e-21,-2.53237208980295e-10,-2.00606997680097e-09
2.08444237709045,-3.72797829744976e-20,-2.12275919064808e-10,-1.68321412363781e-09
2.08666467666626,4.58081411057158e-20,2.5030928718639e-11,2.14368786610741e-10
2.08888673782349,-8.54807798777445e-21,-2.53236348557451e-10,-2.00606309341822e-09
2.09110903739929,-3.72804712146166e-20,-2.12276932143318e-10,-1.68322222826589e-09
2.0933313369751,4.58088551952289e-20,2.5031074435411e-11,2.14369938467129e-10
2.09555339813232,-8.54696161706493e-21,-2.53235488134607e-10,-2.00605621003547e-09
2.09777569770813,-3.72812402340924e-20,-2.12277945221828e-10,-1.68323033289397e-09
2.09999799728394,4.58085643895448e-20,2.5031220152183e-11,2.1437107644573e-10
2.10222005844116,-8.54728392669814e-21,-2.53234655467338e-10,-2.00604932665271e-09
2.10444235801697,-3.7281489034511e-20,-2.12278958300338e-10,-1.68323832649975e-09
2.10666465759277,4.58075659566961e-20,2.50313658689549e-11,2.14372228302118e-10
2.10888671875,-8.54745760231504e-21,-2.53233795044494e-10,-2.00604244326996e-09
2.11110901832581,-3.72827362677783e-20,-2.12279971378848e-10,-1.68324643112783e-09
2.11333131790161,4.58072913068833e-20,2.50315115857269e-11,2.14373380158506e-10
2.11555337905884,-8.54761350647346e-21,-2.5323293462165e-10,-2.00603555988721e-09
2.11777567863464,-3.72814341045484e-20,-2.1228097057957e-10,-1.68325453575591e-09
2.11999797821045,4.58092623231867e-20,2.50316573024989e-11,2.14374532014894e-10
2.12222003936768,-8.54731704623439e-21,-2.53232074198806e-10,-2.00602889854906e-09
2.12444233894348,-3.72806618538984e-20,-2.1228198365808e-10,-1.68326264038399e-09
2.12666463851929,4.58063025675574e-20,2.50318030192709e-11,2.14375683871282e-10
2.12888669967651,-8.54801497987623e-21,-2.53231213775962e-10,-2.00602201516631e-09
2.13110899925232,-3.72850336326827e-20,-2.1228299673659e-10,-1.68327063398976e-09
2.13333129882812,4.58079730846538e-20,2.50319487360429e-11,2.1437683572767e-10
2.13555335998535,-8.54715387193387e-21,-2.53230353353118e-10,-2.00601513178356e-09
2.13777565956116,-3.72847202087788e-20,-2.122840098151e-10,-1.68327873861784e-09
2.13999795913696,4.58055109298618e-20,2.50320944528148e-11,2.14377987584058e-10
2.14222002029419,-8.54834455965154e-21,-2.53229492930274e-10,-2.0060082484008e-09
2.14444231987,-3.72842193767673e-20,-2.1228502289361e-10,-1.68328684324592e-09
2.1466646194458,4.58027579693856e-20,2.50322401695868e-11,2.14379125562658e-10
2.14888668060303,-8.54635981085756e-21,-2.5322863250743e-10,-2.00600136501805e-09
2.15110898017883,-3.72862905594729e-20,-2.1228603597212e-10,-1.683294947874e-09
2.15333127975464,4.58063348793001e-20,2.50323876210823e-11,2.14380277419046e-10
2.15555334091187,-8.54867333163329e-21,-2.53227772084585e-10,-2.0059944816353e-09
2.15777564048767,-3.72888754988871e-20,-2.1228704905063e-10,-1.68330294147978e-09
2.15999794006348,4.58070812805559e-20,2.50325333378543e-11,2.14381429275434e-10
2.1622200012207,-8.5483162868767e-21,-2.53226911661741e-10,-2.00598759825255e-09
2.16444230079651,-3.72890079770321e-20,-2.1228806212914e-10,-1.68331104610786e-09
2.16666460037231,4.58030229256756e-20,2.50326790546263e-11,2.14382581131822e-10
2.16888666152954,-8.5472411136391e-21,-2.53226051238897e-10,-2.00598071486979e-09
2.17110896110535,-3.72881969522909e-20,-2.1228907520765e-10,-1.68331915073594e-09
2.17333126068115,4.5803100473858e-20,2.50328247713982e-11,2.1438373298821e-10
2.17555332183838,-8.54669585298141e-21,-2.53225190816053e-10,-2.00597383148704e-09
2.17777562141418,-3.72874796316035e-20,-2.1229008828616e-10,-1.68332714434172e-09
2.17999792098999,4.58015753596036e-20,2.50329704881702e-11,2.14384884844598e-10
2.18221998214722,-8.54723222790986e-21,-2.53224330393209e-10,-2.00596694810429e-09
2.18444228172302,-3.72893957179443e-20,-2.1229110136467e-10,-1.6833352489698e-09
2.18666458129883,4.58051975059578e-20,2.50331162049422e-11,2.14386022823199e-10
2.18888664245605,-8.54682994671352e-21,-2.53223497725941e-10,-2.00596006472153e-09
2.19110894203186,-3.72874764004292e-20,-2.1229211444318e-10,-1.68334335359788e-09
2.19333124160767,4.58019727940385e-20,2.50332619217142e-11,2.14387174679587e-10
2.19555330276489,-8.54851985085557e-21,-2.53222637303097e-10,-2.00595340338339e-09
2.1977756023407,-3.72861193072367e-20,-2.1229312752169e-10,-1.68335145822596e-09
2.1999979019165,4.58039502726904e-20,2.50334076384862e-11,2.14388326535975e-10
2.20221996307373,-8.54652702412592e-21,-2.53221776880252e-10,-2.00594652000063e-09
2.20444226264954,-3.72897996147277e-20,-2.122941406002e-10,-1.68335945183173e-09
2.20666456222534,4.58059988371762e-20,2.50335533552581e-11,2.14389478392363e-10
2.20888662338257,-8.54634527057335e-21,-2.53220916457408e-10,-2.00593963661788e-09
2.21110892295837,-3.72891404551771e-20,-2.12295139800922e-10,-1.68336755645981e-09
2.21333122253418,4.58013944138446e-20,2.50336990720301e-11,2.14390630248751e-10
2.21555328369141,-8.54712317577832e-21,-2.53220056034564e-10,-2.00593275323513e-09
2.21777558326721,-3.72872599117532e-20,-2.12296152879432e-10,-1.68337566108789e-09
2.21999788284302,4.58020406486982e-20,2.50338447888021e-11,2.14391768227351e-10
2.22221994400024,-8.5452394011802e-21,-2.5321919561172e-10,-2.00592586985238e-09
2.22444224357605,-3.72897091418482e-20,-2.12297165957942e-10,-1.68338376571597e-09
2.22666454315186,4.58033848171936e-20,2.50339905055741e-11,2.14392920083739e-10
2.22888660430908,-8.5453322974404e-21,-2.53218335188876e-10,-2.00591898646962e-09
2.23110890388489,-3.72896542118857e-20,-2.12298179036452e-10,-1.68339175932175e-09
2.23333120346069,4.58036756228777e-20,2.50341362223461e-11,2.14394071940127e-10
2.23555326461792,-8.54520466605682e-21,-2.53217474766032e-10,-2.00591210308687e-09
2.23777556419373,-3.72886493166884e-20,-2.12299192114962e-10,-1.68339986394983e-09
2.23999786376953,4.58016432142632e-20,2.50342819391181e-11,2.14395223796515e-10
2.24221992492676,-8.54594783613841e-21,-2.53216614343188e-10,-2.00590521970412e-09
2.24444222450256,-3.72891372240028e-20,-2.12300205193472e-10,-1.68340796857791e-09
2.24666452407837,4.5799336155836e-20,2.503442765589e-11,2.14396361775115e-10
2.2488865852356,-8.54583474503904e-21,-2.53215753920344e-10,-2.00589833632137e-09
2.2511088848114,-3.72874990186491e-20,-2.12301218271982e-10,-1.68341607320599e-09
2.25333118438721,4.5801061602895e-20,2.5034573372662e-11,2.14397513631504e-10
2.25555324554443,-8.54438556337994e-21,-2.532148934975e-10,-2.00589145293861e-09
2.25777554512024,-3.72897802276821e-20,-2.12302231350492e-10,-1.68342406681177e-09
2.25999784469604,4.58039922779559e-20,2.5034719089434e-11,2.14398665487892e-10
2.26221990585327,-8.54435890619223e-21,-2.53214033074656e-10,-2.00588456955586e-09
2.26444220542908,-3.72920065067526e-20,-2.12303244429002e-10,-1.68343217143985e-09
2.26666450500488,4.58023896155191e-20,2.5034864806206e-11,2.1439981734428e-10
2.26888656616211,-8.54557059654265e-21,-2.53213172651812e-10,-2.00587790821771e-09
2.27110886573792,-3.72908012787507e-20,-2.12304257507512e-10,-1.68344027606793e-09
2.27333116531372,4.58031069362065e-20,2.5035010522978e-11,2.1440095532288e-10
2.27555322647095,-8.54407779403093e-21,-2.53212339984543e-10,-2.00587102483496e-09
2.27777552604675,-3.72914701318242e-20,-2.12305270586022e-10,-1.68344838069601e-09
2.27999782562256,4.58025027066185e-20,2.50351562397499e-11,2.14402107179268e-10
2.28221988677979,-8.54370136222874e-21,-2.53211479561699e-10,-2.00586414145221e-09
2.28444218635559,-3.72924976452413e-20,-2.12306283664532e-10,-1.68345637430178e-09
2.2866644859314,4.58025511742325e-20,2.50353019565219e-11,2.14403259035656e-10
2.28888654708862,-8.54302847018747e-21,-2.53210619138855e-10,-2.00585725806945e-09
2.29110884666443,-3.72932440464972e-20,-2.12307296743042e-10,-1.68346447892986e-09
2.29333114624023,4.58006253943689e-20,2.50354476732939e-11,2.14404410892044e-10
2.29555320739746,-8.54415211103909e-21,-2.53209758716011e-10,-2.0058503746867e-09
2.29777550697327,-3.72930081707756e-20,-2.12308295943764e-10,-1.68347258355794e-09
2.29999780654907,4.57992489141308e-20,2.50355933900659e-11,2.14405548870644e-10
2.3022198677063,-8.54445341803956e-21,-2.53208898293167e-10,-2.00584349130395e-09
2.3044421672821,-3.72928692302821e-20,-2.12309309022274e-10,-1.68348057716372e-09
2.30666446685791,4.58004993785724e-20,2.50357391068379e-11,2.14406700727032e-10
2.30888652801514,-8.5425413706666e-21,-2.53208037870323e-10,-2.0058366079212e-09
2.31110882759094,-3.72932343529744e-20,-2.12310322100784e-10,-1.6834886817918e-09
2.31333112716675,4.58010939146377e-20,2.50358848236099e-11,2.1440785258342e-10
2.31555318832397,-8.5437877961404e-21,-2.53207177447479e-10,-2.00582972453844e-09
2.31777548789978,-3.7294943644162e-20,-2.12311335179294e-10,-1.68349678641988e-09
2.31999778747559,4.58007126360741e-20,2.50360305403818e-11,2.14409004439808e-10
2.32221984863281,-8.54318437434589e-21,-2.53206317024635e-10,-2.00582284115569e-09
2.32444214820862,-3.72944169627564e-20,-2.12312348257804e-10,-1.68350489104796e-09
2.32666444778442,4.5802182820366e-20,2.50361762571538e-11,2.14410142418409e-10
2.32888650894165,-8.54365127902759e-21,-2.53205456601791e-10,-2.00581595777294e-09
2.33110880851746,-3.72948176283656e-20,-2.12313361336314e-10,-1.68351288465374e-09
2.33333110809326,4.57968869257411e-20,2.50363219739258e-11,2.14411294274797e-10
2.33555316925049,-8.5427368567098e-21,-2.53204596178946e-10,-2.00580907439019e-09
2.33777546882629,-3.7292119597852e-20,-2.12314374414824e-10,-1.68352098928182e-09
2.3399977684021,4.57971292638111e-20,2.50364676906978e-11,2.14412446131185e-10
2.34221982955933,-8.54276028272324e-21,-2.53203735756102e-10,-2.00580241305204e-09
2.34444212913513,-3.7292203608383e-20,-2.12315387493334e-10,-1.6835290939099e-09
2.34666442871094,4.57945637114425e-20,2.50366134074698e-11,2.14413597987573e-10
2.34888648986816,-8.54189513581305e-21,-2.53202875333258e-10,-2.00579552966929e-09
2.35110878944397,-3.72963782855369e-20,-2.12316400571844e-10,-1.68353719853798e-09
2.35333108901978,4.57969644739235e-20,2.50367591242417e-11,2.14414735966173e-10
2.355553150177,-8.54144034803485e-21,-2.53202014910414e-10,-2.00578864628653e-09
2.35777544975281,-3.72959711575792e-20,-2.12317413650354e-10,-1.68354519214375e-09
2.35999774932861,4.57973619083584e-20,2.50369048410137e-11,2.14415887822561e-10
2.36221981048584,-8.54232568978423e-21,-2.53201182243146e-10,-2.00578176290378e-09
2.36444211006165,-3.729453328503e-20,-2.12318426728864e-10,-1.68355329677183e-09
2.36666440963745,4.57974200694952e-20,2.50370505577857e-11,2.14417039678949e-10
2.36888647079468,-8.54057762450536e-21,-2.53200321820302e-10,-2.00577487952103e-09
2.37110877037048,-3.72958774535254e-20,-2.12319439807374e-10,-1.68356140139991e-09
2.37333106994629,4.57967350605505e-20,2.50371962745577e-11,2.14418177657549e-10
2.37555313110352,-8.54011233541079e-21,-2.53199461397458e-10,-2.00576799613827e-09
2.37777543067932,-3.72958289859114e-20,-2.12320452885884e-10,-1.68356950602799e-09
2.37999773025513,4.57980049120377e-20,2.50373419913297e-11,2.14419329513937e-10
2.38221979141235,-8.54187978773527e-21,-2.53198600974613e-10,-2.00576111275552e-09
2.38444209098816,-3.72950728911328e-20,-2.12321465964393e-10,-1.68357749963377e-09
2.38666439056396,4.57963376261155e-20,2.50374877081017e-11,2.14420481370325e-10
2.38888645172119,-8.5407157572053e-21,-2.53197740551769e-10,-2.00575422937277e-09
2.391108751297,-3.72971311491413e-20,-2.12322465165116e-10,-1.68358560426185e-09
2.3933310508728,4.5794932065309e-20,2.50376334248736e-11,2.14421619348926e-10
2.39555311203003,-8.54155343913423e-21,-2.53196880128925e-10,-2.00574734599002e-09
2.39777541160583,-3.72982782160064e-20,-2.12323478243626e-10,-1.68359370888993e-09
2.39999771118164,4.57931678441588e-20,2.50377774069221e-11,2.14422771205314e-10
2.40221977233887,-8.54142096098925e-21,-2.53196019706081e-10,-2.00574046260726e-09
2.40444207191467,-3.72971408426641e-20,-2.12324491322136e-10,-1.68360181351801e-09
2.40666437149048,4.57951517851593e-20,2.50379231236941e-11,2.14423923061702e-10
2.40888643264771,-8.54102514214144e-21,-2.53195159283237e-10,-2.00573357922451e-09
2.41110873222351,-3.72989309132085e-20,-2.12325504400646e-10,-1.68360980712379e-09
2.41333103179932,4.57980501484775e-20,2.50380688404661e-11,2.1442507491809e-10
2.41555309295654,-8.54104776036132e-21,-2.53194298860393e-10,-2.00572691788636e-09
2.41777539253235,-3.7298707962184e-20,-2.12326517479156e-10,-1.68361791175187e-09
2.41999769210815,4.57932356988185e-20,2.50382145572381e-11,2.1442621289669e-10
2.42221975326538,-8.53974155816357e-21,-2.53193438437549e-10,-2.00572003450361e-09
2.42444205284119,-3.729711499327e-20,-2.12327530557666e-10,-1.68362601637995e-09
2.42666435241699,4.57937300684814e-20,2.50383602740101e-11,2.14427364753078e-10
2.42888641357422,-8.54058247126676e-21,-2.53192578014705e-10,-2.00571315112086e-09
2.43110871315002,-3.73024431996376e-20,-2.12328543636175e-10,-1.68363400998572e-09
2.43333101272583,4.57983312606388e-20,2.50385059907821e-11,2.14428516609466e-10
2.43555307388306,-8.53842081568161e-21,-2.53191717591861e-10,-2.00570626773811e-09
2.43777537345886,-3.72993897399545e-20,-2.12329556714685e-10,-1.6836421146138e-09
2.43999767303467,4.57966639747166e-20,2.5038651707554e-11,2.14429654588066e-10
2.44221973419189,-8.54004609633831e-21,-2.53190857169017e-10,-2.00569938435535e-09
2.4444420337677,-3.72980811143761e-20,-2.12330569793195e-10,-1.68365021924188e-09
2.44666433334351,4.57935458915482e-20,2.5038797424326e-11,2.14430806444454e-10
2.44888639450073,-8.53970763083375e-21,-2.53190024501748e-10,-2.0056925009726e-09
2.45110869407654,-3.72981974366497e-20,-2.12331582871705e-10,-1.68365832386996e-09
2.45333099365234,4.57955815313369e-20,2.5038943141098e-11,2.14431958300842e-10
2.45555305480957,-8.53966239439401e-21,-2.53189164078904e-10,-2.00568561758985e-09
2.45777535438538,-3.72999681201484e-20,-2.12332595950215e-10,-1.68366631747574e-09
2.45999765396118,4.57978433533243e-20,2.503908885787e-11,2.14433096279443e-10
2.46221971511841,-8.53838527276466e-21,-2.5318830365606e-10,-2.00567873420709e-09
2.46444201469421,-3.73006046614792e-20,-2.12333609028725e-10,-1.68367442210382e-09
2.46666431427002,4.57971680379024e-20,2.5039234574642e-11,2.14434248135831e-10
2.46888637542725,-8.53966724115541e-21,-2.53187443233216e-10,-2.00567185082434e-09
2.47110867500305,-3.73011184181878e-20,-2.12334608229447e-10,-1.6836825267319e-09
2.47333097457886,4.5793387564009e-20,2.50393785566905e-11,2.14435386114431e-10
2.47555303573608,-8.53920114426728e-21,-2.53186582810372e-10,-2.00566496744159e-09
2.47777533531189,-3.73018163518296e-20,-2.12335621307957e-10,-1.68369063135998e-09
2.4799976348877,4.57912420642952e-20,2.50395242734625e-11,2.14436537970819e-10
2.48221969604492,-8.537912713528e-21,-2.53185722387528e-10,-2.00565808405884e-09
2.48444199562073,-3.73016418684192e-20,-2.12336634386467e-10,-1.68369862496576e-09
2.48666429519653,4.57932260052957e-20,2.50396699902344e-11,2.14437689827207e-10
2.48888635635376,-8.53755486097784e-21,-2.53184861964684e-10,-2.00565120067608e-09
2.49110865592957,-3.72994252828715e-20,-2.12337647464977e-10,-1.68370672959384e-09
2.49333095550537,4.57940337988626e-20,2.50398157070064e-11,2.14438827805807e-10
2.4955530166626,-8.53669617641618e-21,-2.5318400154184e-10,-2.00564453933794e-09
2.4977753162384,-3.72991053966189e-20,-2.12338660543487e-10,-1.68371483422192e-09
2.49999761581421,4.57971971184708e-20,2.50399614237784e-11,2.14439979662195e-10
2.50221967697144,-8.53730525276566e-21,-2.53183141118996e-10,-2.00563765595518e-09
2.50444197654724,-3.73001910711729e-20,-2.12339673621997e-10,-1.68372282782769e-09
2.50666427612305,4.57927251732841e-20,2.50401071405504e-11,2.14441131518583e-10
2.50888633728027,-8.53698375092601e-21,-2.53182280696151e-10,-2.00563077257243e-09
2.51110863685608,-3.72992055630212e-20,-2.12340686700507e-10,-1.68373093245577e-09
2.51333093643188,4.57928221085122e-20,2.50402528573224e-11,2.14442269497184e-10
2.51555299758911,-8.53582375936388e-21,-2.53181420273307e-10,-2.00562388918968e-09
2.51777529716492,-3.73015934008051e-20,-2.12341699779017e-10,-1.68373903708385e-09
2.51999759674072,4.57922663465381e-20,2.50403985740943e-11,2.14443421353572e-10
2.52221965789795,-8.53602651554918e-21,-2.53180559850463e-10,-2.00561700580693e-09
2.52444195747375,-3.73029181822549e-20,-2.12342712857527e-10,-1.68374714171193e-09
2.52666425704956,4.57948125118611e-20,2.50405425561429e-11,2.14444559332172e-10
2.52888631820679,-8.53614364561639e-21,-2.53179699427619e-10,-2.00561012242417e-09
2.53110861778259,-3.73030441980514e-20,-2.12343725936037e-10,-1.68375513531771e-09
2.5333309173584,4.57942405940157e-20,2.50406882729148e-11,2.1444571118856e-10
2.53555297851562,-8.53526234283485e-21,-2.53178839004775e-10,-2.00560323904142e-09
2.53777527809143,-3.73034157830922e-20,-2.12344739014547e-10,-1.68376323994579e-09
2.53999757766724,4.5794327835721e-20,2.50408339896868e-11,2.14446863044948e-10
2.54221963882446,-8.53449574673982e-21,-2.53178006337507e-10,-2.00559635565867e-09
2.54444193840027,-3.730124120281e-20,-2.12345752093057e-10,-1.68377134457387e-09
2.54666423797607,4.57958884928923e-20,2.50409797064588e-11,2.14448001023548e-10
2.5488862991333,-8.53440446606675e-21,-2.53177145914663e-10,-2.00558947227591e-09
2.55110859870911,-3.73044239094637e-20,-2.12346765171567e-10,-1.68377944920195e-09
2.55333089828491,4.57941048846965e-20,2.50411254232308e-11,2.14449152879936e-10
2.55555295944214,-8.5354077456769e-21,-2.53176285491818e-10,-2.00558258889316e-09
2.55777525901794,-3.73044303718123e-20,-2.12347764372289e-10,-1.68378744280773e-09
2.55999755859375,4.57916168805103e-20,2.50412711400028e-11,2.14450290858537e-10
2.56221961975098,-8.53572843972298e-21,-2.53175425068974e-10,-2.00557570551041e-09
2.56444191932678,-3.73039004592323e-20,-2.12348777450799e-10,-1.68379554743581e-09
2.56666421890259,4.57898849711028e-20,2.50414151220513e-11,2.14451442714925e-10
2.56888628005981,-8.53629793418767e-21,-2.5317456464613e-10,-2.00556882212766e-09
2.57110857963562,-3.73030765097941e-20,-2.12349790529309e-10,-1.68380365206389e-09
2.57333064079285,4.5791600724639e-20,2.50415608388233e-11,2.14452594571313e-10
2.57555294036865,-8.53458702741288e-21,-2.53173704223286e-10,-2.00556216078951e-09
2.57777523994446,-3.73024658178574e-20,-2.12350803607819e-10,-1.68381175669197e-09
2.57999730110168,4.57914294724028e-20,2.50417065555952e-11,2.14453732549913e-10
2.58221960067749,-8.53328082521513e-21,-2.53172843800442e-10,-2.00555527740676e-09
2.5844419002533,-3.73030021927859e-20,-2.12351816686329e-10,-1.68381975029774e-09
2.58666396141052,4.57927639473754e-20,2.50418522723672e-11,2.14454884406301e-10
2.58888626098633,-8.53211114013019e-21,-2.53171983377598e-10,-2.005548394024e-09
2.59110856056213,-3.73041912649164e-20,-2.12352829764839e-10,-1.68382785492582e-09
2.59333062171936,4.57970420221059e-20,2.50419979891392e-11,2.14456022384901e-10
2.59555292129517,-8.53319681468417e-21,-2.53171122954754e-10,-2.00554151064125e-09
2.59777522087097,-3.73041880337422e-20,-2.12353842843349e-10,-1.6838359595539e-09
2.5999972820282,4.57968933880896e-20,2.50421419711877e-11,2.14457174241289e-10
2.602219581604,-8.53240760036926e-21,-2.5317026253191e-10,-2.0055346272585e-09
2.60444188117981,-3.73014512291374e-20,-2.12354855921859e-10,-1.68384395315968e-09
2.60666394233704,4.57941630458333e-20,2.50422876879597e-11,2.1445831221989e-10
2.60888624191284,-8.531270227027e-21,-2.53169402109066e-10,-2.00552774387575e-09
2.61110854148865,-3.73047211774964e-20,-2.12355869000369e-10,-1.68385205778776e-09
2.61333060264587,4.57906410658814e-20,2.50424334047317e-11,2.14459464076278e-10
2.61555290222168,-8.53169270306251e-21,-2.53168541686222e-10,-2.00552086049299e-09
2.61777520179749,-3.73040070879832e-20,-2.12356882078879e-10,-1.68386016241584e-09
2.61999726295471,4.57929836672256e-20,2.50425791215036e-11,2.14460615932666e-10
2.62221956253052,-8.53218222596408e-21,-2.53167681263378e-10,-2.00551397711024e-09
2.62444186210632,-3.73039877009376e-20,-2.12357895157389e-10,-1.68386826704392e-09
2.62666392326355,4.57919173797172e-20,2.50427248382756e-11,2.14461753911266e-10
2.62888622283936,-8.53135019859013e-21,-2.53166820840534e-10,-2.00550709372749e-09
2.63110852241516,-3.73046985592765e-20,-2.12358908235899e-10,-1.6838762606497e-09
2.63333058357239,4.57908090869434e-20,2.50428688203241e-11,2.14462905767654e-10
2.63555288314819,-8.53056906221089e-21,-2.53165960417689e-10,-2.00550021034474e-09
2.637775182724,-3.73057874650047e-20,-2.12359907436621e-10,-1.68388436527778e-09
2.63999724388123,4.579450878148e-20,2.50430145370961e-11,2.14464043746254e-10
2.64221954345703,-8.53110382155221e-21,-2.53165127750421e-10,-2.00549332696198e-09
2.64444184303284,-3.73044497588579e-20,-2.12360920515131e-10,-1.68389246990586e-09
2.64666390419006,4.57928641137777e-20,2.50431602538681e-11,2.14465195602642e-10
2.64888620376587,-8.5302168642157e-21,-2.53164267327577e-10,-2.00548644357923e-09
2.65110850334167,-3.73046759410566e-20,-2.12361933593641e-10,-1.68390057453394e-09
2.6533305644989,4.57850058979584e-20,2.50433059706401e-11,2.14466333581242e-10
2.65555286407471,-8.52930001851722e-21,-2.53163406904733e-10,-2.00547978224108e-09
2.65777516365051,-3.73043172807129e-20,-2.12362946672151e-10,-1.68390856813971e-09
2.65999722480774,4.57922728088867e-20,2.50434516874121e-11,2.14467485437631e-10
2.66221952438354,-8.53020393951863e-21,-2.53162546481889e-10,-2.00547289885833e-09
2.66444182395935,-3.73070411606206e-20,-2.12363959750661e-10,-1.68391667276779e-09
2.66666388511658,4.57885375714331e-20,2.50435956694606e-11,2.14468623416231e-10
2.66888618469238,-8.52993494426084e-21,-2.53161686059045e-10,-2.00546601547558e-09
2.67110848426819,-3.73072544181223e-20,-2.12364972829171e-10,-1.68392477739587e-09
2.67333054542542,4.5790466582471e-20,2.50437413862326e-11,2.14469775272619e-10
2.67555284500122,-8.52970956985566e-21,-2.53160825636201e-10,-2.00545913209282e-09
2.67777514457703,-3.73073448910018e-20,-2.12365985907681e-10,-1.68393277100165e-09
2.67999720573425,4.57920627825593e-20,2.50438871030045e-11,2.14470913251219e-10
2.68221950531006,-8.52959001640775e-21,-2.53159965213356e-10,-2.00545224871007e-09
2.68444180488586,-3.73067955913763e-20,-2.12366998986191e-10,-1.68394087562973e-09
2.68666386604309,4.57907121517153e-20,2.50440328197765e-11,2.14472065107607e-10
2.6888861656189,-8.52834682210822e-21,-2.53159104790512e-10,-2.00544536532732e-09
2.6911084651947,-3.73078715724074e-20,-2.12368012064701e-10,-1.68394898025781e-09
2.69333052635193,4.57924989910854e-20,2.5044176801825e-11,2.14473203086207e-10
2.69555282592773,-8.52702607962626e-21,-2.53158244367668e-10,-2.00543848194457e-09
2.69777512550354,-3.73065661780033e-20,-2.12369025143211e-10,-1.68395708488589e-09
2.69999718666077,4.57930256724911e-20,2.5044322518597e-11,2.14474354942595e-10
2.70221948623657,-8.52877899166654e-21,-2.53157383944824e-10,-2.00543159856181e-09
2.70444178581238,-3.73076324655116e-20,-2.12370038221721e-10,-1.68396507849167e-09
2.7066638469696,4.5790792931072e-20,2.5044468235369e-11,2.14475492921196e-10
2.70888614654541,-8.52749056092726e-21,-2.5315652352198e-10,-2.00542471517906e-09
2.71110844612122,-3.73069829994838e-20,-2.12371051300231e-10,-1.68397318311975e-09
2.71333050727844,4.57886474313582e-20,2.5044613952141e-11,2.14476644777584e-10
2.71555280685425,-8.52494924236565e-21,-2.53155663099136e-10,-2.00541783179631e-09
2.71777510643005,-3.73045951616999e-20,-2.12372050500953e-10,-1.68398128774783e-09
2.71999716758728,4.57909480274369e-20,2.50447579341895e-11,2.14477782756184e-10
2.72221946716309,-8.52707131606601e-21,-2.53154802676292e-10,-2.00541094841356e-09
2.72444176673889,-3.73071574828943e-20,-2.12373063579463e-10,-1.68398939237591e-09
2.72666382789612,4.57922437283182e-20,2.50449036509615e-11,2.14478934612572e-10
2.72888612747192,-8.52638711491481e-21,-2.53153942253448e-10,-2.0054040650308e-09
2.73110842704773,-3.73073578156989e-20,-2.12374076657973e-10,-1.68399738598168e-09
2.73333048820496,4.57912194460754e-20,2.50450493677334e-11,2.14480072591172e-10
2.73555278778076,-8.52592505699452e-21,-2.53153109586179e-10,-2.00539740369265e-09
2.73777508735657,-3.73075872290719e-20,-2.12375089736483e-10,-1.68400549060976e-09
2.73999714851379,4.57900497609904e-20,2.50451950845054e-11,2.1448122444756e-10
2.7422194480896,-8.52526428185675e-21,-2.53152249163335e-10,-2.0053905203099e-09
2.74444174766541,-3.73068699083844e-20,-2.12376102814993e-10,-1.68401359523784e-09
2.74666380882263,4.57909221780427e-20,2.50453390665539e-11,2.1448236242616e-10
2.74888610839844,-8.5263507642043e-21,-2.53151388740491e-10,-2.00538363692715e-09
2.75110840797424,-3.73071994881598e-20,-2.12377115893503e-10,-1.68402158884362e-09
2.75333046913147,4.57897686488291e-20,2.50454847833259e-11,2.14483514282549e-10
2.75555276870728,-8.52666822707611e-21,-2.53150528317647e-10,-2.0053767535444e-09
2.75777506828308,-3.73096325623834e-20,-2.12378128972013e-10,-1.6840296934717e-09
2.75999712944031,4.57899302075425e-20,2.50456305000979e-11,2.14484652261149e-10
2.76221942901611,-8.52576269048756e-21,-2.53149667894803e-10,-2.00536987016164e-09
2.76444172859192,-3.73107182369374e-20,-2.12379142050523e-10,-1.68403779809978e-09
2.76666378974915,4.57928124149894e-20,2.50457744821464e-11,2.14485804117537e-10
2.76888608932495,-8.52615850933536e-21,-2.53148807471959e-10,-2.00536298677889e-09
2.77110838890076,-3.73088279999907e-20,-2.12380155129033e-10,-1.68404590272786e-09
2.77333045005798,4.57903567225459e-20,2.50459201989184e-11,2.14486942096137e-10
2.77555274963379,-8.52555185636659e-21,-2.53147947049115e-10,-2.00535610339614e-09
2.77777504920959,-3.73088538493849e-20,-2.12381168207543e-10,-1.68405389633364e-09
2.77999711036682,4.5790237169098e-20,2.50460659156904e-11,2.14488093952525e-10
2.78221940994263,-8.52495974368202e-21,-2.53147086626271e-10,-2.00534922001339e-09
2.78444170951843,-3.7308795688248e-20,-2.12382181286053e-10,-1.68406200096172e-09
2.78666377067566,4.57910837367561e-20,2.50462116324623e-11,2.14489231931125e-10
2.78888607025146,-8.52484584478908e-21,-2.53146226203427e-10,-2.00534233663063e-09
2.79110836982727,-3.73109896555759e-20,-2.12383180486775e-10,-1.6840701055898e-09
2.7933304309845,4.57898720464057e-20,2.50463556145109e-11,2.14490383787513e-10
2.7955527305603,-8.52469317180492e-21,-2.53145365780583e-10,-2.00533545324788e-09
2.79777503013611,-3.73093288320022e-20,-2.12384193565285e-10,-1.68407809919557e-09
2.79999709129333,4.57867119579718e-20,2.50465013312828e-11,2.14491521766114e-10
2.80221939086914,-8.52460189113186e-21,-2.53144505357739e-10,-2.00532856986513e-09
2.80444169044495,-3.73117425191803e-20,-2.12385206643795e-10,-1.68408620382365e-09
2.80666375160217,4.57880690511643e-20,2.50466470480548e-11,2.14492673622502e-10
2.80888605117798,-8.52346290220246e-21,-2.53143644934894e-10,-2.00532168648238e-09
2.81110835075378,-3.73123015123286e-20,-2.12386219722305e-10,-1.68409430845173e-09
2.81333041191101,4.5789464918448e-20,2.50467910301033e-11,2.14493811601102e-10
2.81555271148682,-8.52259290853086e-21,-2.5314278451205e-10,-2.00531480309962e-09
2.81777501106262,-3.73116488151265e-20,-2.12387232800815e-10,-1.68410241307981e-09
2.81999707221985,4.57921887983557e-20,2.50469367468753e-11,2.14494949579702e-10
2.82221937179565,-8.52395646407187e-21,-2.53141924089206e-10,-2.00530814176147e-09
2.82444167137146,-3.73131157682441e-20,-2.12388245879325e-10,-1.68411040668559e-09
2.82666373252869,4.57855358105383e-20,2.50470824636473e-11,2.1449610143609e-10
2.82888603210449,-8.52285463364655e-21,-2.53141063666362e-10,-2.00530125837872e-09
2.8311083316803,-3.73102012490545e-20,-2.12389258957835e-10,-1.68411851131367e-09
2.83333039283752,4.5788754060109e-20,2.50472264456958e-11,2.1449723941469e-10
2.83555269241333,-8.52314382374352e-21,-2.53140203243518e-10,-2.00529437499597e-09
2.83777499198914,-3.73127247961577e-20,-2.12390272036345e-10,-1.68412661594175e-09
2.83999705314636,4.57883760127197e-20,2.50473721624678e-11,2.14498391271079e-10
2.84221935272217,-8.52305254307046e-21,-2.5313937057625e-10,-2.00528749161322e-09
2.84444165229797,-3.73116229657323e-20,-2.12391285114855e-10,-1.68413472056983e-09
2.8466637134552,4.57881239811268e-20,2.50475178792398e-11,2.14499529249679e-10
2.84888601303101,-8.52331669156685e-21,-2.53138510153406e-10,-2.00528060823046e-09
2.85110831260681,-3.73137620030976e-20,-2.12392298193365e-10,-1.68414271417561e-09
2.85333037376404,4.57832481391567e-20,2.50476618612883e-11,2.14500681106067e-10
2.85555267333984,-8.52307758467103e-21,-2.53137649730562e-10,-2.00527372484771e-09
2.85777497291565,-3.73118943843708e-20,-2.12393311271875e-10,-1.68415081880369e-09
2.85999703407288,4.57863177547111e-20,2.50478075780602e-11,2.14501819084667e-10
2.86221933364868,-8.52266884112616e-21,-2.53136789307717e-10,-2.00526684146496e-09
2.86444163322449,-3.73125761621413e-20,-2.12394310472597e-10,-1.68415892343177e-09
2.86666369438171,4.57863694534994e-20,2.50479532948322e-11,2.14502957063267e-10
2.86888599395752,-8.5219151697282e-21,-2.53135928884873e-10,-2.00525995808221e-09
2.87110829353333,-3.73146861189382e-20,-2.12395323551107e-10,-1.68416691703754e-09
2.87333035469055,4.57832093650655e-20,2.50480972768807e-11,2.14504108919655e-10
2.87555265426636,-8.52403562784143e-21,-2.53135068462029e-10,-2.00525307469945e-09
2.87777495384216,-3.73157168635296e-20,-2.12396336629617e-10,-1.68417502166562e-09
2.87999701499939,4.57843693566277e-20,2.50482429936527e-11,2.14505246898256e-10
2.8822193145752,-8.52335061889666e-21,-2.53134208039185e-10,-2.0052461913167e-09
2.884441614151,-3.73119428519849e-20,-2.12397349708127e-10,-1.6841831262937e-09
2.88666367530823,4.57847441728427e-20,2.50483887104247e-11,2.14506398754644e-10
2.88888597488403,-8.52249516550926e-21,-2.53133347616341e-10,-2.00523930793395e-09
2.89110827445984,-3.73154228266713e-20,-2.12398362786637e-10,-1.68419123092178e-09
2.89333033561707,4.5786834742594e-20,2.50485326924732e-11,2.14507536733244e-10
2.89555263519287,-8.5196250749659e-21,-2.53132487193497e-10,-2.0052324245512e-09
2.89777493476868,-3.73161207603131e-20,-2.12399375865147e-10,-1.68419922452756e-09
2.8999969959259,4.57880561264672e-20,2.50486784092452e-11,2.14508674711844e-10
2.90221929550171,-8.52112030085832e-21,-2.53131626770653e-10,-2.00522554116844e-09
2.90444159507751,-3.73154486760654e-20,-2.12400388943657e-10,-1.68420732915564e-09
2.90666365623474,4.57878234819199e-20,2.50488223912937e-11,2.14509826568232e-10
2.90888595581055,-8.52038924768023e-21,-2.53130766347809e-10,-2.0052188798303e-09
2.91110825538635,-3.73121302600924e-20,-2.12401402022167e-10,-1.68421543378372e-09
2.91333031654358,4.57853548647793e-20,2.50489681080657e-11,2.14510964546832e-10
2.91555261611938,-8.51894248940183e-21,-2.53129905924965e-10,-2.00521199644754e-09
2.91777491569519,-3.73140592711303e-20,-2.12402415100676e-10,-1.6842234273895e-09
2.91999697685242,4.57876393049867e-20,2.50491138248377e-11,2.1451211640322e-10
2.92221927642822,-8.51910808708306e-21,-2.53129045502121e-10,-2.00520511306479e-09
2.92444157600403,-3.73132030099493e-20,-2.12403428179186e-10,-1.68423153201758e-09
2.92666363716125,4.5790479507168e-20,2.50492578068862e-11,2.14513254381821e-10
2.92888593673706,-8.51864037460779e-21,-2.53128185079277e-10,-2.00519822968204e-09
2.93110823631287,-3.7314333920943e-20,-2.12404441257696e-10,-1.68423963664566e-09
2.93333029747009,4.57876619232065e-20,2.50494035236581e-11,2.14514392360421e-10
2.9355525970459,-8.51715403444461e-21,-2.53127324656433e-10,-2.00519134629928e-09
2.9377748966217,-3.731514171451e-20,-2.12405440458419e-10,-1.68424774127374e-09
2.93999695777893,4.5787739471389e-20,2.50495492404301e-11,2.14515544216809e-10
2.94221925735474,-8.51673802075764e-21,-2.53126464233588e-10,-2.00518446291653e-09
2.94444155693054,-3.73161336850102e-20,-2.12406453536929e-10,-1.68425573487951e-09
2.94666361808777,4.57875197515387e-20,2.50496932224786e-11,2.14516682195409e-10
2.94888591766357,-8.51551259791658e-21,-2.5312563156632e-10,-2.00517757953378e-09
2.95110821723938,-3.73131933164265e-20,-2.12407466615439e-10,-1.68426383950759e-09
2.95333027839661,4.57878881054053e-20,2.50498389392506e-11,2.14517820174009e-10
2.95555257797241,-8.51488575010863e-21,-2.53124771143476e-10,-2.00517069615103e-09
2.95777487754822,-3.73140011099934e-20,-2.12408479693948e-10,-1.68427194413567e-09
2.95999693870544,4.578961032129e-20,2.50499829212991e-11,2.14518972030397e-10
2.96221923828125,-8.5150061113501e-21,-2.53123910720632e-10,-2.00516381276827e-09
2.96444153785706,-3.73126827908922e-20,-2.12409492772458e-10,-1.68427993774145e-09
2.96666359901428,4.57852385425057e-20,2.50501286380711e-11,2.14520110008998e-10
2.96888589859009,-8.5149083683285e-21,-2.53123050297788e-10,-2.00515692938552e-09
2.97110819816589,-3.73117134386118e-20,-2.12410505850968e-10,-1.68428804236953e-09
2.97333025932312,4.57885504961302e-20,2.50502743548431e-11,2.14521247987598e-10
2.97555255889893,-8.5141336942978e-21,-2.53122189874944e-10,-2.00515004600277e-09
2.97777485847473,-3.73135487455959e-20,-2.12411518929478e-10,-1.68429614699761e-09
2.97999691963196,4.57905699800475e-20,2.50504183368916e-11,2.14522399843986e-10
2.98221921920776,-8.51401414084989e-21,-2.531213294521e-10,-2.00514316262002e-09
2.98444151878357,-3.73119008467194e-20,-2.12412532007988e-10,-1.68430425162569e-09
2.9866635799408,4.57897557241321e-20,2.50505640536636e-11,2.14523537822586e-10
2.9888858795166,-8.51318534465021e-21,-2.53120469029255e-10,-2.00513627923726e-09
2.99110817909241,-3.73116261969066e-20,-2.12413545086498e-10,-1.68431224523147e-09
2.99333024024963,4.57876166867668e-20,2.50507080357121e-11,2.14524675801187e-10
2.99555253982544,-8.51264169957965e-21,-2.53119608606411e-10,-2.00512939585451e-09
2.99777483940125,-3.73139429488566e-20,-2.12414558165008e-10,-1.68432034985955e-09
2.99999690055847,4.57905279747821e-20,2.50508537524841e-11,2.14525827657575e-10
3.00221920013428,-8.51227496130026e-21,-2.53118748183567e-10,-2.00512273451636e-09
3.00444149971008,-3.73161239914874e-20,-2.12415571243518e-10,-1.68432845448763e-09
3.00666356086731,4.57887799095032e-20,2.50509977345326e-11,2.14526965636175e-10
3.00888586044312,-8.51229030937803e-21,-2.53117887760723e-10,-2.00511585113361e-09
3.01110816001892,-3.73142046739723e-20,-2.1241657044424e-10,-1.6843364480934e-09
3.01333022117615,4.57883210827572e-20,2.50511434513045e-11,2.14528103614775e-10
3.01555252075195,-8.51124583229597e-21,-2.53117027337879e-10,-2.00510896775086e-09
3.01777482032776,-3.73138201642344e-20,-2.1241758352275e-10,-1.68434455272148e-09
3.01999688148499,4.57872580264231e-20,2.50512891680765e-11,2.14529255471163e-10
3.02221918106079,-8.51224184176401e-21,-2.53116166915035e-10,-2.0051020843681e-09
3.0244414806366,-3.73167605328181e-20,-2.1241859660126e-10,-1.68435265734956e-09
3.02666354179382,4.57867636567601e-20,2.5051433150125e-11,2.14530393449763e-10
3.02888584136963,-8.51314576276543e-21,-2.53115306492191e-10,-2.00509520098535e-09
3.03110814094543,-3.73167702263409e-20,-2.1241960967977e-10,-1.68436076197764e-09
3.03333020210266,4.57866699527063e-20,2.5051578866897e-11,2.14531531428364e-10
3.03555250167847,-8.51329924354315e-21,-2.53114446069347e-10,-2.0050883176026e-09
3.03777480125427,-3.73158170299319e-20,-2.1242062275828e-10,-1.68436875558342e-09
3.0399968624115,4.57848411080708e-20,2.50517228489455e-11,2.14532683284752e-10
3.0422191619873,-8.5129632014193e-21,-2.53113585646503e-10,-2.00508143421985e-09
3.04444146156311,-3.73176781863102e-20,-2.1242163583679e-10,-1.6843768602115e-09
3.04666352272034,4.57881950669607e-20,2.50518685657175e-11,2.14533821263352e-10
3.04888582229614,-8.51207058952782e-21,-2.53112725223659e-10,-2.00507455083709e-09
3.05110812187195,-3.73174843158541e-20,-2.124226489153e-10,-1.68438496483958e-09
3.05333018302917,4.57862014324375e-20,2.5052012547766e-11,2.14534959241952e-10
3.05555248260498,-8.51257384492003e-21,-2.5311189255639e-10,-2.00506766745434e-09
3.05777478218079,-3.73166571352416e-20,-2.1242366199381e-10,-1.68439295844536e-09
3.05999684333801,4.57816713261141e-20,2.5052158264538e-11,2.1453611109834e-10
3.06221914291382,-8.51351330883839e-21,-2.53111032133546e-10,-2.00506078407159e-09
3.06444144248962,-3.73180433090024e-20,-2.1242467507232e-10,-1.68440106307344e-09
3.06666350364685,4.57842013355657e-20,2.50523022465865e-11,2.1453724907694e-10
3.06888580322266,-8.51104549949137e-21,-2.53110171710702e-10,-2.00505390068884e-09
3.07110810279846,-3.73200466370485e-20,-2.1242568815083e-10,-1.68440916770152e-09
3.07333016395569,4.57837198905998e-20,2.50524479633585e-11,2.14538387055541e-10
3.07555246353149,-8.51218610400789e-21,-2.53109311287858e-10,-2.00504701730608e-09
3.0777747631073,-3.73167379145983e-20,-2.12426687351552e-10,-1.6844172723296e-09
3.07999682426453,4.57870092260044e-20,2.5052591945407e-11,2.14539538911929e-10
3.08221912384033,-8.51136134677604e-21,-2.53108450865014e-10,-2.00504013392333e-09
3.08444142341614,-3.73184407434374e-20,-2.12427700430062e-10,-1.68442526593537e-09
3.08666348457336,4.57838976051846e-20,2.5052737662179e-11,2.14540676890529e-10
3.08888578414917,-8.51123694656673e-21,-2.5310759044217e-10,-2.00503325054058e-09
3.09110808372498,-3.73171159619876e-20,-2.12428713508572e-10,-1.68443337056345e-09
3.0933301448822,4.5780886150767e-20,2.5052883378951e-11,2.14541814869129e-10
3.09555244445801,-8.51101076436799e-21,-2.53106730019326e-10,-2.00502658920243e-09
3.09777474403381,-3.7319099902988e-20,-2.12429726587082e-10,-1.68444147519153e-09
3.09999680519104,4.57830898116176e-20,2.50530273609995e-11,2.14542952847729e-10
3.10221910476685,-8.51112385546736e-21,-2.53105869596482e-10,-2.00501970581968e-09
3.10444140434265,-3.73179205243803e-20,-2.12430739665592e-10,-1.68444946879731e-09
3.10666346549988,4.57853322465595e-20,2.50531730777714e-11,2.14544104704117e-10
3.10888576507568,-8.50995336258885e-21,-2.53105009173638e-10,-2.00501282243692e-09
3.11110806465149,-3.73196330467422e-20,-2.12431752744102e-10,-1.68445757342539e-09
3.11333012580872,4.57839525351471e-20,2.50533170598199e-11,2.14545242682718e-10
3.11555242538452,-8.50991458849764e-21,-2.53104148750793e-10,-2.00500593905417e-09
3.11777472496033,-3.73219982663062e-20,-2.12432765822612e-10,-1.68446567805347e-09
3.11999678611755,4.57809443119038e-20,2.50534627765919e-11,2.14546380661318e-10
3.12221908569336,-8.51088070960371e-21,-2.53103288327949e-10,-2.00499905567142e-09
3.12444138526917,-3.73223181525587e-20,-2.12433778901122e-10,-1.68447378268155e-09
3.12666344642639,4.57825243561207e-20,2.50536067586404e-11,2.14547518639918e-10
3.1288857460022,-8.51063594815292e-21,-2.53102427905105e-10,-2.00499217228867e-09
3.131108045578,-3.73227834416533e-20,-2.12434791979632e-10,-1.68448177628733e-09
3.13333010673523,4.57819815188438e-20,2.50537524754124e-11,2.14548670496306e-10
3.13555240631104,-8.51076519512364e-21,-2.53101567482261e-10,-2.00498528890591e-09
3.13777470588684,-3.7324951559587e-20,-2.12435805058142e-10,-1.68448988091541e-09
3.13999676704407,4.57813223592931e-20,2.50538964574609e-11,2.14549808474906e-10
3.14221906661987,-8.51146393655904e-21,-2.53100707059417e-10,-2.00497840552316e-09
3.14444136619568,-3.7324227776551e-20,-2.12436818136652e-10,-1.68449798554349e-09
3.14666342735291,4.5781018628912e-20,2.50540421742329e-11,2.14550946453507e-10
3.14888572692871,-8.51116262955857e-21,-2.53099846636573e-10,-2.00497152214041e-09
3.15110802650452,-3.73222696849447e-20,-2.12437817337374e-10,-1.68450597914926e-09
3.15333008766174,4.57801720612538e-20,2.50541861562814e-11,2.14552084432107e-10
3.15555238723755,-8.51089524988791e-21,-2.53098986213729e-10,-2.00496463875766e-09
3.15777468681335,-3.73229320756696e-20,-2.12438830415884e-10,-1.68451408377734e-09
3.15999674797058,4.57813417463387e-20,2.50543301383299e-11,2.14553236288495e-10
3.16221904754639,-8.51150028726956e-21,-2.53098125790885e-10,-2.0049577553749e-09
3.16444134712219,-3.73246639850771e-20,-2.12439843494394e-10,-1.68452218840542e-09
3.16666340827942,4.57787923498415e-20,2.50544758551019e-11,2.14554374267095e-10
3.16888570785522,-8.51123613877316e-21,-2.53097265368041e-10,-2.00495087199215e-09
3.17110800743103,-3.73221145885798e-20,-2.12440856572904e-10,-1.6845302930335e-09
3.17333006858826,4.57792317895419e-20,2.50546198371504e-11,2.14555512245695e-10
3.17555236816406,-8.50939921620193e-21,-2.53096432700772e-10,-2.0049439886094e-09
3.17777466773987,-3.73228060598732e-20,-2.12441869651414e-10,-1.68453828663928e-09
3.17999672889709,4.57793804235582e-20,2.50547655539224e-11,2.14556650224296e-10
3.1822190284729,-8.50869482021155e-21,-2.53095572277928e-10,-2.00493710522665e-09
3.18444132804871,-3.73230807096859e-20,-2.12442882729924e-10,-1.68454639126736e-09
3.18666338920593,4.57813772892557e-20,2.50549095359709e-11,2.14557802080684e-10
3.18888568878174,-8.50858334469931e-21,-2.53094711855084e-10,-2.0049304438885e-09
3.19110798835754,-3.7325145430043e-20,-2.12443895808434e-10,-1.68455449589544e-09
3.19333004951477,4.57788117368871e-20,2.50550552527429e-11,2.14558940059284e-10
3.19555234909058,-8.50883214511793e-21,-2.5309385143224e-10,-2.00492356050574e-09
3.19777464866638,-3.73252972952336e-20,-2.12444908886944e-10,-1.68456248950122e-09
3.19999670982361,4.5778763269273e-20,2.50551992347914e-11,2.14560078037884e-10
3.20221900939941,-8.50801627361532e-21,-2.53092991009396e-10,-2.00491667712299e-09
3.20444130897522,-3.73262860345596e-20,-2.12445921965454e-10,-1.6845705941293e-09
3.20666337013245,4.57809216936839e-20,2.50553449515634e-11,2.14561216016484e-10
3.20888566970825,-8.5079799229048e-21,-2.53092130586552e-10,-2.00490979374024e-09
3.21110796928406,-3.73266802378202e-20,-2.12446935043964e-10,-1.68457869875738e-09
3.21333003044128,4.57824532702869e-20,2.50554889336119e-11,2.14562353995085e-10
3.21555233001709,-8.50775535629319e-21,-2.53091270163708e-10,-2.00490291035749e-09
3.2177746295929,-3.73240629866633e-20,-2.12447934244686e-10,-1.68458680338546e-09
3.21999669075012,4.57797067721592e-20,2.50556346503839e-11,2.14563505851473e-10
3.22221899032593,-8.50714870332442e-21,-2.53090409740864e-10,-2.00489602697473e-09
3.22444128990173,-3.73250032583752e-20,-2.12448947323196e-10,-1.68459479699123e-09
3.22666335105896,4.57799200296609e-20,2.50557786324324e-11,2.14564643830073e-10
3.22888565063477,-8.50665110248718e-21,-2.5308954931802e-10,-2.00488914359198e-09
3.23110795021057,-3.73256268750089e-20,-2.12449960401706e-10,-1.68460290161931e-09
3.2333300113678,4.57818910459643e-20,2.50559243492043e-11,2.14565781808673e-10
3.2355523109436,-8.50737326993603e-21,-2.53088688895176e-10,-2.00488226020923e-09
3.23777461051941,-3.73250711130349e-20,-2.12450973480216e-10,-1.68461100624739e-09
3.23999667167664,4.57795096705289e-20,2.50560683312528e-11,2.14566919787273e-10
3.24221897125244,-8.50696533418472e-21,-2.53087828472331e-10,-2.00487537682648e-09
3.24444127082825,-3.73242471635966e-20,-2.12451986558726e-10,-1.68461899985317e-09
3.24666333198547,4.57783173672241e-20,2.50562123133014e-11,2.14568057765874e-10
3.24888563156128,-8.5073054152764e-21,-2.53086968049487e-10,-2.00486849344372e-09
3.25110793113708,-3.73255687138721e-20,-2.12452999637236e-10,-1.68462710448125e-09
3.25332999229431,4.57761847922074e-20,2.50563580300733e-11,2.14569209622262e-10
3.25555229187012,-8.50524069491929e-21,-2.53086107626643e-10,-2.00486161006097e-09
3.25777459144592,-3.7327908084042e-20,-2.12454012715746e-10,-1.68463520910933e-09
3.25999665260315,4.57771638380105e-20,2.50565020121218e-11,2.14570347600862e-10
3.26221895217896,-8.50558400718524e-21,-2.53085247203799e-10,-2.00485472667822e-09
3.26444125175476,-3.73270001240727e-20,-2.12455025794256e-10,-1.68464331373741e-09
3.26666331291199,4.57788149680613e-20,2.50566477288938e-11,2.14571485579462e-10
3.26888561248779,-8.50568336579398e-21,-2.53084386780955e-10,-2.00484784329547e-09
3.2711079120636,-3.73291036185211e-20,-2.12456038872766e-10,-1.68465130734319e-09
3.27332997322083,4.57791413166624e-20,2.50567917109423e-11,2.14572623558063e-10
3.27555227279663,-8.50656143740125e-21,-2.53083526358111e-10,-2.00484095991271e-09
3.27777457237244,-3.73304090129253e-20,-2.12457051951276e-10,-1.68465941197127e-09
3.27999663352966,4.57779748627517e-20,2.50569356929908e-11,2.14573761536663e-10
3.28221893310547,-8.506425728082e-21,-2.53082665935267e-10,-2.00483429857456e-09
3.28444123268127,-3.7327811148814e-20,-2.12458051151998e-10,-1.68466751659935e-09
3.2866632938385,4.57796873851136e-20,2.50570814097628e-11,2.14574899515263e-10
3.28888559341431,-8.50656224519481e-21,-2.53081805512423e-10,-2.00482741519181e-09
3.29110789299011,-3.73246478292058e-20,-2.12459064230508e-10,-1.68467551020512e-09
3.29332995414734,4.57774740307402e-20,2.50572253918113e-11,2.14576051371651e-10
3.29555225372314,-8.5054749550537e-21,-2.53080972845154e-10,-2.00482053180906e-09
3.29777455329895,-3.73274654131673e-20,-2.12460077309018e-10,-1.6846836148332e-09
3.29999661445618,4.5776071701108e-20,2.50573711085833e-11,2.14577189350251e-10
3.30221891403198,-8.50503874652755e-21,-2.5308011242231e-10,-2.00481364842631e-09
3.30444121360779,-3.73301085137183e-20,-2.12461090387528e-10,-1.68469171946128e-09
3.30666327476501,4.57774223319519e-20,2.50575150906318e-11,2.14578327328852e-10
3.30888557434082,-8.50536105616076e-21,-2.53079251999466e-10,-2.00480676504355e-09
3.31110787391663,-3.73303799323568e-20,-2.12462103466038e-10,-1.68469982408936e-09
3.31332993507385,4.57751637411387e-20,2.50576590726803e-11,2.14579465307452e-10
3.31555223464966,-8.50740638947227e-21,-2.53078391576622e-10,-2.0047998816608e-09
3.31777453422546,-3.73308872267169e-20,-2.12463116544548e-10,-1.68470781769514e-09
3.31999659538269,4.57745045815881e-20,2.50578047894523e-11,2.14580603286052e-10
3.3222188949585,-8.50667129732635e-21,-2.53077531153778e-10,-2.00479299827805e-09
3.3244411945343,-3.73297272351547e-20,-2.12464129623058e-10,-1.68471592232322e-09
3.32666325569153,4.57736450892329e-20,2.50579487715008e-11,2.14581741264652e-10
3.32888555526733,-8.50522373125438e-21,-2.53076670730934e-10,-2.0047861148953e-09
3.33110785484314,-3.73311004842186e-20,-2.12465142701568e-10,-1.6847240269513e-09
3.33332991600037,4.46714075359604e-20,2.50580944882728e-11,2.1458289312104e-10
