Time,U1,U2,U3
0.0,0.0,0.0,0.0
0.000606061017606407,-3.8416677901018e-22,-2.42533805538958e-11,-1.85924067808152e-10
0.00121212203521281,2.17054656504294e-21,-5.98565728232581e-12,-6.01943564437768e-11
0.00181818299461156,-8.36382895893484e-22,9.84672304631118e-13,1.51337171960808e-11
0.00242424407042563,-2.96149177961506e-21,-3.66848600108494e-11,-2.78349232551989e-10
0.00303030502982438,3.35895569901784e-21,7.95338100934018e-12,4.10886220880702e-11
0.00363636598922312,-1.66890090346591e-21,-6.49214460402697e-13,2.84046657722525e-12
0.00424242718145251,-5.11427395437889e-21,-4.76205463950663e-11,-3.56722235084206e-10
0.00484848814085126,8.14957322636066e-21,1.92750260197272e-11,1.23480684011135e-10
0.00545454910025001,-6.55426534606943e-22,-8.14211599618059e-13,-1.44351913235197e-12
0.00606061005964875,-8.50667129732635e-21,-5.83527184905286e-11,-4.28985902356516e-10
0.0066666710190475,9.99720390912002e-21,3.0229783953839e-11,1.96864233248384e-10
0.00727273197844625,2.29124208159336e-23,-2.23635866769545e-12,-7.01781948525548e-12
0.00787879340350628,-1.00674569078438e-20,-6.59902757438324e-11,-4.87647366931299e-10
0.00848485436290503,1.4680896831232e-20,3.77521625072319e-11,2.5451335483595e-10
0.00909091532230377,1.9189178591972e-21,-1.55976479562087e-12,-6.18141432137675e-12
0.00969697628170252,-1.48484542196494e-20,-7.41135208759403e-11,-5.41743816473428e-10
0.0103030372411013,1.23885709431073e-20,4.53312422321606e-11,3.05276554035672e-10
0.0109090982005,3.60808791884493e-21,-1.8192901612285e-12,-5.60440019045649e-12
0.0115151591598988,-1.15043722216314e-20,-8.02996627524699e-11,-5.87452420042212e-10
0.0121212201192975,1.27353349109711e-20,5.10545702936405e-11,3.47138262579705e-10
0.0127272810786963,-2.24563037124542e-21,-1.42846845463396e-12,-3.57499056399813e-12
0.013333342038095,-1.27234797325826e-20,-8.58608323328625e-11,-6.26633467337712e-10
0.0139394029974937,1.80766041083201e-20,5.58348679791099e-11,3.8121164558369e-10
0.0145454639568925,-2.42576692303571e-21,-7.48239035834597e-13,7.07278907750158e-13
0.0151515249162912,-1.70177289137212e-20,-9.09922137637409e-11,-6.62178145649506e-10
0.0157575868070126,1.9266013896576e-20,6.02545721650749e-11,4.11470746364273e-10
0.0163636468350887,-1.14559794294937e-22,-5.43873865214983e-13,3.41710644155557e-12
0.0169697087258101,-1.89967165239889e-20,-9.48318090721045e-11,-6.90788037882584e-10
0.0175757687538862,1.74091856762634e-20,6.33006078110121e-11,4.34523361736439e-10
0.0181818306446075,1.0394129232162e-21,4.28024044159259e-13,8.83166196424812e-12
0.0187878906726837,-1.75383227870497e-20,-9.88317414019058e-11,-7.17687409501622e-10
0.019393952563405,1.65100742777481e-20,6.64995003507585e-11,4.55784465724918e-10
0.0200000125914812,-1.01784988368853e-21,7.10705420296082e-13,1.21935734079259e-11
0.0206060744822025,-1.58403843301812e-20,-1.01651943806846e-10,-7.38959504698045e-10
0.0212121345102787,1.96225045067794e-20,6.85702258862442e-11,4.71644667765503e-10
0.021818196401,-3.3641403200789e-21,1.5986725832029e-12,1.74195675245459e-11
0.0224242564290762,-1.87388041939342e-20,-1.04597705496978e-10,-7.58886509188983e-10
0.0230303183197975,2.18560472570374e-20,7.0747234459656e-11,4.86228057816618e-10
0.0236363783478737,-2.2443576924807e-21,2.01175491196248e-12,2.10987928517259e-11
0.024242440238595,-2.08803828777697e-20,-1.06753605955134e-10,-7.74825315019712e-10
0.0248485002666712,2.14525285209536e-20,7.22176762835147e-11,4.97213603622981e-10
0.0254545621573925,-3.49203327731081e-22,2.72705491001501e-12,2.56974181517267e-11
0.0260606221854687,-2.00688104525172e-20,-1.08868941639528e-10,-7.89427134773035e-10
0.02666668407619,1.96785427621056e-20,7.36537150713978e-11,5.07063502297456e-10
0.0272727441042662,-1.89197350087492e-21,3.19780291656302e-12,2.93138464890763e-11
0.0278788059949875,-1.79798352857613e-20,-1.10517185680781e-10,-8.01347543877284e-10
0.0284848678857088,2.14594561585837e-20,7.46944173179998e-11,5.14638165416414e-10
0.029090927913785,-4.069413170373e-21,3.77253827135715e-12,3.32241907596842e-11
0.0296969898045063,-1.90593043695559e-20,-1.12041854960498e-10,-8.12016121010117e-10
0.0303030498325825,2.41315936571895e-20,7.56443033211873e-11,5.21245990814379e-10
0.0309091117233038,-3.19271723554687e-21,4.21712578052569e-12,3.64954316767196e-11
0.0315151736140251,-2.13435684778824e-20,-1.1327146165474e-10,-8.20848999882884e-10
0.0321212336421013,2.34937388540959e-20,7.63531182723654e-11,5.26383880927739e-10
0.0327272936701775,-1.3403283457556e-21,4.69761382571043e-12,3.97907123916852e-11
0.0333333536982536,-2.05877838919504e-20,-1.14389796246339e-10,-8.2866519202085e-10
0.0339394174516201,2.16989330238535e-20,7.69949867751585e-11,5.30817834132336e-10
0.0345454774796963,-2.58716771278263e-21,5.07343386052517e-12,4.25773548362596e-11
0.0351515375077724,-1.88340705204585e-20,-1.15284774782065e-10,-8.35136793053692e-10
0.0357575975358486,2.29891005193018e-20,7.74580538598357e-11,5.34229216420101e-10
0.0363636612892151,-4.4030864395876e-21,5.47937736850024e-12,4.53269956290914e-11
0.0369697213172913,-1.97239811502463e-20,-1.16111113779294e-10,-8.40867375728749e-10
0.0375757813453674,2.48332237623935e-20,7.78937261913804e-11,5.37190458782533e-10
0.0381818413734436,-3.95712865287712e-21,5.7862629618266e-12,4.76292651152566e-11
0.0387879051268101,-2.14549195899117e-20,-1.16758935853056e-10,-8.45583714159659e-10
0.0393939651548862,2.44483909071002e-20,7.8192195773763e-11,5.39424560574986e-10
0.0400000251829624,-2.54635232722554e-21,6.11841783834666e-12,4.98731125841978e-11
0.0406060852110386,-2.10137334398012e-20,-1.17362550233757e-10,-8.49759429488728e-10
0.0412121489644051,2.31402079995219e-20,7.84797296593531e-11,5.41365952066997e-10
0.0418182089924812,-3.10835430464087e-21,6.37113365536957e-12,5.17552459222692e-11
0.0424242690205574,-1.9590307470788e-20,-1.17835796675791e-10,-8.53197679173689e-10
0.0430303327739239,2.36981623253216e-20,7.86742060387979e-11,5.42819567073138e-10
0.043636392802,-4.68013136027534e-21,6.63278373197462e-12,5.35439401150306e-11
0.0442424528300762,-2.00142036073916e-20,-1.18269699589391e-10,-8.56215209843469e-10
0.0448485128581524,2.52624416430161e-20,7.88565809872743e-11,5.44060241303157e-10
0.0454545766115189,-4.42305267318181e-21,6.84110190371512e-12,5.50675303967463e-11
0.046060636639595,-2.14290217281554e-20,-1.18617005107069e-10,-8.58718707252848e-10
0.0466666966676712,2.50404389681865e-20,7.89831949843389e-11,5.44993605799959e-10
0.0472727566957474,-3.19631171497139e-21,7.04383123009689e-12,5.64743113384836e-11
0.0478788204491138,-2.11158611648831e-20,-1.1892688223103e-10,-8.60889359799444e-10
0.04848488047719,2.39094536574535e-20,7.90957369045664e-11,5.45768263915392e-10
0.0490909405052662,-3.60604096994629e-21,7.21217703614219e-12,5.76887183856289e-11
0.0496970005333424,-1.99786186851805e-20,-1.19179957569493e-10,-8.62702242976354e-10
0.0503030642867088,2.42839419083284e-20,7.9175631328976e-11,5.46351019981017e-10
0.050909124314785,-4.77275781742281e-21,7.36927532885012e-12,5.87882936775586e-11
0.0515151843428612,-2.02185963824618e-20,-1.19401585840784e-10,-8.64260885080625e-10
0.0521212443709373,2.54361689586979e-20,7.92438822894148e-11,5.46823086811088e-10
0.0527273081243038,-4.62195002861604e-21,7.5021586165569e-12,5.97416838221676e-11
0.05333336815238,-2.12494734520303e-20,-1.19584050994881e-10,-8.65565119578804e-10
0.0539394281804562,2.53184718204066e-20,7.92918092296091e-11,5.47172696041542e-10
0.0545454882085323,-3.70531677984007e-21,7.62391278580354e-12,6.05959865618289e-11
0.0551515519618988,-2.11041966257764e-20,-1.19742674109524e-10,-8.66681393318913e-10
0.055757611989975,2.44590085457442e-20,7.93320339975701e-11,5.47449807708489e-10
0.0563636720180511,-3.87407656898188e-21,7.72721123198927e-12,6.13362832746489e-11
0.0569697357714176,-2.02306357377836e-20,-1.19873250215008e-10,-8.67614813326867e-10
0.0575757957994938,2.46054195141661e-20,7.93590679282197e-11,5.47648537629897e-10
0.05818185582757,-4.76632778062992e-21,7.82103895535791e-12,6.19950479840981e-11
0.0587879158556461,-2.03095474757514e-20,-1.19986395819005e-10,-8.68411065280128e-10
0.0593939796090126,2.54672140810627e-20,7.93814389221659e-11,5.47801359829236e-10
0.0600000396370888,-4.74040164609878e-21,7.90066536499046e-12,6.25651752628187e-11
0.0606060996651649,-2.10948342983355e-20,-1.20079460264044e-10,-8.6907614438303e-10
0.0612121596932411,2.54610490005598e-20,7.93953930378066e-11,5.47905110170888e-10
0.0618182234466076,-4.02830253626719e-21,7.97236929250822e-12,6.30693136605132e-11
0.0624242834746838,-2.107805642595e-20,-1.20159715510937e-10,-8.69641358924866e-10
0.0630303472280502,2.47796783580149e-20,7.94065160847346e-11,5.47980438803108e-10
0.0636364072561264,-4.06461770386283e-21,8.0333812518818e-12,6.35052496700261e-11
0.0642424672842026,-2.03997150092811e-20,-1.20225829292053e-10,-8.70113148199181e-10
0.0648485273122787,2.48038636974092e-20,7.94125737391127e-11,5.48026124480572e-10
0.0654545873403549,-4.73433269303031e-21,8.08773274046937e-12,6.38883251857791e-11
0.0660606473684311,-2.03818013791405e-20,-1.20282395155158e-10,-8.70512273376534e-10
0.0666667073965073,2.54491033492918e-20,7.94168550366514e-11,5.48054657212305e-10
0.0672727674245834,-4.78454150608064e-21,8.13419991085862e-12,6.42194422639797e-11
0.0678788349032402,-2.09801486144618e-20,-1.20329149422282e-10,-8.7084528477277e-10
0.0684848949313164,2.55048475677596e-20,7.94183191432651e-11,5.48066314554063e-10
0.0690909549593925,-4.23817295951481e-21,8.17512377238039e-12,6.45085998507433e-11
0.0696970149874687,-2.10241572079891e-20,-1.20368798262049e-10,-8.71125616086488e-10
0.0703030750155449,2.49860340714527e-20,7.94186660879603e-11,5.48068035399751e-10
0.0709091350436211,-4.19985729115063e-21,8.21025799430108e-12,6.47584208479657e-11
0.0715151950716972,-2.05163442444768e-20,-1.20401674741366e-10,-8.71359373544323e-10
0.072121262550354,2.49396505648386e-20,7.94175697427235e-11,5.48060874461243e-10
0.0727273225784302,-4.69783779136602e-21,8.24091836437724e-12,6.4975393121447e-11
0.0733333826065063,-2.04508790382243e-20,-1.20429347050255e-10,-8.71555216885866e-10
0.0739394426345825,2.54114957119891e-20,7.9415876652611e-11,5.48048550985669e-10
0.0745455026626587,-4.78141938394439e-21,8.26726621189211e-12,6.5162555906717e-11
0.0751515626907349,-2.08871634969706e-20,-1.20452273155713e-10,-8.71718197625881e-10
0.075757622718811,2.54992867168448e-20,7.94135035508958e-11,5.48032064173753e-10
0.0763636827468872,-4.37448368107238e-21,8.29013073466722e-12,6.53244333626013e-11
0.076969750225544,-2.09689639047339e-20,-1.20471480014039e-10,-8.71854199946398e-10
0.0775758102536201,2.51130919215977e-20,7.94109084045758e-11,5.48013467938091e-10
0.0781818702816963,-4.29835358025231e-21,8.30973484466924e-12,6.54636692076771e-11
0.0787879303097725,-2.05937583331715e-20,-1.20487356203292e-10,-8.719669986057e-10
0.0793939903378487,2.50356746017287e-20,7.94080426413935e-11,5.47993372901345e-10
0.0800000503659248,-4.66226942892303e-21,8.32668396039127e-12,6.55836704388513e-11
0.080606110394001,-2.05027975463591e-20,-1.2050059561286e-10,-8.7206075694013e-10
0.0812121704220772,2.53804021220102e-20,7.94051976948928e-11,5.47973111331146e-10
0.0818182379007339,-4.7597664773824e-21,8.34116976877741e-12,6.56865464798706e-11
0.0824242979288101,-2.08231393944416e-20,-1.20511489676289e-10,-8.72138250507248e-10
0.0830303579568863,2.5478644360035e-20,7.94023180539227e-11,5.47952905272098e-10
0.0836364179849625,-4.4618057617625e-21,8.35364069584621e-12,6.57748577825856e-11
0.0842424780130386,-2.09175042233451e-20,-1.2052053799394e-10,-8.72202310375769e-10
0.0848485380411148,2.519531561319e-20,7.93995771908307e-11,5.47933420858016e-10
0.085454598069191,-4.37141810448582e-21,8.36426847922178e-12,6.58503043760028e-11
0.0860606655478477,-2.06443310572238e-20,-1.20527948732629e-10,-8.72255045969439e-10
0.0866667255759239,2.51033450844189e-20,7.93969404111472e-11,5.47914880133504e-10
0.0872727856040001,-4.63336576730412e-21,8.37336710385328e-12,6.59147667003701e-11
0.0878788456320763,-2.05460338892363e-20,-1.20534054959265e-10,-8.72298344667399e-10
0.0884849056601524,2.53538967994915e-20,7.93944909815991e-11,5.47897505143169e-10
0.0890909656882286,-4.73435409955983e-21,8.38109789902397e-12,6.59696186566805e-11
0.0896970257163048,-2.07782745397334e-20,-1.20539037085088e-10,-8.72333760781885e-10
0.090303085744381,2.54535995282854e-20,7.93922080855047e-11,5.47881406909312e-10
0.0909091532230377,-4.51693444153231e-21,8.38767510308314e-12,6.6016227207033e-11
0.0915152132511139,-2.08751112169518e-20,-1.20543117154703e-10,-8.72362682091676e-10
0.0921212732791901,2.52493311534246e-20,7.93901264173336e-11,5.47866640943084e-10
0.0927273333072662,-4.42378816922452e-21,8.39323836127059e-12,6.60556886966646e-11
0.0933333933353424,-2.06769239120629e-20,-1.20546420068202e-10,-8.72386163308647e-10
0.0939394533634186,2.51559776820669e-20,7.93882251604039e-11,5.47853262755638e-10
0.0945455133914948,-4.61254892708391e-21,8.39793859452875e-12,6.60890023262972e-11
0.0951515734195709,-2.05829435928973e-20,-1.20549084603461e-10,-8.72405148122368e-10
0.0957576408982277,2.53328101562199e-20,7.93865251313974e-11,5.4784121683582e-10
0.0963637009263039,-4.70657892555395e-21,8.40188769252181e-12,6.61170146409873e-11
0.09696976095438,-2.07466187254319e-20,-1.20551221782783e-10,-8.72420358177806e-10
0.0975758209824562,2.5426131315835e-20,7.93849985747386e-11,5.47830503183633e-10
0.0981818810105324,-4.5532459740569e-21,8.40519667755224e-12,6.61404611634886e-11
0.0987879410386086,-2.08377507644805e-20,-1.20552928750683e-10,-8.72432515119925e-10
0.0993940010666847,2.52827915785546e-20,7.93836524293212e-11,5.47820955265621e-10
0.100000068545341,-4.46831698180887e-21,8.40794968370862e-12,6.61599872109342e-11
0.100606128573418,-2.06998377843829e-20,-1.20554274896101e-10,-8.72442174060239e-10
0.101212188601494,2.51984078469643e-20,7.93824658784636e-11,5.47812628592936e-10
0.10181824862957,-4.595117145806e-21,8.41023084507952e-12,6.61761548337303e-11
0.102424308657646,-2.06160195082894e-20,-1.20555329607974e-10,-8.72449668065656e-10
0.103030368685722,2.53165735055243e-20,7.9381431983272e-11,5.47805356632125e-10
0.103636428713799,-4.67910021178714e-21,8.4121026117101e-12,6.61894219988746e-11
0.104242488741875,-2.0726903715637e-20,-1.20556148397455e-10,-8.72455496736535e-10
0.104848556220531,2.53993674993749e-20,7.93805368659584e-11,5.47799083872036e-10
0.105454616248608,-4.57714818180606e-21,8.41362656628375e-12,6.62002258566829e-11
0.106060676276684,-2.08066862550701e-20,-1.20556759020118e-10,-8.72459882117482e-10
0.10666673630476,2.53020251433836e-20,7.93797735876289e-11,5.47793699290366e-10
0.107272796332836,-4.49784183668075e-21,8.41485128105779e-12,6.62089064129567e-11
0.107878856360912,-2.07142762865985e-20,-1.20557216987116e-10,-8.72463157275405e-10
0.108484916388988,2.52244301089299e-20,7.93791282704959e-11,5.47789202887117e-10
0.109090976417065,-4.58579278466274e-21,8.41582099148086e-12,6.62157759179216e-11
0.109697043895721,-2.0639471371125e-20,-1.20557536176236e-10,-8.72465488743757e-10
0.110303103923798,2.53062741375458e-20,7.93785939756653e-11,5.47785428128833e-10
0.110909163951874,-4.66217572486926e-21,8.41657212674596e-12,6.62210980495459e-11
0.11151522397995,-2.07156123771583e-20,-1.20557744343053e-10,-8.72467043055991e-10
0.112121284008026,2.53789577871125e-20,7.93781498864554e-11,5.47782375015515e-10
0.112727344036102,-4.58990849288633e-21,8.41713764659913e-12,6.62251017913285e-11
0.113333404064178,-2.07837142216132e-20,-1.20557869243143e-10,-8.72467986745562e-10
0.113939471542835,2.53125070727083e-20,7.93777960028663e-11,5.47779932524861e-10
0.114545531570911,-4.52277761629882e-21,8.41754357189251e-12,6.62279744934047e-11
0.115151591598988,-2.07246338157139e-20,-1.20557938632082e-10,-8.72468486345923e-10
0.115757651627064,2.52467833725144e-20,7.93775253860041e-11,5.47778045145719e-10
0.11636371165514,-4.57964507172149e-21,8.4178150561165e-12,6.62298896281222e-11
0.116969771683216,-2.06580587011005e-20,-1.20557938632082e-10,-8.72468541857074e-10
0.117575831711292,2.53018086547077e-20,7.93773172191869e-11,5.47776657366938e-10
0.118181891739368,-4.64418979720442e-21,8.4179703138676e-12,6.62309929122529e-11
0.118787959218025,-2.07105507426678e-20,-1.20557896998719e-10,-8.72468319812469e-10
0.119394019246101,2.53613769679214e-20,7.9377171502415e-11,5.47775658166216e-10
0.120000079274178,-4.59746338222119e-21,8.41802929446578e-12,6.62314023069932e-11
0.120606139302254,-2.07680963407899e-20,-1.20557813731992e-10,-8.72467820212108e-10
0.12121219933033,2.53193280815876e-20,7.93770882356881e-11,5.47775103054704e-10
0.121818259358406,-4.54054301631989e-21,8.41800414097538e-12,6.62312149568578e-11
0.122424319386482,-2.07268197051061e-20,-1.20557716587477e-10,-8.72467098567142e-10
0.123030379414558,2.52640539989757e-20,7.93770466023247e-11,5.47774881010099e-10
0.123636446893215,-4.5786207894786e-21,8.4179087311842e-12,6.62305349452552e-11
0.124242506921291,-2.06718251190684e-20,-1.20557591687387e-10,-8.72466265899874e-10
0.124848566949368,2.52993206505215e-20,7.93770535412186e-11,5.47774992032402e-10
0.125454634428024,-4.63116291424706e-21,8.4177534734331e-12,6.62294316611245e-11
0.1260606944561,-2.07071434694024e-20,-1.20557452909509e-10,-8.72465322210303e-10
0.126666754484177,2.53471953440601e-20,7.9377095174582e-11,5.47775325099309e-10
0.127272814512253,-4.60086702041552e-21,8.4175479087012e-12,6.62279675545108e-11
0.127878874540329,-2.07515284947318e-20,-1.20557300253843e-10,-8.7246426749843e-10
0.128484934568405,2.53197869083336e-20,7.9377171502415e-11,5.47775935721972e-10
0.129090994596481,-4.55794733261653e-21,8.41729897588239e-12,6.62261981365653e-11
0.129697054624557,-2.07265692891003e-20,-1.20557133720389e-10,-8.72463157275405e-10
0.130303114652634,2.52782533942955e-20,7.93772825247174e-11,5.47776768389241e-10
0.13090917468071,-4.58106355722505e-21,8.41701448123233e-12,6.62241719795453e-11
0.131515234708786,-2.06873202152695e-20,-1.20556953309148e-10,-8.72461991541229e-10
0.132121294736862,2.53015937816189e-20,7.93774143637016e-11,5.47777767589963e-10
0.132727354764938,-4.61919827983023e-21,8.41669962892144e-12,6.62219376557083e-11
0.133333414793015,-2.0707489205049e-20,-1.20556786775694e-10,-8.72460825807053e-10
0.133939474821091,2.53368539708161e-20,7.93775670193675e-11,5.47778933324139e-10
0.134545534849167,-4.6016885464731e-21,8.41635875575841e-12,6.62195090428419e-11
0.135151609778404,-2.07431872183595e-20,-1.20556606364453e-10,-8.72459604561726e-10
0.13575766980648,2.53194201700542e-20,7.93777404917151e-11,5.47780210080617e-10
0.136363729834557,-4.56815259264455e-21,8.41599706591367e-12,6.62169347132036e-11
0.136969789862633,-2.07289312774901e-20,-1.20556425953211e-10,-8.72458383316399e-10
0.137575849890709,2.52860486022166e-20,7.93779347807444e-11,5.47781653370549e-10
0.138181909918785,-4.57988013964947e-21,8.41561629411069e-12,6.62142354834749e-11
0.138787969946861,-2.06942187723312e-20,-1.2055624554197e-10,-8.72457106559921e-10
0.139394029974937,2.52989183693251e-20,7.93781429475615e-11,5.47783152171633e-10
0.140000090003014,-4.61242291128747e-21,8.41522077715817e-12,6.621141829255e-11
0.14060615003109,-2.07065489333371e-20,-1.2055605125294e-10,-8.72455885314594e-10
0.141212210059166,2.53301912894759e-20,7.93783649921664e-11,5.47784817506169e-10
0.141818270087242,-4.60098455437951e-21,8.41481224977958e-12,6.62085178348981e-11
0.142424330115318,-2.07351367476713e-20,-1.20555870841699e-10,-8.72454608558115e-10
0.143030390143394,2.53200664049078e-20,7.93785939756653e-11,5.47786482840706e-10
0.143636450171471,-4.57271339512352e-21,8.41439244669839e-12,6.62055410494133e-11
0.144242525100708,-2.07271460537071e-20,-1.20555690430457e-10,-8.72453387312788e-10
0.144848585128784,2.52942735563152e-20,7.93788368369519e-11,5.47788259197546e-10
0.14545464515686,-4.58246588685727e-21,8.41396396999983e-12,6.62024948749895e-11
0.146060705184937,-2.07018427280161e-20,-1.20555510019216e-10,-8.7245211055631e-10
0.146666765213013,2.53000573582545e-20,7.93790935760263e-11,5.47790146576688e-10
0.147272825241089,-4.6056354258412e-21,8.41352855440736e-12,6.61994001283084e-11
0.147878885269165,-2.07075441350116e-20,-1.20555329607974e-10,-8.72450889310983e-10
0.148484945297241,2.53237176318304e-20,7.93793503151008e-11,5.4779203395583e-10
0.149091005325317,-4.59941299199502e-21,8.41308619992098e-12,6.61962568093699e-11
0.149697065353394,-2.07287390226211e-20,-1.20555149196733e-10,-8.72449668065656e-10
0.15030312538147,2.53186786155598e-20,7.93796139930691e-11,5.47793921334971e-10
0.150909185409546,-4.57837845140852e-21,8.41263864126418e-12,6.61930787959619e-11
0.151515245437622,-2.07259666750994e-20,-1.20554968785491e-10,-8.72448446820329e-10
0.152121305465698,2.52973318627597e-20,7.93798846099314e-11,5.47795919736416e-10
0.152727365493774,-4.58443811485097e-21,8.41218761316043e-12,6.61898730269783e-11
0.153333440423012,-2.07034179254716e-20,-1.2055478837425e-10,-8.72447225575002e-10
0.153939500451088,2.530345332241e-20,7.93801621656876e-11,5.4779791813786e-10
0.154545560479164,-4.6017156075576e-21,8.41173224824798e-12,6.61866395024191e-11
0.15515162050724,-2.07081176684441e-20,-1.20554607963008e-10,-8.72446004329674e-10
0.155757680535316,2.53213136381752e-20,7.93804397214437e-11,5.47799972050456e-10
0.156363740563393,-4.59933059705119e-21,8.41127341388859e-12,6.61833851611782e-11
0.156969800591469,-2.07260474544561e-20,-1.20554427551767e-10,-8.72444783084347e-10
0.157575860619545,2.53183732695915e-20,7.93807242160938e-11,5.47802025963051e-10
0.158181920647621,-4.58286210960185e-21,8.41081284480572e-12,6.61801100032555e-11
0.158787980675697,-2.07226094850351e-20,-1.20554247140525e-10,-8.7244356183902e-10
0.159394040703773,2.53020671486491e-20,7.93810087107438e-11,5.47804135386798e-10
0.16000010073185,-4.58584529124459e-21,8.41035054099937e-12,6.61768209675451e-11
0.160606160759926,-2.07076992313764e-20,-1.20554080607072e-10,-8.72442396104844e-10
0.161212220788002,2.53043855161862e-20,7.93813001442878e-11,5.47806244810545e-10
0.161818280816078,-4.59914036166617e-21,8.40988563510781e-12,6.61735249929407e-11
0.162424340844154,-2.07093196652717e-20,-1.2055390019583e-10,-8.72441230370669e-10
0.163030415773392,2.53172762859276e-20,7.93815915778318e-11,5.47808354234292e-10
0.163636475801468,-4.59688621371761e-21,8.40941986185451e-12,6.61702151405485e-11
0.164242535829544,-2.07244690258263e-20,-1.20553733662376e-10,-8.72440009125341e-10
0.16484859585762,2.53136589863348e-20,7.93818830113757e-11,5.47810463658038e-10
0.165454655885696,-4.58532224490999e-21,8.40895322123947e-12,6.61668983492625e-11
0.166060715913773,-2.07195641032878e-20,-1.20553553251135e-10,-8.72438843391166e-10
0.166666775941849,2.53058524693038e-20,7.93821744449197e-11,5.47812628592936e-10
0.167272835969925,-4.58893833281242e-21,8.40848571326269e-12,6.61635746190825e-11
0.167878895998001,-2.07121420959947e-20,-1.20553386717681e-10,-8.7243767765699e-10
0.168484956026077,2.530602372154e-20,7.93824728173576e-11,5.47814793527834e-10
0.169091016054153,-4.59720811945404e-21,8.40801733792418e-12,6.61602439500086e-11
0.16969707608223,-2.07125783045208e-20,-1.2055320630644e-10,-8.72436511922814e-10
0.170303136110306,2.53155379141715e-20,7.93827711897954e-11,5.47816958462732e-10
0.170909196138382,-4.59619393463074e-21,8.40754809522393e-12,6.61569132809348e-11
0.171515256166458,-2.07218970111091e-20,-1.20553039772986e-10,-8.72435346188638e-10
0.172121331095695,2.53144570863789e-20,7.93830695622333e-11,5.4781912339763e-10
0.172727391123772,-4.5870888894409e-21,8.40707798516194e-12,6.6153575672967e-11
0.173333451151848,-2.07168935377554e-20,-1.20552873239532e-10,-8.72434180454462e-10
0.173939511179924,2.53064324650849e-20,7.93833679346712e-11,5.47821288332528e-10
0.174545571208,-4.5903685313227e-21,8.40660787509995e-12,6.61502380649992e-11
0.175151631236076,-2.07115524066908e-20,-1.20552692828291e-10,-8.72433014720286e-10
0.175757691264153,2.53075294487488e-20,7.9383666307109e-11,5.47823453267426e-10
0.176363751292229,-4.59722306363503e-21,8.40613776503796e-12,6.61468935181375e-11
0.176969811320305,-2.071375122078e-20,-1.20552526294837e-10,-8.7243184898611e-10
0.177575871348381,2.53130482943982e-20,7.93839646795469e-11,5.47825673713476e-10
0.178181931376457,-4.59662650808584e-21,8.40566678761423e-12,6.61435489712758e-11
0.178787991404533,-2.07171665719811e-20,-1.20552359761383e-10,-8.72430683251935e-10
0.17939405143261,2.5314856136401e-20,7.93842699908787e-11,5.47827838648374e-10
0.180000111460686,-4.59127447180803e-21,8.4051958101905e-12,6.61402044244142e-11
0.180606171488762,-2.07194170848586e-20,-1.2055219322793e-10,-8.7242957302891e-10
0.181212246417999,2.53078606441112e-20,7.93845683633165e-11,5.47830059094423e-10
0.181818306446075,-4.59008055291609e-21,8.40472483276677e-12,6.61368598775525e-11
0.182424366474152,-2.0715223020659e-20,-1.20552012816688e-10,-8.72428407294734e-10
0.183030426502228,2.53072741859816e-20,7.93848736746483e-11,5.47832224029321e-10
0.183636486530304,-4.59528233959044e-21,8.40425385534305e-12,6.61335153306908e-11
0.18424254655838,-2.07113908479774e-20,-1.20551846283234e-10,-8.72427241560558e-10
0.184848606586456,2.5310548981102e-20,7.93851720470862e-11,5.4783444447537e-10
0.185454666614532,-4.59773843593074e-21,8.40378287791932e-12,6.61301638449352e-11
0.186060726642609,-2.07148304329855e-20,-1.20551679749781e-10,-8.72426131337534e-10
0.186666786670685,2.5313854472378e-20,7.93854773584179e-11,5.47836664921419e-10
0.187272846698761,-4.59442971348053e-21,8.40331103313385e-12,6.61268192980735e-11
0.187878906726837,-2.07207806403996e-20,-1.20551513216327e-10,-8.72424965603358e-10
0.188484966754913,2.53092193528908e-20,7.93857826697497e-11,5.47838885367469e-10
0.18909102678299,-4.59056563295304e-21,8.40284005571013e-12,6.61234678123179e-11
0.189697086811066,-2.07165364929988e-20,-1.20551346682873e-10,-8.72423855380333e-10
0.190303146839142,2.53052837826327e-20,7.93860810421876e-11,5.47841050302367e-10
0.190909221768379,-4.59497133906716e-21,8.40236821092466e-12,6.61201232654562e-11
0.191515281796455,-2.07127366320599e-20,-1.2055118014942e-10,-8.72422689646157e-10
0.192121341824532,2.5308629663587e-20,7.93863863535194e-11,5.47843270748416e-10
0.192727401852608,-4.59910077978139e-21,8.40189723350093e-12,6.61167717797007e-11
0.193333461880684,-2.07153716546753e-20,-1.20551013615966e-10,-8.72421523911981e-10
0.19393952190876,2.53145491748456e-20,7.93866916648511e-11,5.47845491194465e-10
0.194545581936836,-4.5949313532856e-21,8.40142538871547e-12,6.61134202939451e-11
0.195151641964912,-2.0719011572488e-20,-1.20550833204724e-10,-8.72420413688957e-10
0.195757701992989,2.53120240121553e-20,7.9386990037289e-11,5.47847711640514e-10
0.196363762021065,-4.5904468872987e-21,8.40095354393e-12,6.61100757470834e-11
0.196969822049141,-2.07136607479005e-20,-1.20550666671271e-10,-8.72419247954781e-10
0.197575882077217,2.53068848294824e-20,7.93872953486208e-11,5.47849876575413e-10
0.198181942105293,-4.59336827273356e-21,8.40048256650627e-12,6.61067242613278e-11
0.198788002133369,-2.07102970954877e-20,-1.20550500137817e-10,-8.72418137731756e-10
0.199394062161446,2.53094083765855e-20,7.93876006599525e-11,5.47852097021462e-10
0.200000137090683,-4.59813223529462e-21,8.40001072172081e-12,6.61033727755722e-11
0.200606197118759,-2.07123892808261e-20,-1.20550333604363e-10,-8.72416971997581e-10
0.201212257146835,2.53143036056012e-20,7.93879059712843e-11,5.47854317467511e-10
0.201818317174911,-4.59682724478722e-21,8.39953974429708e-12,6.61000282287105e-11
0.202424377202988,-2.07167545972619e-20,-1.2055016707091e-10,-8.72415861774556e-10
0.203030437231064,2.53116815076829e-20,7.93882043437222e-11,5.4785653791356e-10
0.20363649725914,-4.59158345284739e-21,8.39906789951161e-12,6.60966767429549e-11
0.204242557287216,-2.07157965540915e-20,-1.20550000537456e-10,-8.7241469604038e-10
0.204848617315292,2.53088994666383e-20,7.9388509655054e-11,5.4785875835961e-10
0.205454677343369,-4.59325114266635e-21,8.39859605472615e-12,6.60933252571994e-11
0.206060737371445,-2.0713135682082e-20,-1.20549834004002e-10,-8.72413585817355e-10
0.206666797399521,2.53079624261007e-20,7.93888149663857e-11,5.47860978805659e-10
0.207272857427597,-4.59806236115108e-21,8.39812507730242e-12,6.60899737714438e-11
0.207878917455673,-2.07117672797796e-20,-1.20549667470549e-10,-8.7241242008318e-10
0.208484977483749,2.53129707462157e-20,7.93891202777175e-11,5.47863143740557e-10
0.209091052412987,-4.5959039367402e-21,8.39765323251696e-12,6.60866292245821e-11
0.209697112441063,-2.07164734851006e-20,-1.20549500937095e-10,-8.72411309860155e-10
0.210303172469139,2.53123697478019e-20,7.93894255890493e-11,5.47865364186606e-10
0.210909232497215,-4.59283916794721e-21,8.39718138773149e-12,6.60832777388265e-11
0.211515292525291,-2.07160857441885e-20,-1.20549334403641e-10,-8.72410144125979e-10
0.212121352553368,2.53092904387247e-20,7.93897239614871e-11,5.47867584632655e-10
0.212727412581444,-4.59250837648154e-21,8.39671041030776e-12,6.60799262530709e-11
0.21333347260952,-2.07127850996739e-20,-1.20549167870188e-10,-8.72409033902954e-10
0.213939532637596,2.53080480522188e-20,7.93900292728189e-11,5.47869805078705e-10
0.214545592665672,-4.59668830429371e-21,8.3962385655223e-12,6.60765817062092e-11
0.215151652693748,-2.07108318548291e-20,-1.20548987458946e-10,-8.72407868168779e-10
0.215757712721825,2.53119141522302e-20,7.93903345841507e-11,5.47872025524754e-10
0.216363772749901,-4.59688419423369e-21,8.39576758809857e-12,6.60732302204536e-11
0.216969832777977,-2.0714739960106e-20,-1.20548820925492e-10,-8.72406757945754e-10
0.217575892806053,2.53140951948609e-20,7.93906398954825e-11,5.47874245970803e-10
0.218181952834129,-4.5933989688891e-21,8.3952957433131e-12,6.60698787346981e-11
0.218788027763367,-2.07180196019878e-20,-1.20548654392039e-10,-8.72405592211578e-10
0.219394087791443,2.5309040022719e-20,7.93909452068142e-11,5.47876410905701e-10
0.220000147819519,-4.59230158132841e-21,8.39482476588937e-12,6.60665341878364e-11
0.220606207847595,-2.0711096811119e-20,-1.20548487858585e-10,-8.72404481988553e-10
0.221212267875671,2.53095699352989e-20,7.93912435792521e-11,5.4787863135175e-10
0.221818327903748,-4.59669032377762e-21,8.39435292110391e-12,6.60631827020808e-11
0.222424387931824,-2.07120790880964e-20,-1.20548321325131e-10,-8.72403316254378e-10
0.2230304479599,2.53115845724549e-20,7.93915488905839e-11,5.478808517978e-10
0.223636507987976,-4.59806841960284e-21,8.39388107631844e-12,6.60598312163252e-11
0.224242568016052,-2.07135848153052e-20,-1.20548154791678e-10,-8.72402206031353e-10
0.224848628044128,2.53144861669473e-20,7.93918542019156e-11,5.47883072243849e-10
0.225454688072205,-4.59468618793803e-21,8.39341009889472e-12,6.60564866694635e-11
0.226060748100281,-2.07155962212869e-20,-1.20547988258224e-10,-8.72401040297177e-10
0.226666808128357,2.53115393360151e-20,7.93921595132474e-11,5.47885292689898e-10
0.227272868156433,-4.59228138648923e-21,8.39293825410925e-12,6.60531351837079e-11
0.22787894308567,-2.07107478442981e-20,-1.2054782172477e-10,-8.72399930074153e-10
0.228485003113747,2.53096701017012e-20,7.93924648245792e-11,5.47887513135947e-10
0.229091063141823,-4.59516722900715e-21,8.39246727668552e-12,6.60497836979523e-11
0.229697123169899,-2.07094682992881e-20,-1.20547655191316e-10,-8.72398764339977e-10
0.230303183197975,2.5312949743583e-20,7.9392770135911e-11,5.47889733581997e-10
0.230909243226051,-4.59835114735127e-21,8.39199543190006e-12,6.60464391510907e-11
0.231515303254128,-2.0712339197625e-20,-1.20547488657863e-10,-8.72397654116952e-10
0.232121363282204,2.53151614823693e-20,7.93930685083488e-11,5.47891898516895e-10
0.23272742331028,-4.59513208998699e-21,8.39152445447633e-12,6.60430876653351e-11
0.233333483338356,-2.07137625298899e-20,-1.20547322124409e-10,-8.72396488382776e-10
0.233939543366432,2.531169443238e-20,7.93933738196806e-11,5.47894118962944e-10
0.234545603394508,-4.59449514475945e-21,8.39105260969086e-12,6.60397361795795e-11
0.235151663422585,-2.07098528090259e-20,-1.20547155590955e-10,-8.72395378159752e-10
0.235757723450661,2.53133487936051e-20,7.93936791310124e-11,5.47896339408993e-10
0.236363783478737,-4.59719398306662e-21,8.3905807649054e-12,6.60363916327178e-11
0.236969858407974,-2.07122390312227e-20,-1.20546989057502e-10,-8.72394267936727e-10
0.23757591843605,2.53146768062291e-20,7.93939844423441e-11,5.47898559855042e-10
0.238181978464127,-4.59728930270752e-21,8.39010978748167e-12,6.60330401469622e-11
0.238788038492203,-2.07127430944085e-20,-1.20546822524048e-10,-8.72393102202551e-10
0.239394098520279,2.53140418804855e-20,7.93942897536759e-11,5.47900780301092e-10
0.240000158548355,-4.59479120110173e-21,8.3896379426962e-12,6.60296956001005e-11
0.240606218576431,-2.07116299548732e-20,-1.20546655990594e-10,-8.72391991979526e-10
0.241212278604507,2.5313770461847e-20,7.93945881261138e-11,5.47903000747141e-10
0.241818338632584,-4.59560909208827e-21,8.38916696527248e-12,6.60263441143449e-11
0.24242439866066,-2.07112163645669e-20,-1.20546475579353e-10,-8.72390826245351e-10
0.243030458688736,2.53133633338893e-20,7.93948934374455e-11,5.4790522119319e-10
0.243636518716812,-4.59619312683717e-21,8.38869512048701e-12,6.60229926285893e-11
0.244242578744888,-2.07092792755934e-20,-1.20546309045899e-10,-8.72389716022326e-10
0.244848638772964,2.53127817225211e-20,7.93951987487773e-11,5.47907441639239e-10
0.245454698801041,-4.59698234115208e-21,8.38822414306328e-12,6.60196480817277e-11
0.246060758829117,-2.07113633829961e-20,-1.20546142512445e-10,-8.7238855028815e-10
0.246666833758354,2.53157883301773e-20,7.93955040601091e-11,5.47909606574137e-10
0.24727289378643,-4.5970942205611e-21,8.38775229827782e-12,6.60162965959721e-11
0.247878953814507,-2.07131518379533e-20,-1.20545975978992e-10,-8.72387440065125e-10
0.248485013842583,2.53135119679056e-20,7.93958093714409e-11,5.47911827020187e-10
0.249091073870659,-4.59564342331486e-21,8.38728132085409e-12,6.60129451102165e-11
0.249697133898735,-2.07099465130797e-20,-1.20545809445538e-10,-8.7238627433095e-10
0.25030317902565,2.53146832685777e-20,7.93961077438787e-11,5.47914047466236e-10
0.250909268856049,-4.59581629113819e-21,8.38680947606862e-12,6.60096005633548e-11
0.251515328884125,-2.07112066710441e-20,-1.20545642912084e-10,-8.72385164107925e-10
0.252121388912201,2.5311972313367e-20,7.93964130552105e-11,5.47916267912285e-10
0.252727448940277,-4.59608569029277e-21,8.3863384986449e-12,6.60062490775992e-11
0.253333508968353,-2.07087752124076e-20,-1.20545476378631e-10,-8.72383998373749e-10
0.253939568996429,2.53152858825786e-20,7.93967183665423e-11,5.47918488358334e-10
0.254545629024506,-4.59786808679823e-21,8.38586665385943e-12,6.60028975918436e-11
0.255151689052582,-2.07124280549174e-20,-1.20545309845177e-10,-8.72382888150725e-10
0.255757749080658,2.53151372485623e-20,7.9397023677874e-11,5.47920708804384e-10
0.256363809108734,-4.59638901677715e-21,8.38539480907396e-12,6.5999553044982e-11
0.25696986913681,-2.07110935799448e-20,-1.20545143311723e-10,-8.72381722416549e-10
0.257575929164886,2.53121112538605e-20,7.93973289892058e-11,5.47922929250433e-10
0.258181989192963,-4.59603883826588e-21,8.38492383165024e-12,6.59962015592264e-11
0.258788049221039,-2.07109094030115e-20,-1.2054497677827e-10,-8.72380612193524e-10
0.259394109249115,2.53148819857951e-20,7.93976343005376e-11,5.47925094185331e-10
0.260000169277191,-4.59800177663356e-21,8.38445198686477e-12,6.59928570123647e-11
0.260606229305267,-2.07134781865544e-20,-1.20544810244816e-10,-8.72379446459348e-10
0.261212289333344,2.53141468936492e-20,7.93979326729755e-11,5.4792731463138e-10
0.26181834936142,-4.59469265028657e-21,8.38398100944104e-12,6.59895055266091e-11
0.262424409389496,-2.07093552081887e-20,-1.20544643711362e-10,-8.72378336236324e-10
0.263030469417572,2.53126250105691e-20,7.93982379843072e-11,5.47929535077429e-10
0.263636529445648,-4.5965271494771e-21,8.38350916465558e-12,6.59861540408535e-11
0.264242589473724,-2.07093406679045e-20,-1.20544477177909e-10,-8.72377170502148e-10
0.264848649501801,2.53135992096108e-20,7.9398543295639e-11,5.47931755523479e-10
0.265454709529877,-4.59927001253367e-21,8.38303818723185e-12,6.59828094939918e-11
0.266060769557953,-2.07093794419957e-20,-1.20544310644455e-10,-8.72376060279123e-10
0.266666829586029,2.53148512896396e-20,7.93988486069708e-11,5.47933975969528e-10
0.267272889614105,-4.59623755548335e-21,8.38256634244638e-12,6.59794580082362e-11
0.267878949642181,-2.07107914651507e-20,-1.20544144111001e-10,-8.72374950056098e-10
0.268485009670258,2.53122905840324e-20,7.93991539183025e-11,5.47936196415577e-10
0.269091069698334,-4.5970380789082e-21,8.38209536502266e-12,6.59761065224806e-11
0.269697159528732,-2.07071644720351e-20,-1.2054396369976e-10,-8.72373784321923e-10
0.270303219556808,2.53158481069012e-20,7.93994522907404e-11,5.47938416861626e-10
0.270909279584885,-4.59629167765234e-21,8.38162352023719e-12,6.5972761975619e-11
0.271515339612961,-2.07112422139611e-20,-1.20543797166306e-10,-8.72372674098898e-10
0.272121399641037,2.53137413812786e-20,7.93997576020722e-11,5.47940581796524e-10
0.272727459669113,-4.59866174397776e-21,8.38115254281346e-12,6.59694104898634e-11
0.273333519697189,-2.07095975462588e-20,-1.20543630632852e-10,-8.72371508364722e-10
0.273939579725266,2.53146121827438e-20,7.9400062913404e-11,5.47942802242574e-10
0.274545639753342,-4.59741208732969e-21,8.380680698028e-12,6.59660590041078e-11
0.275151699781418,-2.07099788248224e-20,-1.20543464099399e-10,-8.72370398141697e-10
0.275757759809494,2.53127187146229e-20,7.94003682247357e-11,5.47945022688623e-10
0.27636381983757,-4.5983430694156e-21,8.38020885324253e-12,6.59627144572461e-11
0.276969879865646,-2.07092534261993e-20,-1.20543297565945e-10,-8.72369232407522e-10
0.277575939893723,2.53130208294169e-20,7.94006735360675e-11,5.47947243134672e-10
0.278181999921799,-4.59919811890621e-21,8.3797378758188e-12,6.59593629714905e-11
0.278788059949875,-2.07083309259458e-20,-1.20543131032491e-10,-8.72368122184497e-10
0.279394119977951,2.53159579668263e-20,7.94009719085054e-11,5.47949463580721e-10
0.280000180006027,-4.59910441485244e-21,8.37926603103334e-12,6.59560184246288e-11
0.280606240034103,-2.07100919159217e-20,-1.20542964499037e-10,-8.72366956450321e-10
0.28121230006218,2.53143585355638e-20,7.94012772198371e-11,5.47951684026771e-10
0.281818360090256,-4.59781356073246e-21,8.37879505360961e-12,6.59526669388733e-11
0.282424420118332,-2.07113036062722e-20,-1.20542797965584e-10,-8.72365846227297e-10
0.283030480146408,2.5310608757826e-20,7.94015825311689e-11,5.4795390447282e-10
0.283636540174484,-4.59975145749957e-21,8.37832320882415e-12,6.59493154531177e-11
0.28424260020256,-2.0709757489385e-20,-1.2054263143213e-10,-8.72364680493121e-10
0.284848660230637,2.53137139162973e-20,7.94018878425007e-11,5.47956069407718e-10
0.285454720258713,-4.60276048853644e-21,8.37785223140042e-12,6.5945970906256e-11
0.286060780286789,-2.07113423803634e-20,-1.20542464898676e-10,-8.72363570270096e-10
0.286666840314865,2.53147931285028e-20,7.94021931538325e-11,5.47958289853767e-10
0.287272900342941,-4.59995986823984e-21,8.37738038661495e-12,6.59426194205004e-11
0.287878960371017,-2.07104941971181e-20,-1.20542298365223e-10,-8.7236240453592e-10
0.288485050201416,2.53126298573305e-20,7.94024984651642e-11,5.47960510299816e-10
0.289091110229492,-4.60013839061813e-21,8.37690940919122e-12,6.59392679347448e-11
0.289697170257568,-2.07102890175521e-20,-1.20542131831769e-10,-8.72361294312896e-10
0.290303230285645,2.53134214950261e-20,7.94027968376021e-11,5.47962730745866e-10
0.290909290313721,-4.60117398197096e-21,8.37643756440576e-12,6.59359233878831e-11
0.291515350341797,-2.0708707357748e-20,-1.20541965298315e-10,-8.7236012857872e-10
0.292121410369873,2.53146202606794e-20,7.94031021489339e-11,5.47964951191915e-10
0.292727470397949,-4.60223986558255e-21,8.37596658698203e-12,6.59325719021275e-11
0.293333530426025,-2.07116816536615e-20,-1.20541798764862e-10,-8.72359018355695e-10
0.293939590454102,2.53156461585095e-20,7.94034074602656e-11,5.47967171637964e-10
0.294545650482178,-4.59970985613087e-21,8.37549474219657e-12,6.59292204163719e-11
0.295151710510254,-2.07109433303413e-20,-1.20541632231408e-10,-8.72357852621519e-10
0.29575777053833,2.53127348704942e-20,7.94037127715974e-11,5.47969392084013e-10
0.296363830566406,-4.59847595145736e-21,8.3750228974111e-12,6.59258758695103e-11
0.296969890594482,-2.0708828526783e-20,-1.20541451820166e-10,-8.72356742398495e-10
0.297575950622559,2.53129190474275e-20,7.94040180829292e-11,5.47971557018911e-10
0.298182010650635,-4.60297778500595e-21,8.37455191998737e-12,6.59225243837547e-11
0.298788070678711,-2.07077622392747e-20,-1.20541285286713e-10,-8.72355576664319e-10
0.299394130706787,2.53164943417548e-20,7.94043164553671e-11,5.47973777464961e-10
0.300000190734863,-4.6016251346781e-21,8.37408007520191e-12,6.59191728979991e-11
0.300606250762939,-2.07106169817403e-20,-1.20541118753259e-10,-8.72354466441294e-10
0.301212310791016,2.53172617456434e-20,7.94046217666988e-11,5.4797599791101e-10
0.301818370819092,-4.59832004729894e-21,8.37360909777818e-12,6.59158283511374e-11
0.302424430847168,-2.07119256073187e-20,-1.20540952219805e-10,-8.72353300707118e-10
0.303030490875244,2.53121548747131e-20,7.94049270780306e-11,5.47978218357059e-10
0.30363655090332,-4.59709462445788e-21,8.37313725299271e-12,6.59124768653818e-11
0.304242610931396,-2.07081871386909e-20,-1.20540785686352e-10,-8.72352190484094e-10
0.304848670959473,2.53114262449157e-20,7.94052323893624e-11,5.47980438803108e-10
0.305454730987549,-4.60162675026523e-21,8.37266627556899e-12,6.59091323185201e-11
0.306060791015625,-2.07056926721562e-20,-1.20540619152898e-10,-8.72351080261069e-10
0.306666880846024,2.5315193794112e-20,7.94055377006941e-11,5.47982659249158e-10
0.3072729408741,-4.60440152116769e-21,8.37219443078352e-12,6.59057808327645e-11
0.307879000902176,-2.07131938432188e-20,-1.20540452619444e-10,-8.72349914526893e-10
0.308485060930252,2.53163796350683e-20,7.9405836073132e-11,5.47984879695207e-10
0.309091120958328,-4.59808215209347e-21,8.37172345335979e-12,6.5902429347009e-11
0.309697180986404,-2.07104602697883e-20,-1.20540286085991e-10,-8.72348804303869e-10
0.310303241014481,2.53126460132018e-20,7.94061413844638e-11,5.47987044630105e-10
0.310909301042557,-4.59942106993069e-21,8.37125160857433e-12,6.58990848001473e-11
0.311515361070633,-2.07036586479546e-20,-1.20540119552537e-10,-8.72347638569693e-10
0.312121421098709,2.53146590347707e-20,7.94064466957956e-11,5.47989265076154e-10
0.312727481126785,-4.60343499616484e-21,8.3707806311506e-12,6.58957333143917e-11
0.313333541154861,-2.07085457990346e-20,-1.20539953019083e-10,-8.72346528346668e-10
0.313939601182938,2.53172552832948e-20,7.94067520071273e-11,5.47991485522203e-10
0.314545661211014,-4.60117882873236e-21,8.37030878636513e-12,6.58923818286361e-11
0.31515172123909,-2.07120661633994e-20,-1.20539786485629e-10,-8.72345362612492e-10
0.315757781267166,2.53143520732152e-20,7.94070573184591e-11,5.47993705968253e-10
0.316363841295242,-4.59894366393262e-21,8.36983694157967e-12,6.58890372817744e-11
0.316969901323318,-2.07083099233131e-20,-1.20539619952176e-10,-8.72344252389468e-10
0.317575961351395,2.5313190466066e-20,7.9407355690897e-11,5.47995926414302e-10
0.318182021379471,-4.60054269129839e-21,8.36936596415594e-12,6.58856857960188e-11
0.318788081407547,-2.07085199496405e-20,-1.20539453418722e-10,-8.72343086655292e-10
0.319394141435623,2.5313022445004e-20,7.94076610022287e-11,5.47998146860351e-10
0.320000201463699,-4.60440111727091e-21,8.36889411937047e-12,6.58823343102632e-11
0.320606261491776,-2.07087719812334e-20,-1.20539286885268e-10,-8.72341976432267e-10
0.321212321519852,2.53168723891441e-20,7.94079663135605e-11,5.480003673064e-10
0.321818381547928,-4.60344105461659e-21,8.36842314194675e-12,6.58789897634016e-11
0.322424441576004,-2.07122293376999e-20,-1.20539106474027e-10,-8.72340810698091e-10
0.32303050160408,2.53138560879651e-20,7.94082716248923e-11,5.48002532241298e-10
0.323636561632156,-4.59969612364023e-21,8.36795129716128e-12,6.5875638277646e-11
0.324242621660233,-2.07098625025487e-20,-1.20538939940573e-10,-8.72339700475067e-10
0.324848681688309,2.53139013244049e-20,7.94085769362241e-11,5.48004752687348e-10
0.325454771518707,-4.60119660019083e-21,8.36748031973755e-12,6.58722867918904e-11
0.326060831546783,-2.07096072397816e-20,-1.20538773407119e-10,-8.72338534740891e-10
0.32666689157486,2.53130353697011e-20,7.94088753086619e-11,5.48006973133397e-10
0.327272951602936,-4.60333321417541e-21,8.36700847495209e-12,6.58689422450287e-11
0.327879011631012,-2.0704762093967e-20,-1.20538606873666e-10,-8.72337424517866e-10
0.328485071659088,2.5315169560305e-20,7.94091806199937e-11,5.48009193579446e-10
0.329091131687164,-4.60213162124458e-21,8.36653749752836e-12,6.58655907592731e-11
0.32969719171524,-2.07087493630135e-20,-1.20538440340212e-10,-8.7233625878369e-10
0.330303251743317,2.53172310494878e-20,7.94094859313255e-11,5.48011414025495e-10
0.330909311771393,-4.60098132320524e-21,8.36606565274289e-12,6.58622462124114e-11
0.331515371799469,-2.07071176200082e-20,-1.20538273806758e-10,-8.72335148560666e-10
0.332121431827545,2.53148997572536e-20,7.94097912426572e-11,5.48013634471545e-10
0.332727491855621,-4.60184404673474e-21,8.36559380795743e-12,6.58588947266558e-11
0.333333551883698,-2.07066959517663e-20,-1.20538107273305e-10,-8.7233398282649e-10
0.333939611911774,2.53138706282493e-20,7.9410096553989e-11,5.48015854917594e-10
0.33454567193985,-4.60058994722206e-21,8.3651228305337e-12,6.58555432409003e-11
0.335151731967926,-2.07053081624183e-20,-1.20537940739851e-10,-8.72332872603465e-10
0.335757791996002,2.53149789210232e-20,7.94104018653208e-11,5.48018019852492e-10
0.336363852024078,-4.60304160069774e-21,8.36465098574823e-12,6.58521986940386e-11
0.336969912052155,-2.07059107764192e-20,-1.20537774206397e-10,-8.72331706869289e-10
0.337575972080231,2.53179305987168e-20,7.94107002377586e-11,5.48020240298541e-10
0.338182032108307,-4.60173378291285e-21,8.36418000832451e-12,6.5848847208283e-11
0.338788092136383,-2.07070594588714e-20,-1.20537607672944e-10,-8.72330596646265e-10
0.339394152164459,2.53170581816645e-20,7.94110055490904e-11,5.4802246074459e-10
0.340000212192535,-4.60146842272611e-21,8.36370816353904e-12,6.58454957225274e-11
0.340606272220612,-2.07089335399467e-20,-1.2053744113949e-10,-8.72329430912089e-10
0.341212332248688,2.53145459436713e-20,7.94113108604222e-11,5.4802468119064e-10
0.341818392276764,-4.60210132898581e-21,8.36323718611531e-12,6.58421511756657e-11
0.34242445230484,-2.07058251503011e-20,-1.20537274606036e-10,-8.72328320689064e-10
0.343030512332916,2.53132227778086e-20,7.9411616171754e-11,5.48026901636689e-10
0.343636572360992,-4.60345155593297e-21,8.36276534132985e-12,6.58387996899101e-11
0.344242662191391,-2.07057298306602e-20,-1.20537108072583e-10,-8.72327154954888e-10
0.344848722219467,2.5315109783581e-20,7.94119214830857e-11,5.48029122082738e-10
0.345454782247543,-4.60316802039097e-21,8.36229436390612e-12,6.58354482041545e-11
0.34606084227562,-2.07083002297903e-20,-1.20536941539129e-10,-8.72326044731864e-10
0.346666902303696,2.531530203845e-20,7.94122198555236e-11,5.48031287017636e-10
0.347272962331772,-4.60258438953885e-21,8.36182251912065e-12,6.58321036572929e-11
0.347879022359848,-2.07088317579573e-20,-1.20536761127887e-10,-8.72324878997688e-10
0.348485082387924,2.53152454929003e-20,7.94125251668554e-11,5.48033507463686e-10
0.349091142416,-4.60143530318987e-21,8.36135067433519e-12,6.58287521715373e-11
0.349697202444077,-2.07087105889223e-20,-1.20536594594434e-10,-8.72323768774663e-10
0.350303262472153,2.5312684787293e-20,7.94128304781871e-11,5.48035727909735e-10
0.350909322500229,-4.60319306199154e-21,8.36087969691146e-12,6.58254006857817e-11
0.351515382528305,-2.07067880402329e-20,-1.2053642806098e-10,-8.72322658551639e-10
0.352121442556381,2.53146913465133e-20,7.94131357895189e-11,5.48037948355784e-10
0.352727502584457,-4.60360907567852e-21,8.360407852126e-12,6.582205613892e-11
0.353333562612534,-2.07063469849454e-20,-1.20536261527526e-10,-8.72321492817463e-10
0.35393962264061,2.53160306682473e-20,7.94134411008507e-11,5.48040168801833e-10
0.354545682668686,-4.60342530264204e-21,8.35993687470227e-12,6.58187046531644e-11
0.355151742696762,-2.07093180496846e-20,-1.20536094994073e-10,-8.72320382594438e-10
0.355757802724838,2.53149676119132e-20,7.94137394732886e-11,5.48042389247883e-10
0.356363862752914,-4.60186424157392e-21,8.3594650299168e-12,6.58153531674088e-11
0.356969922780991,-2.07082663024604e-20,-1.20535928460619e-10,-8.72319216860262e-10
0.357575982809067,2.53128802733362e-20,7.94140447846203e-11,5.48044609693932e-10
0.358182042837143,-4.6019159403622e-21,8.35899405249307e-12,6.58120086205471e-11
0.358788102865219,-2.07066377906295e-20,-1.20535761927165e-10,-8.72318106637238e-10
0.359394162893295,2.53141275066036e-20,7.94143500959521e-11,5.4804677462883e-10
0.360000222921371,-4.60537248903516e-21,8.35852220770761e-12,6.58086571347916e-11
0.360606282949448,-2.07069689859919e-20,-1.20535595393712e-10,-8.72316940903062e-10
0.361212342977524,2.53167528356962e-20,7.94146554072839e-11,5.48048995074879e-10
0.3618184030056,-4.60454086555799e-21,8.35805123028388e-12,6.5805305649036e-11
0.362424492835999,-2.07087283603807e-20,-1.20535428860258e-10,-8.72315830680037e-10
0.363030552864075,2.53156332338124e-20,7.94149607186156e-11,5.48051215520928e-10
0.363636612892151,-4.60102332847072e-21,8.35757938549841e-12,6.58019611021743e-11
0.364242672920227,-2.07071014641369e-20,-1.20535262326804e-10,-8.72314664945861e-10
0.364848732948303,2.53133100195139e-20,7.94152590910535e-11,5.48053435966978e-10
0.365454792976379,-4.60368581606738e-21,8.35710754071295e-12,6.57986096164187e-11
0.366060853004456,-2.07047265510501e-20,-1.2053509579335e-10,-8.72313554722837e-10
0.366666913032532,2.531478343498e-20,7.94155644023853e-11,5.48055656413027e-10
0.367272973060608,-4.60523395243843e-21,8.35663656328922e-12,6.57952581306631e-11
0.367879033088684,-2.07085425678603e-20,-1.20534929259897e-10,-8.72312388988661e-10
0.36848509311676,2.5314470011076e-20,7.94158697137171e-11,5.48057876859076e-10
0.369091153144836,-4.60360099774285e-21,8.35616471850376e-12,6.57919135838014e-11
0.369697213172913,-2.07084520949808e-20,-1.20534762726443e-10,-8.72311278765636e-10
0.370303273200989,2.5313541048474e-20,7.94161750250488e-11,5.48060097305125e-10
0.370909333229065,-4.60414827788446e-21,8.35569374108003e-12,6.57885620980458e-11
0.371515393257141,-2.07065327774658e-20,-1.20534596192989e-10,-8.7231011303146e-10
0.372121453285217,2.53159741226977e-20,7.94164803363806e-11,5.48062262240023e-10
0.372727513313293,-4.60452874865449e-21,8.35522189629456e-12,6.57852175511842e-11
0.37333357334137,-2.07073583424912e-20,-1.20534415781748e-10,-8.72309002808436e-10
0.373939633369446,2.53166882122108e-20,7.94167787088185e-11,5.48064482686073e-10
0.374545693397522,-4.60307229685328e-21,8.35475091887083e-12,6.57818660654286e-11
0.375151753425598,-2.07082566089376e-20,-1.20534249248294e-10,-8.7230783707426e-10
0.375757813453674,2.53138916308821e-20,7.94170840201502e-11,5.48066703132122e-10
0.37636387348175,-4.60371166546152e-21,8.35427907408537e-12,6.5778514579673e-11
0.376969933509827,-2.07031755874015e-20,-1.2053408271484e-10,-8.72306726851235e-10
0.377575993537903,2.53150225418758e-20,7.9417389331482e-11,5.48068923578171e-10
0.378182053565979,-4.6063002399468e-21,8.3538072292999e-12,6.57751700328113e-11
0.378788113594055,-2.07069625236434e-20,-1.20533916181387e-10,-8.72305561117059e-10
0.379394173622131,2.53157220911048e-20,7.94176946428138e-11,5.4807114402422e-10
0.380000233650208,-4.60461073970153e-21,8.35333625187618e-12,6.57718185470557e-11
0.380606293678284,-2.07052176895388e-20,-1.20533749647933e-10,-8.72304450894035e-10
0.381212383508682,2.53171147272142e-20,7.94179999541456e-11,5.4807336447027e-10
0.381818443536758,-4.60381142796704e-21,8.35286440709071e-12,6.57684670613001e-11
0.382424503564835,-2.07084553261551e-20,-1.20533583114479e-10,-8.72303285159859e-10
0.383030563592911,2.53150871653611e-20,7.94182983265834e-11,5.48075529405168e-10
0.383636623620987,-4.60313449695794e-21,8.35239342966698e-12,6.57651225144384e-11
0.384242683649063,-2.07040447732796e-20,-1.20533416581026e-10,-8.72302174936834e-10
0.384848743677139,2.53180695392103e-20,7.94186036379152e-11,5.48077749851217e-10
0.385454803705215,-4.60491931684411e-21,8.35192158488152e-12,6.57617710286829e-11
0.386060863733292,-2.07034534683886e-20,-1.20533250047572e-10,-8.72301009202658e-10
0.386666923761368,2.53183781163529e-20,7.9418908949247e-11,5.48079970297266e-10
0.387272983789444,-4.60365673549897e-21,8.35145060745779e-12,6.57584195429273e-11
0.38787904381752,-2.07088446826544e-20,-1.20533083514118e-10,-8.72299898979634e-10
0.388485103845596,2.53147527388244e-20,7.94192142605787e-11,5.48082190743315e-10
0.389091163873672,-4.60311430211877e-21,8.35097876267232e-12,6.57550749960656e-11
0.389697223901749,-2.07010995579345e-20,-1.20532916980665e-10,-8.72298733245458e-10
0.390303283929825,2.53183118772804e-20,7.94195195719105e-11,5.48084411189365e-10
0.390909343957901,-4.60710035947486e-21,8.3505077852486e-12,6.575172351031e-11
0.391515403985977,-2.07043533504222e-20,-1.20532750447211e-10,-8.72297623022433e-10
0.392121464014053,2.53199888567254e-20,7.94198179443484e-11,5.48086631635414e-10
0.39272752404213,-4.60539187608077e-21,8.35003594046313e-12,6.57483720245544e-11
0.393333584070206,-2.07072856410702e-20,-1.20532583913757e-10,-8.72296457288257e-10
0.393939644098282,2.53183021837576e-20,7.94201232556802e-11,5.48088852081463e-10
0.394545704126358,-4.60175034268098e-21,8.34956409567766e-12,6.57450274776927e-11
0.395151764154434,-2.07067266479218e-20,-1.20532417380304e-10,-8.72295347065233e-10
0.39575782418251,2.53152535708359e-20,7.94204285670119e-11,5.48091017016361e-10
0.396363884210587,-4.60484823101022e-21,8.34909311825394e-12,6.57416759919371e-11
0.396969944238663,-2.07003370008073e-20,-1.20532236969062e-10,-8.72294181331057e-10
0.397576004266739,2.5317885362277e-20,7.94207338783437e-11,5.4809323746241e-10
0.398182064294815,-4.60740328206247e-21,8.34862127346847e-12,6.57383245061816e-11
0.398788124322891,-2.07026844489128e-20,-1.20532070435608e-10,-8.72293071108032e-10
0.399394184350967,2.53206770968444e-20,7.94210391896755e-11,5.4809545790846e-10
0.400000274181366,-4.60675018096359e-21,8.34815029604474e-12,6.57349799593199e-11
0.400606334209442,-2.07056248174965e-20,-1.20531903902155e-10,-8.72291905373856e-10
0.401212394237518,2.53189080289328e-20,7.94213375621133e-11,5.48097678354509e-10
0.401818454265594,-4.60421047798911e-21,8.34767845125928e-12,6.57316284735643e-11
0.402424514293671,-2.07069560612949e-20,-1.20531737368701e-10,-8.72290795150832e-10
0.403030574321747,2.53146170295052e-20,7.94216428734451e-11,5.48099898800558e-10
0.403636634349823,-4.60445321995598e-21,8.34720747383555e-12,6.57282769878087e-11
0.404242694377899,-2.07035358633324e-20,-1.20531570835247e-10,-8.72289629416656e-10
0.404848754405975,2.53165621964144e-20,7.94219481847769e-11,5.48102119246607e-10
0.405454814434052,-4.60809111828472e-21,8.34673562905008e-12,6.5724932440947e-11
0.406060874462128,-2.07022692430194e-20,-1.20531404301794e-10,-8.72288519193631e-10
0.406666934490204,2.53194007830086e-20,7.94222534961087e-11,5.48104284181505e-10
0.40727299451828,-4.60767550849453e-21,8.34626378426462e-12,6.57215809551914e-11
0.407879054546356,-2.07067815778844e-20,-1.2053123776834e-10,-8.72287353459456e-10
0.408485114574432,2.53189338783269e-20,7.94225588074404e-11,5.48106504627555e-10
0.409091174602509,-4.603611902956e-21,8.34579280684089e-12,6.57182294694358e-11
0.409697234630585,-2.07075312103145e-20,-1.20531071234886e-10,-8.72286243236431e-10
0.410303294658661,2.5314953071629e-20,7.94228571798783e-11,5.48108725073604e-10
0.410909354686737,-4.60494435844468e-21,8.34532096205542e-12,6.57148849225742e-11
0.411515414714813,-2.070421925669e-20,-1.20530904701432e-10,-8.72285077502255e-10
0.412121474742889,2.53155104491902e-20,7.94231624912101e-11,5.48110945519653e-10
0.412727534770966,-4.60808990659437e-21,8.3448499846317e-12,6.57115334368186e-11
0.413333594799042,-2.07038008196224e-20,-1.20530738167979e-10,-8.7228396727923e-10
0.413939654827118,2.53190130420965e-20,7.94234678025418e-11,5.48113165965702e-10
0.414545714855194,-4.60849784234568e-21,8.34437813984623e-12,6.5708181951063e-11
0.41515177488327,-2.07078333251086e-20,-1.20530571634525e-10,-8.72282801545055e-10
0.415757834911346,2.53179483701753e-20,7.94237731138736e-11,5.48115386411752e-10
0.416363894939423,-4.6053813747644e-21,8.3439071624225e-12,6.57048374042013e-11
0.416969954967499,-2.070628236146e-20,-1.20530405101071e-10,-8.7228169132203e-10
0.417576014995575,2.53147882817414e-20,7.94240714863115e-11,5.48117606857801e-10
0.418182104825974,-4.60574972863093e-21,8.34343531763704e-12,6.57014859184457e-11
0.41878816485405,-2.07033629955091e-20,-1.20530238567618e-10,-8.72280525587854e-10
0.419394224882126,2.53161259878882e-20,7.94243767976432e-11,5.48119771792699e-10
0.420000284910202,-4.60711368806872e-21,8.34296347285157e-12,6.56981344326901e-11
0.420606344938278,-2.07041853293602e-20,-1.20530058156376e-10,-8.72279415364829e-10
0.421212404966354,2.53180162248349e-20,7.9424682108975e-11,5.48121992238748e-10
0.421818464994431,-4.60562371283448e-21,8.34249249542784e-12,6.56947898858284e-11
0.422424525022507,-2.07070093756703e-20,-1.20529891622922e-10,-8.72278249630654e-10
0.423030585050583,2.53157237066919e-20,7.94249874203068e-11,5.48124212684797e-10
0.423636645078659,-4.60603205248258e-21,8.34202065064238e-12,6.56914384000729e-11
0.424242705106735,-2.0704954348836e-20,-1.20529725089469e-10,-8.72277139407629e-10
0.424848765134811,2.53145281722128e-20,7.94252927316386e-11,5.48126433130847e-10
0.425454825162888,-4.60774982550269e-21,8.34154967321865e-12,6.56880869143173e-11
0.426060885190964,-2.07023403288533e-20,-1.20529558556015e-10,-8.72275973673453e-10
0.42666694521904,2.53169483217394e-20,7.94255911040764e-11,5.48128653576896e-10
0.427273005247116,-4.60752566278786e-21,8.34107782843319e-12,6.56847423674556e-11
0.427879065275192,-2.07054438717375e-20,-1.20529392022561e-10,-8.72274863450428e-10
0.428485125303268,2.53179919910279e-20,7.94258964154082e-11,5.48130874022945e-10
0.429091185331345,-4.6075369718978e-21,8.34060685100946e-12,6.56813908817e-11
0.429697245359421,-2.07042838801754e-20,-1.20529225489108e-10,-8.72273697716253e-10
0.430303305387497,2.53160775202742e-20,7.942620172674e-11,5.48133038957843e-10
0.430909365415573,-4.60772114883106e-21,8.34013500622399e-12,6.56780393959444e-11
0.431515425443649,-2.07043081139824e-20,-1.20529058955654e-10,-8.72272587493228e-10
0.432121485471725,2.53175670916117e-20,7.94265070380717e-11,5.48135259403892e-10
0.432727545499802,-4.60887225466396e-21,8.33966316143853e-12,6.56746948490827e-11
0.433333605527878,-2.07064051460822e-20,-1.205288924222e-10,-8.72271421759052e-10
0.433939665555954,2.53163780194811e-20,7.94268123494035e-11,5.48137479849942e-10
0.43454572558403,-4.60976648214257e-21,8.3391921840148e-12,6.56713433633271e-11
0.435151785612106,-2.07066636400236e-20,-1.20528725888747e-10,-8.72270311536028e-10
0.435757845640182,2.53159918941561e-20,7.94271107218414e-11,5.48139700295991e-10
0.436363905668259,-4.60739601192036e-21,8.33872033922933e-12,6.56679918775716e-11
0.436969995498657,-2.07032919096752e-20,-1.20528559355293e-10,-8.72269201313003e-10
0.437576055526733,2.53157172443434e-20,7.94274160331732e-11,5.4814192074204e-10
0.43818211555481,-4.61008313722081e-21,8.33824936180561e-12,6.56646473307099e-11
0.438788175582886,-2.07057362930088e-20,-1.20528392821839e-10,-8.72268035578827e-10
0.439394235610962,2.53158965745152e-20,7.94277213445049e-11,5.48144141188089e-10
0.440000295639038,-4.61046037681657e-21,8.33777751702014e-12,6.56612958449543e-11
0.440606355667114,-2.07037588143569e-20,-1.20528226288386e-10,-8.72266925355802e-10
0.44121241569519,2.53184912074523e-20,7.94280266558367e-11,5.48146306122987e-10
0.441818475723267,-4.6107798591723e-21,8.33730567223467e-12,6.56579443591987e-11
0.442424535751343,-2.07053194715282e-20,-1.20528059754932e-10,-8.72265759621627e-10
0.443030595779419,2.53196641237115e-20,7.94283319671685e-11,5.48148526569037e-10
0.443636655807495,-4.6095334336985e-21,8.33683469481095e-12,6.5654599812337e-11
0.444242715835571,-2.07060917221782e-20,-1.2052787934369e-10,-8.72264649398602e-10
0.444848775863647,2.5314410234352e-20,7.94286303396063e-11,5.48150747015086e-10
0.445454835891724,-4.60805032470959e-21,8.33636285002548e-12,6.56512483265814e-11
0.4460608959198,-2.07030156442753e-20,-1.20527712810237e-10,-8.72263483664426e-10
0.446666955947876,2.53143892317193e-20,7.94289356509381e-11,5.48152967461135e-10
0.447273015975952,-4.61333894919239e-21,8.33589187260175e-12,6.56478968408258e-11
0.447879076004028,-2.07038137443194e-20,-1.20527546276783e-10,-8.72262373441401e-10
0.448485136032104,2.53181923238325e-20,7.94292409622699e-11,5.48155187907184e-10
0.449091196060181,-4.61204122882709e-21,8.33542002781629e-12,6.56445522939642e-11
0.449697256088257,-2.07068268143241e-20,-1.20527379743329e-10,-8.72261207707226e-10
0.450303316116333,2.53169483217394e-20,7.94295462736017e-11,5.48157408353234e-10
0.450909376144409,-4.60846956957084e-21,8.33494905039256e-12,6.56412008082086e-11
0.451515436172485,-2.07065553956857e-20,-1.20527213209876e-10,-8.72260097484201e-10
0.452121496200562,2.53141275066036e-20,7.94298515849334e-11,5.48159628799283e-10
0.452727556228638,-4.60956978440902e-21,8.33447720560709e-12,6.5637849322453e-11
0.453333616256714,-2.07030802677606e-20,-1.20527046676422e-10,-8.72258931750025e-10
0.45393967628479,2.53147075023847e-20,7.94301499573713e-11,5.48161793734181e-10
0.454545736312866,-4.61280257426394e-21,8.33400536082163e-12,6.56345047755913e-11
0.455151796340942,-2.07025035031539e-20,-1.20526880142968e-10,-8.72257821527e-10
0.455757886171341,2.53176204059871e-20,7.94304552687031e-11,5.4816401418023e-10
0.456363946199417,-4.61317900606613e-21,8.3335343833979e-12,6.56311532898357e-11
0.456970006227493,-2.07052419233458e-20,-1.20526713609515e-10,-8.72256655792825e-10
0.457576066255569,2.53193135413034e-20,7.94307605800348e-11,5.48166234626279e-10
0.458182126283646,-4.60916548372876e-21,8.33306253861243e-12,6.56278018040801e-11
0.458788186311722,-2.07088673008743e-20,-1.20526547076061e-10,-8.722555455698e-10
0.459394246339798,2.53138690126622e-20,7.94310658913666e-11,5.48168455072329e-10
0.460000306367874,-4.60798933629529e-21,8.33259156118871e-12,6.56244572572184e-11
0.46060636639595,-2.07042451060842e-20,-1.20526380542607e-10,-8.72254379835624e-10
0.461212426424026,2.53122437320055e-20,7.94313642638045e-11,5.48170675518378e-10
0.461818486452103,-4.61221005768258e-21,8.33211971640324e-12,6.56211057714629e-11
0.462424546480179,-2.070113025409e-20,-1.20526214009153e-10,-8.722532696126e-10
0.463030606508255,2.53166445913582e-20,7.94316695751363e-11,5.48172895964427e-10
0.463636666536331,-4.61437777171948e-21,8.33164873897951e-12,6.56177542857073e-11
0.464242726564407,-2.07073470333813e-20,-1.205260474757e-10,-8.72252103878424e-10
0.464848786592484,2.53189031821714e-20,7.9431974886468e-11,5.48175060899325e-10
0.46545484662056,-4.60977698345894e-21,8.33117689419405e-12,6.56144097388456e-11
0.466060906648636,-2.07084601729165e-20,-1.20525867064458e-10,-8.72250993655399e-10
0.466666966676712,2.53147672791086e-20,7.94322801977998e-11,5.48177281345374e-10
0.467273026704788,-4.60893283918148e-21,8.33070504940858e-12,6.561105825309e-11
0.467879086732864,-2.07027442256368e-20,-1.20525700531005e-10,-8.72249827921223e-10
0.468485146760941,2.53136622175091e-20,7.94325855091316e-11,5.48179501791424e-10
0.469091206789017,-4.61342861427832e-21,8.33023407198485e-12,6.56077067673344e-11
0.469697266817093,-2.07015664626162e-20,-1.20525533997551e-10,-8.72248717698199e-10
0.470303326845169,2.53177060321052e-20,7.94328838815694e-11,5.48181722237473e-10
0.470909386873245,-4.61518031462824e-21,8.32976222719939e-12,6.56043622204727e-11
0.471515446901321,-2.07069366742493e-20,-1.20525367464097e-10,-8.72247551964023e-10
0.472121506929398,2.53172892106246e-20,7.94331891929012e-11,5.48183942683522e-10
0.472727566957474,-4.61072290972583e-21,8.32929124977566e-12,6.56010107347171e-11
0.47333362698555,-2.07047055484173e-20,-1.20525200930643e-10,-8.72246441740998e-10
0.473939716815948,2.5314578255414e-20,7.9433494504233e-11,5.48186163129571e-10
0.474545776844025,-4.61286800554286e-21,8.3288194049902e-12,6.55976592489615e-11
0.475151836872101,-2.07039429912901e-20,-1.2052503439719e-10,-8.72245276006822e-10
0.475757896900177,2.53157511716732e-20,7.94337998155648e-11,5.48188328064469e-10
0.476363956928253,-4.61297342260334e-21,8.32834756020473e-12,6.55943147020999e-11
0.476970016956329,-2.07026585995187e-20,-1.20524867863736e-10,-8.72244165783798e-10
0.477576076984406,2.53174814654936e-20,7.94341051268965e-11,5.48190548510519e-10
0.478182137012482,-4.61420853896721e-21,8.327876582781e-12,6.55909632163443e-11
0.478788197040558,-2.07062855926343e-20,-1.20524701330282e-10,-8.72243000049622e-10
0.479394257068634,2.53183425734359e-20,7.94344034993344e-11,5.48192768956568e-10
0.48000031709671,-4.61126049634464e-21,8.32740473799554e-12,6.55876117305887e-11
0.480606377124786,-2.07075263635531e-20,-1.20524534796829e-10,-8.72241889826597e-10
0.481212437152863,2.5314397309655e-20,7.94347088106662e-11,5.48194989402617e-10
0.481818497180939,-4.61106904926927e-21,8.32693376057181e-12,6.5584267183727e-11
0.482424557209015,-2.07026246721889e-20,-1.20524368263375e-10,-8.72240724092421e-10
0.483030617237091,2.53139901816972e-20,7.94350141219979e-11,5.48197209848666e-10
0.483636677265167,-4.61311559427113e-21,8.32646191578634e-12,6.55809156979714e-11
0.484242737293243,-2.07039009860247e-20,-1.20524201729921e-10,-8.72239613869397e-10
0.48484879732132,2.53157867145901e-20,7.94353194333297e-11,5.48199430294716e-10
0.485454857349396,-4.61389228778575e-21,8.32599093836262e-12,6.55775642122158e-11
0.486060917377472,-2.070500281645e-20,-1.20524035196468e-10,-8.72238448135221e-10
0.486666977405548,2.53162778530788e-20,7.94356247446615e-11,5.48201595229614e-10
0.487273037433624,-4.61053873279257e-21,8.32551909357715e-12,6.55742127264602e-11
0.4878790974617,-2.07033419928763e-20,-1.20523854785226e-10,-8.72237337912196e-10
0.488485157489777,2.53153585839996e-20,7.94359231170993e-11,5.48203815675663e-10
0.489091217517853,-4.61068373173784e-21,8.32504724879168e-12,6.55708681795986e-11
0.489697277545929,-2.07032337485384e-20,-1.20523688251772e-10,-8.7223617217802e-10
0.490303337574005,2.53155718415013e-20,7.94362284284311e-11,5.48206036121712e-10
0.490909397602081,-4.61319879700852e-21,8.32457627136796e-12,6.5567516693843e-11
0.491515457630157,-2.07054988017001e-20,-1.20523521718319e-10,-8.72235061954996e-10
0.492121517658234,2.53165751211115e-20,7.94365337397629e-11,5.48208256567762e-10
0.492727607488632,-4.61327311401668e-21,8.32410442658249e-12,6.55641652080874e-11
0.493333667516708,-2.07061725015349e-20,-1.20523355184865e-10,-8.7223389622082e-10
0.493939727544785,2.53158836498182e-20,7.94368390510947e-11,5.48210477013811e-10
0.494545787572861,-4.61022167381754e-21,8.32363344915876e-12,6.55608206612257e-11
0.495151847600937,-2.07042725710655e-20,-1.20523188651411e-10,-8.72232785997795e-10
0.495757907629013,2.53132793233583e-20,7.94371374235325e-11,5.4821269745986e-10
0.496363967657089,-4.61197458585782e-21,8.3231616043733e-12,6.55574691754701e-11
0.496970027685165,-2.07026279033632e-20,-1.20523022117958e-10,-8.72231620263619e-10
0.497576087713242,2.53148383649425e-20,7.94374427348643e-11,5.48214862394758e-10
0.498182147741318,-4.61488102711169e-21,8.32268975958783e-12,6.55541176897145e-11
0.498788207769394,-2.0705545653727e-20,-1.20522855584504e-10,-8.72230510040595e-10
0.49939426779747,2.53168126124201e-20,7.94377480461961e-11,5.48217082840807e-10
0.500000298023224,-4.61324443734506e-21,8.3222187821641e-12,6.55507731428528e-11
0.5006063580513,-2.07048800318278e-20,-1.2052268905105e-10,-8.72229344306419e-10
0.501212418079376,2.53174394602281e-20,7.94380533575278e-11,5.48219303286857e-10
0.501818537712097,-4.61219753688229e-21,8.32174693737864e-12,6.55474216570973e-11
0.502424597740173,-2.07055537316626e-20,-1.20522522517597e-10,-8.72228234083394e-10
0.50303065776825,2.53172052000937e-20,7.94383586688596e-11,5.48221523732906e-10
0.503636717796326,-4.60936702822371e-21,8.32127595995491e-12,6.55440701713417e-11
0.504242777824402,-2.07021593830943e-20,-1.20522355984143e-10,-8.72227068349218e-10
0.504848837852478,2.53162019204835e-20,7.94386570412975e-11,5.48223744178955e-10
0.505454897880554,-4.61269554161632e-21,8.32080411516944e-12,6.554072562448e-11
0.50606095790863,-2.0702988179294e-20,-1.20522189450689e-10,-8.72225958126194e-10
0.506667017936707,2.53171906598095e-20,7.94389623526293e-11,5.48225964625004e-10
0.507273077964783,-4.61247137890149e-21,8.32033227038398e-12,6.55373741387244e-11
0.507879137992859,-2.07014776053238e-20,-1.20522022917235e-10,-8.72224792392018e-10
0.508485198020935,2.53186980026054e-20,7.9439267663961e-11,5.48228129559902e-10
0.509091258049011,-4.61309943839979e-21,8.31986129296025e-12,6.55340226529688e-11
0.509697318077087,-2.07038573651721e-20,-1.20521842505994e-10,-8.72223682168993e-10
0.510303378105164,2.53166494381196e-20,7.94395729752928e-11,5.48230350005952e-10
0.51090943813324,-4.61250894130235e-21,8.31938944817479e-12,6.55306781061071e-11
0.511515498161316,-2.07016116990559e-20,-1.2052167597254e-10,-8.72222516434817e-10
0.512121558189392,2.531529072934e-20,7.94398713477307e-11,5.48232570452001e-10
0.512727618217468,-4.61560198287019e-21,8.31891847075106e-12,6.55273266203515e-11
0.513333678245544,-2.07022385468639e-20,-1.20521509439087e-10,-8.72221406211793e-10
0.513939738273621,2.53172714391662e-20,7.94401766590624e-11,5.4823479089805e-10
0.514545798301697,-4.61525543942997e-21,8.31844662596559e-12,6.5523975134596e-11
0.515151858329773,-2.07014905300209e-20,-1.20521342905633e-10,-8.72220240477617e-10
0.515757918357849,2.53189484186111e-20,7.94404819703942e-11,5.48237011344099e-10
0.516363978385925,-4.6131798138597e-21,8.31797564854186e-12,6.55206305877343e-11
0.516970038414001,-2.07041514020304e-20,-1.20521176372179e-10,-8.72219130254592e-10
0.517576098442078,2.53185461374148e-20,7.9440787281726e-11,5.48239231790149e-10
0.518182158470154,-4.61036869224673e-21,8.3175038037564e-12,6.55172791019787e-11
0.51878821849823,-2.07023144794592e-20,-1.20521009838725e-10,-8.72217964520416e-10
0.519394278526306,2.53156752390779e-20,7.94410925930578e-11,5.48241396725047e-10
0.520000338554382,-4.6139153099024e-21,8.31703195897093e-12,6.55139276162231e-11
0.520606398582458,-2.06995873683772e-20,-1.20520843305272e-10,-8.72216798786241e-10
0.521212458610535,2.53181955550068e-20,7.94413909654956e-11,5.48243617171096e-10
0.521818518638611,-4.61638231145586e-21,8.31656098154721e-12,6.55105830693614e-11
0.522424578666687,-2.07014307532969e-20,-1.20520676771818e-10,-8.72215688563216e-10
0.523030638694763,2.5320008243771e-20,7.94416962768274e-11,5.48245837617145e-10
0.523636698722839,-4.61522191599694e-21,8.31608913676174e-12,6.55072315836058e-11
0.524242758750916,-2.07040883941322e-20,-1.20520510238364e-10,-8.7221452282904e-10
0.524848818778992,2.53179160584326e-20,7.94420015881592e-11,5.48248058063194e-10
0.525454878807068,-4.61417461163739e-21,8.31561815933801e-12,6.55038800978502e-11
0.526060938835144,-2.07041336305719e-20,-1.20520343704911e-10,-8.72213412606015e-10
0.52666699886322,2.53140951948609e-20,7.94423068994909e-11,5.48250278509244e-10
0.527273058891296,-4.6133849934257e-21,8.31514631455255e-12,6.55005286120947e-11
0.527879118919373,-2.0701624623753e-20,-1.20520177171457e-10,-8.7221224687184e-10
0.528485178947449,2.53150661627284e-20,7.94426122108227e-11,5.48252498955293e-10
0.529091238975525,-4.61664201708763e-21,8.31467446976708e-12,6.5497184065233e-11
0.529697299003601,-2.0702734532114e-20,-1.20520010638003e-10,-8.72211136648815e-10
0.530303359031677,2.53180646924489e-20,7.94429105832606e-11,5.48254663890191e-10
0.530909419059753,-4.61649176748418e-21,8.31420349234335e-12,6.54938325794774e-11
0.53151547908783,-2.07031901276858e-20,-1.20519830226762e-10,-8.72209970914639e-10
0.532121539115906,2.53195251832179e-20,7.94432158945924e-11,5.4825688433624e-10
0.532727599143982,-4.61390682806995e-21,8.31373164755789e-12,6.54904810937218e-11
0.533333659172058,-2.07066668711979e-20,-1.20519663693308e-10,-8.72208860691615e-10
0.533939719200134,2.53153682775224e-20,7.94435212059241e-11,5.48259104782289e-10
0.53454577922821,-4.61071765906765e-21,8.31326067013416e-12,6.54871365468601e-11
0.535151839256287,-2.0700695661151e-20,-1.20519497159854e-10,-8.72207694957439e-10
0.535757899284363,2.53127251769714e-20,7.94438265172559e-11,5.48261325228339e-10
0.536363959312439,-4.61590732883849e-21,8.31278882534869e-12,6.54837850611045e-11
0.536970019340515,-2.0698028326793e-20,-1.20519330626401e-10,-8.72206584734414e-10
0.537576079368591,2.53203749820504e-20,7.94441248896938e-11,5.48263545674388e-10
0.538182139396667,-4.61831616925513e-21,8.31231698056323e-12,6.54804335753489e-11
0.538788199424744,-2.07056781318719e-20,-1.20519164092947e-10,-8.72205419000238e-10
0.539394319057465,2.53202586597767e-20,7.94444302010255e-11,5.48265766120437e-10
0.540000379085541,-4.61172942051025e-21,8.3118460031395e-12,6.54770890284873e-11
0.540606439113617,-2.07057427553573e-20,-1.20518997559493e-10,-8.72204308777214e-10
0.541212499141693,2.53131888504788e-20,7.94447355123573e-11,5.48267931055335e-10
0.541818559169769,-4.61157634362931e-21,8.31137415835403e-12,6.54737375427317e-11
0.542424619197845,-2.06962269471387e-20,-1.2051883102604e-10,-8.72203143043038e-10
0.543030679225922,2.53151324018009e-20,7.94450408236891e-11,5.48270151501384e-10
0.543636739253998,-4.62015026454888e-21,8.31090318093031e-12,6.54703860569761e-11
0.544242799282074,-2.06988070397915e-20,-1.20518664492586e-10,-8.72202032820013e-10
0.54484885931015,2.53218887871948e-20,7.94453461350209e-11,5.48272371947434e-10
0.545454919338226,-4.61881659736985e-21,8.31043133614484e-12,6.54670415101144e-11
0.546060979366302,-2.07044825973929e-20,-1.20518497959132e-10,-8.72200867085837e-10
0.546667039394379,2.53204816108012e-20,7.94456445074587e-11,5.48274592393483e-10
0.547273099422455,-4.61239140733836e-21,8.30995949135938e-12,6.54636900243588e-11
0.547879159450531,-2.07059511660976e-20,-1.20518331425679e-10,-8.72199756862813e-10
0.548485219478607,2.53132825545326e-20,7.94459498187905e-11,5.48276812839532e-10
0.549091279506683,-4.61273027673969e-21,8.30948851393565e-12,6.54603385386032e-11
0.54969733953476,-2.06978328407498e-20,-1.20518164892225e-10,-8.72198591128637e-10
0.550303399562836,2.53143294549953e-20,7.94462551301223e-11,5.48279033285581e-10
0.550909459590912,-4.62207846779318e-21,8.30901666915018e-12,6.54569870528476e-11
0.551515519618988,-2.06996309892298e-20,-1.20517998358771e-10,-8.72197480905612e-10
0.552121579647064,2.532250594148e-20,7.9446560441454e-11,5.48281198220479e-10
0.55272763967514,-4.61925644096705e-21,8.30854569172645e-12,6.5453642505986e-11
0.553333699703217,-2.070499150734e-20,-1.2051781794753e-10,-8.72196315171436e-10
0.553939759731293,2.53231440983979e-20,7.94468588138919e-11,5.48283418666529e-10
0.554545819759369,-4.61326745946171e-21,8.30807384694099e-12,6.54502910202304e-11
0.555151879787445,-2.07047039328302e-20,-1.20517651414076e-10,-8.72195204948412e-10
0.555757939815521,2.5315531451823e-20,7.94471641252237e-11,5.48285639112578e-10
0.556363999843597,-4.61305379806326e-21,8.30760200215552e-12,6.54469395344748e-11
0.556970059871674,-2.06995550566345e-20,-1.20517484880622e-10,-8.72194039214236e-10
0.55757611989975,2.53151727914792e-20,7.94474694365555e-11,5.48287859558627e-10
0.558182179927826,-4.6177179981188e-21,8.3071310247318e-12,6.54435949876131e-11
0.558788239955902,-2.06977375211089e-20,-1.20517318347169e-10,-8.72192928991211e-10
0.559394299983978,2.53210422195367e-20,7.94477747478872e-11,5.48290080004676e-10
0.560000360012054,-4.62001819030068e-21,8.30665917994633e-12,6.54402435018575e-11
0.560606420040131,-2.07054487184989e-20,-1.20517151813715e-10,-8.72191763257035e-10
0.561212480068207,2.53207191021099e-20,7.9448080059219e-11,5.48292300450726e-10
0.561818540096283,-4.61381918246794e-21,8.3061882025226e-12,6.54368920161019e-11
0.562424600124359,-2.07028217738192e-20,-1.20516985280261e-10,-8.72190653034011e-10
0.563030660152435,2.53147414297145e-20,7.94483784316569e-11,5.48294465385624e-10
0.563636720180511,-4.6143381898347e-21,8.30571635773714e-12,6.54335474692402e-11
0.564242780208588,-2.07000058054449e-20,-1.20516818746808e-10,-8.72189487299835e-10
0.564848840236664,2.53158674939468e-20,7.94486837429886e-11,5.48296685831673e-10
0.56545490026474,-4.61771395915097e-21,8.30524451295167e-12,6.54301959834847e-11
0.566060960292816,-2.06985727796571e-20,-1.20516652213354e-10,-8.7218837707681e-10
0.566667020320892,2.5318790091072e-20,7.94489890543204e-11,5.48298906277722e-10
0.567273080348969,-4.61823013924025e-21,8.30477353552794e-12,6.54268444977291e-11
0.567879140377045,-2.07028524699748e-20,-1.205164856799e-10,-8.72187211342634e-10
0.568485200405121,2.5320526847241e-20,7.94492943656522e-11,5.48301126723771e-10
0.569091260433197,-4.61579827670696e-21,8.30430169074248e-12,6.54234999508674e-11
0.569697320461273,-2.07024178770358e-20,-1.20516319146446e-10,-8.7218610111961e-10
0.570303380489349,2.53173570652843e-20,7.944959273809e-11,5.48303347169821e-10
0.570909440517426,-4.61662222614524e-21,8.30383071331875e-12,6.54201484651118e-11
0.571515500545502,-2.07012934283906e-20,-1.20516152612993e-10,-8.72184935385434e-10
0.572121560573578,2.53178772843414e-20,7.94498980494218e-11,5.4830556761587e-10
0.572727620601654,-4.61783512818601e-21,8.30335886853328e-12,6.54167969793562e-11
0.57333368062973,-2.07001108186086e-20,-1.20515972201751e-10,-8.72183825162409e-10
0.573939740657806,2.53197125913255e-20,7.94502033607536e-11,5.48307732550768e-10
0.574545800685883,-4.61830970690659e-21,8.30288702374782e-12,6.54134454936006e-11
0.575151860713959,-2.07026521371702e-20,-1.20515805668298e-10,-8.72182659428233e-10
0.575757920742035,2.53200147061195e-20,7.94505086720854e-11,5.48309952996817e-10
0.576364040374756,-4.61758471218026e-21,8.30241604632409e-12,6.54101009467389e-11
0.576970100402832,-2.0702227237754e-20,-1.20515639134844e-10,-8.72181549205209e-10
0.577576160430908,2.53183894254628e-20,7.94508139834171e-11,5.48312173442866e-10
0.578182220458984,-4.61613956948899e-21,8.30194420153862e-12,6.54067494609833e-11
0.578788280487061,-2.06984661509063e-20,-1.2051547260139e-10,-8.72180383471033e-10
0.579394340515137,2.53197820615722e-20,7.9451112355855e-11,5.48314393888916e-10
0.580000400543213,-4.61703500865795e-21,8.3014732241149e-12,6.54033979752278e-11
0.580606460571289,-2.06991140013469e-20,-1.20515306067936e-10,-8.72179273248008e-10
0.581212520599365,2.53188999509971e-20,7.94514176671868e-11,5.48316614334965e-10
0.581818580627441,-4.61899956261276e-21,8.30100137932943e-12,6.54000534283661e-11
0.582424640655518,-2.07013725921601e-20,-1.20515139534483e-10,-8.72178107513832e-10
0.583030700683594,2.53200664049078e-20,7.94517229785185e-11,5.48318834781014e-10
0.58363676071167,-4.6175055484107e-21,8.30052953454397e-12,6.53967019426105e-11
0.584242820739746,-2.06996503762754e-20,-1.20514973001029e-10,-8.72176997290808e-10
0.584848880767822,2.53194444038613e-20,7.94520282898503e-11,5.48320999715912e-10
0.585454940795898,-4.61702127616731e-21,8.30005855712024e-12,6.53933504568549e-11
0.586061000823975,-2.06999670313536e-20,-1.20514806467575e-10,-8.72175831556632e-10
0.586667060852051,2.53199226176529e-20,7.94523266622882e-11,5.48323220161961e-10
0.587273120880127,-4.61901612238089e-21,8.29958671233477e-12,6.53900059099932e-11
0.587879180908203,-2.07017716421822e-20,-1.20514639934122e-10,-8.72174721333607e-10
0.588485240936279,2.53193717024402e-20,7.945263197362e-11,5.48325440608011e-10
0.589091300964355,-4.61645582067045e-21,8.29911573491104e-12,6.53866544242376e-11
0.589697360992432,-2.06984580729706e-20,-1.20514473400668e-10,-8.72173555599431e-10
0.590303421020508,2.53199581605698e-20,7.94529372849517e-11,5.4832766105406e-10
0.590909481048584,-4.61804232723593e-21,8.29864389012558e-12,6.5383302938482e-11
0.59151554107666,-2.06994290408381e-20,-1.20514306867214e-10,-8.72172445376407e-10
0.592121601104736,2.53190453538392e-20,7.94532425962835e-11,5.48329881500109e-10
0.592727661132812,-4.618622323017e-21,8.29817204534011e-12,6.53799514527265e-11
0.593333721160889,-2.06972140708775e-20,-1.20514126455973e-10,-8.72171279642231e-10
0.593939781188965,2.53204282964258e-20,7.94535409687214e-11,5.48332046435007e-10
0.594545841217041,-4.61997941620947e-21,8.29770106791639e-12,6.53766069058648e-11
0.595151901245117,-2.07014065194899e-20,-1.20513959922519e-10,-8.72170169419206e-10
0.595757961273193,2.5318765857265e-20,7.94538462800531e-11,5.48334266881056e-10
0.59636402130127,-4.6171876816421e-21,8.29722922313092e-12,6.53732554201092e-11
0.596970081329346,-2.06957406554114e-20,-1.20513793389065e-10,-8.7216900368503e-10
0.597576141357422,2.53195057961723e-20,7.94541515913849e-11,5.48336487327106e-10
0.598182201385498,-4.61980291331509e-21,8.29675737834545e-12,6.53699039343536e-11
0.598788261413574,-2.06997133841736e-20,-1.20513626855612e-10,-8.72167893462006e-10
0.59939432144165,2.53213701837249e-20,7.94544569027167e-11,5.48338707773155e-10
0.600000381469727,-4.61774425140973e-21,8.29628640092173e-12,6.53665593874919e-11
0.600606441497803,-2.0701986515271e-20,-1.20513460322158e-10,-8.7216672772783e-10
0.601212501525879,2.53179709883951e-20,7.94547622140485e-11,5.48340928219204e-10
0.601818561553955,-4.61598851209197e-21,8.29581455613626e-12,6.53632079017363e-11
0.602424621582031,-2.06974984142131e-20,-1.20513293788704e-10,-8.72165561993654e-10
0.603030681610107,2.53158222575071e-20,7.94550605864863e-11,5.48343148665253e-10
0.603636741638184,-4.6206361523794e-21,8.29534357871253e-12,6.53598564159807e-11
0.60424280166626,-2.06949732515228e-20,-1.20513127255251e-10,-8.7216445177063e-10
0.604848861694336,2.53207530294397e-20,7.94553658978181e-11,5.48345313600151e-10
0.605454921722412,-4.62274732086661e-21,8.29487173392707e-12,6.53565118691191e-11
0.606060981750488,-2.07013176621976e-20,-1.20512960721797e-10,-8.72163286036454e-10
0.606667041778564,2.53220067250556e-20,7.94556712091499e-11,5.48347534046201e-10
0.607273101806641,-4.61760450312265e-21,8.2943998891416e-12,6.53531603833635e-11
0.607879161834717,-2.07022676274323e-20,-1.20512794188343e-10,-8.72162175813429e-10
0.608485221862793,2.53183975033985e-20,7.94559765204816e-11,5.4834975449225e-10
0.609091281890869,-4.61687223825421e-21,8.29392891171787e-12,6.53498088976079e-11
0.609697341918945,-2.06979330071521e-20,-1.2051262765489e-10,-8.72161010079253e-10
0.610303401947021,2.53150096171787e-20,7.94562748929195e-11,5.48351974938299e-10
0.610909461975098,-4.62044187802655e-21,8.29345706693241e-12,6.53464574118523e-11
0.611515522003174,-2.0694155764433e-20,-1.20512461121436e-10,-8.72159899856229e-10
0.61212158203125,2.53198208356634e-20,7.94565802042513e-11,5.48354195384348e-10
0.612727642059326,-4.62507457413298e-21,8.29298608950868e-12,6.53431128649906e-11
0.613333761692047,-2.07000914315629e-20,-1.20512280710194e-10,-8.72158734122053e-10
0.613939821720123,2.53212587082126e-20,7.94568855155831e-11,5.48356415830398e-10
0.614545881748199,-4.62019226981436e-21,8.29251424472321e-12,6.5339761379235e-11
0.615151941776276,-2.07015535379191e-20,-1.20512114176741e-10,-8.72157623899028e-10
0.615758001804352,2.53184362774897e-20,7.94571908269148e-11,5.48358580765296e-10
0.616364061832428,-4.61852740727288e-21,8.29204239993775e-12,6.53364098934794e-11
0.616970121860504,-2.07004791724751e-20,-1.20511947643287e-10,-8.72156458164852e-10
0.61757618188858,2.53151970252862e-20,7.94574961382466e-11,5.48360801211345e-10
0.618182241916656,-4.62202151834671e-21,8.29157142251402e-12,6.53330653466178e-11
0.618788301944733,-2.0697630892358e-20,-1.20511781109833e-10,-8.72155347941828e-10
0.619394361972809,2.53171922753966e-20,7.94577945106845e-11,5.48363021657394e-10
0.620000422000885,-4.6228600080692e-21,8.29109957772856e-12,6.53297138608622e-11
0.620606482028961,-2.06991689313095e-20,-1.2051161457638e-10,-8.72154182207652e-10
0.621212542057037,2.53191713696356e-20,7.94580998220162e-11,5.48365242103444e-10
0.621818602085114,-4.62073349150421e-21,8.29062860030483e-12,6.53263623751066e-11
0.62242466211319,-2.0700936383634e-20,-1.20511448042926e-10,-8.72153071984627e-10
0.623030722141266,2.53173570652843e-20,7.9458405133348e-11,5.48367462549493e-10
0.623636782169342,-4.61947252574621e-21,8.29015675551936e-12,6.53230178282449e-11
0.624242842197418,-2.07011044046959e-20,-1.20511281509472e-10,-8.72151906250451e-10
0.624848902225494,2.53140564207697e-20,7.94587104446798e-11,5.48369627484391e-10
0.625454962253571,-4.62173111655939e-21,8.2896849107339e-12,6.53196663424893e-11
0.626061022281647,-2.06979863215275e-20,-1.20511114976019e-10,-8.72150796027427e-10
0.626667082309723,2.53185525997633e-20,7.94590088171176e-11,5.4837184793044e-10
0.627273142337799,-4.6234686805219e-21,8.28921393331017e-12,6.53163148567337e-11
0.627879202365875,-2.06991091545855e-20,-1.20510948442565e-10,-8.72149630293251e-10
0.628485262393951,2.53201827271814e-20,7.94593141284494e-11,5.48374068376489e-10
0.629091322422028,-4.62047338197566e-21,8.2887420885247e-12,6.53129633709781e-11
0.629697382450104,-2.07017894136407e-20,-1.20510781909111e-10,-8.72148520070226e-10
0.63030344247818,2.53168966229511e-20,7.94596194397812e-11,5.48376288822539e-10
0.630909502506256,-4.61984532247736e-21,8.28827024373924e-12,6.53096188241165e-11
0.631515562534332,-2.07000752756916e-20,-1.20510615375657e-10,-8.7214735433605e-10
0.632121622562408,2.53161001384941e-20,7.9459924751113e-11,5.48378509268588e-10
0.632727682590485,-4.62188863630495e-21,8.28779926631551e-12,6.53062673383609e-11
0.633333742618561,-2.06966970829946e-20,-1.20510434964416e-10,-8.72146244113026e-10
0.633939802646637,2.53180323807062e-20,7.94602231235508e-11,5.48380729714637e-10
0.634545862674713,-4.62402767367022e-21,8.28732742153004e-12,6.53029158526053e-11
0.635151922702789,-2.06998927143455e-20,-1.20510268430962e-10,-8.7214507837885e-10
0.635757982730865,2.53206447851017e-20,7.94605284348826e-11,5.48382894649535e-10
0.636364042758942,-4.62081629034483e-21,8.28685644410632e-12,6.52995713057436e-11
0.636970102787018,-2.07011140982187e-20,-1.20510101897509e-10,-8.72143968155825e-10
0.637576162815094,2.53193506998075e-20,7.94608337462144e-11,5.48385115095584e-10
0.63818222284317,-4.62043178060696e-21,8.28638459932085e-12,6.5296219819988e-11
0.638788282871246,-2.06990445311002e-20,-1.20509935364055e-10,-8.72142802421649e-10
0.639394342899323,2.53160452085315e-20,7.94611390575461e-11,5.48387335541634e-10
0.640000402927399,-4.6213595315186e-21,8.28591275453539e-12,6.52928683342324e-11
0.640606462955475,-2.06961235495621e-20,-1.20509768830601e-10,-8.72141692198625e-10
0.641212522983551,2.53182004017682e-20,7.94614443688779e-11,5.48389555987683e-10
0.641818583011627,-4.62542192536677e-21,8.28544177711166e-12,6.52895168484768e-11
0.642424643039703,-2.06981236464339e-20,-1.20509602297147e-10,-8.72140526464449e-10
0.64303070306778,2.53213394875693e-20,7.94617427413158e-11,5.48391776433732e-10
0.643636763095856,-4.62321907230971e-21,8.28496993232619e-12,6.52861723016152e-11
0.644242823123932,-2.07025148122638e-20,-1.20509435763694e-10,-8.72139416241424e-10
0.644848883152008,2.53189807303538e-20,7.94620480526476e-11,5.4839394136863e-10
0.645454943180084,-4.62046530403999e-21,8.28449895490246e-12,6.52828208158596e-11
0.64606100320816,-2.07004678633651e-20,-1.2050926923024e-10,-8.72138250507248e-10
0.646667063236237,2.53144490084433e-20,7.94623533639793e-11,5.48396161814679e-10
0.647273123264313,-4.62307164998374e-21,8.284027110117e-12,6.5279469330104e-11
0.647879183292389,-2.06973659360681e-20,-1.20509102696786e-10,-8.72137140284224e-10
0.648485243320465,2.53176026345286e-20,7.94626586753111e-11,5.48398382260729e-10
0.649091303348541,-4.62623698907582e-21,8.28355526533153e-12,6.52761247832423e-11
0.649697363376617,-2.06982642025145e-20,-1.20508936163333e-10,-8.72135974550048e-10
0.650303423404694,2.53208483490806e-20,7.9462957047749e-11,5.48400602706778e-10
0.650909543037415,-4.62266290643887e-21,8.2830842879078e-12,6.52727732974867e-11
0.651515603065491,-2.07009993915322e-20,-1.20508769629879e-10,-8.72134808815872e-10
0.652121663093567,2.53205333095895e-20,7.94632623590807e-11,5.48402823152827e-10
0.652727723121643,-4.61940143991232e-21,8.28261244312234e-12,6.52694218117311e-11
0.653333783149719,-2.06990816896043e-20,-1.20508589218637e-10,-8.72133698592847e-10
0.653939843177795,2.53169289346938e-20,7.94635676704125e-11,5.48405043598876e-10
0.654545903205872,-4.62180785694825e-21,8.28214059833687e-12,6.52660703259755e-11
0.655151963233948,-2.0695519319974e-20,-1.20508422685184e-10,-8.72132532858672e-10
0.655758023262024,2.53179661416337e-20,7.94638729817443e-11,5.48407208533774e-10
0.6563640832901,-4.62634482951701e-21,8.28166962091315e-12,6.52627257791139e-11
0.656970143318176,-2.06969652704589e-20,-1.2050825615173e-10,-8.72131422635647e-10
0.657576203346252,2.532353183931e-20,7.94641713541822e-11,5.48409428979824e-10
0.658182263374329,-4.62446145881567e-21,8.28119777612768e-12,6.52593742933583e-11
0.658788323402405,-2.07035730218365e-20,-1.20508089618276e-10,-8.72130256901471e-10
0.659394383430481,2.53195720352448e-20,7.94644766655139e-11,5.48411649425873e-10
0.660000443458557,-4.61949433617252e-21,8.28072679870395e-12,6.52560228076027e-11
0.660606503486633,-2.06996083710099e-20,-1.20507923084823e-10,-8.72129146678446e-10
0.661212563514709,2.53163263206928e-20,7.94647819768457e-11,5.48413869871922e-10
0.661818623542786,-4.62387782796355e-21,8.28025495391849e-12,6.5252678260741e-11
0.662424683570862,-2.06957390398242e-20,-1.20507756551369e-10,-8.72127980944271e-10
0.663030743598938,2.5318174552374e-20,7.94650872881775e-11,5.48416090317971e-10
0.663636803627014,-4.62616024868696e-21,8.27978310913302e-12,6.52493267749854e-11
0.66424286365509,-2.06984855379519e-20,-1.20507590017915e-10,-8.72126870721246e-10
0.664848923683167,2.53216916855645e-20,7.94653856606153e-11,5.48418255252869e-10
0.665454983711243,-4.62448690431303e-21,8.27931213170929e-12,6.52459752892298e-11
0.666061043739319,-2.07010446279719e-20,-1.20507423484462e-10,-8.7212570498707e-10
0.666667103767395,2.53195930378776e-20,7.94656909719471e-11,5.48420475698919e-10
0.667273163795471,-4.62178160365733e-21,8.27884028692383e-12,6.52426238034742e-11
0.667879223823547,-2.06997246932836e-20,-1.20507256951008e-10,-8.72124594764045e-10
0.668485283851624,2.53165363470202e-20,7.94659962832789e-11,5.48422696144968e-10
0.6690913438797,-4.62285112233996e-21,8.27836844213836e-12,6.52392792566125e-11
0.669697403907776,-2.06954918549928e-20,-1.20507090417554e-10,-8.7212342902987e-10
0.670303463935852,2.53174426914024e-20,7.94663015946107e-11,5.48424916591017e-10
0.670909523963928,-4.62596557043733e-21,8.27789746471463e-12,6.5235927770857e-11
0.671515583992004,-2.0697690669082e-20,-1.20506910006313e-10,-8.72122318806845e-10
0.672121644020081,2.53202182700984e-20,7.94666069059424e-11,5.48427137037066e-10
0.672727704048157,-4.62449215497122e-21,8.27742561992917e-12,6.52325762851014e-11
0.673333764076233,-2.06984128365308e-20,-1.20506743472859e-10,-8.72121153072669e-10
0.673939824104309,2.53208014970537e-20,7.94669052783803e-11,5.48429357483116e-10
0.674545884132385,-4.62358055993092e-21,8.27695464250544e-12,6.52292317382397e-11
0.675151944160461,-2.06992222456849e-20,-1.20506576939405e-10,-8.72120042849645e-10
0.675758004188538,2.53187917066592e-20,7.94672105897121e-11,5.48431522418014e-10
0.676364064216614,-4.62252315815178e-21,8.27648279771998e-12,6.52258802524841e-11
0.67697012424469,-2.06963384226509e-20,-1.20506410405952e-10,-8.72118877115469e-10
0.677576184272766,2.53200987166505e-20,7.94675159010438e-11,5.48433742864063e-10
0.678182244300842,-4.62462099804514e-21,8.27601095293451e-12,6.52225287667285e-11
0.678788304328918,-2.06972189176389e-20,-1.20506243872498e-10,-8.72117766892444e-10
0.679394364356995,2.53219598730287e-20,7.94678212123756e-11,5.48435963310112e-10
0.680000424385071,-4.62330994908599e-21,8.27553997551078e-12,6.52191772809729e-11
0.680606484413147,-2.06979071577579e-20,-1.20506077339044e-10,-8.72116601158268e-10
0.681212544441223,2.53184621268838e-20,7.94681195848135e-11,5.48438183756161e-10
0.681818604469299,-4.62330348673745e-21,8.27506813072532e-12,6.52158327341112e-11
0.682424664497375,-2.06964369734661e-20,-1.20505910805591e-10,-8.72115490935244e-10
0.683030724525452,2.53202328103826e-20,7.94684248961453e-11,5.48440404202211e-10
0.683636784553528,-4.62336366735819e-21,8.27459628593985e-12,6.52124812483557e-11
0.684242844581604,-2.06980234800316e-20,-1.20505744272137e-10,-8.72114325201068e-10
0.68484890460968,2.53198886903231e-20,7.9468730207477e-11,5.48442569137109e-10
0.685454964637756,-4.62355349884642e-21,8.27412530851612e-12,6.52091297626001e-11
0.686061024665833,-2.06965258307584e-20,-1.20505577738683e-10,-8.72113159466892e-10
0.686667084693909,2.53200631737335e-20,7.94690355188088e-11,5.48444789583158e-10
0.687273144721985,-4.62522240035574e-21,8.27365346373066e-12,6.52057852157384e-11
0.687879264354706,-2.06964644384474e-20,-1.2050541120523e-10,-8.72112049243867e-10
0.688485324382782,2.53206593253859e-20,7.94693338912467e-11,5.48447010029207e-10
0.689091384410858,-4.62412541669182e-21,8.27318248630693e-12,6.52024337299828e-11
0.689697444438934,-2.06974725648189e-20,-1.20505244671776e-10,-8.72110883509691e-10
0.69030350446701,2.53209000478689e-20,7.94696392025784e-11,5.48449230475256e-10
0.690909564495087,-4.62341819342396e-21,8.27271064152146e-12,6.51990822442272e-11
0.691515624523163,-2.06966163036379e-20,-1.20505064260534e-10,-8.72109773286667e-10
0.692121684551239,2.53196802795828e-20,7.94699445139102e-11,5.48451450921306e-10
0.692727744579315,-4.62420377266782e-21,8.272238796736e-12,6.51957307584716e-11
0.693333804607391,-2.06942947049265e-20,-1.20504897727081e-10,-8.72108607552491e-10
0.693939864635468,2.5321649680299e-20,7.9470249825242e-11,5.48453671367355e-10
0.694545924663544,-4.62655081687658e-21,8.27176781931227e-12,6.51923862116099e-11
0.69515198469162,-2.06977472146317e-20,-1.20504731193627e-10,-8.72107497329466e-10
0.695758044719696,2.53227983627512e-20,7.94705481976798e-11,5.48455836302253e-10
0.696364104747772,-4.62451921605571e-21,8.2712959745268e-12,6.51890347258544e-11
0.696970164775848,-2.06962802615141e-20,-1.20504564660173e-10,-8.7210633159529e-10
0.697576224803925,2.53206625565602e-20,7.94708535090116e-11,5.48458056748302e-10
0.698182284832001,-4.62450386797794e-21,8.27082412974134e-12,6.51856832400988e-11
0.698788344860077,-2.0696701929756e-20,-1.2050439812672e-10,-8.72105221372266e-10
0.699394404888153,2.5318717389651e-20,7.94711588203434e-11,5.48460277194351e-10
0.700000464916229,-4.62576846880699e-21,8.27035315231761e-12,6.51823386932371e-11
0.700606524944305,-2.06959038297119e-20,-1.20504231593266e-10,-8.7210405563809e-10
0.701212584972382,2.53213653369635e-20,7.94714641316752e-11,5.48462497640401e-10
0.701818645000458,-4.62778633713722e-21,8.26988130753215e-12,6.51789872074815e-11
0.702424705028534,-2.06975436506528e-20,-1.20504065059812e-10,-8.72102945415065e-10
0.70303076505661,2.53206464006889e-20,7.9471762504113e-11,5.4846471808645e-10
0.703636825084686,-4.62541667470859e-21,8.26941033010842e-12,6.51756357217259e-11
0.704242885112762,-2.06964999813643e-20,-1.20503898526358e-10,-8.72101779680889e-10
0.704848945140839,2.53202037298142e-20,7.94720678154448e-11,5.48466883021348e-10
0.705455005168915,-4.62577493115553e-21,8.26893848532295e-12,6.51722842359703e-11
0.706061065196991,-2.06951751999145e-20,-1.20503731992905e-10,-8.72100669457865e-10
0.706667125225067,2.53213297940465e-20,7.94723731267766e-11,5.48469103467397e-10
0.707273185253143,-4.6279507231281e-21,8.26846664053749e-12,6.51689396891086e-11
0.707879245281219,-2.0696604994528e-20,-1.20503565459451e-10,-8.72099503723689e-10
0.708485305309296,2.53209242816759e-20,7.94726784381083e-11,5.48471323913446e-10
0.709091365337372,-4.62784167099656e-21,8.26799566311376e-12,6.51655882033531e-11
0.709697425365448,-2.06974887206902e-20,-1.2050338504821e-10,-8.72098393500664e-10
0.710303485393524,2.53233735117709e-20,7.94729837494401e-11,5.48473544359496e-10
0.7109095454216,-4.62536901488814e-21,8.26752381832829e-12,6.51622367175975e-11
0.711515605449677,-2.06982205816619e-20,-1.20503218514756e-10,-8.72097227766488e-10
0.712121665477753,2.53188417898603e-20,7.9473282121878e-11,5.48475764805545e-10
0.712727725505829,-4.62592396906863e-21,8.26705197354283e-12,6.51588852318419e-11
0.713333785533905,-2.06958375906394e-20,-1.20503051981302e-10,-8.72096117543464e-10
0.713939845561981,2.5318355498133e-20,7.94735874332098e-11,5.48477985251594e-10
0.714545905590057,-4.62739455725725e-21,8.2665809961191e-12,6.51555406849802e-11
0.715151965618134,-2.06965759139596e-20,-1.20502885447848e-10,-8.72094951809288e-10
0.71575802564621,2.53220018782942e-20,7.94738927445415e-11,5.48480150186492e-10
0.716364085674286,-4.62885949089091e-21,8.26610915133363e-12,6.51521891992246e-11
0.716970145702362,-2.06984225300536e-20,-1.20502718914395e-10,-8.72093786075112e-10
0.717576205730438,2.53224090062519e-20,7.94741980558733e-11,5.48482370632541e-10
0.718182265758514,-4.62576442983916e-21,8.26563817390991e-12,6.5148837713469e-11
0.718788325786591,-2.06954595432501e-20,-1.20502552380941e-10,-8.72092675852087e-10
0.719394385814667,2.53208079594023e-20,7.94744964283112e-11,5.48484591078591e-10
0.720000445842743,-4.62599626659287e-21,8.26516632912444e-12,6.51454931666073e-11
0.720606505870819,-2.06952624416197e-20,-1.20502385847487e-10,-8.72091510117912e-10
0.721212565898895,2.53200922543019e-20,7.94748017396429e-11,5.4848681152464e-10
0.721818625926971,-4.62703791639745e-21,8.26469448433897e-12,6.51421416808518e-11
0.722424685955048,-2.06923043015776e-20,-1.20502219314034e-10,-8.72090399894887e-10
0.723030745983124,2.53203879067474e-20,7.94751070509747e-11,5.48489031970689e-10
0.7236368060112,-4.62958650510116e-21,8.26422350691525e-12,6.51387901950962e-11
0.724242866039276,-2.06954207691589e-20,-1.2050205278058e-10,-8.72089234160711e-10
0.724848985671997,2.53240876012841e-20,7.94754123623065e-11,5.48491196905587e-10
0.725455045700073,-4.62795880106377e-21,8.26375166212978e-12,6.51354387093406e-11
0.726061105728149,-2.06985485458501e-20,-1.20501886247126e-10,-8.72088123937687e-10
0.726667165756226,2.53212102405986e-20,7.94757107347444e-11,5.48493417351636e-10
0.727273225784302,-4.6254675657033e-21,8.26327981734432e-12,6.51320941624789e-11
0.727879285812378,-2.06936920909256e-20,-1.20501705835885e-10,-8.72086958203511e-10
0.728485345840454,2.53204169873159e-20,7.94760160460761e-11,5.48495637797686e-10
0.72909140586853,-4.62786307752608e-21,8.26280883992059e-12,6.51287426767233e-11
0.729697465896606,-2.06920409608748e-20,-1.20501539302431e-10,-8.72085847980486e-10
0.730303525924683,2.53214897371728e-20,7.94763213574079e-11,5.48497858243735e-10
0.730909585952759,-4.63016165412083e-21,8.26233699513512e-12,6.51253911909677e-11
0.731515645980835,-2.06960524637282e-20,-1.20501372768977e-10,-8.7208468224631e-10
0.732121706008911,2.53227272769173e-20,7.94766266687397e-11,5.48500078689784e-10
0.732727766036987,-4.62753067047328e-21,8.26186515034966e-12,6.51220397052121e-11
0.733333826065063,-2.06962705679913e-20,-1.20501206235524e-10,-8.72083572023286e-10
0.73393988609314,2.53210486818852e-20,7.94769250411775e-11,5.48502243624682e-10
0.734545946121216,-4.62679355884345e-21,8.26139417292593e-12,6.51186951583504e-11
0.735152006149292,-2.06937777170437e-20,-1.2050103970207e-10,-8.7208240628911e-10
0.735758066177368,2.53194266324028e-20,7.94772303525093e-11,5.48504464070732e-10
0.736364126205444,-4.62838289268641e-21,8.26092232814046e-12,6.51153436725949e-11
0.736970186233521,-2.0690897125184e-20,-1.20500873168616e-10,-8.72081296066085e-10
0.737576246261597,2.53228936823921e-20,7.94775356638411e-11,5.48506684516781e-10
0.738182306289673,-4.63062896269931e-21,8.26045135071674e-12,6.51119921868393e-11
0.738788366317749,-2.06947179887556e-20,-1.20500706635163e-10,-8.72080130331909e-10
0.739394426345825,2.53227256613302e-20,7.94778409751729e-11,5.4850890496283e-10
0.740000486373901,-4.62902428077857e-21,8.25997950593127e-12,6.51086476399776e-11
0.740606546401978,-2.06950249503111e-20,-1.20500540101709e-10,-8.72079020108885e-10
0.741212606430054,2.53229906176201e-20,7.94781393476107e-11,5.48511125408879e-10
0.74181866645813,-4.6269438084469e-21,8.2595076611458e-12,6.5105296154222e-11
0.742424726486206,-2.06971995305933e-20,-1.20500373568255e-10,-8.72077854374709e-10
0.743030786514282,2.53196318119688e-20,7.94784446589425e-11,5.48513290343777e-10
0.743636846542358,-4.6279628400316e-21,8.25903668372208e-12,6.51019446684664e-11
0.744242906570435,-2.06942446217254e-20,-1.20500207034802e-10,-8.72076688640533e-10
0.744848966598511,2.53199920878996e-20,7.94787499702743e-11,5.48515510789827e-10
0.745455026626587,-4.63025091530998e-21,8.25856483893661e-12,6.50985931827108e-11
0.746061086654663,-2.06924319329612e-20,-1.2050002662356e-10,-8.72075578417508e-10
0.746667146682739,2.53239131178736e-20,7.9479055281606e-11,5.48517731235876e-10
0.747273206710815,-4.6313305314122e-21,8.25809299415114e-12,6.50952486358491e-11
0.747879266738892,-2.06951154231906e-20,-1.20499860090106e-10,-8.72074412683332e-10
0.748485326766968,2.53251991252322e-20,7.94793536540439e-11,5.48519951681925e-10
0.749091386795044,-4.62894794428649e-21,8.25762201672742e-12,6.50918971500936e-11
0.74969744682312,-2.06968117896811e-20,-1.20499693556653e-10,-8.72073302460308e-10
0.750303506851196,2.5322265218997e-20,7.94796589653757e-11,5.48522172127974e-10
0.750909566879272,-4.62605806280074e-21,8.25715017194195e-12,6.5088545664338e-11
0.751515626907349,-2.06926807333798e-20,-1.20499527023199e-10,-8.72072136726132e-10
0.752121686935425,2.5320383059986e-20,7.94799642767074e-11,5.48524392574024e-10
0.752727746963501,-4.62883202590964e-21,8.25667832715649e-12,6.50851941785824e-11
0.753333806991577,-2.06913834169113e-20,-1.20499360489745e-10,-8.72071026503107e-10
0.753939867019653,2.53221731305304e-20,7.94802695880392e-11,5.48526557508922e-10
0.754545927047729,-4.63267671939152e-21,8.25620734973276e-12,6.50818496317207e-11
0.755151987075806,-2.0693986127784e-20,-1.20499193956292e-10,-8.72069860768931e-10
0.755758047103882,2.5327236380608e-20,7.94805679604771e-11,5.48528777954971e-10
0.756364107131958,-4.62799595956785e-21,8.25573550494729e-12,6.50784981459651e-11
0.756970167160034,-2.06945564300422e-20,-1.20499027422838e-10,-8.72068750545907e-10
0.75757622718811,2.53227385860273e-20,7.94808732718089e-11,5.4853099840102e-10
0.758182287216187,-4.62448569262268e-21,8.25526366016183e-12,6.50751466602095e-11
0.758788347244263,-2.06944514168785e-20,-1.20498860889384e-10,-8.72067584811731e-10
0.759394407272339,2.53198919214973e-20,7.94811785831406e-11,5.48533218847069e-10
0.760000467300415,-4.62732872208155e-21,8.2547926827381e-12,6.50718021133478e-11
0.760606527328491,-2.06898486091341e-20,-1.20498694355931e-10,-8.72066474588706e-10
0.761212587356567,2.53237806397286e-20,7.94814838944724e-11,5.48535439293119e-10
0.761818647384644,-4.6305094092514e-21,8.25432083795263e-12,6.50684506275923e-11
0.762424767017365,-2.06944756506855e-20,-1.20498527822477e-10,-8.7206530885453e-10
0.763030827045441,2.53258954432869e-20,7.94817822669103e-11,5.48537604228017e-10
0.763636887073517,-4.62750441718236e-21,8.25384986052891e-12,6.50650991418367e-11
0.764242947101593,-2.06936581635958e-20,-1.20498347411235e-10,-8.72064198631506e-10
0.764849007129669,2.53237402500503e-20,7.9482087578242e-11,5.48539824674066e-10
0.765455067157745,-4.62615620971913e-21,8.25337801574344e-12,6.50617476560811e-11
0.766061127185822,-2.0692068425856e-20,-1.20498180877782e-10,-8.7206303289733e-10
0.766667187213898,2.53213976487061e-20,7.94823928895738e-11,5.48542045120115e-10
0.767273247241974,-4.62693371102731e-21,8.25290617095797e-12,6.50584031092194e-11
0.76787930727005,-2.0693431981397e-20,-1.20498014344328e-10,-8.72061922674305e-10
0.768485367298126,2.53221004291094e-20,7.94826982009056e-11,5.48544265566164e-10
0.769091427326202,-4.62818296377859e-21,8.25243519353425e-12,6.50550516234638e-11
0.769697487354279,-2.06942995516879e-20,-1.20497847810874e-10,-8.7206075694013e-10
0.770303547382355,2.53226125702308e-20,7.94829965733435e-11,5.48546486012214e-10
0.770909607410431,-4.62764699274692e-21,8.25196334874878e-12,6.50517001377082e-11
0.771515667438507,-2.06914561183323e-20,-1.20497681277421e-10,-8.72059591205954e-10
0.772121727466583,2.53234704469989e-20,7.94833018846752e-11,5.48548650947112e-10
0.772727787494659,-4.6279628400316e-21,8.25149150396332e-12,6.50483486519526e-11
0.773333847522736,-2.06939602783898e-20,-1.20497514743967e-10,-8.72058480982929e-10
0.773939907550812,2.53224380868204e-20,7.9483607196007e-11,5.48550871393161e-10
0.774545967578888,-4.6263670438401e-21,8.25102052653959e-12,6.5045004105091e-11
0.775152027606964,-2.06893138497928e-20,-1.20497348210513e-10,-8.72057315248753e-10
0.77575808763504,2.53252992916345e-20,7.94839125073388e-11,5.4855309183921e-10
0.776364147663116,-4.63002957987263e-21,8.25054868175412e-12,6.50416526193354e-11
0.776970207691193,-2.06909035875325e-20,-1.20497181677059e-10,-8.72056205025729e-10
0.777576267719269,2.53250908808942e-20,7.94842108797766e-11,5.48555312285259e-10
0.778182327747345,-4.62825768468354e-21,8.25007683696866e-12,6.50383011335798e-11
0.778788387775421,-2.06906370156554e-20,-1.20497015143606e-10,-8.72055039291553e-10
0.779394447803497,2.53263736570785e-20,7.94845161911084e-11,5.48557532731309e-10
0.780000507831573,-4.62735134030142e-21,8.24960585954493e-12,6.50349496478242e-11
0.78060656785965,-2.0693637160963e-20,-1.20496834732364e-10,-8.72053929068528e-10
0.781212627887726,2.53236190810152e-20,7.94848215024402e-11,5.48559697666207e-10
0.781818687915802,-4.62839420179635e-21,8.24913401475946e-12,6.50316051009625e-11
0.782424747943878,-2.06881522426435e-20,-1.20496668198911e-10,-8.72052763334352e-10
0.783030807971954,2.53251199614626e-20,7.9485126813772e-11,5.48561918112256e-10
0.783636868000031,-4.62847982791445e-21,8.248662169974e-12,6.50282536152069e-11
0.784242928028107,-2.06898421467855e-20,-1.20496501665457e-10,-8.72051653111328e-10
0.784848988056183,2.53252879825245e-20,7.94854251862098e-11,5.48564138558305e-10
0.785455048084259,-4.62993102905747e-21,8.24819119255027e-12,6.50249021294513e-11
0.786061108112335,-2.06917711578234e-20,-1.20496335132003e-10,-8.72050487377152e-10
0.786667168140411,2.53259875317535e-20,7.94857304975416e-11,5.48566359004354e-10
0.787273228168488,-4.62862240347901e-21,8.2477193477648e-12,6.50215506436957e-11
0.787879288196564,-2.06910360656775e-20,-1.2049616859855e-10,-8.72049377154127e-10
0.78848534822464,2.53257048040051e-20,7.94860358088734e-11,5.48568579450404e-10
0.789091408252716,-4.62745312229086e-21,8.24724837034108e-12,6.50182060968341e-11
0.789697468280792,-2.06907064859022e-20,-1.20496002065096e-10,-8.72048211419951e-10
0.790303528308868,2.53237515591602e-20,7.94863411202051e-11,5.48570744385302e-10
0.790909588336945,-4.62640258675704e-21,8.24677652555561e-12,6.50148546110785e-11
0.791515648365021,-2.06888889503765e-20,-1.20495835531642e-10,-8.72047101196927e-10
0.792121708393097,2.5325751656032e-20,7.9486639492643e-11,5.48572964831351e-10
0.792727768421173,-4.62937001642522e-21,8.24630468077014e-12,6.50115031253229e-11
0.793333828449249,-2.06905610830601e-20,-1.20495668998188e-10,-8.72045935462751e-10
0.793939888477325,2.53265061352235e-20,7.94869448039748e-11,5.485751852774e-10
0.794545948505402,-4.62748058727213e-21,8.24583370334642e-12,6.50081585784612e-11
0.795152008533478,-2.0690994060412e-20,-1.20495502464735e-10,-8.72044769728575e-10
0.795758068561554,2.53253380657257e-20,7.94872501153066e-11,5.48577405723449e-10
0.79636412858963,-4.62685171998027e-21,8.24536185856095e-12,6.50048070927056e-11
0.796970188617706,-2.0690305820293e-20,-1.20495335931281e-10,-8.7204365950555e-10
0.797576248645782,2.53246579035423e-20,7.94875554266383e-11,5.48579626169499e-10
0.798182308673859,-4.62766274472148e-21,8.24489001377549e-12,6.500145560695e-11
0.798788368701935,-2.06891765248864e-20,-1.2049515552004e-10,-8.72042493771374e-10
0.799394488334656,2.53251038055913e-20,7.94878537990762e-11,5.48581791104397e-10
0.800000548362732,-4.62795031923131e-21,8.24441903635176e-12,6.49981041211944e-11
0.800606608390808,-2.06891700625378e-20,-1.20494988986586e-10,-8.7204138354835e-10
0.801212668418884,2.53270473569134e-20,7.9488159110408e-11,5.48584011550446e-10
0.80181872844696,-4.62835300432444e-21,8.24394719156629e-12,6.49947595743328e-11
0.802424788475037,-2.06930620119434e-20,-1.20494822453132e-10,-8.72040217814174e-10
0.803030848503113,2.53240310557344e-20,7.94884644217397e-11,5.48586231996495e-10
0.803636908531189,-4.62721361149826e-21,8.24347534678083e-12,6.49914080885772e-11
0.804242968559265,-2.06895561878628e-20,-1.20494655919678e-10,-8.72039107591149e-10
0.804849028587341,2.5324158687118e-20,7.94887697330715e-11,5.48588452442544e-10
0.805455088615417,-4.6297884534929e-21,8.2430043693571e-12,6.49880566028216e-11
0.806061148643494,-2.06869615549258e-20,-1.20494489386225e-10,-8.72037941856973e-10
0.80666720867157,2.53273979393214e-20,7.94890681055094e-11,5.48590672888594e-10
0.807273268699646,-4.63052960409057e-21,8.24253252457163e-12,6.4984705117066e-11
0.807879328727722,-2.06910570683102e-20,-1.20494322852771e-10,-8.72036831633949e-10
0.808485388755798,2.53264269714539e-20,7.94893734168411e-11,5.48592837823492e-10
0.809091448783875,-4.62913858356829e-21,8.24206067978617e-12,6.49813605702043e-11
0.809697508811951,-2.06926775022055e-20,-1.20494156319317e-10,-8.72035665899773e-10
0.810303568840027,2.53233654338352e-20,7.94896787281729e-11,5.48595058269541e-10
0.810909628868103,-4.62829201591013e-21,8.24158970236244e-12,6.49780090844487e-11
0.811515688896179,-2.06875867871466e-20,-1.20493989785864e-10,-8.72034555676748e-10
0.812121748924255,2.53243170146571e-20,7.94899840395047e-11,5.4859727871559e-10
0.812727808952332,-4.62881990900613e-21,8.24111785757697e-12,6.49746575986931e-11
0.813333868980408,-2.06854138224515e-20,-1.2049382325241e-10,-8.72033389942573e-10
0.813939929008484,2.53264269714539e-20,7.94902824119426e-11,5.48599499161639e-10
0.81454598903656,-4.63095733078427e-21,8.24064601279151e-12,6.49713061129376e-11
0.815152049064636,-2.06916225238071e-20,-1.20493642841168e-10,-8.72032224208397e-10
0.815758109092712,2.53259632979465e-20,7.94905877232743e-11,5.48601719607689e-10
0.816364169120789,-4.6283025172265e-21,8.24017503536778e-12,6.49679615660759e-11
0.816970229148865,-2.06914383468738e-20,-1.20493476307715e-10,-8.72031113985372e-10
0.817576289176941,2.53253412969e-20,7.94908930346061e-11,5.48603940053738e-10
0.818182349205017,-4.62845559410744e-21,8.23970319058231e-12,6.49646100803203e-11
0.818788409233093,-2.06886304564351e-20,-1.20493309774261e-10,-8.72029948251196e-10
0.819394469261169,2.53237224785918e-20,7.94911983459379e-11,5.48606104988636e-10
0.820000529289246,-4.63041045453945e-21,8.23923134579685e-12,6.49612585945647e-11
0.820606589317322,-2.06887193137275e-20,-1.20493143240807e-10,-8.72028838028172e-10
0.821212649345398,2.53258211262787e-20,7.94914967183757e-11,5.48608325434685e-10
0.821818709373474,-4.63298731601801e-21,8.23876036837312e-12,6.49579071088091e-11
0.82242476940155,-2.06917630798877e-20,-1.20492976707354e-10,-8.72027672293996e-10
0.823030829429626,2.53253574527713e-20,7.94918020297075e-11,5.48610545880734e-10
0.823636889457703,-4.62919916808581e-21,8.23828852358766e-12,6.49545625619474e-11
0.824242949485779,-2.06906935612051e-20,-1.204928101739e-10,-8.72026562070971e-10
0.824849009513855,2.53228581394752e-20,7.94921073410393e-11,5.48612766326784e-10
0.825455069541931,-4.63072307064986e-21,8.23781754616393e-12,6.49512110761918e-11
0.826061129570007,-2.06875270104227e-20,-1.20492643640446e-10,-8.72025396336795e-10
0.826667189598083,2.53244478772149e-20,7.94924126523711e-11,5.48614986772833e-10
0.82727324962616,-4.63239722281735e-21,8.23734570137846e-12,6.49478595904363e-11
0.827879309654236,-2.06903413632099e-20,-1.20492477106993e-10,-8.72024286113771e-10
0.828485369682312,2.53256304869969e-20,7.94927110248089e-11,5.48617151707731e-10
0.829091429710388,-4.63058978471131e-21,8.236873856593e-12,6.49445081046807e-11
0.829697489738464,-2.06911297697312e-20,-1.20492310573539e-10,-8.72023120379595e-10
0.830303549766541,2.53261167787242e-20,7.94930163361407e-11,5.4861937215378e-10
0.830909609794617,-4.62951663095762e-21,8.23640287916927e-12,6.4941163557819e-11
0.831515669822693,-2.0689220145739e-20,-1.20492144040085e-10,-8.7202201015657e-10
0.832121729850769,2.53239696634233e-20,7.94933216474725e-11,5.48621592599829e-10
0.832727789878845,-4.63044640135318e-21,8.2359310343838e-12,6.49378120720634e-11
0.833333849906921,-2.068981145063e-20,-1.20491963628844e-10,-8.72020844422394e-10
0.833939909934998,2.53245076539389e-20,7.94936269588042e-11,5.48623813045879e-10
0.834545969963074,-4.63186529075352e-21,8.23545918959834e-12,6.49344605863078e-11
0.83515202999115,-2.06858322595192e-20,-1.2049179709539e-10,-8.72019678688218e-10
0.835758090019226,2.53283656760146e-20,7.94939253312421e-11,5.48626033491928e-10
0.836364209651947,-4.63333345556144e-21,8.23498821217461e-12,6.49311091005522e-11
0.836970269680023,-2.06913575675171e-20,-1.20491630561936e-10,-8.72018568465194e-10
0.837576329708099,2.53260489240646e-20,7.94942306425739e-11,5.48628198426826e-10
0.838182389736176,-4.62978926128647e-21,8.23451636738914e-12,6.49277645536905e-11
0.838788449764252,-2.06925434084734e-20,-1.20491464028483e-10,-8.72017402731018e-10
0.839394509792328,2.53238904996537e-20,7.94945359539057e-11,5.48630418872875e-10
0.840000569820404,-4.62801776999415e-21,8.23404452260368e-12,6.49244130679349e-11
0.84060662984848,-2.06880456138926e-20,-1.20491297495029e-10,-8.72016292507993e-10
0.841212689876556,2.53230552411055e-20,7.94948412652374e-11,5.48632639318924e-10
0.841818749904633,-4.63232492529311e-21,8.23357354517995e-12,6.49210615821794e-11
0.842424809932709,-2.06849178372014e-20,-1.20491130961575e-10,-8.72015126773817e-10
0.843030869960785,2.5327333315836e-20,7.94951396376753e-11,5.48634859764974e-10
0.843636929988861,-4.63366667040781e-21,8.23310170039449e-12,6.49177100964238e-11
0.844242990016937,-2.06896369672195e-20,-1.20490964428122e-10,-8.72014016550793e-10
0.844849050045013,2.53294610440914e-20,7.94954449490071e-11,5.48637080211023e-10
0.84545511007309,-4.62908526919287e-21,8.23262985560902e-12,6.49143655495621e-11
0.846061170101166,-2.06906838676823e-20,-1.20490797894668e-10,-8.72012850816617e-10
0.846667230129242,2.53250101015375e-20,7.94957502603388e-11,5.48639245145921e-10
0.847273290157318,-4.62820275472098e-21,8.23215887818529e-12,6.49110140638065e-11
0.847879350185394,-2.06873799919935e-20,-1.20490631361214e-10,-8.72011740593592e-10
0.84848541021347,2.53240843701098e-20,7.94960555716706e-11,5.4864146559197e-10
0.849091470241547,-4.63315937604777e-21,8.23168703339983e-12,6.49076625780509e-11
0.849697530269623,-2.06851472505744e-20,-1.20490450949973e-10,-8.72010574859416e-10
0.850303590297699,2.53263025712446e-20,7.94963539441085e-11,5.48643686038019e-10
0.850909650325775,-4.63393162669777e-21,8.23121518861436e-12,6.49043110922953e-11
0.851515710353851,-2.06892314548489e-20,-1.20490284416519e-10,-8.72009464636392e-10
0.852121770381927,2.53282994369421e-20,7.94966592554402e-11,5.48645906484069e-10
0.852727830410004,-4.63122672993885e-21,8.23074421119063e-12,6.49009665454336e-11
0.85333389043808,-2.06903849840625e-20,-1.20490117883065e-10,-8.72008298902216e-10
0.853939950466156,2.53269148787684e-20,7.9496964566772e-11,5.48648071418967e-10
0.854546010494232,-4.63000009540744e-21,8.23027236640517e-12,6.48976150596781e-11
0.855152070522308,-2.06872475138485e-20,-1.20489951349612e-10,-8.7200713316804e-10
0.855758130550385,2.5326669309524e-20,7.94972698781038e-11,5.48650291865016e-10
0.856364190578461,-4.63064027180924e-21,8.2298005216197e-12,6.48942635739225e-11
0.856970250606537,-2.06864671852628e-20,-1.20489784816158e-10,-8.72006022945016e-10
0.857576310634613,2.53273494717074e-20,7.94975682505417e-11,5.48652512311065e-10
0.858182370662689,-4.63208662619086e-21,8.22932954419597e-12,6.48909120881669e-11
0.858788430690765,-2.06852151052341e-20,-1.20489618282704e-10,-8.7200485721084e-10
0.859394490718842,2.5330325383208e-20,7.94978735618734e-11,5.48654732757115e-10
0.860000550746918,-4.6311007141424e-21,8.22885769941051e-12,6.48875675413052e-11
0.860606610774994,-2.0686360556512e-20,-1.20489451749251e-10,-8.72003746987815e-10
0.86121267080307,2.53293931894318e-20,7.94981788732052e-11,5.48656953203164e-10
0.861818730831146,-4.62926419546795e-21,8.22838585462504e-12,6.48842160555496e-11
0.862424790859222,-2.06875641689267e-20,-1.20489285215797e-10,-8.72002581253639e-10
0.863030850887299,2.5325233052562e-20,7.9498484184537e-11,5.48659118138062e-10
0.863636910915375,-4.63065198481597e-21,8.22791487720131e-12,6.4880864569794e-11
0.864242970943451,-2.06846270315173e-20,-1.20489118682343e-10,-8.72001471030615e-10
0.864849030971527,2.53268631799801e-20,7.94987825569748e-11,5.48661338584111e-10
0.865455090999603,-4.63402775413223e-21,8.22744303241585e-12,6.48775130840384e-11
0.866061151027679,-2.06848305954962e-20,-1.20488938271102e-10,-8.72000305296439e-10
0.866667211055756,2.53310620909411e-20,7.94990878683066e-11,5.4866355903016e-10
0.867273271083832,-4.6323055382475e-21,8.22697118763038e-12,6.48741685371768e-11
0.867879331111908,-2.06895739593213e-20,-1.20488771737648e-10,-8.71999195073414e-10
0.868485391139984,2.53284416086099e-20,7.94993931796384e-11,5.4866577947621e-10
0.86909145116806,-4.62978522231863e-21,8.22650021020666e-12,6.48708170514212e-11
0.869697511196136,-2.06852571104995e-20,-1.20488605204194e-10,-8.71998029339238e-10
0.870303571224213,2.5327490027788e-20,7.94996984909702e-11,5.48667999922259e-10
0.870909631252289,-4.63426484154413e-21,8.22602836542119e-12,6.48674655656656e-11
0.871515691280365,-2.06864041773646e-20,-1.20488438670741e-10,-8.71996863605062e-10
0.872121751308441,2.53277113632254e-20,7.9499996863408e-11,5.48670164857157e-10
0.872727811336517,-4.63429230652541e-21,8.22555652063572e-12,6.486411407991e-11
0.873333871364594,-2.06868565417621e-20,-1.20488272137287e-10,-8.71995753382038e-10
0.873939990997314,2.53287518013396e-20,7.95003021747398e-11,5.48672385303206e-10
0.874546051025391,-4.62961841294706e-21,8.225085543212e-12,6.48607695330483e-11
0.875152111053467,-2.06841019656988e-20,-1.20488105603833e-10,-8.71994587647862e-10
0.875758171081543,2.53258049704074e-20,7.95006074860716e-11,5.48674605749255e-10
0.876364231109619,-4.63264723492632e-21,8.22461369842653e-12,6.48574180472927e-11
0.876970291137695,-2.06817383617219e-20,-1.20487939070379e-10,-8.71993477424837e-10
0.877576351165771,2.53284076812801e-20,7.95009058585094e-11,5.48676826195305e-10
0.878182411193848,-4.63442397687682e-21,8.22414185364106e-12,6.48540665615371e-11
0.878788471221924,-2.06890747428969e-20,-1.20487772536926e-10,-8.71992311690661e-10
0.87939453125,2.53289763679512e-20,7.95012111698412e-11,5.48679046641354e-10
0.880000591278076,-4.62918785897587e-21,8.22367087621734e-12,6.48507150757816e-11
0.880606651306152,-2.06852538793253e-20,-1.20487606003472e-10,-8.71991201467637e-10
0.881212711334229,2.53258146639302e-20,7.9501516481173e-11,5.48681211576252e-10
0.881818771362305,-4.63276355719996e-21,8.22319903143187e-12,6.48473705289199e-11
0.882424831390381,-2.06825009188491e-20,-1.20487425592231e-10,-8.71990035733461e-10
0.883030891418457,2.53283204395749e-20,7.95018217925048e-11,5.48683432022301e-10
0.883636951446533,-4.63539575253786e-21,8.22272718664641e-12,6.48440190431643e-11
0.884243011474609,-2.06833377929845e-20,-1.20487259058777e-10,-8.71988925510436e-10
0.884849071502686,2.53325904363697e-20,7.95021201649426e-11,5.4868565246835e-10
0.885455131530762,-4.63258463092488e-21,8.22225620922268e-12,6.48406675574087e-11
0.886061191558838,-2.06881926323218e-20,-1.20487092525323e-10,-8.7198775977626e-10
0.886667251586914,2.53303690040606e-20,7.95024254762744e-11,5.486878729144e-10
0.88727331161499,-4.62716029712284e-21,8.22178436443721e-12,6.48373160716531e-11
0.887879371643066,-2.06849226839628e-20,-1.20486925991869e-10,-8.71986594042085e-10
0.888485431671143,2.53242168482548e-20,7.95027307876062e-11,5.48690093360449e-10
0.889091491699219,-4.63138950034259e-21,8.22131251965175e-12,6.48339715247914e-11
0.889697551727295,-2.06810824333456e-20,-1.20486759458416e-10,-8.7198548381906e-10
0.890303611755371,2.53273058508548e-20,7.95030360989379e-11,5.48692258295347e-10
0.890909671783447,-4.63610136021858e-21,8.22084154222802e-12,6.48306200390358e-11
0.891515731811523,-2.0683573668706e-20,-1.20486592924962e-10,-8.71984318084884e-10
0.8921217918396,2.53321219161009e-20,7.95033344713758e-11,5.48694478741396e-10
0.892727851867676,-4.63370221332475e-21,8.22036969744255e-12,6.48272685532802e-11
0.893333911895752,-2.06889325712292e-20,-1.20486426391508e-10,-8.71983207861859e-10
0.893939971923828,2.53295709040165e-20,7.95036397827076e-11,5.48696699187445e-10
0.894546031951904,-4.62976906644729e-21,8.21989785265709e-12,6.48239170675247e-11
0.89515209197998,-2.0684961458054e-20,-1.20486259858055e-10,-8.71982042127684e-10
0.895758152008057,2.53271119803987e-20,7.95039450940394e-11,5.48698919633495e-10
0.896364212036133,-4.63170736711118e-21,8.21942687523336e-12,6.48205655817691e-11
0.896970272064209,-2.06829726702922e-20,-1.20486093324601e-10,-8.71980931904659e-10
0.897576332092285,2.53267694759263e-20,7.95042504053711e-11,5.48701140079544e-10
0.898182392120361,-4.63447729125224e-21,8.21895503044789e-12,6.48172210349074e-11
0.898788452148438,-2.06831730030968e-20,-1.2048591291336e-10,-8.71979766170483e-10
0.899394512176514,2.53308569113751e-20,7.9504548777809e-11,5.48703305014442e-10
0.90000057220459,-4.63322036446207e-21,8.21848318566243e-12,6.48138695491518e-11
0.900606632232666,-2.06845107092437e-20,-1.20485746379906e-10,-8.71978655947458e-10
0.901212692260742,2.53321057602296e-20,7.95048540891408e-11,5.48705525460491e-10
0.901818752288818,-4.6307586135668e-21,8.2180122082387e-12,6.48105180633962e-11
0.902424812316895,-2.06865721984265e-20,-1.20485579846452e-10,-8.71977490213283e-10
0.903030872344971,2.53257468092706e-20,7.95051594004725e-11,5.4870774590654e-10
0.903636932373047,-4.63059059250488e-21,8.21754036345324e-12,6.48071665776406e-11
0.904242992401123,-2.06841068124602e-20,-1.20485413312998e-10,-8.71976379990258e-10
0.904849052429199,2.53265142131592e-20,7.95054647118043e-11,5.4870996635259e-10
0.905455112457275,-4.63444538340635e-21,8.21706851866777e-12,6.48038220307789e-11
0.906061172485352,-2.06812989220215e-20,-1.20485246779545e-10,-8.71975214256082e-10
0.906667232513428,2.53301088945321e-20,7.95057630842422e-11,5.48712186798639e-10
0.907273292541504,-4.63650768038276e-21,8.21659754124404e-12,6.48004705450234e-11
0.90787935256958,-2.06836851442183e-20,-1.20485080246091e-10,-8.71974048521906e-10
0.908485412597656,2.53333352220385e-20,7.95060683955739e-11,5.48714351733537e-10
0.909090995788574,1.10224199613713e-20,8.29702539312249e-12,6.53750387158425e-11
