Time,U1,U2,U3
0.0,0.0,0.0,0.0
0.000370369991287589,-9.22882756328417e-23,-1.01326954639325e-12,3.5565553974104e-11
0.000740739982575178,-9.41394481874695e-23,-6.9775756353363e-12,1.16951906492524e-10
0.00111110997386277,5.5013311702329e-22,-5.48383907728045e-12,6.03773905871741e-11
0.00148147996515036,6.95762393707861e-22,7.86908819355725e-12,-7.65461097285147e-11
0.00185184995643795,-4.57987599970744e-22,-3.24230876522225e-12,7.10104613999007e-11
0.00222221994772553,3.20871918434597e-23,-1.46646306209419e-11,1.72946351684189e-10
0.00259258993901312,1.63392889462372e-21,6.38285648293935e-12,-4.97398268406446e-11
0.00296295993030071,9.12135725563356e-24,4.22635927990744e-12,-3.29743732319088e-11
0.0033333299215883,-1.82147897187465e-21,-1.26323127305761e-11,1.52962920108024e-10
0.00370369991287589,-3.74687296258516e-22,-2.13704488133404e-12,5.64782803857966e-11
0.00407407013699412,-2.90389544195952e-22,3.97884589858899e-12,-2.92772681098619e-11
0.00444443989545107,-1.3494906433145e-21,-4.66972597742976e-12,5.27021412621842e-11
0.0048148101195693,1.08919602905676e-21,-3.1825698760396e-12,6.54683460221683e-11
0.00518517987802625,2.72861176050976e-21,-2.66816126484604e-12,6.19573489735181e-11
0.00555555010214448,-3.34472934358776e-22,-3.94590696922714e-12,3.78160489034052e-11
0.00592591986060143,-2.49239777540527e-21,4.0782646357207e-12,-2.35138904874921e-11
0.00629629008471966,-3.35127045199611e-22,-5.03698905501837e-12,8.95093096864308e-11
0.0066666598431766,2.09429953610405e-21,-9.99935637763238e-12,1.16928342008826e-10
0.00703703006729484,8.5118975197561e-22,6.77901354842469e-12,-5.76578333688627e-11
0.00740739982575178,-1.99025350324905e-21,3.06885268065715e-13,1.86282933523074e-11
0.00777777004987001,-1.08911131170642e-21,-1.28075466898636e-11,1.55901361265087e-10
0.00814814027398825,1.33306678645974e-21,1.51331670718985e-12,7.27156095753356e-12
0.00851850956678391,-4.41114559405663e-22,4.10770419415063e-12,-2.78180985191501e-11
0.00888887979090214,-1.36356513355399e-21,-8.71024259663233e-12,1.01333198776477e-10
0.00925925001502037,2.40257617947064e-21,-2.22061475110835e-12,5.62211562027404e-11
0.0096296202391386,2.1754205894775e-21,4.74534799475845e-13,1.90716088754872e-11
0.00999999046325684,-3.01960868973741e-21,-4.76202974622475e-12,4.96831638330253e-11
0.0103703597560525,-2.75114718154364e-21,9.23911554900902e-13,1.68725988042295e-11
0.0107407299801707,2.11021266547611e-21,-3.8460523828221e-12,7.34871816177041e-11
0.011111100204289,2.39099827622399e-21,-7.02345516814806e-12,7.99032714993153e-11
0.0114814704284072,-1.14231562525138e-21,5.07425915521886e-12,-3.73125454145029e-11
0.0118518397212029,-1.78964362545291e-21,-2.02808212931838e-12,5.02975647242998e-11
0.0122222099453211,8.92360364753771e-22,-1.12205071622906e-11,1.34190464295969e-10
0.0125925801694393,1.13272600489558e-21,3.78933863454112e-12,-2.12861603343661e-11
0.0129629503935575,-1.65141752437391e-21,2.19623993470697e-12,-3.42881343977364e-12
0.0133333196863532,-5.47055221584833e-22,-1.06062710697463e-11,1.25544269424793e-10
0.0137036899104714,2.85964254136538e-21,-1.54435072043969e-13,3.01460523211006e-11
0.0140740601345897,-2.5503551210546e-23,1.94129217909178e-12,-5.36419053707299e-13
0.0144444303587079,-3.87430880963238e-21,-6.75686763484951e-12,7.60781576625291e-11
0.0148147996515036,3.31004647435543e-22,-3.74833356627663e-13,3.30785260294064e-11
0.0151851698756218,4.23326924866666e-21,-1.70323542596218e-12,4.61643605287332e-11
0.01555554009974,2.61697701196428e-22,-6.09003429283272e-12,6.78434114442794e-11
0.0159259103238583,-3.19970626548809e-21,2.94465537023503e-12,-1.00653686774255e-11
0.0162962805479765,-7.96713920869178e-22,-2.64153239212805e-12,5.85562293098363e-11
0.0166666507720947,1.67499176793488e-21,-9.19301006846451e-12,1.07643310931493e-10
0.0170370191335678,4.82240592076349e-22,4.22075135259048e-12,-2.64490200574397e-11
0.017407389357686,-8.32717229660878e-22,1.48668200688519e-13,2.26510407652647e-11
0.0177777595818043,7.77449104526565e-22,-1.07275369143345e-11,1.2728652853955e-10
0.0181481298059225,1.13320835862924e-21,1.76869868577512e-12,5.31838635631221e-12
0.0185185000300407,-2.37297902707451e-21,1.84956650689516e-12,5.73691701782897e-13
0.018888870254159,-2.20500299964103e-21,-8.56000340054841e-12,9.94649848595763e-11
0.0192592404782772,3.13758572849957e-21,-1.12494621907697e-13,2.95173399611492e-11
0.0196296107023954,2.91416820323747e-21,1.31328460476268e-14,2.42117905585593e-11
0.0199999809265137,-2.56939585041303e-21,-6.56379985086719e-12,7.38301017544352e-11
0.0203703492879868,-2.43888811589201e-21,1.39127565804836e-12,1.00068347705373e-11
0.020740719512105,1.4619044077811e-21,-2.02787049305431e-12,5.06597264138264e-11
0.0211110897362232,1.28843891818924e-21,-7.78866381112575e-12,8.94819010555103e-11
0.0214814599603415,-6.81045455147156e-22,3.49168567323477e-12,-1.69608996986037e-11
0.0218518301844597,-1.35157343805267e-22,-1.1201126831617e-12,3.8905354632357e-11
0.0222222004085779,9.80024142122703e-22,-9.87409112807036e-12,1.16366215274777e-10
0.0225925706326962,-4.30117358759452e-22,2.86197432940172e-12,-8.81420544190936e-12
0.0229629408568144,-2.24169641657439e-21,9.25486358556438e-13,1.24833676382052e-11
0.0233333092182875,2.68403750953727e-22,-9.49547905582104e-12,1.11560649607156e-10
0.0237036794424057,3.40775915321008e-21,8.63696213073556e-13,1.68655141935536e-11
0.0240740496665239,1.51983090581358e-22,8.04073387733473e-13,1.41070037595892e-11
0.0244444198906422,-3.51382608362118e-21,-7.59549367845835e-12,8.70371136274528e-11
0.0248147901147604,-3.42411778073431e-22,7.72517954553825e-13,1.80558241968942e-11
0.0251851603388786,2.40139821450164e-21,-9.9262015707674e-13,3.72661901337779e-11
0.0255555305629969,5.97170229607203e-23,-7.30775596285982e-12,8.3309747989091e-11
0.0259259007871151,-8.91697469157896e-22,2.44970189966498e-12,-3.53219732109056e-12
0.0262962691485882,6.23341933382696e-22,-1.45937689016717e-12,4.32557531460098e-11
0.0266666393727064,1.47490963177344e-22,-8.84279281743172e-12,1.03111352789398e-10
0.0270370095968246,-1.3821896220335e-21,3.06166680549835e-12,-1.14283617291822e-11
0.0274073798209429,-6.49831604900979e-22,-6.86507396611448e-14,2.53322952892265e-11
0.0277777500450611,1.87406128437306e-21,-9.58027754349722e-12,1.12625769821406e-10
0.0281481202691793,1.79664638788476e-21,1.82237515009009e-12,4.52590308980261e-12
0.0285184904932976,-1.92058837629365e-21,7.73923785300779e-13,1.44928322814986e-11
0.0288888607174158,-2.45790398035471e-21,-8.50180776473808e-12,9.87101164695581e-11
0.0292592290788889,1.55862435882906e-21,9.04306740167476e-13,1.63699366562131e-11
0.0296295993030071,1.93197604415528e-21,-1.4924209600347e-13,2.63829860736031e-11
0.0299999695271254,-1.04175512066357e-21,-7.52498497541554e-12,8.61224425108276e-11
0.0303703397512436,-5.08432793613604e-22,1.6707972895838e-12,6.49635943997251e-12
0.0307407099753618,7.67556763531545e-22,-1.16366595179218e-12,3.94483716525951e-11
0.0311110801994801,-7.78029352743122e-22,-8.13728771864586e-12,9.40221858702905e-11
0.0314814485609531,-9.98143355726092e-22,2.70116416213606e-12,-6.79034519585064e-12
0.0318518206477165,1.06188685096481e-21,-6.9659344481901e-13,3.34350637454239e-11
0.0322221890091896,1.6297648197603e-21,-9.16927991867489e-12,1.07318959274849e-10
0.032592561095953,-3.6207064621542e-22,2.37427872501472e-12,-2.57842098366767e-12
0.0329629294574261,-2.21107033712237e-21,3.20115461915904e-13,2.03358978961843e-11
0.0333333015441895,-5.24482036201693e-22,-8.97382688991311e-12,1.04795422339876e-10
0.0337036699056625,2.21108730078727e-21,1.3878193299427e-12,1.01391508036675e-11
0.0340740382671356,7.15640224393591e-22,2.44539848440195e-13,2.13056100539788e-11
0.034444410353899,-1.49441002091502e-21,-8.02789345416555e-12,9.26079490870535e-11
0.0348147787153721,7.39919925357294e-25,1.35263772838706e-12,1.05913906117694e-11
0.0351851508021355,4.90185494242755e-22,-6.49399533713541e-13,3.28252355852321e-11
0.0355555191636086,-1.07464393087081e-21,-7.89387739202896e-12,9.08831412904654e-11
0.0359258912503719,8.00102804209135e-23,2.18595714446268e-12,-1.50984083634002e-13
0.036296259611845,1.71645025814547e-21,-8.69759722143398e-13,3.56685445068727e-11
0.0366666316986084,1.96778121633114e-22,-8.66096951102069e-12,1.00765777666378e-10
0.0370370000600815,-1.56612330845942e-21,2.4820020171068e-12,-3.96416319908832e-12
0.0374073684215546,-1.03476397026423e-21,-1.75080138104314e-13,2.67152081706579e-11
0.0377777405083179,9.13655014868827e-22,-9.02000609620535e-12,1.05392722327124e-10
0.038148108869791,1.63220698166157e-21,1.86278358189906e-12,4.01647205078293e-12
0.0385184809565544,-3.67774981462607e-22,2.35330852027538e-13,2.1424995458319e-11
0.0388888493180275,-1.33746784776085e-21,-8.47800302183899e-12,9.84093431743993e-11
0.0392592214047909,3.24798394704244e-22,1.41187886035232e-12,9.82589183629035e-12
0.039629589766264,2.29122516841555e-22,-2.2830842034624e-13,2.74010172190975e-11
0.0399999618530273,-7.21434073265415e-22,-7.9979477901615e-12,9.22224241417524e-11
0.0403703302145004,8.95524694103892e-22,1.79819906794693e-12,4.8470593858041e-12
0.0407406985759735,1.1804252052818e-21,-7.2751120449091e-13,3.38350146511512e-11
0.0411110706627369,-1.19143290724438e-21,-8.30874691964967e-12,9.62268945081668e-11
0.04148143902421,-1.36981291192334e-21,2.30728869170249e-12,-1.71287669378101e-12
0.0418518111109734,4.96015441389603e-22,-4.89797763979227e-13,3.07709240032761e-11
0.0422221794724464,1.21300089450765e-21,-8.81873653962861e-12,1.02799747880855e-10
0.0425925515592098,5.0723316967959e-22,2.13883121283343e-12,4.57636424415486e-13
0.0429629199206829,-8.53585869643565e-22,1.34558281807444e-14,2.42855926341212e-11
0.043333288282156,-8.76723904678392e-22,-8.71541727676117e-12,1.01468451696451e-10
0.0437036603689194,4.80218634291184e-22,1.64935014430878e-12,6.76518476655508e-12
0.0440740287303925,2.25474016222246e-22,-2.95124845785602e-14,2.48398281110784e-11
0.0444444008171558,-2.26031469514086e-22,-8.24592998049933e-12,9.54177986622895e-11
0.0448147691786289,9.40646427166379e-22,1.63741622257602e-12,6.9190395600438e-12
0.0451851412653923,1.60792962953122e-22,-4.73952474489003e-13,3.05674721645666e-11
0.0455555096268654,-1.67372595541548e-21,-8.18464133273133e-12,9.46278611024809e-11
0.0459258817136288,-3.01093010906382e-22,2.05253153882923e-12,1.56944791364355e-12
0.0462962500751019,1.40563471959797e-21,-5.78832175333194e-13,3.19189813469123e-11
0.0466666184365749,5.57682654725774e-22,-8.566983060454e-12,9.95553570137808e-11
0.0470369905233383,-4.31103119346616e-22,2.19507181528633e-12,-2.67788205889422e-13
0.0474073588848114,-7.20283977174475e-22,-2.31772879968201e-13,2.74466265687279e-11
0.0477777309715748,-3.83518751864646e-22,-8.74140256706957e-12,1.01803093732755e-10
0.0481480993330479,5.62132436076396e-22,1.8851673694309e-12,3.72579181048827e-12
0.0485184714198112,3.63529016526346e-22,-3.12766983536286e-14,2.486307514038e-11
0.0488888397812843,-5.48321816654255e-23,-8.46975354434898e-12,9.83021511413718e-11
0.0492592081427574,4.08106599647299e-22,1.6642845955539e-12,6.5723598438594e-12
0.0496295802295208,-5.23517480195661e-22,-2.64366138572406e-13,2.78669396586162e-11
0.0499999485909939,-1.21790844237524e-21,-8.23382508008397e-12,9.5261791510648e-11
0.0503703206777573,7.48033806657195e-22,1.85905782955353e-12,4.06212780426629e-12
0.0507406890392303,1.37074934661582e-21,-5.10245383271435e-13,3.10357503585657e-11
0.0511110611259937,-4.17208312688671e-22,-8.3911402132264e-12,9.72891558981281e-11
0.0514814294874668,-7.82142688073111e-22,2.11020480603286e-12,8.25380996188896e-13
0.0518518015742302,-2.13738441768748e-22,-3.89081670527924e-13,2.94744992301865e-11
0.0522221699357033,-1.78554532265633e-23,-8.64326839267182e-12,1.00538313785314e-10
0.0525925382971764,5.79896573920014e-22,2.02352869703437e-12,1.94228509144134e-12
0.0529629103839397,3.93967283974058e-22,-1.39920776245743e-13,2.62636717929254e-11
0.0533332787454128,-2.85441379458073e-22,-8.58902098749281e-12,9.98391785911323e-11
0.0537036508321762,-1.47482809511028e-22,1.78086234994823e-12,5.06946264480779e-12
0.0540740191936493,-5.0811053446749e-22,-1.64119328478936e-13,2.6575618441993e-11
0.0544443912804127,-3.84033013444203e-22,-8.35591578568495e-12,9.68351579477833e-11
0.0548147596418858,1.16466798006816e-21,1.77762253701641e-12,5.11105220646346e-12
0.0551851317286491,6.93551109305444e-22,-3.8505171815785e-13,2.94229640651622e-11
0.0555555000901222,-1.10783051398166e-21,-8.32803097317036e-12,9.64757787547121e-11
0.0559258684515953,-5.50705186329982e-22,1.98426561640042e-12,2.44788521050476e-12
0.0562962405383587,3.51430768004838e-22,-4.34737857692158e-13,3.00634309113867e-11
0.0566666088998318,1.32041949074819e-22,-8.51868315471238e-12,9.89327023082076e-11
0.0570369809865952,4.70753262683393e-22,2.05288975922702e-12,1.56340738965977e-12
0.0574073493480682,2.17005941503497e-22,-2.6141079318559e-13,2.78298686179346e-11
0.0577777214348316,-6.42163220569958e-22,-8.60336107910697e-12,1.00023947458006e-10
0.0581480897963047,-3.04586263699543e-22,1.89784407807203e-12,3.56136994894563e-12
0.0585184581577778,3.544426988944e-24,-1.63547818408764e-13,2.65688339384784e-11
0.0588888302445412,1.95927388789374e-22,-8.46718355151932e-12,9.82690109840867e-11
0.0592591986060143,8.86935728029139e-22,1.78961500566649e-12,4.95599438224414e-12
0.0596295706927776,-6.32134816846005e-23,-2.80646952075317e-13,2.80780555056426e-11
0.0599999390542507,-1.23686766031406e-21,-8.35128667608931e-12,9.67754210101646e-11
0.0603703111410141,-5.72659690193262e-24,1.88777249041094e-12,3.69090261825855e-12
0.0607406795024872,7.22241715371068e-22,-4.01700916453918e-13,2.96382328401901e-11
0.0611110515892506,3.32216968874687e-23,-8.43090527946622e-12,9.78014544350536e-11
0.0614814199507236,2.23029506670922e-22,2.01167056103346e-12,2.09409095966451e-12
0.0618517883121967,-3.78819557939342e-23,-3.40011764403403e-13,2.88433721351566e-11
0.0622221603989601,-7.94983677535877e-22,-8.55551220146911e-12,9.94072740789775e-11
0.0625925287604332,-3.40217028195587e-23,1.96711397171256e-12,2.66816213220777e-12
0.0629628971219063,5.3509639318427e-22,-2.16660985485027e-13,2.72538797085886e-11
0.06333327293396,2.28956868673233e-22,-8.52711044135868e-12,9.90412404866525e-11
0.063703641295433,2.76701179281459e-22,1.84680569448314e-12,4.21846021655958e-12
0.0640740096569061,-4.57464907045832e-22,-2.30072335965711e-13,2.74268559252722e-11
0.0644443780183792,-8.93247423064474e-22,-8.41140351814929e-12,9.75500999422785e-11
0.0648147463798523,5.09644483964023e-22,1.84653377657829e-12,4.22183902420992e-12
0.065185122191906,7.74784698420189e-22,-3.39877323334015e-13,2.88420658883792e-11
0.0655554905533791,-2.58066593382358e-22,-8.39882937503367e-12,9.73880351362588e-11
0.0659258589148521,-5.11420418120954e-23,1.94938292938374e-12,2.89628152190524e-12
0.0662962272763252,-1.556411711275e-22,-3.63355640064025e-13,2.91447734002137e-11
0.0666666030883789,-6.35275770669782e-22,-8.4938740069207e-12,9.86128817492826e-11
0.067036971449852,3.79034008198705e-22,1.98236826259857e-12,2.47106566979294e-12
0.0674073398113251,7.23637633141849e-22,-2.76793805974521e-13,2.80293843690771e-11
0.0677777081727982,-1.60714657464226e-22,-8.53496006508747e-12,9.91423471097264e-11
0.0681480765342712,-2.16099218468149e-22,1.90480487285982e-12,3.47050881956135e-12
0.0685184523463249,-3.6861119926569e-22,-2.29034944222023e-13,2.74140501965725e-11
0.068888820707798,-3.79008764649738e-22,-8.46671691090428e-12,9.82628770018756e-11
0.0692591890692711,7.50493487581448e-22,1.85178955502963e-12,4.15359413530325e-12
0.0696295574307442,5.3999197560965e-22,-2.87842232687963e-13,2.81720462930179e-11
0.0699999332427979,-5.95712616602746e-22,-8.40979889893401e-12,9.75293526495058e-11
0.0703703016042709,-1.8653100780091e-22,1.90123069197801e-12,3.51631267506147e-12
0.070740669965744,-2.94538289914254e-23,-3.47418356019466e-13,2.89399528646817e-11
0.0711110383272171,-3.11412699941866e-22,-8.4500748412375e-12,9.80483819135181e-11
0.0714814066886902,6.09769436357962e-22,1.96233177277017e-12,2.72876838312841e-12
0.0718517825007439,5.20357593710159e-22,-3.16021107936784e-13,2.8535474330682e-11
0.0722221508622169,-6.22566603019722e-22,-8.51165145310251e-12,9.88419207592628e-11
0.07259251922369,-3.30408722975078e-22,1.93945033644116e-12,3.02351589945293e-12
0.0729628875851631,2.90025153566612e-23,-2.54954775824254e-13,2.77486453953424e-11
0.0733332633972168,-7.78359983281162e-24,-8.49682477155334e-12,9.86508305600431e-11
0.0737036317586899,6.54246600641124e-22,1.87980664020926e-12,3.79202311912019e-12
0.074074000120163,1.77180519584468e-22,-2.62298537924421e-13,2.78434272166228e-11
0.074444368481636,-8.0240568482898e-22,-8.43940022032807e-12,9.79107836474036e-11
0.0748147368431091,-9.22838769444341e-23,1.88032705725205e-12,3.78518874230571e-12
0.0751851126551628,2.53593815158627e-22,-3.16854208886122e-13,2.8546633806803e-11
0.0755554810166359,-7.88882425346506e-23,-8.43379185933024e-12,9.78384873118188e-11
0.075925849378109,5.25556048236046e-22,1.93150139979337e-12,3.12557141626812e-12
0.0762962177395821,1.45083649995423e-22,-3.27907731349775e-13,2.86892228723579e-11
0.0766665935516357,-8.49416746070359e-22,-8.48116975954438e-12,9.84490405864236e-11
0.0770369619131088,-9.23120108797579e-23,1.94732945046905e-12,2.92146363524426e-12
0.0774073302745819,4.35730463820672e-22,-2.8467614550387e-13,2.81322326545208e-11
0.077777698636055,5.35903000304414e-23,-8.5010913239425e-12,9.87057657830803e-11
0.0781480669975281,3.38269538879875e-22,1.9085271557584e-12,3.42138513700907e-12
0.0785184428095818,-1.08091551390683e-22,-2.61370271129394e-13,2.78320283486622e-11
0.0788888111710548,-7.75690840853911e-22,-8.46690252631621e-12,9.82651529590761e-11
0.0792591795325279,1.69499980484619e-22,1.88255921268476e-12,3.75591051315904e-12
0.079629547894001,4.94789816600153e-22,-2.90885723711401e-13,2.82125382083942e-11
0.0799999237060547,-9.16774701002599e-23,-8.43895873320344e-12,9.79050243654633e-11
0.0803702920675278,2.35045335005052e-22,1.90744642303287e-12,3.43505605904237e-12
0.0807406604290009,-1.22701028163436e-22,-3.20189567134394e-13,2.8590321082822e-11
0.0811110287904739,-7.54159911120524e-22,-8.45932525417314e-12,9.81674810884847e-11
0.081481397151947,2.74255407552686e-22,1.93756555938451e-12,3.04678005914882e-12
0.0818517729640007,6.18893666645013e-22,-3.042118423488e-13,2.83845551229955e-11
0.0822221413254738,-1.60790956090979e-22,-8.48975230394178e-12,9.85595771663128e-11
0.0825925096869469,1.18668456412924e-23,1.92582169829258e-12,3.19799677191146e-12
0.08296287804842,-1.75233371056667e-22,-2.7397520558671e-13,2.79950333748058e-11
0.083333246409893,-5.51622183489759e-22,-8.48203365183542e-12,9.84600942444125e-11
0.0837036222219467,4.30210204532553e-22,1.89624965035717e-12,3.57896655020506e-12
0.0840739905834198,5.3824557640501e-22,-2.77951625474518e-13,2.80464193536112e-11
0.0844443589448929,-3.15309344647521e-22,-8.45353995138076e-12,9.80928810401238e-11
0.084814727306366,-3.65020739876344e-23,1.8968262290725e-12,3.57140770949893e-12
0.0851851031184196,-1.30230610840462e-22,-3.05043804885857e-13,2.83957007213287e-11
0.0855554714798927,-4.6291751362272e-22,-8.45107317459792e-12,9.80610731504683e-11
0.0859258398413658,5.23710593345259e-22,1.92227765823116e-12,3.24328476401792e-12
0.0862962082028389,5.22741796423001e-22,-3.10221737621214e-13,2.84625691071572e-11
0.086666576564312,-4.7573103810421e-22,-8.4746879652764e-12,9.83653991593059e-11
0.0870369523763657,-1.45702874251585e-22,1.92985493037423e-12,3.14550859317753e-12
0.0874073207378387,-1.88286346377328e-23,-2.88624674290791e-13,2.8184387115826e-11
0.0877776890993118,-2.7870879873081e-22,-8.48434343614368e-12,9.8489806588109e-11
0.0881480574607849,5.32110384264053e-22,1.91043968839066e-12,3.39558589579347e-12
0.0885184332728386,3.72965534757668e-22,-2.7724738195338e-13,2.80379070655146e-11
0.0888888016343117,-5.78893799180846e-22,-8.46721998071231e-12,9.82691289452831e-11
0.0892591699957848,-1.14595879948186e-22,1.89771679273698e-12,3.55941946923732e-12
0.0896295383572578,8.03009030892842e-23,-2.9204801554536e-13,2.82287856284702e-11
0.0899999067187309,-1.94357833267023e-22,-8.45350699163472e-12,9.80924022564444e-11
0.0903702825307846,5.31572191800075e-22,1.91023282261615e-12,3.397994125659e-12
0.0907406508922577,2.60051316932796e-22,-3.06448741166018e-13,2.84145103279787e-11
0.0911110192537308,-6.94747451578091e-22,-8.46380344282638e-12,9.82250808467811e-11
0.0914813876152039,-7.52217811302516e-23,1.92506926198488e-12,3.20666843772743e-12
0.0918517634272575,2.42144931690748e-22,-2.98314107791131e-13,2.83098197662035e-11
0.0922221317887306,-1.20471581027536e-22,-8.47883742383093e-12,9.84188078256842e-11
0.0925925001502037,4.2782968737786e-22,1.91904131474629e-12,3.28422293700836e-12
0.0929628685116768,1.23553666895122e-22,-2.83335393992321e-13,2.81169271892923e-11
0.0933332368731499,-7.0706832295794e-22,-8.47483021260143e-12,9.83671546994636e-11
0.0937036126852036,2.35514360144861e-23,1.90437379407604e-12,3.47311675946704e-12
0.0940739810466766,3.39132085704531e-22,-2.85463953907453e-13,2.81444988842194e-11
0.0944443494081497,-1.10254570127476e-22,-8.4606965530809e-12,9.81849948566982e-11
0.0948147177696228,3.39270142673832e-22,1.90481072755155e-12,3.46735899540984e-12
0.0951850935816765,1.55739712476337e-23,-2.98906380332906e-13,2.83178740873025e-11
0.0955554619431496,-7.09653868217343e-22,-8.45963143286665e-12,9.81712558467684e-11
0.0959258303046227,1.45988946770254e-22,1.91745946377664e-12,3.30422408184594e-12
0.0962961986660957,4.42349978692112e-22,-3.01313200735606e-13,2.8349033190378e-11
0.0966665670275688,-1.56733308030011e-22,-8.4714023990129e-12,9.83229400675079e-11
0.0970369428396225,2.04871619950515e-22,1.9210735432984e-12,3.25752012170222e-12
0.0974073112010956,-4.20198688742859e-23,-2.90516390241344e-13,2.82100332676949e-11
0.0977776795625687,-6.3564654791701e-22,-8.47608008086587e-12,9.83832043610633e-11
0.0981480479240417,2.56301488707933e-22,1.91135345398163e-12,3.38265743540789e-12
0.0985184162855148,4.74512632969765e-22,-2.84955246248123e-13,2.81385071493334e-11
0.0988887920975685,-2.28617191478332e-22,-8.46750794480933e-12,9.82727232923253e-11
0.0992591604590416,1.01475040501571e-22,1.90511452100028e-12,3.46293133057785e-12
0.0996295288205147,-6.84830346661534e-23,-2.9236582230717e-13,2.82341493934579e-11
0.0999998971819878,-5.47925417204825e-22,-8.4607832892547e-12,9.81860426296777e-11
0.100370272994041,3.64065795351581e-22,1.91139964099418e-12,3.38180568618118e-12
0.100740641355515,4.73394747647307e-22,-2.99431351024823e-13,2.83253455413135e-11
0.101111009716988,-3.3958275878424e-22,-8.46598832704437e-12,9.82531070392589e-11
0.101481378078461,1.36995793611216e-23,1.91869870685979e-12,3.28761258668042e-12
0.101851746439934,-3.33077174360176e-23,-2.95283329038165e-13,2.82720305500028e-11
0.102222122251987,-4.38168687728304e-22,-8.47341728033024e-12,9.83488360195572e-11
0.102592490613461,4.23666571769308e-22,1.91560092441256e-12,3.32740736005976e-12
0.102962858974934,4.23735436170891e-22,-2.87854701012946e-13,2.81764368781356e-11
0.103333227336407,-4.41148335274181e-22,-8.47134255105297e-12,9.83220935224516e-11
0.10370360314846,-3.1730475253006e-23,1.90831942262215e-12,3.42111582118942e-12
0.104073971509933,2.73845363965039e-23,-2.88978476564727e-13,2.81910605970381e-11
0.104444339871407,-3.35250334692766e-22,-8.46433426821003e-12,9.82317630016105e-11
0.10481470823288,4.52861291507805e-22,1.90860370043178e-12,3.41732588407528e-12
0.105185076594353,3.43280661028878e-22,-2.95637754728351e-13,2.82770213494432e-11
0.105555452406406,-5.39307269587467e-22,-8.46388757691496e-12,9.82259898418825e-11
0.105925820767879,-3.43235115355654e-23,1.9148814478509e-12,3.3362949989485e-12
0.106296189129353,1.20956408628998e-22,-2.9674152675005e-13,2.82913865945478e-11
0.106666557490826,-2.54524469078396e-22,-8.46975614643419e-12,9.83016029687533e-11
0.107036933302879,4.32105389214805e-22,1.91659448728343e-12,3.31408945425382e-12
0.107407301664352,2.48320614484248e-22,-2.91335423667494e-13,2.82218588776306e-11
0.107777670025826,-6.02489600732642e-22,-8.47202256265556e-12,9.8330801834301e-11
0.108148038387299,1.91488391956188e-24,1.91172164903941e-12,3.37675959243e-12
0.108518406748772,2.15841178910607e-22,-2.8860876362391e-13,2.81868608315028e-11
0.108888782560825,-2.05556679382383e-22,-8.46773432622294e-12,9.82755266054625e-11
0.109259150922298,3.80647954501915e-22,1.90865574213606e-12,3.4161430195051e-12
0.109629519283772,1.53801320304584e-22,-2.9230887458806e-13,2.8234685423012e-11
0.109999887645245,-6.33451873769813e-22,-8.46443921898032e-12,9.82330466969827e-11
0.110370263457298,6.93189684793108e-23,1.91180339788322e-12,3.37544814148216e-12
0.110740631818771,3.04375631526962e-22,-2.95764931643183e-13,2.82793649608593e-11
0.111111000180244,-1.96067414755495e-22,-8.46707079449338e-12,9.82669501325972e-11
0.111481368541718,3.02225158834006e-22,1.91538603554198e-12,3.32914988979138e-12
0.111851736903191,7.69589790612931e-23,-2.93641928264185e-13,2.82521454147977e-11
0.112222112715244,-6.23606182853284e-22,-8.47074320409202e-12,9.8314266450128e-11
0.112592481076717,1.52776280755227e-22,1.91378857206104e-12,3.34961008582879e-12
0.11296284943819,3.67958855473283e-22,-2.89948729088885e-13,2.82046920541124e-11
0.113333217799664,-2.21710960377725e-22,-8.46967374706908e-12,9.83004649901531e-11
0.113703593611717,2.16738082205407e-22,1.91016690312407e-12,3.39615575245533e-12
0.11407396197319,2.70040719373595e-23,-2.90530349344315e-13,2.82123283068536e-11
0.114444330334663,-5.82487571785995e-22,-8.46620169803192e-12,9.82557091244729e-11
0.114814698696136,2.39107703609677e-22,1.91033387025863e-12,3.39387589212703e-12
0.11518506705761,4.02156871860603e-22,-2.93819249529495e-13,2.82548533181437e-11
0.115555442869663,-2.78505588161625e-22,-8.46602215415215e-12,9.82533845950151e-11
0.115925811231136,1.33848427926001e-22,1.91344162736584e-12,3.35369731117863e-12
0.116296179592609,1.18127021730625e-23,-2.94312344677541e-13,2.82613498575612e-11
0.116666547954082,-5.14501191323994e-22,-8.46894950001786e-12,9.82910905444889e-11
0.117036916315556,3.11700375425895e-22,1.91424415381392e-12,3.34322652027763e-12
0.117407292127609,3.99598135250202e-22,-2.9159644534052e-13,2.82264905893115e-11
0.117777660489082,-3.50466565408491e-22,-8.4700484473399e-12,9.83052458880529e-11
0.118148028850555,7.27213697397397e-23,1.91179429058497e-12,3.37467011800319e-12
0.118518397212029,2.81622775184049e-23,-2.90250408343379e-13,2.82092856018767e-11
0.118888773024082,-4.39018385586536e-22,-8.46790606384706e-12,9.82776221514214e-11
0.119259141385555,3.63326209853944e-22,1.91028052751174e-12,3.39405066551723e-12
0.119629509747028,3.68695689424083e-22,-2.92088049710579e-13,2.82331085593723e-11
0.119999878108501,-4.29943834603852e-22,-8.46629363837614e-12,9.82568332252853e-11
0.120370246469975,3.53944154579519e-23,1.91184915121489e-12,3.37370647911228e-12
0.120740622282028,7.5161676240161e-23,-2.93768346237497e-13,2.82549036251245e-11
0.121110990643501,-3.6285145442852e-22,-8.46762590600569e-12,9.82739931099097e-11
0.121481359004974,3.81673675627094e-22,1.91359970404259e-12,3.35101998233389e-12
0.121851727366447,3.11356305853474e-22,-2.92673356253395e-13,2.8240932162249e-11
0.122222103178501,-4.9693758823337e-22,-8.46944302884678e-12,9.82973979990476e-11
0.122592471539974,3.17713855795507e-23,1.9127694220189e-12,3.36159030299432e-12
0.122962839901447,1.37151836609155e-22,-2.90827962840662e-13,2.82172913507184e-11
0.12333320826292,-3.03303235079743e-22,-8.46889485622837e-12,9.82903133883717e-11
0.123703576624393,3.73371148102471e-22,1.91096075595476e-12,3.3847707622825e-12
0.124073952436447,2.43325774424329e-22,-2.91118908493648e-13,2.8221182335475e-11
0.12444432079792,-5.4864748367948e-22,-8.46717661262542e-12,9.82681575001365e-11
0.124814689159393,5.54678773372888e-23,1.9110490100116e-12,3.38350571518764e-12
0.125185057520866,2.08915472411972e-22,-2.92733421053751e-13,2.82421291214474e-11
0.125555425882339,-2.66376189100692e-22,-8.46711069313333e-12,9.82672970772924e-11
0.125925794243813,3.34684677247512e-22,1.91257968663872e-12,3.36365050396248e-12
0.126296162605286,1.75158788991244e-22,-2.92941371030433e-13,2.82449497818194e-11
0.12666654586792,-5.70282618783003e-22,-8.46857219766184e-12,9.82861222964537e-11
0.127036914229393,1.01846985262939e-22,1.91294679749432e-12,3.35879241086801e-12
0.127407282590866,2.71168752602737e-22,-2.91567795298112e-13,2.8227389176072e-11
0.127777650952339,-2.55705387542625e-22,-8.46910735985418e-12,9.82929987403125e-11
0.128148019313812,2.81789647664496e-22,1.91170798809204e-12,3.3746293520015e-12
0.128518387675285,1.16773426347409e-22,-2.90893909437803e-13,2.82188456629529e-11
0.128888756036758,-5.67842021981768e-22,-8.46803877019298e-12,9.82792180970193e-11
0.129259124398232,1.63298549271172e-22,1.91095316653955e-12,3.38422866119625e-12
0.129629492759705,3.21289415180076e-22,-2.91796860112103e-13,2.82306244353547e-11
0.129999876022339,-2.74234960278023e-22,-8.46725294045836e-12,9.82690734341318e-11
0.130370244383812,2.17545951503001e-22,1.91172728689071e-12,3.37412433062956e-12
0.130740612745285,8.02575472939333e-23,-2.92603777578976e-13,2.82411646151948e-11
0.131110981106758,-5.38160202722403e-22,-8.46792861525225e-12,9.82777748070873e-11
0.131481349468231,2.24070954527107e-22,1.91257469930872e-12,3.36307587681106e-12
0.131851717829704,3.46517868504866e-22,-2.9203028883984e-13,2.82339134710652e-11
0.132222086191177,-3.11173365854109e-22,-8.46882980409802e-12,9.82893696988008e-11
0.13259245455265,1.5895227909309e-22,1.91213668163104e-12,3.36859229746467e-12
0.132962822914124,6.52277717417663e-23,-2.91098850753457e-13,2.82220514319365e-11
0.133333206176758,-4.91674055838246e-22,-8.46855051361839e-12,9.82857614739707e-11
0.133703574538231,2.79786142913627e-22,1.91122595180615e-12,3.38019933224243e-12
0.134073942899704,3.47578349996973e-22,-2.91234809705887e-13,2.82239440152487e-11
0.134444311261177,-3.65030225139868e-22,-8.46770223383864e-12,9.82748188382843e-11
0.13481467962265,1.12871720310186e-22,1.91126498308436e-12,3.37956941078021e-12
0.135185047984123,7.81404718162608e-23,-2.92017603674422e-13,2.82341736795866e-11
0.135555416345596,-4.36516598422605e-22,-8.4676831518804e-12,9.82745620992098e-11
0.135925784707069,3.15495414846958e-22,1.9120113478599e-12,3.36982373429218e-12
0.136296153068542,3.26302910222681e-22,-2.92092982830464e-13,2.82352856373347e-11
0.136666536331177,-4.19411544398968e-22,-8.46841520518726e-12,9.82839851171313e-11
0.13703690469265,8.48861476345505e-23,1.91217029189839e-12,3.36764557212765e-12
0.137407273054123,1.08069804073248e-22,-2.91389064569977e-13,2.82263552808804e-11
0.137777641415596,-3.81393472233559e-22,-8.46867801579387e-12,9.82873435417808e-11
0.138148009777069,3.33067752205524e-22,1.91153668414878e-12,3.37568384703446e-12
0.138518378138542,2.8567801248609e-22,-2.91042201189945e-13,2.82220271458078e-11
0.138888746500015,-4.71371527684694e-22,-8.46814719041022e-12,9.82804948534977e-11
0.139259114861488,8.06661961754995e-23,1.91115287657972e-12,3.38050204148899e-12
0.139629483222961,1.54097793165428e-22,-2.91476234424645e-13,2.82277604068959e-11
0.139999866485596,-3.38477671941109e-22,-8.46776555124551e-12,9.82755682388259e-11
0.140370234847069,3.26360112104641e-22,1.91152714316967e-12,3.37554875544377e-12
0.140740603208542,2.38564487679454e-22,-2.91853699410996e-13,2.82327650841241e-11
0.141110971570015,-5.07223678105179e-22,-8.46811076121723e-12,9.82800021920305e-11
0.141481339931488,9.47741972262465e-23,1.91192959901609e-12,3.37023529743685e-12
0.141851708292961,2.03220818065813e-22,-2.91544647581729e-13,2.82289244063483e-11
0.142222076654434,-3.08600139446602e-22,-8.46855918723577e-12,9.82857684128646e-11
0.142592445015907,3.02693956781874e-22,1.91169172505945e-12,3.37317153376038e-12
0.14296281337738,1.87716154559591e-22,-2.91065132065893e-13,2.82228858339284e-11
0.143333196640015,-5.26480214563731e-22,-8.46841954199595e-12,9.82839504226618e-11
0.143703565001488,1.28839363126239e-22,1.91122595180615e-12,3.37904660849264e-12
0.144073933362961,2.50583168534618e-22,-2.91118881388594e-13,2.82237185011969e-11
0.144444301724434,-3.01455609243745e-22,-8.46800320836172e-12,9.82785727798863e-11
0.144814670085907,2.63436981720259e-22,1.91123527594483e-12,3.3787974588334e-12
0.14518503844738,1.46423426113301e-22,-2.91488594329412e-13,2.82286242991869e-11
0.145555406808853,-5.25445582465766e-22,-8.46800234099998e-12,9.82785519632046e-11
0.145925775170326,1.70258953027863e-22,1.91159154477871e-12,3.37407966150005e-12
0.146296143531799,2.8705759768069e-22,-2.91502607642491e-13,2.82289469577535e-11
0.146666526794434,-3.10586175661586e-22,-8.46837096973863e-12,9.82832912277409e-11
0.147036895155907,2.18443586860721e-22,1.91165139273863e-12,3.37317912317558e-12
0.14740726351738,1.16809701327275e-22,-2.91132732071347e-13,2.8224320450243e-11
0.147777631878853,-5.05986239334813e-22,-8.46850107399932e-12,9.82849565622779e-11
0.148148000240326,2.15963685853745e-22,1.91132006055472e-12,3.37732077547448e-12
0.148518368601799,3.06402436073528e-22,-2.90944894044964e-13,2.82220410235956e-11
0.148888736963272,-3.38277263405859e-22,-8.46823913075445e-12,9.82815703820528e-11
0.149259105324745,1.75861720855781e-22,1.9111175315889e-12,3.3798031647686e-12
0.149629473686218,1.05949093524524e-22,-2.91143736723398e-13,2.82247437227712e-11
0.149999856948853,-4.74011397061475e-22,-8.46805698478947e-12,9.82792042192315e-11
0.150370225310326,2.55782708533111e-22,1.9112910039365e-12,3.37744003771345e-12
0.150740593671799,3.103854389602e-22,-2.91310053336657e-13,2.8227028353589e-11
0.151110962033272,-3.75226347003159e-22,-8.46823479394576e-12,9.82814871153259e-11
0.151481330394745,1.3933510067222e-22,1.91147401726321e-12,3.37495222740847e-12
0.151851698756218,1.11738423801084e-22,-2.9113500889591e-13,2.82249137256718e-11
0.152222067117691,-4.32564973267299e-22,-8.46846030799764e-12,9.82843736951899e-11
0.152592435479164,2.84837604253879e-22,1.91133849199165e-12,3.3765722422946e-12
0.152962803840637,2.94766295959412e-22,-2.90878947447823e-13,2.82217547942221e-11
0.153333187103271,-4.15911374873389e-22,-8.46839178642034e-12,9.82834855167702e-11
0.153703555464745,1.19517311767708e-22,1.91109281177937e-12,3.37960909257973e-12
0.154073923826218,1.33788891015762e-22,-2.90889247368462e-13,2.82220288805313e-11
0.154444292187691,-3.93744257218934e-22,-8.46818969113539e-12,9.82808626148746e-11
0.154814660549164,2.97869864087168e-22,1.91108500552373e-12,3.37958133700411e-12
0.155185028910637,2.67540295361308e-22,-2.91053829258245e-13,2.82242909599439e-11
0.15555539727211,-4.53343140370488e-22,-8.46819576266755e-12,9.82809320038136e-11
0.155925765633583,1.13729521347636e-22,1.91124720216873e-12,3.37736370988051e-12
0.156296133995056,1.66273185972579e-22,-2.91039626209785e-13,2.82242493265805e-11
0.15666651725769,-3.60061966537012e-22,-8.46838311280296e-12,9.82833328611044e-11
0.157036885619164,2.9483084371412e-22,1.91125999575437e-12,3.37707097529394e-12
0.157407253980637,2.3252062669866e-22,-2.90836338302444e-13,2.82217704067333e-11
0.15777762234211,-4.80554423979544e-22,-8.46844989965678e-12,9.82841794061606e-11
0.158147990703583,1.2417164159561e-22,1.91107958451286e-12,3.37926648469322e-12
0.158518359065056,2.02040492824985e-22,-2.90725803890959e-13,2.82204867113611e-11
0.158888727426529,-3.38466968676347e-22,-8.46832326484304e-12,9.82825348883054e-11
0.159259095788002,2.78294880258397e-22,1.91096574328475e-12,3.38060785962102e-12
0.159629464149475,1.95892805127289e-22,-2.90806685373027e-13,2.82216697927717e-11
0.159999847412109,-4.96346485290757e-22,-8.46823739603098e-12,9.82814177263869e-11
0.160370215773582,1.46906385692139e-22,1.91103795114944e-12,3.37954707621546e-12
0.160740584135056,2.37129013267442e-22,-2.90869216733325e-13,2.82226169517896e-11
0.161110952496529,-3.31024589839227e-22,-8.46833107109868e-12,9.82826112161383e-11
0.161481320858002,2.50655668007251e-22,1.91111319478021e-12,3.37845116465951e-12
0.161851689219475,1.6489847278293e-22,-2.90762070453629e-13,2.82213766245043e-11
0.162222057580948,-4.96303571257513e-22,-8.46844643020983e-12,9.82840892005399e-11
0.162592425942421,1.77243009989936e-22,1.9110294943725e-12,3.37940027524131e-12
0.162962794303894,2.64247728782435e-22,-2.90616489206919e-13,2.82196401663048e-11
0.163333162665367,-3.36858550710361e-22,-8.46841520518726e-12,9.82836728669056e-11
0.163703545928001,2.18407463342149e-22,1.91089288489876e-12,3.38103178267046e-12
0.164073914289474,1.42592540852705e-22,-2.90603912461718e-13,2.82196193496231e-11
0.164444282650948,-4.83730920720267e-22,-8.46831892803435e-12,9.8282416927109e-11
0.164814651012421,2.10206149827109e-22,1.91087532082357e-12,3.38113022822772e-12
0.165185019373894,2.7988699089175e-22,-2.90666633557396e-13,2.8220569978088e-11
0.165555387735367,-3.55903167575334e-22,-8.46832760165173e-12,9.82825140716237e-11
0.16592575609684,1.86730217267584e-22,1.91094102347522e-12,3.38015574731509e-12
0.166296124458313,1.33426027621135e-22,-2.90639528503084e-13,2.82203618112709e-11
0.166666492819786,-4.60872129824114e-22,-8.46842474616638e-12,9.82837561336325e-11
0.16703687608242,2.39250228687145e-22,1.9109314824961e-12,3.3801514105064e-12
0.167407244443893,2.82956152062265e-22,-2.9051931758721e-13,2.82189532158084e-11
0.167777612805367,-3.82529734859665e-22,-8.46846117535938e-12,9.82842071617362e-11
0.16814798116684,1.60482265352435e-22,1.91082653172581e-12,3.38137482423784e-12
0.168518349528313,1.37400700136647e-22,-2.90446296570893e-13,2.82181535082859e-11
0.168888717889786,-4.31394177466207e-22,-8.46840132739946e-12,9.8283430005619e-11
0.169259086251259,2.61029883108504e-22,1.91075584174416e-12,3.38215935292985e-12
0.169629454612732,2.73145423461055e-22,-2.90468061929505e-13,2.82185733113671e-11
0.169999822974205,-4.11548936202194e-22,-8.46836403084472e-12,9.82829304052579e-11
0.170370206236839,1.44447613535648e-22,1.91077730894718e-12,3.3817529939556e-12
0.170740574598312,1.51456863559591e-22,-2.90479608682642e-13,2.82188630101876e-11
0.171110942959785,-4.02887369680612e-22,-8.46841520518726e-12,9.8283575722391e-11
0.171481311321259,2.7232758296162e-22,1.91079920983106e-12,3.3813425150131e-12
0.171851679682732,2.5449407584544e-22,-2.9040680450676e-13,2.82180667721121e-11
0.172222048044205,-4.39349631436081e-22,-8.46847592050892e-12,9.82843459396143e-11
0.172592416405678,1.39056929384377e-22,1.91074218079679e-12,3.38195010191056e-12
0.172962784767151,1.74419178250058e-22,-2.90315812839434e-13,2.82170346116439e-11
0.173333153128624,-3.77936418689617e-22,-8.46846377744459e-12,9.82841794061606e-11
0.173703536391258,2.71348966298813e-22,1.91065956459124e-12,3.38288598522585e-12
0.174073904752731,2.29232023356974e-22,-2.90291255660227e-13,2.82168594045729e-11
0.174444273114204,-4.60372862912643e-22,-8.46842040935769e-12,9.82836034779666e-11
0.174814641475677,1.45330342577703e-22,1.91063657950519e-12,3.38305490392432e-12
0.175185009837151,2.0073656254664e-22,-2.90303425829613e-13,2.82171577770107e-11
0.175555378198624,-3.60814072834937e-22,-8.46842821561333e-12,9.82837006224813e-11
0.175925746560097,2.60459883772828e-22,1.91065436042082e-12,3.38269841825001e-12
0.17629611492157,2.02939390360154e-22,-2.9027046608357e-13,2.82168732823607e-11
0.176666483283043,-4.72599575854844e-22,-8.46848112467935e-12,9.8284366756296e-11
0.177036866545677,1.6064122398028e-22,1.91063397741997e-12,3.38283090775549e-12
0.17740723490715,2.26334568806534e-22,-2.9019164458563e-13,2.82159989817288e-11
0.177777603268623,-3.53877852398157e-22,-8.4685028087228e-12,9.82846304342644e-11
0.178147971630096,2.41077457735577e-22,1.91056675688528e-12,3.38356881575408e-12
0.17851833999157,1.79362243791045e-22,-2.90136865270865e-13,2.82154334618756e-11
0.178888708353043,-4.737786010529e-22,-8.46847678787066e-12,9.82842834895692e-11
0.179259076714516,1.82643046876099e-22,1.91051710042578e-12,3.38408164338166e-12
0.179629445075989,2.46114782688407e-22,-2.9012897770006e-13,2.82154733605156e-11
0.179999813437462,-3.58072976826799e-22,-8.46846291008285e-12,9.82840892005399e-11
0.180370196700096,2.18106307802972e-22,1.91051319729796e-12,3.38400401450611e-12
0.180740565061569,1.629441172219e-22,-2.90115479383013e-13,2.82154404007695e-11
0.181110933423042,-4.65664567108414e-22,-8.46849240038194e-12,9.82844569619168e-11
0.181481301784515,2.06525324843348e-22,1.91050886048927e-12,3.38393115612012e-12
0.181851670145988,2.59239964025445e-22,-2.90060076651999e-13,2.8214866207299e-11
0.182222038507462,-3.70556239957152e-22,-8.46852622748973e-12,9.82848871733388e-11
0.182592406868935,1.94097786847339e-22,1.91046527556193e-12,3.38436483698912e-12
0.182962775230408,1.5492390092715e-22,-2.89996081618768e-13,2.82141827262494e-11
0.183333143591881,-4.49064409307668e-22,-8.46852362540451e-12,9.82848386010815e-11
0.183703526854515,2.28188152120088e-22,1.91040954757027e-12,3.38495637769443e-12
0.184073895215988,2.61752504941236e-22,-2.89965236066961e-13,2.8213925987175e-11
0.184444263577461,-3.89293743805392e-22,-8.46850627816975e-12,9.82846026786888e-11
0.184814631938934,1.75213441274758e-22,1.91038330987769e-12,3.38516432767111e-12
0.185185000300407,1.56358706385115e-22,-2.89952306956054e-13,2.82138999663228e-11
0.18555536866188,-4.29118622988119e-22,-8.46851495178713e-12,9.82846998232034e-11
0.185925737023354,2.449235648562e-22,1.91037723834553e-12,3.38511510489248e-12
0.186296105384827,2.56412686541133e-22,-2.89916718019742e-13,2.82135825119267e-11
0.1866664737463,-4.1112279985208e-22,-8.46854530944796e-12,9.82850745234742e-11
0.187036857008934,1.61590520260962e-22,1.91035208485513e-12,3.385311996007e-12
0.187407225370407,1.66642839881878e-22,-2.89858550573188e-13,2.82129736239867e-11
0.18777759373188,-4.07094156628876e-22,-8.46855918723577e-12,9.82852479958218e-11
0.188147962093353,2.53336532907554e-22,1.9103035125978e-12,3.38580769324026e-12
0.188518330454826,2.42904333374324e-22,-2.89812607506129e-13,2.82125225958829e-11
0.188888698816299,-4.30547256398361e-22,-8.46855051361839e-12,9.82851230957316e-11
0.189259067177773,1.57457999833758e-22,1.91026426447916e-12,3.38618781452193e-12
0.189629435539246,1.81750573824143e-22,-2.89789866365561e-13,2.82123716749405e-11
0.189999803900719,-3.89438439828071e-22,-8.46854791153318e-12,9.82850675845803e-11
0.190370187163353,2.53991653490348e-22,1.91024735092526e-12,3.38627563489791e-12
0.190740555524826,2.25064591101549e-22,-2.89764062353856e-13,2.82121791206347e-11
0.191110923886299,-4.47010341728217e-22,-8.46856699349141e-12,9.82853035069731e-11
0.191481292247772,1.61186257446029e-22,1.91023022053094e-12,3.38636887628474e-12
0.191851660609245,2.01023834133886e-22,-2.89717441660439e-13,2.82117194189135e-11
0.192222028970718,-3.7663642640491e-22,-8.46858781017312e-12,9.82855602460475e-11
0.192592397332191,2.46737162388191e-22,1.91019357449751e-12,3.38671430309689e-12
0.192962765693665,2.06751507042093e-22,-2.89666755208876e-13,2.82112076754881e-11
0.193333134055138,-4.56200710113561e-22,-8.46859041225834e-12,9.82855810627292e-11
0.193703517317772,1.71062265864867e-22,1.91015085693191e-12,3.38713519038025e-12
0.194073885679245,2.19337940557075e-22,-2.89632657050551e-13,2.82109093030503e-11
0.194444254040718,-3.70259628256789e-22,-8.46858520808791e-12,9.82855047348963e-11
0.194814622402191,2.33270435833629e-22,1.9101231013563e-12,3.38736460755995e-12
0.195184990763664,1.88410453130381e-22,-2.8960725961466e-13,2.82107219529149e-11
0.195555359125137,-4.58347421517721e-22,-8.46859388170529e-12,9.82856018794109e-11
0.19592572748661,1.87338422714622e-22,1.91010510360023e-12,3.38746804044721e-12
0.196296095848083,2.34975486105061e-22,-2.89570505161013e-13,2.82103906207309e-11
0.196666464209557,-3.73093140897696e-22,-8.46861296366352e-12,9.82858308629098e-11
0.19703683257103,2.15797507570894e-22,1.91007756486505e-12,3.38769550606299e-12
0.197407215833664,1.76096637322468e-22,-2.89522637635098e-13,2.8209913571775e-11
0.197777584195137,-4.52646771828683e-22,-8.46862423936612e-12,9.82859627018939e-11
0.19814795255661,2.04072813087001e-22,1.91003853358684e-12,3.3880702063338e-12
0.198518320918083,2.43931316676952e-22,-2.8948097716662e-13,2.82095180548225e-11
0.198888689279556,-3.81388423523766e-22,-8.46862337200438e-12,9.82859488241061e-11
0.199259057641029,1.99528545132595e-22,1.91000405595776e-12,3.388385709166e-12
0.199629426002502,1.69785118991976e-22,-2.89450782136116e-13,2.82092699893655e-11
0.199999794363976,-4.41591561506945e-22,-8.46862597408959e-12,9.82859696407878e-11
0.200370162725449,2.20686930570327e-22,1.90998085403127e-12,3.38855636258795e-12
0.200740545988083,2.47734686469173e-22,-2.89418960802354e-13,2.82090011072267e-11
0.201110914349556,-3.9494698610947e-22,-8.4686398518774e-12,9.82861292353476e-11
0.201481282711029,1.84089148822227e-22,1.90995743526434e-12,3.38873135281859e-12
0.201851651072502,1.70014570230312e-22,-2.89376785337844e-13,2.82085986513803e-11
0.202222019433975,-4.26378890131624e-22,-8.46865372966521e-12,9.82863027076952e-11
0.202592387795448,2.32860253406463e-22,1.90992404183743e-12,3.3890318936608e-12
0.202962756156921,2.43562685131385e-22,-2.89332685414478e-13,2.82081701746817e-11
0.203333124518394,-4.10056991971142e-22,-8.46865893383564e-12,9.82863582188465e-11
0.203703492879868,1.74905255407193e-22,1.9098880463253e-12,3.38936864685557e-12
0.204073876142502,1.7623272529495e-22,-2.89296879637732e-13,2.82078509855621e-11
0.204444244503975,-4.11783751694685e-22,-8.46866066855911e-12,9.82863651577404e-11
0.204814612865448,2.40332773041049e-22,1.90985942338795e-12,3.3896095565783e-12
0.205184981226921,2.3528906147033e-22,-2.89265302249458e-13,2.82075838381468e-11
0.205555349588394,-4.25047393897807e-22,-8.46866934217649e-12,9.82864553633611e-11
0.205925717949867,1.70012891534306e-22,1.90983557094015e-12,3.38978888361763e-12
0.20629608631134,1.87484784811533e-22,-2.89228032799779e-13,2.8207245567069e-11
0.206666454672813,-3.97251772617262e-22,-8.46868235260256e-12,9.82866218968148e-11
0.207036823034286,2.4164339285987e-22,1.9098069480028e-12,3.39003066070209e-12
0.207407206296921,2.22574037316909e-22,-2.89185288129129e-13,2.82068344376052e-11
0.207777574658394,-4.37422690369229e-22,-8.46869189358168e-12,9.82867259802234e-11
0.208147943019867,1.71610644100854e-22,1.90977247037372e-12,3.39034486249168e-12
0.20851831138134,2.00993491388027e-22,-2.89145714749833e-13,2.82064666762283e-11
0.208888679742813,-3.8649188657489e-22,-8.46869623039037e-12,9.82867606746929e-11
0.209259048104286,2.37786330038995e-22,1.90974059482985e-12,3.39062892346087e-12
0.209629416465759,2.08296033585643e-22,-2.89111806326889e-13,2.82061700385139e-11
0.209999784827232,-4.45797540661643e-22,-8.4687014345608e-12,9.8286823124738e-11
0.210370153188705,1.78844448114632e-22,1.90971414029684e-12,3.39084121024624e-12
0.21074053645134,2.15333985524761e-22,-2.89077003437152e-13,2.82058629924586e-11
0.211110904812813,-3.81768717588955e-22,-8.46871184290166e-12,9.82869480248283e-11
0.211481273174286,2.27813563096966e-22,1.90968746892339e-12,3.3910565327977e-12
0.211851641535759,1.95216833373049e-22,-2.89037050587096e-13,2.82054882921878e-11
0.212222009897232,-4.47844237124795e-22,-8.46872311860425e-12,9.82870729249186e-11
0.212592378258705,1.89516915746931e-22,1.90965602706039e-12,3.39133430539429e-12
0.212962746620178,2.2686912619946e-22,-2.88996230375302e-13,2.82051031835762e-11
0.213333114981651,-3.81986695634286e-22,-8.46873005749815e-12,9.82871492527515e-11
0.213703483343124,2.15940966659674e-22,1.90962306731435e-12,3.39162942522564e-12
0.214073866605759,1.85081422245025e-22,-2.88959530131763e-13,2.82047718513923e-11
0.214444234967232,-4.4431246267591e-22,-8.46873439430684e-12,9.82871978250088e-11
0.214814603328705,2.02716426713902e-22,1.90959401069613e-12,3.39187640648053e-12
0.215184971690178,2.34682635693494e-22,-2.88924916977407e-13,2.82044665400605e-11
0.215555340051651,-3.88155991809897e-22,-8.46874306792422e-12,9.82872880306296e-11
0.215925708413124,2.02990861956498e-22,1.90956712248225e-12,3.39209346375546e-12
0.216296076774597,1.79465628745839e-22,-2.88887403582239e-13,2.82041230648122e-11
0.21666644513607,-4.36808211900272e-22,-8.46875347626508e-12,9.82874129307199e-11
0.217036813497543,2.15160158446574e-22,1.90953806586402e-12,3.3923419628934e-12
0.217407196760178,2.38553784414692e-22,-2.88847233891748e-13,2.82037466298179e-11
0.217777565121651,-3.97300517910317e-22,-8.46876214988246e-12,9.82875170141284e-11
0.218147933483124,1.9094441319747e-22,1.90950597347972e-12,3.39262624070302e-12
0.218518301844597,1.78205445537854e-22,-2.88808636294408e-13,2.82033910115054e-11
0.21888867020607,-4.2615391962323e-22,-8.46876822141462e-12,9.82875794641735e-11
0.219259038567543,2.25691615614342e-22,1.90947518213802e-12,3.39289490600136e-12
0.219629406929016,2.37157437503578e-22,-2.88772857622716e-13,2.82030700876623e-11
0.219999775290489,-4.08916109775575e-22,-8.46877429294679e-12,9.82876488531126e-11
0.220370143651962,1.82271474457079e-22,1.90944720972197e-12,3.39312800946845e-12
0.220740526914597,1.82352910146046e-22,-2.887366181651e-13,2.82027439596488e-11
0.22111089527607,-4.13778370716319e-22,-8.46878383392591e-12,9.8287759875415e-11
0.221481263637543,2.32103754731017e-22,1.90941902046549e-12,3.39336328133988e-12
0.221851631999016,2.30467467886972e-22,-2.88697803727325e-13,2.82023848718893e-11
0.222222000360489,-4.21055606256095e-22,-8.46879337490503e-12,9.82878708977175e-11
0.222592368721962,1.78438165815782e-22,1.90938844596422e-12,3.39362934455301e-12
0.222962737083435,1.90761309115037e-22,-2.8865860981879e-13,2.82020205799594e-11
0.223333105444908,-4.02631147658596e-22,-8.46880118116067e-12,9.82879472255505e-11
0.223703473806381,2.33841470154813e-22,1.90935722094165e-12,3.39390364770265e-12
0.224073857069016,2.20998587425874e-22,-2.88621448789328e-13,2.82016823088815e-11
0.224444225430489,-4.31056115858439e-22,-8.46880725269283e-12,9.82880166144895e-11
0.224814593791962,1.78737478575884e-22,1.90932773064256e-12,3.39415431524492e-12
0.225184962153435,2.00834368677113e-22,-2.88585290646876e-13,2.82013579155915e-11
0.225555330514908,-3.94145200507178e-22,-8.46881505894848e-12,9.82881137590041e-11
0.225925698876381,2.31047589885784e-22,1.90929954138608e-12,3.39439002079722e-12
0.226296067237854,2.10168019446394e-22,-2.88547695936545e-13,2.82010144403433e-11
0.226666435599327,-4.37527955968422e-22,-8.46882459992759e-12,9.82882178424127e-11
0.2270368039608,1.83902460155841e-22,1.90927005108699e-12,3.39464155570124e-12
0.227407187223434,2.11911818565491e-22,-2.88508800183607e-13,2.82006536178603e-11
0.227777555584908,-3.89539944138468e-22,-8.46883327354497e-12,9.82883149869274e-11
0.228147923946381,2.24413787165629e-22,1.90923925974529e-12,3.39491087152088e-12
0.228518292307854,1.99805138698628e-22,-2.88470690477244e-13,2.82003032037181e-11
0.228888660669327,-4.40202308033091e-22,-8.46884021243888e-12,9.82883913147603e-11
0.2292590290308,1.92161354206075e-22,1.90920890208446e-12,3.39517216424445e-12
0.229629397392273,2.21656535286152e-22,-2.88433963128651e-13,2.81999718715342e-11
0.229999765753746,-3.89532825457659e-22,-8.46884715133278e-12,9.82884745814872e-11
0.230370134115219,2.1430293801075e-22,1.90918006230667e-12,3.39541567605239e-12
0.230740517377853,1.91021027368585e-22,-2.88397018939623e-13,2.81996353351799e-11
0.231110885739326,-4.37572182666212e-22,-8.46885582495016e-12,9.82885717260018e-11
0.2314812541008,2.02516762863347e-22,1.90915122252888e-12,3.39566070574338e-12
0.231851622462273,2.27956264879276e-22,-2.88358773707989e-13,2.81992849210377e-11
0.232221990823746,-3.94161103943027e-22,-8.46886449856754e-12,9.82886688705165e-11
0.232592359185219,2.04218455742766e-22,1.90912108170849e-12,3.39592091426477e-12
0.232962727546692,1.86654587594878e-22,-2.88320365846029e-13,2.81989293027252e-11
0.233333095908165,-4.31764904226337e-22,-8.46887230482318e-12,9.82887521372433e-11
0.233703464269638,2.12098873263337e-22,1.90909050720722e-12,3.39618524275442e-12
0.234073832631111,2.30751609274145e-22,-2.88282960871078e-13,2.81985892969239e-11
0.234444215893745,-4.01082531660113e-22,-8.46887924371709e-12,9.82888354039702e-11
0.234814584255219,1.95562064148723e-22,1.90906101690813e-12,3.39643742817974e-12
0.235184952616692,1.85981847014906e-22,-2.88246070892159e-13,2.8198254495293e-11
0.235555320978165,-4.23681667411591e-22,-8.46888791733447e-12,9.82889256095909e-11
0.235925689339638,2.1978333773505e-22,1.90903217713034e-12,3.39668245787073e-12
0.236296057701111,2.2960555215104e-22,-2.88208449076774e-13,2.81979110200448e-11
0.236666426062584,-4.09830405875613e-22,-8.46889659095185e-12,9.82890227541056e-11
0.237036794424057,1.8889485159151e-22,1.90900246999082e-12,3.39693551065778e-12
0.23740716278553,1.8872256436981e-22,-2.88170149635031e-13,2.81975588711791e-11
0.237777546048164,-4.1474343159333e-22,-8.46890439720749e-12,9.82891198986202e-11
0.238147914409637,2.25082715969708e-22,1.90897232917042e-12,3.39719723706222e-12
0.238518282771111,2.25540053346344e-22,-2.88132283874157e-13,2.81972101917605e-11
0.238888651132584,-4.18327965059556e-22,-8.46891133610139e-12,9.82892031653471e-11
0.239259019494057,1.85668435732705e-22,1.90894240519046e-12,3.3974548434984e-12
0.23962938785553,1.94728989167486e-22,-2.88095122844695e-13,2.81968736554061e-11
0.239999756217003,-4.06458347361043e-22,-8.46891914235703e-12,9.82892864320739e-11
0.240370124578476,2.26445968588125e-22,1.9089131317318e-12,3.39770399315764e-12
0.240740492939949,2.18413875203586e-22,-2.88057799184907e-13,2.81965336496048e-11
0.241110876202583,-4.25986302458089e-22,-8.46892781597441e-12,9.82893835765886e-11
0.241481244564056,1.85850908726414e-22,1.90888364143271e-12,3.39795357649775e-12
0.241851612925529,2.02342254209338e-22,-2.8801985210887e-13,2.81961849701862e-11
0.242221981287003,-4.00253281076545e-22,-8.46893648959179e-12,9.82894737822093e-11
0.242592349648476,2.2430233689694e-22,1.90885371745275e-12,3.39821074925306e-12
0.242962718009949,2.10529317740986e-22,-2.8798182371767e-13,2.81958362907675e-11
0.243333086371422,-4.30394684388404e-22,-8.46894429584744e-12,9.82895639878301e-11
0.243703454732895,1.89999824838671e-22,1.90882379347279e-12,3.39847009041272e-12
0.244073823094368,2.10304082175327e-22,-2.87944310322502e-13,2.81954928155193e-11
0.244444206357002,-3.97076632874528e-22,-8.46895123474134e-12,9.82896472545569e-11
0.244814574718475,2.19330443223032e-22,1.90879408633327e-12,3.39872336004021e-12
0.245184943079948,2.02876622275647e-22,-2.87907040872823e-13,2.81951545444414e-11
0.245555311441422,-4.32701793302701e-22,-8.46895990835872e-12,9.82897374601777e-11
0.245925679802895,1.95406892053222e-22,1.90876481287461e-12,3.39897294338032e-12
0.246296048164368,2.17230230436069e-22,-2.87869391952383e-13,2.81948093344697e-11
0.246666416525841,-3.96679602336374e-22,-8.46896771461436e-12,9.82898346046923e-11
0.247036784887314,2.1258756312779e-22,1.90873510573508e-12,3.39922664668868e-12
0.247407153248787,1.96688469168957e-22,-2.87831444876346e-13,2.8194460655051e-11
0.247777536511421,-4.3088208683186e-22,-8.46897552087e-12,9.82899248103131e-11
0.248147904872894,2.02859191605085e-22,1.90870518175512e-12,3.39948468680573e-12
0.248518273234367,2.21534911867228e-22,-2.8779368753569e-13,2.81941154450793e-11
0.24888864159584,-3.99980575017053e-22,-8.46898332712565e-12,9.82900080770399e-11
0.249259009957314,2.05677785308553e-22,1.9086754746156e-12,3.39974055851844e-12
0.249629378318787,1.93380327320371e-22,-2.87756282560739e-13,2.81937737045546e-11
0.24999974668026,-4.27390752548421e-22,-8.46899113338129e-12,9.82900982826607e-11
0.250370115041733,2.09801394762971e-22,1.9086459843165e-12,3.39999231026289e-12
0.250740498304367,2.24486665291497e-22,-2.87718796270625e-13,2.81934319640298e-11
0.251110851764679,-4.04937928406756e-22,-8.46899980699867e-12,9.82901884882814e-11
0.251481235027313,1.98331092143793e-22,1.90861649401741e-12,3.40024427884777e-12
0.251851588487625,1.92419229680548e-22,-2.87681011824914e-13,2.81930867540581e-11
0.252221971750259,-4.21184348355827e-22,-8.46900761325431e-12,9.82902856327961e-11
0.252592325210571,2.15324948334231e-22,1.90858657003745e-12,3.40050015056048e-12
0.252962708473206,2.23283128607394e-22,-2.87643173169094e-13,2.81927398093629e-11
0.25333309173584,-4.10478937892126e-22,-8.46901541950995e-12,9.82903688995229e-11
0.253703445196152,1.94586400981145e-22,1.90855686289793e-12,3.40075688963493e-12
0.254073828458786,1.94199594080323e-22,-2.87605578458763e-13,2.81923963341146e-11
0.254444181919098,-4.1544628772722e-22,-8.46902322576559e-12,9.82904591051437e-11
0.254814565181732,2.19694455199137e-22,1.9085271557584e-12,3.40101059294329e-12
0.255184918642044,2.21345130866094e-22,-2.87568119273704e-13,2.81920545935899e-11
0.255555301904678,-4.17131496569164e-22,-8.46903103202123e-12,9.82905493107644e-11
0.25592565536499,1.90926654360772e-22,1.90849766545931e-12,3.40126256152817e-12
0.256296038627625,1.98301897979413e-22,-2.87530470353264e-13,2.81917093836181e-11
0.256666421890259,-4.08593295271384e-22,-8.46903970563861e-12,9.82906395163852e-11
0.257036775350571,2.20572173396722e-22,1.90846795831978e-12,3.4015166985174e-12
0.257407158613205,2.15598739866328e-22,-2.87492685907553e-13,2.81913641736464e-11
0.257777512073517,-4.22358728740873e-22,-8.46904751189426e-12,9.82907297220059e-11
0.258147895336151,1.91495833281107e-22,1.90843825118026e-12,3.40177278707054e-12
0.258518248796463,2.03265448660387e-22,-2.87454982777005e-13,2.81910189636747e-11
0.258888632059097,-4.04585755655116e-22,-8.4690553181499e-12,9.82908199276267e-11
0.259258985519409,2.19695464941096e-22,1.90840832720029e-12,3.40202779142151e-12
0.259629368782043,2.1047922191806e-22,-2.87417442276783e-13,2.81906754884265e-11
0.259999752044678,-4.26676208651359e-22,-8.46906312440554e-12,9.82909101332474e-11
0.26037010550499,1.93359955776355e-22,1.9083788369012e-12,3.40228084420857e-12
0.260740488767624,2.09520169005703e-22,-2.8737990177656e-13,2.81903337479017e-11
0.261110842227936,-4.01465350080199e-22,-8.46907093066118e-12,9.82910003388682e-11
0.26148122549057,2.15886263889062e-22,1.90834934660211e-12,3.40253389699563e-12
0.261851578950882,2.04520520049706e-22,-2.87342171540958e-13,2.818998853793e-11
0.262221962213516,-4.27853971671966e-22,-8.46907960427856e-12,9.82910905444889e-11
0.262592315673828,1.9767205881091e-22,1.90831942262215e-12,3.40278911818703e-12
0.262962698936462,2.14158696371952e-22,-2.87304441305355e-13,2.81896433279583e-11
0.263333082199097,-4.01177346430033e-22,-8.4690874105342e-12,9.82911807501097e-11
0.263703435659409,2.11917498364008e-22,1.90828971548263e-12,3.40304455621887e-12
0.264073818922043,2.0029984914951e-22,-2.8726681948997e-13,2.81892981179865e-11
0.264444172382355,-4.27555996819959e-22,-8.46909521678985e-12,9.82912709557304e-11
0.264814555644989,2.0269679985458e-22,1.9082600083431e-12,3.40329847636767e-12
0.265184909105301,2.18522371977047e-22,-2.87229278989748e-13,2.81889563774618e-11
0.265555292367935,-4.02836933069776e-22,-8.46910302304549e-12,9.82913611613512e-11
0.265925645828247,2.05901518883048e-22,1.90823051804401e-12,3.40355174599516e-12
0.266296029090881,1.97031087237313e-22,-2.87191630069308e-13,2.81886111674901e-11
0.266666412353516,-4.24401108557152e-22,-8.46911082930113e-12,9.82914513669719e-11
0.267036765813828,2.08222246692012e-22,1.90820081090448e-12,3.40380588298439e-12
0.267407149076462,2.20094111066384e-22,-2.87153899833706e-13,2.81882659575183e-11
0.267777502536774,-4.06810444382035e-22,-8.46911863555677e-12,9.82915415725927e-11
0.268147885799408,2.00795430502831e-22,1.90817110376496e-12,3.40406110417579e-12
0.26851823925972,1.96122874832575e-22,-2.87116223808212e-13,2.81879224822701e-11
0.268888622522354,-4.20155295082184e-22,-8.46912730917415e-12,9.82916317782134e-11
0.269258975982666,2.12889955600867e-22,1.90814139662543e-12,3.40431589168633e-12
0.2696293592453,2.20152246959655e-22,-2.87078629097881e-13,2.81875790070218e-11
0.269999742507935,-4.11254899343825e-22,-8.46913511542979e-12,9.82917219838342e-11
0.270370095968246,1.97078330539205e-22,1.9081116894859e-12,3.40456937815425e-12
0.270740479230881,1.97512191415302e-22,-2.8704103438755e-13,2.81872337970501e-11
0.271110832691193,-4.15273621852285e-22,-8.46914292168544e-12,9.82918121894549e-11
0.271481215953827,2.15700143202528e-22,1.90808219918681e-12,3.40482329830305e-12
0.271851569414139,2.17826306357829e-22,-2.87003358362056e-13,2.81868903218019e-11
0.272221952676773,-4.15846650413838e-22,-8.46915072794108e-12,9.82919023950757e-11
0.272592306137085,1.95292614507048e-22,1.90805249204729e-12,3.40507786897315e-12
0.272962689399719,2.00665514578072e-22,-2.86965655231508e-13,2.81865451118302e-11
0.273333072662354,-4.10649735744438e-22,-8.46915853419672e-12,9.82919926006964e-11
0.273703426122665,2.16954596124898e-22,1.90802256806732e-12,3.40533287332412e-12
0.2740738093853,2.13934836579712e-22,-2.86928033416123e-13,2.81862016365819e-11
0.274444162845612,-4.20606674981265e-22,-8.46916634045236e-12,9.82920758674233e-11
0.274814546108246,1.95398915091749e-22,1.90799307776823e-12,3.40558701031335e-12
0.275184899568558,2.05341048987107e-22,-2.86890438705792e-13,2.81858581613337e-11
0.275555282831192,-4.07261142705294e-22,-8.46917501406974e-12,9.8292166073044e-11
0.275925636291504,2.15137388765405e-22,1.90796337062871e-12,3.40584071362171e-12
0.276296019554138,2.09690146442673e-22,-2.86852789785352e-13,2.8185512951362e-11
0.276666402816772,-4.22613057496717e-22,-8.46918282032538e-12,9.82922562786648e-11
0.277036756277084,1.97352223045497e-22,1.90793366348918e-12,3.40609506745138e-12
0.277407139539719,2.09093136509602e-22,-2.86815113759858e-13,2.81851677413902e-11
0.277777493000031,-4.05235676066823e-22,-8.46919062658102e-12,9.82923464842855e-11
0.278147876262665,2.13140396850169e-22,1.90790395634965e-12,3.40634985496191e-12
0.278518229722977,2.05554382219427e-22,-2.86777464839419e-13,2.8184824266142e-11
0.278888612985611,-4.24011348161101e-22,-8.46919843283667e-12,9.82924366899063e-11
0.279258966445923,2.00517057266597e-22,1.90787424921013e-12,3.40660420879157e-12
0.279629349708557,2.12900053020454e-22,-2.86739843024034e-13,2.81844807908938e-11
0.279999732971191,-4.05397966843132e-22,-8.46920623909231e-12,9.8292526895527e-11
0.280370086431503,2.09474478182073e-22,1.9078445420706e-12,3.40685834578081e-12
0.280740469694138,2.02525004882085e-22,-2.86702221208648e-13,2.8184135580922e-11
0.281110823154449,-4.23246342409654e-22,-8.46921491270969e-12,9.82926171011478e-11
0.281481206417084,2.04044527690383e-22,1.90781483493108e-12,3.4071122659296e-12
0.281851559877396,2.1545156997585e-22,-2.86664545183155e-13,2.81837921056738e-11
0.28222194314003,-4.06802416933464e-22,-8.46922271896533e-12,9.82927073067685e-11
0.282592296600342,2.05307967316185e-22,1.90778534463198e-12,3.4073668365997e-12
0.282962679862976,2.00424438685437e-22,-2.86626896262715e-13,2.81834468957021e-11
0.28333306312561,-4.21022587694046e-22,-8.46923052522097e-12,9.82927975123893e-11
0.283703416585922,2.08074609795878e-22,1.90775563749246e-12,3.4076214072698e-12
0.284073799848557,2.16910697593244e-22,-2.86589247342275e-13,2.81831034204538e-11
0.284444153308868,-4.09474825244863e-22,-8.46923833147661e-12,9.829288771801e-11
0.284814536571503,2.01740321784218e-22,1.90772593035293e-12,3.40787576109947e-12
0.285184890031815,2.00032002473195e-22,-2.8655162552689e-13,2.81827599452056e-11
0.285555273294449,-4.17883375675148e-22,-8.46924613773226e-12,9.82929779236308e-11
0.285925626754761,2.11334448113516e-22,1.90769622321341e-12,3.40812968124826e-12
0.286296010017395,2.16370334184055e-22,-2.86513976606451e-13,2.81824147352339e-11
0.286666393280029,-4.12996678979004e-22,-8.4692539439879e-12,9.82930681292515e-11
0.287036746740341,1.99556186818714e-22,1.90766651607388e-12,3.40838403507793e-12
0.287407130002975,2.01445376158087e-22,-2.86476327686011e-13,2.81820712599856e-11
0.287777483463287,-4.14393025890118e-22,-8.46926261760528e-12,9.82931583348723e-11
0.288147866725922,2.12696741477073e-22,1.90763680893435e-12,3.40863860574803e-12
0.288518220186234,2.14669322880458e-22,-2.86438678765571e-13,2.81817260500139e-11
0.288888603448868,-4.15906906765222e-22,-8.46927042386092e-12,9.8293248540493e-11
0.28925895690918,1.98094156193188e-22,1.90760710179483e-12,3.40889317641813e-12
0.289629340171814,2.03281541422854e-22,-2.86401029845132e-13,2.81813825747657e-11
0.289999723434448,-4.10975806666445e-22,-8.46927823011656e-12,9.82933387461138e-11
0.29037007689476,2.14181693245061e-22,1.9075773946553e-12,3.40914731340736e-12
0.290740460157394,2.12262956331623e-22,-2.86363408029747e-13,2.81810390995174e-11
0.291110813617706,-4.19294515305956e-22,-8.4692860363722e-12,9.82934289517345e-11
0.291481196880341,1.98043605986382e-22,1.90754768751578e-12,3.40940145039659e-12
0.291851550340652,2.06035006769986e-22,-2.86325759109307e-13,2.81806938895457e-11
0.292221933603287,-4.09017008240796e-22,-8.46929384262785e-12,9.82935191573553e-11
0.292592287063599,2.1340921540312e-22,1.90751798037625e-12,3.40965580422625e-12
0.292962670326233,2.09752864040082e-22,-2.86288110188868e-13,2.81803504142975e-11
0.293333053588867,-4.21061336541711e-22,-8.46930251624523e-12,9.8293609362976e-11
0.293703407049179,1.98576648766371e-22,1.90748849007716e-12,3.40991037489635e-12
0.294073790311813,2.08917782196702e-22,-2.86250461268428e-13,2.81800052043257e-11
0.294444143772125,-4.06950647052999e-22,-8.46931032250087e-12,9.82936995685968e-11
0.29481452703476,2.1154635508532e-22,1.90745878293763e-12,3.41016472872602e-12
0.295184880495071,2.05940444435555e-22,-2.86212839453043e-13,2.81796617290775e-11
0.295555263757706,-4.22393741543291e-22,-8.46931812875651e-12,9.82937897742175e-11
0.295925617218018,2.01313415505861e-22,1.90742907579811e-12,3.41041886571525e-12
0.296296000480652,2.12051213442887e-22,-2.86175190532603e-13,2.81793165191058e-11
0.296666383743286,-4.07088577804555e-22,-8.46932593501215e-12,9.82938730409444e-11
0.297036737203598,2.08637692399138e-22,1.90739936865858e-12,3.41067321954491e-12
0.297407120466232,2.0327846170988e-22,-2.86137541612164e-13,2.81789730438575e-11
0.297777473926544,-4.2211906648698e-22,-8.46933374126779e-12,9.82939632465651e-11
0.298147857189178,2.03939438796033e-22,1.90736966151905e-12,3.41092757337458e-12
0.29851821064949,2.14331564195278e-22,-2.86099892691724e-13,2.81786278338858e-11
0.298888593912125,-4.07885769080935e-22,-8.46934154752343e-12,9.82940534521859e-11
0.299258947372437,2.0558766583874e-22,1.90733995437953e-12,3.41118214404468e-12
0.299629330635071,2.01620755714535e-22,-2.86062243771285e-13,2.81782843586376e-11
0.299999713897705,-4.2041787847854e-22,-8.46935022114081e-12,9.82941436578066e-11
0.300370067358017,2.0704154279795e-22,1.90731024724e-12,3.41143628103391e-12
0.300740450620651,2.15442431811123e-22,-2.86024621955899e-13,2.81779408833893e-11
0.301110804080963,-4.09712619476133e-22,-8.46935802739646e-12,9.82942338634274e-11
0.301481187343597,2.02815128990363e-22,1.90728054010048e-12,3.41169063486357e-12
0.301851540803909,2.01175219697041e-22,-2.8598697303546e-13,2.81775956734176e-11
0.302221924066544,-4.17800450616791e-22,-8.4693658336521e-12,9.82943240690481e-11
0.302592277526855,2.10088249831658e-22,1.90725083296095e-12,3.41194498869324e-12
0.30296266078949,2.15059537660391e-22,-2.8594932411502e-13,2.81772521981694e-11
0.303333044052124,-4.13080336100281e-22,-8.46937363990774e-12,9.82944142746689e-11
0.303703397512436,2.00417370491726e-22,1.90722112582142e-12,3.4121993425229e-12
0.30407378077507,2.02360505295241e-22,-2.85911675194581e-13,2.81769069881976e-11
0.304444134235382,-4.15114032135715e-22,-8.46938144616338e-12,9.82945044802896e-11
0.304814517498016,2.10717786077574e-22,1.90719163552233e-12,3.41245369635257e-12
0.305184870958328,2.13497845503543e-22,-2.85874053379195e-13,2.81765635129494e-11
0.305555254220963,-4.15050721314906e-22,-8.46938925241902e-12,9.82945946859104e-11
0.305925607681274,2.00079813754938e-22,1.90716192838281e-12,3.41270805018223e-12
0.306295990943909,2.03904653185557e-22,-2.85836404458756e-13,2.81762200377011e-11
0.306666374206543,-4.1284549536424e-22,-8.4693979260364e-12,9.82946848915311e-11
0.307036727666855,2.11389781972852e-22,1.90713222124328e-12,3.4129624040119e-12
0.307407110929489,2.11222707544013e-22,-2.85798755538316e-13,2.81758748277294e-11
0.307777464389801,-4.18027162930064e-22,-8.46940573229205e-12,9.82947750971519e-11
0.308147847652435,2.00198483678633e-22,1.90710251410375e-12,3.41321675784156e-12
0.308518201112747,2.06851711309718e-22,-2.85761106617877e-13,2.81755313524812e-11
0.308888584375381,-4.10926278823372e-22,-8.46941353854769e-12,9.82948653027726e-11
0.309258937835693,2.10371785373657e-22,1.90707280696423e-12,3.41347111167123e-12
0.309629321098328,2.09309751403288e-22,-2.85723484802491e-13,2.81751861425095e-11
0.309999704360962,-4.18646614378167e-22,-8.46942134480333e-12,9.82949555083934e-11
0.310370057821274,2.00758978818123e-22,1.9070430998247e-12,3.41372546550089e-12
0.310740441083908,2.07993174106911e-22,-2.85685835882052e-13,2.81748426672612e-11
0.31111079454422,-4.10067770966551e-22,-8.46942915105897e-12,9.82950457140142e-11
0.311481177806854,2.09703096383293e-22,1.90701339268518e-12,3.41397981933056e-12
0.311851531267166,2.06866037023756e-22,-2.85648186961612e-13,2.81744974572895e-11
0.3122219145298,-4.1983770599263e-22,-8.46943695731461e-12,9.82951359196349e-11
0.312592267990112,2.02646338000195e-22,1.90698368554565e-12,3.41423417316022e-12
0.312962651252747,2.10651244082497e-22,-2.85610538041173e-13,2.81741539820413e-11
0.313333034515381,-4.09825003756134e-22,-8.46944563093199e-12,9.82952261252557e-11
0.313703387975693,2.08052786747796e-22,1.90695397840612e-12,3.41448852698989e-12
0.314073771238327,2.05925197331979e-22,-2.85572916225788e-13,2.8173810506793e-11
0.314444124698639,-4.1981082161298e-22,-8.46945343718764e-12,9.82953163308764e-11
0.314814507961273,2.02933697939862e-22,1.9069242712666e-12,3.41474288081955e-12
0.315184861421585,2.11205138033932e-22,-2.85535267305348e-13,2.81734652968213e-11
0.315555244684219,-4.09066435109674e-22,-8.46946124344328e-12,9.82954065364972e-11
0.315925598144531,2.07251846804395e-22,1.90689478096751e-12,3.41499723464922e-12
0.316295981407166,2.03844497808368e-22,-2.85497618384908e-13,2.81731218215731e-11
0.3166663646698,-4.20025947137277e-22,-8.46946904969892e-12,9.8295489803224e-11
0.317036718130112,2.0569252754115e-22,1.90686507382798e-12,3.41525158847888e-12
0.317407101392746,2.13364812000486e-22,-2.85459969464469e-13,2.81727766116013e-11
0.317777454853058,-4.10943823089904e-22,-8.46947685595456e-12,9.82955800088448e-11
0.318147838115692,2.04126884768888e-22,1.90683536668845e-12,3.41550615914898e-12
0.318518191576004,2.03411444725838e-22,-2.85422347649084e-13,2.81724331363531e-11
0.318888574838638,-4.17797497121562e-22,-8.4694846622102e-12,9.82956702144655e-11
0.31925892829895,2.07365303935227e-22,1.90680565954893e-12,3.41576051297865e-12
0.319629311561584,2.12893413967075e-22,-2.85384698728644e-13,2.81720896611048e-11
0.319999694824219,-4.12453866945565e-22,-8.46949333582758e-12,9.82957604200863e-11
0.320370048284531,2.02887792546065e-22,1.9067759524094e-12,3.41601486680831e-12
0.320740431547165,2.03703462100289e-22,-2.85347049808204e-13,2.81717444511331e-11
0.321110785007477,-4.15891912097136e-22,-8.46950114208322e-12,9.8295850625707e-11
0.321481168270111,2.09108421478501e-22,1.90674624526987e-12,3.41626922063798e-12
0.321851521730423,2.12507642051761e-22,-2.85309427992819e-13,2.81714009758849e-11
0.322221904993057,-4.14681887820948e-22,-8.46950894833887e-12,9.82959408313278e-11
0.322592258453369,2.01338078453202e-22,1.90671653813035e-12,3.41652357446764e-12
0.322962641716003,2.04667260799852e-22,-2.8527177907238e-13,2.81710557659132e-11
0.323332995176315,-4.1363291738717e-22,-8.46951675459451e-12,9.82960310369485e-11
0.32370337843895,2.09786034063425e-22,1.90668683099082e-12,3.41677792829731e-12
0.324073761701584,2.11096641260472e-22,-2.8523413015194e-13,2.81707122906649e-11
0.324444115161896,-4.16446361406648e-22,-8.46952456085015e-12,9.82961212425693e-11
0.32481449842453,2.01150279070662e-22,1.9066571238513e-12,3.41703228212697e-12
0.325184851884842,2.06223512971898e-22,-2.85196481231501e-13,2.81703688154167e-11
0.325555235147476,-4.12047622512038e-22,-8.46953236710579e-12,9.829621144819e-11
0.325925588607788,2.0986813870644e-22,1.90662741671177e-12,3.41728663595664e-12
0.326295971870422,2.09193971865951e-22,-2.85158859416115e-13,2.8170023605445e-11
0.326666325330734,-4.18172389067272e-22,-8.46954104072317e-12,9.82963016538108e-11
0.327036708593369,2.02145733180629e-22,1.90659770957224e-12,3.41754120662674e-12
0.327407091856003,2.08692950527827e-22,-2.85121210495676e-13,2.81696801301967e-11
0.327777445316315,-4.11660411714432e-22,-8.46954884697881e-12,9.82963918594315e-11
0.328147828578949,2.07710055083471e-22,1.90656800243272e-12,3.4177955604564e-12
0.328518182039261,2.0742426024384e-22,-2.85083561575236e-13,2.8169334920225e-11
0.328888565301895,-4.17680796194687e-22,-8.46955665323446e-12,9.82964820650523e-11
0.329258918762207,2.0341153307826e-22,1.90653851213363e-12,3.41804991428607e-12
0.329629302024841,2.09558009085605e-22,-2.85045939759851e-13,2.81689914449768e-11
0.329999655485153,-4.113801578338e-22,-8.4695644594901e-12,9.8296572270673e-11
0.330370038747787,2.07114269462524e-22,1.9065088049941e-12,3.41830426811573e-12
0.330740422010422,2.06010091387155e-22,-2.85008290839411e-13,2.8168646235005e-11
0.331110775470734,-4.18269854409834e-22,-8.46957226574574e-12,9.82966624762938e-11
0.331481158733368,2.04991817108922e-22,1.90647909785457e-12,3.4185586219454e-12
0.33185151219368,2.11513172440203e-22,-2.84970641918972e-13,2.81683027597568e-11
0.332221895456314,-4.11488705094358e-22,-8.46958007200138e-12,9.82967526819145e-11
0.332592248916626,2.05002040746253e-22,1.90644939071505e-12,3.41881297577507e-12
0.33296263217926,2.04845947261215e-22,-2.84933020103587e-13,2.81679592845085e-11
0.333332985639572,-4.1729777582621e-22,-8.46958874561876e-12,9.82968428875353e-11
0.333703368902206,2.06560741542549e-22,1.90641968357552e-12,3.41906754644516e-12
0.334073752164841,2.11790094172372e-22,-2.84895371183147e-13,2.81676140745368e-11
0.334444105625153,-4.12497437311082e-22,-8.4695965518744e-12,9.8296933093156e-11
0.334814488887787,2.04089511694643e-22,1.906389976436e-12,3.41932190027483e-12
0.335184842348099,2.04977882669892e-22,-2.84857722262707e-13,2.81672705992886e-11
0.335555225610733,-4.16005735259428e-22,-8.46960435813005e-12,9.82970163598829e-11
0.335925579071045,2.08205333514204e-22,1.90636026929647e-12,3.41957625410449e-12
0.336295962333679,2.12167838639115e-22,-2.84820100447322e-13,2.81669253893169e-11
0.336666315793991,-4.14186205493431e-22,-8.46961216438569e-12,9.82971065655036e-11
0.337036699056625,2.02166622217399e-22,1.90633056215694e-12,3.41983060793416e-12
0.33740708231926,2.05168193785555e-22,-2.84782451526883e-13,2.81665819140686e-11
0.337777435779572,-4.14383458585059e-22,-8.46961997064133e-12,9.82971967711244e-11
0.338147819042206,2.08726877857639e-22,1.90630085501742e-12,3.42008496176383e-12
0.338518172502518,2.1066569601428e-22,-2.84744802606443e-13,2.81662384388204e-11
0.338888555765152,-4.15527243788757e-22,-8.46962777689697e-12,9.82972869767451e-11
0.339258909225464,2.0265110903095e-22,1.90627114787789e-12,3.42033953243392e-12
0.339629292488098,2.06478611655984e-22,-2.84707153686004e-13,2.81658932288487e-11
0.33999964594841,-4.13849128384073e-22,-8.46963645051435e-12,9.82973771823659e-11
0.340370029211044,2.08180620079766e-22,1.90624144073837e-12,3.42059388626359e-12
0.340740412473679,2.09946280112268e-22,-2.84669531870618e-13,2.81655497536004e-11
0.34111076593399,-4.16027318493795e-22,-8.46964425676999e-12,9.82974673879866e-11
0.341481149196625,2.02223937695329e-22,1.90621173359884e-12,3.42084824009325e-12
0.341851502656937,2.06892492263074e-22,-2.84631882950179e-13,2.81652045436287e-11
0.342221885919571,-4.12505237567713e-22,-8.46965206302563e-12,9.82975575936074e-11
0.342592239379883,2.08914500535336e-22,1.90618202645931e-12,3.42110259392292e-12
0.342962622642517,2.08680227779148e-22,-2.84594234029739e-13,2.81648610683805e-11
0.343332976102829,-4.17768769962837e-22,-8.46965986928128e-12,9.82976477992281e-11
0.343703359365463,2.02822108831653e-22,1.90615231931979e-12,3.42135716459302e-12
0.344073742628098,2.08816265264531e-22,-2.84556612214354e-13,2.81645175931322e-11
0.344444096088409,-4.12052317812146e-22,-8.46966767553692e-12,9.82977380048489e-11
0.344814479351044,2.0750356285292e-22,1.9061228290207e-12,3.42161151842268e-12
0.345184832811356,2.07589883168613e-22,-2.84518963293914e-13,2.81641723831605e-11
0.34555521607399,-4.1764113857926e-22,-8.46967548179256e-12,9.82978282104696e-11
0.345925569534302,2.0350902366437e-22,1.90609312188117e-12,3.42186587225235e-12
0.346295952796936,2.09642284673832e-22,-2.84481341478529e-13,2.81638289079122e-11
0.346666306257248,-4.11516977869201e-22,-8.46968415540994e-12,9.82979184160904e-11
0.347036689519882,2.06732549136819e-22,1.90606341474164e-12,3.42212022608201e-12
0.347407072782516,2.0630386318826e-22,-2.8444369255809e-13,2.81634836979405e-11
0.347777426242828,-4.17487582070893e-22,-8.46969196166558e-12,9.82980086217111e-11
0.348147809505463,2.05069011881663e-22,1.90603370760212e-12,3.42237479675211e-12
0.348518162965775,2.10358317940283e-22,-2.8440604363765e-13,2.81631402226923e-11
0.348888546228409,-4.13002661700109e-22,-8.46969976792122e-12,9.82980988273319e-11
0.349258899688721,2.05247685721252e-22,1.90600400046259e-12,3.42262915058178e-12
0.349629282951355,2.06259194728363e-22,-2.84368421822265e-13,2.8162796747444e-11
0.349999636411667,-4.16896908268613e-22,-8.46970757417687e-12,9.82981890329526e-11
0.350370019674301,2.05160519746669e-22,1.90597429332307e-12,3.42288350441144e-12
0.350740402936935,2.10199359312437e-22,-2.84330772901825e-13,2.81624515374723e-11
0.351110756397247,-4.12829591928391e-22,-8.46971538043251e-12,9.82982792385734e-11
0.351481139659882,2.05121051457859e-22,1.90594458618354e-12,3.42313807508154e-12
0.351851493120193,2.06289789909711e-22,-2.84293123981386e-13,2.81621080622241e-11
0.352221876382828,-4.16207658407616e-22,-8.46972318668815e-12,9.82983625053002e-11
0.35259222984314,2.06142380205517e-22,1.90591487904401e-12,3.42339242891121e-12
0.352962613105774,2.10367822136469e-22,-2.84255502166e-13,2.81617628522524e-11
0.353332966566086,-4.13296244174596e-22,-8.46973186030553e-12,9.8298452710921e-11
0.35370334982872,2.04765243635168e-22,1.90588517190449e-12,3.42364678274087e-12
0.354073733091354,2.0627610790617e-22,-2.84217853245561e-13,2.81614193770041e-11
0.354444086551666,-4.16007855717541e-22,-8.46973966656117e-12,9.82985429165417e-11
0.354814469814301,2.06336932237407e-22,1.90585546476496e-12,3.42390135341097e-12
0.355184823274612,2.10174721608645e-22,-2.84180204325121e-13,2.81610759017559e-11
0.355555206537247,-4.1397774426606e-22,-8.46974747281681e-12,9.82986331221625e-11
0.355925559997559,2.04406532804346e-22,1.90582575762543e-12,3.42415570724064e-12
0.356295943260193,2.06637532418507e-22,-2.84142582509736e-13,2.81607306917842e-11
0.356666296720505,-4.15351069060516e-22,-8.46975527907246e-12,9.82987233277832e-11
0.357036679983139,2.06999777346184e-22,1.90579605048591e-12,3.4244100610703e-12
0.357407063245773,2.10426185221681e-22,-2.84104933589296e-13,2.81603872165359e-11
0.357777416706085,-4.14590480930138e-22,-8.4697630853281e-12,9.8298813533404e-11
0.358147799968719,2.03592314754187e-22,1.90576634334638e-12,3.4246646317404e-12
0.358518153429031,2.07038046566418e-22,-2.84067311773911e-13,2.81600420065642e-11
0.358888536691666,-4.13977163664434e-22,-8.46977089158374e-12,9.82989037390247e-11
0.359258890151978,2.07044269101238e-22,1.90573663620686e-12,3.42491898557007e-12
0.359629273414612,2.09184467669765e-22,-2.84029662853472e-13,2.81596985313159e-11
0.359999626874924,-4.15400218250355e-22,-8.46977869783938e-12,9.82989939446455e-11
0.360370010137558,2.04148202945991e-22,1.90570692906733e-12,3.42517333939973e-12
0.360740393400192,2.07699730471943e-22,-2.83992013933032e-13,2.81593550560677e-11
0.361110746860504,-4.13884747031666e-22,-8.46978737145676e-12,9.82990841502662e-11
0.361481130123138,2.06705601648296e-22,1.90567743876824e-12,3.42542791006983e-12
0.36185148358345,2.08339894251973e-22,-2.83954392117647e-13,2.8159009846096e-11
0.362221866846085,-4.15740804213019e-22,-8.4697951777124e-12,9.8299174355887e-11
0.362592220306396,2.04609276367875e-22,1.90564773162871e-12,3.4256822638995e-12
0.362962603569031,2.08422566874841e-22,-2.83916743197207e-13,2.81586663708477e-11
0.363332957029343,-4.13803765726579e-22,-8.46980298396804e-12,9.82992645615077e-11
0.363703340291977,2.06511731192229e-22,1.90561802448919e-12,3.42593661772916e-12
0.364073723554611,2.08615137288136e-22,-2.83879121381822e-13,2.8158321160876e-11
0.364444077014923,-4.15690897716711e-22,-8.46981079022369e-12,9.82993547671285e-11
0.364814460277557,2.04581861873696e-22,1.90558831734966e-12,3.42619118839926e-12
0.365184813737869,2.09077018503586e-22,-2.83841472461382e-13,2.81579776856278e-11
0.365555197000504,-4.13244166733077e-22,-8.46981859647933e-12,9.82994449727492e-11
0.365925550460815,2.05761682243545e-22,1.90555861021013e-12,3.42644554222893e-12
0.36629593372345,2.07695691504108e-22,-2.83803823540943e-13,2.81576342103795e-11
0.366666287183762,-4.15378609772439e-22,-8.46982640273497e-12,9.829953517837e-11
0.367036670446396,2.05457535343815e-22,1.90552890307061e-12,3.42670011289903e-12
0.36740705370903,2.08764818911736e-22,-2.83766201725558e-13,2.81572890004078e-11
0.367777407169342,-4.13839990219347e-22,-8.46983507635235e-12,9.82996253839907e-11
0.368147790431976,2.06047249891235e-22,1.90549919593108e-12,3.42695446672869e-12
0.368518143892288,2.07629250483227e-22,-2.83728552805118e-13,2.81569455251596e-11
0.368888527154922,-4.16074422956168e-22,-8.46984288260799e-12,9.82997086507176e-11
0.369258880615234,2.05335129374874e-22,1.90546948879156e-12,3.42720882055836e-12
0.369629263877869,2.09771481157445e-22,-2.83690930989733e-13,2.81566003151879e-11
0.369999617338181,-4.13832063744971e-22,-8.46985068886363e-12,9.82997988563383e-11
0.370370000600815,2.05112872547993e-22,1.90543978165203e-12,3.42746339122846e-12
0.370740383863449,2.07937941221771e-22,-2.83653282069293e-13,2.81562568399396e-11
0.371110737323761,-4.14885098390133e-22,-8.46985849511928e-12,9.82998890619591e-11
0.371481120586395,2.05133458662176e-22,1.9054100745125e-12,3.42771774505812e-12
0.371851474046707,2.0859670949739e-22,-2.83615633148854e-13,2.81559133646914e-11
0.372221857309341,-4.13539011385013e-22,-8.46986630137492e-12,9.82999792675798e-11
0.372592210769653,2.05997545343319e-22,1.90538036737298e-12,3.42797231572822e-12
0.372962594032288,2.07560045293734e-22,-2.83578011333468e-13,2.81555681547196e-11
0.373332947492599,-4.15623926581301e-22,-8.46987410763056e-12,9.83000694732006e-11
0.373703330755234,2.06023091814873e-22,1.90535066023345e-12,3.42822666955789e-12
0.374073714017868,2.09645175060188e-22,-2.83540362413029e-13,2.81552246794714e-11
0.37444406747818,-4.14566953942501e-22,-8.46988278124794e-12,9.83001596788213e-11
0.374814450740814,2.04578921000242e-22,1.90532095309393e-12,3.42848124022799e-12
0.375184804201126,2.07828825981361e-22,-2.83502740597644e-13,2.81548794694997e-11
0.37555518746376,-4.14581923367038e-22,-8.46989058750358e-12,9.83002498844421e-11
0.375925540924072,2.0572208773699e-22,1.9052912459544e-12,3.42873559405765e-12
0.376295924186707,2.0892796796871e-22,-2.83465091677204e-13,2.81545359942514e-11
0.376666277647018,-4.14271654906684e-22,-8.46989839375922e-12,9.83003400900628e-11
0.377036660909653,2.05222379063412e-22,1.90526153881487e-12,3.42899016472775e-12
0.377407044172287,2.07693205014535e-22,-2.83427469861819e-13,2.81541925190032e-11
0.377777397632599,-4.1500028470407e-22,-8.46990620001487e-12,9.83004302956836e-11
0.378147780895233,2.06087614326033e-22,1.90523183167535e-12,3.42924451855742e-12
0.378518134355545,2.09560975202609e-22,-2.83389820941379e-13,2.81538473090315e-11
0.378888517618179,-4.14285665076361e-22,-8.46991400627051e-12,9.83005205013043e-11
0.379258871078491,2.04635920933809e-22,1.90520212453582e-12,3.42949887238708e-12
0.379629254341125,2.07748134977087e-22,-2.8335217202094e-13,2.81535038337832e-11
0.379999607801437,-4.14422510355311e-22,-8.46992181252615e-12,9.83006107069251e-11
0.380369991064072,2.0611702306058e-22,1.90517241739629e-12,3.42975344305718e-12
0.380740374326706,2.09014780533608e-22,-2.83314550205555e-13,2.81531586238115e-11
0.381110727787018,-4.14563015948862e-22,-8.46992961878179e-12,9.83007009125458e-11
0.381481111049652,2.05143758030154e-22,1.90514271025677e-12,3.43000779688685e-12
0.381851464509964,2.0820275867221e-22,-2.83276901285115e-13,2.81528151485633e-11
0.382221847772598,-4.14422737547252e-22,-8.46993829239917e-12,9.83007911181666e-11
0.38259220123291,2.06009346702461e-22,1.90511300311724e-12,3.43026236755695e-12
0.382962584495544,2.08678195673456e-22,-2.8323927946973e-13,2.8152471673315e-11
0.383332937955856,-4.14865812318722e-22,-8.46994609865481e-12,9.83008743848934e-11
0.383703321218491,2.05435636565086e-22,1.90508351281815e-12,3.43051693822705e-12
0.384073704481125,2.08973418978626e-22,-2.8320163054929e-13,2.81521264633433e-11
0.384444057941437,-4.14374572855823e-22,-8.46995390491045e-12,9.83009645905142e-11
0.384814441204071,2.05025744438733e-22,1.90505380567862e-12,3.43077129205671e-12
0.385184794664383,2.07859332810287e-22,-2.83164008733905e-13,2.81517829880951e-11
0.385555177927017,-4.14593585886661e-22,-8.4699617111661e-12,9.83010547961349e-11
0.385925531387329,2.06054898686572e-22,1.9050240985391e-12,3.43102586272681e-12
0.386295914649963,2.08800689994818e-22,-2.83126359813465e-13,2.81514377781233e-11
0.386666268110275,-4.14790384594408e-22,-8.46996951742174e-12,9.83011450017557e-11
0.38703665137291,2.05252090720547e-22,1.90499439139957e-12,3.43128021655648e-12
0.387407034635544,2.08501844240372e-22,-2.8308873799808e-13,2.81510943028751e-11
0.387777388095856,-4.14562485834334e-22,-8.46997732367738e-12,9.83012352073764e-11
0.38814777135849,2.05861230178897e-22,1.90496468426005e-12,3.43153478722658e-12
0.388518124818802,2.08739083113564e-22,-2.83051089077641e-13,2.81507508276269e-11
0.388888508081436,-4.15153916943083e-22,-8.46998512993302e-12,9.83013254129972e-11
0.389258861541748,2.04732641591677e-22,1.90493497712052e-12,3.43178914105624e-12
0.389629244804382,2.08570531937111e-22,-2.83013440157201e-13,2.81504056176551e-11
0.389999598264694,-4.13967369167435e-22,-8.4699938035504e-12,9.83014156186179e-11
0.390369981527328,2.05987965416486e-22,1.90490526998099e-12,3.43204371172634e-12
0.390740364789963,2.08657975590733e-22,-2.82975818341816e-13,2.81500621424069e-11
0.391110718250275,-4.14944950844734e-22,-8.47000160980604e-12,9.83015058242387e-11
0.391481101512909,2.04794702856812e-22,1.90487556284147e-12,3.43229806555601e-12
0.391851454973221,2.08275510580333e-22,-2.82938169421376e-13,2.81497169324352e-11
0.392221838235855,-4.13822925580245e-22,-8.47000941606169e-12,9.83015960298594e-11
0.392592191696167,2.0631681312888e-22,1.90484585570194e-12,3.4325526362261e-12
0.392962574958801,2.08455547571566e-22,-2.82900547605991e-13,2.81493734571869e-11
0.393332928419113,-4.15436922370553e-22,-8.47001722231733e-12,9.83016862354802e-11
0.393703311681747,2.04923760500906e-22,1.90481614856242e-12,3.43280699005577e-12
0.394073665142059,2.08858964727609e-22,-2.82862898685551e-13,2.81490299819387e-11
0.394444048404694,-4.14040726920733e-22,-8.47002502857297e-12,9.83017764411009e-11
0.394814431667328,2.05471368808649e-22,1.90478644142289e-12,3.43306156072587e-12
0.39518478512764,2.08338581587427e-22,-2.82825276870166e-13,2.8148684771967e-11
0.395555168390274,-4.14530199335205e-22,-8.47003283482861e-12,9.83018666467217e-11
0.395925521850586,2.05702965748648e-22,1.90475673428336e-12,3.43331613139597e-12
0.39629590511322,2.0861968112695e-22,-2.82787627949727e-13,2.81483412967187e-11
0.396666258573532,-4.14824741064553e-22,-8.47004150844599e-12,9.83019568523424e-11
0.397036641836166,2.05278154684855e-22,1.90472702714384e-12,3.43357048522563e-12
0.397406995296478,2.0817964820313e-22,-2.82750006134341e-13,2.81479978214705e-11
0.397777378559113,-4.14622817916365e-22,-8.47004931470163e-12,9.83020401190693e-11
0.398147761821747,2.05811740201147e-22,1.90469732000431e-12,3.43382505589573e-12
0.398518115282059,2.0867674416939e-22,-2.82712357213902e-13,2.81476526114988e-11
0.398888498544693,-4.15004146967062e-22,-8.47005712095728e-12,9.830213032469e-11
0.399258852005005,2.05210817517986e-22,1.90466761286479e-12,3.4340794097254e-12
0.399629235267639,2.08844739987766e-22,-2.82674735398517e-13,2.81473091362505e-11
0.399999588727951,-4.14570462795807e-22,-8.47006492721292e-12,9.83022205303108e-11
0.400369971990585,2.0492661302194e-22,1.90463790572526e-12,3.4343339803955e-12
0.400740325450897,2.08084126613839e-22,-2.82637086478077e-13,2.81469639262788e-11
0.401110708713531,-4.14518663033327e-22,-8.47007273346856e-12,9.83023107359315e-11
0.401481091976166,2.05701981250238e-22,1.90460819858573e-12,3.4345885510656e-12
0.401851445436478,2.08567326006392e-22,-2.82599464662692e-13,2.81466204510306e-11
0.402221828699112,-4.14735454631856e-22,-8.4700805397242e-12,9.83024009415523e-11
0.402592182159424,2.05297251429649e-22,1.90457849144621e-12,3.43484290489526e-12
0.402962565422058,2.07994915911789e-22,-2.82561815742252e-13,2.81462769757823e-11
0.40333291888237,-4.15034363495175e-22,-8.47008834597984e-12,9.8302491147173e-11
0.403703302145004,2.0547733890798e-22,1.90454878430668e-12,3.43509747556536e-12
0.404073655605316,2.089337108761e-22,-2.82524193926867e-13,2.81459317658106e-11
0.40444403886795,-4.14754336806483e-22,-8.47009701959722e-12,9.83025813527938e-11
0.404814422130585,2.0478413843157e-22,1.90451907716715e-12,3.43535204623546e-12
0.405184775590897,2.07953062107602e-22,-2.82486545006427e-13,2.81455882905624e-11
0.405555158853531,-4.14967316629119e-22,-8.47010482585286e-12,9.83026715584145e-11
0.405925512313843,2.05474751444211e-22,1.90448937002763e-12,3.43560640006513e-12
0.406295895576477,2.08833241551211e-22,-2.82448923191042e-13,2.81452430805906e-11
0.406666249036789,-4.14768877090689e-22,-8.47011263210851e-12,9.83027617640353e-11
0.407036632299423,2.0478962890347e-22,1.9044596628881e-12,3.43586097073523e-12
0.407406985759735,2.07645608302958e-22,-2.82411274270603e-13,2.81448996053424e-11
0.407777369022369,-4.14898906611418e-22,-8.47012043836415e-12,9.8302851969656e-11
0.408147752285004,2.05520505376714e-22,1.90442995574858e-12,3.43611554140533e-12
0.408518105745316,2.08559172340076e-22,-2.82373652455217e-13,2.81445561300941e-11
0.40888848900795,-4.14738660562575e-22,-8.47012824461979e-12,9.83029421752768e-11
0.409258842468262,2.05171652151763e-22,1.90440024860905e-12,3.43636989523499e-12
0.409629225730896,2.08086676212285e-22,-2.82336003534778e-13,2.81442109201224e-11
0.409999579191208,-4.15025805932075e-22,-8.47013605087543e-12,9.83030323808975e-11
0.410369962453842,2.05498909520572e-22,1.90437054146952e-12,3.43662446590509e-12
0.410740315914154,2.0852951117004e-22,-2.82298381719392e-13,2.81438674448742e-11
0.411110699176788,-4.15169265020855e-22,-8.47014385713107e-12,9.83031156476244e-11
0.411481082439423,2.04821031878385e-22,1.90434083433e-12,3.43687903657519e-12
0.411851435899734,2.08367523316318e-22,-2.82260732798953e-13,2.81435239696259e-11
0.412221819162369,-4.14774582132755e-22,-8.47015253074845e-12,9.83032058532451e-11
0.412592172622681,2.05293124109393e-22,1.90431112719047e-12,3.43713339040486e-12
0.412962555885315,2.08598893064376e-22,-2.82223110983568e-13,2.81431787596542e-11
0.413332909345627,-4.14434652502364e-22,-8.4701603370041e-12,9.83032960588659e-11
0.413703292608261,2.05366040100584e-22,1.90428142005095e-12,3.43738796107496e-12
0.414073646068573,2.08200082856019e-22,-2.82185462063128e-13,2.8142835284406e-11
0.414444029331207,-4.14759107837238e-22,-8.47016814325974e-12,9.83033862644866e-11
0.414814412593842,2.05680461124743e-22,1.90425171291142e-12,3.43764253174506e-12
0.415184766054153,2.08697873019876e-22,-2.82147840247743e-13,2.81424900744343e-11
0.415555149316788,-4.15066145123325e-22,-8.47017594951538e-12,9.83034764701074e-11
0.4159255027771,2.05099342005747e-22,1.90422200577189e-12,3.43789688557472e-12
0.416295886039734,2.08808263059509e-22,-2.82110191327303e-13,2.8142146599186e-11
0.416666239500046,-4.14598079238377e-22,-8.47018375577102e-12,9.83035666757281e-11
0.41703662276268,2.04832038065735e-22,1.90419229863237e-12,3.43815145624482e-12
0.417406976222992,2.08102604891683e-22,-2.82072569511918e-13,2.81418031239378e-11
0.417777359485626,-4.14652150920265e-22,-8.47019156202666e-12,9.83036568813489e-11
0.41814774274826,2.05378257978284e-22,1.90416259149284e-12,3.43840602691492e-12
0.418518096208572,2.08284270091825e-22,-2.82034947696533e-13,2.81414579139661e-11
0.418888479471207,-4.14765772134166e-22,-8.47019936828231e-12,9.83037470869697e-11
0.419258832931519,2.05332100148998e-22,1.90413288435332e-12,3.43866059758502e-12
0.419629216194153,2.08037627996642e-22,-2.81997298776093e-13,2.81411144387178e-11
0.419999569654465,-4.15050721314906e-22,-8.47020804189969e-12,9.83038372925904e-11
0.420369952917099,2.05743077747956e-22,1.90410339405422e-12,3.43891495141468e-12
0.420740306377411,2.08937043024564e-22,-2.81959676960708e-13,2.81407692287461e-11
0.421110689640045,-4.15163635709436e-22,-8.47021584815533e-12,9.83039274982112e-11
0.421481072902679,2.04729978397261e-22,1.9040736869147e-12,3.43916952208478e-12
0.421851426362991,2.08755769099431e-22,-2.81922028040268e-13,2.81404257534978e-11
0.422221809625626,-4.14259866169316e-22,-8.47022365441097e-12,9.83040177038319e-11
0.422592163085938,2.05303865239478e-22,1.90404397977517e-12,3.43942409275488e-12
0.422962546348572,2.08289571237108e-22,-2.81884406224883e-13,2.81400822782496e-11
0.423332899808884,-4.14555089474486e-22,-8.47023146066661e-12,9.83041079094527e-11
0.423703283071518,2.05357772838297e-22,1.90401427263565e-12,3.43967866342498e-12
0.42407363653183,2.08007663904018e-22,-2.81846757304444e-13,2.81397370682779e-11
0.424444019794464,-4.14681155758028e-22,-8.47023926692225e-12,9.83041911761795e-11
0.424814403057098,2.06579245063942e-22,1.90398456549612e-12,3.43993323409508e-12
0.42518475651741,2.09533144189872e-22,-2.81809135489058e-13,2.81393935930296e-11
0.425555139780045,-4.15364473385018e-22,-8.47024707317789e-12,9.83042813818003e-11
0.425925493240356,2.03789340653875e-22,1.90395485835659e-12,3.44018758792475e-12
0.426295876502991,2.08087584980048e-22,-2.81771486568619e-13,2.81390501177814e-11
0.426666229963303,-4.13225309801999e-22,-8.47025487943354e-12,9.8304371587421e-11
0.427036613225937,2.07198027557997e-22,1.90392515121707e-12,3.44044215859485e-12
0.427406966686249,2.09198919601548e-22,-2.81733864753234e-13,2.81387049078097e-11
0.427777349948883,-4.15859650841556e-22,-8.47026355305092e-12,9.83044617930418e-11
0.428147733211517,2.03549059933032e-22,1.90389544407754e-12,3.44069672926495e-12
0.428518086671829,2.08102478673938e-22,-2.81696242937848e-13,2.81383614325614e-11
0.428888469934464,-4.12772364802883e-22,-8.47027135930656e-12,9.83045519986625e-11
0.429258823394775,2.08236458810081e-22,1.90386573693802e-12,3.44095129993505e-12
0.42962920665741,2.09115413941565e-22,-2.81658594017409e-13,2.81380162225897e-11
0.429999560117722,-4.17044557786521e-22,-8.4702791655622e-12,9.83046422042833e-11
0.430369943380356,2.03468646607798e-22,1.90383602979849e-12,3.44120587060515e-12
0.430740296840668,2.0977760271807e-22,-2.81620972202024e-13,2.81376727473415e-11
0.431110680103302,-4.11947759032324e-22,-8.47028697181784e-12,9.8304732409904e-11
0.431481063365936,2.06434763611429e-22,1.90380632265896e-12,3.44146022443481e-12
0.431851416826248,2.07497479157619e-22,-2.81583323281584e-13,2.81373292720932e-11
0.432221800088882,-4.16523884345526e-22,-8.47029477807348e-12,9.83048226155248e-11
0.432592153549194,2.04300711847076e-22,1.90377661551944e-12,3.44171479510491e-12
0.432962536811829,2.09230196358719e-22,-2.81545701466199e-13,2.81369840621215e-11
0.433332890272141,-4.12629637777023e-22,-8.47030258432913e-12,9.83049128211455e-11
0.433703273534775,2.06722275012389e-22,1.90374690837991e-12,3.44196936577501e-12
0.434073626995087,2.0733701853861e-22,-2.81508052545759e-13,2.81366405868733e-11
0.434444010257721,-4.16870680221236e-22,-8.47031039058477e-12,9.83050030267663e-11
0.434814393520355,2.05286876331023e-22,1.90371720124038e-12,3.44222393644511e-12
0.435184746980667,2.10801152898038e-22,-2.81470430730374e-13,2.8136297111625e-11
0.435555130243301,-4.1314071866941e-22,-8.47031906420215e-12,9.8305093232387e-11
0.435925483703613,2.04486516989248e-22,1.90368749410086e-12,3.44247850711521e-12
0.436295866966248,2.06946437727217e-22,-2.81432808914989e-13,2.81359519016533e-11
0.436666220426559,-4.15476277063393e-22,-8.47032687045779e-12,9.83051764991139e-11
0.437036603689194,2.0582227938284e-22,1.90365778696133e-12,3.44273307778531e-12
0.437406957149506,2.09960807774698e-22,-2.81395159994549e-13,2.81356084264051e-11
0.43777734041214,-4.13311137868487e-22,-8.47033467671343e-12,9.83052667047346e-11
0.438147723674774,2.05322267786675e-22,1.90362807982181e-12,3.44298743161497e-12
0.438518077135086,2.06840351712682e-22,-2.81357538179164e-13,2.81352632164333e-11
0.43888846039772,-4.15777886986451e-22,-8.47034248296907e-12,9.83053569103554e-11
0.439258813858032,2.06528290960352e-22,1.90359837268228e-12,3.44324200228507e-12
0.439629197120667,2.10516228960846e-22,-2.81319889258724e-13,2.81349197411851e-11
0.439999550580978,-4.14181863603008e-22,-8.47035028922472e-12,9.83054471159761e-11
0.440369933843613,2.04192290804262e-22,1.90356866554275e-12,3.44349657295517e-12
0.440740287303925,2.07589845303289e-22,-2.81282267443339e-13,2.81345762659369e-11
0.441110670566559,-4.14842739714966e-22,-8.47035809548036e-12,9.83055373215969e-11
0.441481053829193,2.06428541076608e-22,1.90353895840323e-12,3.44375114362527e-12
0.441851407289505,2.10189691033183e-22,-2.81244645627954e-13,2.81342310559651e-11
0.442221790552139,-4.14357735408662e-22,-8.470365901736e-12,9.83056275272176e-11
0.442592144012451,2.03732050419494e-22,1.9035092512637e-12,3.44400571429537e-12
0.442962527275085,2.07111681998755e-22,-2.81206996707514e-13,2.81338875807169e-11
0.443332880735397,-4.13803942431422e-22,-8.47037457535338e-12,9.83057177328384e-11
0.443703263998032,2.07564387184156e-22,1.90347954412418e-12,3.44426028496547e-12
0.444073617458344,2.09524914792909e-22,-2.81169374892129e-13,2.81335441054686e-11
0.444444000720978,-4.15568819913906e-22,-8.47038238160902e-12,9.83058079384591e-11
0.444814383983612,2.03925441248131e-22,1.90344983698465e-12,3.44451485563557e-12
0.445184737443924,2.08291514990378e-22,-2.81131725971689e-13,2.81331988954969e-11
0.445555120706558,-4.13658867755508e-22,-8.47039018786466e-12,9.83058981440799e-11
0.44592547416687,2.06952799101556e-22,1.90342012984512e-12,3.44476942630567e-12
0.446295857429504,2.09566011290628e-22,-2.81094104156304e-13,2.81328554202487e-11
0.446666210889816,-4.1559684025326e-22,-8.4703979941203e-12,9.83059883497006e-11
0.447036594152451,2.03525419349424e-22,1.9033904227056e-12,3.44502399697577e-12
0.447406947612762,2.08288031380621e-22,-2.81056482340919e-13,2.8132510210277e-11
0.447777330875397,-4.12722483550124e-22,-8.47040580037595e-12,9.83060785553214e-11
0.448147714138031,2.07254333293968e-22,1.90336071556607e-12,3.44527856764587e-12
0.448518067598343,2.08065976502132e-22,-2.81018833420479e-13,2.81321667350287e-11
0.448888450860977,-4.17161511148886e-22,-8.47041360663159e-12,9.83061618220482e-11
0.449258804321289,2.03804398430834e-22,1.90333100842655e-12,3.44553292147554e-12
0.449629187583923,2.09748118252876e-22,-2.80981211605094e-13,2.81318232597805e-11
0.449999541044235,-4.11929735138362e-22,-8.47042141288723e-12,9.8306252027669e-11
0.45036992430687,2.07119002627955e-22,1.90330130128702e-12,3.44578749214564e-12
0.450740277767181,2.07631724351026e-22,-2.80943562684655e-13,2.81314780498088e-11
0.451110661029816,-4.1715186811318e-22,-8.47042921914287e-12,9.83063422332897e-11
0.45148104429245,2.04476659383376e-22,1.90327159414749e-12,3.44604206281574e-12
0.451851397752762,2.10614603071171e-22,-2.80905940869269e-13,2.81311345745605e-11
0.452221781015396,-4.12101744681024e-22,-8.47043789276025e-12,9.83064324389105e-11
0.452592134475708,2.0588877089082e-22,1.90324188700797e-12,3.44629663348583e-12
0.452962517738342,2.07104134177614e-22,-2.80868319053884e-13,2.81307910993123e-11
0.453332871198654,-4.16400746313665e-22,-8.47044569901589e-12,9.83065226445312e-11
0.453703254461288,2.05276147822712e-22,1.90321217986844e-12,3.44655120415593e-12
0.4540736079216,2.10752218278365e-22,-2.80830670133445e-13,2.81304458893405e-11
0.454443991184235,-4.12384371455259e-22,-8.47045350527154e-12,9.8306612850152e-11
0.454814374446869,2.0506860798488e-22,1.90318247272891e-12,3.44680577482603e-12
0.455184727907181,2.05899575129778e-22,-2.80793048318059e-13,2.81301024140923e-11
0.455555111169815,-4.16482939309102e-22,-8.47046131152718e-12,9.83067030557727e-11
0.455925464630127,2.07039636910003e-22,1.90315276558939e-12,3.44706034549613e-12
0.456295847892761,2.11672711669675e-22,-2.80755426502674e-13,2.81297572041206e-11
0.456666201353073,-4.13840772769365e-22,-8.47046911778282e-12,9.83067932613935e-11
0.457036584615707,2.0358931077186e-22,1.90312305844986e-12,3.44731491616623e-12
0.457406938076019,2.06604135203223e-22,-2.80717777582234e-13,2.81294137288723e-11
0.457777321338654,-4.15074929878365e-22,-8.47047692403846e-12,9.83068834670142e-11
0.458147704601288,2.07061030817753e-22,1.90309335131034e-12,3.44756948683633e-12
0.4585180580616,2.10985645375663e-22,-2.80680155766849e-13,2.81290702536241e-11
0.458888441324234,-4.1424608319158e-22,-8.4704847302941e-12,9.8306973672635e-11
0.459258794784546,2.03223582234425e-22,1.90306364417081e-12,3.44782405750643e-12
0.45962917804718,2.06633619668417e-22,-2.80642533951464e-13,2.81287250436524e-11
0.459999531507492,-4.13963784583482e-22,-8.47049340391148e-12,9.83070569393618e-11
0.460369914770126,2.07845852755139e-22,1.90303393703128e-12,3.44807862817653e-12
0.460740268230438,2.09982807527623e-22,-2.80604885031024e-13,2.81283815684041e-11
0.461110651493073,-4.15687414106953e-22,-8.47050121016713e-12,9.83071471449826e-11
0.461481034755707,2.03654540102391e-22,1.90300422989176e-12,3.44833319884663e-12
0.461851388216019,2.07966264483712e-22,-2.80567263215639e-13,2.81280380931559e-11
0.462221771478653,-4.13614565327071e-22,-8.47050901642277e-12,9.83072373506033e-11
0.462592124938965,2.0744759790486e-22,1.90297452275223e-12,3.44858776951673e-12
0.462962508201599,2.10054070066357e-22,-2.805296142952e-13,2.81276928831842e-11
0.463332861661911,-4.1567772058415e-22,-8.47051682267841e-12,9.83073275562241e-11
0.463703244924545,2.0313255399685e-22,1.90294481561271e-12,3.44884234018683e-12
0.464073598384857,2.08567363871716e-22,-2.80491992479814e-13,2.81273494079359e-11
0.464443981647491,-4.1204343208291e-22,-8.47052462893405e-12,9.83074177618448e-11
0.464814335107803,2.07277027244489e-22,1.90291510847318e-12,3.44909691085693e-12
0.465184718370438,2.08028085935132e-22,-2.80454370664429e-13,2.81270041979642e-11
0.465555101633072,-4.16205235026915e-22,-8.47053243518969e-12,9.83075079674656e-11
0.465925455093384,2.05018714110346e-22,1.90288540133365e-12,3.44935148152703e-12
0.466295838356018,2.09748660989179e-22,-2.8041672174399e-13,2.8126660722716e-11
0.46666619181633,-4.13170985684622e-22,-8.47054024144533e-12,9.83075981730863e-11
0.467036575078964,2.06373118864851e-22,1.90285569419413e-12,3.44960626903756e-12
0.467406928539276,2.08262699479232e-22,-2.80379099928604e-13,2.81263172474677e-11
0.46777731180191,-4.16216897546538e-22,-8.47054804770098e-12,9.83076883787071e-11
0.468147665262222,2.04673962962103e-22,1.9028259870546e-12,3.44986083970766e-12
0.468518048524857,2.10307363836693e-22,-2.80341478113219e-13,2.8125972037496e-11
0.468888431787491,-4.12617293681578e-22,-8.47055672131836e-12,9.83077785843278e-11
0.469258785247803,2.05178051391426e-22,1.90279627991508e-12,3.45011541037776e-12
0.469629168510437,2.06894095228433e-22,-2.8030382919278e-13,2.81256285622478e-11
0.469999521970749,-4.15597723777473e-22,-8.470564527574e-12,9.83078687899486e-11
0.470369905233383,2.06416512525525e-22,1.90276657277555e-12,3.45036998104786e-12
0.470740258693695,2.10624220863327e-22,-2.80266207377394e-13,2.81252850869995e-11
0.471110641956329,-4.13829690851369e-22,-8.47057233382964e-12,9.83079520566754e-11
0.471480995416641,2.04526982398242e-22,1.90273686563602e-12,3.45062455171796e-12
0.471851378679276,2.072126183293e-22,-2.80228585562009e-13,2.81249398770278e-11
0.47222176194191,-4.1532433614216e-22,-8.47058014008528e-12,9.83080422622962e-11
0.472592115402222,2.06439761834124e-22,1.90270694165606e-12,3.45087912238806e-12
0.472962498664856,2.10762151614883e-22,-2.80190936641569e-13,2.81245964017796e-11
0.473332852125168,-4.13816791397846e-22,-8.47058794634092e-12,9.83081324679169e-11
0.473703235387802,2.03728276508924e-22,1.90267723451654e-12,3.45113369305816e-12
0.474073588848114,2.06614283109908e-22,-2.80153314826184e-13,2.81242529265313e-11
0.474443972110748,-4.1432600426761e-22,-8.47059575259657e-12,9.83082226735377e-11
0.47481432557106,2.07625678521048e-22,1.90264752737701e-12,3.45138826372826e-12
0.475184708833694,2.10299462605866e-22,-2.80115693010799e-13,2.81239077165596e-11
0.475555092096329,-4.15072910394448e-22,-8.47060355885221e-12,9.83083128791584e-11
0.475925445556641,2.0372117044989e-22,1.90261782023748e-12,3.45164283439836e-12
0.476295828819275,2.07656387298367e-22,-2.80078071195414e-13,2.81235642413113e-11
0.476666182279587,-4.13929200921397e-22,-8.47061223246959e-12,9.83084030847792e-11
0.477036565542221,2.07746658229473e-22,1.90258811309796e-12,3.45189740506846e-12
0.477406919002533,2.1040971380598e-22,-2.80040422274974e-13,2.81232190313396e-11
0.477777302265167,-4.15754965843989e-22,-8.47062003872523e-12,9.83084932903999e-11
0.478147655725479,2.03203942753329e-22,1.90255840595843e-12,3.45215197573856e-12
0.478518038988113,2.08844373956306e-22,-2.80002800459589e-13,2.81228755560914e-11
0.478888422250748,-4.12176667534358e-22,-8.47062784498087e-12,9.83085834960207e-11
0.47925877571106,2.07249133122881e-22,1.90252869881891e-12,3.45240676324909e-12
0.479629158973694,2.08280306854637e-22,-2.79965178644204e-13,2.81225320808431e-11
0.479999512434006,-4.16373887177564e-22,-8.47063565123651e-12,9.83086737016414e-11
0.48036989569664,2.04416781685226e-22,1.90249899167938e-12,3.45266133391919e-12
0.480740249156952,2.09373188441843e-22,-2.79927529723764e-13,2.81221868708714e-11
0.481110632419586,-4.12635923420716e-22,-8.47064345749216e-12,9.83087639072622e-11
0.481480985879898,2.06954755476601e-22,1.90246928453985e-12,3.45291590458929e-12
0.481851369142532,2.08447318174603e-22,-2.79889907908379e-13,2.81218433956232e-11
0.482221752405167,-4.16368787980673e-22,-8.4706512637478e-12,9.8308847173989e-11
0.482592105865479,2.04336393603541e-22,1.90243957740033e-12,3.45317047525939e-12
0.482962489128113,2.09917616062415e-22,-2.79852286092994e-13,2.81214999203749e-11
0.483332842588425,-4.12453134882645e-22,-8.47065907000344e-12,9.83089373796098e-11
0.483703225851059,2.0631816365875e-22,1.9024098702608e-12,3.45342504592949e-12
0.484073579311371,2.07794658837834e-22,-2.79814637172554e-13,2.81211547104032e-11
0.484443962574005,-4.16101509284209e-22,-8.47066687625908e-12,9.83090275852305e-11
0.484814316034317,2.05122957345806e-22,1.90238016312128e-12,3.45367961659959e-12
0.485184699296951,2.10279444471535e-22,-2.79777015357169e-13,2.8120811235155e-11
0.485555082559586,-4.12480524133274e-22,-8.47067554987646e-12,9.83091177908513e-11
0.485925436019897,2.06244995232069e-22,1.90235045598175e-12,3.45393440411013e-12
0.486295819282532,2.07833521281468e-22,-2.79739393541784e-13,2.81204677599067e-11
0.486666172742844,-4.16104210343949e-22,-8.4706833561321e-12,9.8309207996472e-11
0.487036556005478,2.05136563618699e-22,1.90232074884222e-12,3.45418897478023e-12
0.48740690946579,2.10460339743433e-22,-2.79701771726398e-13,2.8120122549935e-11
0.487777292728424,-4.12449323106751e-22,-8.47069116238774e-12,9.83092982020928e-11
0.488147646188736,2.06119168762242e-22,1.9022910417027e-12,3.45444354545033e-12
0.48851802945137,2.07914805509142e-22,-2.79664122805959e-13,2.81197790746868e-11
0.488888412714005,-4.15841071589516e-22,-8.47069896864339e-12,9.83093884077135e-11
0.489258766174316,2.05290587132721e-22,1.90226133456317e-12,3.45469811612042e-12
0.489629149436951,2.10348094302951e-22,-2.79626500990574e-13,2.8119433864715e-11
0.489999502897263,-4.12992715741816e-22,-8.47070677489903e-12,9.83094786133343e-11
0.490369886159897,2.05403930667584e-22,1.90223162742365e-12,3.45495268679052e-12
0.490740239620209,2.07454956399384e-22,-2.79588879175188e-13,2.81190903894668e-11
0.491110622882843,-4.15231263177118e-22,-8.47071458115467e-12,9.8309568818955e-11
0.491480976343155,2.06437540401815e-22,1.90220192028412e-12,3.45520747430106e-12
0.491851359605789,2.10587403147159e-22,-2.79551257359803e-13,2.81187469142186e-11
0.492221742868423,-4.13904108833724e-22,-8.47072238741031e-12,9.83096520856819e-11
0.492592096328735,2.04758263793878e-22,1.90217221314459e-12,3.45546204497116e-12
0.49296247959137,2.07756654674864e-22,-2.79513608439363e-13,2.81184017042468e-11
0.493332833051682,-4.14798462530078e-22,-8.47073019366595e-12,9.83097422913026e-11
0.493703216314316,2.06729065527061e-22,1.90214250600507e-12,3.45571661564126e-12
0.494073569774628,2.11072218126846e-22,-2.79475986623978e-13,2.81180582289986e-11
0.494443953037262,-4.1373679459117e-22,-8.47073886728333e-12,9.83098324969234e-11
0.494814306497574,2.04012619844489e-22,1.90211279886554e-12,3.45597118631136e-12
0.495184689760208,2.07312178886426e-22,-2.79438364808593e-13,2.81177147537504e-11
0.495555073022842,-4.1396014951243e-22,-8.47074667353898e-12,9.83099227025441e-11
0.495925426483154,2.07473851195786e-22,1.90208309172601e-12,3.45622597382189e-12
0.496295809745789,2.10410231298733e-22,-2.79400715888153e-13,2.81173695437786e-11
0.4966661632061,-4.144997808587e-22,-8.47075447979462e-12,9.83100129081649e-11
0.497036546468735,2.044907452837e-22,1.90205338458649e-12,3.45648054449199e-12
0.497406899929047,2.08311533124709e-22,-2.79363094072768e-13,2.81170260685304e-11
0.497777283191681,-4.14065339380976e-22,-8.47076228605026e-12,9.83101031137856e-11
0.498147636651993,2.06948785377271e-22,1.90202367744696e-12,3.45673511516209e-12
0.498518019914627,2.10213091803075e-22,-2.79325472257383e-13,2.81166825932821e-11
0.498888403177261,-4.14732349675333e-22,-8.4707700923059e-12,9.83101933194064e-11
0.499258756637573,2.03992904632746e-22,1.90199397030744e-12,3.45698968583219e-12
0.499629139900208,2.08454146554598e-22,-2.79287850441998e-13,2.81163373833104e-11
0.499999493360519,-4.12893584325023e-22,-8.47077789856154e-12,9.83102835250271e-11
0.500369846820831,2.07352884109135e-22,1.90196426316791e-12,3.45724447334272e-12
0.500740230083466,2.09219568824604e-22,-2.79250201521558e-13,2.81159939080622e-11
0.5011106133461,-4.15652199356144e-22,-8.47078570481719e-12,9.83103737306479e-11
0.501480996608734,2.0450991775914e-22,1.90193455602838e-12,3.45749904401282e-12
0.501851320266724,2.09507938506229e-22,-2.79212579706173e-13,2.81156486980905e-11
0.502221703529358,-4.12712360886988e-22,-8.47079351107283e-12,9.83104639362686e-11
0.502592086791992,2.06903422719777e-22,1.90190484888886e-12,3.45775361468292e-12
0.502962470054626,2.0884292245224e-22,-2.79174957890788e-13,2.81153052228422e-11
0.503332853317261,-4.1592553650436e-22,-8.47080218469021e-12,9.83105472029955e-11
0.50370317697525,2.04728072509314e-22,1.90187514174933e-12,3.45800818535302e-12
0.504073560237885,2.10322017716868e-22,-2.79137336075402e-13,2.8114961747594e-11
0.504443943500519,-4.12337367967082e-22,-8.47080999094585e-12,9.83106374086162e-11
0.504814326763153,2.05662235282389e-22,1.90184543460981e-12,3.45826297286356e-12
0.505184650421143,2.07643891741628e-22,-2.79099714260017e-13,2.81146165376223e-11
0.505555033683777,-4.15309896832151e-22,-8.47081779720149e-12,9.8310727614237e-11
0.505925416946411,2.06044687671015e-22,1.90181572747028e-12,3.45851754353366e-12
0.506295800209045,2.10366421119501e-22,-2.79062065339578e-13,2.8114273062374e-11
0.50666618347168,-4.13302378356995e-22,-8.47082560345713e-12,9.83108178198577e-11
0.507036507129669,2.05402693733684e-22,1.90178602033075e-12,3.45877211420376e-12
0.507406890392303,2.07843921623643e-22,-2.79024443524192e-13,2.81139295871258e-11
0.507777273654938,-4.15123624684323e-22,-8.47083340971277e-12,9.83109080254785e-11
0.508147656917572,2.06567027186241e-22,1.90175631319123e-12,3.45902690171429e-12
0.508517980575562,2.11041118074518e-22,-2.78986821708807e-13,2.81135843771541e-11
0.508888363838196,-4.13910949835494e-22,-8.47084121596842e-12,9.83109982310992e-11
0.50925874710083,2.04332922615558e-22,1.90172638921127e-12,3.45928147238439e-12
0.509629130363464,2.08243829926379e-22,-2.78949199893422e-13,2.81132409019058e-11
0.509999513626099,-4.13480269646566e-22,-8.47084902222406e-12,9.831108843672e-11
0.510369837284088,2.07317833441395e-22,1.90169668207174e-12,3.45953604305449e-12
0.510740220546722,2.10338375536599e-22,-2.78911550972982e-13,2.81128974266576e-11
0.511110603809357,-4.14700189393949e-22,-8.4708568284797e-12,9.83111786423407e-11
0.511480987071991,2.03625573129951e-22,1.90166697493221e-12,3.45979083056502e-12
0.51185131072998,2.07704640342217e-22,-2.78873929157597e-13,2.81125522166858e-11
0.512221693992615,-4.1283719023663e-22,-8.47086463473534e-12,9.83112688479615e-11
0.512592077255249,2.0875446905666e-22,1.90163726779269e-12,3.46004540123512e-12
0.512962460517883,2.10551014571323e-22,-2.78836307342212e-13,2.81122087414376e-11
0.513332843780518,-4.16206194281776e-22,-8.47087330835272e-12,9.83113521146883e-11
0.513703167438507,2.02710065339562e-22,1.90160756065316e-12,3.46029997190522e-12
0.514073550701141,2.08852136347613e-22,-2.78798685526827e-13,2.81118652661894e-11
0.514443933963776,-4.11716477636688e-22,-8.47088111460836e-12,9.83114423203091e-11
0.51481431722641,2.08264315066366e-22,1.90157785351364e-12,3.46055475941576e-12
0.515184640884399,2.09210367551005e-22,-2.78761063711441e-13,2.81115200562176e-11
0.515555024147034,-4.16476956587996e-22,-8.47088892086401e-12,9.83115325259298e-11
0.515925407409668,2.03970955366919e-22,1.90154814637411e-12,3.46080933008586e-12
0.516295790672302,2.10131277460873e-22,-2.78723414791002e-13,2.81111765809694e-11
0.516666173934937,-4.11801371691864e-22,-8.47089672711965e-12,9.83116227315506e-11
0.517036497592926,2.07066571776751e-22,1.90151843923458e-12,3.46106411759639e-12
0.51740688085556,2.08099689261777e-22,-2.78685792975616e-13,2.81108331057212e-11
0.517777264118195,-4.16580303677468e-22,-8.47090453337529e-12,9.83117129371713e-11
0.518147647380829,2.04897683914823e-22,1.90148873209506e-12,3.46131868826649e-12
0.518517971038818,2.11030881815412e-22,-2.78648171160231e-13,2.81104878957494e-11
0.518888354301453,-4.11473861887566e-22,-8.47091233963093e-12,9.83118031427921e-11
0.519258737564087,2.06474080438945e-22,1.90145902495553e-12,3.46157325893659e-12
0.519629120826721,2.07502300675472e-22,-2.78610549344846e-13,2.81101444205012e-11
0.519999504089355,-4.16219068491749e-22,-8.47092014588657e-12,9.83118933484128e-11
0.520369827747345,2.05661326514626e-22,1.90142931781601e-12,3.46182804644712e-12
0.520740211009979,2.11343927066153e-22,-2.78572927529461e-13,2.81097992105295e-11
0.521110594272614,-4.12245304743999e-22,-8.47092795214222e-12,9.83119835540336e-11
0.521480977535248,2.05383167848558e-22,1.90139961067648e-12,3.46208261711722e-12
0.521851301193237,2.07026813187128e-22,-2.78535278609021e-13,2.81094557352812e-11
0.522221684455872,-4.15690821986064e-22,-8.4709366257596e-12,9.83120668207604e-11
0.522592067718506,2.06690278814073e-22,1.90136990353695e-12,3.46233740462776e-12
0.52296245098114,2.11402479477982e-22,-2.78497656793636e-13,2.8109112260033e-11
0.523332834243774,-4.13566602584034e-22,-8.47094443201524e-12,9.83121570263812e-11
0.523703157901764,2.03900336538683e-22,1.90134019639743e-12,3.46259197529786e-12
0.524073541164398,2.07278049608223e-22,-2.78460034978251e-13,2.81087670500613e-11
0.524443924427032,-4.14145942032828e-22,-8.47095223827088e-12,9.83122472320019e-11
0.524814307689667,2.07629124265482e-22,1.9013104892579e-12,3.46284654596796e-12
0.525184631347656,2.1085315460891e-22,-2.78422413162865e-13,2.8108423574813e-11
0.525555014610291,-4.14569074400614e-22,-8.47096004452652e-12,9.83123374376227e-11
0.525925397872925,2.03951303264048e-22,1.90128078211838e-12,3.46310133347849e-12
0.526295781135559,2.08112588715299e-22,-2.7838479134748e-13,2.81080800995648e-11
0.526666164398193,-4.13682319012499e-22,-8.47096785078216e-12,9.83124276432434e-11
0.527036488056183,2.07540822331195e-22,1.90125107497885e-12,3.46335590414859e-12
0.527406871318817,2.10933479581723e-22,-2.78347142427041e-13,2.81077348895931e-11
0.527777254581451,-4.14839988168129e-22,-8.4709756570378e-12,9.83125178488642e-11
0.528147637844086,2.02916279891075e-22,1.90122136783932e-12,3.46361069165912e-12
0.528517961502075,2.07729164450039e-22,-2.78309520611655e-13,2.81073914143448e-11
0.528888344764709,-4.12369301056526e-22,-8.47098346329345e-12,9.83126080544849e-11
0.529258728027344,2.08400415660622e-22,1.9011916606998e-12,3.46386526232922e-12
0.529629111289978,2.0951109394985e-22,-2.7827189879627e-13,2.81070479390966e-11
0.529999494552612,-4.16243327542306e-22,-8.47099126954909e-12,9.83126982601057e-11
0.530369818210602,2.03902785162933e-22,1.90116195356027e-12,3.46412004983976e-12
0.530740201473236,2.09472685890096e-22,-2.78234276980885e-13,2.81067027291249e-11
0.53111058473587,-4.12424685402959e-22,-8.47099907580473e-12,9.83127884657264e-11
0.531480967998505,2.07589416162957e-22,1.90113202958031e-12,3.46437462050986e-12
0.531851291656494,2.09177172284113e-22,-2.781966551655e-13,2.81063592538766e-11
0.532221674919128,-4.163705550291e-22,-8.47100774942211e-12,9.83128717324533e-11
0.532592058181763,2.04012279056578e-22,1.90110232244078e-12,3.46462940802039e-12
0.532962441444397,2.10358204344312e-22,-2.78159033350114e-13,2.81060157786284e-11
0.533332824707031,-4.11658291256319e-22,-8.47101555567775e-12,9.8312961938074e-11
0.533703148365021,2.06647882273583e-22,1.90107261530126e-12,3.46488397869049e-12
0.534073531627655,2.08250683549924e-22,-2.78121411534729e-13,2.81056705686566e-11
0.534443914890289,-4.15516313332055e-22,-8.47102336193339e-12,9.83130521436948e-11
0.534814298152924,2.05260976449783e-22,1.90104290816173e-12,3.46513876620103e-12
0.535184621810913,2.10372429084155e-22,-2.7808376261429e-13,2.81053270934084e-11
0.535555005073547,-4.12607246749089e-22,-8.47103116818904e-12,9.83131423493155e-11
0.535925388336182,2.06134087699682e-22,1.90101320102221e-12,3.46539333687113e-12
0.536295771598816,2.07626700884781e-22,-2.78046140798904e-13,2.81049836181602e-11
0.53666615486145,-4.16029590413202e-22,-8.47103897444468e-12,9.83132325549363e-11
0.53703647851944,2.06126703961609e-22,1.90098349388268e-12,3.46564812438166e-12
0.537406861782074,2.11378169940327e-22,-2.78008518983519e-13,2.81046384081884e-11
0.537777245044708,-4.13050245789912e-22,-8.47104678070032e-12,9.8313322760557e-11
0.538147628307343,2.04736503854669e-22,1.90095378674315e-12,3.46590269505176e-12
0.538517951965332,2.07692435086292e-22,-2.77970897168134e-13,2.81042949329402e-11
0.538888335227966,-4.15064756728132e-22,-8.47105458695596e-12,9.83134129661778e-11
0.539258718490601,2.06358629067744e-22,1.90092407960363e-12,3.46615748256229e-12
0.539629101753235,2.11053247599797e-22,-2.77933275352749e-13,2.8103951457692e-11
0.539999485015869,-4.13026441123236e-22,-8.4710623932116e-12,9.83135031717985e-11
0.540369808673859,2.04716309015495e-22,1.9008943724641e-12,3.46641205323239e-12
0.540740191936493,2.07434193580358e-22,-2.77895653537363e-13,2.81036062477202e-11
0.541110575199127,-4.14440509005725e-22,-8.47107019946725e-12,9.83135864385254e-11
0.541480958461761,2.07720341829675e-22,1.90086466532458e-12,3.46666684074293e-12
0.541851282119751,2.11364487936787e-22,-2.77858031721978e-13,2.8103262772472e-11
0.542221665382385,-4.14324161488536e-22,-8.47107887308463e-12,9.83136766441461e-11
0.54259204864502,2.03926047093306e-22,1.90083495818505e-12,3.46692141141303e-12
0.542962431907654,2.08406082837365e-22,-2.77820382801539e-13,2.81029192972237e-11
0.543332815170288,-4.13179618978369e-22,-8.47108667934027e-12,9.83137668497669e-11
0.543703138828278,2.07419299886468e-22,1.90080525104552e-12,3.46717619892356e-12
0.544073522090912,2.10237805237514e-22,-2.77782760986153e-13,2.8102574087252e-11
0.544443905353546,-4.15136574624943e-22,-8.47109448559591e-12,9.83138570553876e-11
0.54481428861618,2.03871369566244e-22,1.900775543906e-12,3.46743098643409e-12
0.54518461227417,2.08874969137654e-22,-2.77745139170768e-13,2.81022306120038e-11
0.545554995536804,-4.12510892122682e-22,-8.47110229185155e-12,9.83139472610084e-11
0.545925378799438,2.07161538007965e-22,1.90074583676647e-12,3.46768555710419e-12
0.546295762062073,2.09012117339192e-22,-2.77707517355383e-13,2.81018871367555e-11
0.546666145324707,-4.15506947975388e-22,-8.47111009810719e-12,9.83140374666291e-11
0.547036468982697,2.05160532368443e-22,1.90071612962694e-12,3.46794034461473e-12
0.547406852245331,2.10418713131186e-22,-2.77669895539998e-13,2.81015419267838e-11
0.547777235507965,-4.12816869179712e-22,-8.47111790436283e-12,9.83141276722499e-11
0.548147618770599,2.05978410733202e-22,1.90068620564698e-12,3.46819491528483e-12
0.548517942428589,2.08668767207916e-22,-2.77632273724612e-13,2.81011984515356e-11
0.548888325691223,-4.15035272262938e-22,-8.47112571061848e-12,9.83142178778706e-11
0.549258708953857,2.05235467843552e-22,1.90065649850746e-12,3.46844970279536e-12
0.549629092216492,2.09925403697272e-22,-2.77594651909227e-13,2.81008549762873e-11
0.549999475479126,-4.12932838043666e-22,-8.47113351687412e-12,9.83143080834914e-11
0.550369799137115,2.06226277140509e-22,1.90062679136793e-12,3.4687044903059e-12
0.55074018239975,2.0859865325066e-22,-2.77557030093842e-13,2.81005097663156e-11
0.551110565662384,-4.15617842886e-22,-8.47114132312976e-12,9.83143913502182e-11
0.551480948925018,2.05528103684953e-22,1.90059708422841e-12,3.468959060976e-12
0.551851272583008,2.10743673337039e-22,-2.77519381173402e-13,2.81001662910674e-11
0.552221655845642,-4.12781906864392e-22,-8.47114999674714e-12,9.8314481555839e-11
0.552592039108276,2.05240049547689e-22,1.90056737708888e-12,3.46921384848653e-12
0.552962422370911,2.07960546819871e-22,-2.77481759358017e-13,2.80998210810957e-11
0.553332805633545,-4.14702486556905e-22,-8.47115780300278e-12,9.83145717614597e-11
0.553703129291534,2.06516590575405e-22,1.90053766994935e-12,3.46946841915663e-12
0.554073512554169,2.10378588510103e-22,-2.77444137542632e-13,2.80994776058474e-11
0.554443895816803,-4.14144099253753e-22,-8.47116560925842e-12,9.83146619670805e-11
0.554814279079437,2.04708433028217e-22,1.90050796280983e-12,3.46972320666716e-12
0.555184602737427,2.08547560307551e-22,-2.77406515727247e-13,2.80991341305992e-11
0.555554986000061,-4.13823632399616e-22,-8.47117341551407e-12,9.83147521727012e-11
0.555555999279022,-4.13695016517629e-22,-8.45911535263255e-12,9.81788816911688e-11
