Time,U1,U2,U3
0.0,0.0,0.0,0.0
0.00166666996665299,4.72120251347058e-22,-7.6843954810446e-11,1.48846768244226e-09
0.00333333993330598,2.38116338954642e-21,-8.5046546194345e-11,1.52451573587342e-09
0.00500001013278961,5.69407990395811e-21,3.01604123620347e-11,-4.76535311211279e-10
0.00666667986661196,3.16382811421217e-21,-8.5595780463521e-11,1.60869884080483e-09
0.0083333496004343,-5.21829948947212e-22,-8.61316018507807e-11,1.53289458904027e-09
0.0100000202655792,-1.44862387764371e-21,3.94323705632527e-11,-5.92075777294809e-10
0.0116666899994016,-7.46640261780016e-22,-1.00200167607589e-10,1.79440162728639e-09
0.0133333597332239,5.38913944802301e-21,-6.95124513505618e-11,1.31999422503526e-09
0.0150000303983688,8.55930389497431e-22,2.39319675188199e-11,-3.92558263673237e-10
0.0166666992008686,-5.98513761965167e-21,-8.82614745179033e-11,1.63993030266596e-09
0.0183333698660135,-1.09788653478287e-20,-7.64413601861413e-11,1.41059630642815e-09
0.0200000405311584,5.30193045843227e-21,2.54818041667271e-11,-4.14386885916329e-10
0.0216667093336582,-5.31114697913435e-21,-8.50279083253191e-11,1.60052882058892e-09
0.0233333799988031,-2.26062354491376e-20,-8.31564678227537e-11,1.49457235476547e-09
0.0250000506639481,2.06711077983809e-20,3.40059334857923e-11,-5.21490683969006e-10
0.0266667194664478,-2.3771107700004e-20,-9.36609748092287e-11,1.70893998951982e-09
0.0283333901315928,-2.35811437336267e-20,-7.58504092868151e-11,1.40328804132395e-09
0.0300000607967377,2.65995064017871e-20,2.89991693852576e-11,-4.59805554742232e-10
0.0316667295992374,-1.79402130113026e-20,-9.13740402785912e-11,1.68222380469985e-09
0.0333333984017372,1.39527064735469e-20,-7.55281739928115e-11,1.39650468966579e-09
0.0350000709295273,5.89185765750855e-21,2.66016878663899e-11,-4.26437912759425e-10
0.0366667397320271,-1.88784587769622e-20,-8.76964265095204e-11,1.63254110230326e-09
0.0383334085345268,2.06360479419883e-20,-7.96085836141103e-11,1.45118550509693e-09
0.0400000810623169,-3.28909952888385e-21,3.02878347402391e-11,-4.75840866709376e-10
0.0416667498648167,4.60253753751197e-21,-9.03931651752288e-11,1.66899416509381e-09
0.0433334186673164,8.71447538462972e-21,-7.82268902432826e-11,1.43188072510014e-09
0.0450000911951065,-6.50261583319245e-21,3.02660813078504e-11,-4.74262296101813e-10
0.0466667599976063,4.97017448724882e-21,-9.15337319828957e-11,1.68258740274041e-09
0.048333428800106,-9.76192999377907e-21,-7.62904878159887e-11,1.40785272328969e-09
0.0500001013278961,-2.44526079934165e-21,2.79782880890922e-11,-4.45543213434263e-10
0.0516667701303959,6.05018448981065e-22,-8.93275869939814e-11,1.65477165303685e-09
0.0533334389328957,-9.73675510726519e-21,-7.80654776932899e-11,1.4302510287223e-09
0.0550001114606857,1.24945922331819e-20,2.91014781717003e-11,-4.59670718155891e-10
0.0566667802631855,-2.90312485738375e-21,-8.9722888840793e-11,1.6596343188624e-09
0.0583334490656853,-7.06109885988178e-21,-7.83405354476407e-11,1.43392908658058e-09
0.0600001215934753,1.49298103409509e-20,2.98868985115774e-11,-4.69845273798342e-10
0.0616667903959751,-1.08707583347643e-20,-9.07994374133025e-11,1.6734932328788e-09
0.0633334591984749,1.8001988620438e-21,-7.72046870878285e-11,1.41936540298815e-09
0.065000131726265,5.83238627952283e-21,2.88944129039903e-11,-4.57181903446013e-10
0.0666667968034744,-1.04348462688524e-20,-9.00936616976544e-11,1.66456803896153e-09
0.0683334693312645,8.47165021502496e-21,-7.7554289379389e-11,1.42366995969923e-09
0.0700001418590546,-4.37042653788239e-21,2.88911741752607e-11,-4.56921139813105e-10
0.071666806936264,-1.09122005681294e-21,-8.98002505689277e-11,1.66055724726277e-09
0.0733334794640541,2.17023152555183e-21,-7.80366674058008e-11,1.43012401920828e-09
0.0750001519918442,-2.99438513366112e-21,2.94459664984537e-11,-4.64315336179411e-10
0.0766668170690536,7.99790998416649e-21,-9.03173022481774e-11,1.66746805252416e-09
0.0783334895968437,-7.13819225453043e-21,-7.76435582494628e-11,1.42481504372682e-09
0.0800001621246338,3.37112813832976e-21,2.92278354296904e-11,-4.61272964269455e-10
0.0816668272018433,5.25037828468011e-21,-9.02863547813659e-11,1.66685276692391e-09
0.0833334997296333,-9.45277366321808e-21,-7.7509811069465e-11,1.42329492636151e-09
0.0850001722574234,6.92783553955551e-21,2.89765468564074e-11,-4.5822817762442e-10
0.0866668373346329,-8.90253134260196e-22,-8.99765817408138e-11,1.66304392479333e-09
0.0883335098624229,-4.36743325882007e-21,-7.78193134931549e-11,1.42711464867773e-09
0.090000182390213,7.45851229218662e-21,2.9236744969463e-11,-4.61431420850644e-10
0.0916668474674225,-3.02100516286626e-21,-9.01541827302843e-11,1.6652020873309e-09
0.0933335199952126,-2.72096579245022e-21,-7.7739002735111e-11,1.42619505094643e-09
0.0950001925230026,3.66563109358635e-21,2.92499184595396e-11,-4.61706034515785e-10
0.0966668576002121,-1.5987398922346e-21,-9.02415017711711e-11,1.66642299959108e-09
0.0983335301280022,-1.65067425331812e-21,-7.76067474173026e-11,1.42440714778758e-09
0.100000202655792,2.0676306353881e-21,2.91047255740473e-11,-4.59766946736551e-10
0.101666867733002,-4.78606612808583e-23,-9.01115709828204e-11,1.66469582563167e-09
0.103333540260792,-3.02680895769638e-21,-7.77013731134701e-11,1.42566880523276e-09
0.105000212788582,2.06070784451937e-21,2.91536864094333e-11,-4.60434884663741e-10
0.106666877865791,1.39943914488788e-21,-9.01136457120977e-11,1.6647556666527e-09
0.108333550393581,-4.66962600493721e-21,-7.77397937690161e-11,1.42613743037145e-09
0.110000222921371,3.54321240189634e-21,2.92204836715992e-11,-4.61279126007241e-10
0.111666887998581,1.2106680876605e-21,-9.01932556418572e-11,1.665774740367e-09
0.113333560526371,-5.91696994002099e-21,-7.7663327158195e-11,1.42515355072703e-09
0.115000233054161,5.22357771361275e-21,2.91602228474908e-11,-4.6050382951357e-10
0.116666898131371,1.32889412878967e-22,-9.01569235933763e-11,1.66530877976356e-09
0.118333570659161,-5.33383264977168e-21,-7.76740061159131e-11,1.42529099633748e-09
0.120000243186951,5.52297670567859e-21,2.91483191749986e-11,-4.6035619760687e-10
0.12166690826416,-9.45117160662644e-22,-9.01283006560227e-11,1.66495162101654e-09
0.12333358079195,-3.73897551829081e-21,-7.77123365658383e-11,1.42577150086254e-09
0.12500025331974,4.6718720749501e-21,2.91890990544719e-11,-4.6087106353454e-10
0.12666691839695,-1.0253387358993e-21,-9.01645633155645e-11,1.66541191948255e-09
0.128333583474159,-3.01869669080032e-21,-7.76863365303804e-11,1.42544309689185e-09
0.13000026345253,3.72226267328747e-21,2.9176598637104e-11,-4.60720323003372e-10
0.131666928529739,-2.50514506081428e-22,-9.0165472310666e-11,1.66543812074593e-09
0.133333593606949,-3.60590808790453e-21,-7.76750747055743e-11,1.42528311375401e-09
0.13500027358532,3.49218165889164e-21,2.91594907941839e-11,-4.60489202325221e-10
0.136666938662529,3.60949453988047e-22,-9.0146765052701e-11,1.66519120714526e-09
0.138333603739738,-4.25989412463321e-21,-7.76922692846682e-11,1.42550948822873e-09
0.140000283718109,4.0883143281492e-21,2.9173059801213e-11,-4.60671834012771e-10
0.141666948795319,2.72159864822282e-22,-9.01550639698101e-11,1.66530944589738e-09
0.143333613872528,-4.57466583217483e-21,-7.76904165999959e-11,1.42547429415885e-09
0.145000293850899,4.559304425809e-21,2.91777157990225e-11,-4.60724930428924e-10
0.146666958928108,-2.02501806060584e-22,-9.01646673989731e-11,1.66543134838548e-09
0.148333624005318,-4.32494170161156e-21,-7.767871068598e-11,1.42532419200592e-09
0.150000303983688,4.76221489968381e-21,2.91668703078507e-11,-4.60589011375134e-10
0.151666969060898,-6.10704053514919e-22,-9.01565072597421e-11,1.66533375978162e-09
0.153333634138107,-3.94925387728974e-21,-7.76838038341054e-11,1.4253822566701e-09
0.155000314116478,4.51708186385828e-21,2.9169302390164e-11,-4.60616961239779e-10
0.156666979193687,-6.03986341237998e-22,-9.01565558319994e-11,1.66533564716076e-09
0.158333644270897,-3.70110332859488e-21,-7.76862116302901e-11,1.42541101144644e-09
0.160000324249268,4.12247753368249e-21,2.91740208380187e-11,-4.60678828417826e-10
0.161666989326477,-3.02034746744148e-22,-9.0162578791908e-11,1.66541824775379e-09
0.163333654403687,-3.83061565949303e-21,-7.76806466373792e-11,1.42533407299084e-09
0.165000334382057,4.02370821035518e-21,2.91705062882563e-11,-4.60632199050792e-10
0.166666999459267,-6.18837146338875e-23,-9.01615865300798e-11,1.66540858881348e-09
0.168333664536476,-4.10179559498796e-21,-7.76798556034741e-11,1.42531986213612e-09
0.170000344514847,4.23494945928591e-21,2.91690595288774e-11,-4.60613186481496e-10
0.171667009592056,-9.02141772972856e-23,-9.01600391567392e-11,1.66539237955732e-09
0.173333674669266,-4.20649896985806e-21,-7.76817221659343e-11,1.42533973512826e-09
0.175000354647636,4.43221709119882e-21,2.91715852862584e-11,-4.60645271926907e-10
0.176667019724846,-2.68675043374476e-22,-9.01628841032398e-11,1.66543290269772e-09
0.178333684802055,-4.14296277464347e-21,-7.76796058032936e-11,1.42530787172745e-09
0.180000364780426,4.45488418258412e-21,2.91711342581547e-11,-4.60638638344335e-10
0.181667029857635,-3.81483894625959e-22,-9.01641053485669e-11,1.66545210955604e-09
0.183333694934845,-3.99949823325702e-21,-7.76776767907883e-11,1.42527911695112e-09
0.185000374913216,4.3758787405625e-21,2.91696562737531e-11,-4.60619292708131e-10
0.186667039990425,-3.87607929118273e-22,-9.0163446153646e-11,1.66544755764164e-09
0.188333705067635,-3.93616479422772e-21,-7.76780445521652e-11,1.42527933899572e-09
0.190000385046005,4.26571710456055e-21,2.91704264909765e-11,-4.60628396536933e-10
0.191667050123215,-2.9012100332204e-22,-9.01646327045036e-11,1.66546632041076e-09
0.193333715200424,-3.97046249738991e-21,-7.76772118848967e-11,1.42526457302949e-09
0.195000395178795,4.23524470783463e-21,2.91707283328613e-11,-4.60631921495036e-10
0.196667060256004,-2.18295785881519e-22,-9.01660274221783e-11,1.66548819180434e-09
0.198333725333214,-4.04762213111106e-21,-7.76756436948745e-11,1.42523992607835e-09
0.200000405311584,4.28986286207014e-21,2.91699893406605e-11,-4.60621651932058e-10
0.201667070388794,-2.31875174395121e-22,-9.01663119168283e-11,1.665495408254e-09
0.203333735466003,-4.07752059050766e-21,-7.76750469499987e-11,1.42522804669198e-09
0.205000415444374,4.34008823488859e-21,2.91699407684032e-11,-4.60620569464609e-10
0.206667080521584,-2.78108658597667e-22,-9.01669294783858e-11,1.66550706559576e-09
0.208333745598793,-4.0578976691794e-21,-7.76744848995925e-11,1.42521650037253e-09
0.210000425577164,4.34805873401365e-21,2.91702217936063e-11,-4.60623567066776e-10
0.211667090654373,-3.02793795018039e-22,-9.0168067456986e-11,1.66552549529797e-09
0.213333755731583,-4.02853639250482e-21,-7.76733191654166e-11,1.4251971824919e-09
0.215000435709953,4.33045812388024e-21,2.91699338295093e-11,-4.60619320463707e-10
0.216667100787163,-2.97596224016365e-22,-9.01687682852703e-11,1.66553815184045e-09
0.218333765864372,-4.01458256642939e-21,-7.76724171092091e-11,1.42518130630265e-09
0.220000445842743,4.31079925573825e-21,2.91697187237983e-11,-4.60615962039057e-10
0.221667110919952,-2.80844933087953e-22,-9.01693650301461e-11,1.6655495871376e-09
0.223333775997162,-4.0176004831955e-21,-7.76717370976066e-11,1.42516831669326e-09
0.225000455975533,4.302799272148e-21,2.91697985210781e-11,-4.60616406128267e-10
0.226667121052742,-2.6505726415426e-22,-9.01702670863536e-11,1.66556479719304e-09
0.228333786129951,-4.03462352092854e-21,-7.76708072858234e-11,1.4251519964148e-09
0.230000466108322,4.30929474021981e-21,2.91697048460104e-11,-4.60614629771428e-10
0.231667131185532,-2.62691034848282e-22,-9.01710858758342e-11,1.66557911907006e-09
0.233333796262741,-4.04333234337379e-21,-7.76698635962525e-11,1.42513556511403e-09
0.235000476241112,4.32304944518099e-21,2.9169520965322e-11,-4.60611659924837e-10
0.236667141318321,-2.71726104920381e-22,-9.01717728263307e-11,1.66559155356794e-09
0.238333806395531,-4.04099781996532e-21,-7.76690656234535e-11,1.42512102119241e-09
0.240000486373901,4.32868340141366e-21,2.91694723930647e-11,-4.60610494190661e-10
0.241667151451111,-2.81485740578482e-22,-9.01725569213419e-11,1.66560543135574e-09
0.24333381652832,-4.03450356358385e-21,-7.76682190783973e-11,1.42510581113697e-09
0.245000496506691,4.32663726030859e-21,2.91694203513604e-11,-4.60609245189758e-10
0.2466671615839,-2.82807341341104e-22,-9.01733826497164e-11,1.66561975323276e-09
0.24833382666111,-4.02831869213853e-21,-7.7667303144402e-11,1.42508971290312e-09
0.250000506639481,4.31709277541833e-21,2.91692850429293e-11,-4.60606941476982e-10
0.25166717171669,-2.79518889460712e-22,-9.01741251113641e-11,1.66563296488675e-09
0.2533338367939,-4.02781462895275e-21,-7.76664496604518e-11,1.42507450284768e-09
0.255000501871109,4.31555352477651e-21,2.91691948373085e-11,-4.60605192875718e-10
0.256667166948318,-2.74619369041693e-22,-9.01748814507997e-11,1.66564650960765e-09
0.25833386182785,-4.02798466949859e-21,-7.76656031153955e-11,1.42505929279224e-09
0.26000052690506,4.31466939471749e-21,2.91691289178164e-11,-4.60603777341362e-10
0.261667191982269,-2.73718653970999e-22,-9.01756794235986e-11,1.66566049841776e-09
0.263333857059479,-4.03397607438464e-21,-7.76647218758697e-11,1.42504363864759e-09
0.265000522136688,4.31678339048219e-21,2.91690283038548e-11,-4.60601917717796e-10
0.266667187213898,-2.75240032180147e-22,-9.01764565797158e-11,1.66567415416097e-09
0.26833388209343,-4.03561629922232e-21,-7.76638475752378e-11,1.42502820654755e-09
0.270000547170639,4.32329824559961e-21,2.91689276898932e-11,-4.60600030338654e-10
0.271667212247849,-2.77202465676847e-22,-9.01772198580453e-11,1.66568758785957e-09
0.273333877325058,-4.03244651726562e-21,-7.76629940912876e-11,1.42501288546981e-09
0.275000542402267,4.32169841044028e-21,2.91688478926133e-11,-4.60598420515268e-10
0.276667207479477,-2.79096691104238e-22,-9.01779970141625e-11,1.66570135462507e-09
0.278333902359009,-4.02912042725372e-21,-7.76621267295496e-11,1.42499745336977e-09
0.280000567436218,4.32053276432317e-21,2.91687576869926e-11,-4.6059669966958e-10
0.281667232513428,-2.78835319398233e-22,-9.01787741702798e-11,1.66571512139058e-09
0.283333897590637,-4.03051427505349e-21,-7.76612524289177e-11,1.42498191024742e-09
0.285000562667847,4.31699058953211e-21,2.91686605424779e-11,-4.60594895557165e-10
0.286667227745056,-2.76402169443944e-22,-9.01795443875031e-11,1.66572866611148e-09
0.288333922624588,-4.03196789957721e-21,-7.76603920060737e-11,1.42496647814738e-09
0.290000587701797,4.31841876855847e-21,2.91685738063041e-11,-4.60593174711477e-10
0.291667252779007,-2.78580334310117e-22,-9.01803215436203e-11,1.66574243287698e-09
0.293333917856216,-4.03314727818495e-21,-7.76595246443357e-11,1.42495115706964e-09
0.295000582933426,4.31741185387727e-21,2.91684870701303e-11,-4.60591481621364e-10
0.296667248010635,-2.77907114102714e-22,-9.01810986997376e-11,1.66575608862018e-09
0.298333942890167,-4.03365780371926e-21,-7.76586572825977e-11,1.4249356139473e-09
0.300000607967377,4.31605718406551e-21,2.91683933950626e-11,-4.60589705264525e-10
0.301667273044586,-2.78792531582734e-22,-9.01818689169609e-11,1.66576974436339e-09
0.303333938121796,-4.03343808386905e-21,-7.76577899208597e-11,1.42492018184726e-09
0.305000603199005,4.31846764006927e-21,2.91683031894419e-11,-4.60587956663261e-10
0.306667268276215,-2.7717477350363e-22,-9.01826460730781e-11,1.66578340010659e-09
0.308333963155746,-4.03217752200783e-21,-7.76569294980156e-11,1.42490474974721e-09
0.310000628232956,4.31791268588878e-21,2.91682129838211e-11,-4.60586235817573e-10
0.311667293310165,-2.78832416390102e-22,-9.01834232291954e-11,1.66579705584979e-09
0.313333958387375,-4.03440985953009e-21,-7.76560621362776e-11,1.42488931764717e-09
0.315000623464584,4.31500543684134e-21,2.91681227782004e-11,-4.60584487216309e-10
0.316667288541794,-2.78411808377212e-22,-9.01841934464187e-11,1.665810711593e-09
0.318333983421326,-4.03339002015182e-21,-7.76551947745396e-11,1.42487388554713e-09
0.320000648498535,4.31779151685374e-21,2.91680325725796e-11,-4.60582738615045e-10
0.321667313575745,-2.77285289761008e-22,-9.01849706025359e-11,1.6658244783585e-09
0.323333978652954,-4.03265815918016e-21,-7.76543274128016e-11,1.42485845344709e-09
0.325000643730164,4.31992045679943e-21,2.91679423669589e-11,-4.60581017769357e-10
0.326667308807373,-2.77028663842209e-22,-9.01857477586532e-11,1.6658381341017e-09
0.328334003686905,-4.03383188323294e-21,-7.76534600510637e-11,1.42484302134704e-09
0.330000668764114,4.31823337993486e-21,2.91678521613381e-11,-4.60579269168093e-10
0.331667333841324,-2.79270871592111e-22,-9.01865179758765e-11,1.66585178984491e-09
0.333333998918533,-4.03525440770433e-21,-7.76525926893257e-11,1.424827589247e-09
0.335000663995743,4.31872492232035e-21,2.91677619557174e-11,-4.60577520566829e-10
0.336667329072952,-2.79102724312441e-22,-9.01872951319937e-11,1.66586544558811e-09
0.338334023952484,-4.03442520760786e-21,-7.76517253275877e-11,1.42481215714696e-09
0.340000689029694,4.31750071116964e-21,2.91676717500966e-11,-4.60575799721141e-10
0.341667354106903,-2.78767060841826e-22,-9.01880653492171e-11,1.66587910133131e-09
0.343334019184113,-4.03324784848403e-21,-7.76508579658497e-11,1.42479672504692e-09
0.345000684261322,4.32193307447147e-21,2.91675780750289e-11,-4.60574051119877e-10
0.346667349338531,-2.78689537902948e-22,-9.01888425053343e-11,1.66589275707452e-09
0.348334044218063,-4.03853768465718e-21,-7.76499975430056e-11,1.42478129294688e-09
0.350000709295273,4.32173718453149e-21,2.91674878694081e-11,-4.60572302518614e-10
0.351667374372482,-2.79442477237989e-22,-9.01896196614516e-11,1.66590641281772e-09
0.353334039449692,-4.03361175948594e-21,-7.76491301812676e-11,1.42476586084683e-09
0.355000704526901,4.32159056999909e-21,2.91673976637874e-11,-4.6057055391735e-10
0.356667369604111,-2.80355662621873e-22,-9.01903898786749e-11,1.66592006856092e-09
0.358334064483643,-4.03321755622527e-21,-7.76482628195296e-11,1.42475042874679e-09
0.360000729560852,4.3189632214226e-21,2.91673074581666e-11,-4.60568833071662e-10
0.361667394638062,-2.79951008531931e-22,-9.01911670347921e-11,1.66593383532643e-09
0.363334059715271,-4.03281487113215e-21,-7.76473954577916e-11,1.42473499664675e-09
0.36500072479248,4.31794015087006e-21,2.91672172525459e-11,-4.60567084470398e-10
0.36666738986969,-2.7825544983491e-22,-9.01919441909094e-11,1.66594749106963e-09
0.368334084749222,-4.03336013178984e-21,-7.76465280960537e-11,1.42471956454671e-09
0.370000749826431,4.32054326563954e-21,2.91671270469251e-11,-4.60565335869134e-10
0.371667414903641,-2.78313711945926e-22,-9.01927144081327e-11,1.66596114681283e-09
0.37333407998085,-4.03397163152002e-21,-7.76456607343157e-11,1.42470413244666e-09
0.37500074505806,4.32176788068703e-21,2.91670368413044e-11,-4.6056358726787e-10
0.376667410135269,-2.77848347120718e-22,-9.01934915642499e-11,1.66597480255604e-09
0.378334075212479,-4.03359398802747e-21,-7.76447933725777e-11,1.42468870034662e-09
0.38000077009201,4.32326027930197e-21,2.91669466356836e-11,-4.60561866422182e-10
0.38166743516922,-2.7891115101933e-22,-9.01942617814733e-11,1.66598845829924e-09
0.383334100246429,-4.03267148777402e-21,-7.76439329497336e-11,1.42467326824658e-09
0.385000765323639,4.3207056321465e-21,2.91668564300629e-11,-4.60560117820918e-10
0.386667430400848,-2.78127111631962e-22,-9.01950389375905e-11,1.66600211404244e-09
0.388334095478058,-4.03177524081149e-21,-7.76430655879956e-11,1.42465783614654e-09
0.39000079035759,4.32115638095685e-21,2.91667627549952e-11,-4.60558369219655e-10
0.391667455434799,-2.789790814096e-22,-9.01958160937077e-11,1.66601576978564e-09
0.393334120512009,-4.03088626399107e-21,-7.76421982262576e-11,1.42464240404649e-09
0.395000785589218,4.31881458740628e-21,2.91666725493744e-11,-4.60556620618391e-10
0.396667450666428,-2.78330852315675e-22,-9.01965863109311e-11,1.66602953655115e-09
0.398334115743637,-4.02982765052158e-21,-7.76413308645196e-11,1.42462697194645e-09
0.400000810623169,4.32170568058238e-21,2.91665823437537e-11,-4.60554899772703e-10
0.401667475700378,-2.77567588369107e-22,-9.01973634670483e-11,1.66604319229435e-09
0.403334140777588,-4.02943061998343e-21,-7.76404635027816e-11,1.42461153984641e-09
0.405000805854797,4.32258173270573e-21,2.91664921381329e-11,-4.60553151171439e-10
0.406667470932007,-2.76712160225259e-22,-9.01981406231656e-11,1.66605684803756e-09
0.408334136009216,-4.02918181956481e-21,-7.76395961410437e-11,1.42459610774637e-09
0.410000830888748,4.32115153419545e-21,2.91664019325122e-11,-4.60551402570175e-10
0.411667495965958,-2.76780645973607e-22,-9.01989108403889e-11,1.66607050378076e-09
0.413334161043167,-4.03204665944998e-21,-7.76387287793057e-11,1.42458067564633e-09
0.415000826120377,4.3243273746039e-21,2.91663117268914e-11,-4.60549653968911e-10
0.416667491197586,-2.79071826208505e-22,-9.01996879965061e-11,1.66608415952396e-09
0.418334156274796,-4.03427899697224e-21,-7.76378614175677e-11,1.42456513252398e-09
0.420000851154327,4.32050287596119e-21,2.91662215212707e-11,-4.60547905367648e-10
0.421667516231537,-2.78248457371846e-22,-9.02004582137295e-11,1.66609781526716e-09
0.423334181308746,-4.03154138457386e-21,-7.76370009947236e-11,1.42454970042394e-09
0.425000846385956,4.32016037148881e-21,2.9166127846203e-11,-4.60546156766384e-10
0.426667511463165,-2.78933011932735e-22,-9.02012353698467e-11,1.66611147101037e-09
0.428334176540375,-4.03062494277216e-21,-7.76361336329856e-11,1.4245342683239e-09
0.430000871419907,4.32115436147294e-21,2.91660376405822e-11,-4.60544435920696e-10
0.431667536497116,-2.78555797580521e-22,-9.02020125259639e-11,1.66612512675357e-09
0.433334201574326,-4.02887768528685e-21,-7.76352662712476e-11,1.42451883622385e-09
0.435000866651535,4.32006182067364e-21,2.91659474349615e-11,-4.60542687319432e-10
0.436667531728745,-2.78475952235138e-22,-9.02027827431873e-11,1.66613878249677e-09
0.438334196805954,-4.0324348042589e-21,-7.76343989095096e-11,1.42450340412381e-09
0.440000891685486,4.31812957846151e-21,2.91658572293407e-11,-4.60540938718168e-10
0.441667556762695,-2.77354936712608e-22,-9.02035598993045e-11,1.66615254926228e-09
0.443334221839905,-4.03068189221863e-21,-7.76335315477716e-11,1.42448797202377e-09
0.445000886917114,4.31934853895403e-21,2.916576702372e-11,-4.60539190116904e-10
0.446667551994324,-2.78525959705641e-22,-9.02043301165278e-11,1.66616620500548e-09
0.448334217071533,-4.02973111919033e-21,-7.76326641860337e-11,1.42447253992373e-09
0.450000911951065,4.32198517715654e-21,2.91656768180992e-11,-4.6053744151564e-10
0.451667577028275,-2.78678885125284e-22,-9.02051072726451e-11,1.66617986074868e-09
0.453334242105484,-4.03253375897085e-21,-7.76317968242957e-11,1.42445710782368e-09
0.455000907182693,4.31944991704668e-21,2.91655866124785e-11,-4.60535692914377e-10
0.456667572259903,-2.80571823131678e-22,-9.02058844287623e-11,1.66619351649189e-09
0.458334237337112,-4.03136892064732e-21,-7.76309294625577e-11,1.42444167572364e-09
0.460000932216644,4.32124887332027e-21,2.91654929374108e-11,-4.60533944313113e-10
0.461667597293854,-2.78499327761481e-22,-9.02066546459857e-11,1.66620717223509e-09
0.463334262371063,-4.02936761208521e-21,-7.76300690397136e-11,1.4244262436236e-09
0.465000927448273,4.31834687493102e-21,2.916540273179e-11,-4.60532195711849e-10
0.466667592525482,-2.79761177043698e-22,-9.02074318021029e-11,1.66622082797829e-09
0.468334257602692,-4.03198122817106e-21,-7.76292016779756e-11,1.42441081152356e-09
0.470000952482224,4.32173395335722e-21,2.91653125261693e-11,-4.60530447110585e-10
0.471667617559433,-2.79641497378045e-22,-9.02082020193262e-11,1.6662344837215e-09
0.473334282636642,-4.03321149777352e-21,-7.76283343162376e-11,1.42439537942352e-09
0.475000947713852,4.32179009501012e-21,2.91652223205485e-11,-4.60528698509322e-10
0.476667612791061,-2.78500413234087e-22,-9.02089791754435e-11,1.6662481394647e-09
0.478334277868271,-4.02902429981925e-21,-7.76274669544996e-11,1.42437994732347e-09
0.480000972747803,4.32229375429911e-21,2.91651321149278e-11,-4.60526977663633e-10
0.481667637825012,-2.79706373298891e-22,-9.02097563315607e-11,1.6662617952079e-09
0.483334302902222,-4.03102803176207e-21,-7.76265995927616e-11,1.42436451522343e-09
0.485000967979431,4.32088051945374e-21,2.91650384398601e-11,-4.6052522906237e-10
0.486667633056641,-2.80017373822165e-22,-9.0210526548784e-11,1.66627556197341e-09
0.48833429813385,-4.02972021397718e-21,-7.76257322310236e-11,1.42434908312339e-09
0.490000993013382,4.32159864793476e-21,2.91649482342393e-11,-4.60523480461106e-10
0.491667658090591,-2.79125544480707e-22,-9.02113037049013e-11,1.66628921771661e-09
0.493334323167801,-4.03116010601026e-21,-7.76248648692857e-11,1.42433365102335e-09
0.49500098824501,4.32276994860683e-21,2.91648580286186e-11,-4.60521731859842e-10
0.49666765332222,-2.78146170511432e-22,-9.02120739221246e-11,1.66630287345981e-09
0.498334318399429,-4.02995083904054e-21,-7.76239975075477e-11,1.4243182189233e-09
0.500001013278961,4.32247389226454e-21,2.91647678229978e-11,-4.60519983258578e-10
0.501667678356171,-2.77539669003949e-22,-9.02128510782418e-11,1.66631652920302e-09
0.50333434343338,-4.03037493066319e-21,-7.76231370847036e-11,1.42430278682326e-09
0.50500100851059,4.32245692859964e-21,2.91646776173771e-11,-4.60518234657314e-10
0.506667673587799,-2.78685196012526e-22,-9.02136282343591e-11,1.66633018494622e-09
0.508334338665009,-4.03082608337033e-21,-7.76222697229656e-11,1.42428724370092e-09
0.510001003742218,4.32212856051467e-21,2.91645839423094e-11,-4.60516486056051e-10
0.511667668819427,-2.78508516413305e-22,-9.02143984515824e-11,1.66634384068942e-09
0.513334333896637,-4.03032000070064e-21,-7.76214023612276e-11,1.42427181160087e-09
0.515001058578491,4.32367386960824e-21,2.91644937366886e-11,-4.60514737454787e-10
0.516667723655701,-2.78899867152942e-22,-9.02151756076996e-11,1.66635749643262e-09
0.51833438873291,-4.02910790645343e-21,-7.76205349994896e-11,1.42425637950083e-09
0.52000105381012,4.3207153256693e-21,2.91644035310679e-11,-4.60512988853523e-10
0.521667718887329,-2.79265721908121e-22,-9.0215945824923e-11,1.66637115217583e-09
0.523334383964539,-4.02774192753173e-21,-7.76196676377516e-11,1.42424094740079e-09
0.525001049041748,4.32492231456596e-21,2.91643133254471e-11,-4.60511240252259e-10
0.526667714118958,-2.78204811275682e-22,-9.02167229810402e-11,1.66638480791903e-09
0.528334379196167,-4.03075701702035e-21,-7.76188002760136e-11,1.42422551530075e-09
0.530001044273376,4.32357329930916e-21,2.91642231198264e-11,-4.60509491650996e-10
0.531667709350586,-2.79326962757916e-22,-9.02175001371575e-11,1.66639846366223e-09
0.533334374427795,-4.03056112708037e-21,-7.76179329142757e-11,1.42421008320071e-09
0.53500109910965,4.32420862894956e-21,2.91641294447587e-11,-4.60507743049732e-10
0.536667764186859,-2.798808819529e-22,-9.02182703543808e-11,1.66641211940544e-09
0.538334429264069,-4.03031676952637e-21,-7.76170655525377e-11,1.42419465110066e-09
0.540001094341278,4.3198550255205e-21,2.91640392391379e-11,-4.60505994448468e-10
0.541667759418488,-2.80882470245267e-22,-9.0219047510498e-11,1.66642588617094e-09
0.543334424495697,-4.03084425872558e-21,-7.76161981907997e-11,1.42417921900062e-09
0.545001089572906,4.32200900706677e-21,2.91639490335172e-11,-4.60504245847204e-10
0.546667754650116,-2.81063946118791e-22,-9.02198177277214e-11,1.66643954191414e-09
0.548334419727325,-4.02909942462098e-21,-7.76153377679556e-11,1.42416378690058e-09
0.550001084804535,4.3211846537317e-21,2.91638588278964e-11,-4.6050249724594e-10
0.551667749881744,-2.80727979725588e-22,-9.02205948838386e-11,1.66645319765735e-09
0.553334414958954,-4.03226597540341e-21,-7.76144704062176e-11,1.42414835480054e-09
0.555001139640808,4.31992489966404e-21,2.91637651528287e-11,-4.60500748644677e-10
0.556667804718018,-2.7918315025945e-22,-9.02213651010619e-11,1.66646685340055e-09
0.558334469795227,-4.03464008069667e-21,-7.76136030444796e-11,1.42413292270049e-09
0.560001134872437,4.32261242886128e-21,2.9163674947208e-11,-4.60499000043413e-10
0.561667799949646,-2.80200137116687e-22,-9.02221422571792e-11,1.66648050914375e-09
0.563334465026855,-4.03286414653973e-21,-7.76127356827416e-11,1.42411749060045e-09
0.565001130104065,4.32015188965636e-21,2.91635847415872e-11,-4.60497251442149e-10
0.566667795181274,-2.81223081451479e-22,-9.02229194132964e-11,1.66649416488696e-09
0.568334460258484,-4.03196103333189e-21,-7.76118683210036e-11,1.42410205850041e-09
0.570001125335693,4.32420660946564e-21,2.91634945359664e-11,-4.60495502840885e-10
0.571667790412903,-2.80752339750341e-22,-9.02236896305197e-11,1.66650782063016e-09
0.573334455490112,-4.03203858151431e-21,-7.76110009592657e-11,1.42408662640037e-09
0.575001120567322,4.3188432640779e-21,2.91634008608987e-11,-4.60493726484046e-10
0.576667845249176,-2.80742318061401e-22,-9.0224466786637e-11,1.66652147637336e-09
0.578334510326385,-4.03281931399677e-21,-7.76101335975277e-11,1.42407119430032e-09
0.580001175403595,4.32352846676619e-21,2.9163310655278e-11,-4.60491977882782e-10
0.581667840480804,-2.8143886330805e-22,-9.02252370038603e-11,1.66653513211656e-09
0.583334505558014,-4.0292137274107e-21,-7.76092662357897e-11,1.42405565117798e-09
0.585001170635223,4.32148919190644e-21,2.91632204496572e-11,-4.60490229281518e-10
0.586667835712433,-2.81812417345665e-22,-9.02260141599776e-11,1.66654878785977e-09
0.588334500789642,-4.02961398912313e-21,-7.76083988740517e-11,1.42404021907794e-09
0.590001165866852,4.31841634517777e-21,2.91631302440365e-11,-4.60488480680254e-10
0.591667830944061,-2.79017931231461e-22,-9.02267913160948e-11,1.66656244360297e-09
0.593334496021271,-4.03144566103618e-21,-7.76075384512076e-11,1.4240247869779e-09
0.59500116109848,4.32086476747919e-21,2.91630365689688e-11,-4.60486732078991e-10
0.596667885780334,-2.79630339729402e-22,-9.02275615333181e-11,1.66657609934617e-09
0.598334550857544,-4.03241339772938e-21,-7.76066710894696e-11,1.42400935487785e-09
0.600001215934753,4.32271219136679e-21,2.9162946363348e-11,-4.60484983477727e-10
0.601667881011963,-2.79872955478524e-22,-9.02283386894354e-11,1.66658986611168e-09
0.603334546089172,-4.03015844198725e-21,-7.76058037277316e-11,1.42399392277781e-09
0.605001211166382,4.32255992227942e-21,2.91628561577273e-11,-4.60483234876463e-10
0.606667876243591,-2.82011563703466e-22,-9.02291089066587e-11,1.66660352185488e-09
0.608334541320801,-4.03005060154606e-21,-7.76049363659936e-11,1.42397849067777e-09
0.61000120639801,4.32506771740801e-21,2.91627659521065e-11,-4.60481486275199e-10
0.61166787147522,-2.80878077867746e-22,-9.02298860627759e-11,1.66661717759808e-09
0.613334536552429,-4.02949887853984e-21,-7.76040690042556e-11,1.42396305857773e-09
0.615001201629639,4.32289838778397e-21,2.91626722770388e-11,-4.60479737673936e-10
0.616667926311493,-2.80660528962748e-22,-9.02306562799993e-11,1.66663083334129e-09
0.618334591388702,-4.02923473004344e-21,-7.76032016425177e-11,1.42394762647768e-09
0.620001256465912,4.32613965947135e-21,2.91625820714181e-11,-4.60477961317096e-10
0.621667921543121,-2.80533831590482e-22,-9.02314334361165e-11,1.66664448908449e-09
0.623334586620331,-4.02840310656627e-21,-7.76023342807797e-11,1.42393219437764e-09
0.62500125169754,4.32361328509072e-21,2.91624918657973e-11,-4.60476212715832e-10
0.62666791677475,-2.81470897371689e-22,-9.02322105922337e-11,1.66665814482769e-09
0.628334581851959,-4.02716233564744e-21,-7.76014669190417e-11,1.4239167622776e-09
0.630001246929169,4.32215764108308e-21,2.91623981907296e-11,-4.60474464114569e-10
0.631667912006378,-2.79419429877782e-22,-9.02329808094571e-11,1.6666718005709e-09
0.633334577083588,-4.02810947360469e-21,-7.76005995573037e-11,1.42390133017756e-09
0.635001242160797,4.32143668532458e-21,2.91623079851089e-11,-4.60472715513305e-10
0.636667966842651,-2.80216091039634e-22,-9.02337579655743e-11,1.6666854563141e-09
0.638334631919861,-4.02678065318706e-21,-7.75997321955657e-11,1.42388589807751e-09
0.64000129699707,4.32351513817234e-21,2.91622177794881e-11,-4.60470966912041e-10
0.64166796207428,-2.78902214802996e-22,-9.02345281827976e-11,1.6666991120573e-09
0.643334627151489,-4.02914425716395e-21,-7.75988717727216e-11,1.42387046597747e-09
0.645001292228699,4.32089586753151e-21,2.91621275738674e-11,-4.60469218310777e-10
0.646667957305908,-2.7840062548502e-22,-9.02353053389149e-11,1.6667127678005e-09
0.648334622383118,-4.02956148254127e-21,-7.75980044109836e-11,1.42385492285513e-09
0.650001287460327,4.32566548464755e-21,2.91620338987997e-11,-4.60467441953938e-10
0.651667952537537,-2.80539006518021e-22,-9.02360755561382e-11,1.66672642354371e-09
0.653334617614746,-4.03144041037799e-21,-7.75971370492456e-11,1.42383949075509e-09
0.655001282691956,4.32563034562739e-21,2.91619436931789e-11,-4.60465693352674e-10
0.65666800737381,-2.82073107475848e-22,-9.02368527122555e-11,1.66674007928691e-09
0.658334672451019,-4.02624912502001e-21,-7.75962696875077e-11,1.42382405865504e-09
0.660001337528229,4.32299815028949e-21,2.91618534875582e-11,-4.6046394475141e-10
0.661668002605438,-2.81604183310235e-22,-9.02376229294788e-11,1.66675373503011e-09
0.663334667682648,-4.02648298125764e-21,-7.75954023257697e-11,1.423808626555e-09
0.665001332759857,4.32392388171721e-21,2.91617598124905e-11,-4.60462196150146e-10
0.666667997837067,-2.80399813589016e-22,-9.0238400085596e-11,1.66676739077332e-09
0.668334662914276,-4.03028041881586e-21,-7.75945349640317e-11,1.42379319445496e-09
0.670001327991486,4.32179938463614e-21,2.91616696068697e-11,-4.60460447548883e-10
0.671667993068695,-2.79892594959621e-22,-9.02391772417133e-11,1.66678104651652e-09
0.673334658145905,-4.02978120239148e-21,-7.75936676022937e-11,1.42377776235492e-09
0.675001323223114,4.32613723609065e-21,2.9161579401249e-11,-4.60458671192043e-10
0.676668047904968,-2.81126726825072e-22,-9.02399474589366e-11,1.66679481328202e-09
0.678334712982178,-4.02869350835359e-21,-7.75928002405557e-11,1.42376233025487e-09
0.680001378059387,4.32228850364093e-21,2.91614857261813e-11,-4.6045692259078e-10
0.681668043136597,-2.80371061186743e-22,-9.02407246150538e-11,1.66680846902523e-09
0.683334708213806,-4.02804485011933e-21,-7.75919328788177e-11,1.42374689815483e-09
0.685001373291016,4.32560570792359e-21,2.91613955205605e-11,-4.60455173989516e-10
0.686668038368225,-2.81524464182597e-22,-9.02414948322772e-11,1.66682212476843e-09
0.688334703445435,-4.02881467738863e-21,-7.75910655170797e-11,1.42373146605479e-09
0.690001368522644,4.3226362587715e-21,2.91613053149398e-11,-4.60453425388252e-10
0.691668033599854,-2.82403419314082e-22,-9.02422719883944e-11,1.66683578051163e-09
0.693334698677063,-4.02938013288549e-21,-7.75902050942356e-11,1.42371603395475e-09
0.695001363754272,4.32571839512618e-21,2.91612116398721e-11,-4.60451649031413e-10
0.696668088436127,-2.81521233008329e-22,-9.02430422056177e-11,1.66684943625484e-09
0.698334753513336,-4.03243561205247e-21,-7.75893377324977e-11,1.4237006018547e-09
0.700001418590546,4.32295695281758e-21,2.91611214342513e-11,-4.60449900430149e-10
0.701668083667755,-2.82366891898726e-22,-9.0243819361735e-11,1.66686309199804e-09
0.703334748744965,-4.02853154574342e-21,-7.75884703707597e-11,1.42368516975466e-09
0.705001413822174,4.32540497122221e-21,2.91610312286306e-11,-4.60448151828885e-10
0.706668078899384,-2.80855964518851e-22,-9.02445895789583e-11,1.66687674774124e-09
0.708334743976593,-4.02768699756918e-21,-7.75876030090217e-11,1.42366962663232e-09
0.710001409053802,4.32338508340806e-21,2.91609375535629e-11,-4.60446403227621e-10
0.711668074131012,-2.82644722398658e-22,-9.02453667350755e-11,1.66689040348444e-09
0.713334739208221,-4.0264498617214e-21,-7.75867356472837e-11,1.42365419453228e-09
0.715001404285431,4.3244178474834e-21,2.91608473479421e-11,-4.60444626870782e-10
0.716668128967285,-2.82422351975807e-22,-9.02461438911928e-11,1.66690405922765e-09
0.718334794044495,-4.02843461051538e-21,-7.75858682855457e-11,1.42363876243223e-09
0.720001459121704,4.32243269479263e-21,2.91607571423214e-11,-4.60442878269518e-10
0.721668124198914,-2.83126773209733e-22,-9.02469141084161e-11,1.66691771497085e-09
0.723334789276123,-4.03065281165022e-21,-7.75850009238077e-11,1.42362333033219e-09
0.725001454353333,4.32293635408162e-21,2.91606634672537e-11,-4.60441129668254e-10
0.726668119430542,-2.82080756271185e-22,-9.02476912645334e-11,1.66693137071405e-09
0.728334784507751,-4.03060757521047e-21,-7.75841335620697e-11,1.42360789823215e-09
0.730001449584961,4.32452124505997e-21,2.91605732616329e-11,-4.60439353311415e-10
0.73166811466217,-2.81612564168492e-22,-9.02484614817567e-11,1.66694502645726e-09
0.73333477973938,-4.02920807285574e-21,-7.75832662003317e-11,1.42359246613211e-09
0.735001444816589,4.32204939674511e-21,2.91604830560122e-11,-4.60437604710151e-10
0.736668169498444,-2.83080047400595e-22,-9.02492386378739e-11,1.66695868220046e-09
0.738334834575653,-4.03042016710294e-21,-7.75823988385937e-11,1.42357703403206e-09
0.740001499652863,4.32348888488141e-21,2.91603893809445e-11,-4.60435856108887e-10
0.741668164730072,-2.82529435110525e-22,-9.02500088550973e-11,1.66697233794366e-09
0.743334829807281,-4.03119524503042e-21,-7.75815314768558e-11,1.42356160193202e-09
0.745001494884491,4.32247268057419e-21,2.91602991753237e-11,-4.60434079752048e-10
0.7466681599617,-2.81051374831405e-22,-9.02507860112145e-11,1.66698599368686e-09
0.74833482503891,-4.02852912236272e-21,-7.75806641151178e-11,1.42354616983198e-09
0.750001490116119,4.324232054963e-21,2.91602089697029e-11,-4.60432331150784e-10
0.751668155193329,-2.82534281871927e-22,-9.02515562284378e-11,1.66699964943007e-09
0.753334820270538,-4.0287666136714e-21,-7.75798036922737e-11,1.42353073773194e-09
0.755001485347748,4.32263585487472e-21,2.91601152946352e-11,-4.6043058254952e-10
0.756668150424957,-2.81741684921459e-22,-9.02523333845551e-11,1.66701330517327e-09
0.758334875106812,-4.02905216869731e-21,-7.75789363305357e-11,1.42351519460959e-09
0.760001540184021,4.32062889175764e-21,2.91600250890145e-11,-4.60428806192681e-10
0.76166820526123,-2.82601985070257e-22,-9.02531036017784e-11,1.66702696091647e-09
0.76333487033844,-4.02879811762051e-21,-7.75780689687977e-11,1.42349976250955e-09
0.765001535415649,4.32428900440947e-21,2.91599314139468e-11,-4.60427057591417e-10
0.766668200492859,-2.83553464917924e-22,-9.02538807578956e-11,1.66704061665968e-09
0.768334865570068,-4.02881629297577e-21,-7.75772016070597e-11,1.42348433040951e-09
0.770001530647278,4.3237530333778e-21,2.9159841208326e-11,-4.60425308990153e-10
0.771668195724487,-2.84949912803233e-22,-9.02546579140129e-11,1.66705427240288e-09
0.773334860801697,-4.0288788969772e-21,-7.75763342453217e-11,1.42346889830947e-09
0.775001525878906,4.32323241042391e-21,2.91597510027053e-11,-4.60423532633314e-10
0.776668190956116,-2.83841519055187e-22,-9.02554281312362e-11,1.66706792814608e-09
0.77833491563797,-4.02865311867524e-21,-7.75754668835837e-11,1.42345346620942e-09
0.780001580715179,4.32139629564624e-21,2.91596573276376e-11,-4.6042178403205e-10
0.781668245792389,-2.83964530869303e-22,-9.02562052873535e-11,1.66708169491159e-09
0.783334910869598,-4.03047590485906e-21,-7.75745995218458e-11,1.42343803410938e-09
0.785001575946808,4.32067210871347e-21,2.91595671220168e-11,-4.60420035430786e-10
0.786668241024017,-2.83727519188052e-22,-9.02569755045768e-11,1.66709535065479e-09
0.788334906101227,-4.03163993538903e-21,-7.75737321601078e-11,1.42342260200934e-09
0.790001571178436,4.32151423350701e-21,2.91594734469491e-11,-4.60418259073947e-10
0.791668236255646,-2.84244759506387e-22,-9.0257752660694e-11,1.66710900639799e-09
0.793334901332855,-4.02907397912362e-21,-7.75728647983698e-11,1.4234071699093e-09
0.795001566410065,4.31966923300011e-21,2.91593832413284e-11,-4.60416510472683e-10
0.796668231487274,-2.83825817567729e-22,-9.02585228779174e-11,1.6671226621412e-09
0.798334956169128,-4.02968951782164e-21,-7.75719974366318e-11,1.42339173780925e-09
0.800001621246338,4.32095039359728e-21,2.91592930357076e-11,-4.60414734115844e-10
0.801668286323547,-2.82526077718513e-22,-9.02593000340346e-11,1.6671363178844e-09
0.803334951400757,-4.028619999139e-21,-7.75711300748938e-11,1.42337630570921e-09
0.805001616477966,4.32470259471575e-21,2.91591993606399e-11,-4.6041298551458e-10
0.806668281555176,-2.83776870326282e-22,-9.02600702512579e-11,1.6671499736276e-09
0.808334946632385,-4.02969194120234e-21,-7.75702627131558e-11,1.42336076258687e-09
0.810001611709595,4.31991318665732e-21,2.91591091550192e-11,-4.60411209157741e-10
0.811668276786804,-2.83517240425156e-22,-9.02608474073752e-11,1.6671636293708e-09
0.813334941864014,-4.02975898806839e-21,-7.75694022903117e-11,1.42334533048682e-09
0.815001606941223,4.3227731797811e-21,2.91590154799515e-11,-4.60409460556477e-10
0.816668272018433,-2.84173547454751e-22,-9.02616176245985e-11,1.66717728511401e-09
0.818334996700287,-4.03028526557726e-21,-7.75685349285737e-11,1.42332989838678e-09
0.820001661777496,4.32343516660921e-21,2.91589252743307e-11,-4.60407711955213e-10
0.821668326854706,-2.84892079832549e-22,-9.02623947807157e-11,1.66719094085721e-09
0.823334991931915,-4.03393326132559e-21,-7.75676675668358e-11,1.42331446628674e-09
0.825001657009125,4.3188335705551e-21,2.915883506871e-11,-4.60405935598374e-10
0.826668322086334,-2.84991312223539e-22,-9.02631649979391e-11,1.66720459660041e-09
0.828334987163544,-4.031748179727e-21,-7.75668002050978e-11,1.4232990341867e-09
0.830001652240753,4.32385360367689e-21,2.91587413936423e-11,-4.6040418699711e-10
0.831668317317963,-2.86046341109069e-22,-9.02639421540563e-11,1.66721825234362e-09
0.833334982395172,-4.02826012710492e-21,-7.75659328433598e-11,1.42328360208666e-09
0.835001647472382,4.32277641095537e-21,2.91586511880215e-11,-4.6040241064027e-10
0.836668312549591,-2.85579638375766e-22,-9.02647193101735e-11,1.66723190808682e-09
0.838335037231445,-4.02915718186102e-21,-7.75650654816218e-11,1.42326816998661e-09
0.840001702308655,4.31881620299341e-21,2.91585575129538e-11,-4.60400662039007e-10
0.841668367385864,-2.8510687719071e-22,-9.02654895273969e-11,1.66724556383002e-09
0.843335032463074,-4.03165084060218e-21,-7.75641981198838e-11,1.42325273788657e-09
0.845001697540283,4.31905086702461e-21,2.91584673073331e-11,-4.60398885682167e-10
0.846668362617493,-2.84264701910071e-22,-9.02662666835141e-11,1.66725921957322e-09
0.848335027694702,-4.03175585376588e-21,-7.75633307581458e-11,1.42323730578653e-09
0.850001692771912,4.32109377695542e-21,2.91583736322654e-11,-4.60397137080903e-10
0.851668357849121,-2.84617253314945e-22,-9.02670369007375e-11,1.66727287531643e-09
0.853335022926331,-4.02925654046975e-21,-7.75624633964078e-11,1.42322176266418e-09
0.85500168800354,4.32060869691846e-21,2.91582834266446e-11,-4.60395360724064e-10
0.85666835308075,-2.85514333314588e-22,-9.02678140568547e-11,1.66728653105963e-09
0.858335077762604,-4.0297735283526e-21,-7.75615960346698e-11,1.42320633056414e-09
0.860001742839813,4.32066241519067e-21,2.91581932210239e-11,-4.603936121228e-10
0.861668407917023,-2.86196262546384e-22,-9.0268584274078e-11,1.66730018680283e-09
0.863335072994232,-4.03210441669002e-21,-7.75607286729318e-11,1.4231908984641e-09
0.865001738071442,4.32290848520356e-21,2.91580995459562e-11,-4.60391835765961e-10
0.866668403148651,-2.85584762816206e-22,-9.02693614301953e-11,1.66731384254604e-09
0.868335068225861,-4.03375958570869e-21,-7.75598613111939e-11,1.42317546636406e-09
0.87000173330307,4.32174728195108e-21,2.91580093403354e-11,-4.60390087164697e-10
0.87166839838028,-2.86617072507665e-22,-9.02701316474186e-11,1.66732749828924e-09
0.873335063457489,-4.03130429716196e-21,-7.75589939494559e-11,1.42316003426401e-09
0.875001728534698,4.3228878864676e-21,2.91579156652677e-11,-4.60388310807858e-10
0.876668393611908,-2.86362390342137e-22,-9.02709088035358e-11,1.66734115403244e-09
0.878335118293762,-4.0326597747673e-21,-7.75581265877179e-11,1.42314460216397e-09
0.880001783370972,4.32094473904231e-21,2.9157825459647e-11,-4.60386562206594e-10
0.881668448448181,-2.86611897580127e-22,-9.02716790207592e-11,1.66735480977565e-09
0.883335113525391,-4.03256728240388e-21,-7.75572592259799e-11,1.42312917006393e-09
0.8850017786026,4.32290404233894e-21,2.91577317845793e-11,-4.60384785849755e-10
0.88666844367981,-2.86623610586848e-22,-9.02724561768764e-11,1.66736846551885e-09
0.888335108757019,-4.03075822871071e-21,-7.75563988031358e-11,1.42311373796389e-09
0.890001773834229,4.31953392757764e-21,2.91576415789585e-11,-4.60383037248491e-10
0.891668438911438,-2.85879986121376e-22,-9.02732263940997e-11,1.66738212126205e-09
0.893335103988647,-4.02890434247456e-21,-7.75555314413978e-11,1.42309819484154e-09
0.895001769065857,4.32016279486951e-21,2.91575479038908e-11,-4.60381260891651e-10
0.896668434143066,-2.86308141955406e-22,-9.0274003550217e-11,1.66739577700525e-09
0.898335158824921,-4.0322490117385e-21,-7.75546640796598e-11,1.4230827627415e-09
0.90000182390213,4.3218224067528e-21,2.91574576982701e-11,-4.60379484534812e-10
0.90166848897934,-2.86021349995591e-22,-9.02747737674403e-11,1.66740943274846e-09
0.903335154056549,-4.02901420239967e-21,-7.75537967179218e-11,1.42306733064146e-09
0.905001819133759,4.32392751678826e-21,2.91573640232023e-11,-4.60377735933548e-10
0.906668484210968,-2.85435750146653e-22,-9.02755509235575e-11,1.66742308849166e-09
0.908335149288177,-4.0325814187913e-21,-7.75529293561839e-11,1.42305189854142e-09
0.910001814365387,4.32414319767064e-21,2.91572738175816e-11,-4.60375959576709e-10
0.911668479442596,-2.86115609407435e-22,-9.02763211407809e-11,1.66743674423486e-09
0.913335144519806,-4.03022346936939e-21,-7.75520619944459e-11,1.42303646644137e-09
0.915001809597015,4.32061112029917e-21,2.91571801425139e-11,-4.60374210975445e-10
0.916668474674225,-2.85504387356295e-22,-9.02770982968981e-11,1.66745039997807e-09
0.918335199356079,-4.02534641570895e-21,-7.75511946327079e-11,1.42302103434133e-09
0.920001864433289,4.32393922979498e-21,2.91570899368931e-11,-4.60372434618606e-10
0.921668529510498,-2.84864640094822e-22,-9.02778685141215e-11,1.66746405572127e-09
0.923335194587708,-4.02886516448657e-21,-7.75503272709699e-11,1.42300560224129e-09
0.925001859664917,4.32359026297406e-21,2.91569962618254e-11,-4.60370658261766e-10
0.926668524742126,-2.84359440949344e-22,-9.02786456702387e-11,1.66747771146447e-09
0.928335189819336,-4.02849883010396e-21,-7.75494599092319e-11,1.42299017014125e-09
0.930001854896545,4.32482659102827e-21,2.91569060562047e-11,-4.60368909660502e-10
0.931668519973755,-2.84364464415589e-22,-9.0279415887462e-11,1.66749136720767e-09
0.933335185050964,-4.02931712498727e-21,-7.75485925474939e-11,1.4229746270189e-09
0.935001850128174,4.32471632720639e-21,2.9156812381137e-11,-4.60367133303663e-10
0.936668515205383,-2.85325789247353e-22,-9.02801930435793e-11,1.66750502295088e-09
0.938335180282593,-4.02884900861523e-21,-7.75477251857559e-11,1.42295919491886e-09
0.940001904964447,4.32242421296018e-21,2.91567221755162e-11,-4.60365384702399e-10
0.941668570041656,-2.85270505875115e-22,-9.02809632608026e-11,1.66751867869408e-09
0.943335235118866,-4.03031313445532e-21,-7.75468578240179e-11,1.42294376281882e-09
0.945001900196075,4.32382613869561e-21,2.91566285004485e-11,-4.6036360834556e-10
0.946668565273285,-2.85293225069185e-22,-9.02817404169198e-11,1.66753233443728e-09
0.948335230350494,-4.02871249150241e-21,-7.75459904622799e-11,1.42292833071878e-09
0.950001895427704,4.32622972845406e-21,2.91565382948278e-11,-4.6036183198872e-10
0.951668560504913,-2.85785903414376e-22,-9.02825106341432e-11,1.66754599018049e-09
0.953335225582123,-4.02741436724033e-21,-7.7545123100542e-11,1.42291289861873e-09
0.955001890659332,4.32658152255247e-21,2.91564446197601e-11,-4.60360083387457e-10
0.956668555736542,-2.86828487230265e-22,-9.02832877902604e-11,1.66755964592369e-09
0.958335220813751,-4.0289988543219e-21,-7.7544255738804e-11,1.42289746651869e-09
0.960001945495605,4.32396104022129e-21,2.91563544141393e-11,-4.60358307030617e-10
0.961668610572815,-2.86137015936959e-22,-9.02840580074837e-11,1.66757330166689e-09
0.963335275650024,-4.02842653257971e-21,-7.7543388377066e-11,1.42288203441865e-09
0.965001940727234,4.32479225980168e-21,2.91562607390716e-11,-4.60356530673778e-10
0.966668605804443,-2.84910002752316e-22,-9.0284835163601e-11,1.66758695741009e-09
0.968335270881653,-4.02946212393254e-21,-7.7542521015328e-11,1.42286660231861e-09
0.970001935958862,4.32431404601005e-21,2.91561705334509e-11,-4.60354782072514e-10
0.971668601036072,-2.85989543123893e-22,-9.02856053808243e-11,1.6676006131533e-09
0.973335266113281,-4.02993670265312e-21,-7.75416605924839e-11,1.42285105919626e-09
0.975001931190491,4.32269320821797e-21,2.91560768583832e-11,-4.60353005715675e-10
0.9766685962677,-2.85575649895029e-22,-9.02863825369415e-11,1.6676142688965e-09
0.97833526134491,-4.02973596595173e-21,-7.75407932307459e-11,1.42283562709622e-09
0.980001986026764,4.32381038672106e-21,2.91559866527624e-11,-4.60351229358835e-10
0.981668651103973,-2.87290418932813e-22,-9.02871527541649e-11,1.6676279246397e-09
0.983335316181183,-4.02786350046355e-21,-7.75399258690079e-11,1.42282019499618e-09
0.985001981258392,4.32702621291107e-21,2.91558929776947e-11,-4.60349480757571e-10
0.986668646335602,-2.86499538543675e-22,-9.02879299102821e-11,1.66764158038291e-09
0.988335311412811,-4.02758925454757e-21,-7.75390585072699e-11,1.42280476289613e-09
0.990001976490021,4.32185269901156e-21,2.9155802772074e-11,-4.60347704400732e-10
0.99166864156723,-2.86910200598271e-22,-9.02887001275055e-11,1.66765523612611e-09
0.99333530664444,-4.02546475746651e-21,-7.7538191145532e-11,1.42278933079609e-09
0.995001971721649,4.32454669055733e-21,2.91557090970063e-11,-4.60345928043893e-10
0.996668636798859,-2.85391851615e-22,-9.02894772836227e-11,1.66766889186931e-09
0.998335301876068,-4.02996941829258e-21,-7.7537323783794e-11,1.42277389869605e-09
1.00000202655792,4.32494856785688e-21,2.91556188913855e-11,-4.60344151687053e-10
1.00166869163513,-2.8466185866597e-22,-9.0290247500846e-11,1.66768254761251e-09
1.00333535671234,-4.0275226115783e-21,-7.7536456422056e-11,1.42275846659601e-09
1.00500202178955,4.32704600385346e-21,2.91555252163178e-11,-4.60342403085789e-10
1.00666868686676,-2.8597348822675e-22,-9.02910246569633e-11,1.66769620335572e-09
1.00833535194397,-4.02673703233445e-21,-7.7535589060318e-11,1.42274292347366e-09
1.01000201702118,4.32294523981086e-21,2.91554350106971e-11,-4.6034062672895e-10
1.01166868209839,-2.85680082457106e-22,-9.02917948741866e-11,1.66770985909892e-09
1.0133353471756,-4.02687718451831e-21,-7.753472169858e-11,1.42272749137362e-09
1.01500201225281,4.32438674743107e-21,2.91553413356294e-11,-4.60338850372111e-10
1.01666867733002,-2.86061941622331e-22,-9.02925720303038e-11,1.66772351484212e-09
1.01833534240723,-4.02765791700077e-21,-7.7533854336842e-11,1.42271205927358e-09
1.02000200748444,4.32463110498507e-21,2.91552476605617e-11,-4.60337101770847e-10
1.02166867256165,-2.84818419156664e-22,-9.02933422475272e-11,1.66773717058533e-09
1.02333533763885,-4.02735216713568e-21,-7.7532986975104e-11,1.42269662717354e-09
1.02500200271606,4.32617964525291e-21,2.91551574549409e-11,-4.60335325414007e-10
1.02666866779327,-2.86807762276563e-22,-9.02941194036444e-11,1.66775082632853e-09
1.02833533287048,-4.02961318132956e-21,-7.7532119613366e-11,1.42268119507349e-09
1.03000211715698,4.32469249729616e-21,2.91550637798732e-11,-4.60333549057168e-10
1.03166878223419,-2.86437388926118e-22,-9.02948896208677e-11,1.66776448207173e-09
1.0333354473114,-4.02828839987977e-21,-7.7531252251628e-11,1.42266576297345e-09
1.03500211238861,4.32439159419247e-21,2.91549735742525e-11,-4.60331772700329e-10
1.03666877746582,-2.86643956887315e-22,-9.0295666776985e-11,1.66777813781493e-09
1.03833544254303,-4.02732874112223e-21,-7.75303848898901e-11,1.42265033087341e-09
1.04000210762024,4.32433100967495e-21,2.91548798991847e-11,-4.60329996343489e-10
1.04166877269745,-2.85236250379167e-22,-9.02964369942083e-11,1.66779179355814e-09
1.04333543777466,-4.02617642359899e-21,-7.75295175281521e-11,1.42263478775106e-09
1.04500210285187,4.32753835403251e-21,2.9154789693564e-11,-4.60328247742225e-10
1.04666876792908,-2.84643910502654e-22,-9.02972141503255e-11,1.66780544930134e-09
1.04833543300629,-4.02548818347995e-21,-7.75286501664141e-11,1.42261935565102e-09
1.0500020980835,4.32722816130281e-21,2.91546960184963e-11,-4.60326471385386e-10
1.05166876316071,-2.8398464997783e-22,-9.02979843675489e-11,1.66781910504454e-09
1.05333542823792,-4.02593287383855e-21,-7.75277828046761e-11,1.42260392355098e-09
1.05500209331512,4.32640380796774e-21,2.91546023434286e-11,-4.60324695028547e-10
1.05666875839233,-2.83779243219885e-22,-9.02987615236661e-11,1.66783276078775e-09
1.05833542346954,-4.02648015398016e-21,-7.75269154429381e-11,1.42258849145094e-09
1.06000208854675,4.32618651149823e-21,2.91545121378078e-11,-4.60322918671707e-10
1.06166875362396,-2.85128586642822e-22,-9.02995317408894e-11,1.66784641653095e-09
1.06333541870117,-4.02610614555866e-21,-7.75260480812001e-11,1.4225730593509e-09
1.06500208377838,4.32651164840893e-21,2.91544184627401e-11,-4.60321142314868e-10
1.06666874885559,-2.85782318830422e-22,-9.03003088970067e-11,1.66786007227415e-09
1.0683354139328,-4.02736186065848e-21,-7.75251807194621e-11,1.42255762725085e-09
1.0700021982193,4.32147222824153e-21,2.91543282571194e-11,-4.60319393713604e-10
1.07166886329651,-2.84689651813383e-22,-9.030107911423e-11,1.66787372801736e-09
1.07333552837372,-4.0248564889106e-21,-7.75243133577241e-11,1.42254219515081e-09
1.07500219345093,4.32684082428746e-21,2.91542345820517e-11,-4.60317617356765e-10
1.07666885852814,-2.8494973609839e-22,-9.03018562703473e-11,1.66788738376056e-09
1.07833552360535,-4.02711225244629e-21,-7.75234459959862e-11,1.42252665202847e-09
1.08000218868256,4.32526037617373e-21,2.9154140906984e-11,-4.60315840999925e-10
1.08166885375977,-2.84557047450658e-22,-9.03026264875706e-11,1.66790103950376e-09
1.08333551883698,-4.02802303969302e-21,-7.75225786342482e-11,1.42251121992842e-09
1.08500218391418,4.32598981376468e-21,2.91540507013632e-11,-4.60314064643086e-10
1.08666884899139,-2.84871985967572e-22,-9.03034036436878e-11,1.66791469524696e-09
1.0883355140686,-4.02524705710021e-21,-7.75217182114041e-11,1.42249578782838e-09
1.09000217914581,4.32738083428696e-21,2.91539570262955e-11,-4.60312288286246e-10
1.09166884422302,-2.84685259435862e-22,-9.03041738609112e-11,1.66792835099017e-09
1.09333550930023,-4.02496473324857e-21,-7.75208508496661e-11,1.42248035572834e-09
1.09500217437744,4.32691837246988e-21,2.91538668206748e-11,-4.60310511929407e-10
1.09666883945465,-2.85082491922408e-22,-9.03049510170284e-11,1.66794189571107e-09
1.09833550453186,-4.02452327406423e-21,-7.75199834879281e-11,1.4224649236283e-09
1.10000216960907,4.32670834614248e-21,2.91537731456071e-11,-4.60308735572568e-10
1.10166883468628,-2.85412753273544e-22,-9.03057212342517e-11,1.66795555145427e-09
1.10333549976349,-4.02475632250829e-21,-7.75191161261901e-11,1.42244949152825e-09
1.1050021648407,4.32732671211797e-21,2.91536794705394e-11,-4.60306986971304e-10
1.10666882991791,-2.85086000775715e-22,-9.03064914514751e-11,1.66796920719747e-09
1.10833549499512,-4.02342467481318e-21,-7.75182487644521e-11,1.42243405942821e-09
1.11000227928162,4.32748342406996e-21,2.91535892649186e-11,-4.60305210614464e-10
1.11166894435883,-2.83775885827872e-22,-9.03072686075923e-11,1.66798286294068e-09
1.11333560943604,-4.02805131246787e-21,-7.75173814027141e-11,1.42241851630587e-09
1.11500227451324,4.3259599254027e-21,2.91534955898509e-11,-4.60303434257625e-10
1.11666893959045,-2.85749476973216e-22,-9.03080388248156e-11,1.66799651868388e-09
1.11833560466766,-4.0257410228664e-21,-7.75165140409761e-11,1.42240308420583e-09
1.12000226974487,4.32317667266779e-21,2.91534053842302e-11,-4.60301657900786e-10
1.12166893482208,-2.86307965250564e-22,-9.03088159809329e-11,1.66801017442708e-09
1.12333559989929,-4.02504187753421e-21,-7.75156466792382e-11,1.42238765210578e-09
1.1250022649765,4.32434918503021e-21,2.91533117091625e-11,-4.60299881543946e-10
1.12666893005371,-2.87216354360144e-22,-9.03095861981562e-11,1.66802383017028e-09
1.12833559513092,-4.02335520456643e-21,-7.75147793175002e-11,1.42237222000574e-09
1.13000226020813,4.3247110765482e-21,2.91532180340948e-11,-4.60298105187107e-10
1.13166892528534,-2.86000927964477e-22,-9.03103633542734e-11,1.66803748591349e-09
1.13333559036255,-4.02452206237388e-21,-7.75139119557622e-11,1.4223567879057e-09
1.13500225543976,4.32566992751217e-21,2.9153127828474e-11,-4.60296328830267e-10
1.13666892051697,-2.86330987367222e-22,-9.03111335714968e-11,1.66805114165669e-09
1.13833558559418,-4.02659607235701e-21,-7.75130445940242e-11,1.42234135580566e-09
1.14000225067139,4.32541628033215e-21,2.91530341534063e-11,-4.60294552473428e-10
1.1416689157486,-2.87148777379559e-22,-9.0311910727614e-11,1.66806479739989e-09
1.14333558082581,-4.02485123825241e-21,-7.75121772322862e-11,1.42232581268331e-09
1.14500224590302,4.32962367312559e-21,2.91529404783386e-11,-4.60292776116589e-10
1.14666891098022,-2.86882230746016e-22,-9.03126809448374e-11,1.6680784531431e-09
1.14833557605743,-4.02579070217077e-21,-7.75113098705482e-11,1.42231038058327e-09
1.15000224113464,4.32766235034504e-21,2.91528502727179e-11,-4.60290999759749e-10
1.15166902542114,-2.87354057919759e-22,-9.03134581009546e-11,1.6680921088863e-09
1.15333569049835,-4.02758319609582e-21,-7.75104425088102e-11,1.42229494848323e-09
1.15500235557556,4.32429061999661e-21,2.91527565976502e-11,-4.6028922340291e-10
1.15666902065277,-2.86740816384702e-22,-9.03142283181779e-11,1.6681057646295e-09
1.15833568572998,-4.02377242994375e-21,-7.75095751470722e-11,1.42227951638318e-09
1.16000235080719,4.32848872316403e-21,2.91526629225825e-11,-4.6028744704607e-10
1.1616690158844,-2.87302131939534e-22,-9.03150054742952e-11,1.6681194203727e-09
1.16333568096161,-4.02616228721156e-21,-7.75087077853343e-11,1.42226408428314e-09
1.16500234603882,4.32649912760864e-21,2.91525727169617e-11,-4.60285670689231e-10
1.16666901111603,-2.8738212874621e-22,-9.03157756915185e-11,1.66813307611591e-09
1.16833567619324,-4.0268359870464e-21,-7.75078404235963e-11,1.4222486521831e-09
1.17000234127045,4.32716273002388e-21,2.9152479041894e-11,-4.60283894332392e-10
1.17166900634766,-2.86906388822377e-22,-9.03165528476357e-11,1.66814673185911e-09
1.17333567142487,-4.02513679327833e-21,-7.75069730618583e-11,1.42223310906076e-09
1.17500233650208,4.32838936455529e-21,2.91523853668263e-11,-4.60282117975552e-10
1.17666900157928,-2.87285395466569e-22,-9.03173230648591e-11,1.66816038760231e-09
1.17833566665649,-4.02461778591156e-21,-7.75061057001203e-11,1.42221767696071e-09
1.1800023317337,4.32523856574742e-21,2.91522951612055e-11,-4.60280369374289e-10
1.18166899681091,-2.8670078011604e-22,-9.03180932820824e-11,1.66817404334552e-09
1.18333566188812,-4.02683073638821e-21,-7.75052383383823e-11,1.42220224486067e-09
1.18500232696533,4.32403333774553e-21,2.91522014861378e-11,-4.60278593017449e-10
1.18666899204254,-2.86730390798979e-22,-9.03188704381996e-11,1.66818769908872e-09
1.18833565711975,-4.02550959000947e-21,-7.75043709766443e-11,1.42218681276063e-09
1.19000232219696,4.32502530824574e-21,2.91521078110701e-11,-4.60276788905034e-10
1.19166910648346,-2.87551815882367e-22,-9.0319640655423e-11,1.66820135483192e-09
1.19333577156067,-4.0239545873931e-21,-7.75035036149063e-11,1.42217138066059e-09
1.19500243663788,4.32560126505898e-21,2.91520176054494e-11,-4.60275012548195e-10
1.19666910171509,-2.863657224906e-22,-9.03204178115402e-11,1.66821501057512e-09
1.1983357667923,-4.02513800496868e-21,-7.75026362531683e-11,1.42215594856054e-09
1.20000243186951,4.3314121280828e-21,2.91519239303817e-11,-4.60273236191355e-10
1.20166909694672,-2.86156882609996e-22,-9.03211880287635e-11,1.66822855529603e-09
1.20333576202393,-4.02437544784148e-21,-7.75017688914303e-11,1.4221404054382e-09
1.20500242710114,4.32767163997106e-21,2.9151830255314e-11,-4.60271459834516e-10
1.20666909217834,-2.86654130037549e-22,-9.03219651848808e-11,1.66824221103923e-09
1.20833575725555,-4.02314679382615e-21,-7.75009015296924e-11,1.42212497333816e-09
1.21000242233276,4.32763730874446e-21,2.91517400496932e-11,-4.60269683477676e-10
1.21166908740997,-2.86697523698223e-22,-9.03227354021041e-11,1.66825586678243e-09
1.21333575248718,-4.02415047733308e-21,-7.75000341679544e-11,1.42210954123811e-09
1.21500241756439,4.32850851410642e-21,2.91516463746255e-11,-4.60267907120837e-10
1.2166690826416,-2.8690192071421e-22,-9.03235125582214e-11,1.66826952252563e-09
1.21833574771881,-4.02423973852223e-21,-7.74991668062164e-11,1.42209410913807e-09
1.22000241279602,4.32639330665137e-21,2.91515526995578e-11,-4.60266130763998e-10
1.22166907787323,-2.86183287362215e-22,-9.03242827754447e-11,1.66828317826884e-09
1.22333574295044,-4.02333258634655e-21,-7.74982994444784e-11,1.42207867703803e-09
1.22500240802765,4.32534802177574e-21,2.91514624939371e-11,-4.60264354407158e-10
1.22666907310486,-2.84136540411965e-22,-9.03250599315619e-11,1.66829683401204e-09
1.22833573818207,-4.02655850995615e-21,-7.74974320827404e-11,1.42206324493799e-09
1.23000240325928,4.32878276002239e-21,2.91513688188694e-11,-4.60262578050319e-10
1.23166918754578,-2.87113890794886e-22,-9.03258301487853e-11,1.66831048975524e-09
1.23333585262299,-4.02574183065997e-21,-7.74965647210024e-11,1.42204770181564e-09
1.2350025177002,4.32616146989765e-21,2.91512751438017e-11,-4.60260801693479e-10
1.2366691827774,-2.8696351497369e-22,-9.03266003660086e-11,1.66832414549845e-09
1.23833584785461,-4.02546031460189e-21,-7.74956973592644e-11,1.4220322697156e-09
1.24000251293182,4.32156310501781e-21,2.91511849381809e-11,-4.6025902533664e-10
1.24166917800903,-2.86652085310083e-22,-9.03273775221258e-11,1.66833780124165e-09
1.24333584308624,-4.02359835043008e-21,-7.74948299975264e-11,1.42201683761556e-09
1.24500250816345,4.32550311814059e-21,2.91510912631132e-11,-4.60257248979801e-10
1.24666917324066,-2.85892860331349e-22,-9.03281477393492e-11,1.66835145698485e-09
1.24833583831787,-4.02559360054043e-21,-7.74939626357884e-11,1.42200140551552e-09
1.25000250339508,4.32598779428076e-21,2.91509975880455e-11,-4.60255472622961e-10
1.25166916847229,-2.86732713205484e-22,-9.03289248954664e-11,1.66836511272805e-09
1.2533358335495,-4.02312256001914e-21,-7.74930952740505e-11,1.42198597341547e-09
1.25500249862671,4.32708275846076e-21,2.91509039129778e-11,-4.60253696266122e-10
1.25666916370392,-2.88242252190166e-22,-9.03296951126897e-11,1.66837876847126e-09
1.25833582878113,-4.025877943876e-21,-7.74922279123125e-11,1.42197054131543e-09
1.26000249385834,4.32944878581834e-21,2.91508137073571e-11,-4.60251919909282e-10
1.26166915893555,-2.87521170213921e-22,-9.0330472268807e-11,1.66839242421446e-09
1.26333582401276,-4.0251618348789e-21,-7.74913605505745e-11,1.42195499819309e-09
1.26500248908997,4.32494735616653e-21,2.91507200322894e-11,-4.60250115796867e-10
1.26666915416718,-2.88834693040874e-22,-9.03312424860303e-11,1.66840607995766e-09
1.26833581924438,-4.02566307078719e-21,-7.74904931888365e-11,1.42193956609304e-09
1.27000248432159,4.32860019867626e-21,2.91506263572217e-11,-4.60248339440028e-10
1.27166926860809,-2.89389874413307e-22,-9.03320196421475e-11,1.66841973570087e-09
1.2733359336853,-4.02465736779634e-21,-7.74896258270985e-11,1.421924133993e-09
1.27500259876251,4.32791397804114e-21,2.9150532682154e-11,-4.60246563083189e-10
1.27666926383972,-2.88127999887541e-22,-9.03327898593709e-11,1.66843328042177e-09
1.27833592891693,-4.02753997913999e-21,-7.74887584653605e-11,1.42190870189296e-09
1.28000259399414,4.32641350149054e-21,2.91504424765332e-11,-4.60244786726349e-10
1.28166925907135,-2.88356075352458e-22,-9.03335600765942e-11,1.66844693616497e-09
1.28333592414856,-4.02407535253136e-21,-7.74878911036225e-11,1.42189326979292e-09
1.28500258922577,4.32546555573973e-21,2.91503488014655e-11,-4.6024301036951e-10
1.28666925430298,-2.89545399918493e-22,-9.03343372327114e-11,1.66846059190817e-09
1.28833591938019,-4.0280848359009e-21,-7.74870237418845e-11,1.42187772667057e-09
1.2900025844574,4.32654961470657e-21,2.91502551263978e-11,-4.6024123401267e-10
1.29166924953461,-2.91097903423517e-22,-9.03351074499348e-11,1.66847424765137e-09
1.29333591461182,-4.02698219768201e-21,-7.74861563801466e-11,1.42186229457053e-09
1.29500257968903,4.32546595963651e-21,2.9150164920777e-11,-4.60239457655831e-10
1.29666924476624,-2.90004277151616e-22,-9.0335884606052e-11,1.66848790339458e-09
1.29833590984344,-4.0283437337391e-21,-7.74852890184086e-11,1.42184686247049e-09
1.30000257492065,4.32503177059428e-21,2.91500712457093e-11,-4.60237653543416e-10
1.30166923999786,-2.90474842147911e-22,-9.03366548232754e-11,1.66850155913778e-09
1.30333590507507,-4.02784047834689e-21,-7.74844216566706e-11,1.42183143037045e-09
1.30500257015228,4.32496795490249e-21,2.91499775706416e-11,-4.60235877186577e-10
1.30666923522949,-2.90208219783721e-22,-9.03374319793926e-11,1.66851521488098e-09
1.3083359003067,-4.02677984539349e-21,-7.74835542949326e-11,1.4218159982704e-09
1.31000256538391,4.32304419452281e-21,2.91498838955739e-11,-4.60234100829737e-10
1.31166923046112,-2.90182976234754e-22,-9.03382021966159e-11,1.66852887062419e-09
1.31333601474762,-4.02856789645393e-21,-7.74826869331946e-11,1.42180056617036e-09
1.31500267982483,4.32671925135563e-21,2.91497936899532e-11,-4.60232324472898e-10
1.31666934490204,-2.90940636113452e-22,-9.03389724138393e-11,1.66854252636739e-09
1.31833600997925,-4.02795680062054e-21,-7.74818195714566e-11,1.42178502304802e-09
1.32000267505646,4.32309266213682e-21,2.91497000148855e-11,-4.60230548116058e-10
1.32166934013367,-2.91011419024755e-22,-9.03397495699565e-11,1.66855618211059e-09
1.32333600521088,-4.02827587907948e-21,-7.74809522097186e-11,1.42176959094797e-09
1.32500267028809,4.3213361150255e-21,2.91496063398178e-11,-4.60228744003643e-10
1.3266693353653,-2.90782611496918e-22,-9.03405197871798e-11,1.66856983785379e-09
1.3283360004425,-4.02757269477945e-21,-7.74800848479806e-11,1.42175415884793e-09
1.33000266551971,4.32340891331828e-21,2.91495126647501e-11,-4.60226967646804e-10
1.33166933059692,-2.91613881564404e-22,-9.03412969432971e-11,1.668583493597e-09
1.33333599567413,-4.02533672218614e-21,-7.74792174862426e-11,1.42173872674789e-09
1.33500266075134,4.32139185278162e-21,2.91494189896824e-11,-4.60225191289965e-10
1.33666932582855,-2.92069527623259e-22,-9.03420671605204e-11,1.6685970383179e-09
1.33833599090576,-4.02906509339439e-21,-7.74783501245047e-11,1.42172329464785e-09
1.34000265598297,4.32066241519067e-21,2.91493287840616e-11,-4.60223414933125e-10
1.34166932106018,-2.92282633663639e-22,-9.03428443166376e-11,1.6686106940611e-09
1.34333598613739,-4.02778514448756e-21,-7.74774827627667e-11,1.4217077515255e-09
1.3450026512146,4.32541668422893e-21,2.91492351089939e-11,-4.6022161082071e-10
1.34666931629181,-2.9120998478093e-22,-9.0343614533861e-11,1.6686243498043e-09
1.34833598136902,-4.02988379217449e-21,-7.74766154010287e-11,1.42169231942546e-09
1.35000264644623,4.32210796177872e-21,2.91491414339262e-11,-4.60219834463871e-10
1.35166931152344,-2.92431090975115e-22,-9.03443847510843e-11,1.66863800554751e-09
1.35333609580994,-4.02885991382838e-21,-7.74757480392907e-11,1.42167688732542e-09
1.35500276088715,4.32387218292893e-21,2.91490477588585e-11,-4.60218058107031e-10
1.35666942596436,-2.93235274714559e-22,-9.03451619072015e-11,1.66865166129071e-09
1.35833609104156,-4.02839462473382e-21,-7.74748806775527e-11,1.42166145522538e-09
1.36000275611877,4.32204374219014e-21,2.91489575532378e-11,-4.60216281750192e-10
1.36166942119598,-2.92744843045226e-22,-9.03459321244249e-11,1.66866531703391e-09
1.36333608627319,-4.02978887643037e-21,-7.74740133158147e-11,1.42164602312533e-09
1.3650027513504,4.32084659212393e-21,2.91488638781701e-11,-4.60214477637777e-10
1.36666941642761,-2.94527491986183e-22,-9.03467092805421e-11,1.66867897277712e-09
1.36833608150482,-4.02816601915437e-21,-7.74731459540767e-11,1.42163048000299e-09
1.37000274658203,4.32296422295968e-21,2.91487702031024e-11,-4.60212701280938e-10
1.37166941165924,-2.92861493485003e-22,-9.03474794977654e-11,1.66869262852032e-09
1.37333607673645,-4.0280456579129e-21,-7.74722785923387e-11,1.42161504790295e-09
1.37500274181366,4.32477408444642e-21,2.91486765280347e-11,-4.60210924924098e-10
1.37666940689087,-2.94481851649651e-22,-9.03482566538827e-11,1.66870628426352e-09
1.37833607196808,-4.02599426614964e-21,-7.74714112306008e-11,1.4215996158029e-09
1.38000273704529,4.32490292752035e-21,2.9148582852967e-11,-4.60209148567259e-10
1.3816694021225,-2.95259403444934e-22,-9.0349026871106e-11,1.66871994000672e-09
1.38333606719971,-4.0299346831692e-21,-7.74705438688628e-11,1.42158418370286e-09
1.38500273227692,4.32309750889823e-21,2.91484926473462e-11,-4.60207344454844e-10
1.38666939735413,-2.93394208098855e-22,-9.03497970883294e-11,1.66873359574993e-09
1.38833606243134,-4.02677540252888e-21,-7.74696765071248e-11,1.42156875160282e-09
1.39000272750854,4.32024034305194e-21,2.91483989722785e-11,-4.60205568098004e-10
1.39166939258575,-2.94422125412795e-22,-9.03505742444466e-11,1.66874714047083e-09
1.39333617687225,-4.02872380061235e-21,-7.74688091453868e-11,1.42155320848047e-09
1.39500284194946,4.32117617189924e-21,2.91483052972108e-11,-4.60203791741165e-10
1.39666950702667,-2.93144776591512e-22,-9.03513444616699e-11,1.66876079621403e-09
1.39833617210388,-4.02776656523552e-21,-7.74679417836488e-11,1.42153777638043e-09
1.40000283718109,4.3246109101459e-21,2.91482116221431e-11,-4.6020198762875e-10
1.4016695022583,-2.94150580556556e-22,-9.03521216177872e-11,1.66877445195723e-09
1.40333616733551,-4.02845318976742e-21,-7.74670744219108e-11,1.42152234428039e-09
1.40500283241272,4.32029325353057e-21,2.91481179470754e-11,-4.60200211271911e-10
1.40666949748993,-2.94005606854838e-22,-9.03528918350105e-11,1.66878810770044e-09
1.40833616256714,-4.029353071801e-21,-7.74662070601728e-11,1.42150691218035e-09
1.41000282764435,4.32355875902495e-21,2.91480242720077e-11,-4.60198434915071e-10
1.41166949272156,-2.93951939069734e-22,-9.03536620522338e-11,1.66880176344364e-09
1.41333615779877,-4.02890555416491e-21,-7.74653396984348e-11,1.42149148008031e-09
1.41500282287598,4.32245087014789e-21,2.91479340663869e-11,-4.60196630802656e-10
1.41666948795319,-2.95426389521352e-22,-9.03544392083511e-11,1.66881541918684e-09
1.4183361530304,-4.02673945571515e-21,-7.74644723366968e-11,1.42147593695796e-09
1.4200028181076,4.32401354680314e-21,2.91478403913192e-11,-4.60194854445817e-10
1.42166948318481,-2.92944822440144e-22,-9.03552094255744e-11,1.66882907493004e-09
1.42333614826202,-4.02739457629794e-21,-7.74636049749589e-11,1.42146050485792e-09
1.42500281333923,4.32060102287958e-21,2.91477467162515e-11,-4.60193078088977e-10
1.42666947841644,-2.9391293778658e-22,-9.03559865816916e-11,1.66884273067325e-09
1.42833614349365,-4.02655850995615e-21,-7.74627376132209e-11,1.42144507275788e-09
1.43000280857086,4.32221257104564e-21,2.91476530411838e-11,-4.60191273976562e-10
1.43166947364807,-2.93273518691244e-22,-9.0356756798915e-11,1.66885638641645e-09
1.43333625793457,-4.02984663367041e-21,-7.74618702514829e-11,1.42142964065783e-09
1.43500292301178,4.32358258893518e-21,2.91475593661161e-11,-4.60189497619723e-10
1.43666958808899,-2.9293952129486e-22,-9.03575270161383e-11,1.66886993113735e-09
1.4383362531662,-4.03105509284656e-21,-7.74610028897449e-11,1.42141420855779e-09
1.44000291824341,4.32494735616653e-21,2.91474656910484e-11,-4.60187693507308e-10
1.44166958332062,-2.949095530998e-22,-9.03583041722555e-11,1.66888358688055e-09
1.44333624839783,-4.03044722818743e-21,-7.74601355280069e-11,1.42139866543545e-09
1.44500291347504,4.3243249512232e-21,2.91473754854277e-11,-4.60185917150469e-10
1.44666957855225,-2.95889457183604e-22,-9.03590743894789e-11,1.66889724262376e-09
1.44833624362946,-4.0292480586373e-21,-7.74592681662689e-11,1.4213832333354e-09
1.45000290870667,4.32180988595251e-21,2.914728181036e-11,-4.60184140793629e-10
1.45166957378387,-2.97764396539584e-22,-9.03598515455961e-11,1.66891089836696e-09
1.45333623886108,-4.02899198807658e-21,-7.74584008045309e-11,1.42136780123536e-09
1.45500290393829,4.32169679485314e-21,2.91471881352923e-11,-4.60182336681214e-10
1.4566695690155,-2.97168547809765e-22,-9.03606217628194e-11,1.66892455411016e-09
1.45833623409271,-4.02788288750916e-21,-7.74575334427929e-11,1.42135236913532e-09
1.46000289916992,4.31960501341153e-21,2.91470944602246e-11,-4.60180560324375e-10
1.46166956424713,-2.96591530767476e-22,-9.03613989189367e-11,1.66893820985337e-09
1.46333622932434,-4.02696281063641e-21,-7.74566660810549e-11,1.42133693703528e-09
1.46500289440155,4.3192148491187e-21,2.91470007851569e-11,-4.6017875621196e-10
1.46666955947876,-2.97254502093998e-22,-9.036216913616e-11,1.66895186559657e-09
1.46833622455597,-4.03095573423782e-21,-7.7455798719317e-11,1.42132139391293e-09
1.47000288963318,4.31787229621043e-21,2.91469071100892e-11,-4.6017697985512e-10
1.47166955471039,-2.97216510552803e-22,-9.03629393533834e-11,1.66896552133977e-09
1.47333633899689,-4.02921978586246e-21,-7.7454931357579e-11,1.42130596181289e-09
1.4750030040741,4.32240078694674e-21,2.91468134350215e-11,-4.60175175742705e-10
1.47666966915131,-2.97739859809988e-22,-9.03637165095006e-11,1.66897917708297e-09
1.47833633422852,-4.02912042725372e-21,-7.7454063995841e-11,1.42129052971285e-09
1.48000299930573,4.32167942729145e-21,2.91467232294007e-11,-4.60173399385866e-10
1.48166966438293,-2.97547781645897e-22,-9.03644867267239e-11,1.66899272180387e-09
1.48333632946014,-4.03149291695984e-21,-7.7453196634103e-11,1.42127509761281e-09
1.48500299453735,4.31993863215468e-21,2.9146629554333e-11,-4.60171623029026e-10
1.48666965961456,-2.98965863252672e-22,-9.03652638828412e-11,1.66900637754708e-09
1.48833632469177,-4.03117020342985e-21,-7.7452329272365e-11,1.42125966551276e-09
1.49000298976898,4.32000406343361e-21,2.91465358792653e-11,-4.60169818916611e-10
1.49166965484619,-2.98427872737085e-22,-9.03660341000645e-11,1.66902003329028e-09
1.4933363199234,-4.03254547197757e-21,-7.7451461910627e-11,1.42124412239042e-09
1.49500298500061,4.32052549418107e-21,2.91464422041976e-11,-4.60168042559772e-10
1.49666965007782,-2.99082185526312e-22,-9.03668043172878e-11,1.66903368903348e-09
1.49833631515503,-4.03302893642739e-21,-7.7450594548889e-11,1.42122869029038e-09
1.50000298023224,4.31736580964396e-21,2.91463485291299e-11,-4.60166238447357e-10
1.50166964530945,-2.98723373721294e-22,-9.03675814734051e-11,1.66904734477669e-09
1.50333631038666,-4.03275145933715e-21,-7.7449727187151e-11,1.42121325819033e-09
1.50500297546387,4.32084053367218e-21,2.91462548540622e-11,-4.60164462090518e-10
1.50666964054108,-2.97354996662436e-22,-9.03683516906284e-11,1.66906100051989e-09
1.50833630561829,-4.03313273790074e-21,-7.74488598254131e-11,1.42119782609029e-09
1.5100029706955,4.32108489122618e-21,2.91461611789945e-11,-4.60162657978103e-10
1.51166963577271,-2.9789548628937e-22,-9.03691219078517e-11,1.66907465626309e-09
1.51333630084991,-4.03348735927663e-21,-7.74479924636751e-11,1.42118228296795e-09
1.51500308513641,4.31921202184121e-21,2.91460675039268e-11,-4.60160881621263e-10
1.51666975021362,-3.01006804186659e-22,-9.0369899063969e-11,1.66908820098399e-09
1.51833641529083,-4.03344293063045e-21,-7.74471251019371e-11,1.42116685086791e-09
1.52000308036804,4.31912033727137e-21,2.91459738288591e-11,-4.60159077508848e-10
1.52166974544525,-2.99535887831897e-22,-9.03706692811923e-11,1.6691018567272e-09
1.52333641052246,-4.0308046768408e-21,-7.74462577401991e-11,1.42115141876786e-09
1.52500307559967,4.31940629619407e-21,2.91458836232383e-11,-4.60157301152009e-10
1.52666974067688,-2.97565982244703e-22,-9.03714464373095e-11,1.6691155124704e-09
1.52833640575409,-4.03044884377456e-21,-7.74453903784611e-11,1.42113598666782e-09
1.5300030708313,4.32046935252817e-21,2.91457899481706e-11,-4.60155497039594e-10
1.53166973590851,-2.98048209760621e-22,-9.03722166545329e-11,1.6691291682136e-09
1.53333640098572,-4.03371959992713e-21,-7.74445230167231e-11,1.42112055456778e-09
1.53500306606293,4.32164913503269e-21,2.91456962731029e-11,-4.60153720682754e-10
1.53666973114014,-2.99419843237296e-22,-9.03729868717562e-11,1.6691428239568e-09
1.53833639621735,-4.03215530768474e-21,-7.74436556549851e-11,1.42110501144543e-09
1.54000306129456,4.32108246784548e-21,2.91456025980352e-11,-4.60151916570339e-10
1.54166972637177,-3.00183763516137e-22,-9.03737640278734e-11,1.66915647970001e-09
1.54333639144897,-4.03210522448359e-21,-7.74427882932471e-11,1.42108957934539e-09
1.54500305652618,4.31603133467136e-21,2.91455089229675e-11,-4.60150112457924e-10
1.54666972160339,-3.00495092205548e-22,-9.03745342450968e-11,1.66917013544321e-09
1.5483363866806,-4.03064473371455e-21,-7.74419209315091e-11,1.42107414724535e-09
1.55000305175781,4.32027750155602e-21,2.91454152478998e-11,-4.60148336101085e-10
1.55166971683502,-2.99782391087561e-22,-9.0375311401214e-11,1.66918379118641e-09
1.55333638191223,-4.03339325132608e-21,-7.74410535697712e-11,1.42105871514531e-09
1.55500316619873,4.31592874488836e-21,2.91453215728321e-11,-4.6014653198867e-10
1.55666983127594,-2.9966119680897e-22,-9.03760816184374e-11,1.66919733590731e-09
1.55833649635315,-4.03511910228186e-21,-7.74401862080332e-11,1.42104317202296e-09
1.56000316143036,4.31548243894262e-21,2.91452278977644e-11,-4.60144755631831e-10
1.56166982650757,-3.00307406418978e-22,-9.03768518356607e-11,1.66921099165052e-09
1.56333649158478,-4.03147110653354e-21,-7.74393188462952e-11,1.42102773992292e-09
1.56500315666199,4.31776607135638e-21,2.91451342226967e-11,-4.60142951519416e-10
1.5666698217392,-3.02359101104826e-22,-9.03776289917779e-11,1.66922464739372e-09
1.56833648681641,-4.03115647093921e-21,-7.74384514845572e-11,1.42101230782288e-09
1.57000315189362,4.31705278963677e-21,2.9145040547629e-11,-4.60141175162576e-10
1.57166981697083,-3.0088141947894e-22,-9.03783992090013e-11,1.66923830313692e-09
1.57333648204803,-4.03204504386285e-21,-7.74375841228192e-11,1.42099687572284e-09
1.57500314712524,4.3151286253603e-21,2.91449468725613e-11,-4.60139371050161e-10
1.57666981220245,-3.00205649673092e-22,-9.03791694262246e-11,1.66925195888012e-09
1.57833647727966,-4.03167467051241e-21,-7.74367098221873e-11,1.42098144362279e-09
1.58000314235687,4.3215243309266e-21,2.91448531974936e-11,-4.60137566937746e-10
1.58166980743408,-2.98847571982212e-22,-9.03799465823418e-11,1.66926561462333e-09
1.58333647251129,-4.03543494956654e-21,-7.74358424604493e-11,1.42096590050045e-09
1.5850031375885,4.31962197707644e-21,2.91447595224259e-11,-4.60135790580907e-10
1.58666980266571,-3.01499457288301e-22,-9.03807167995652e-11,1.66927927036653e-09
1.58833646774292,-4.03277286586667e-21,-7.74349750987113e-11,1.42095046840041e-09
1.59000313282013,4.32057800076292e-21,2.91446693168051e-11,-4.60133986468492e-10
1.59166979789734,-3.01504808920682e-22,-9.03814939556824e-11,1.66929281508743e-09
1.59333646297455,-4.03169648093871e-21,-7.74341077369733e-11,1.42093503630036e-09
1.59500324726105,4.3169493920602e-21,2.91445756417374e-11,-4.60132210111652e-10
1.59666991233826,-3.01338378202342e-22,-9.03822641729057e-11,1.66930647083063e-09
1.59833657741547,-4.03070531823207e-21,-7.74332403752354e-11,1.42091960420032e-09
1.60000324249268,4.31976172536352e-21,2.91444819666697e-11,-4.60130405999237e-10
1.60166990756989,-3.01964872600607e-22,-9.03830343901291e-11,1.66932012657384e-09
1.60333657264709,-4.03054739458973e-21,-7.74323730134974e-11,1.42090406107798e-09
1.6050032377243,4.31912235675528e-21,2.9144388291602e-11,-4.60128601886822e-10
1.60666990280151,-3.02308916929479e-22,-9.03838115462463e-11,1.66933378231704e-09
1.60833656787872,-4.03195295539622e-21,-7.74315056517594e-11,1.42088862897793e-09
1.61000323295593,4.31900401499773e-21,2.91442946165343e-11,-4.60126825529983e-10
1.61166989803314,-3.01483200442766e-22,-9.03845817634696e-11,1.66934743806024e-09
1.61333656311035,-4.0331949380054e-21,-7.74306382900214e-11,1.42087319687789e-09
1.61500322818756,4.31796034570923e-21,2.91442009414666e-11,-4.60125021417568e-10
1.61666989326477,-3.00775699495866e-22,-9.0385351980693e-11,1.66936109380345e-09
1.61833655834198,-4.03235806387004e-21,-7.74297709282834e-11,1.42085776477785e-09
1.62000322341919,4.3193638870318e-21,2.91441072663989e-11,-4.60123217305153e-10
1.6216698884964,-3.01879902814784e-22,-9.03861291368102e-11,1.66937474954665e-09
1.62333655357361,-4.0333415525378e-21,-7.74289035665454e-11,1.4208422216555e-09
1.62500321865082,4.3183593957313e-21,2.91440135913312e-11,-4.60121440948313e-10
1.62666988372803,-3.00440944793014e-22,-9.03868993540335e-11,1.66938829426755e-09
1.62833654880524,-4.03083537299635e-21,-7.74280362048074e-11,1.42082678955546e-09
1.63000321388245,4.32022216769668e-21,2.91439199162635e-11,-4.60119636835898e-10
1.63166987895966,-3.01860238090138e-22,-9.03876765101508e-11,1.66940195001075e-09
1.63333654403687,-4.03446196221515e-21,-7.74271688430694e-11,1.42081135745542e-09
1.63500332832336,4.31727493286768e-21,2.91438262411958e-11,-4.60117832723483e-10
1.63666999340057,-3.01424004320438e-22,-9.03884467273741e-11,1.66941560575395e-09
1.63833665847778,-4.03091776794018e-21,-7.74263014813314e-11,1.42079592535538e-09
1.64000332355499,4.31861344680811e-21,2.91437325661281e-11,-4.60116056366644e-10
1.6416699886322,-3.01828986576517e-22,-9.03892169445975e-11,1.66942926149716e-09
1.64333665370941,-4.0325228537577e-21,-7.74254341195935e-11,1.42078049325534e-09
1.64500331878662,4.32184583276624e-21,2.91436388910604e-11,-4.60114252254229e-10
1.64666998386383,-3.03404991825629e-22,-9.03899941007147e-11,1.66944291724036e-09
1.64833664894104,-4.03353421130352e-21,-7.74245667578555e-11,1.42076495013299e-09
1.65000331401825,4.31799265745191e-21,2.91435452159927e-11,-4.60112448141814e-10
1.65166997909546,-3.02453209055375e-22,-9.0390764317938e-11,1.66945657298356e-09
1.65333664417267,-4.03257293695885e-21,-7.74236993961175e-11,1.42074951803295e-09
1.65500330924988,4.31705036625607e-21,2.9143451540925e-11,-4.60110644029399e-10
1.65666997432709,-3.01362738227095e-22,-9.03915345351614e-11,1.66947011770446e-09
1.6583366394043,-4.03347806965061e-21,-7.74228320343795e-11,1.42073408593291e-09
1.66000330448151,4.3181982409147e-21,2.91433578658573e-11,-4.6010886767256e-10
1.66166996955872,-3.01061103060488e-22,-9.03923116912786e-11,1.66948377344767e-09
1.66333663463593,-4.03423981898424e-21,-7.74219646726415e-11,1.42071865383286e-09
1.66500329971313,4.31954806396506e-21,2.91432641907896e-11,-4.60107063560145e-10
1.66666996479034,-3.03282308177649e-22,-9.03930819085019e-11,1.66949742919087e-09
1.66833662986755,-4.0309319043276e-21,-7.74210973109035e-11,1.42070311071052e-09
1.67000329494476,4.32388066476138e-21,2.91431705157219e-11,-4.6010525944773e-10
1.67166996002197,-3.03066829243666e-22,-9.03938521257253e-11,1.66951108493407e-09
1.67333662509918,-4.03286414653973e-21,-7.74202299491655e-11,1.42068767861048e-09
1.67500340938568,4.32141568269184e-21,2.91430768406542e-11,-4.60103455335314e-10
1.67667007446289,-3.02908148294859e-22,-9.03946292818425e-11,1.66952474067728e-09
1.6783367395401,-4.03073076372943e-21,-7.74193625874275e-11,1.42067224651043e-09
1.68000340461731,4.31875279119841e-21,2.91429831655865e-11,-4.60101678978475e-10
1.68167006969452,-3.03231442426481e-22,-9.03953994990658e-11,1.66953839642048e-09
1.68333673477173,-4.03128087114852e-21,-7.74184952256896e-11,1.42065681441039e-09
1.68500339984894,4.31928674274616e-21,2.91428894905188e-11,-4.6009987486606e-10
1.68667006492615,-3.0330575943464e-22,-9.03961766551831e-11,1.66955194114138e-09
1.68833673000336,-4.03154542354169e-21,-7.74176278639516e-11,1.42064127128805e-09
1.69000339508057,4.32057234620795e-21,2.91427958154511e-11,-4.60098070753645e-10
1.69167006015778,-3.02460933581359e-22,-9.03969468724064e-11,1.66956559688458e-09
1.69333672523499,-4.03386379107883e-21,-7.74167605022136e-11,1.42062583918801e-09
1.69500339031219,4.31924473748068e-21,2.91427021403834e-11,-4.6009626664123e-10
1.6966700553894,-3.0244500490196e-22,-9.03977170896297e-11,1.66957925262778e-09
1.69833672046661,-4.03314687428817e-21,-7.74158862015817e-11,1.42061040708796e-09
1.70000338554382,4.31809080437029e-21,2.91426084653157e-11,-4.60094490284391e-10
1.70167005062103,-3.03317522928458e-22,-9.0398494245747e-11,1.66959290837099e-09
1.70333671569824,-4.03197638140966e-21,-7.74150188398437e-11,1.42059497498792e-09
1.70500338077545,4.31982432936496e-21,2.9142514790248e-11,-4.60092686171976e-10
1.70667004585266,-3.04559480294089e-22,-9.03992644629703e-11,1.66960656411419e-09
1.70833671092987,-4.03395386006154e-21,-7.74141514781057e-11,1.42057943186558e-09
1.71000337600708,4.31718728726566e-21,2.91424211151803e-11,-4.60090882059561e-10
1.71167004108429,-3.04912713274786e-22,-9.04000346801936e-11,1.66962021985739e-09
1.7133367061615,-4.03281527502893e-21,-7.74132841163677e-11,1.42056399976553e-09
1.71500337123871,4.31769336993536e-21,2.91423274401126e-11,-4.60089077947146e-10
1.71667015552521,-3.05346750855725e-22,-9.04008118363109e-11,1.66963376457829e-09
1.71833682060242,-4.03463604172883e-21,-7.74124167546297e-11,1.42054856766549e-09
1.72000348567963,4.32122140833899e-21,2.91422337650449e-11,-4.60087273834731e-10
1.72167015075684,-3.06807266868313e-22,-9.04015820535342e-11,1.6696474203215e-09
1.72333681583405,-4.03287303226897e-21,-7.74115493928917e-11,1.42053313556545e-09
1.72500348091125,4.31529947369971e-21,2.91421400899772e-11,-4.60085497477891e-10
1.72667014598846,-3.07700232169475e-22,-9.04023522707575e-11,1.6696610760647e-09
1.72833681106567,-4.03504922813832e-21,-7.74106820311538e-11,1.4205175924431e-09
1.73000347614288,4.31403285338674e-21,2.91420464149095e-11,-4.60083693365476e-10
1.73167014122009,-3.07200485630573e-22,-9.04031294268748e-11,1.6696747318079e-09
1.7333368062973,-4.03504397748014e-21,-7.74098146694158e-11,1.42050216034306e-09
1.73500347137451,4.31630396500021e-21,2.91419527398418e-11,-4.60081889253061e-10
1.73667013645172,-3.07045843649601e-22,-9.04038996440981e-11,1.6696883875511e-09
1.73833680152893,-4.03758246876427e-21,-7.74089473076778e-11,1.42048672824302e-09
1.74000346660614,4.31531724515818e-21,2.91418555953271e-11,-4.60080085140646e-10
1.74167013168335,-3.07635936850255e-22,-9.04046698613215e-11,1.66970193227201e-09
1.74333679676056,-4.03505407489973e-21,-7.74080799459398e-11,1.42047129614298e-09
1.74500346183777,4.31471018829262e-21,2.91417619202594e-11,-4.60078281028231e-10
1.74667012691498,-3.07477811259526e-22,-9.04054470174387e-11,1.66971558801521e-09
1.74833679199219,-4.03390741193145e-21,-7.74072125842018e-11,1.42045575302063e-09
1.7500034570694,4.31511731625036e-21,2.91416682451917e-11,-4.60076476915816e-10
1.75167012214661,-3.06816581737882e-22,-9.0406217234662e-11,1.66972924375841e-09
1.75333678722382,-4.03249579267321e-21,-7.74063452224638e-11,1.42044032092059e-09
1.75500345230103,4.31804072116914e-21,2.9141574570124e-11,-4.60074700558977e-10
1.75667023658752,-3.0659156074239e-22,-9.04069874518854e-11,1.66974289950161e-09
1.75833690166473,-4.03617731185456e-21,-7.74054778607258e-11,1.42042488882055e-09
1.76000356674194,4.31623368695988e-21,2.91414808950563e-11,-4.60072896446562e-10
1.76167023181915,-3.05247240785697e-22,-9.04077646080026e-11,1.66975655524482e-09
1.76333689689636,-4.03789589266824e-21,-7.74046104989878e-11,1.42040945672051e-09
1.76500356197357,4.3149941277314e-21,2.91413872199886e-11,-4.60071092334147e-10
1.76667022705078,-3.06967740109097e-22,-9.04085348252259e-11,1.66977021098802e-09
1.76833689212799,-4.03453627922331e-21,-7.74037431372498e-11,1.42039391359816e-09
1.7700035572052,4.31562137943614e-21,2.91412935449209e-11,-4.60069288221732e-10
1.77167022228241,-3.06652473426047e-22,-9.04093050424493e-11,1.66978375570892e-09
1.77333688735962,-4.03416065521468e-21,-7.74028757755119e-11,1.42037848149812e-09
1.77500355243683,4.31471947791864e-21,2.91411998698532e-11,-4.60067484109317e-10
1.77667021751404,-3.08595015006161e-22,-9.04100821985665e-11,1.66979741145212e-09
1.77833688259125,-4.03377735716717e-21,-7.74020084137739e-11,1.42036304939808e-09
1.78000354766846,4.31634798974961e-21,2.91411061947855e-11,-4.60065679996902e-10
1.78167021274567,-3.08001791605435e-22,-9.04108524157898e-11,1.66981106719533e-09
1.78333687782288,-4.03447529080901e-21,-7.7401134113142e-11,1.42034761729803e-09
1.78500354290009,4.3130513842029e-21,2.91410125197178e-11,-4.60063875884487e-10
1.78667020797729,-3.08133260008456e-22,-9.04116226330132e-11,1.66982472293853e-09
1.7883368730545,-4.03389004436976e-21,-7.7400266751404e-11,1.42033207417569e-09
1.79000353813171,4.31588108506791e-21,2.91409188446501e-11,-4.60062071772072e-10
1.79167020320892,-3.07387540328419e-22,-9.04123997891304e-11,1.66983837868173e-09
1.79333686828613,-4.03634573681327e-21,-7.7399399389666e-11,1.42031664207565e-09
1.79500353336334,4.31459709719325e-21,2.91408251695824e-11,-4.60060267659657e-10
1.79667031764984,-3.08241049962545e-22,-9.04131700063537e-11,1.66985192340263e-09
1.79833698272705,-4.03490988374803e-21,-7.7398532027928e-11,1.42030120997561e-09
1.80000364780426,4.31599821513512e-21,2.91407314945147e-11,-4.60058463547242e-10
1.80167031288147,-3.0779762178139e-22,-9.04139402235771e-11,1.66986557914583e-09
1.80333697795868,-4.03493411755503e-21,-7.739766466619e-11,1.42028577787556e-09
1.80500364303589,4.31409101452356e-21,2.9140637819447e-11,-4.60056659434827e-10
1.8066703081131,-3.09728854251566e-22,-9.04147173796943e-11,1.66987923488904e-09
1.80833697319031,-4.03379189745137e-21,-7.7396797304452e-11,1.42027023475322e-09
1.81000363826752,4.31523969697576e-21,2.91405406749323e-11,-4.60054855322412e-10
1.81167030334473,-3.08656710239837e-22,-9.04154875969176e-11,1.66989289063224e-09
1.81333696842194,-4.03557671733754e-21,-7.7395929942714e-11,1.42025480265318e-09
1.81500363349915,4.31530593604825e-21,2.91404469998646e-11,-4.60053051209997e-10
1.81667029857635,-3.08016306646091e-22,-9.0416257814141e-11,1.66990654637544e-09
1.81833696365356,-4.03497491113016e-21,-7.73950625809761e-11,1.42023937055313e-09
1.82000362873077,4.31567025094694e-21,2.91403533247969e-11,-4.60051274853157e-10
1.82167029380798,-3.0764780131827e-22,-9.04170349702582e-11,1.66992009109634e-09
1.82333695888519,-4.03620679631976e-21,-7.73941952192381e-11,1.42022382743079e-09
1.8250036239624,4.3145054126234e-21,2.91402596497292e-11,-4.60049470740742e-10
1.82667028903961,-3.10137269630305e-22,-9.04178051874815e-11,1.66993374683955e-09
1.82833695411682,-4.03759337397742e-21,-7.73933278575001e-11,1.42020839533075e-09
1.83000361919403,4.3179708470256e-21,2.91401659746615e-11,-4.60047666628327e-10
1.83167028427124,-3.08878096164278e-22,-9.04185754047049e-11,1.66994740258275e-09
1.83333694934845,-4.03691361569084e-21,-7.73924604957621e-11,1.4201929632307e-09
1.83500361442566,4.31464879598153e-21,2.91400722995938e-11,-4.60045862515912e-10
1.83667039871216,-3.09532106030917e-22,-9.04193525608221e-11,1.66996105832595e-09
1.83833706378937,-4.03671287898945e-21,-7.73915931340241e-11,1.42017753113066e-09
1.84000372886658,4.31590410718457e-21,2.91399786245261e-11,-4.60044058403497e-10
1.84167039394379,-3.09391575193817e-22,-9.04201227780455e-11,1.66997471406916e-09
1.843337059021,-4.03783530815072e-21,-7.73907257722861e-11,1.42016198800832e-09
1.84500372409821,4.31610605557631e-21,2.91398849494584e-11,-4.60042254291082e-10
1.84667038917542,-3.09186673306852e-22,-9.04208929952688e-11,1.66998825879006e-09
1.84833705425262,-4.03614540400867e-21,-7.73898584105481e-11,1.42014655590827e-09
1.85000371932983,4.31318790131571e-21,2.91397912743907e-11,-4.60040450178667e-10
1.85167038440704,-3.09102511314595e-22,-9.0421670151386e-11,1.67000191453326e-09
1.85333704948425,-4.03846336764902e-21,-7.73889910488101e-11,1.42013112380823e-09
1.85500371456146,4.31464354532335e-21,2.9139694129876e-11,-4.60038646066252e-10
1.85667037963867,-3.09338841420025e-22,-9.04224403686094e-11,1.67001557027646e-09
1.85833704471588,-4.03499268258864e-21,-7.73881167481782e-11,1.42011569170819e-09
1.86000370979309,4.31670705399011e-21,2.91396004548083e-11,-4.60036841953837e-10
1.8616703748703,-3.09933528946591e-22,-9.04232105858327e-11,1.67002922601966e-09
1.86333703994751,-4.03504882424154e-21,-7.73872493864403e-11,1.42010014858585e-09
1.86500370502472,4.31083116358415e-21,2.91395067797406e-11,-4.60035010085846e-10
1.86667037010193,-3.10148402035399e-22,-9.04239877419499e-11,1.67004288176287e-09
1.86833703517914,-4.03683970257946e-21,-7.73863820247023e-11,1.4200847164858e-09
1.87000370025635,4.31364632416495e-21,2.91394131046729e-11,-4.60033205973431e-10
1.87167036533356,-3.09444561403099e-22,-9.04247579591733e-11,1.67005642648377e-09
1.87333703041077,-4.03685908962507e-21,-7.73855146629643e-11,1.42006928438576e-09
1.87500369548798,4.31366773069448e-21,2.91393194296052e-11,-4.60031401861016e-10
1.87667036056519,-3.10040763542604e-22,-9.04255281763966e-11,1.67007008222697e-09
1.87833714485168,-4.03822870361782e-21,-7.73846473012263e-11,1.42005385228572e-09
1.88000380992889,4.3142465147852e-21,2.91392257545375e-11,-4.60029597748601e-10
1.8816704750061,-3.11175587286418e-22,-9.04263053325138e-11,1.67008373797017e-09
1.88333714008331,-4.03755621547334e-21,-7.73837799394883e-11,1.42003830916337e-09
1.88500380516052,4.31637141576305e-21,2.91391320794698e-11,-4.60027793636186e-10
1.88667047023773,-3.11152666143956e-22,-9.04270755497372e-11,1.67009739371338e-09
1.88833713531494,-4.03497006436876e-21,-7.73829125777503e-11,1.42002287706333e-09
1.89000380039215,4.31910216191611e-21,2.91390349349552e-11,-4.60025989523771e-10
1.89167046546936,-3.09848003802691e-22,-9.04278457669605e-11,1.67011104945658e-09
1.89333713054657,-4.03583601907253e-21,-7.73820452160123e-11,1.42000744496329e-09
1.89500379562378,4.31374851005117e-21,2.91389412598875e-11,-4.60024185411356e-10
1.89667046070099,-3.09493710592938e-22,-9.04286229230777e-11,1.67012459417748e-09
1.8983371257782,-4.03487918759248e-21,-7.73811778542743e-11,1.41999190184094e-09
1.90000379085541,4.31488547949665e-21,2.91388475848198e-11,-4.60022381298941e-10
1.90167045593262,-3.09462459079317e-22,-9.04293931403011e-11,1.67013824992068e-09
1.90333712100983,-4.03781309382763e-21,-7.73803104925364e-11,1.4199764697409e-09
1.90500378608704,4.31662344735594e-21,2.91387539097521e-11,-4.60020577186526e-10
1.90667045116425,-3.09800823609672e-22,-9.04301633575244e-11,1.67015190566389e-09
1.90833711624146,-4.03391427817676e-21,-7.73794431307984e-11,1.41996103764086e-09
1.91000378131866,4.31651358743083e-21,2.91386602346844e-11,-4.60018773074111e-10
1.91167044639587,-3.10928680133971e-22,-9.04309405136416e-11,1.67016556140709e-09
1.91333711147308,-4.03540142613351e-21,-7.73785757690604e-11,1.41994560554082e-09
1.91500377655029,4.31903834622432e-21,2.91385665596167e-11,-4.60016968961696e-10
1.9166704416275,-3.09332151879549e-22,-9.0431710730865e-11,1.67017910612799e-09
1.918337225914,-4.03426809175909e-21,-7.73777014684285e-11,1.41993006241847e-09
1.92000389099121,4.31382525044003e-21,2.9138469415102e-11,-4.60015164849281e-10
1.92167055606842,-3.09182230442233e-22,-9.04324809480883e-11,1.67019276187119e-09
1.92333722114563,-4.03253941352582e-21,-7.73768341066905e-11,1.41991463031843e-09
1.92500388622284,4.32010422983591e-21,2.91383757400343e-11,-4.60013332981291e-10
1.92667055130005,-3.09373147403071e-22,-9.04332511653116e-11,1.67020641761439e-09
1.92833721637726,-4.03300752989787e-21,-7.73759667449525e-11,1.41989919821839e-09
1.93000388145447,4.31830486966553e-21,2.91382820649666e-11,-4.60011528868876e-10
1.93167054653168,-3.09327330361696e-22,-9.04340283214289e-11,1.6702200733576e-09
1.93333721160889,-4.0369976262218e-21,-7.73750993832145e-11,1.41988365509604e-09
1.9350038766861,4.31500018618316e-21,2.91381883898989e-11,-4.60009724756461e-10
1.93667054176331,-3.09491893057413e-22,-9.04347985386522e-11,1.6702337291008e-09
1.93833720684052,-4.03712000694719e-21,-7.73742320214765e-11,1.419868222996e-09
1.94000387191772,4.31613755952542e-21,2.91380947148312e-11,-4.60007920644045e-10
1.94167053699493,-3.09952158685729e-22,-9.04355687558756e-11,1.6702472738217e-09
1.94333720207214,-4.03448336874468e-21,-7.73733646597385e-11,1.41985279089596e-09
1.94500386714935,4.3141168639177e-21,2.91379975703165e-11,-4.6000611653163e-10
1.94667053222656,-3.09952108198631e-22,-9.04363459119928e-11,1.6702609295649e-09
1.94833719730377,-4.03422649039039e-21,-7.73724972980006e-11,1.41983735879592e-09
1.95000386238098,4.31689123092338e-21,2.91379038952488e-11,-4.60004312419215e-10
1.95167052745819,-3.10126490634896e-22,-9.04371161292161e-11,1.67027458530811e-09
1.9533371925354,-4.03536830659727e-21,-7.73716299362626e-11,1.41982181567357e-09
1.95500385761261,4.31419360430656e-21,2.91378102201811e-11,-4.600025083068e-10
1.95667052268982,-3.11818313286669e-22,-9.04378863464395e-11,1.67028824105131e-09
1.95833730697632,-4.03576937610326e-21,-7.73707625745246e-11,1.41980638357353e-09
1.96000397205353,4.31736904081823e-21,2.91377165451134e-11,-4.6000067643881e-10
1.96167063713074,-3.11227614240839e-22,-9.04386635025567e-11,1.67030178577221e-09
1.96333730220795,-4.03509244509416e-21,-7.73698952127866e-11,1.41979095147349e-09
1.96500396728516,4.31717234308468e-21,2.91376228700457e-11,-4.59998872326395e-10
1.96667063236237,-3.11096675952347e-22,-9.043943371978e-11,1.67031544151541e-09
1.96833729743958,-4.03479921602935e-21,-7.73690278510486e-11,1.41977540835114e-09
1.97000396251678,4.31713235730311e-21,2.91375257255311e-11,-4.5999706821398e-10
1.97167062759399,-3.11544168344887e-22,-9.04402039370034e-11,1.67032909725862e-09
1.9733372926712,-4.03676619336487e-21,-7.73681604893106e-11,1.4197599762511e-09
1.97500395774841,4.31510035258546e-21,2.91374320504634e-11,-4.59995264101565e-10
1.97667062282562,-3.1234201595354e-22,-9.04409810931206e-11,1.67034275300182e-09
1.97833728790283,-4.03684656882478e-21,-7.73672861886787e-11,1.41974454415106e-09
1.98000395298004,4.3164679470943e-21,2.91373383753957e-11,-4.5999345998915e-10
1.98167061805725,-3.14495189706235e-22,-9.04417513103439e-11,1.67035629772272e-09
1.98333728313446,-4.03542969890836e-21,-7.73664188269407e-11,1.41972911205102e-09
1.98500394821167,4.31588148896469e-21,2.9137244700328e-11,-4.59991628121159e-10
1.98667061328888,-3.12715797183095e-22,-9.04425215275673e-11,1.67036995346592e-09
1.98833727836609,-4.03725692795679e-21,-7.73655514652027e-11,1.41971356892867e-09
1.9900039434433,4.31595297869537e-21,2.91371510252603e-11,-4.59989824008744e-10
1.99167060852051,-3.1266215464154e-22,-9.04432917447906e-11,1.67038360920913e-09
1.99333727359772,-4.0377626067297e-21,-7.73646841034648e-11,1.41969813682863e-09
1.99500393867493,4.31583261745389e-21,2.91370538807456e-11,-4.59988019896329e-10
1.99667060375214,-3.1231732776265e-22,-9.04440689009078e-11,1.67039726495233e-09
1.99833738803864,-4.03692855987182e-21,-7.73638167417268e-11,1.41968270472859e-09
2.00000405311584,4.31541094921195e-21,2.91369602056779e-11,-4.59986215783914e-10
2.00167059898376,-3.12158167186413e-22,-9.04448391181312e-11,1.67041092069553e-09
2.00333738327026,-4.03756833237685e-21,-7.73629493799888e-11,1.41966716160624e-09
2.00500392913818,4.31612948158975e-21,2.91368665306102e-11,-4.59984383915923e-10
2.00667071342468,-3.13176441464646e-22,-9.04456093353545e-11,1.67042446541643e-09
2.0083372592926,-4.03327329398139e-21,-7.73620820182508e-11,1.4196517295062e-09
2.0100040435791,4.31747647736263e-21,2.91367728555425e-11,-4.59982579803508e-10
2.01167058944702,-3.14769157943175e-22,-9.04463864914717e-11,1.67043812115963e-09
2.01333737373352,-4.03416671366644e-21,-7.73612146565128e-11,1.41963629740616e-09
2.01500391960144,4.31050602667345e-21,2.91366757110278e-11,-4.59980775691093e-10
2.01667070388794,-3.14260147021803e-22,-9.04471567086951e-11,1.67045177690284e-09
2.01833748817444,-4.034656236568e-21,-7.73603472947748e-11,1.41962086530611e-09
2.02000403404236,4.31236274018708e-21,2.91365820359601e-11,-4.59978971578678e-10
2.02167081832886,-3.13531012353438e-22,-9.04479269259184e-11,1.67046543264604e-09
2.02333736419678,-4.0380215045679e-21,-7.73594799330368e-11,1.41960532218377e-09
2.02500414848328,4.31073018938828e-21,2.91364883608924e-11,-4.59977139710688e-10
2.0266706943512,-3.14516621479308e-22,-9.04486971431417e-11,1.67047897736694e-09
2.0283374786377,-4.03675649984206e-21,-7.73586056324049e-11,1.41958989008373e-09
2.03000402450562,4.31397671173384e-21,2.91363946858247e-11,-4.59975335598273e-10
2.03167080879211,-3.13729174212829e-22,-9.0449474299259e-11,1.67049263311014e-09
2.03333735466003,-4.03736113332692e-21,-7.73577382706669e-11,1.41957445798369e-09
2.03500413894653,4.31306228941605e-21,2.91362975413101e-11,-4.59973531485858e-10
2.03667068481445,-3.13702416050924e-22,-9.04502445164823e-11,1.67050628885335e-09
2.03833746910095,-4.03555692639515e-21,-7.7356870908929e-11,1.41955891486134e-09
2.04000401496887,4.3157591082393e-21,2.91362038662424e-11,-4.59971699617867e-10
2.04167079925537,-3.14194816717076e-22,-9.04510147337056e-11,1.67051994459655e-09
2.04333734512329,-4.04040974624858e-21,-7.7356003547191e-11,1.4195434827613e-09
2.04500412940979,4.31302997767337e-21,2.91361101911747e-11,-4.59969895505452e-10
2.04667067527771,-3.14632388394871e-22,-9.04517918898229e-11,1.67053348931745e-09
2.04833745956421,-4.03635987320069e-21,-7.7355136185453e-11,1.41952805066126e-09
2.05000400543213,4.31594893972753e-21,2.9136016516107e-11,-4.59968091393037e-10
2.05167078971863,-3.14055219891288e-22,-9.04525621070462e-11,1.67054714506065e-09
2.05333733558655,-4.03624758989489e-21,-7.7354268823715e-11,1.41951250753891e-09
2.05500411987305,4.31242978705313e-21,2.91359193715923e-11,-4.59966259525046e-10
2.05667066574097,-3.14889140531415e-22,-9.04533323242696e-11,1.67056080080386e-09
2.05833745002747,-4.03396274579078e-21,-7.7353401461977e-11,1.41949707543887e-09
2.06000423431396,4.31419118092586e-21,2.91358256965246e-11,-4.59964455412631e-10
2.06167078018188,-3.14437987824276e-22,-9.04541025414929e-11,1.67057445654706e-09
2.06333756446838,-4.03503589954447e-21,-7.7352534100239e-11,1.41948164333883e-09
2.0650041103363,4.31365520989419e-21,2.91357320214569e-11,-4.59962651300216e-10
2.0666708946228,-3.14405322671912e-22,-9.04548796976101e-11,1.67058800126796e-09
2.06833744049072,-4.03642409278927e-21,-7.7351666738501e-11,1.41946621123878e-09
2.07000422477722,4.31541418038622e-21,2.91356383463892e-11,-4.59960819432226e-10
2.07167077064514,-3.13841659467027e-22,-9.04556499148335e-11,1.67060165701116e-09
2.07333755493164,-4.03813055669944e-21,-7.7350799376763e-11,1.41945066811644e-09
2.07500410079956,4.31233325572188e-21,2.91355412018746e-11,-4.59959015319811e-10
2.07667088508606,-3.15230710992489e-22,-9.04564201320568e-11,1.67061531275436e-09
2.07833743095398,-4.03800413700621e-21,-7.73499250761311e-11,1.4194352360164e-09
2.08000421524048,4.31144952955964e-21,2.91354475268069e-11,-4.59957211207396e-10
2.0816707611084,-3.16174314852878e-22,-9.0457197288174e-11,1.67062896849757e-09
2.0833375453949,-4.03899287633216e-21,-7.73490577143932e-11,1.41941980391636e-09
2.08500409126282,4.31301139842133e-21,2.91353538517392e-11,-4.59955379339405e-10
2.08667087554932,-3.18358235248215e-22,-9.04579675053974e-11,1.67064251321847e-09
2.08833742141724,-4.04201281258218e-21,-7.73481903526552e-11,1.41940426079401e-09
2.09000420570374,4.31192249269309e-21,2.91352567072245e-11,-4.5995357522699e-10
2.09167075157166,-3.16725532988123e-22,-9.04587377226207e-11,1.67065616896167e-09
2.09333753585815,-4.03954096426733e-21,-7.73473229909172e-11,1.41938882869397e-09
2.09500408172607,4.30908309830527e-21,2.91351630321568e-11,-4.59951771114575e-10
2.09667086601257,-3.17729620391837e-22,-9.0459507939844e-11,1.67066982470487e-09
2.09833741188049,-4.03793870572729e-21,-7.73464556291792e-11,1.41937339659393e-09
2.10000419616699,4.3084691751944e-21,2.91350693570891e-11,-4.59949939246584e-10
2.10167098045349,-3.1704625227775e-22,-9.04602850959613e-11,1.67068348044808e-09
2.10333752632141,-4.0398446946485e-21,-7.73455882674412e-11,1.41935785347158e-09
2.10500431060791,4.31028792241038e-21,2.91349756820214e-11,-4.59948135134169e-10
2.10667085647583,-3.18633894802936e-22,-9.04610553131846e-11,1.67069702516898e-09
2.10833764076233,-4.04125469831961e-21,-7.73447209057032e-11,1.41934242137154e-09
2.11000418663025,4.30874422890394e-21,2.91348785375067e-11,-4.59946303266179e-10
2.11167097091675,-3.18306334511539e-22,-9.04618255304079e-11,1.67071068091218e-09
2.11333751678467,-4.04067470253854e-21,-7.73438535439652e-11,1.4193269892715e-09
2.11500430107117,4.30997651799032e-21,2.9134784862439e-11,-4.59944499153764e-10
2.11667084693909,-3.19545944227116e-22,-9.04625957476313e-11,1.67072433665538e-09
2.11833763122559,-4.04209601531958e-21,-7.73429861822272e-11,1.41931144614915e-09
2.12000417709351,4.30723203934662e-21,2.91346911873713e-11,-4.59942695041349e-10
2.12167096138,-3.19734639755645e-22,-9.04633729037485e-11,1.67073788137628e-09
2.12333750724792,-4.03861523283961e-21,-7.73421118815953e-11,1.41929601404911e-09
2.12500429153442,4.3091606464877e-21,2.91345940428567e-11,-4.59940863173358e-10
2.12667083740234,-3.19359495374445e-22,-9.04641431209718e-11,1.67075153711949e-09
2.12833762168884,-4.0390772907599e-21,-7.73412445198574e-11,1.41928058194907e-09
2.13000416755676,4.31150567121255e-21,2.9134500367789e-11,-4.59939059060943e-10
2.13167095184326,-3.173676026561e-22,-9.04649133381952e-11,1.67076519286269e-09
2.13333749771118,-4.04027322913577e-21,-7.73403771581194e-11,1.41926514984902e-09
2.13500428199768,4.313972672766e-21,2.91344066927213e-11,-4.59937227192952e-10
2.1366708278656,-3.18073866669101e-22,-9.04656904943124e-11,1.67077884860589e-09
2.1383376121521,-4.03976028022075e-21,-7.73395097963814e-11,1.41924960672668e-09
2.1400043964386,4.3113845021775e-21,2.91343095482066e-11,-4.59935423080537e-10
2.14167094230652,-3.18003109001347e-22,-9.04664607115357e-11,1.67079239332679e-09
2.14333772659302,-4.0382977699678e-21,-7.73386424346434e-11,1.41923417462664e-09
2.14500427246094,4.31271736156297e-21,2.91342158731389e-11,-4.59933591212547e-10
2.14667105674744,-3.18122233308922e-22,-9.04672309287591e-11,1.67080604906999e-09
2.14833760261536,-4.03890846190441e-21,-7.73377750729054e-11,1.4192187425266e-09
2.15000438690186,4.31154282971663e-21,2.91341221980712e-11,-4.59931787100132e-10
2.15167093276978,-3.19055487314235e-22,-9.04680011459824e-11,1.6708197048132e-09
2.15333771705627,-4.04052001007047e-21,-7.73369077111674e-11,1.41920319940425e-09
2.15500426292419,4.30969298244832e-21,2.91340250535566e-11,-4.59929955232141e-10
2.15667104721069,-3.18900870576812e-22,-9.04687783020997e-11,1.6708333605564e-09
2.15833759307861,-4.03821779840467e-21,-7.73360403494294e-11,1.41918776730421e-09
2.16000437736511,4.31197621096529e-21,2.91339313784889e-11,-4.59928151119726e-10
2.16167092323303,-3.18482988867211e-22,-9.0469548519323e-11,1.6708469052773e-09
2.16333770751953,-4.04162911063789e-21,-7.73351729876914e-11,1.41917233520417e-09
2.16500425338745,4.31292213723219e-21,2.91338377034212e-11,-4.59926319251736e-10
2.16667103767395,-3.18409631113912e-22,-9.04703187365463e-11,1.6708605610205e-09
2.16833758354187,-4.03987337132013e-21,-7.73342986870595e-11,1.41915679208182e-09
2.17000436782837,4.31463465959411e-21,2.91337405589065e-11,-4.59924515139321e-10
2.17167091369629,-3.19879764918657e-22,-9.04710889537697e-11,1.67087421676371e-09
2.17333769798279,-4.03934992108875e-21,-7.73334313253216e-11,1.41914135998178e-09
2.17500424385071,4.31120557590243e-21,2.91336468838388e-11,-4.5992268327133e-10
2.17667102813721,-3.20400514090298e-22,-9.04718661098869e-11,1.67088776148461e-09
2.17833757400513,-4.03845084684873e-21,-7.73325639635836e-11,1.41912592788174e-09
2.18000435829163,4.3122985205985e-21,2.91335532087711e-11,-4.59920879158915e-10
2.18167114257812,-3.20070000303672e-22,-9.04726363271102e-11,1.67090141722781e-09
2.18333768844604,-4.03817135027457e-21,-7.73316966018456e-11,1.41911038475939e-09
2.18500447273254,4.31131826310502e-21,2.91334560642564e-11,-4.59919047290924e-10
2.18667101860046,-3.19348236751606e-22,-9.04734065443336e-11,1.67091507297101e-09
2.18833780288696,-4.03588287109941e-21,-7.73308292401076e-11,1.41909495265935e-09
2.19000434875488,4.31347224465128e-21,2.91333623891887e-11,-4.59917243178509e-10
2.19167113304138,-3.1944638366999e-22,-9.04741767615569e-11,1.67092872871422e-09
2.1933376789093,-4.03941171729662e-21,-7.73299618783696e-11,1.41907952055931e-09
2.1950044631958,4.3105977112433e-21,2.9133268714121e-11,-4.59915411310519e-10
2.19667100906372,-3.18694580294653e-22,-9.04749539176741e-11,1.67094227343512e-09
2.19833779335022,-4.04065208431866e-21,-7.73290945166316e-11,1.41906397743696e-09
2.20000433921814,4.31211313197489e-21,2.91331715696064e-11,-4.59913607198104e-10
2.20167112350464,-3.18388603237623e-22,-9.04757241348975e-11,1.67095592917832e-09
2.20333766937256,-4.03901064779063e-21,-7.73282271548936e-11,1.41904854533692e-09
2.20500445365906,4.31319355587068e-21,2.91330778945387e-11,-4.59911775330113e-10
2.20667099952698,-3.18878807715014e-22,-9.04764943521208e-11,1.67096958492152e-09
2.20833778381348,-4.03663250352954e-21,-7.73273528542617e-11,1.41903311323688e-09
2.2100043296814,4.3120836475097e-21,2.9132980750024e-11,-4.59909971217698e-10
2.2116711139679,-3.18891909116928e-22,-9.04772645693441e-11,1.67098312964242e-09
2.21333765983582,-4.03846215595867e-21,-7.73264854925237e-11,1.41901757011453e-09
2.21500444412231,4.31265718094223e-21,2.91328870749563e-11,-4.59908139349707e-10
2.21667098999023,-3.20095041904248e-22,-9.04780417254614e-11,1.67099678538563e-09
2.21833777427673,-4.03744070099327e-21,-7.73256181307858e-11,1.41900213801449e-09
2.22000455856323,4.31184938737528e-21,2.91327933998886e-11,-4.59906307481717e-10
2.22167110443115,-3.18394333523238e-22,-9.04788119426847e-11,1.67101044112883e-09
2.22333788871765,-4.03775008592941e-21,-7.73247507690478e-11,1.41898670591445e-09
2.22500443458557,4.31453610877895e-21,2.9132696255374e-11,-4.59904503369302e-10
2.22667121887207,-3.192579658205e-22,-9.0479582159908e-11,1.67102409687203e-09
2.22833776473999,-4.03778280156887e-21,-7.73238834073098e-11,1.4189711627921e-09
2.23000454902649,4.31182071070366e-21,2.91326025803063e-11,-4.59902671501311e-10
2.23167109489441,-3.19597365336362e-22,-9.04803523771314e-11,1.67103764159293e-09
2.23333787918091,-4.03715191479309e-21,-7.73230160455718e-11,1.41895573069206e-09
2.23500442504883,4.3141241340598e-21,2.91325089052386e-11,-4.59900867388896e-10
2.23667120933533,-3.19164640419968e-22,-9.04811295332486e-11,1.67105129733613e-09
2.23833775520325,-4.03900943610028e-21,-7.73221486838338e-11,1.41894029859202e-09
2.24000453948975,4.31218341001521e-21,2.91324117607239e-11,-4.59899035520905e-10
2.24167108535767,-3.19469203838256e-22,-9.04818997504719e-11,1.67106495307934e-09
2.24333786964417,-4.03777028076858e-21,-7.73212813220958e-11,1.41892475546967e-09
2.24500441551208,4.31293990869066e-21,2.91323180856562e-11,-4.59897203652915e-10
2.24667119979858,-3.20817285083745e-22,-9.04826699676953e-11,1.67107849780024e-09
2.2483377456665,-4.03567284477201e-21,-7.73204070214639e-11,1.41890932336963e-09
2.250004529953,4.31375335681257e-21,2.91322209411415e-11,-4.598953995405e-10
2.25167107582092,-3.20664031497966e-22,-9.04834401849186e-11,1.67109215354344e-09
2.25333786010742,-4.03730256829332e-21,-7.73195396597259e-11,1.41889389126959e-09
2.25500440597534,4.31163249480256e-21,2.91321272660738e-11,-4.59893567672509e-10
2.25667119026184,-3.19809613096077e-22,-9.04842173410358e-11,1.67110580928664e-09
2.25833773612976,-4.03787165886123e-21,-7.73186722979879e-11,1.41887834814725e-09
2.26000452041626,4.3128021798875e-21,2.91320335910061e-11,-4.59891763560094e-10
2.26167130470276,-3.2036062928293e-22,-9.04849875582592e-11,1.67111946502985e-09
2.26333785057068,-4.03844357670663e-21,-7.731780493625e-11,1.4188629160472e-09
2.26500463485718,4.31073342056255e-21,2.91319364464915e-11,-4.59889931692103e-10
2.2666711807251,-3.20720400342809e-22,-9.04857577754825e-11,1.67113300975075e-09
2.2683379650116,-4.03742252563801e-21,-7.7316937574512e-11,1.41884748394716e-09
2.27000451087952,4.31325212090428e-21,2.91318427714238e-11,-4.59888099824113e-10
2.27167129516602,-3.20912352289155e-22,-9.04865279927058e-11,1.67114666549395e-09
2.27333784103394,-4.03736880736581e-21,-7.7316070212774e-11,1.41883194082482e-09
2.27500462532043,4.30966107460242e-21,2.91317456269091e-11,-4.59886295711698e-10
2.27667117118835,-3.20412479532509e-22,-9.04873051488231e-11,1.67116032123715e-09
2.27833795547485,-4.03847952352036e-21,-7.7315202851036e-11,1.41881650872477e-09
2.28000450134277,4.30935088187272e-21,2.91316519518414e-11,-4.59884463843707e-10
2.28167128562927,-3.20160902323503e-22,-9.04880753660464e-11,1.67117386595805e-09
2.28333783149719,-4.04008339764753e-21,-7.7314335489298e-11,1.41880107662473e-09
2.28500461578369,4.31298231785292e-21,2.91315548073268e-11,-4.59882631975717e-10
2.28667116165161,-3.2089755956946e-22,-9.04888455832698e-11,1.67118752170126e-09
2.28833794593811,-4.03978087895671e-21,-7.73134611886661e-11,1.41878553350239e-09
2.29000449180603,4.3078653495031e-21,2.91314611322591e-11,-4.59880827863302e-10
2.29167127609253,-3.21795851259453e-22,-9.04896158004931e-11,1.67120117744446e-09
2.29333782196045,-4.03694511963995e-21,-7.73125938269281e-11,1.41877010140234e-09
2.29500460624695,4.30949264964372e-21,2.91313674571914e-11,-4.59878995995311e-10
2.29667115211487,-3.22639743101423e-22,-9.04903929566103e-11,1.67121472216536e-09
2.29833793640137,-4.0365161812559e-21,-7.73117264651901e-11,1.4187546693023e-09
2.30000448226929,4.30960008618812e-21,2.91312703126767e-11,-4.5987716412732e-10
2.30167126655579,-3.22742080448935e-22,-9.04911631738337e-11,1.67122837790856e-09
2.30333805084229,-4.03960801113339e-21,-7.73108591034521e-11,1.41873912617996e-09
2.30500459671021,4.31265233418083e-21,2.9131176637609e-11,-4.59875360014905e-10
2.3066713809967,-3.20426817868322e-22,-9.0491933391057e-11,1.67124203365177e-09
2.30833792686462,-4.0405095087541e-21,-7.73099917417142e-11,1.41872369407992e-09
2.31000471115112,4.31302553480876e-21,2.91310794930943e-11,-4.59873528146915e-10
2.31167125701904,-3.20077952021597e-22,-9.04927036082803e-11,1.67125568939497e-09
2.31333804130554,-4.03798515385739e-21,-7.73091243799762e-11,1.41870826197987e-09
2.31500458717346,4.31372306455381e-21,2.91309858180266e-11,-4.59871696278924e-10
2.31667137145996,-3.23730340147447e-22,-9.04934738255037e-11,1.67126923411587e-09
2.31833791732788,-4.04114281891058e-21,-7.73082570182382e-11,1.41869271885753e-09
2.32000470161438,4.3097301409524e-21,2.9130888673512e-11,-4.59869864410933e-10
2.3216712474823,-3.23789813948813e-22,-9.04942509816209e-11,1.67128288985907e-09
2.3233380317688,-4.04013953930044e-21,-7.73073827176063e-11,1.41867728675749e-09
2.32500457763672,4.30694567652713e-21,2.91307949984443e-11,-4.59868060298518e-10
2.32667136192322,-3.23629113516089e-22,-9.04950211988442e-11,1.67129654560227e-09
2.32833790779114,-4.04064925704118e-21,-7.73065153558683e-11,1.41866185465744e-09
2.33000469207764,4.31288457483132e-21,2.91306978539296e-11,-4.59866228430528e-10
2.33167123794556,-3.2275417210889e-22,-9.04957914160676e-11,1.67131009032317e-09
2.33333802223206,-4.04092592633786e-21,-7.73056479941303e-11,1.4186463115351e-09
2.33500456809998,4.31056499560384e-21,2.91306041788619e-11,-4.59864396562537e-10
2.33667135238647,-3.22632649664163e-22,-9.04965616332909e-11,1.67132374606638e-09
2.33833789825439,-4.0403164460916e-21,-7.73047806323923e-11,1.41863087943506e-09
2.34000468254089,4.30740288768603e-21,2.91305105037942e-11,-4.59862564694546e-10
2.34167146682739,-3.22849794672378e-22,-9.04973387894081e-11,1.67133740180958e-09
2.34333801269531,-4.03784904064136e-21,-7.73039132706543e-11,1.41861544733501e-09
2.34500479698181,4.30971196559714e-21,2.91304133592796e-11,-4.59860760582131e-10
2.34667134284973,-3.21283583920264e-22,-9.04981090066315e-11,1.67135094653048e-09
2.34833812713623,-4.0386374471627e-21,-7.73030459089163e-11,1.41859990421267e-09
2.35000467300415,4.31157796873679e-21,2.91303196842119e-11,-4.59858928714141e-10
2.35167145729065,-3.22144515157786e-22,-9.04988792238548e-11,1.67136460227368e-09
2.35333800315857,-4.03891492425295e-21,-7.73021785471784e-11,1.41858447211263e-09
2.35500478744507,4.31355746687259e-21,2.91302225396972e-11,-4.5985709684615e-10
2.35667133331299,-3.2337541584897e-22,-9.04996494410781e-11,1.67137825801689e-09
2.35833811759949,-4.03759095059672e-21,-7.73013042465465e-11,1.41856904001258e-09
2.36000466346741,4.31254449373964e-21,2.91301288646295e-11,-4.5985526497816e-10
2.36167144775391,-3.23711634677662e-22,-9.05004196583015e-11,1.67139180273779e-09
2.36333799362183,-4.03722138503984e-21,-7.73004368848085e-11,1.41855349689024e-09
2.36500477790833,4.31096041055486e-21,2.91300317201149e-11,-4.59853433110169e-10
2.36667132377625,-3.20985129440827e-22,-9.05011968144187e-11,1.67140545848099e-09
2.36833810806274,-4.03745241399999e-21,-7.72995695230705e-11,1.4185380647902e-09
2.37000465393066,4.31221127889327e-21,2.91299380450472e-11,-4.59851628997754e-10
2.37167143821716,-3.21037459317836e-22,-9.0501967031642e-11,1.67141911422419e-09
2.37333798408508,-4.04002362092358e-21,-7.72987021613325e-11,1.41852263269016e-09
2.37500476837158,4.3108933636888e-21,2.91298409005325e-11,-4.59849797129763e-10
2.3766713142395,-3.21873626633821e-22,-9.05027372488654e-11,1.67143265894509e-09
2.378338098526,-4.0398055166605e-21,-7.72978347995945e-11,1.41850708956781e-09
2.38000464439392,4.31117851481793e-21,2.91297472254648e-11,-4.59847965261773e-10
2.38167142868042,-3.21916389205771e-22,-9.05035074660887e-11,1.6714463146883e-09
2.38333821296692,-4.03661311648393e-21,-7.72969674378565e-11,1.41849165746777e-09
2.38500475883484,4.31190027837e-21,2.91296500809501e-11,-4.59846133393782e-10
2.38667154312134,-3.21425048768676e-22,-9.05042846222059e-11,1.6714599704315e-09
2.38833808898926,-4.03816650351317e-21,-7.72961000761185e-11,1.41847622536773e-09
2.39000487327576,4.31075240371137e-21,2.91295564058824e-11,-4.59844301525791e-10
2.39167141914368,-3.23105461336316e-22,-9.05050548394293e-11,1.6714735151524e-09
2.39333820343018,-4.03891936711756e-21,-7.72952257754866e-11,1.41846068224538e-09
2.3950047492981,4.31154848427159e-21,2.91294592613678e-11,-4.59842497413376e-10
2.39667153358459,-3.21115436640595e-22,-9.05058250566526e-11,1.6714871708956e-09
2.39833807945251,-4.03851425864374e-21,-7.72943584137487e-11,1.41844525014534e-09
2.40000486373901,4.31201417726294e-21,2.91293655863001e-11,-4.59840665545386e-10
2.40167140960693,-3.2283873799793e-22,-9.05065952738759e-11,1.67150082663881e-09
2.40333819389343,-4.03901832182951e-21,-7.72934910520107e-11,1.41842970702299e-09
2.40500473976135,4.31083075968736e-21,2.91292684417854e-11,-4.59838833677395e-10
2.40667152404785,-3.2430114727669e-22,-9.05073654910993e-11,1.67151437135971e-09
2.40833806991577,-4.03842459355781e-21,-7.72926236902727e-11,1.41841427492295e-09
2.41000485420227,4.30877048219487e-21,2.91291747667177e-11,-4.59837001809404e-10
2.41167140007019,-3.25157534675398e-22,-9.05081426472165e-11,1.67152802710291e-09
2.41333818435669,-4.0363303887355e-21,-7.72917563285347e-11,1.41839884282291e-09
2.41500473022461,4.30911581394474e-21,2.91290776222031e-11,-4.59835169941414e-10
2.41667151451111,-3.24685303604871e-22,-9.05089128644398e-11,1.67154168284611e-09
2.41833806037903,-4.03986731286838e-21,-7.72908889667967e-11,1.41838329970057e-09
2.42000484466553,4.31118255378577e-21,2.91289839471354e-11,-4.59833338073423e-10
2.42167162895203,-3.23897982556137e-22,-9.05096830816632e-11,1.67155522756701e-09
2.42333817481995,-4.04112908641995e-21,-7.72900146661648e-11,1.41836786760052e-09
2.42500495910645,4.30989533473684e-21,2.91288868026207e-11,-4.59831506205433e-10
2.42667150497437,-3.23382433555583e-22,-9.05104532988865e-11,1.67156888331021e-09
2.42833828926086,-4.0397077736389e-21,-7.72891473044268e-11,1.41835243550048e-09
2.43000483512878,4.31130331892403e-21,2.9128793127553e-11,-4.59829674337442e-10
2.43167161941528,-3.24689923174332e-22,-9.05112235161099e-11,1.67158253905342e-09
2.4333381652832,-4.03882364357988e-21,-7.72882799426888e-11,1.41833689237814e-09
2.4350049495697,4.31118497716647e-21,2.91286959830384e-11,-4.59827870225027e-10
2.43667149543762,-3.24574181502318e-22,-9.05120006722271e-11,1.67159608377432e-09
2.43833827972412,-4.03839712857653e-21,-7.72874125809508e-11,1.41832146027809e-09
2.44000482559204,4.31210586183279e-21,2.91286023079707e-11,-4.59826038357036e-10
2.44167160987854,-3.25552343781243e-22,-9.05127708894504e-11,1.67160973951752e-09
2.44333815574646,-4.03943110434222e-21,-7.72865452192129e-11,1.41830602817805e-09
2.44500494003296,4.310277421094e-21,2.9128505163456e-11,-4.59824206489046e-10
2.44667148590088,-3.24698001110002e-22,-9.05135411066738e-11,1.67162339526072e-09
2.44833827018738,-4.03834825706573e-21,-7.72856778574749e-11,1.41829048505571e-09
2.4500048160553,4.31048946690533e-21,2.91284114883883e-11,-4.59822374621055e-10
2.4516716003418,-3.23081429477699e-22,-9.05143113238971e-11,1.67163693998162e-09
2.45333814620972,-4.04103093950156e-21,-7.72848104957369e-11,1.41827505295566e-09
2.45500493049622,4.30788554434228e-21,2.91283143438736e-11,-4.59820542753064e-10
2.45667147636414,-3.23913204416164e-22,-9.05150815411204e-11,1.67165059572483e-09
2.45833826065063,-4.03834219861398e-21,-7.7283936195105e-11,1.41825962085562e-09
2.46000480651855,4.31235223887071e-21,2.9128217199359e-11,-4.59818710885074e-10
2.46167159080505,-3.23860319181078e-22,-9.05158586972377e-11,1.67166425146803e-09
2.46333837509155,-4.03809541767928e-21,-7.7283068833367e-11,1.41824407773328e-09
2.46500492095947,4.31033679392118e-21,2.91281235242913e-11,-4.59816879017083e-10
2.46667170524597,-3.23456094231469e-22,-9.0516628914461e-11,1.67167779618893e-09
2.46833825111389,-4.04087826651741e-21,-7.7282201471629e-11,1.41822864563323e-09
2.47000503540039,4.31460598292249e-21,2.91280263797766e-11,-4.59815047149092e-10
2.47167158126831,-3.23075093346909e-22,-9.05173991316843e-11,1.67169145193213e-09
2.47333836555481,-4.03729691373835e-21,-7.7281334109891e-11,1.41821310251089e-09
2.47500491142273,4.31321496240021e-21,2.91279327047089e-11,-4.59813215281102e-10
2.47667169570923,-3.24999030431434e-22,-9.05181693489077e-11,1.67170510767534e-09
2.47833824157715,-4.03909910118621e-21,-7.7280466748153e-11,1.41819767041085e-09
2.48000502586365,4.31085580128794e-21,2.91278355601943e-11,-4.59811383413111e-10
2.48167157173157,-3.23634010764589e-22,-9.0518939566131e-11,1.67171865239624e-09
2.48333835601807,-4.03923036764084e-21,-7.7279599386415e-11,1.41818223831081e-09
2.48500490188599,4.31248148584142e-21,2.91277418851266e-11,-4.59809551545121e-10
2.48667168617249,-3.20649970841191e-22,-9.05197167222482e-11,1.67173230813944e-09
2.48833823204041,-4.03863138871095e-21,-7.72787250857832e-11,1.41816669518846e-09
2.4900050163269,4.31297141263977e-21,2.91276447406119e-11,-4.5980771967713e-10
2.49167156219482,-3.23899951552957e-22,-9.05204869394716e-11,1.67174596388264e-09
2.49333834648132,-4.03851304695339e-21,-7.72778577240452e-11,1.41815126308842e-09
2.49500489234924,4.31223349321637e-21,2.91275510655442e-11,-4.59805887809139e-10
2.49667167663574,-3.24257198257939e-22,-9.05212571566949e-11,1.67175950860354e-09
2.49833822250366,-4.03939313804458e-21,-7.72769903623072e-11,1.41813583098838e-09
2.5,-4.23243568648493e-20,2.92084377517821e-11,-4.61338883761542e-10
