Time,U1,U2,U3
0.0,0.0,0.0,0.0
0.000512821017764509,-4.90483773595072e-24,-2.82407569551779e-11,-3.58745325113041e-11
0.00102564203552902,1.47285963471626e-23,-5.52193317113203e-12,-1.82507689516775e-11
0.00153846305329353,1.35408037490059e-22,4.85818676954075e-12,1.23423979370152e-11
0.00205128407105803,1.5507921186217e-22,-4.72440454812872e-11,-5.94732874059645e-11
0.00256410497240722,-2.01176216817225e-22,6.38131257904573e-12,-3.57000106560035e-12
0.00307692610658705,-2.66189689760923e-22,1.46925908939277e-11,2.10887175777774e-11
0.00358974700793624,4.36990571298011e-22,-6.50428738646625e-11,-7.76426145598919e-11
0.00410256814211607,-2.51645593779995e-22,9.30895031198142e-12,9.07100187064885e-13
0.00461538881063461,-6.23416553313443e-22,2.95800606231467e-11,3.35410067775488e-11
0.00512820994481444,1.03699650973488e-21,-7.87435047722163e-11,-8.83072295843057e-11
0.00564103107899427,6.73749968521476e-22,6.0179717112363e-12,-5.75312150349894e-12
0.0061538522131741,-1.42583167922974e-21,4.33542125810593e-11,5.07737601962432e-11
0.00666667288169265,-3.90534338019379e-22,-8.41254635397526e-11,-9.70286420653999e-11
0.00717949401587248,8.9943007307749e-22,-3.8992802042781e-12,-1.26108767525834e-11
0.00769231515005231,-7.94144682942408e-22,5.59548414547084e-11,6.07046427014701e-11
0.00820513628423214,-3.87341988329905e-22,-8.44027625568344e-11,-9.50924616827109e-11
0.00871795695275068,9.07650786259911e-22,-1.46804617073837e-11,-2.51155884284371e-11
0.00923077762126923,-8.98854217238453e-22,6.31775604054141e-11,6.91552509701765e-11
0.00974359922111034,-5.03300174263423e-22,-7.9207834735584e-11,-9.06518332621786e-11
0.0102564198896289,1.5528387393542e-21,-2.4975218074208e-11,-3.50830822726245e-11
0.0107692405581474,-4.28826201716884e-22,6.54540657785141e-11,7.14701839377163e-11
0.0112820621579885,-1.06739994108502e-21,-7.12065059693678e-11,-8.29896082410464e-11
0.0117948828265071,1.74615848215705e-21,-3.27556801127393e-11,-4.22869794736158e-11
0.0123077044263482,3.78442299410917e-22,6.37274052972536e-11,6.89915902185589e-11
0.0128205250948668,-1.74388898613072e-21,-6.32137120426535e-11,-7.41312428109708e-11
0.0133333457633853,9.55602826032586e-22,-3.63000532410673e-11,-4.67528481207236e-11
0.0138461673632264,1.11761996227109e-21,5.84694931360374e-11,6.46631082013016e-11
0.014358988031745,-1.22563024205587e-21,-5.60060817167418e-11,-6.78247805141474e-11
0.0148718087002635,1.78542775082701e-22,-3.67601123152372e-11,-4.63674758310884e-11
0.0153846303001046,6.5563630849886e-22,5.24962226466918e-11,5.79227603381138e-11
0.0158974509686232,-1.18556600354184e-21,-5.17814333078626e-11,-6.29293631093653e-11
0.0164102725684643,1.74569692910774e-22,-3.39223163448032e-11,-4.40936419321414e-11
0.0169230923056602,1.13759659620748e-21,4.64578306380581e-11,5.23396534446441e-11
0.0174359139055014,-1.13275993222539e-21,-5.0060414147346e-11,-6.15589523800253e-11
0.0179487355053425,-5.17492551876592e-22,-2.97155910988778e-11,-3.96351181042309e-11
0.0184615552425385,1.40594561914704e-21,4.21133163064358e-11,4.78356902700039e-11
0.0189743768423796,-2.41158439040664e-22,-5.10239350770547e-11,-6.24464854825924e-11
0.0194871984422207,-1.01668443951982e-21,-2.50172382809666e-11,-3.49420666012623e-11
0.0200000181794167,6.10764234135657e-22,3.97466469459484e-11,4.54187347453949e-11
0.0205128397792578,3.73670587080318e-22,-5.36995448108257e-11,-6.50303907945293e-11
0.0210256613790989,-4.31650651923712e-22,-2.10073104744968e-11,-3.10535798464517e-11
0.0215384811162949,2.81526912806847e-22,3.94318674934446e-11,4.52447107557319e-11
0.022051302716136,-1.9558690695635e-23,-5.71308625407774e-11,-6.86108392322637e-11
0.0225641243159771,-6.71787333076384e-22,-1.84018130594543e-11,-2.83015971769274e-11
0.0230769459158182,3.9953808084721e-22,4.08282609110078e-11,4.65061114618415e-11
0.0235897656530142,7.17553231021413e-22,-6.05115749174878e-11,-7.18733336735333e-11
0.0241025872528553,-6.70355064595091e-22,-1.73328192076827e-11,-2.73314201132413e-11
0.0246154088526964,-6.48844481162171e-22,4.31667132594349e-11,4.89220747246222e-11
0.0251282285898924,7.0457946049108e-22,-6.30712704285941e-11,-7.44874856239974e-11
0.0256410501897335,4.04627508485108e-22,-1.77388208288942e-11,-2.77064378384484e-11
0.0261538717895746,-6.15849446100878e-22,4.58012655579765e-11,5.15470652273642e-11
0.0266666915267706,-9.82284424253666e-23,-6.45083153560932e-11,-7.59325310961678e-11
0.0271795131266117,3.19307064523241e-22,-1.91702764773538e-11,-2.9116226790693e-11
0.0276923347264528,-1.68168900769359e-22,4.81046591449541e-11,5.38181478548783e-11
0.0282051544636488,2.27240282099923e-22,-6.47829567768099e-11,-7.61669199933479e-11
0.0287179760634899,2.30104086999591e-22,-2.1082680740081e-11,-3.10734493691456e-11
0.029230797663331,-8.06925744219926e-22,4.96546831429967e-11,5.5413652833014e-11
0.029743617400527,2.46240308602229e-24,-6.40797900852697e-11,-7.55066287272399e-11
0.0302564390003681,1.09270155021471e-21,-2.2996691356747e-11,-3.29490011663491e-11
0.0307692606002092,-4.35003146687833e-22,5.03315028543838e-11,5.6057190139791e-11
0.0312820822000504,-8.79412241669189e-22,-6.27972604472227e-11,-7.41967043360603e-11
0.0317949019372463,7.15805115255444e-22,-2.44895510120857e-11,-3.44624329073895e-11
0.0323077216744423,2.75061585532498e-22,5.01745311964896e-11,5.59134613609125e-11
0.0328205451369286,-5.23542269360747e-22,-6.13193176790539e-11,-7.27252078003282e-11
0.0333333648741245,3.05112213042272e-22,-2.53581045051021e-11,-3.53300652622401e-11
0.0338461846113205,-9.70966668400896e-23,4.94128835071272e-11,5.51552553629264e-11
0.0343590080738068,-4.79501515552127e-22,-5.99979857462962e-11,-7.14110506838672e-11
0.0348718278110027,7.59985718325341e-22,-2.55695343370776e-11,-3.55310850186363e-11
0.0353846475481987,1.5965831591415e-22,4.8351555398396e-11,5.40812603033736e-11
0.035897471010685,-1.02103723515531e-21,-5.9082592984705e-11,-7.04820854457999e-11
0.0364102907478809,3.35757225156025e-22,-2.52179353787962e-11,-3.51928972075477e-11
0.0369231104850769,7.41728018612318e-22,4.72656982997144e-11,5.3008254036202e-11
0.0374359339475632,-5.5448858847497e-22,-5.86554207981926e-11,-7.00671881626036e-11
0.0379487536847591,-1.87859575783047e-22,-2.45202226578645e-11,-3.44837353116745e-11
0.0384615734219551,3.14651497761439e-22,4.64005674161161e-11,5.21330929814656e-11
0.0389743968844414,-2.10157808430837e-22,-5.87062967682961e-11,-7.01099248101578e-11
0.0394872166216373,1.9914144793096e-22,-2.36887367360827e-11,-3.36585759264096e-11
0.0400000363588333,2.30670779430353e-22,4.58744778275566e-11,5.16119889881761e-11
0.0405128598213196,-5.74269080035883e-22,-5.91056509291477e-11,-7.05132341405346e-11
0.0410256795585155,1.70325340406202e-23,-2.29346715230339e-11,-3.29016779099245e-11
0.0415384992957115,5.93517942455549e-22,4.57252707919409e-11,5.14612831514771e-11
0.0420513227581978,-2.04071046038573e-22,-5.96957344667359e-11,-7.11030262445789e-11
0.0425641424953938,-3.56172945383145e-22,-2.23927577869265e-11,-3.23593374318421e-11
0.0430769622325897,1.32061639043014e-22,4.58943230641218e-11,5.16296380648207e-11
0.043589785695076,1.32325699186984e-22,-6.03080640981801e-11,-7.17144676976034e-11
0.044102605432272,1.04238678998937e-22,-2.21281742929236e-11,-3.20960064081888e-11
0.0446154251694679,-9.86322129910949e-23,4.62742136275729e-11,5.2011173146127e-11
0.0451282486319542,-2.64169599998382e-22,-6.08107453281548e-11,-7.22189114066296e-11
0.0456410683691502,1.71537223238683e-22,-2.21320965027028e-11,-3.20984037960326e-11
0.0461538918316364,2.25612805254467e-22,4.67378184765277e-11,5.24736053220121e-11
0.0466667115688324,-1.40361137341761e-22,-6.11249939552749e-11,-7.25321885886032e-11
0.0471795313060284,-9.78226776192698e-23,-2.23414984429349e-11,-3.23087112619191e-11
0.0476923547685146,-6.73195721160355e-23,4.71691193049129e-11,5.29056867759614e-11
0.0482051745057106,8.78993312352306e-23,-6.12284389855944e-11,-7.26361193414959e-11
0.0487179942429066,2.98009738591995e-22,-2.26659472440938e-11,-3.26330525102225e-11
0.0492308177053928,-2.53502307293621e-22,4.74861365507007e-11,5.32228705552029e-11
0.0497436374425888,-3.31012371961527e-22,-6.11481559831262e-11,-7.25561138947839e-11
0.0502564571797848,4.20570753411085e-22,-2.30115822230648e-11,-3.29783388097749e-11
0.050769280642271,1.25105400471902e-22,4.76494121937066e-11,5.33856743534233e-11
0.051282100379467,-3.54430635633438e-22,-6.09433545295524e-11,-7.23507087574404e-11
0.051794920116663,1.17074556643037e-22,-2.33012966560642e-11,-3.32687141724186e-11
0.0523077435791492,2.20495931567954e-23,4.76598725762667e-11,5.33967592364348e-11
0.0528205633163452,-1.34055298809786e-22,-6.06847350148598e-11,-7.20926512931541e-11
0.0533333830535412,3.43213765624115e-22,-2.34881818855781e-11,-3.34550651071019e-11
0.0538462065160275,-1.27177062804983e-22,4.75509180641875e-11,5.32872981851007e-11
0.0543590262532234,-4.50203499211258e-22,-6.04388969427383e-11,-7.18464107651862e-11
0.0548718459904194,4.35616918337418e-22,-2.35565421335959e-11,-3.35236734205768e-11
0.0553846694529057,2.26186591122489e-22,4.73722207294802e-11,5.31087326893775e-11
0.0558974891901016,-4.86758581496279e-22,-6.02537394978064e-11,-7.1661350464769e-11
0.0564103089272976,1.00692187561004e-22,-2.3519531808236e-11,-3.34865642159787e-11
0.0569231323897839,1.97714846626409e-22,4.71770261745164e-11,5.29135069093911e-11
0.0574359521269798,-2.13278352845274e-22,-6.01538888145292e-11,-7.15616108037942e-11
0.0579487718641758,2.06543437089732e-22,-2.34089726769415e-11,-3.33757778359089e-11
0.0584615953266621,0.0,4.70097051563645e-11,5.27459673160813e-11
0.058974415063858,-3.99209005942875e-22,-6.01406494049606e-11,-7.15482534330292e-11
0.059487234801054,3.1547360442065e-22,-2.32645014364152e-11,-3.32313725148747e-11
0.0600000582635403,2.57392312945898e-22,4.68984191759336e-11,5.26348097051876e-11
0.0605128780007362,-4.38056051012813e-22,-6.01967573010675e-11,-7.1604590312635e-11
0.0610256977379322,3.19299434660565e-23,-2.31240183251602e-11,-3.30906482770565e-11
0.0615385212004185,2.38616110737092e-22,4.68535592268449e-11,5.25898144476677e-11
0.0620513409376144,-1.61995426786394e-22,-6.02948385663993e-11,-7.17026646390728e-11
0.0625641644001007,1.00798759513856e-22,-2.30155668828891e-11,-3.29821760181037e-11
0.0630769804120064,0.0,4.68690329602506e-11,5.26053402227777e-11
0.0635898038744926,-2.79156795994329e-22,-6.04048200347762e-11,-7.181277100754e-11
0.0641026273369789,2.62144183847009e-22,-2.29543276747401e-11,-3.29208396654401e-11
0.0646154433488846,1.71593781410144e-22,4.69278123305106e-11,5.26641265319316e-11
0.0651282668113708,-3.63146551515946e-22,-6.0501235965571e-11,-7.19092702050617e-11
0.0656410902738571,6.02663983168907e-23,-2.29420614450415e-11,-3.29084953731851e-11
0.0661539062857628,1.83245723985914e-22,4.70076859382385e-11,5.27440036091065e-11
0.0666667297482491,-1.41076615250135e-22,-6.05671970910215e-11,-7.19752868416634e-11
0.0671795532107353,1.06797567070631e-22,-2.29699991666221e-11,-3.29364070739135e-11
0.067692369222641,-3.32024486813813e-23,4.70871952540364e-11,5.28235545582678e-11
0.0682051926851273,-2.322825800319e-22,-6.0596049011874e-11,-7.20042289681366e-11
0.0687180161476135,2.90520356266699e-22,-2.30230296632827e-11,-3.2989378589976e-11
0.0692308321595192,9.20443409082856e-23,4.71498846910112e-11,5.28862474646896e-11
0.0697436556220055,-3.61204514806811e-22,-6.05903799355545e-11,-7.19986015251806e-11
0.0702564790844917,1.39458327056502e-22,-2.30842931575603e-11,-3.3050610859231e-11
0.0707692950963974,1.55222368028362e-22,4.71865706230812e-11,5.29229438051004e-11
0.0712821185588837,-1.92457410548361e-22,-6.05593492020162e-11,-7.19676124250057e-11
0.0717949420213699,1.41346178487779e-22,-2.31390948068899e-11,-3.31053726099206e-11
0.0723077580332756,-1.92985906334092e-23,4.71955703684745e-11,5.29319470199408e-11
0.0728205814957619,-2.49501987332358e-22,-6.05152664090447e-11,-7.19235712653976e-11
0.0733334049582481,3.06707251927306e-22,-2.31774668901785e-11,-3.3143689182058e-11
0.0738462209701538,7.85545543717421e-23,4.71813595137593e-11,5.29177188179908e-11
0.0743590444326401,-3.8799536710782e-22,-6.04703509488047e-11,-7.18786835607332e-11
0.0748718678951263,1.81987673857816e-22,-2.3195122905717e-11,-3.31613035642331e-11
0.075384683907032,1.74043175588193e-22,4.71521814648934e-11,5.2888533830231e-11
0.0758975073695183,-2.48632498531736e-22,-6.04341576782019e-11,-7.18425458012817e-11
0.0764103308320045,1.38357632590891e-22,-2.31930898098032e-11,-3.31592010793802e-11
0.0769231468439102,2.96075937590711e-23,4.71175182203964e-11,5.28538462996053e-11
0.0774359703063965,-2.59373502399481e-22,-6.04122654679351e-11,-7.18206952243783e-11
0.0779487937688828,2.78532497784824e-22,-2.31762248281697e-11,-3.31422771171486e-11
0.0784616097807884,8.85301044150453e-23,4.70857970669147e-11,5.28221147377828e-11
0.0789744332432747,-3.85132243783974e-22,-6.04059788300582e-11,-7.18144640976526e-11
0.079487256705761,1.83955711422387e-22,-2.3151366240759e-11,-3.31173526102457e-11
0.0800000727176666,1.89093253264617e-22,4.70629056559257e-11,5.2799209449006e-11
0.0805128961801529,-2.68055188029589e-22,-6.0413070379628e-11,-7.18216180972675e-11
0.0810257196426392,1.1779763285965e-22,-2.31254355942401e-11,-3.30913525747878e-11
0.0815385356545448,6.28619841978957e-23,4.70515466866051e-11,5.27878400713444e-11
0.0820513591170311,-2.43237699681983e-22,-6.04290506522887e-11,-7.18376538810794e-11
0.0825641825795174,2.42141902464872e-22,-2.31039874731831e-11,-3.30698385342387e-11
0.083076998591423,8.10825948265986e-23,4.70514009698331e-11,5.27876908851255e-11
0.0835898220539093,-3.57210278540849e-22,-6.04486044553099e-11,-7.18572631952519e-11
0.0841026455163956,1.85542571397555e-22,-2.30903716286202e-11,-3.30561585049072e-11
0.0846154615283012,1.77247225662613e-22,4.70598976454184e-11,5.27961875607108e-11
0.0851282849907875,-2.70138740074234e-22,-6.04668953796406e-11,-7.18756165696277e-11
0.0856411084532738,1.13866164678195e-22,-2.30855386890161e-11,-3.30512665847049e-11
0.0861539244651794,7.20783345060142e-23,4.70732619550773e-11,5.28095484009228e-11
0.0866667479276657,-2.28487010496309e-22,-6.04804747950105e-11,-7.18892514961489e-11
0.087179571390152,2.24931911008178e-22,-2.30884009827514e-11,-3.30540698978421e-11
0.0876923874020576,6.33768642444026e-23,4.70875699543072e-11,5.28238564001526e-11
0.0882052108645439,-3.34483208483206e-22,-6.04876426724132e-11,-7.18964818235968e-11
0.0887180343270302,2.00027471256155e-22,-2.30965160191721e-11,-3.30621294231115e-11
0.0892308503389359,1.56403816607119e-22,4.70996054657835e-11,5.2835891911629e-11
0.0897436738014221,-2.79736413122162e-22,-6.04884406452122e-11,-7.1897328368653e-11
0.0902564972639084,1.27147389013172e-22,-2.3106917421134e-11,-3.30724753139222e-11
0.0907693132758141,7.87412177945792e-23,4.7107370088062e-11,5.28436530644605e-11
0.0912821367383003,-2.30438008665327e-22,-6.04842148588247e-11,-7.18931580934168e-11
0.0917949602007866,2.18274959953621e-22,-2.31168417741401e-11,-3.30823424210536e-11
0.0923077836632729,5.49714945012876e-23,4.71101976873278e-11,5.28464771942794e-11
0.0928205996751785,-3.25099348295029e-22,-6.0477046981422e-11,-7.18860387882714e-11
0.0933334231376648,2.15009858356024e-22,-2.31242594517234e-11,-3.30897045874856e-11
0.0938462466001511,1.43751345968039e-22,4.71086121500708e-11,5.28448881875754e-11
0.0943590626120567,-2.95600620496322e-22,-6.04691505201593e-11,-7.187819783816e-11
0.094871886074543,1.39644271038194e-22,-2.31281296197983e-11,-3.30935175096858e-11
0.0953847095370293,9.16539494235098e-23,4.71039283966856e-11,5.28401974952963e-11
0.0958975255489349,-2.39921277949336e-22,-6.0462385098603e-11,-7.1871480988861e-11
0.0964103490114212,2.08322463581412e-22,-2.31283846241492e-11,-3.30937117987151e-11
0.0969231724739075,5.84861348913113e-23,4.70978048228154e-11,5.28340669825322e-11
0.0974359884858131,-3.17694304666832e-22,-6.04579442065045e-11,-7.18670956079137e-11
0.0979488119482994,2.19023936051474e-22,-2.31257252930606e-11,-3.30909952217517e-11
0.0984616354107857,1.37518360318383e-22,4.70918165573764e-11,5.28280717781993e-11
0.0989744514226913,-3.05931997294978e-22,-6.04562719330737e-11,-7.18654719067402e-11
0.0994872748851776,1.46371474889527e-22,-2.31212982787499e-11,-3.30865057573959e-11
0.100000098347664,1.05252491479891e-22,4.7087150151226e-11,5.2823398433155e-11
0.10051291435957,-2.46572523961827e-22,-6.04571254170239e-11,-7.18663809018416e-11
0.101025737822056,1.95327564200593e-22,-2.31163508473964e-11,-3.30814993454442e-11
0.101538561284542,6.31252807245095e-23,4.70844474520504e-11,5.28206887950855e-11
0.102051377296448,-3.06949690971586e-22,-6.04597968911769e-11,-7.18691078871458e-11
0.102564200758934,2.17387321041292e-22,-2.31119515886613e-11,-3.3077037636664e-11
0.10307702422142,1.29328406400378e-22,4.70837847876826e-11,5.28200226612707e-11
0.103589840233326,-3.08299564509051e-22,-6.04633634826435e-11,-7.18727369286576e-11
0.104102663695812,1.5213432468322e-22,-2.31088134738933e-11,-3.30738422760213e-11
0.104615487158298,1.12019422366411e-22,4.70848117439804e-11,5.28210461481216e-11
0.105128303170204,-2.50173364760686e-22,-6.0466937013004e-11,-7.18763590312754e-11
0.10564112663269,1.85167515368777e-22,-2.31072209977423e-11,-3.30721908192722e-11
0.106153950095177,6.63329595590937e-23,4.70868968815985e-11,5.28231243468458e-11
0.106666766107082,-2.95907657782409e-22,-6.04698166539741e-11,-7.18792941833968e-11
0.107179589569569,2.15386290158221e-22,-2.31070735462469e-11,-3.3071982652455e-11
0.107692413032055,1.19623284186272e-22,4.70893393722527e-11,5.2825563368053e-11
0.108205229043961,-3.08595570364239e-22,-6.04716138274952e-11,-7.18811468680691e-11
0.108718052506447,1.59761044536671e-22,-2.31079929496891e-11,-3.30728430752991e-11
0.109230875968933,1.14834128563337e-22,4.70915181849385e-11,5.28277387112919e-11
0.109743691980839,-2.55538123787169e-22,-6.04722522057344e-11,-7.18818407574595e-11
0.110256515443325,1.79964087863743e-22,-2.31094639951968e-11,-3.30742551402086e-11
0.110769338905811,6.90578618305698e-23,4.70930204554687e-11,5.28292340429282e-11
0.111282154917717,-2.88085338289786e-22,-6.04719260777209e-11,-7.18815632017034e-11
0.111794978380203,2.14133175143946e-22,-2.31109801435148e-11,-3.30757123079284e-11
0.11230780184269,1.10079947877496e-22,4.70936588337079e-11,5.28298689517204e-11
0.112820617854595,-3.08735798278751e-22,-6.04709615714683e-11,-7.18806611454958e-11
0.113333441317081,1.68250058779289e-22,-2.31121372040732e-11,-3.30768121226122e-11
0.113846264779568,1.16580149114743e-22,4.70934749530194e-11,5.2829681601585e-11
0.114359080791473,-2.62229229363479e-22,-6.04697680817168e-11,-7.18795162280017e-11
0.11487190425396,1.76825822477931e-22,-2.31127027239264e-11,-3.30773186618671e-11
0.115384727716446,7.41489429209256e-23,4.70926665718796e-11,5.28288662815513e-11
0.115897543728352,-2.83232366975062e-22,-6.04686856142678e-11,-7.18784892717039e-11
0.116410367190838,2.12036900350623e-22,-2.31126142530291e-11,-3.30771729450952e-11
0.116923190653324,1.04448011128746e-22,4.70915216543855e-11,5.28277178946102e-11
0.11743600666523,-3.08471245885576e-22,-6.04679709081957e-11,-7.18778300767831e-11
0.117948830127716,1.74951425858254e-22,-2.31119672011726e-11,-3.3076465177917e-11
0.118461653590202,1.1812731360916e-22,4.7090324695187e-11,5.28265139965178e-11
0.118974469602108,-2.68693142999085e-22,-6.04677349858029e-11,-7.18776427266477e-11
0.119487293064594,1.74161428993329e-22,-2.31109454490452e-11,-3.30753827104679e-11
0.120000116527081,7.96653462569402e-23,4.70893116166771e-11,5.28254974485609e-11
0.120512932538986,-2.79800026865559e-22,-6.04679709081957e-11,-7.18779341601916e-11
0.121025756001472,2.08247502862754e-22,-2.3109771041252e-11,-3.30741475873531e-11
0.121538579463959,1.00153647998228e-22,4.70886246661806e-11,5.28248035591705e-11
0.122051395475864,-3.06625614289946e-22,-6.04685676530714e-11,-7.18785864162186e-11
0.122564218938351,1.80334827245648e-22,-2.31086452057161e-11,-3.30729645059424e-11
0.123077042400837,1.18003670706319e-22,4.7088302007614e-11,5.2824477431157e-11
0.123589858412743,-2.7387503775685e-22,-6.04693656258704e-11,-7.18794399001688e-11
0.124102681875229,1.72444400657912e-22,-2.31077136592095e-11,-3.30719722441142e-11
0.124615505337715,8.44711626221935e-23,4.7088305477061e-11,5.28244739617101e-11
0.125128328800201,-2.76943845517679e-22,-6.04702121709266e-11,-7.18803350174824e-11
0.125641152262688,2.03926438368315e-22,-2.31070492601182e-11,-3.30712505991482e-11
0.126153960824013,9.65667100839621e-23,4.70885275216659e-11,5.28246925368681e-11
0.126666784286499,-3.03631931330843e-22,-6.04709615714683e-11,-7.18811468680691e-11
0.127179607748985,1.83968131248479e-22,-2.31066502737187e-11,-3.30707926321505e-11
0.127692431211472,1.17014338156976e-22,4.70888467107855e-11,5.28250047870937e-11
0.128205254673958,-2.78107825560551e-22,-6.04715374996623e-11,-7.18817713685205e-11
0.128718078136444,1.71862259175183e-22,-2.31064629235833e-11,-3.30705463014169e-11
0.129230886697769,8.84651464526658e-23,4.70891485526703e-11,5.28253031595316e-11
0.129743710160255,-2.75395986825665e-22,-6.04719052610392e-11,-7.18821946410486e-11
0.130256533622742,2.00490021425653e-22,-2.31064004735382e-11,-3.30704248707736e-11
0.130769357085228,9.39308102552566e-23,4.70893463111466e-11,5.28254974485609e-11
0.131282180547714,-3.00763532105264e-22,-6.04720926111746e-11,-7.18824375023353e-11
0.131795004010201,1.87596134106027e-22,-2.31063692485156e-11,-3.30703346651529e-11
0.132307812571526,1.14688738343061e-22,4.70893983528509e-11,5.28255425513713e-11
0.132820636034012,-2.82109029046028e-22,-6.04721481223258e-11,-7.18825415857438e-11
0.133333459496498,1.7299005259061e-22,-2.31062911859592e-11,-3.30701958872748e-11
0.133846282958984,9.22456203459745e-23,4.70892977388893e-11,5.28254384679627e-11
0.134359106421471,-2.74735413636295e-22,-6.0472134244538e-11,-7.18825901580011e-11
0.134871929883957,1.96854975617944e-22,-2.31061177136116e-11,-3.3069963434329e-11
0.135384738445282,9.22277289806441e-23,4.70890756942843e-11,5.28252094844639e-11
0.135897561907768,-2.9805676732372e-22,-6.0472134244538e-11,-7.18826387302585e-11
0.136410385370255,1.89884903581999e-22,-2.31058297495146e-11,-3.30696164896338e-11
0.136923208832741,1.12734698326393e-22,4.70887773218465e-11,5.28249076425791e-11
0.137436032295227,-2.85389832131082e-22,-6.04721828167953e-11,-7.1882742813667e-11
0.137948855757713,1.74136210687911e-22,-2.31054342325621e-11,-3.30691619920831e-11
0.138461664319038,9.53697619661394e-23,4.70884581327269e-11,5.28245849840125e-11
0.138974487781525,-2.74835176141813e-22,-6.04723215946734e-11,-7.18829301638024e-11
0.139487311244011,1.93703419503601e-22,-2.31049641225001e-11,-3.30686346361464e-11
0.140000134706497,9.15766284330237e-23,4.7088159760289e-11,5.28242796726808e-11
0.140512958168983,-2.94917555304822e-22,-6.04725367003844e-11,-7.18832077195586e-11
0.14102578163147,1.91801482172e-22,-2.31044541137981e-11,-3.30680656468463e-11
0.141538590192795,1.10466325637986e-22,4.70879168990024e-11,5.28240298725002e-11
0.142051413655281,-2.87629086385755e-22,-6.04728281339284e-11,-7.18835477253599e-11
0.142564237117767,1.75480694727672e-22,-2.31039458398197e-11,-3.30674966575462e-11
0.143077060580254,9.80538580407103e-23,4.70877330183139e-11,5.28238459918118e-11
0.14358988404274,-2.75548205425937e-22,-6.04731612008358e-11,-7.18839363034185e-11
0.144102707505226,1.91035996793123e-22,-2.31034635866934e-11,-3.30669554238217e-11
0.144615516066551,9.10606376703622e-23,4.70876150571176e-11,5.28237176222746e-11
0.145128339529037,-2.92524466862744e-22,-6.0473508145531e-11,-7.18843387592649e-11
0.145641162991524,1.92873563074857e-22,-2.31030281711009e-11,-3.30664592929075e-11
0.14615398645401,1.08663835267541e-22,4.70875387292846e-11,5.28236378249947e-11
0.146666809916496,-2.89304778409739e-22,-6.04738481513323e-11,-7.18847342762174e-11
0.147179633378983,1.77386671027107e-22,-2.31026395930423e-11,-3.30660117342507e-11
0.147692441940308,1.0054143939746e-22,4.70874866875803e-11,5.28235823138434e-11
0.148205265402794,-2.76387982569424e-22,-6.0474160401558e-11,-7.18850950987004e-11
0.14871808886528,1.8857347596961e-22,-2.31022909136236e-11,-3.30656058089573e-11
0.149230912327766,9.1810181748067e-23,4.70874346458761e-11,5.28235268026922e-11
0.149743735790253,-2.90198601991565e-22,-6.04744310184202e-11,-7.18854281656078e-11
0.150256559252739,1.93120142061168e-22,-2.31019699897805e-11,-3.30652276392396e-11
0.150769367814064,1.06287293971811e-22,4.70873721958309e-11,5.28234574137532e-11
0.15128219127655,-2.90302176272977e-22,-6.04746738797068e-11,-7.18857195991518e-11
0.151795014739037,1.79220905160378e-22,-2.31016594742783e-11,-3.30648564084157e-11
0.152307838201523,1.02042824715825e-22,4.70872819902102e-11,5.28233637386855e-11
0.152820661664009,-2.77764058910717e-22,-6.04748889854179e-11,-7.18859902160141e-11
0.153333485126495,1.87006949673135e-22,-2.31013454893292e-11,-3.30644817081449e-11
0.15384629368782,9.21685265474291e-23,4.70871674984608e-11,5.28232423080421e-11
0.154359117150307,-2.88338581573024e-22,-6.04750832744472e-11,-7.18862400161946e-11
0.154871940612793,1.92953383176691e-22,-2.31010141571453e-11,-3.30640931300863e-11
0.155384764075279,1.04516471633545e-22,4.70870252511357e-11,5.28230965912702e-11
0.155897587537766,-2.90498419622647e-22,-6.04752845023704e-11,-7.18864898163751e-11
0.156410411000252,1.80691354509485e-22,-2.31006637430031e-11,-3.3063683735346e-11
0.156923219561577,1.02745826000122e-22,4.70868691260229e-11,5.28229369967104e-11
0.157436043024063,-2.79064328874462e-22,-6.04754857302936e-11,-7.18867534943435e-11
0.157948866486549,1.856367803223e-22,-2.31002942469027e-11,-3.30632535239239e-11
0.158461689949036,9.32218199389674e-23,4.70867060620161e-11,5.28227669938097e-11
0.158974513411522,-2.86929814835818e-22,-6.04757077748985e-11,-7.18870241112057e-11
0.159487336874008,1.92715046209118e-22,-2.30999091382911e-11,-3.30628094347141e-11
0.160000145435333,1.02706919380277e-22,4.70865464674564e-11,5.2822603929803e-11
0.16051296889782,-2.90684742257573e-22,-6.04759367583974e-11,-7.18873086058558e-11
0.161025792360306,1.82432212755126e-22,-2.3099515356062e-11,-3.30623584066103e-11
0.161538615822792,1.03004269454447e-22,4.70863938117905e-11,5.28224443352432e-11
0.162051439285278,-2.80650986901239e-22,-6.04761865585779e-11,-7.18876139171876e-11
0.162564262747765,1.84685830589162e-22,-2.3099118104386e-11,-3.30619004396127e-11
0.16307707130909,9.43231644259646e-23,4.70862550339124e-11,5.28222986184712e-11
0.163589894771576,-2.85352345460866e-22,-6.04764432976523e-11,-7.18879261674132e-11
0.164102718234062,1.91889645266768e-22,-2.30987260568805e-11,-3.30614494115089e-11
0.164615541696548,1.01069622794272e-22,4.70861231949282e-11,5.28221633100401e-11
0.165128365159035,-2.90492638849933e-22,-6.04767069756207e-11,-7.18882384176389e-11
0.165641188621521,1.83667998073035e-22,-2.30983426829923e-11,-3.30610053222991e-11
0.166153997182846,1.0379077008784e-22,4.70860017642849e-11,5.28220384099498e-11
0.166666820645332,-2.82014618172891e-22,-6.04769637146951e-11,-7.18885506678646e-11
0.167179644107819,1.83682109216908e-22,-2.3097966247998e-11,-3.30605716414301e-11
0.167692467570305,9.51112301593931e-23,4.70858872725355e-11,5.28219169793065e-11
0.168205291032791,-2.84540613900281e-22,-6.04772204537696e-11,-7.18888629180903e-11
0.168718114495277,1.91271329778368e-22,-2.30975967518976e-11,-3.3060144899455e-11
0.169230923056602,9.99000449944171e-23,4.70857727807861e-11,5.28217955486632e-11
0.169743746519089,-2.89935715672622e-22,-6.04774702539501e-11,-7.18891612905281e-11
0.170256569981575,1.84895011257677e-22,-2.30972341946911e-11,-3.30597216269268e-11
0.170769393444061,1.03809791101986e-22,4.70856548195897e-11,5.28216741180199e-11
0.171282216906548,-2.83093451725097e-22,-6.04777131152368e-11,-7.1889459662966e-11
0.171795040369034,1.83703073984325e-22,-2.30968751069316e-11,-3.30593018238456e-11
0.172307848930359,9.62482564028553e-23,4.70855333889464e-11,5.28215492179296e-11
0.172820672392845,-2.83712221597377e-22,-6.04779490376295e-11,-7.188975109651e-11
0.173333495855331,1.90315722610445e-22,-2.30965142844486e-11,-3.30588820207645e-11
0.173846319317818,9.84839323844623e-23,4.70854084888561e-11,5.28214208483924e-11
0.174359142780304,-2.895684472787e-22,-6.04781849600222e-11,-7.18900425300539e-11
0.17487196624279,1.86083704734988e-22,-2.30961517272421e-11,-3.30584622176833e-11
0.175384774804115,1.03216674986343e-22,4.70852801193189e-11,5.28212855399612e-11
0.175897598266602,-2.83875825038233e-22,-6.0478420882415e-11,-7.18903339635979e-11
0.176410421729088,1.83469003176527e-22,-2.30957857005887e-11,-3.30580354757082e-11
0.176923245191574,9.71250153455796e-23,4.70851448108878e-11,5.28211467620832e-11
0.17743606865406,-2.83249406370615e-22,-6.04786568048077e-11,-7.1890618458248e-11
0.177948892116547,1.89989209926331e-22,-2.30954162044883e-11,-3.30576087337331e-11
0.178461700677872,9.87945290109532e-23,4.70850129719036e-11,5.28210079842051e-11
0.178974524140358,-2.88985725194344e-22,-6.04788927272004e-11,-7.18909098917919e-11
0.179487347602844,1.86718352799569e-22,-2.3095043238941e-11,-3.30571750528641e-11
0.180000171065331,1.03224651947817e-22,4.70848776634725e-11,5.2820869206327e-11
0.180512994527817,-2.84587869823947e-22,-6.04791286495932e-11,-7.18912013253359e-11
0.181025817990303,1.83725654338876e-22,-2.30946685386701e-11,-3.30567413719951e-11
0.181538626551628,9.80937680916272e-23,4.70847423550413e-11,5.28207304284489e-11
0.182051450014114,-2.83114732036876e-22,-6.04793715108798e-11,-7.18914996977738e-11
0.182564273476601,1.89052573285456e-22,-2.30942938383993e-11,-3.30563076911261e-11
0.183077096939087,9.81906970087736e-23,4.70846105160572e-11,5.28205916505708e-11
0.183589920401573,-2.88376396409377e-22,-6.04796143721664e-11,-7.18917980702116e-11
0.184102743864059,1.87500385324794e-22,-2.30939191381285e-11,-3.30558740102571e-11
0.184615567326546,1.02446551105343e-22,4.70844821465199e-11,5.28204563421397e-11
0.185128375887871,-2.85340733428341e-22,-6.0479864172347e-11,-7.18920964426495e-11
0.185641199350357,1.83884499370751e-22,-2.30935444378577e-11,-3.30554403293881e-11
0.186154022812843,9.88713261977982e-23,4.70843537769827e-11,5.28203245031555e-11
0.18666684627533,-2.83038420788348e-22,-6.04801070336336e-11,-7.18923948150874e-11
0.187179669737816,1.88669249994391e-22,-2.30931732070339e-11,-3.30550101179661e-11
0.187692493200302,9.76346636665631e-23,4.70842288768925e-11,5.28201926641714e-11
0.188205301761627,-2.87469673374028e-22,-6.04803498949202e-11,-7.18926931875252e-11
0.188718125224113,1.88141899634695e-22,-2.309280197621e-11,-3.3054579906544e-11
0.1892309486866,1.02187905702626e-22,4.70841005073552e-11,5.28200608251872e-11
0.189743772149086,-2.85621391205757e-22,-6.04805927562069e-11,-7.18929915599631e-11
0.190256595611572,1.8451443951345e-22,-2.30924324801096e-11,-3.30541531645689e-11
0.190769419074059,9.93478676043114e-23,4.7083975607265e-11,5.2819928986203e-11
0.191282227635384,-2.83284141493994e-22,-6.04808356174935e-11,-7.1893289932401e-11
0.19179505109787,1.87979280692249e-22,-2.30920629840092e-11,-3.30537229531469e-11
0.192307874560356,9.77326149474426e-23,4.70838472377277e-11,5.28197971472188e-11
0.192820698022842,-2.87039068915748e-22,-6.04810784787801e-11,-7.18935883048388e-11
0.193333521485329,1.87949114651233e-22,-2.30916952226323e-11,-3.30532962111718e-11
0.193846344947815,1.01863109579842e-22,4.70837188681905e-11,5.28196653082347e-11
0.19435915350914,-2.85976542696175e-22,-6.04813213400668e-11,-7.18938797383828e-11
0.194871976971626,1.84551143633648e-22,-2.30913257265319e-11,-3.30528694691967e-11
0.195384800434113,1.00030308017974e-22,4.70835904986533e-11,5.28195299998035e-11
0.195897623896599,-2.8341914399387e-22,-6.04815572624595e-11,-7.18941781108207e-11
0.196410447359085,1.87508046741906e-22,-2.30909562304316e-11,-3.30524392577747e-11
0.196923270821571,9.82768911067216e-23,4.70834621291161e-11,5.28193981608194e-11
0.197436079382896,-2.86452383594204e-22,-6.04818001237462e-11,-7.18944695443646e-11
0.197948902845383,1.88202004524785e-22,-2.30905849996077e-11,-3.30520090463526e-11
0.198461726307869,1.01217392219038e-22,4.70833302901319e-11,5.28192628523882e-11
0.198974549770355,-2.86215068990365e-22,-6.04820429850328e-11,-7.18947679168025e-11
0.199487373232841,1.84929519189115e-22,-2.30902155035073e-11,-3.30515788349306e-11
0.200000196695328,9.99713012222639e-23,4.70832019205947e-11,5.28191275439571e-11
0.200513005256653,-2.83810444246408e-22,-6.04822858463194e-11,-7.18950593503465e-11
0.201025828719139,1.87198952106579e-22,-2.30898442726835e-11,-3.30511486235086e-11
0.201538652181625,9.79915001638744e-23,4.70830735510575e-11,5.2818992235526e-11
0.202051475644112,-2.86258336433294e-22,-6.04825217687122e-11,-7.18953577227843e-11
0.202564299106598,1.87957823675627e-22,-2.30894713071361e-11,-3.30507184120865e-11
0.203077122569084,1.00903330915452e-22,4.70829417120733e-11,5.28188569270949e-11
0.203589931130409,-2.86221556582449e-22,-6.04827646299988e-11,-7.18956491563283e-11
0.204102754592896,1.8550396138941e-22,-2.30891000763123e-11,-3.30502882006645e-11
0.204615578055382,1.00245585003566e-22,4.70828133425361e-11,5.28187250881107e-11
0.205128401517868,-2.84028523265935e-22,-6.04830074912854e-11,-7.18959475287662e-11
0.205641224980354,1.86854251445433e-22,-2.30887288454884e-11,-3.30498579892424e-11
0.206154048442841,9.85028839788493e-23,4.70826849729988e-11,5.28185897796796e-11
0.206666857004166,-2.8596639478949e-22,-6.04832503525721e-11,-7.1896245901204e-11
0.207179680466652,1.87819438540189e-22,-2.30883576146645e-11,-3.30494277778204e-11
0.207692503929138,1.00686368922967e-22,4.70825566034616e-11,5.28184579406954e-11
0.208205327391624,-2.86472073562399e-22,-6.04834932138587e-11,-7.18965442736419e-11
0.208718150854111,1.85560418586675e-22,-2.30879881185642e-11,-3.30489975663983e-11
0.209230974316597,1.004127604066e-22,4.70824282339244e-11,5.28183226322643e-11
0.209743782877922,-2.84389455529066e-22,-6.04837360751453e-11,-7.18968357071859e-11
0.210256606340408,1.869259431245e-22,-2.30876168877403e-11,-3.30485673549763e-11
0.210769429802895,9.8708984934391e-23,4.70822998643872e-11,5.28181907932801e-11
0.211282253265381,-2.85834648707431e-22,-6.0483978936432e-11,-7.18971340796237e-11
0.211795076727867,1.87793778472664e-22,-2.30872473916399e-11,-3.30481371435543e-11
0.212307900190353,1.0045723953988e-22,4.70821714948499e-11,5.2818055484849e-11
0.212820708751678,-2.86350778309612e-22,-6.04842217977186e-11,-7.18974324520616e-11
0.213333532214165,1.86176941783098e-22,-2.30868761608161e-11,-3.30477104015792e-11
0.213846355676651,1.00411510850926e-22,4.70820431253127e-11,5.28179236458648e-11
0.214359179139137,-2.84741931203293e-22,-6.04844577201114e-11,-7.18977238856056e-11
0.214872002601624,1.86505006945474e-22,-2.30865066647157e-11,-3.30472801901571e-11
0.21538482606411,9.89730450783611e-23,4.70819147557755e-11,5.28177883374337e-11
0.215897634625435,-2.85462483065009e-22,-6.0484700581398e-11,-7.18980222580434e-11
0.216410458087921,1.87696073316387e-22,-2.30861354338918e-11,-3.30468499787351e-11
0.216923281550407,9.97657493139123e-23,4.70817829167913e-11,5.28176530290025e-11
0.217436105012894,-2.86375920884383e-22,-6.04849434426846e-11,-7.18983136915874e-11
0.21794892847538,1.86439941698011e-22,-2.3085764203068e-11,-3.3046419767313e-11
0.218461751937866,1.00606959028804e-22,4.70816545472541e-11,5.28175211900184e-11
0.218974560499191,-2.84967936697196e-22,-6.04851863039713e-11,-7.18986120640253e-11
0.219487383961678,1.86131768452221e-22,-2.30853947069676e-11,-3.3045989555891e-11
0.220000207424164,9.91087291540591e-23,4.70815261777169e-11,5.28173858815872e-11
0.22051303088665,-2.8520048027028e-22,-6.04854291652579e-11,-7.18989104364631e-11
0.221025854349136,1.87614650249194e-22,-2.30850234761437e-11,-3.3045559344469e-11
0.221538677811623,9.97919647395146e-23,4.70813978081797e-11,5.28172540426031e-11
0.222051486372948,-2.86477500925426e-22,-6.04856720265445e-11,-7.18992018700071e-11
0.222564309835434,1.86435675538236e-22,-2.30846522453199e-11,-3.30451291330469e-11
0.22307713329792,1.00296393956749e-22,4.70812694386424e-11,5.28171187341719e-11
0.223589956760406,-2.84967457069765e-22,-6.04859079489373e-11,-7.1899500242445e-11
0.224102780222893,1.86243849809635e-22,-2.3084281014496e-11,-3.30447023910718e-11
0.224615603685379,9.91076499923407e-23,4.70811375996583e-11,5.28169834257408e-11
0.225128412246704,-2.84850907604184e-22,-6.04861508102239e-11,-7.18997986148828e-11
0.22564123570919,1.8730975866477e-22,-2.30839115183956e-11,-3.30442721796498e-11
0.226154059171677,9.96419297062288e-23,4.7081009230121e-11,5.28168515867566e-11
0.226666882634163,-2.86090668781055e-22,-6.04863936715105e-11,-7.19000900484268e-11
0.227179706096649,1.86847498796085e-22,-2.30835402875718e-11,-3.30438419682277e-11
0.227692529559135,1.00166503275539e-22,4.70808808605838e-11,5.28167162783255e-11
0.228205338120461,-2.85473918392692e-22,-6.04866365327972e-11,-7.19003884208647e-11
0.228718161582947,1.86151925426071e-22,-2.30831690567479e-11,-3.30434117568057e-11
0.229230985045433,9.93046758920287e-23,4.70807524910466e-11,5.28165844393413e-11
0.229743808507919,-2.84837982907113e-22,-6.04868793940838e-11,-7.19006867933025e-11
0.230256631970406,1.87283732565785e-22,-2.3082797825924e-11,-3.30429815453837e-11
0.230769455432892,9.95081515184778e-23,4.70806241215094e-11,5.28164491309102e-11
0.231282263994217,-2.85909975457549e-22,-6.04871222553705e-11,-7.19009782268465e-11
0.231795087456703,1.8720917574391e-22,-2.30824283298237e-11,-3.30425513339616e-11
0.232307910919189,1.00576382780117e-22,4.70804957519722e-11,5.28163138224791e-11
0.232820734381676,-2.85680612571634e-22,-6.04873651166571e-11,-7.19012765992844e-11
0.233333557844162,1.86480659542495e-22,-2.30820570989998e-11,-3.30421211225396e-11
0.233846381306648,1.00146863794443e-22,4.70803673824349e-11,5.28161819834949e-11
0.234359189867973,-2.84631692624954e-22,-6.04876010390498e-11,-7.19015749717222e-11
0.23487201333046,1.8717252211081e-22,-2.30816858681759e-11,-3.30416909111175e-11
0.235384836792946,9.97599685411988e-23,4.70802355434508e-11,5.28160466750638e-11
0.235897660255432,-2.85357823310992e-22,-6.04878439003365e-11,-7.19018664052662e-11
0.236410483717918,1.87470989212022e-22,-2.30813163720756e-11,-3.30412606996955e-11
0.236923307180405,1.00271661589649e-22,4.70801071739135e-11,5.28159148360796e-11
0.23743611574173,-2.85453572092224e-22,-6.04880867616231e-11,-7.19021647777041e-11
0.237948939204216,1.86615157171392e-22,-2.30809451412517e-11,-3.30408339577204e-11
0.238461762666702,9.99639742821762e-23,4.70799788043763e-11,5.28157795276485e-11
0.238974586129189,-2.84757203550418e-22,-6.04883296229097e-11,-7.1902456211248e-11
0.239487409591675,1.86971760165875e-22,-2.30805739104278e-11,-3.30404037462984e-11
0.240000233054161,9.99049359320295e-23,4.70798504348391e-11,5.28156442192174e-11
0.240513041615486,-2.8541040562349e-22,-6.04885724841964e-11,-7.19027545836859e-11
0.241025865077972,1.86985000407308e-22,-2.30802044143275e-11,-3.30399735348763e-11
0.241538688540459,1.00092463946419e-22,4.70797220653019e-11,5.28155123802332e-11
0.242051512002945,-2.85515898414624e-22,-6.0488815345483e-11,-7.19030529561238e-11
0.242564335465431,1.86805152742692e-22,-2.30798331835036e-11,-3.30395433234543e-11
0.243077158927917,1.00245982589462e-22,4.70795936957646e-11,5.28153770718021e-11
0.243589982390404,-2.84940875612703e-22,-6.04890512678757e-11,-7.19033443896677e-11
0.244102790951729,1.86910746508022e-22,-2.30794619526797e-11,-3.30391131120322e-11
0.244615614414215,9.9487275103482e-23,4.70794653262274e-11,5.28152452328179e-11
0.245128437876701,-2.8520585714621e-22,-6.04892941291624e-11,-7.19036427621056e-11
0.245641261339188,1.87312636429352e-22,-2.30790924565794e-11,-3.30386829006102e-11
0.246154084801674,9.99098016260929e-23,4.70793334872432e-11,5.28151099243868e-11
0.24666690826416,-2.85476114581452e-22,-6.0489536990449e-11,-7.19039411345435e-11
0.247179716825485,1.8691409127826e-22,-2.30787212257555e-11,-3.30382526891881e-11
0.247692540287971,1.006644890769e-22,4.7079205117706e-11,5.28149746159556e-11
0.248205363750458,-2.84909043497455e-22,-6.04897798517356e-11,-7.19042325680874e-11
0.248718187212944,1.87030287334155e-22,-2.30783499949316e-11,-3.30378224777661e-11
0.24923101067543,9.96334794282121e-23,4.70790767481688e-11,5.28148427769715e-11
0.249743834137917,-2.85260787108763e-22,-6.04900227130223e-11,-7.19045309405253e-11
0.250256657600403,1.87473336862076e-22,-2.30779787641078e-11,-3.30373922663441e-11
0.250769466161728,9.97574063209787e-23,4.70789483786316e-11,5.28147074685403e-11
0.251282304525375,-2.85483334236456e-22,-6.04902655743089e-11,-7.19048293129632e-11
0.2517951130867,1.86868198506238e-22,-2.30776092680074e-11,-3.3036965524369e-11
0.252307921648026,1.00394553496908e-22,4.70788200090944e-11,5.28145756295562e-11
0.252820760011673,-2.85089004758042e-22,-6.04905084355956e-11,-7.19051207465071e-11
0.253333568572998,1.86953761515461e-22,-2.30772380371835e-11,-3.30365353129469e-11
0.253846406936646,9.99750372675111e-23,4.70786916395571e-11,5.2814440321125e-11
0.254359215497971,-2.85227793790263e-22,-6.04907443579883e-11,-7.1905419118945e-11
0.254872024059296,1.87231087144414e-22,-2.30768668063597e-11,-3.30361051015249e-11
0.255384862422943,9.97170608188421e-23,4.7078559800573e-11,5.28143050126939e-11
0.255897670984268,-2.85483384723554e-22,-6.04909872192749e-11,-7.1905710552489e-11
0.256410509347916,1.87100779944646e-22,-2.30764973102593e-11,-3.30356748901028e-11
0.256923317909241,1.00401451296663e-22,4.70784314310357e-11,5.28141731737097e-11
0.257436156272888,-2.85347195776877e-22,-6.04912300805616e-11,-7.19060089249268e-11
0.257948964834213,1.86819175534144e-22,-2.30761260794354e-11,-3.30352446786808e-11
0.258461773395538,9.98145198505167e-23,4.70783030614985e-11,5.28140378652786e-11
0.258974611759186,-2.85056238631482e-22,-6.04914729418482e-11,-7.19063072973647e-11
0.259487420320511,1.87099164357512e-22,-2.30757548486116e-11,-3.30348144672588e-11
0.260000258684158,9.95992933520234e-23,4.70781746919613e-11,5.28139025568475e-11
0.260513067245483,-2.85417877713985e-22,-6.04917158031348e-11,-7.19065987309087e-11
0.261025875806808,1.87471998953981e-22,-2.30753853525112e-11,-3.30343842558367e-11
0.261538714170456,1.00379382123978e-22,4.70780463224241e-11,5.28137707178633e-11
0.262051522731781,-2.85226228690227e-22,-6.04919586644215e-11,-7.19068971033465e-11
0.262564361095428,1.87119889311214e-22,-2.30750141216873e-11,-3.30339540444147e-11
0.263077169656754,1.00062266350967e-22,4.70779179528868e-11,5.28136354094322e-11
0.263590008020401,-2.85090140717745e-22,-6.04921945868142e-11,-7.19071954757844e-11
0.264102816581726,1.87260357039441e-22,-2.30746428908635e-11,-3.30335273024396e-11
0.264615625143051,9.98570994067369e-23,4.70777861139027e-11,5.2813503570448e-11
0.265128463506699,-2.85337325549231e-22,-6.04924374481008e-11,-7.19074869093284e-11
0.265641272068024,1.87303611860596e-22,-2.30742716600396e-11,-3.30330970910175e-11
0.266154110431671,1.0063442401008e-22,4.70776577443655e-11,5.28133682620169e-11
0.266666918992996,-2.85014334340197e-22,-6.04926803093875e-11,-7.19077852817662e-11
0.267179727554321,1.86916893312195e-22,-2.30739021639392e-11,-3.30326668795955e-11
0.267692565917969,1.00037294170151e-22,4.70775293748282e-11,5.28132329535858e-11
0.268205374479294,-2.85086404672498e-22,-6.04929231706741e-11,-7.19080836542041e-11
0.268718212842941,1.87534363141704e-22,-2.30735309331154e-11,-3.30322366681735e-11
0.269231021404266,1.00244916049518e-22,4.7077401005291e-11,5.28131011146016e-11
0.269743859767914,-2.85141309391501e-22,-6.04931660319608e-11,-7.19083750877481e-11
0.270256668329239,1.87143757086762e-22,-2.30731597022915e-11,-3.30318064567514e-11
0.270769476890564,1.00361635909055e-22,4.70772726357538e-11,5.28129658061705e-11
0.271282315254211,-2.84703687226608e-22,-6.04934088932474e-11,-7.19086734601859e-11
0.271795123815536,1.87222201415177e-22,-2.30727902061911e-11,-3.30313762453294e-11
0.272307962179184,1.00212011083439e-22,4.70771442662166e-11,5.28128339671863e-11
0.272820770740509,-2.84961449105111e-22,-6.04936448156401e-11,-7.19089648937299e-11
0.273333579301834,1.87655986560627e-22,-2.30724189753673e-11,-3.30309460339073e-11
0.273846417665482,1.00260346168824e-22,4.70770124272324e-11,5.28126986587552e-11
0.274359226226807,-2.8534368692357e-22,-6.04938876769268e-11,-7.19092632661678e-11
0.274872064590454,1.87006495289254e-22,-2.30720477445434e-11,-3.30305158224853e-11
0.275384873151779,9.99574046485576e-23,4.70768840576952e-11,5.2812563350324e-11
0.275897711515427,-2.849177272783e-22,-6.04941305382134e-11,-7.19095616386056e-11
0.276410520076752,1.86929502464904e-22,-2.3071678248443e-11,-3.30300856110632e-11
0.276923328638077,1.00137820293025e-22,4.70767556881579e-11,5.28124315113399e-11
0.277436167001724,-2.84992852080026e-22,-6.04943733995e-11,-7.19098530721496e-11
0.277948975563049,1.87429577169942e-22,-2.30713070176192e-11,-3.30296588690882e-11
0.278461813926697,9.98889441437589e-23,4.70766273186207e-11,5.28122962029087e-11
0.278974622488022,-2.85338032368602e-22,-6.04946162607867e-11,-7.19101514445875e-11
0.279487431049347,1.87434360822471e-22,-2.30709357867953e-11,-3.30292286576661e-11
0.280000269412994,1.00133244899775e-22,4.70764989490835e-11,5.28121608944776e-11
0.280513077974319,-2.85233069691997e-22,-6.04948591220733e-11,-7.19104498170253e-11
0.281025916337967,1.87069919706033e-22,-2.30705645559715e-11,-3.30287984462441e-11
0.281538724899292,1.0005374665319e-22,4.70763705795463e-11,5.28120290554934e-11
0.282051563262939,-2.8479259500607e-22,-6.04951019833599e-11,-7.19107412505693e-11
0.282564371824265,1.87264484359697e-22,-2.30701950598711e-11,-3.3028368234822e-11
0.28307718038559,9.99613868184071e-23,4.70762387405621e-11,5.28118937470623e-11
0.283590018749237,-2.85334523515295e-22,-6.04953379057527e-11,-7.19110396230072e-11
0.284102827310562,1.87455249859241e-22,-2.30698238290472e-11,-3.30279380234e-11
0.28461566567421,1.00689480190377e-22,4.70761103710249e-11,5.28117619080781e-11
0.285128474235535,-2.84870875251417e-22,-6.04955807670393e-11,-7.1911337995445e-11
0.28564128279686,1.87101310059174e-22,-2.30694525982234e-11,-3.30275078119779e-11
0.286154121160507,1.00278912799089e-22,4.70759820014877e-11,5.2811626599647e-11
0.286666929721832,-2.84668068579016e-22,-6.0495823628326e-11,-7.1911629428989e-11
0.28717976808548,1.87661363436557e-22,-2.3069083102123e-11,-3.30270776005559e-11
0.287692576646805,1.00252022108552e-22,4.70758536319504e-11,5.28114912912159e-11
0.288205415010452,-2.84956678074356e-22,-6.04960664896126e-11,-7.19119278014269e-11
0.288718223571777,1.87571029396579e-22,-2.30687118712991e-11,-3.30266473891339e-11
0.289231032133102,1.00223326504264e-22,4.70757252624132e-11,5.28113594522317e-11
0.28974387049675,-2.84912779542702e-22,-6.04963093508992e-11,-7.19122192349708e-11
0.290256679058075,1.87281675216544e-22,-2.30683406404752e-11,-3.30262171777118e-11
0.290769517421722,1.00303159227872e-22,4.7075593423429e-11,5.28112241438006e-11
0.291282325983047,-2.84663045112771e-22,-6.04965522121859e-11,-7.19125176074087e-11
0.291795134544373,1.87477337964588e-22,-2.30679711443749e-11,-3.30257904357367e-11
0.29230797290802,1.00594930477721e-22,4.70754650538918e-11,5.28110923048164e-11
0.292820781469345,-2.84823240674516e-22,-6.04967881345786e-11,-7.19128159798466e-11
0.293333619832993,1.87637735474724e-22,-2.3067599913551e-11,-3.30253602243147e-11
0.293846428394318,1.00187202985692e-22,4.70753366843546e-11,5.28109569963853e-11
0.294359266757965,-2.85149791223954e-22,-6.04970309958652e-11,-7.19131074133905e-11
0.29487207531929,1.87707331939227e-22,-2.30672286827271e-11,-3.30249300128926e-11
0.295384883880615,1.00593106631308e-22,4.70752083148174e-11,5.28108216879541e-11
0.295897722244263,-2.84682305940633e-22,-6.04972738571519e-11,-7.19134057858284e-11
0.296410530805588,1.87487296544655e-22,-2.30668574519033e-11,-3.30244998014706e-11
0.296923369169235,1.00025694759401e-22,4.70750799452802e-11,5.281068984897e-11
0.29743617773056,-2.84604783001755e-22,-6.04975167184385e-11,-7.19137041582663e-11
0.297948986291885,1.87817633626438e-22,-2.30664879558029e-11,-3.30240695900486e-11
0.298461824655533,9.98364375619074e-23,4.70749515757429e-11,5.28105545405388e-11
0.298974633216858,-2.85404574363679e-22,-6.04977595797251e-11,-7.19139955918102e-11
0.299487471580505,1.87828008725064e-22,-2.3066116724979e-11,-3.30236393786265e-11
0.30000028014183,1.00443462873031e-22,4.70748197367588e-11,5.28104192321077e-11
0.300513118505478,-2.84597134206418e-22,-6.04980024410118e-11,-7.19142939642481e-11
0.301025927066803,1.8727932756649e-22,-2.30657454941552e-11,-3.30232091672045e-11
0.301538735628128,1.00052067957184e-22,4.70746913672215e-11,5.28102873931235e-11
0.302051573991776,-2.84527159088681e-22,-6.04982383634045e-11,-7.19145853977921e-11
0.302564382553101,1.87661729468018e-22,-2.30653759980548e-11,-3.30227789557824e-11
0.303077220916748,1.00065503836122e-22,4.70745629976843e-11,5.28101520846924e-11
0.303590029478073,-2.85133307186479e-22,-6.04984812246911e-11,-7.19148837702299e-11
0.304102867841721,1.87683539894325e-22,-2.30650047672309e-11,-3.30223487443604e-11
0.304615676403046,1.00735379273287e-22,4.70744346281471e-11,5.28100167762613e-11
0.305128484964371,-2.84905357939306e-22,-6.04987240859778e-11,-7.19151821426678e-11
0.305641323328018,1.87337930465417e-22,-2.30646335364071e-11,-3.30219220023853e-11
0.306154131889343,1.00493009648766e-22,4.70743062586099e-11,5.28098849372771e-11
0.306666970252991,-2.84803979846654e-22,-6.04989669472644e-11,-7.19154735762118e-11
0.307179778814316,1.87529945520635e-22,-2.30642623055832e-11,-3.30214917909633e-11
0.307692587375641,1.0010220795632e-22,4.70741744196257e-11,5.2809749628846e-11
0.308205425739288,-2.85076761636793e-22,-6.04992098085511e-11,-7.19157719486496e-11
0.308718234300613,1.87605878115928e-22,-2.30638928094828e-11,-3.30210615795412e-11
0.309231072664261,1.00569768970288e-22,4.70740460500885e-11,5.28096177898618e-11
0.309743881225586,-2.85105488795517e-22,-6.04994526698377e-11,-7.19160703210875e-11
0.310256719589233,1.87431066539331e-22,-2.3063521578659e-11,-3.30206313681192e-11
0.310769528150558,1.00255827573559e-22,4.70739176805512e-11,5.28094824814307e-11
0.311282336711884,-2.84659435285269e-22,-6.04996885922304e-11,-7.19163617546315e-11
0.311795175075531,1.87499665883649e-22,-2.30631503478351e-11,-3.30202011566971e-11
0.312307983636856,9.99420691925601e-23,4.7073789311014e-11,5.28093471729996e-11
0.312820822000504,-2.84768765095845e-22,-6.04999314535171e-11,-7.19166601270693e-11
0.313333630561829,1.87832855486465e-22,-2.30627808517347e-11,-3.30197709452751e-11
0.313846439123154,1.00778552052907e-22,4.70736609414768e-11,5.28092153340154e-11
0.314359277486801,-2.85092059227467e-22,-6.05001743148037e-11,-7.19169515606133e-11
0.314872086048126,1.87099038139767e-22,-2.30624096209109e-11,-3.3019340733853e-11
0.315384924411774,1.00779037991225e-22,4.70735325719396e-11,5.28090800255843e-11
0.315897732973099,-2.84404096787467e-22,-6.05004171760903e-11,-7.19172499330512e-11
0.316410571336746,1.87585292001745e-22,-2.3062038390087e-11,-3.3018910522431e-11
0.316923379898071,1.00140496109216e-22,4.70734007329554e-11,5.28089447171531e-11
0.317436188459396,-2.84875898717662e-22,-6.0500660037377e-11,-7.1917548305489e-11
0.317949026823044,1.87481301201775e-22,-2.30616688939866e-11,-3.3018480311009e-11
0.318461835384369,1.00448360121531e-22,4.70732723634182e-11,5.2808812878169e-11
0.318974673748016,-2.84880997914553e-22,-6.05009028986636e-11,-7.1917839739033e-11
0.319487482309341,1.8753347961749e-22,-2.30612976631628e-11,-3.30180500995869e-11
0.320000290870667,1.00455390449918e-22,4.7073143993881e-11,5.28086775697378e-11
0.320513129234314,-2.84292671762326e-22,-6.05011388210563e-11,-7.19181381114709e-11
0.321025937795639,1.87396167332884e-22,-2.30609264323389e-11,-3.30176233576118e-11
0.321538776159286,1.00500355521516e-22,4.70730156243437e-11,5.28085422613067e-11
0.322051584720612,-2.84717192525306e-22,-6.0501381682343e-11,-7.19184364839087e-11
0.322564423084259,1.88204364796614e-22,-2.30605552015151e-11,-3.30171931461898e-11
0.323077231645584,1.00491999906808e-22,4.70728872548065e-11,5.28084104223225e-11
0.323590040206909,-2.84862999264139e-22,-6.05016245436296e-11,-7.19187279174527e-11
0.324102878570557,1.87628673040645e-22,-2.30601857054147e-11,-3.30167629347677e-11
0.324615687131882,1.00811027878654e-22,4.70727554158223e-11,5.28082751138914e-11
0.325128525495529,-2.84333490581006e-22,-6.05018674049163e-11,-7.19190262898906e-11
0.325641334056854,1.87441744560544e-22,-2.30598144745908e-11,-3.30163327233457e-11
0.326154142618179,1.00642318930019e-22,4.70726270462851e-11,5.28081432749072e-11
0.326666980981827,-2.84637271449276e-22,-6.05021102662029e-11,-7.19193177234345e-11
0.327179789543152,1.87742824369074e-22,-2.3059443243767e-11,-3.30159025119237e-11
0.327692627906799,1.00447066389646e-22,4.70724986767479e-11,5.28080079664761e-11
0.328205436468124,-2.85000551362461e-22,-6.05023531274895e-11,-7.19196160958724e-11
0.328718274831772,1.87899384859768e-22,-2.30590737476666e-11,-3.30154723005016e-11
0.329231083393097,1.00635787161724e-22,4.70723703072107e-11,5.2807872658045e-11
0.329743891954422,-2.84641638583247e-22,-6.05025890498823e-11,-7.19199144683103e-11
0.330256730318069,1.87631273126189e-22,-2.30587025168427e-11,-3.30150420890796e-11
0.330769538879395,1.00541092298661e-22,4.70722419376735e-11,5.28077408190608e-11
0.331282377243042,-2.84525063874117e-22,-6.05028319111689e-11,-7.19202059018542e-11
0.331795185804367,1.87924476947441e-22,-2.30583312860189e-11,-3.30146118776575e-11
0.332307994365692,1.00589938565913e-22,4.70721100986893e-11,5.28076055106297e-11
0.33282083272934,-2.84783684033285e-22,-6.05030747724555e-11,-7.19205042742921e-11
0.333333641290665,1.87562055314921e-22,-2.3057960055195e-11,-3.30141816662355e-11
0.333846479654312,1.01199955237589e-22,4.70719817291521e-11,5.28074702021986e-11
0.334359288215637,-2.84417122458734e-22,-6.05033176337422e-11,-7.192080264673e-11
0.334872126579285,1.87612567656404e-22,-2.30575905590946e-11,-3.30137549242604e-11
0.33538493514061,1.00158633599149e-22,4.70718533596148e-11,5.28073383632144e-11
0.335897743701935,-2.84391045872651e-22,-6.05035604950288e-11,-7.19210940802739e-11
0.336410582065582,1.88081681148634e-22,-2.30572193282708e-11,-3.30133247128384e-11
0.336923390626907,1.00371007576609e-22,4.70717249900776e-11,5.28072030547833e-11
0.337436228990555,-2.84623513715089e-22,-6.05038033563154e-11,-7.19213924527118e-11
0.33794903755188,1.87607468459513e-22,-2.30568480974469e-11,-3.30128945014163e-11
0.338461846113205,1.00510370899569e-22,4.70715966205404e-11,5.28070677463521e-11
0.338974684476852,-2.84489975341053e-22,-6.05040392787082e-11,-7.19216838862557e-11
0.339487493038177,1.87651733022627e-22,-2.30564786013465e-11,-3.30124642899943e-11
0.340000331401825,1.0049414560847e-22,4.70714647815562e-11,5.2806935907368e-11
0.34051313996315,-2.84421489592705e-22,-6.05042821399948e-11,-7.19219822586936e-11
0.341025978326797,1.88056980335969e-22,-2.30561073705227e-11,-3.30120340785722e-11
0.341538786888123,1.00142288401192e-22,4.7071336412019e-11,5.28068005989368e-11
0.342051595449448,-2.84818520130859e-22,-6.05045250012815e-11,-7.19222806311315e-11
0.342564433813095,1.87962064591853e-22,-2.30557361396988e-11,-3.30116038671502e-11
0.34307724237442,1.00707447286354e-22,4.70712080424818e-11,5.28066652905057e-11
0.343590080738068,-2.84411619365059e-22,-6.05047678625681e-11,-7.19225720646754e-11
0.344102889299393,1.87720875103247e-22,-2.30553649088749e-11,-3.30111736557281e-11
0.344615697860718,1.00265634692333e-22,4.70710796729445e-11,5.28065334515215e-11
0.345128536224365,-2.84404323979408e-22,-6.05050107238547e-11,-7.19228704371133e-11
0.34564134478569,1.8799721623379e-22,-2.30549954127746e-11,-3.30107434443061e-11
0.346154183149338,1.00367031717646e-22,4.70709513034073e-11,5.28063981430904e-11
0.346666991710663,-2.84587743606202e-22,-6.05052535851414e-11,-7.19231688095512e-11
0.34717983007431,1.87652427220223e-22,-2.30546241819507e-11,-3.30103132328841e-11
0.347692638635635,1.01000695283818e-22,4.70708194644232e-11,5.28062663041062e-11
0.34820544719696,-2.84398846129282e-22,-6.05054895075341e-11,-7.19234602430951e-11
0.348718285560608,1.87960524735366e-22,-2.30542529511268e-11,-3.3009886490909e-11
0.349231094121933,1.00367006474097e-22,4.70706910948859e-11,5.28061309956751e-11
0.34974393248558,-2.84729536620751e-22,-6.05057323688207e-11,-7.1923758615533e-11
0.350256741046906,1.87986790648066e-22,-2.30538834550265e-11,-3.30094562794869e-11
0.350769549608231,1.00585287442016e-22,4.70705627253487e-11,5.2805995687244e-11
0.351282387971878,-2.84580877360883e-22,-6.05059752301074e-11,-7.1924050049077e-11
0.351795196533203,1.8787036740023e-22,-2.30535122242026e-11,-3.30090260680649e-11
0.352308034896851,1.0061321311806e-22,4.70704343558115e-11,5.28058638482598e-11
0.352820843458176,-2.84480534253739e-22,-6.0506218091394e-11,-7.19243484215148e-11
0.353333681821823,1.87853984336951e-22,-2.30531409933787e-11,-3.30085958566428e-11
0.353846490383148,1.00433308655459e-22,4.70703059862743e-11,5.28057285398287e-11
0.354359298944473,-2.84720625647965e-22,-6.05064609526806e-11,-7.19246467939527e-11
0.354872137308121,1.88005382521881e-22,-2.30527697625549e-11,-3.30081656452208e-11
0.355384945869446,1.00666931390262e-22,4.70701741472901e-11,5.28055932313976e-11
0.355897784233093,-2.84395539224367e-22,-6.05066968750734e-11,-7.19249382274967e-11
0.356410592794418,1.87429072298962e-22,-2.30524002664545e-11,-3.30077354337988e-11
0.356923401355743,1.00690086035552e-22,4.70700457777529e-11,5.28054613924134e-11
0.357436239719391,-2.84270457439235e-22,-6.050693973636e-11,-7.19252365999345e-11
0.357949048280716,1.87794396939614e-22,-2.30520290356306e-11,-3.30073052223767e-11
0.358461886644363,1.00605905110634e-22,4.70699174082156e-11,5.28053260839823e-11
0.358974695205688,-2.84301885657699e-22,-6.05071825976466e-11,-7.19255349723724e-11
0.359487533569336,1.88048978130947e-22,-2.30516578048068e-11,-3.30068750109547e-11
0.360000342130661,1.00891176146624e-22,4.70697890386784e-11,5.28051907755511e-11
0.360513150691986,-2.84515799491646e-22,-6.05074254589333e-11,-7.19258264059164e-11
0.361025989055634,1.88118637704322e-22,-2.30512883087064e-11,-3.30064447995326e-11
0.361538797616959,1.0063003163256e-22,4.70696606691412e-11,5.2805058936567e-11
0.362051635980606,-2.84194423869747e-22,-6.05076683202199e-11,-7.19261247783543e-11
0.362564444541931,1.88016426574554e-22,-2.30509170778825e-11,-3.30060145881106e-11
0.363077253103256,1.00431825596957e-22,4.7069528830157e-11,5.28049236281358e-11
0.363590091466904,-2.84266216523009e-22,-6.05079111815066e-11,-7.19264162118982e-11
0.364102900028229,1.88283124669391e-22,-2.30505458470587e-11,-3.30055878461355e-11
0.364615738391876,1.00458924546774e-22,4.70694004606198e-11,5.28047883197047e-11
0.365128546953201,-2.84498886313838e-22,-6.05081471038993e-11,-7.19267145843361e-11
0.365641385316849,1.88277709928138e-22,-2.30501746162348e-11,-3.30051576347135e-11
0.366154193878174,1.00998316079328e-22,4.70692720910826e-11,5.28046564807205e-11
0.366667002439499,-2.84250010164572e-22,-6.05083899651859e-11,-7.1927012956774e-11
0.367179840803146,1.88270149485222e-22,-2.30498051201344e-11,-3.30047274232914e-11
0.367692649364471,1.00876534888223e-22,4.70691437215454e-11,5.28045211722894e-11
0.368205487728119,-2.84255058874365e-22,-6.05086328264726e-11,-7.19273043903179e-11
0.368718296289444,1.88245032154e-22,-2.30494338893106e-11,-3.30042972118694e-11
0.369231134653091,1.00961056601052e-22,4.70690153520081e-11,5.28043858638583e-11
0.369743943214417,-2.84358002067053e-22,-6.05088756877592e-11,-7.19276027627558e-11
0.370256751775742,1.88045746956679e-22,-2.30490626584867e-11,-3.30038670004473e-11
0.370769590139389,1.00743078555721e-22,4.7068883513024e-11,5.28042540248741e-11
0.371282398700714,-2.84416870023244e-22,-6.05091185490458e-11,-7.19278941962997e-11
0.371795237064362,1.88078816005826e-22,-2.30486931623863e-11,-3.30034367890253e-11
0.372308045625687,1.00793736047611e-22,4.70687551434867e-11,5.2804118716443e-11
0.372820854187012,-2.84407605640773e-22,-6.05093614103325e-11,-7.19281925687376e-11
0.373333692550659,1.87809252768181e-22,-2.30483219315625e-11,-3.30030065776032e-11
0.373846501111984,1.00230735485886e-22,4.70686267739495e-11,5.28039834080118e-11
0.374359339475632,-2.84409574637593e-22,-6.05095973327252e-11,-7.19284909411755e-11
0.374872148036957,1.87743026317466e-22,-2.30479507007386e-11,-3.30025763661812e-11
0.375384986400604,1.00477421757279e-22,4.70684984044123e-11,5.28038515690277e-11
0.375897794961929,-2.84374258912588e-22,-6.05098401940118e-11,-7.19287823747194e-11
0.376410603523254,1.88148601796945e-22,-2.30475794699148e-11,-3.30021461547592e-11
0.376923441886902,1.00701849529371e-22,4.70683700348751e-11,5.28037162605965e-11
0.377436250448227,-2.84400385985769e-22,-6.05100830552985e-11,-7.19290807471573e-11
0.377949088811874,1.88224509148689e-22,-2.30472099738144e-11,-3.30017159433371e-11
0.378461897373199,1.01062920632022e-22,4.70682381958909e-11,5.28035809521654e-11
0.378974705934525,-2.84516102414234e-22,-6.05103259165851e-11,-7.19293791195952e-11
0.379487544298172,1.87732815301909e-22,-2.30468387429905e-11,-3.3001289201362e-11
0.380000352859497,1.00285293106091e-22,4.70681098263537e-11,5.28034491131812e-11
0.380513191223145,-2.84383851461195e-22,-6.05105687778718e-11,-7.19296705531391e-11
0.38102599978447,1.88134212974034e-22,-2.30464675121667e-11,-3.300085898994e-11
0.381538838148117,1.00569024285594e-22,4.70679814568165e-11,5.28033138047501e-11
0.382051646709442,-2.84343512269946e-22,-6.05108047002645e-11,-7.1929968925577e-11
0.382564455270767,1.88266261978681e-22,-2.30460980160663e-11,-3.30004287785179e-11
0.383077293634415,1.00839837078912e-22,4.70678530872792e-11,5.2803178496319e-11
0.38359010219574,-2.84545915045564e-22,-6.05110475615511e-11,-7.1930260359121e-11
0.384102940559387,1.87704504661742e-22,-2.30457267852424e-11,-3.29999985670959e-11
0.384615749120712,1.00949577097159e-22,4.7067724717742e-11,5.28030466573348e-11
0.385128557682037,-2.84375041462606e-22,-6.05112904228378e-11,-7.19305587315588e-11
0.385641396045685,1.87700301610839e-22,-2.30453555544186e-11,-3.29995683556739e-11
0.38615420460701,1.00359654290461e-22,4.70675928787578e-11,5.28029113489037e-11
0.386667042970657,-2.84457335432239e-22,-6.05115332841244e-11,-7.19308571039967e-11
0.387179851531982,1.88096701060269e-22,-2.30449843235947e-11,-3.29991381442518e-11
0.38769268989563,1.0054645024193e-22,4.70674645092206e-11,5.28027760404726e-11
0.388205498456955,-2.84706009633113e-22,-6.0511776145411e-11,-7.19311485375407e-11
0.38871830701828,1.87871086841376e-22,-2.30446148274943e-11,-3.29987079328298e-11
0.389231145381927,1.00921209659008e-22,4.70673361396834e-11,5.28026442014884e-11
0.389743953943253,-2.8420631358131e-22,-6.05120190066977e-11,-7.19314469099785e-11
0.3902567923069,1.87631916836687e-22,-2.30442435966705e-11,-3.29982777214077e-11
0.390769600868225,1.0077275865842e-22,4.70672077701462e-11,5.28025088930573e-11
0.39128240942955,-2.84384760228958e-22,-6.05122549290904e-11,-7.19317383435225e-11
0.391795247793198,1.88111052017857e-22,-2.30438723658466e-11,-3.29978475099857e-11
0.392308056354523,1.00596148478959e-22,4.7067075931162e-11,5.28023735846261e-11
0.39282089471817,-2.84761141544057e-22,-6.0512497790377e-11,-7.19320367159604e-11
0.393333703279495,1.8771848958787e-22,-2.30435028697462e-11,-3.29974172985636e-11
0.393846541643143,1.01117238438511e-22,4.70669475616248e-11,5.2802241745642e-11
0.394359350204468,-2.84530667941988e-22,-6.05127406516637e-11,-7.19323350883982e-11
0.394872158765793,1.87644033740192e-22,-2.30431316389224e-11,-3.29969905565886e-11
0.39538499712944,1.00613749543476e-22,4.70668191920876e-11,5.28021064372108e-11
0.395897805690765,-2.84309584940134e-22,-6.05129835129503e-11,-7.19326265219422e-11
0.396410644054413,1.88169326750647e-22,-2.30427604080985e-11,-3.29965603451665e-11
0.396923452615738,1.00554774302202e-22,4.70666908225503e-11,5.28019711287797e-11
0.397436261177063,-2.84465741534045e-22,-6.0513226374237e-11,-7.19329248943801e-11
0.39794909954071,1.87962493732186e-22,-2.30423891772746e-11,-3.29961301337445e-11
0.398461908102036,1.00560353126523e-22,4.70665624530131e-11,5.28018392897955e-11
0.398974746465683,-2.84326270926002e-22,-6.05134692355236e-11,-7.19332232668179e-11
0.399487555027008,1.8815607388744e-22,-2.30420196811743e-11,-3.29956999223224e-11
0.400000393390656,1.00832346055756e-22,4.70664306140289e-11,5.28017039813644e-11
0.400513201951981,-2.84197528826269e-22,-6.05137051579163e-11,-7.19335147003619e-11
0.401026010513306,1.88282039196785e-22,-2.30416484503504e-11,-3.29952697109004e-11
0.401538848876953,1.00667915888672e-22,4.70663022444917e-11,5.28015686729333e-11
0.402051657438278,-2.84643127952636e-22,-6.0513948019203e-11,-7.19338130727998e-11
0.402564495801926,1.88411033732007e-22,-2.30412772195265e-11,-3.29948394994783e-11
0.403077304363251,1.00856283251064e-22,4.70661738749545e-11,5.28014368339491e-11
0.403590112924576,-2.84378525072363e-22,-6.05141908804896e-11,-7.19341045063437e-11
0.404102951288223,1.87894841020954e-22,-2.30409059887027e-11,-3.29944092880563e-11
0.404615759849548,1.00479201427481e-22,4.70660455054173e-11,5.2801301525518e-11
0.405128598213196,-2.8400981779615e-22,-6.05144337417762e-11,-7.19344028787816e-11
0.405641406774521,1.88205462890994e-22,-2.30405364926023e-11,-3.29939790766343e-11
0.406154245138168,1.00535873194913e-22,4.70659136664331e-11,5.28011662170869e-11
0.406667053699493,-2.84564923437936e-22,-6.05146766030629e-11,-7.19347012512195e-11
0.407179862260818,1.88579685882656e-22,-2.30401652617784e-11,-3.29935488652122e-11
0.407692700624466,1.00951994166973e-22,4.70657852968959e-11,5.28010343781027e-11
0.408205509185791,-2.84415910768384e-22,-6.05149125254556e-11,-7.19349926847634e-11
0.408718347549438,1.88199152003752e-22,-2.30397940309546e-11,-3.29931186537902e-11
0.409231156110764,1.00893410200708e-22,4.70656569273586e-11,5.28008990696716e-11
0.409743964672089,-2.84051696843887e-22,-6.05151553867422e-11,-7.19352910572013e-11
0.410256803035736,1.88113248206617e-22,-2.30394245348542e-11,-3.29926919118151e-11
0.410769611597061,1.00592330392177e-22,4.70655285578214e-11,5.28007637612404e-11
0.411282449960709,-2.84286032708948e-22,-6.05153982480289e-11,-7.19355824907453e-11
0.411795258522034,1.88362149599432e-22,-2.30390533040303e-11,-3.2992261700393e-11
0.412308096885681,1.01416601685712e-22,4.70654001882842e-11,5.28006284528093e-11
0.412820905447006,-2.84385896188662e-22,-6.05156411093155e-11,-7.19358808631831e-11
0.413333714008331,1.88061322226392e-22,-2.30386820732065e-11,-3.2991831488971e-11
0.413846552371979,1.00758761110517e-22,4.70652683493e-11,5.28004966138251e-11
0.414359360933304,-2.83918865289222e-22,-6.05158839706021e-11,-7.1936179235621e-11
0.414872199296951,1.88313189736211e-22,-2.30383108423826e-11,-3.2991401277549e-11
0.415385007858276,1.00742567373855e-22,4.70651399797628e-11,5.2800361305394e-11
0.415897816419601,-2.84122858408425e-22,-6.05161268318888e-11,-7.1936470669165e-11
0.416410654783249,1.88432907267187e-22,-2.30379413462822e-11,-3.29909710661269e-11
0.416923463344574,1.00651299322564e-22,4.70650116102256e-11,5.28002259969629e-11
0.417436301708221,-2.84525164848313e-22,-6.05163627542815e-11,-7.19367690416028e-11
0.417949110269547,1.88008727292119e-22,-2.30375701154584e-11,-3.29905408547049e-11
0.418461948633194,1.00622117779959e-22,4.70648832406884e-11,5.28000941579787e-11
0.418974757194519,-2.83838464585762e-22,-6.05166056155682e-11,-7.19370604751468e-11
0.419487565755844,1.88074915877511e-22,-2.30371988846345e-11,-3.29901106432828e-11
0.420000404119492,1.00542638466036e-22,4.70647514017042e-11,5.27999588495476e-11
0.420513212680817,-2.84207070887779e-22,-6.05168484768548e-11,-7.19373588475847e-11
0.421026051044464,1.88380501659531e-22,-2.30368293885341e-11,-3.29896804318608e-11
0.421538859605789,1.00951312591151e-22,4.7064623032167e-11,5.27998235411165e-11
0.422051668167114,-2.84730672580454e-22,-6.05170913381414e-11,-7.19376572200225e-11
0.422564506530762,1.88076985848526e-22,-2.30364581577103e-11,-3.29892502204387e-11
0.423077315092087,1.00517174036015e-22,4.70644946626297e-11,5.27996917021323e-11
0.423590153455734,-2.83834248913084e-22,-6.05173341994281e-11,-7.19379486535665e-11
0.424102962017059,1.88418606796697e-22,-2.30360869268864e-11,-3.29888200090167e-11
0.424615800380707,1.00656979121082e-22,4.70643662930925e-11,5.27995563937012e-11
0.425128608942032,-2.84169861896602e-22,-6.05175701218208e-11,-7.19382470260044e-11
0.425641417503357,1.88718664241494e-22,-2.30357156960626e-11,-3.29883932670416e-11
0.426154255867004,1.01478555665764e-22,4.70642379235553e-11,5.279942108527e-11
0.426667064428329,-2.84399174295418e-22,-6.05178129831074e-11,-7.19385384595483e-11
0.427179902791977,1.88082350102681e-22,-2.30353461999622e-11,-3.29879630556196e-11
0.427692711353302,1.01079732835634e-22,4.70641060845711e-11,5.27992892462859e-11
0.428205549716949,-2.83625913903459e-22,-6.05180558443941e-11,-7.19388368319862e-11
0.428718358278275,1.88261150160015e-22,-2.30349749691383e-11,-3.29875328441975e-11
0.4292311668396,1.00441380280242e-22,4.70639777150339e-11,5.27991539378547e-11
0.429744005203247,-2.84318748348409e-22,-6.05182987056807e-11,-7.19391352044241e-11
0.430256813764572,1.88666511069328e-22,-2.30346037383145e-11,-3.29871026327755e-11
0.43076965212822,1.01160146160868e-22,4.70638493454967e-11,5.27990186294236e-11
0.431282460689545,-2.84208736962011e-22,-6.05185415669673e-11,-7.1939426637968e-11
0.43179526925087,1.87995158884549e-22,-2.30342325074906e-11,-3.29866724213534e-11
0.432308107614517,1.01179211351226e-22,4.70637209759595e-11,5.27988867904394e-11
0.432820916175842,-2.8367599710461e-22,-6.05187774893601e-11,-7.19397250104059e-11
0.43333375453949,1.88600019561349e-22,-2.30338630113902e-11,-3.29862422099314e-11
0.433846563100815,1.00694055583627e-22,4.70635891369753e-11,5.27987514820083e-11
0.434359401464462,-2.84339700494052e-22,-6.05190203506467e-11,-7.19400233828438e-11
0.434872210025787,1.88934950969044e-22,-2.30334917805664e-11,-3.29858119985094e-11
0.435385018587112,1.01402812397089e-22,4.70634607674381e-11,5.27986161735772e-11
0.43589785695076,-2.84307111072336e-22,-6.05192632119333e-11,-7.19403148163877e-11
0.436410665512085,1.878717179301e-22,-2.30331205497425e-11,-3.29853817870873e-11
0.436923503875732,1.01466445073147e-22,4.70633323979008e-11,5.2798480865146e-11
0.437436312437057,-2.8372241999116e-22,-6.051950607322e-11,-7.19406131888256e-11
0.437949120998383,1.88469724983356e-22,-2.30327510536421e-11,-3.29849515756653e-11
0.43846195936203,1.00810409411704e-22,4.70632040283636e-11,5.27983490261619e-11
0.438974767923355,-2.84099306177239e-22,-6.05197489345066e-11,-7.19409046223696e-11
0.439487606287003,1.88756378103651e-22,-2.30323798228182e-11,-3.29845213642432e-11
0.440000414848328,1.01238975453405e-22,4.70630721893794e-11,5.27982137177307e-11
0.440513253211975,-2.84488435484566e-22,-6.05199917957933e-11,-7.19412029948074e-11
0.4410260617733,1.88184662206645e-22,-2.30320085919944e-11,-3.29840946222681e-11
0.441538870334625,1.01521842041356e-22,4.70629438198422e-11,5.27980784092996e-11
0.442051708698273,-2.83330766328936e-22,-6.0520227718186e-11,-7.19415013672453e-11
0.442564517259598,1.88126236012561e-22,-2.30316373611705e-11,-3.29836644108461e-11
0.443077355623245,1.00329835348243e-22,4.7062815450305e-11,5.27979465703154e-11
0.44359016418457,-2.84001462181442e-22,-6.05204705794726e-11,-7.19417928007893e-11
0.444102972745895,1.88942675495028e-22,-2.30312678650701e-11,-3.29832341994241e-11
0.444615811109543,1.01434310035312e-22,4.70626870807678e-11,5.27978112618843e-11
0.445128619670868,-2.84178015562918e-22,-6.05207134407593e-11,-7.19420911732271e-11
0.445641458034515,1.88301287402873e-22,-2.30308966342463e-11,-3.2982803988002e-11
0.44615426659584,1.01336895179848e-22,4.70625552417836e-11,5.27976759534532e-11
0.446667104959488,-2.8355869033256e-22,-6.05209563020459e-11,-7.19423826067711e-11
0.447179913520813,1.88454162335417e-22,-2.30305254034224e-11,-3.298237377658e-11
0.447692722082138,1.01309423887685e-22,4.70624268722464e-11,5.2797544114469e-11
0.448205560445786,-2.8394456322207e-22,-6.05211991633325e-11,-7.1942680979209e-11
0.448718369007111,1.88714612651885e-22,-2.30301541725986e-11,-3.29819435651579e-11
0.449231207370758,1.0130684904569e-22,4.70622985027092e-11,5.27974088060379e-11
0.449744015932083,-2.84102335403115e-22,-6.05214350857253e-11,-7.19429793516468e-11
0.450256824493408,1.885462255585e-22,-2.30297846764982e-11,-3.29815133537359e-11
0.450769662857056,1.00681200306316e-22,4.70621701331719e-11,5.27972734976068e-11
0.451282471418381,-2.8383485475826e-22,-6.05216779470119e-11,-7.19432707851908e-11
0.451795309782028,1.88544736189111e-22,-2.30294134456743e-11,-3.29810831423138e-11
0.452308118343353,1.006354526847e-22,4.70620417636347e-11,5.27971381891756e-11
0.452820956707001,-2.83764677692131e-22,-6.05219208082985e-11,-7.19435691576287e-11
0.453333765268326,1.88621943583627e-22,-2.30290422148505e-11,-3.29806529308918e-11
0.453846573829651,1.01290636376366e-22,4.70619099246505e-11,5.27970063501915e-11
0.454359412193298,-2.84069771224947e-22,-6.05221636695852e-11,-7.19438605911726e-11
0.454872220754623,1.88482132187673e-22,-2.30286727187501e-11,-3.29802227194698e-11
0.455385059118271,1.01594455109959e-22,4.70617815551133e-11,5.27968710417603e-11
0.455897867679596,-2.83718936381403e-22,-6.05224065308718e-11,-7.19441589636105e-11
0.456410676240921,1.88543751690702e-22,-2.30283014879262e-11,-3.29797925080477e-11
0.456923514604568,1.0100258854999e-22,4.70616531855761e-11,5.27967357333292e-11
0.457436323165894,-2.83590370986513e-22,-6.05226424532646e-11,-7.19444573360484e-11
0.457949161529541,1.88574914851901e-22,-2.30279302571024e-11,-3.29793657660726e-11
0.458461970090866,1.01095257618248e-22,4.70615248160389e-11,5.2796603894345e-11
0.458974808454514,-2.84056215439152e-22,-6.05228853145512e-11,-7.19447487695923e-11
0.459487617015839,1.88507703902777e-22,-2.30275590262785e-11,-3.29789355546506e-11
0.460000425577164,1.01308830664284e-22,4.70613929770547e-11,5.27964685859139e-11
0.460513263940811,-2.83857725413624e-22,-6.05231281758378e-11,-7.19450471420302e-11
0.461026072502136,1.8860708775506e-22,-2.30271895301781e-11,-3.29785053432285e-11
0.461538910865784,1.00807790393499e-22,4.70612646075175e-11,5.27963332774828e-11
0.462051719427109,-2.83372266723438e-22,-6.05233710371245e-11,-7.19453385755742e-11
0.462564527988434,1.88683133946323e-22,-2.30268182993543e-11,-3.29780751318065e-11
0.463077366352081,1.00821882604709e-22,4.70611362379803e-11,5.27962014384986e-11
0.463590174913406,-2.84151610810698e-22,-6.05236138984111e-11,-7.1945636948012e-11
0.464103013277054,1.88869532311896e-22,-2.30264470685304e-11,-3.29776449203845e-11
0.464615821838379,1.01338176289958e-22,4.7061007868443e-11,5.27960661300675e-11
0.465128660202026,-2.84117885429278e-22,-6.05238567596977e-11,-7.19459353204499e-11
0.465641468763351,1.88601887583973e-22,-2.30260758377065e-11,-3.29772147089624e-11
0.466154277324677,1.00916848835924e-22,4.70608760294589e-11,5.27959308216364e-11
0.466667115688324,-2.83389785746421e-22,-6.05240926820905e-11,-7.19462267539939e-11
0.467179924249649,1.89157498096738e-22,-2.30257063416062e-11,-3.29767844975404e-11
0.467692762613297,1.01074236052846e-22,4.70607476599216e-11,5.27957955132052e-11
0.468205571174622,-2.84134117031264e-22,-6.05243355433771e-11,-7.19465251264317e-11
0.468718379735947,1.8890377518607e-22,-2.30253351107823e-11,-3.29763542861183e-11
0.469231218099594,1.01463478956144e-22,4.70606192903844e-11,5.27956636742211e-11
0.469744026660919,-2.84019056935072e-22,-6.05245784046637e-11,-7.19468165599757e-11
0.470256865024567,1.88358842694518e-22,-2.30249638799584e-11,-3.29759240746963e-11
0.470769673585892,1.01034420665238e-22,4.70604909208472e-11,5.27955283657899e-11
0.471282511949539,-2.83188544174056e-22,-6.05248212659504e-11,-7.19471149324136e-11
0.471795320510864,1.88764165738507e-22,-2.30245943838581e-11,-3.29754938632743e-11
0.472308129072189,1.01451690218776e-22,4.7060359081863e-11,5.27953930573588e-11
0.472820967435837,-2.83929391849141e-22,-6.0525064127237e-11,-7.19474133048514e-11
0.473333775997162,1.88665160539459e-22,-2.30242231530342e-11,-3.29750636518522e-11
0.473846614360809,1.01808835949562e-22,4.70602307123258e-11,5.27952612183746e-11
0.474359422922134,-2.83949056573787e-22,-6.05253000496297e-11,-7.19477047383954e-11
0.474872231483459,1.88651440670595e-22,-2.30238519222103e-11,-3.29746369098771e-11
0.475385069847107,1.00887831376386e-22,4.70601023427886e-11,5.27951259099435e-11
0.475897878408432,-2.8320750207933e-22,-6.05255429109164e-11,-7.19480031108333e-11
0.476410716772079,1.88947320308038e-22,-2.30234806913865e-11,-3.29742066984551e-11
0.476923525333405,1.006159141778e-22,4.70599739732513e-11,5.27949906015124e-11
0.477436363697052,-2.83816704646552e-22,-6.0525785772203e-11,-7.19482945443772e-11
0.477949172258377,1.89040936009382e-22,-2.30231111952861e-11,-3.2973776487033e-11
0.478461980819702,1.02069078006751e-22,4.70598421342672e-11,5.27948552930813e-11
0.47897481918335,-2.83957336457848e-22,-6.05260286334897e-11,-7.19485929168151e-11
0.479487627744675,1.88166360633644e-22,-2.30227399644622e-11,-3.2973346275611e-11
0.480000466108322,1.01481300901715e-22,4.70597137647299e-11,5.27947234540971e-11
0.480513274669647,-2.83373478413788e-22,-6.05262714947763e-11,-7.1948891289253e-11
0.481026083230972,1.89079937292537e-22,-2.30223687336384e-11,-3.2972916064189e-11
0.48153892159462,1.01089363249565e-22,4.70595853951927e-11,5.2794588145666e-11
0.482051730155945,-2.83764627205033e-22,-6.0526507417169e-11,-7.19491827227969e-11
0.482564568519592,1.8914461126499e-22,-2.30219975028145e-11,-3.29724858527669e-11
0.483077377080917,1.0158886997475e-22,4.70594570256555e-11,5.27944528372348e-11
0.483590215444565,-2.83768640929319e-22,-6.05267502784557e-11,-7.19494810952348e-11
0.48410302400589,1.88509521438302e-22,-2.30216280067141e-11,-3.29720556413449e-11
0.484615832567215,1.01674767460998e-22,4.70593251866713e-11,5.27943209982507e-11
0.485128670930862,-2.83121295359607e-22,-6.05269931397423e-11,-7.19497725287788e-11
0.485641479492188,1.88698582998291e-22,-2.30212567758903e-11,-3.29716254299228e-11
0.486154317855835,1.01310824904653e-22,4.70591968171341e-11,5.27941856898195e-11
0.48666712641716,-2.83618542787161e-22,-6.05272360010289e-11,-7.19500709012166e-11
0.487179964780807,1.89026913217931e-22,-2.30208855450664e-11,-3.29711952185008e-11
0.487692773342133,1.01240774056269e-22,4.70590684475969e-11,5.27940503813884e-11
0.488205581903458,-2.83920329415062e-22,-6.05274788623156e-11,-7.19503692736545e-11
0.488718420267105,1.88580783977036e-22,-2.30205143142426e-11,-3.29707650070787e-11
0.48923122882843,1.01585499960963e-22,4.70589400780597e-11,5.27939150729573e-11
0.489744067192078,-2.83147674868278e-22,-6.05277147847083e-11,-7.19506607071985e-11
0.490256875753403,1.88797550332016e-22,-2.30201448181422e-11,-3.29703347956567e-11
0.490769684314728,1.01116986003022e-22,4.70588082390755e-11,5.27937832339731e-11
0.491282522678375,-2.8365741785257e-22,-6.05279576459949e-11,-7.19509590796363e-11
0.4917953312397,1.89265073480661e-22,-2.30197735873183e-11,-3.29699080536816e-11
0.492308169603348,1.02045014593698e-22,4.70586798695383e-11,5.2793647925542e-11
0.492820978164673,-2.837373389286e-22,-6.05282005072816e-11,-7.19512505131803e-11
0.49333381652832,1.88759369464204e-22,-2.30194023564945e-11,-3.29694778422596e-11
0.493846625089645,1.01719915548326e-22,4.7058551500001e-11,5.27935126171108e-11
0.49435943365097,-2.83378198957445e-22,-6.05284433685682e-11,-7.19515488856182e-11
0.494872272014618,1.88728496603817e-22,-2.30190328603941e-11,-3.29690476308375e-11
0.495385080575943,1.01148401599711e-22,4.70584231304638e-11,5.27933807781267e-11
0.49589791893959,-2.83386478841506e-22,-6.05286862298549e-11,-7.19518403191621e-11
0.496410727500916,1.89070458339899e-22,-2.30186616295702e-11,-3.29686174194155e-11
0.496923536062241,1.01023868861769e-22,4.70582912914796e-11,5.27932454696955e-11
0.497436374425888,-2.83772932332643e-22,-6.05289221522476e-11,-7.19521386916e-11
0.497949182987213,1.88512739990795e-22,-2.30182903987464e-11,-3.29681872079934e-11
0.498462021350861,1.01554810116307e-22,4.70581629219424e-11,5.27931101612644e-11
0.498974829912186,-2.83308552005845e-22,-6.05291650135342e-11,-7.19524370640379e-11
0.499487668275833,1.88685267026211e-22,-2.30179191679225e-11,-3.29677569965714e-11
0.500000476837158,1.01374274564981e-22,4.70580345524052e-11,5.27929748528333e-11
0.500513315200806,-2.83470691320861e-22,-6.05294078748209e-11,-7.19527284975818e-11
0.501026093959808,1.89213538775445e-22,-2.30175496718221e-11,-3.29673267851494e-11
0.501538932323456,1.01539468349422e-22,4.7057902713421e-11,5.27928430138491e-11
0.502051770687103,-2.8364153966027e-22,-6.05296507361075e-11,-7.19530268700197e-11
0.502564609050751,1.8885783192695e-22,-2.30171784409983e-11,-3.29668965737273e-11
0.503077387809753,1.01329391534918e-22,4.70577743438838e-11,5.2792707705418e-11
0.503590226173401,-2.83577320071697e-22,-6.05298935973941e-11,-7.19533183035637e-11
0.504103064537048,1.88659152574804e-22,-2.30168072101744e-11,-3.29664663623053e-11
0.504615843296051,1.01124369741095e-22,4.70576459743466e-11,5.27925723969869e-11
0.505128681659698,-2.83654060460557e-22,-6.05301295197869e-11,-7.19536166760015e-11
0.505641520023346,1.89241256192211e-22,-2.30164359793505e-11,-3.29660361508832e-11
0.506154298782349,1.01394702906983e-22,4.70575176048094e-11,5.27924405580027e-11
0.506667137145996,-2.83843790974594e-22,-6.05303723810735e-11,-7.19539150484394e-11
0.507179975509644,1.8850579801483e-22,-2.30160664832502e-11,-3.29656059394612e-11
0.507692813873291,1.00897581697174e-22,4.70573857658252e-11,5.27923052495716e-11
0.508205592632294,-2.83563360389119e-22,-6.05306152423601e-11,-7.19542064819834e-11
0.508718430995941,1.88792312295606e-22,-2.30156952524263e-11,-3.29651791974861e-11
0.509231269359589,1.01211706109633e-22,4.7057257396288e-11,5.27921699411404e-11
0.509744048118591,-2.83672765930342e-22,-6.05308581036468e-11,-7.19545048544212e-11
0.510256886482239,1.89129124347699e-22,-2.30153240216024e-11,-3.29647489860641e-11
0.510769724845886,1.01446060907357e-22,4.70571290267507e-11,5.27920346327093e-11
0.511282563209534,-2.8361806315973e-22,-6.05311009649334e-11,-7.19547962879652e-11
0.511795341968536,1.88715294227707e-22,-2.30149527907786e-11,-3.2964318774642e-11
0.512308180332184,1.01396949582841e-22,4.70570006572135e-11,5.27919027937251e-11
0.512821018695831,-2.83389154657697e-22,-6.05313368873261e-11,-7.19550946604031e-11
0.513333797454834,1.88813453767866e-22,-2.30145832946782e-11,-3.296388856322e-11
0.513846635818481,1.0110724199312e-22,4.70568688182293e-11,5.2791767485294e-11
0.514359474182129,-2.83449259547787e-22,-6.05315797486128e-11,-7.19553930328409e-11
0.514872312545776,1.89046931352262e-22,-2.30142120638543e-11,-3.29634583517979e-11
0.515385091304779,1.01254841023931e-22,4.70567404486921e-11,5.27916321768629e-11
0.515897929668427,-2.83489825930978e-22,-6.05318226098994e-11,-7.19556844663849e-11
0.516410768032074,1.88765983274033e-22,-2.30138408330305e-11,-3.29630281403759e-11
0.516923546791077,1.01549742473852e-22,4.70566120791549e-11,5.27914968684318e-11
0.517436385154724,-2.83297747766887e-22,-6.05320654711861e-11,-7.19559828388228e-11
0.517949223518372,1.8886602345859e-22,-2.30134713369301e-11,-3.29625979289538e-11
0.518462002277374,1.011621088468e-22,4.70564837096177e-11,5.27913650294476e-11
0.518974840641022,-2.83493385271382e-22,-6.05323083324727e-11,-7.19562742723667e-11
0.519487679004669,1.89091688164581e-22,-2.30131001061062e-11,-3.29621677175318e-11
0.520000517368317,1.01269274023053e-22,4.70563518706335e-11,5.27912297210165e-11
0.520513296127319,-2.83500100055407e-22,-6.05325442548654e-11,-7.19565726448046e-11
0.521026134490967,1.89039736940807e-22,-2.30127288752824e-11,-3.29617375061098e-11
0.521538972854614,1.01181243456917e-22,4.70562235010963e-11,5.27910944125853e-11
0.522051751613617,-2.83446684705793e-22,-6.05327871161521e-11,-7.19568710172425e-11
0.522564589977264,1.89403597455618e-22,-2.30123576444585e-11,-3.29613072946877e-11
0.523077428340912,1.01357153127894e-22,4.70560951315591e-11,5.27909591041542e-11
0.523590266704559,-2.83506814839432e-22,-6.05330299774387e-11,-7.19571624507864e-11
0.524103045463562,1.89082196590169e-22,-2.30119881483581e-11,-3.29608770832657e-11
0.524615883827209,1.01076028344823e-22,4.70559667620218e-11,5.279082726517e-11
0.525128722190857,-2.8352276876238e-22,-6.05332728387253e-11,-7.19574608232243e-11
0.52564150094986,1.89024603433201e-22,-2.30116169175343e-11,-3.29604503412906e-11
0.526154339313507,1.01393276646466e-22,4.70558349230377e-11,5.27906919567389e-11
0.526667177677155,-2.83510803320169e-22,-6.0533515700012e-11,-7.19577522567683e-11
0.527180016040802,1.88968587998043e-22,-2.30112456867104e-11,-3.29600201298685e-11
0.527692794799805,1.01497172783128e-22,4.70557065535004e-11,5.27905566483078e-11
0.528205633163452,-2.83356716697274e-22,-6.05337516224047e-11,-7.19580506292061e-11
0.5287184715271,1.88810702221028e-22,-2.30108744558866e-11,-3.29595899184465e-11
0.529231250286102,1.01587992761424e-22,4.70555781839632e-11,5.27904248093236e-11
0.52974408864975,-2.83624828430853e-22,-6.05339944836913e-11,-7.19583420627501e-11
0.530256927013397,1.89193306070948e-22,-2.30105049597862e-11,-3.29591597070245e-11
0.5307697057724,1.01257302269955e-22,4.7055446344979e-11,5.27902895008925e-11
0.531282544136047,-2.83878273662483e-22,-6.0534237344978e-11,-7.1958640435188e-11
0.531795382499695,1.8895180103798e-22,-2.30101337289623e-11,-3.29587294956024e-11
0.532308220863342,1.02058179104485e-22,4.70553179754418e-11,5.27901541924614e-11
0.532820999622345,-2.83077220123111e-22,-6.05344802062646e-11,-7.19589388076258e-11
0.533333837985992,1.88759306355331e-22,-2.30097624981385e-11,-3.29582992841804e-11
0.53384667634964,1.01120905063999e-22,4.70551896059046e-11,5.27900188840302e-11
0.534359455108643,-2.83420406171318e-22,-6.05347230675513e-11,-7.19592302411698e-11
0.53487229347229,1.89364899095051e-22,-2.30093912673146e-11,-3.29578690727583e-11
0.535385131835938,1.01513316032692e-22,4.70550612363674e-11,5.27898870450461e-11
0.535897970199585,-2.8360854634177e-22,-6.0534958989944e-11,-7.19595286136077e-11
0.536410748958588,1.88948531998389e-22,-2.30090217712142e-11,-3.29574388613363e-11
0.536923587322235,1.02039896464145e-22,4.70549293973832e-11,5.27897517366149e-11
0.537436425685883,-2.83008885836057e-22,-6.05352018512306e-11,-7.19598200471516e-11
0.537949204444885,1.88784373199456e-22,-2.30086505403904e-11,-3.29570086499142e-11
0.538462042808533,1.01242162451462e-22,4.7054801027846e-11,5.27896164281838e-11
0.53897488117218,-2.82938607795733e-22,-6.05354447125173e-11,-7.19601184195895e-11
0.539487719535828,1.89795692879949e-22,-2.30082793095665e-11,-3.29565784384922e-11
0.54000049829483,1.01465075610616e-22,4.70546726583088e-11,5.27894811197527e-11
0.540513336658478,-2.83646588370063e-22,-6.05356875738039e-11,-7.19604167920274e-11
0.541026175022125,1.89071291377015e-22,-2.30079080787426e-11,-3.29561482270702e-11
0.541538953781128,1.02126109494755e-22,4.70545408193246e-11,5.27893492807685e-11
0.542051792144775,-2.83334931514516e-22,-6.05359304350905e-11,-7.19607082255713e-11
0.542564630508423,1.88798648426397e-22,-2.30075385826423e-11,-3.29557180156481e-11
0.543077409267426,1.01397549117129e-22,4.70544124497874e-11,5.27892139723374e-11
0.543590247631073,-2.83151335182878e-22,-6.05361663574833e-11,-7.19610065980092e-11
0.54410308599472,1.8945987794804e-22,-2.30071673518184e-11,-3.2955291273673e-11
0.544615924358368,1.01240944450225e-22,4.70542840802501e-11,5.27890786639063e-11
0.545128703117371,-2.83620663245274e-22,-6.05364092187699e-11,-7.19612980315532e-11
0.545641541481018,1.88990688725164e-22,-2.30067961209945e-11,-3.2954861062251e-11
0.546154379844666,1.01619528264971e-22,4.70541557107129e-11,5.27889433554751e-11
0.546667158603668,-2.83615791240323e-22,-6.05366520800565e-11,-7.1961596403991e-11
0.547179996967316,1.88885385260647e-22,-2.30064248901707e-11,-3.29544308508289e-11
0.547692835330963,1.01735844227724e-22,4.70540238717287e-11,5.2788811516491e-11
0.548205673694611,-2.83332280941874e-22,-6.05368949413432e-11,-7.19618947764289e-11
0.548718452453613,1.89535659082039e-22,-2.30060553940703e-11,-3.29540006394069e-11
0.549231290817261,1.01203300007827e-22,4.70538955021915e-11,5.27886762080598e-11
0.549744129180908,-2.83301635273428e-22,-6.05371378026298e-11,-7.19621862099729e-11
0.550256907939911,1.89472487100749e-22,-2.30056841632464e-11,-3.29535704279849e-11
0.550769746303558,1.02122707926532e-22,4.70537671326543e-11,5.27885408996287e-11
0.551282584667206,-2.83772099295527e-22,-6.05373737250225e-11,-7.19624845824107e-11
0.551795423030853,1.89040431138403e-22,-2.30053129324226e-11,-3.29531402165628e-11
0.552308201789856,1.02181449664978e-22,4.70536387631171e-11,5.27884055911976e-11
0.552821040153503,-2.83201998985655e-22,-6.05376165863092e-11,-7.19627760159547e-11
0.553333878517151,1.8933767392749e-22,-2.30049434363222e-11,-3.29527100051408e-11
0.553846657276154,1.01480796030735e-22,4.70535069241329e-11,5.27882737522134e-11
0.554359495639801,-2.83367849102369e-22,-6.05378594475958e-11,-7.19630743883926e-11
0.554872334003448,1.89517067208225e-22,-2.30045722054983e-11,-3.29522797937187e-11
0.555385172367096,1.01744010515815e-22,4.70533785545957e-11,5.27881384437823e-11
0.555897951126099,-2.83547355979074e-22,-6.05381023088825e-11,-7.19633658219365e-11
0.556410789489746,1.88880336550854e-22,-2.30042009746745e-11,-3.29518495822967e-11
0.556923627853394,1.02161103364511e-22,4.70532501850585e-11,5.27880031353511e-11
0.557436406612396,-2.82783561917977e-22,-6.05383451701691e-11,-7.19636641943744e-11
0.557949244976044,1.89371841071017e-22,-2.30038297438506e-11,-3.29514193708746e-11
0.558462083339691,1.01160550057652e-22,4.70531183460743e-11,5.278786782692e-11
0.558974862098694,-2.83292244673212e-22,-6.05385810925618e-11,-7.19639625668123e-11
0.559487700462341,1.89401704189445e-22,-2.30034602477502e-11,-3.29509891594526e-11
0.560000538825989,1.01653550258091e-22,4.70529899765371e-11,5.27877359879358e-11
0.560513377189636,-2.83330614867642e-22,-6.05388239538485e-11,-7.19642540003562e-11
0.561026155948639,1.88806322465283e-22,-2.30030890169264e-11,-3.29505589480306e-11
0.561538994312286,1.01923214469932e-22,4.70528616069998e-11,5.27876006795047e-11
0.562051832675934,-2.8309433524931e-22,-6.05390668151351e-11,-7.19645523727941e-11
0.562564611434937,1.89215659233558e-22,-2.30027177861025e-11,-3.29501322060555e-11
0.563077449798584,1.01173645148678e-22,4.70527332374626e-11,5.27874653710736e-11
0.563590288162231,-2.83308728710688e-22,-6.05393096764217e-11,-7.19648438063381e-11
0.564103126525879,1.89184597046554e-22,-2.30023465552787e-11,-3.29497019946334e-11
0.564615905284882,1.01510728568923e-22,4.70526013984784e-11,5.27873300626425e-11
0.565128743648529,-2.8328669109244e-22,-6.05395525377084e-11,-7.19651421787759e-11
0.565641582012177,1.8909072890972e-22,-2.30019770591783e-11,-3.29492717832114e-11
0.566154360771179,1.01812237517786e-22,4.70524730289412e-11,5.27871982236583e-11
0.566667199134827,-2.82967865068985e-22,-6.05397884601011e-11,-7.19654336123199e-11
0.567180037498474,1.89156690303171e-22,-2.30016058283544e-11,-3.29488415717893e-11
0.567692875862122,1.01262773809194e-22,4.7052344659404e-11,5.27870629152272e-11
0.568205654621124,-2.83108825046418e-22,-6.05400313213877e-11,-7.19657319847578e-11
0.568718492984772,1.894883400495e-22,-2.30012345975306e-11,-3.29484113603673e-11
0.569231331348419,1.01281807445115e-22,4.70522128204198e-11,5.2786927606796e-11
0.569744110107422,-2.83552177496926e-22,-6.05402741826744e-11,-7.19660303571956e-11
0.570256948471069,1.89128531124298e-22,-2.30008633667067e-11,-3.29479811489453e-11
0.570769786834717,1.01385564742257e-22,4.70520844508826e-11,5.27867922983649e-11
0.571282565593719,-2.8300343322948e-22,-6.0540517043961e-11,-7.19663217907396e-11
0.571795403957367,1.89298167773357e-22,-2.30004938706063e-11,-3.29475509375232e-11
0.572308242321014,1.01488489002283e-22,4.70519560813454e-11,5.27866604593807e-11
0.572821080684662,-2.83451607197841e-22,-6.05407599052477e-11,-7.19666201631775e-11
0.573333859443665,1.89494600449644e-22,-2.30001226397825e-11,-3.29471207261012e-11
0.573846697807312,1.01268819639171e-22,4.70518277118082e-11,5.27865251509496e-11
0.574359536170959,-2.83316453236672e-22,-6.05409958276404e-11,-7.19669115967214e-11
0.574872314929962,1.89368483679005e-22,-2.29997514089586e-11,-3.29466905146791e-11
0.57538515329361,1.01612731439412e-22,4.7051695872824e-11,5.27863898425185e-11
0.575897991657257,-2.83230019325008e-22,-6.0541238688927e-11,-7.19672099691593e-11
0.576410830020905,1.88982370975779e-22,-2.29993801781347e-11,-3.29462603032571e-11
0.576923608779907,1.01131374825933e-22,4.70515675032868e-11,5.27862545340874e-11
0.577436447143555,-2.83571463568337e-22,-6.05414815502137e-11,-7.19675083415972e-11
0.577949285507202,1.89533753194092e-22,-2.29990106820344e-11,-3.2945830091835e-11
0.578462064266205,1.01721657353205e-22,4.70514391337495e-11,5.27861226951032e-11
0.578974902629852,-2.83823798083812e-22,-6.05417244115003e-11,-7.19677997751411e-11
0.5794877409935,1.88764254090929e-22,-2.29986394512105e-11,-3.2945399880413e-11
0.580000579357147,1.01748017929213e-22,4.70513072947654e-11,5.27859873866721e-11
0.58051335811615,-2.831813497626e-22,-6.0541960333893e-11,-7.1968098147579e-11
0.581026196479797,1.89163935201725e-22,-2.29982682203866e-11,-3.29449731384379e-11
0.581539034843445,1.01127544117377e-22,4.70511789252281e-11,5.27858520782409e-11
0.582051813602448,-2.83351617500383e-22,-6.05422031951797e-11,-7.19683895811229e-11
0.582564651966095,1.89515438999317e-22,-2.29978969895628e-11,-3.29445429270159e-11
0.583077490329742,1.01684858569698e-22,4.70510505556909e-11,5.27857167698098e-11
0.583590269088745,-2.83750945201493e-22,-6.05424460564663e-11,-7.19686879535608e-11
0.584103107452393,1.88640320887275e-22,-2.29975274934624e-11,-3.29441127155938e-11
0.58461594581604,1.01167523588054e-22,4.70509221861537e-11,5.27855849308256e-11
0.585128784179688,-2.83185085807847e-22,-6.05426889177529e-11,-7.19689793871048e-11
0.58564156293869,1.88812292564613e-22,-2.29971562626385e-11,-3.29436825041718e-11
0.586154401302338,1.01068581497877e-22,4.70507903471695e-11,5.27854496223945e-11
0.586667239665985,-2.83598827575417e-22,-6.05429317790396e-11,-7.19692777595426e-11
0.587180018424988,1.88793738556122e-22,-2.29967850318147e-11,-3.29432522927497e-11
0.587692856788635,1.01558445187358e-22,4.70506619776323e-11,5.27853143139634e-11
0.588205695152283,-2.83602210210979e-22,-6.05431677014323e-11,-7.19695761319805e-11
0.58871853351593,1.8868101348821e-22,-2.29964138009908e-11,-3.29428220813277e-11
0.589231312274933,1.01033688602318e-22,4.70505336080951e-11,5.27851790055323e-11
0.58974415063858,-2.83457842354436e-22,-6.05434105627189e-11,-7.19698675655245e-11
0.590256989002228,1.88975529974009e-22,-2.29960443048904e-11,-3.29423918699057e-11
0.59076976776123,1.01401461867219e-22,4.70504017691109e-11,5.27850436971011e-11
0.591282606124878,-2.83455923844715e-22,-6.05436534240056e-11,-7.19701659379623e-11
0.591795444488525,1.88873811093446e-22,-2.29956730740666e-11,-3.29419616584836e-11
0.592308282852173,1.01132857884435e-22,4.70502733995737e-11,5.2784911858117e-11
0.592821061611176,-2.83509011028193e-22,-6.05438962852922e-11,-7.19704573715063e-11
0.593333899974823,1.88842736284668e-22,-2.29953018432427e-11,-3.29415314470616e-11
0.59384673833847,1.01139692575318e-22,4.70501450300365e-11,5.27847765496858e-11
0.594359517097473,-2.83507092518471e-22,-6.05441391465789e-11,-7.19707557439442e-11
0.594872355461121,1.8891782322107e-22,-2.29949306124189e-11,-3.29411012356395e-11
0.595385193824768,1.01165459927926e-22,4.70500131910523e-11,5.27846412412547e-11
0.595897972583771,-2.83720450994341e-22,-6.05443750689716e-11,-7.19710471774881e-11
0.596410810947418,1.89204198662327e-22,-2.29945611163185e-11,-3.29406710242175e-11
0.596923649311066,1.0160927938409e-22,4.70498848215151e-11,5.27845059328236e-11
0.597436487674713,-2.83582419268589e-22,-6.05446179302582e-11,-7.1971345549926e-11
0.597949266433716,1.88714284485749e-22,-2.29941898854946e-11,-3.29402408127955e-11
0.598462104797363,1.01220452999351e-22,4.70497564519778e-11,5.27843740938394e-11
0.598974943161011,-2.83640706623154e-22,-6.05448607915449e-11,-7.19716439223639e-11
0.599487721920013,1.8921940790058e-22,-2.29938186546708e-11,-3.29398106013734e-11
0.600000560283661,1.01339274384339e-22,4.70496280824406e-11,5.27842387854083e-11
0.600513398647308,-2.83771897347136e-22,-6.05451036528315e-11,-7.19719353559078e-11
0.601026237010956,1.89126473775057e-22,-2.29934474238469e-11,-3.29393838593983e-11
0.601539015769958,1.00864102440357e-22,4.70494962434564e-11,5.27841034769772e-11
0.602051854133606,-2.83451127570411e-22,-6.05453465141181e-11,-7.19722337283457e-11
0.602564692497253,1.89041882642469e-22,-2.29930779277465e-11,-3.29389536479763e-11
0.603077471256256,1.01158890294307e-22,4.70493678739192e-11,5.2783968168546e-11
0.603590309619904,-2.83627201324456e-22,-6.05455824365109e-11,-7.19725251618897e-11
0.604103147983551,1.88870011939326e-22,-2.29927066969227e-11,-3.29385234365542e-11
0.604615986347198,1.01563273016098e-22,4.7049239504382e-11,5.27838363295619e-11
0.605128765106201,-2.83615437830638e-22,-6.05458252977975e-11,-7.19728235343275e-11
0.605641603469849,1.89122157128184e-22,-2.29923354660988e-11,-3.29380932251322e-11
0.606154441833496,1.01323736979949e-22,4.70491076653978e-11,5.27837010211307e-11
0.606667220592499,-2.83732618384943e-22,-6.05460681590841e-11,-7.19731149678715e-11
0.607180058956146,1.89118181269222e-22,-2.29919642352749e-11,-3.29376630137102e-11
0.607692897319794,1.014801207658e-22,4.70489792958606e-11,5.27835657126996e-11
0.608205735683441,-2.83446659462244e-22,-6.05463110203708e-11,-7.19734133403094e-11
0.608718514442444,1.89149861923175e-22,-2.29915947391746e-11,-3.29372328022881e-11
0.609231352806091,1.0134711881718e-22,4.70488509263234e-11,5.27834304042685e-11
0.609744191169739,-2.8358433777831e-22,-6.05465469427635e-11,-7.19737117127472e-11
0.610256969928741,1.89155226177331e-22,-2.29912235083507e-11,-3.29368025908661e-11
0.610769808292389,1.01341546303746e-22,4.70487190873392e-11,5.27832950958373e-11
0.611282646656036,-2.83571741247376e-22,-6.05467898040501e-11,-7.19740031462912e-11
0.611795425415039,1.88842761528216e-22,-2.29908522775268e-11,-3.2936372379444e-11
0.612308263778687,1.01297325916843e-22,4.7048590717802e-11,5.27831632568532e-11
0.612821102142334,-2.83618037916181e-22,-6.05470326653368e-11,-7.19743015187291e-11
0.613333940505981,1.8888702609133e-22,-2.2990481046703e-11,-3.2935942168022e-11
0.613846719264984,1.01227224581361e-22,4.70484623482648e-11,5.2783027948422e-11
0.614359557628632,-2.83793480581502e-22,-6.05472755266234e-11,-7.1974592952273e-11
0.614872395992279,1.88963236365662e-22,-2.29901115506026e-11,-3.29355119565999e-11
0.615385174751282,1.01111262028293e-22,4.70483339787275e-11,5.27828926399909e-11
0.615898013114929,-2.8351274707344e-22,-6.05475183879101e-11,-7.19748913247109e-11
0.616410851478577,1.88855850308356e-22,-2.29897403197787e-11,-3.29350817451779e-11
0.616923689842224,1.00936406275486e-22,4.70482021397434e-11,5.27827573315598e-11
0.617436468601227,-2.83611121183764e-22,-6.05477543103028e-11,-7.19751896971488e-11
0.617949306964874,1.88959664403483e-22,-2.29893690889549e-11,-3.29346515337559e-11
0.618462145328522,1.01125606674994e-22,4.70480737702061e-11,5.27826254925756e-11
0.618974924087524,-2.83791309636291e-22,-6.05479971715894e-11,-7.19754811306927e-11
0.619487762451172,1.88954388501749e-22,-2.2988997858131e-11,-3.29342213223338e-11
0.620000600814819,1.01252916203322e-22,4.70479454006689e-11,5.27824901841445e-11
0.620513439178467,-2.83536955636899e-22,-6.05482400328761e-11,-7.19757795031306e-11
0.621026217937469,1.88856090122071e-22,-2.29886283620306e-11,-3.29337945803587e-11
0.621539056301117,1.01036837735051e-22,4.70478135616847e-11,5.27823548757134e-11
0.622051894664764,-2.83593248751096e-22,-6.05484828941627e-11,-7.19760709366746e-11
0.622564673423767,1.88964157755199e-22,-2.29882571312068e-11,-3.29333643689367e-11
0.623077511787415,1.01121491976512e-22,4.70476851921475e-11,5.27822195672822e-11
0.623590350151062,-2.83811883128699e-22,-6.05487257554493e-11,-7.19763693091124e-11
0.624103128910065,1.88742165985583e-22,-2.29878859003829e-11,-3.29329341575146e-11
0.624615967273712,1.0120647438411e-22,4.70475568226103e-11,5.27820842588511e-11
0.62512880563736,-2.83466223212693e-22,-6.05489616778421e-11,-7.19766607426564e-11
0.625641644001007,1.88873280978918e-22,-2.29875146695591e-11,-3.29325039460926e-11
0.62615442276001,1.01125669783866e-22,4.70474249836261e-11,5.27819524198669e-11
0.626667261123657,-2.8382629719516e-22,-6.05492045391287e-11,-7.19769591150943e-11
0.627180099487305,1.89197963505732e-22,-2.29871451734587e-11,-3.29320737346706e-11
0.627692878246307,1.01179905548822e-22,4.70472966140889e-11,5.27818171114358e-11
0.628205716609955,-2.83647446650728e-22,-6.05494474004153e-11,-7.19772505486382e-11
0.628718554973602,1.88910565700742e-22,-2.29867739426348e-11,-3.29316435232485e-11
0.62923139333725,1.01314971157571e-22,4.70471682445517e-11,5.27816818030047e-11
0.629744172096252,-2.83475639056458e-22,-6.0549690261702e-11,-7.19775489210761e-11
0.6302570104599,1.88877824817732e-22,-2.2986402711811e-11,-3.29312133118265e-11
0.630769848823547,1.01173840786183e-22,4.70470364055675e-11,5.27815464945736e-11
0.63128262758255,-2.83690587875913e-22,-6.05499261840947e-11,-7.1977847293514e-11
0.631795465946198,1.89160312752448e-22,-2.29860314809871e-11,-3.29307831004044e-11
0.632308304309845,1.01180176916974e-22,4.70469080360303e-11,5.27814146555894e-11
0.632821142673492,-2.83561290418103e-22,-6.05501690453814e-11,-7.19781387270579e-11
0.633333921432495,1.88681846525326e-22,-2.29856619848867e-11,-3.29303528889824e-11
0.633846759796143,1.01166520156982e-22,4.70467796664931e-11,5.27812793471583e-11
0.63435959815979,-2.8341058643077e-22,-6.0550411906668e-11,-7.19784370994958e-11
0.634872376918793,1.89288019866672e-22,-2.29852907540629e-11,-3.29299226775603e-11
0.63538521528244,1.01499690827137e-22,4.70466478275089e-11,5.27811440387271e-11
0.635898053646088,-2.83514791800906e-22,-6.05506547679546e-11,-7.19787285330398e-11
0.63641083240509,1.89090034712123e-22,-2.2984919523239e-11,-3.29294924661383e-11
0.636923670768738,1.0095934635061e-22,4.70465194579717e-11,5.2781008730296e-11
0.637436509132385,-2.83738247696363e-22,-6.05508976292413e-11,-7.19790269054776e-11
0.637949347496033,1.88943192987782e-22,-2.29845482924151e-11,-3.29290622547163e-11
0.638462126255035,1.01162392836726e-22,4.70463910884344e-11,5.27808734218649e-11
0.638974964618683,-2.83577824942677e-22,-6.0551133551634e-11,-7.19793183390216e-11
0.63948780298233,1.88985589528272e-22,-2.29841787963148e-11,-3.29286320432942e-11
0.640000581741333,1.01750188874425e-22,4.70462627188972e-11,5.27807415828807e-11
0.64051342010498,-2.83645957281339e-22,-6.05513764129206e-11,-7.19796167114595e-11
0.641026258468628,1.8897598435789e-22,-2.29838075654909e-11,-3.29282053013191e-11
0.641539096832275,1.01159742264085e-22,4.70461308799131e-11,5.27806062744496e-11
0.642051875591278,-2.83508203234626e-22,-6.05516192742073e-11,-7.19799150838973e-11
0.642564713954926,1.89108891643202e-22,-2.2983436334667e-11,-3.29277750898971e-11
0.643077552318573,1.01455716564836e-22,4.70460025103758e-11,5.27804709660185e-11
0.643590331077576,-2.83206012709941e-22,-6.05518621354939e-11,-7.19802065174413e-11
0.644103169441223,1.89108222689154e-22,-2.29830651038432e-11,-3.2927344878475e-11
0.644616007804871,1.01663729719212e-22,4.70458741408386e-11,5.27803356575873e-11
0.645128846168518,-2.83532563259379e-22,-6.05520980578866e-11,-7.19805048898792e-11
0.645641624927521,1.89103842933408e-22,-2.29826956077428e-11,-3.2926914667053e-11
0.646154463291168,1.01443807920611e-22,4.70457423018544e-11,5.27802003491562e-11
0.646667301654816,-2.83516836528372e-22,-6.05523409191733e-11,-7.19807963234231e-11
0.647180080413818,1.89094679525133e-22,-2.29823243769189e-11,-3.2926484455631e-11
0.647692918777466,1.01452782002269e-22,4.70456139323172e-11,5.2780068510172e-11
0.648205757141113,-2.83198237696859e-22,-6.05525837804599e-11,-7.1981094695861e-11
0.648718535900116,1.88928311915666e-22,-2.29819531460951e-11,-3.29260542442089e-11
0.649231374263763,1.01073320974196e-22,4.704548556278e-11,5.27799332017409e-11
0.649744212627411,-2.83528044664114e-22,-6.05528266417465e-11,-7.1981386129405e-11
0.650257050991058,1.88959386724444e-22,-2.29815819152712e-11,-3.29256240327869e-11
0.650769829750061,1.01566043495597e-22,4.70453537237958e-11,5.27797978933098e-11
0.651282668113708,-2.83666631747943e-22,-6.05530695030332e-11,-7.19816845018428e-11
0.651795506477356,1.89074244872245e-22,-2.29812124191708e-11,-3.29251938213648e-11
0.652308285236359,1.01253799727536e-22,4.70452253542586e-11,5.27796625848787e-11
0.652821123600006,-2.83284116250445e-22,-6.05533054254259e-11,-7.19819828742807e-11
0.653333961963654,1.88984049671785e-22,-2.2980841188347e-11,-3.29247636099428e-11
0.653846800327301,1.01091483707678e-22,4.70450969847214e-11,5.27795272764475e-11
0.654359579086304,-2.83109203699652e-22,-6.05535482867126e-11,-7.19822743078247e-11
0.654872417449951,1.89360102820748e-22,-2.29804699575231e-11,-3.29243333985207e-11
0.655385255813599,1.01334806276171e-22,4.70449651457372e-11,5.27793954374634e-11
0.655898034572601,-2.83625232327637e-22,-6.05537911479992e-11,-7.19825726802625e-11
0.656410872936249,1.89423754429468e-22,-2.29800987266993e-11,-3.29239031870987e-11
0.656923711299896,1.01567949383544e-22,4.70448367762e-11,5.27792601290322e-11
0.657436549663544,-2.83218154856994e-22,-6.05540340092858e-11,-7.19828641138065e-11
0.657949328422546,1.88974608584471e-22,-2.29797292305989e-11,-3.29234729756767e-11
0.658462166786194,1.01428377801305e-22,4.70447084066627e-11,5.27791248206011e-11
0.658975005149841,-2.83174483517281e-22,-6.05542699316786e-11,-7.19831624862444e-11
0.659487783908844,1.89415613384926e-22,-2.2979357999775e-11,-3.29230427642546e-11
0.660000622272491,1.01627177060308e-22,4.70445765676786e-11,5.277898951217e-11
0.660513460636139,-2.83713660479669e-22,-6.05545127929652e-11,-7.19834539197883e-11
0.661026239395142,1.89547144896819e-22,-2.29789867689512e-11,-3.29226125528326e-11
0.661539077758789,1.01346165873207e-22,4.70444481981414e-11,5.27788542037388e-11
0.662051916122437,-2.83499569940879e-22,-6.05547556542518e-11,-7.19837522922262e-11
0.662564754486084,1.89181504711806e-22,-2.29786155381273e-11,-3.29221858108575e-11
0.663077533245087,1.01290017909417e-22,4.70443198286041e-11,5.27787223647547e-11
0.663590371608734,-2.83344044435693e-22,-6.05549985155385e-11,-7.19840506646641e-11
0.664103209972382,1.89246267036681e-22,-2.29782443073034e-11,-3.29217555994354e-11
0.664615988731384,1.01401897318439e-22,4.704418798962e-11,5.27785870563235e-11
0.665128827095032,-2.83339980224309e-22,-6.05552413768251e-11,-7.1984342098208e-11
0.665641665458679,1.89452961215623e-22,-2.29778748112031e-11,-3.29213253880134e-11
0.666154503822327,1.00941038466721e-22,4.70440596200827e-11,5.27784517478924e-11
0.666667282581329,-2.83750465574063e-22,-6.05554772992178e-11,-7.19846404706459e-11
0.667180120944977,1.89090678422622e-22,-2.29775035803792e-11,-3.29208951765914e-11
0.667692959308624,1.02272843934013e-22,4.70439312505455e-11,5.27783164394613e-11
0.668205738067627,-2.83230776631477e-22,-6.05557201605045e-11,-7.19849319041899e-11
0.668718576431274,1.88879301565346e-22,-2.29771323495553e-11,-3.29204649651693e-11
0.669231414794922,1.01053757223746e-22,4.70437994115613e-11,5.27781811310302e-11
0.669744253158569,-2.83246276170543e-22,-6.05559630217911e-11,-7.19852302766277e-11
0.670257031917572,1.89503195878068e-22,-2.29767611187315e-11,-3.29200347537473e-11
0.670769870281219,1.01266655004848e-22,4.70436710420241e-11,5.2778049292046e-11
0.671282708644867,-2.83593122533351e-22,-6.05562058830778e-11,-7.19855217101717e-11
0.67179548740387,1.88983039929826e-22,-2.29763916226311e-11,-3.29196045423252e-11
0.672308325767517,1.01638094895236e-22,4.70435426724869e-11,5.27779139836149e-11
0.672821164131165,-2.83336824780688e-22,-6.05564418054705e-11,-7.19858200826096e-11
0.673334002494812,1.88814463509824e-22,-2.29760203918072e-11,-3.29191743309032e-11
0.673846781253815,1.01581959553221e-22,4.70434108335027e-11,5.27777786751837e-11
0.674359619617462,-2.83337152946825e-22,-6.05566846667571e-11,-7.19861115161535e-11
0.67487245798111,1.8945376900919e-22,-2.29756491609834e-11,-3.29187441194811e-11
0.675385236740112,1.00982229627748e-22,4.70432824639655e-11,5.27776433667526e-11
0.67589807510376,-2.83429948232828e-22,-6.05569275280438e-11,-7.19864098885914e-11
0.676410913467407,1.89361794138528e-22,-2.29752779301595e-11,-3.29183139080591e-11
0.67692369222641,1.00908600506299e-22,4.70431540944283e-11,5.27775080583215e-11
0.677436530590057,-2.83480864471094e-22,-6.05571703893304e-11,-7.19867082610293e-11
0.677949368953705,1.88859384405211e-22,-2.29749084340591e-11,-3.29178836966371e-11
0.678462207317352,1.01447455613437e-22,4.70430222554441e-11,5.27773762193373e-11
0.678974986076355,-2.83351289334246e-22,-6.0557413250617e-11,-7.19869996945732e-11
0.679487824440002,1.89059527883197e-22,-2.29745372032353e-11,-3.2917453485215e-11
0.68000066280365,1.01295571490189e-22,4.70428938859069e-11,5.27772409109062e-11
0.680513441562653,-2.83555560132488e-22,-6.05576491730098e-11,-7.19872980670111e-11
0.6810262799263,1.89322477311012e-22,-2.29741659724114e-11,-3.2917023273793e-11
0.681539118289948,1.01674231035583e-22,4.70427655163697e-11,5.27771056024751e-11
0.682051956653595,-2.83235295226743e-22,-6.05578920342964e-11,-7.19875895005551e-11
0.682564735412598,1.89183902848957e-22,-2.29737947415876e-11,-3.29165930623709e-11
0.683077573776245,1.01154617823644e-22,4.70426336773855e-11,5.27769702940439e-11
0.683590412139893,-2.83296510832988e-22,-6.0558134895583e-11,-7.19878878729929e-11
0.684103190898895,1.89384841498735e-22,-2.29734252454872e-11,-3.29161663203958e-11
0.684616029262543,1.01870871971149e-22,4.70425053078483e-11,5.27768349856128e-11
0.68512886762619,-2.8334679598253e-22,-6.05583777568697e-11,-7.19881793065369e-11
0.685641705989838,1.89144737482735e-22,-2.29730540146633e-11,-3.29157361089738e-11
0.68615448474884,1.01688335868568e-22,4.7042376938311e-11,5.27767031466286e-11
0.686667323112488,-2.83486948166395e-22,-6.05586136792624e-11,-7.19884776789748e-11
0.687180161476135,1.89086689941885e-22,-2.29726827838395e-11,-3.29153058975518e-11
0.687692940235138,1.01360295949741e-22,4.70422450993269e-11,5.27765678381975e-11
0.688205778598785,-2.83241252704299e-22,-6.0558856540549e-11,-7.19887760514126e-11
0.688718616962433,1.89352075372176e-22,-2.29723115530156e-11,-3.29148756861297e-11
0.689231395721436,1.01252998244856e-22,4.70421167297896e-11,5.27764325297664e-11
0.689744234085083,-2.83476017709693e-22,-6.05590994018357e-11,-7.19890674849566e-11
0.69025707244873,1.89049556681355e-22,-2.29719420569152e-11,-3.29144454747077e-11
0.690769910812378,1.0116327636094e-22,4.70419883602524e-11,5.27762972213353e-11
0.691282689571381,-2.83079037658636e-22,-6.05593422631223e-11,-7.19893658573945e-11
0.691795527935028,1.89329318312782e-22,-2.29715708260914e-11,-3.29140152632856e-11
0.692308366298676,1.01074393825027e-22,4.70418565212682e-11,5.27761619129041e-11
0.692821145057678,-2.83512166471813e-22,-6.0559585124409e-11,-7.19896572909384e-11
0.693333983421326,1.89191223478158e-22,-2.29711995952675e-11,-3.29135850518636e-11
0.693846821784973,1.01465277559008e-22,4.7041728151731e-11,5.277603007392e-11
0.694359660148621,-2.83502094295776e-22,-6.05598210468017e-11,-7.19899556633763e-11
0.694872438907623,1.8906519505994e-22,-2.29708283644436e-11,-3.29131548404415e-11
0.695385277271271,1.01988469044012e-22,4.70415997821938e-11,5.27758947654888e-11
0.695898115634918,-2.83222320042574e-22,-6.05600639080883e-11,-7.19902470969203e-11
0.696410894393921,1.8936956915161e-22,-2.29704571336198e-11,-3.29127246290195e-11
0.696923732757568,1.01168116811455e-22,4.70414679432096e-11,5.27757594570577e-11
0.697436571121216,-2.83369010305621e-22,-6.0560306769375e-11,-7.19905454693581e-11
0.697949409484863,1.89757726582302e-22,-2.29700876375194e-11,-3.29122944175975e-11
0.698462188243866,1.0146863495102e-22,4.70413395736724e-11,5.27756241486266e-11
0.698975026607513,-2.83331245956366e-22,-6.05605496306616e-11,-7.19908369029021e-11
0.699487864971161,1.89094856229976e-22,-2.29697164066955e-11,-3.29118642061754e-11
0.700000643730164,1.01796655937186e-22,4.70412112041352e-11,5.27754888401955e-11
0.700513482093811,-2.83154111973264e-22,-6.05607855530543e-11,-7.199113527534e-11
0.701026320457458,1.89449275657474e-22,-2.29693451758717e-11,-3.29114339947534e-11
0.701539099216461,1.0127564170828e-22,4.7041079365151e-11,5.27753535317643e-11
0.702051937580109,-2.83160422860506e-22,-6.0561028414341e-11,-7.19914336477778e-11
0.702564775943756,1.89337863254108e-22,-2.29689739450478e-11,-3.29110037833313e-11
0.703077614307404,1.01043104446082e-22,4.70409509956138e-11,5.27752216927801e-11
0.703590393066406,-2.83085878660406e-22,-6.05612712756276e-11,-7.19917250813218e-11
0.704103231430054,1.89123091139496e-22,-2.29686044489474e-11,-3.29105735719093e-11
0.704616069793701,1.01900615182719e-22,4.70408226260766e-11,5.2775086384349e-11
0.705128848552704,-2.83288458140867e-22,-6.05615141369142e-11,-7.19920234537597e-11
0.705641686916351,1.8933781276701e-22,-2.29682332181236e-11,-3.29101468299342e-11
0.706154525279999,1.01365003871623e-22,4.70406907870924e-11,5.27749510759179e-11
0.706667363643646,-2.83095849862248e-22,-6.0561750059307e-11,-7.19923148873036e-11
0.707180142402649,1.89879842250431e-22,-2.29678619872997e-11,-3.29097166185122e-11
0.707692980766296,1.01598197466094e-22,4.70405624175552e-11,5.27748157674868e-11
0.708205819129944,-2.83060736085635e-22,-6.05619929205936e-11,-7.19926132597415e-11
0.708718597888947,1.89637958564228e-22,-2.29674907564759e-11,-3.29092864070901e-11
0.709231436252594,1.01660132513485e-22,4.70404340480179e-11,5.27746804590556e-11
0.709744274616241,-2.83217599498917e-22,-6.05622357818802e-11,-7.19929046932855e-11
0.710257112979889,1.893869367133e-22,-2.29671212603755e-11,-3.29088561956681e-11
0.710769891738892,1.01533441452106e-22,4.70403022090338e-11,5.27745486200715e-11
0.711282730102539,-2.83006033315024e-22,-6.05624786431669e-11,-7.19932030657233e-11
0.711795568466187,1.89486194347838e-22,-2.29667500295516e-11,-3.2908425984246e-11
0.712308347225189,1.01236312258989e-22,4.70401738394965e-11,5.27744133116403e-11
0.712821185588837,-2.82938027194106e-22,-6.05627215044535e-11,-7.19934944992673e-11
0.713334023952484,1.89780344802177e-22,-2.29663787987278e-11,-3.2907995772824e-11
0.713846802711487,1.01868738891261e-22,4.70400454699593e-11,5.27742780032092e-11
0.714359641075134,-2.82982960711268e-22,-6.05629574268463e-11,-7.19937928717052e-11
0.714872479438782,1.89505846450709e-22,-2.29660075679039e-11,-3.2907565561402e-11
0.715385317802429,1.01686979027811e-22,4.70399136309751e-11,5.27741426947781e-11
0.715898096561432,-2.8292840940195e-22,-6.05632002881329e-11,-7.1994091244143e-11
0.716410934925079,1.89765880248619e-22,-2.29656380718035e-11,-3.29071353499799e-11
0.716923773288727,1.01583076580263e-22,4.70397852614379e-11,5.2774007386347e-11
0.717436552047729,-2.83074241384333e-22,-6.05634431494195e-11,-7.1994382677687e-11
0.717949390411377,1.89849941266679e-22,-2.29652668409797e-11,-3.29067051385579e-11
0.718462228775024,1.01775173677015e-22,4.70396568919007e-11,5.27738720779158e-11
0.718975067138672,-2.83176376783453e-22,-6.05636860107062e-11,-7.19946810501249e-11
0.719487845897675,1.89350977277796e-22,-2.29648956101558e-11,-3.29062749271358e-11
0.720000684261322,1.01657046489623e-22,4.70395250529165e-11,5.27737402389317e-11
0.720513522624969,-2.82738552670169e-22,-6.05639219330989e-11,-7.19949724836688e-11
0.721026301383972,1.89615163639511e-22,-2.29645243793319e-11,-3.29058447157138e-11
0.72153913974762,1.01577037061172e-22,4.70393966833793e-11,5.27736049305005e-11
0.722051978111267,-2.8315471781844e-22,-6.05641647943855e-11,-7.19952708561067e-11
0.722564816474915,1.89859294001572e-22,-2.29641531485081e-11,-3.29054145042917e-11
0.723077595233917,1.01693277293278e-22,4.70392683138421e-11,5.27734696220694e-11
0.723590433597565,-2.83378527123582e-22,-6.05644076556722e-11,-7.19955622896506e-11
0.724103271961212,1.89361617433686e-22,-2.29637836524077e-11,-3.29049842928697e-11
0.724616050720215,1.0146717082518e-22,4.70391364748579e-11,5.27733343136383e-11
0.725128889083862,-2.83030342852679e-22,-6.05646505169588e-11,-7.19958606620885e-11
0.72564172744751,1.89550224609793e-22,-2.29634124215838e-11,-3.29045540814477e-11
0.726154506206512,1.01666538064035e-22,4.70390081053207e-11,5.27731990052072e-11
0.72666734457016,-2.83109355160946e-22,-6.05648864393515e-11,-7.19961520956325e-11
0.727180182933807,1.89661637013159e-22,-2.296304119076e-11,-3.29041238700256e-11
0.727693021297455,1.01622923522307e-22,4.70388797357835e-11,5.2773063696776e-11
0.728205800056458,-2.83073433590766e-22,-6.05651293006382e-11,-7.19964504680703e-11
0.728718638420105,1.89631736029408e-22,-2.29626699599361e-11,-3.29036971280505e-11
0.729231476783752,1.01786861440186e-22,4.70387478967993e-11,5.27729318577919e-11
0.729744255542755,-2.82979855754745e-22,-6.05653721619248e-11,-7.19967419016143e-11
0.730257093906403,1.89864292224267e-22,-2.29623004638357e-11,-3.29032669166285e-11
0.73076993227005,1.0146314447912e-22,4.70386195272621e-11,5.27727965493607e-11
0.731282770633698,-2.83326727361101e-22,-6.05656150232114e-11,-7.19970402740522e-11
0.7317955493927,1.89330807682171e-22,-2.29619292330119e-11,-3.29028367052064e-11
0.732308387756348,1.01609658037325e-22,4.70384911577248e-11,5.27726612409296e-11
0.732821226119995,-2.83267707943616e-22,-6.05658509456042e-11,-7.199733864649e-11
0.733334004878998,1.8923466762593e-22,-2.2961558002188e-11,-3.29024064937844e-11
0.733846843242645,1.01954081019432e-22,4.70383593187407e-11,5.27725259324985e-11
0.734359681606293,-2.83125763467774e-22,-6.05660938068908e-11,-7.1997630080034e-11
0.73487251996994,1.89421356292316e-22,-2.29611867713642e-11,-3.29019762823624e-11
0.735385298728943,1.01296865222074e-22,4.70382309492035e-11,5.27723906240674e-11
0.73589813709259,-2.83202478613085e-22,-6.05663366681775e-11,-7.19979284524719e-11
0.736410975456238,1.89501403586091e-22,-2.29608172752638e-11,-3.29015460709403e-11
0.73692375421524,1.01344095902191e-22,4.70380991102193e-11,5.27722553156362e-11
0.737436592578888,-2.83643937797422e-22,-6.05665795294641e-11,-7.19982198860158e-11
0.737949430942535,1.89167595516325e-22,-2.29604460444399e-11,-3.29011158595183e-11
0.738462269306183,1.01514388883523e-22,4.70379707406821e-11,5.27721234766521e-11
0.738975048065186,-2.83226611445898e-22,-6.05668223907507e-11,-7.19985182584537e-11
0.739487886428833,1.8904025443356e-22,-2.29600748136161e-11,-3.29006856480962e-11
0.74000072479248,1.00893353402722e-22,4.70378423711448e-11,5.27719881682209e-11
0.740513503551483,-2.82986217129084e-22,-6.05670583131435e-11,-7.19988096919977e-11
0.741026341915131,1.89894710700772e-22,-2.29597035827922e-11,-3.29002554366742e-11
0.741539180278778,1.01154378009929e-22,4.70377105321607e-11,5.27718528597898e-11
0.742051959037781,-2.83718128587836e-22,-6.05673011744301e-11,-7.19991080644355e-11
0.742564797401428,1.89413858958273e-22,-2.29593323519683e-11,-3.28998252252521e-11
0.743077635765076,1.02165558850903e-22,4.70375821626234e-11,5.27717175513587e-11
0.743590474128723,-2.83180844891621e-22,-6.05675440357167e-11,-7.19993994979795e-11
0.744103252887726,1.89125678603265e-22,-2.2958962855868e-11,-3.28993950138301e-11
0.744616091251373,1.00849846146078e-22,4.70374537930862e-11,5.27715822429276e-11
0.745128929615021,-2.83118897222455e-22,-6.05677868970034e-11,-7.19996978704174e-11
0.745641708374023,1.89779372925542e-22,-2.29585916250441e-11,-3.28989648024081e-11
0.746154546737671,1.01338485523433e-22,4.7037321954102e-11,5.27714469344964e-11
0.746667385101318,-2.83544856867726e-22,-6.05680228193961e-11,-7.19999962428552e-11
0.747180223464966,1.89328359057922e-22,-2.29582203942202e-11,-3.2898534590986e-11
0.747693002223969,1.01873907507912e-22,4.70371935845648e-11,5.27713150955123e-11
0.748205840587616,-2.83112611578763e-22,-6.05682656806827e-11,-7.20002876763992e-11
0.748718678951263,1.88977158182917e-22,-2.29578491633964e-11,-3.2898104379564e-11
0.749231457710266,1.01484544697757e-22,4.70370652150276e-11,5.27711797870811e-11
0.749744296073914,-2.8301297529099e-22,-6.05685085419694e-11,-7.20005860488371e-11
0.750257134437561,1.89803480514805e-22,-2.2957479667296e-11,-3.28976741681419e-11
0.750769972801208,1.0142276111166e-22,4.70369333760434e-11,5.277104447865e-11
0.751282751560211,-2.83657316878374e-22,-6.0568751403256e-11,-7.2000877482381e-11
0.751795589923859,1.89709751217491e-22,-2.29571084364721e-11,-3.28972439567199e-11
0.752308428287506,1.01877384806782e-22,4.70368050065062e-11,5.27709091702189e-11
0.752821207046509,-2.83098348973596e-22,-6.05689873256487e-11,-7.20011758548189e-11
0.753334045410156,1.89147918169905e-22,-2.29567372056483e-11,-3.28968172147448e-11
0.753846883773804,1.01188721858299e-22,4.7036676636969e-11,5.27707738617877e-11
0.754359662532806,-2.8290591739982e-22,-6.05692301869354e-11,-7.20014672883629e-11
0.754872500896454,1.89836107801845e-22,-2.29563659748244e-11,-3.28963870033228e-11
0.755385339260101,1.01422010116078e-22,4.70365447979848e-11,5.27706385533566e-11
0.755898177623749,-2.83306254842889e-22,-6.0569473048222e-11,-7.20017656608007e-11
0.756410956382751,1.89480804850134e-22,-2.2955996478724e-11,-3.28959567919007e-11
0.756923794746399,1.02103156797857e-22,4.70364164284476e-11,5.27705067143724e-11
0.757436633110046,-2.83278966566456e-22,-6.05697159095087e-11,-7.20020570943447e-11
0.757949411869049,1.89175458881828e-22,-2.29556252479002e-11,-3.28955265804787e-11
0.758462250232697,1.01346424619583e-22,4.70362845894634e-11,5.27703714059413e-11
0.758975088596344,-2.82751300662397e-22,-6.05699518319014e-11,-7.20023554667826e-11
0.759487926959991,1.89731056772819e-22,-2.29552540170763e-11,-3.28950963690566e-11
0.760000705718994,1.01030507915148e-22,4.70361562199262e-11,5.27702360975102e-11
0.760513544082642,-2.83438430065281e-22,-6.0570194693188e-11,-7.20026469003265e-11
0.761026382446289,1.89632203035064e-22,-2.29548827862525e-11,-3.28946661576346e-11
0.761539161205292,1.01790944584232e-22,4.7036027850389e-11,5.27701007890791e-11
0.762051999568939,-2.83273690664722e-22,-6.05704375544747e-11,-7.20029452727644e-11
0.762564837932587,1.889616838874e-22,-2.29545115554286e-11,-3.28942359462125e-11
0.763077676296234,1.01406062504018e-22,4.70358960114048e-11,5.27699654806479e-11
0.763590455055237,-2.82826046810888e-22,-6.05706804157613e-11,-7.20032436452023e-11
0.764103293418884,1.89592924072871e-22,-2.29541420593282e-11,-3.28938057347905e-11
0.764616131782532,1.0108752047049e-22,4.70357676418676e-11,5.27698301722168e-11
0.765128910541534,-2.83331624609601e-22,-6.05709232770479e-11,-7.20035350787462e-11
0.765641748905182,1.89873922638198e-22,-2.29537708285044e-11,-3.28933755233685e-11
0.766154587268829,1.01509422215264e-22,4.70356392723303e-11,5.27696948637857e-11
0.766667366027832,-2.83565304142389e-22,-6.05711591994407e-11,-7.20038334511841e-11
0.767180204391479,1.89271220284835e-22,-2.29533995976805e-11,-3.28929453119464e-11
0.767693042755127,1.0173997154798e-22,4.70355074333462e-11,5.27695630248015e-11
0.768205881118774,-2.82694376459476e-22,-6.05714020607273e-11,-7.20041248847281e-11
0.768718659877777,1.89498715148126e-22,-2.29530283668566e-11,-3.28925151005244e-11
0.769231021404266,-1.98890792111491e-21,4.70622776860274e-11,5.27993135324145e-11
