Time,U1,U2,U3
0.0,0.0,0.0,0.0
0.00222221994772553,3.10832401238211e-21,-4.15795120556339e-10,-5.88463500150738e-10
0.00444443989545107,-6.30490714599199e-21,-3.16123766053167e-10,-4.67985927787851e-10
0.0066666598431766,9.58499250646229e-21,3.28852223230314e-11,6.68302774231577e-11
0.00888887979090214,3.84472215855262e-21,-3.94323712571421e-10,-5.72495995054823e-10
0.011111100204289,-1.44163218198372e-20,-3.25413473944991e-10,-4.72965888675958e-10
0.0133333196863532,1.15268959296586e-20,3.11319546530964e-11,6.18143522479464e-11
0.01555554009974,-8.31416439680024e-21,-3.83663878444906e-10,-5.59470303418408e-10
0.0177777595818043,-2.87684369757993e-21,-3.42320977120281e-10,-4.91476137565172e-10
0.0199999809265137,4.83567120379729e-21,5.1467788364512e-11,8.31078955654263e-11
0.0222222004085779,5.40667260739358e-21,-4.04760669425741e-10,-5.8098448274535e-10
0.0244444198906422,-1.01386461393116e-20,-3.22736420921288e-10,-4.71921723921298e-10
0.0266666393727064,1.01039328263592e-20,3.51149699595599e-11,6.71511873884256e-11
0.0288888607174158,8.54068122403032e-22,-3.92729654352664e-10,-5.69644831305283e-10
0.0311110801994801,-1.95840923070839e-20,-3.29985233582519e-10,-4.78244610579992e-10
0.0333333015441895,1.61063939829509e-20,3.76886299946477e-11,6.8616744230976e-11
0.0355555191636086,-7.01902331636024e-21,-3.91194548976515e-10,-5.66865276940831e-10
0.0377777405083179,-7.96991428251683e-21,-3.34740318796989e-10,-4.84340623163604e-10
0.0399999618530273,2.00316955692903e-20,4.45996642395308e-11,7.69310865011974e-11
0.0422221794724464,-2.43927807823645e-21,-3.99162286557342e-10,-5.76270420271641e-10
0.0444444008171558,-7.38521310392191e-21,-3.2673214134249e-10,-4.74883798950998e-10
0.0466666184365749,1.15317257273953e-20,3.73960550026364e-11,6.82861545087121e-11
0.0488888397812843,-6.64901468471083e-21,-3.93382049157509e-10,-5.69071900713425e-10
0.0511110611259937,-7.12986390285522e-21,-3.30720034691367e-10,-4.80253781187656e-10
0.0533332787454128,1.1043368471943e-20,3.94679809667675e-11,7.16933457045599e-11
0.0555555000901222,1.37308760606954e-21,-3.93631571782294e-10,-5.70602343152871e-10
0.0577777214348316,-9.44635331994799e-21,-3.32028488037039e-10,-4.80340378583577e-10
0.0599999390542507,7.43348603968906e-21,4.1956028928869e-11,7.30216026534336e-11
0.0622221603989601,8.64002105156428e-21,-3.96866234320115e-10,-5.72741354343265e-10
0.0644443780183792,-9.05998888805184e-21,-3.28481242206635e-10,-4.77822892364088e-10
0.0666666030883789,1.27596826168724e-20,3.84880703696577e-11,7.05166758319109e-11
0.068888820707798,-2.41578582572252e-21,-3.93796273367997e-10,-5.70568370328317e-10
0.0711110383272171,-1.12256527448794e-20,-3.30926980263158e-10,-4.79435768863112e-10
0.0733332633972168,1.49080047614047e-20,4.01836793006982e-11,7.14409156832296e-11
0.0755554810166359,-5.60085244839684e-21,-3.94713151052883e-10,-5.70773039942907e-10
0.077777698636055,-6.28381000140405e-21,-3.30733523901117e-10,-4.79897177552147e-10
0.0799999237060547,1.0171482947808e-20,4.05953395898884e-11,7.24520374251192e-11
0.0822221413254738,-2.16487908537724e-21,-3.95572824496426e-10,-5.72179525981653e-10
0.0844443589448929,-9.25014995605954e-21,-3.2959887596995e-10,-4.7826481663904e-10
0.086666576564312,8.48203682470876e-21,3.93553627187071e-11,7.07596967131074e-11
0.0888888016343117,-2.99761767108054e-22,-3.94378613099988e-10,-5.7057525371107e-10
0.0911110192537308,-9.38631648646541e-21,-3.30626304112513e-10,-4.79662254360136e-10
0.0933332368731499,1.10629146528824e-20,4.01330808863509e-11,7.1869531159674e-11
0.0955554619431496,-8.22365203639167e-22,-3.94864946295925e-10,-5.71358516054943e-10
0.0977776795625687,-1.02952070339022e-20,-3.30434402062707e-10,-4.792052865632e-10
0.0999998971819878,1.20004188640475e-20,4.02071848037977e-11,7.1707056958914e-11
0.102222122251987,-3.1240604369114e-21,-3.95155019816684e-10,-5.71437952512355e-10
0.104444339871407,-9.45825454256981e-21,-3.29990784697642e-10,-4.78948103399546e-10
0.106666557490826,1.27351030742174e-20,3.96772267818868e-11,7.13407805053023e-11
0.108888782560825,-3.51220928479694e-21,-3.94604487974348e-10,-5.71030278617712e-10
0.111111000180244,-7.5356711181142e-21,-3.30503652223868e-10,-4.79336292880106e-10
0.113333217799664,9.52887751074723e-21,4.01072612621345e-11,7.16617459817215e-11
0.115555442869663,-1.45900028893373e-21,-3.94923316271445e-10,-5.71253933046023e-10
0.117777660489082,-7.82360671167151e-21,-3.30307142748509e-10,-4.7922193990857e-10
0.119999878108501,9.6346273821833e-21,4.00296358560315e-11,7.16539536038674e-11
0.122222103178501,-6.79368526189273e-22,-3.94950877558031e-10,-5.71340197375036e-10
0.12444432079792,-1.02154406503405e-20,-3.30194843689569e-10,-4.79060346947335e-10
0.12666654586792,1.15627344990497e-20,3.98575339399798e-11,7.14400621992795e-11
0.128888756036758,-1.7494540779618e-21,-3.94746485499198e-10,-5.71100444712869e-10
0.131110981106758,-9.83442623523824e-21,-3.30404287263164e-10,-4.79298878364176e-10
0.133333206176758,1.1959339329994e-20,4.00485339335788e-11,7.16539327871857e-11
0.135555416345596,-2.42929395169739e-21,-3.94902527345309e-10,-5.71273750527013e-10
0.137777641415596,-8.95952037095646e-21,-3.30291932693072e-10,-4.79173534184696e-10
0.139999866485596,1.14532130394495e-20,3.99821217800245e-11,7.15774939319402e-11
0.142222076654434,-2.54396448944164e-21,-3.94880211862514e-10,-5.71243774505348e-10
0.144444301724434,-8.78189464352063e-21,-3.30274807502917e-10,-4.7916154377603e-10
0.146666526794434,1.12417423771458e-20,3.99330117584196e-11,7.15306425203011e-11
0.148888736963272,-1.99773973013073e-21,-3.9480946290027e-10,-5.71172664720621e-10
0.151110962033272,-8.92243779947222e-21,-3.30355048872022e-10,-4.79243811302155e-10
0.153333187103271,1.12286294641736e-20,4.00112651344209e-11,7.16114945120694e-11
0.15555539727211,-1.94295638211078e-21,-3.94877380793801e-10,-5.7124344143844e-10
0.15777762234211,-9.5386291946874e-21,-3.30301980211445e-10,-4.79187134416748e-10
0.159999847412109,1.13353583814128e-20,3.99747977775089e-11,7.15701942155533e-11
0.162222057580948,-2.22679464474815e-21,-3.94858257202202e-10,-5.71218294886933e-10
0.164444282650948,-9.17932180831612e-21,-3.30303562279255e-10,-4.79195183533676e-10
0.166666492819786,1.13656183284306e-20,3.99600040557058e-11,7.15614234536588e-11
0.168888717889786,-2.24705653078787e-21,-3.9483066816004e-10,-5.7119609042644e-10
0.171110942959785,-8.94268756860843e-21,-3.30338312259926e-10,-4.7922465995498e-10
0.173333153128624,1.10868802724265e-20,3.99960550789835e-11,7.15915382532017e-11
0.175555378198624,-2.07463824458136e-21,-3.94864002606354e-10,-5.71222791290182e-10
0.177777603268623,-9.22903665560026e-21,-3.30309474216861e-10,-4.79202344472185e-10
0.179999813437462,1.11836208222104e-20,3.99721956922949e-11,7.15734138623247e-11
0.182222038507462,-2.05245966635567e-21,-3.94846016993355e-10,-5.71209635147341e-10
0.184444263577461,-9.21262390590704e-21,-3.30320021335595e-10,-4.7920845069882e-10
0.1866664737463,1.13527509847027e-20,3.99743640966399e-11,7.15706868770205e-11
0.188888698816299,-2.20808109702788e-21,-3.94840771189564e-10,-5.71198977006304e-10
0.191110923886299,-9.09063172922038e-21,-3.30329791298212e-10,-4.79223438709653e-10
0.193333134055138,1.12679270056184e-20,3.99853032628794e-11,7.15859801991847e-11
0.195555359125137,-2.17537515108936e-21,-3.94851012996966e-10,-5.71212577238356e-10
0.197777584195137,-9.09266171445411e-21,-3.30320382158078e-10,-4.79211059722928e-10
0.199999794363976,1.12311530112767e-20,3.99762792313574e-11,7.1573538762415e-11
0.202222019433975,-2.08444405069052e-21,-3.94842936124462e-10,-5.71200531318539e-10
0.204444244503975,-9.14800445951917e-21,-3.30325850006474e-10,-4.79220330085184e-10
0.206666454672813,1.1241497615695e-20,3.99775490489418e-11,7.15777367932269e-11
0.208888679742813,-2.10725169815647e-21,-3.94840049544598e-10,-5.71199643140119e-10
0.211110904812813,-9.15769717452896e-21,-3.30331040299114e-10,-4.79223882798863e-10
0.213333114981651,1.13038027335136e-20,3.99827913832862e-11,7.15808454176958e-11
0.215555340051651,-2.1546964435691e-21,-3.94844462681121e-10,-5.71201363985807e-10
0.217777565121651,-9.15390296814502e-21,-3.3032676594047e-10,-4.79222217464326e-10
0.219999775290489,1.12897713592557e-20,3.99776149684339e-11,7.15775008708341e-11
0.222222000360489,-2.17918510944786e-21,-3.9483857849909e-10,-5.71196423493348e-10
0.224444225430489,-9.1081341924354e-21,-3.3033176194408e-10,-4.79226547334122e-10
0.226666435599327,1.12540232627441e-20,3.99800331729594e-11,7.15786943605856e-11
0.228888660669327,-2.12970977295632e-21,-3.94838245432183e-10,-5.71194203047298e-10
0.231110885739326,-9.12261146874222e-21,-3.30333399523042e-10,-4.79230044536649e-10
0.233333095908165,1.12465018968423e-20,3.99811572737718e-11,7.1580907867741e-11
0.235555320978165,-2.11699187103831e-21,-3.94838356454486e-10,-5.71194591625357e-10
0.237777546048164,-9.15442803396353e-21,-3.30333232989588e-10,-4.79229822492044e-10
0.239999756217003,1.12741841745879e-20,3.99795960226434e-11,7.15787082383734e-11
0.242221981287003,-2.139659164372e-21,-3.9483541436347e-10,-5.71190317266712e-10
0.244444206357002,-9.12982102632721e-21,-3.30336119569452e-10,-4.79234041339538e-10
0.246666416525841,1.12738142051343e-20,3.99806958373272e-11,7.15804429618494e-11
0.24888864159584,-2.14861274826803e-21,-3.94834470673899e-10,-5.71189207043687e-10
0.251110851764679,-9.1206517615488e-21,-3.30337701637262e-10,-4.7923592871868e-10
0.25333309173584,1.12555047561459e-20,3.99813133988847e-11,7.15807690898629e-11
0.255555301904678,-2.13732423706674e-21,-3.94833804540085e-10,-5.71187541709151e-10
0.257777512073517,-9.12573843763987e-21,-3.30338451037804e-10,-4.7923776058667e-10
0.259999752044678,1.12576284454334e-20,3.99806299178351e-11,7.15804568396372e-11
0.262221962213516,-2.13554911070338e-21,-3.94831584094035e-10,-5.71184877173891e-10
0.264444172382355,-9.13535198888009e-21,-3.30340810261731e-10,-4.79240647166534e-10
0.266666412353516,1.12683446348925e-20,3.99814834017853e-11,7.15812201179666e-11
0.268888622522354,-2.13907371598436e-21,-3.9483066816004e-10,-5.71183156328203e-10
0.271110832691193,-9.13374690306257e-21,-3.30342142529361e-10,-4.79242923123735e-10
0.273333072662354,1.12667896322761e-20,3.9981653404686e-11,7.15816156349192e-11
0.275555282831192,-2.14189331942978e-21,-3.94829419159137e-10,-5.71181379971364e-10
0.277777493000031,-9.13108199208522e-21,-3.30343530308141e-10,-4.79244921525179e-10
0.279999732971191,1.12635843074025e-20,3.99816117713225e-11,7.15815878793435e-11
0.28222194314003,-2.14064830759473e-21,-3.94827781580176e-10,-5.71178992991861e-10
0.284444153308868,-9.12857298526628e-21,-3.30345389931708e-10,-4.7924764157159e-10
0.286666393280029,1.1259626926718e-20,3.99820905550019e-11,7.15822193186888e-11
0.288888603448868,-2.13723780315508e-21,-3.94826643601576e-10,-5.71177272146173e-10
0.291110813617706,-9.13172661135164e-21,-3.30346860977215e-10,-4.79249806506488e-10
0.293333053588867,1.12641344148216e-20,3.99822744356904e-11,7.15824691188693e-11
0.295555263757706,-2.1391143076111e-21,-3.94825311333946e-10,-5.71175273744728e-10
0.297777473926544,-9.13317579301074e-21,-3.30348359778299e-10,-4.79252082463688e-10
0.299999713897705,1.12644680335647e-20,3.99823923968867e-11,7.15827050412621e-11
0.302221924066544,-2.14111238499894e-21,-3.94823840288439e-10,-5.71173164320982e-10
0.304444134235382,-9.13122497154656e-21,-3.30350080623987e-10,-4.79254580465494e-10
0.306666374206543,1.12625729498566e-20,3.99827497499228e-11,7.15831491304719e-11
0.308888584375381,-2.13992351481679e-21,-3.94822619043111e-10,-5.7117127694184e-10
0.31111079454422,-9.13168622167329e-21,-3.3035157942507e-10,-4.79256800911543e-10
0.313333034515381,1.12622772974111e-20,3.99829301611643e-11,7.15834266862281e-11
0.315555244684219,-2.13979972045265e-21,-3.94821259019906e-10,-5.71169223029244e-10
0.317777454853058,-9.13209254183747e-21,-3.3035316149288e-10,-4.79259132379894e-10
0.319999694824219,1.12634389045604e-20,3.99831313890875e-11,7.15837319975599e-11
0.322221904993057,-2.13928232867302e-21,-3.94819871241125e-10,-5.711672246278e-10
0.324444115161896,-9.13252713477648e-21,-3.30354799071841e-10,-4.79261519359397e-10
0.326666325330734,1.12633476238873e-20,3.99834124142906e-11,7.15841066978307e-11
0.328888565301895,-2.14002711434175e-21,-3.94818594484647e-10,-5.71165281737507e-10
0.331110775470734,-9.13138006791142e-21,-3.303563256285e-10,-4.79263850827749e-10
0.333332985639572,1.12651813152843e-20,3.99836136422138e-11,7.15844050702685e-11
0.335555225610733,-2.13983223414372e-21,-3.94817234461442e-10,-5.71163283336062e-10
0.337777435779572,-9.13187928433579e-21,-3.30357935451886e-10,-4.79266182296101e-10
0.33999964594841,1.12622538713977e-20,3.99838391562657e-11,7.15847242593881e-11
0.342221885919571,-2.13937199375895e-21,-3.94815874438237e-10,-5.71161229423467e-10
0.344444096088409,-9.13101817639343e-21,-3.30359517519696e-10,-4.79268513764453e-10
0.346666306257248,1.12617546549733e-20,3.99840889564462e-11,7.15850781429772e-11
0.348888546228409,-2.13858277944405e-21,-3.94814569926183e-10,-5.71159286533174e-10
0.351110756397247,-9.13291326010148e-21,-3.30361099587506e-10,-4.79270845232804e-10
0.353332966566086,1.12629114153612e-20,3.99843040621572e-11,7.15853903932029e-11
0.355555206537247,-2.13896405800764e-21,-3.94813209902978e-10,-5.7115728813173e-10
0.357777416706085,-9.13141803420907e-21,-3.30362681655316e-10,-4.79273176701156e-10
0.359999626874924,1.12630438935062e-20,3.99845330456561e-11,7.15857165212164e-11
0.362221866846085,-2.13959676231896e-21,-3.94811877635348e-10,-5.71155289730285e-10
0.364444077014923,-9.13123304948223e-21,-3.30364263723126e-10,-4.79275563680659e-10
0.366666287183762,1.12633233900803e-20,3.99847724374958e-11,7.15860495881238e-11
0.368888527154922,-2.13915207196035e-21,-3.94810545367719e-10,-5.71153291328841e-10
0.371110737323761,-9.1316078656973e-21,-3.30365845790936e-10,-4.79277895149011e-10
0.373332947492599,1.12628136723396e-20,3.99849944821007e-11,7.15863757161372e-11
0.37555518746376,-2.13805064543182e-21,-3.94809185344513e-10,-5.71151292927397e-10
0.377777397632599,-9.1322920668485e-21,-3.30367427858747e-10,-4.79280226617362e-10
0.379999607801437,1.12622150973065e-20,3.99852234655995e-11,7.15867018441507e-11
0.382221847772598,-2.13779861383893e-21,-3.94807853076884e-10,-5.71149294525952e-10
0.384444057941437,-9.13067567192104e-21,-3.30369009926557e-10,-4.79282558085714e-10
0.386666268110275,1.1264217617559e-20,3.99854559185453e-11,7.15870349110581e-11
0.388888508081436,-2.13865568281346e-21,-3.94806520809254e-10,-5.71147296124508e-10
0.391110718250275,-9.13098182568291e-21,-3.30370591994367e-10,-4.79284889554066e-10
0.393332928419113,1.12639704327275e-20,3.99856849020441e-11,7.15873541001777e-11
0.395555168390274,-2.13818332552519e-21,-3.94805188541625e-10,-5.71145353234215e-10
0.397777378559113,-9.13149962135933e-21,-3.30372174062177e-10,-4.79287221022417e-10
0.399999588727951,1.12619800293785e-20,3.9985913885543e-11,7.15876871670851e-11
0.402221828699112,-2.13764028629981e-21,-3.9480382851842e-10,-5.7114335483277e-10
0.40444403886795,-9.13152627854704e-21,-3.30373756129987e-10,-4.79289552490769e-10
0.406666249036789,1.12639203495263e-20,3.99861428690418e-11,7.15880132950986e-11
0.40888848900795,-2.1376723960941e-21,-3.9480249625079e-10,-5.71141356431326e-10
0.411110699176788,-9.12976690415823e-21,-3.30375338197797e-10,-4.79291883959121e-10
0.413332909345627,1.12632999640669e-20,3.99863718525406e-11,7.1588339423112e-11
0.415555149316788,-2.13762736160274e-21,-3.94801163983161e-10,-5.71139358029882e-10
0.417777359485626,-9.13198268191236e-21,-3.30376920265607e-10,-4.79294215427473e-10
0.419999569654465,1.12629833089887e-20,3.99866043054864e-11,7.15886655511255e-11
0.422221809625626,-2.13827783737252e-21,-3.94799831715531e-10,-5.71137359628437e-10
0.424444019794464,-9.13087358134494e-21,-3.30378502333417e-10,-4.79296602406976e-10
0.426666229963303,1.12619840683463e-20,3.99868332889852e-11,7.1588991679139e-11
0.428888469934464,-2.13816575601511e-21,-3.94798471692326e-10,-5.71135361226993e-10
0.431110680103302,-9.13159413320666e-21,-3.30380056645652e-10,-4.79298933875327e-10
0.433332890272141,1.12644987297202e-20,3.99870622724841e-11,7.15893178071525e-11
0.435555130243301,-2.13817625733148e-21,-3.94797139424696e-10,-5.71133362825549e-10
0.43777734041214,-9.13151335384996e-21,-3.30381638713462e-10,-4.79301265343679e-10
0.439999550580978,1.1262191671293e-20,3.99872912559829e-11,7.1589643935166e-11
0.442221790552139,-2.13781941452328e-21,-3.94795807157067e-10,-5.71131364424105e-10
0.444444000720978,-9.1317056087189e-21,-3.30383220781272e-10,-4.79303596812031e-10
0.446666210889816,1.12643912931758e-20,3.99875202394817e-11,7.15899770020734e-11
0.448888450860977,-2.13776670599304e-21,-3.94794447133862e-10,-5.7112936602266e-10
0.451110661029816,-9.13221774984034e-21,-3.30384802849082e-10,-4.79305928280382e-10
0.453332871198654,1.12622385233199e-20,3.99877492229805e-11,7.15903031300869e-11
0.455555111169815,-2.1372911175305e-21,-3.94793114866232e-10,-5.71127423132367e-10
0.457777321338654,-9.13190674931707e-21,-3.30386384916892e-10,-4.79308259748734e-10
0.459999531507492,1.12652927907966e-20,3.99879782064794e-11,7.15906292581003e-11
0.462221771478653,-2.13693084159964e-21,-3.94791782598602e-10,-5.71125424730923e-10
0.464443981647491,-9.13165633331131e-21,-3.30387966984702e-10,-4.79310591217086e-10
0.46666619181633,1.12631311352114e-20,3.99882106594251e-11,7.15909553861138e-11
0.468888431787491,-2.13729515649833e-21,-3.94790450330973e-10,-5.71123426329478e-10
0.471110641956329,-9.13182193099254e-21,-3.30389549052512e-10,-4.79312922685438e-10
0.473332852125168,1.12623952352719e-20,3.9988439642924e-11,7.15912815141273e-11
0.475555092096329,-2.13747307303145e-21,-3.94789090307768e-10,-5.71121427928034e-10
0.477777302265167,-9.13186555184515e-21,-3.30391131120322e-10,-4.79315254153789e-10
0.479999512434006,1.12634615227803e-20,3.99886686264228e-11,7.15916076421408e-11
0.482221752405167,-2.13687389215317e-21,-3.94787758040138e-10,-5.7111942952659e-10
0.484443962574005,-9.1327735118144e-21,-3.30392713188132e-10,-4.79317641133292e-10
0.486666172742844,1.12624445106795e-20,3.99888976099216e-11,7.15919337701543e-11
0.488888412714005,-2.13745954248921e-21,-3.94786425772509e-10,-5.71117431125145e-10
0.491110622882843,-9.13130413531613e-21,-3.30394295255942e-10,-4.79319972601644e-10
0.493332833051682,1.12634130551663e-20,3.99891265934205e-11,7.15922668370617e-11
0.495555073022842,-2.13770026497216e-21,-3.94785093504879e-10,-5.71115432723701e-10
0.497777283191681,-9.1330691642599e-21,-3.30395877323753e-10,-4.79322304069996e-10
0.499999493360519,1.12620866581293e-20,3.99893555769193e-11,7.15925929650751e-11
0.502221703529358,-2.13801126549543e-21,-3.94783733481674e-10,-5.71113434322257e-10
0.504443943500519,-9.13327595941304e-21,-3.30397459391563e-10,-4.79324635538347e-10
0.50666618347168,1.12631650625412e-20,3.99895845604181e-11,7.15929190930886e-11
0.508888363838196,-2.13801591030844e-21,-3.94782401214044e-10,-5.71111435920812e-10
0.511110603809357,-9.13328969190368e-21,-3.30399041459373e-10,-4.79326967006699e-10
0.513332843780518,1.12622433700813e-20,3.9989813543917e-11,7.15932452211021e-11
0.515555024147034,-2.13727980842056e-21,-3.94781068946415e-10,-5.71109437519368e-10
0.517777264118195,-9.13282440280912e-21,-3.30400623527183e-10,-4.79329298475051e-10
0.519999504089355,1.12610995343905e-20,3.99900459968627e-11,7.15935713491156e-11
0.522221684455872,-2.13765240320332e-21,-3.94779736678785e-10,-5.71107494629075e-10
0.524443924427032,-9.13325899574814e-21,-3.30402205594993e-10,-4.79331629943403e-10
0.526666164398193,1.12634647539546e-20,3.99902749803616e-11,7.15938974771291e-11
0.528888344764709,-2.13739390926189e-21,-3.9477837665558e-10,-5.71105496227631e-10
0.53111058473587,-9.13271696626471e-21,-3.30403787662803e-10,-4.79333961411754e-10
0.533332824707031,1.12636683179334e-20,3.99905039638604e-11,7.15942236051426e-11
0.535555005073547,-2.13693225523838e-21,-3.94777044387951e-10,-5.71103497826186e-10
0.537777245044708,-9.13330342439432e-21,-3.30405369730613e-10,-4.79336292880106e-10
0.539999485015869,1.12604662242341e-20,3.99907329473592e-11,7.1594549733156e-11
0.542221665382385,-2.13612183634234e-21,-3.94775712120321e-10,-5.71101499424742e-10
0.544443905353546,-9.13274847021383e-21,-3.30406951798423e-10,-4.79338624348458e-10
0.546666145324707,1.12634292110376e-20,3.9990961930858e-11,7.15948828000634e-11
0.548888325691223,-2.13726547008475e-21,-3.94774379852691e-10,-5.71099501023298e-10
0.551110565662384,-9.13333250496273e-21,-3.30408533866233e-10,-4.79341011327961e-10
0.553332805633545,1.12606649414515e-20,3.99911909143569e-11,7.15952089280769e-11
0.555554986000061,-2.13721074207059e-21,-3.94773019829486e-10,-5.71097502621853e-10
0.557777225971222,-9.13312570980959e-21,-3.30410115934043e-10,-4.79343342796312e-10
0.559999465942383,1.12620446528639e-20,3.99914198978557e-11,7.15955350560904e-11
0.562221646308899,-2.1372054914124e-21,-3.94771687561857e-10,-5.71095504220409e-10
0.56444388628006,-9.13406113476011e-21,-3.30411698001853e-10,-4.79345674264664e-10
0.566666126251221,1.12609000093795e-20,3.99916488813545e-11,7.15958611841039e-11
0.568888306617737,-2.13754597640087e-21,-3.94770355294227e-10,-5.71093505818965e-10
0.571110546588898,-9.13310551497042e-21,-3.30413280069664e-10,-4.79348005733016e-10
0.573332786560059,1.12626513058326e-20,3.99918778648534e-11,7.15961873121174e-11
0.575554966926575,-2.13737432026789e-21,-3.94769023026598e-10,-5.7109150741752e-10
0.577777206897736,-9.13301827326519e-21,-3.30414862137474e-10,-4.79350337201367e-10
0.579999446868896,1.12621844011509e-20,3.99921068483522e-11,7.15965134401308e-11
0.582221627235413,-2.13698395402667e-21,-3.94767663003392e-10,-5.71089564527227e-10
0.584443867206573,-9.13365319900881e-21,-3.30416444205284e-10,-4.79352668669719e-10
0.586666107177734,1.12601277587295e-20,3.9992335831851e-11,7.15968395681443e-11
0.58888828754425,-2.13664427683177e-21,-3.94766330735763e-10,-5.71087566125783e-10
0.591110527515411,-9.13522354970295e-21,-3.30418026273094e-10,-4.79355000138071e-10
0.593332767486572,1.12624396639181e-20,3.99925682847968e-11,7.15971656961578e-11
0.595554947853088,-2.13748943085118e-21,-3.94764998468133e-10,-5.71085567724339e-10
0.597777187824249,-9.13396177615138e-21,-3.30419608340904e-10,-4.79357331606423e-10
0.59999942779541,1.12600720209734e-20,3.99927972682956e-11,7.15974918241713e-11
0.602221608161926,-2.13746842821844e-21,-3.94763666200504e-10,-5.71083569322894e-10
0.604443848133087,-9.13375255761754e-21,-3.30421190408714e-10,-4.79359663074774e-10
0.606666088104248,1.12615236260132e-20,3.99930262517945e-11,7.15978179521848e-11
0.608888268470764,-2.13688318177919e-21,-3.94762306177299e-10,-5.7108157092145e-10
0.611110508441925,-9.13428247019746e-21,-3.30422772476524e-10,-4.79362050054277e-10
0.613332748413086,1.12609824043233e-20,3.99932552352933e-11,7.15981510190922e-11
0.615554928779602,-2.13681674075831e-21,-3.94760973909669e-10,-5.71079572520006e-10
0.617777168750763,-9.13423077140917e-21,-3.30424354544334e-10,-4.79364381522629e-10
0.619999408721924,1.12613386412864e-20,3.99934842187921e-11,7.15984771471057e-11
0.62222158908844,-2.13690438636032e-21,-3.9475964164204e-10,-5.71077574118561e-10
0.624443829059601,-9.13439152232899e-21,-3.30425936612144e-10,-4.79366712990981e-10
0.626666069030762,1.12607319883176e-20,3.99937132022909e-11,7.15988032751191e-11
0.628888249397278,-2.13674201985337e-21,-3.94758281618834e-10,-5.71075575717117e-10
0.631110489368439,-9.13398924113266e-21,-3.30427518679954e-10,-4.79369044459332e-10
0.6333327293396,1.12631489066699e-20,3.99939421857898e-11,7.15991294031326e-11
0.635554909706116,-2.13610527657422e-21,-3.94756949351205e-10,-5.71073577315673e-10
0.637777149677277,-9.13299565504531e-21,-3.30429100747764e-10,-4.79371375927684e-10
0.639999389648438,1.1261576132595e-20,3.99941711692886e-11,7.15994555311461e-11
0.642221570014954,-2.13576761886324e-21,-3.94755617083575e-10,-5.71071578914228e-10
0.644443809986115,-9.13480511263527e-21,-3.30430682815575e-10,-4.79373707396036e-10
0.646665990352631,1.12618944032604e-20,3.99944001527874e-11,7.15997816591596e-11
0.648888230323792,-2.13555557305191e-21,-3.94754284815946e-10,-5.71069636023935e-10
0.651110470294952,-9.13345367399777e-21,-3.30432264883385e-10,-4.79376038864388e-10
0.653332650661469,1.12628944516963e-20,3.99946291362863e-11,7.16001077871731e-11
0.655554890632629,-2.13557132502647e-21,-3.94752924792741e-10,-5.71067637622491e-10
0.65777713060379,-9.13416937909808e-21,-3.30433846951195e-10,-4.79378370332739e-10
0.659999310970306,1.12623766560199e-20,3.99948581197851e-11,7.16004339151866e-11
0.662221550941467,-2.13590211649213e-21,-3.94751592525111e-10,-5.71065639221047e-10
0.664443790912628,-9.13440525481963e-21,-3.30435429019005e-10,-4.79380701801091e-10
0.666665971279144,1.12636982062954e-20,3.99950871032839e-11,7.16007600432e-11
0.668888211250305,-2.1356244374535e-21,-3.94750260257482e-10,-5.71063640819602e-10
0.671110451221466,-9.13464516950902e-21,-3.30437011086815e-10,-4.79383033269443e-10
0.673332631587982,1.12611213448168e-20,3.99953160867828e-11,7.16010861712135e-11
0.675554871559143,-2.1357098616232e-21,-3.94748927989852e-10,-5.71061642418158e-10
0.677777111530304,-9.13485519583642e-21,-3.30438593154625e-10,-4.79385420248946e-10
0.67999929189682,1.12610260251759e-20,3.99955450702816e-11,7.1601412299227e-11
0.682221531867981,-2.13595805619665e-21,-3.94747567966647e-10,-5.71059644016714e-10
0.684443771839142,-9.13414029852967e-21,-3.30440147466859e-10,-4.79387751717297e-10
0.686665952205658,1.12600825222898e-20,3.99957740537804e-11,7.16017384272405e-11
0.688888192176819,-2.13603378684355e-21,-3.94746235699017e-10,-5.71057645615269e-10
0.69111043214798,-9.13498444280713e-21,-3.3044172953467e-10,-4.79390083185649e-10
0.693332612514496,1.12615001999997e-20,3.99960030372792e-11,7.1602064555254e-11
0.695554852485657,-2.1359689614098e-21,-3.94744903431388e-10,-5.71055647213825e-10
0.697777092456818,-9.13520416265734e-21,-3.3044331160248e-10,-4.79392414654001e-10
0.699999272823334,1.12602545823195e-20,3.99962320207781e-11,7.16023976221614e-11
0.702221512794495,-2.13580154619305e-21,-3.94743571163758e-10,-5.71053648812381e-10
0.704443752765656,-9.13450219004767e-21,-3.3044489367029e-10,-4.79394746122352e-10
0.706665933132172,1.1260199652357e-20,3.99964610042769e-11,7.16027237501748e-11
0.708888173103333,-2.1363306509794e-21,-3.94742211140553e-10,-5.71051650410936e-10
0.711110413074493,-9.13520981721231e-21,-3.304464757381e-10,-4.79397077590704e-10
0.71333259344101,1.12609210120122e-20,3.99966899877757e-11,7.16030498781883e-11
0.71555483341217,-2.13562726473098e-21,-3.94740878872923e-10,-5.71049707520643e-10
0.717777073383331,-9.13519608472167e-21,-3.3044805780591e-10,-4.79399409059056e-10
0.719999253749847,1.12598733037559e-20,3.99969189712746e-11,7.16033760062018e-11
0.722221493721008,-2.13526537321299e-21,-3.94739546605294e-10,-5.71047709119199e-10
0.724443733692169,-9.13458216161079e-21,-3.3044963987372e-10,-4.79401740527408e-10
0.726665914058685,1.1260990482259e-20,3.99971479547734e-11,7.16037021342153e-11
0.728888154029846,-2.13599400301037e-21,-3.94738214337664e-10,-5.71045710717755e-10
0.731110394001007,-9.13468798256806e-21,-3.3045122194153e-10,-4.79404071995759e-10
0.733332574367523,1.12604508761563e-20,3.99973769382722e-11,7.16040282622288e-11
0.735554814338684,-2.13577892797318e-21,-3.94736854314459e-10,-5.7104371231631e-10
0.737777054309845,-9.13590371188632e-21,-3.3045280400934e-10,-4.79406458975262e-10
0.739999234676361,1.12599056154986e-20,3.9997605921771e-11,7.16043543902423e-11
0.742221474647522,-2.13605135635363e-21,-3.9473552204683e-10,-5.71041713914866e-10
0.744443714618683,-9.13638354126508e-21,-3.3045438607715e-10,-4.79408790443614e-10
0.746665894985199,1.12591301336743e-20,3.99978349052699e-11,7.16046805182557e-11
0.74888813495636,-2.13663034239274e-21,-3.947341897792e-10,-5.71039715513422e-10
0.751110374927521,-9.1356476413256e-21,-3.3045596814496e-10,-4.79411121911966e-10
0.753332555294037,1.12605712373978e-20,3.99980638887687e-11,7.16050066462692e-11
0.755554795265198,-2.13656895008165e-21,-3.94732829755995e-10,-5.71037717111977e-10
0.757777035236359,-9.13658952862466e-21,-3.3045755021277e-10,-4.79413453380317e-10
0.759999215602875,1.12601350288716e-20,3.99982928722675e-11,7.16053327742827e-11
0.762221455574036,-2.13642071996211e-21,-3.94731497488365e-10,-5.71035718710533e-10
0.764443695545197,-9.13484631010719e-21,-3.30459132280581e-10,-4.79415784848669e-10
0.766665875911713,1.12596188487823e-20,3.99985218557664e-11,7.16056589022962e-11
0.768888115882874,-2.1361765643565e-21,-3.94730165220736e-10,-5.71033720309089e-10
0.771110355854034,-9.13586816896937e-21,-3.30460714348391e-10,-4.79418116317021e-10
0.773332536220551,1.12587133121938e-20,3.99987508392652e-11,7.16059850303097e-11
0.775554776191711,-2.13592190743452e-21,-3.94728832953106e-10,-5.71031721907644e-10
0.777777016162872,-9.13642312314986e-21,-3.30462296416201e-10,-4.79420447785373e-10
0.779999196529388,1.12595065654765e-20,3.9998979822764e-11,7.16063111583232e-11
0.782221436500549,-2.1351991341405e-21,-3.94727472929901e-10,-5.71029779017351e-10
0.78444367647171,-9.13572680509516e-21,-3.30463878484011e-10,-4.79422779253724e-10
0.786665856838226,1.12600954469868e-20,3.99992088062628e-11,7.16066372863366e-11
0.788888096809387,-2.13614324287187e-21,-3.94726140662272e-10,-5.71027780615907e-10
0.791110336780548,-9.13659033641822e-21,-3.30465460551821e-10,-4.79425110722076e-10
0.793332517147064,1.1259488794018e-20,3.99994377897617e-11,7.16069634143501e-11
0.795554757118225,-2.13590999247941e-21,-3.94724808394642e-10,-5.71025782214463e-10
0.797776997089386,-9.13704997095781e-21,-3.30467042619631e-10,-4.79427442190428e-10
0.799999177455902,1.12599395428284e-20,3.99996667732605e-11,7.16072895423636e-11
0.802221417427063,-2.135411785797e-21,-3.94723476127012e-10,-5.71023783813018e-10
0.804443657398224,-9.13671231324683e-21,-3.30468624687441e-10,-4.79429829169931e-10
0.80666583776474,1.12615793637693e-20,3.99998957567593e-11,7.16076156703771e-11
0.808888077735901,-2.13563049590525e-21,-3.94722116103807e-10,-5.71021785411574e-10
0.811110317707062,-9.13680440171346e-21,-3.30470206755251e-10,-4.79432160638282e-10
0.813332498073578,1.12582997218875e-20,4.00001247402582e-11,7.16079417983906e-11
0.815554738044739,-2.13561534977587e-21,-3.94720783836178e-10,-5.7101978701013e-10
0.8177769780159,-9.13635526849024e-21,-3.30471788823061e-10,-4.79434492106634e-10
0.819999158382416,1.12626577681812e-20,4.0000353723757e-11,7.16082679264041e-11
0.822221398353577,-2.13580821048998e-21,-3.94719451568548e-10,-5.71017788608685e-10
0.824443638324738,-9.13599580035295e-21,-3.30473370890871e-10,-4.79436823574986e-10
0.826665818691254,1.12579838746028e-20,4.00005827072558e-11,7.16085940544176e-11
0.828888058662415,-2.13610487267744e-21,-3.94718091545343e-10,-5.71015790207241e-10
0.831110298633575,-9.13631568660546e-21,-3.30474952958681e-10,-4.79439155043337e-10
0.833332479000092,1.126003728585e-20,4.00008116907546e-11,7.1608920182431e-11
0.835554718971252,-2.1357439909014e-21,-3.94716759277713e-10,-5.71013791805797e-10
0.837776958942413,-9.137583114712e-21,-3.30476535026492e-10,-4.79441486511689e-10
0.839999139308929,1.12589257619019e-20,4.00010406742535e-11,7.16092463104445e-11
0.84222137928009,-2.13504423972404e-21,-3.94715427010084e-10,-5.71011793404352e-10
0.844443619251251,-9.13737631955886e-21,-3.30478117094302e-10,-4.79443817980041e-10
0.846665799617767,1.12582641789706e-20,4.00012696577523e-11,7.1609572438458e-11
0.848888039588928,-2.13625794955837e-21,-3.94714094742454e-10,-5.71009850514059e-10
0.851110279560089,-9.13692557074851e-21,-3.30479699162112e-10,-4.79446149448393e-10
0.853332459926605,1.12588239799125e-20,4.00014986412511e-11,7.16098985664715e-11
0.855554699897766,-2.13523104198639e-21,-3.94712734719249e-10,-5.71007852112615e-10
0.857776939868927,-9.13681247964913e-21,-3.30481281229922e-10,-4.79448480916744e-10
0.859999120235443,1.12591600220363e-20,4.000172762475e-11,7.1610224694485e-11
0.862221360206604,-2.13521609780541e-21,-3.9471140245162e-10,-5.71005853711171e-10
0.864443600177765,-9.13660891567026e-21,-3.30482863297732e-10,-4.79450812385096e-10
0.866665780544281,1.12601293743166e-20,4.00019566082488e-11,7.16105508224985e-11
0.868888020515442,-2.13513430870675e-21,-3.9471007018399e-10,-5.71003855309726e-10
0.871110260486603,-9.13718406468993e-21,-3.30484445365542e-10,-4.79453199364599e-10
0.873332440853119,1.12597699061793e-20,4.00021855917476e-11,7.16108769505119e-11
0.87555468082428,-2.13507372418923e-21,-3.94708737916361e-10,-5.71001856908282e-10
0.877776920795441,-9.13775921370959e-21,-3.30486027433352e-10,-4.79455530832951e-10
0.879999101161957,1.12587116966066e-20,4.00024145752464e-11,7.16112030785254e-11
0.882221341133118,-2.1355264924835e-21,-3.94707377893155e-10,-5.70999858506838e-10
0.884443581104279,-9.13665657549071e-21,-3.30487609501162e-10,-4.79457862301302e-10
0.886665761470795,1.12595033343023e-20,4.00026435587453e-11,7.16115292065389e-11
0.888888001441956,-2.13504928843383e-21,-3.94706045625526e-10,-5.70997860105393e-10
0.891110241413116,-9.13664445858721e-21,-3.30489163813397e-10,-4.79460193769654e-10
0.893332421779633,1.12613669140612e-20,4.00028725422441e-11,7.16118553345524e-11
0.895554661750793,-2.1348031133443e-21,-3.94704713357896e-10,-5.70995861703949e-10
0.897776901721954,-9.13607092515468e-21,-3.30490745881207e-10,-4.79462525238006e-10
0.89999908208847,1.1259807872477e-20,4.00031015257429e-11,7.16121814625659e-11
0.902221322059631,-2.13526921023243e-21,-3.94703381090267e-10,-5.70993863302505e-10
0.904443562030792,-9.13869948542152e-21,-3.30492327949017e-10,-4.79464856706358e-10
0.906665742397308,1.12587625876014e-20,4.00033305092418e-11,7.16125075905794e-11
0.908887982368469,-2.13430430081671e-21,-3.94702021067062e-10,-5.7099186490106e-10
0.91111022233963,-9.1368011705392e-21,-3.30493910016827e-10,-4.79467188174709e-10
0.913332402706146,1.12596850878548e-20,4.00035594927406e-11,7.16128337185928e-11
0.915554642677307,-2.13424391824759e-21,-3.94700688799432e-10,-5.70989866499616e-10
0.917776882648468,-9.13694738117481e-21,-3.30495492084637e-10,-4.79469519643061e-10
0.919999063014984,1.12608224611971e-20,4.00037884762394e-11,7.16131598466063e-11
0.922221302986145,-2.13375944405581e-21,-3.94699356531802e-10,-5.70987923609323e-10
0.924443542957306,-9.13812029743402e-21,-3.30497074152447e-10,-4.79471851111413e-10
0.926665723323822,1.12603709045932e-20,4.00040174597383e-11,7.16134859746198e-11
0.928887963294983,-2.13392867680808e-21,-3.94697996508597e-10,-5.70985925207879e-10
0.931110203266144,-9.13838121475614e-21,-3.30498656220257e-10,-4.79474182579764e-10
0.93333238363266,1.12574790036235e-20,4.00042429737901e-11,7.16138121026333e-11
0.935554623603821,-2.13421887664701e-21,-3.94696664240968e-10,-5.70983926806434e-10
0.937776863574982,-9.13746760023193e-21,-3.30500238288067e-10,-4.79476569559267e-10
0.939999043941498,1.12597925243992e-20,4.0004471957289e-11,7.16141382306468e-11
0.942221283912659,-2.13459712598473e-21,-3.94695331973338e-10,-5.7098192840499e-10
0.94444352388382,-9.13647562973172e-21,-3.30501820355877e-10,-4.79478901027619e-10
0.946665704250336,1.12594564822754e-20,4.00047009407878e-11,7.16144643586603e-11
0.948887944221497,-2.13442748933567e-21,-3.94693999705709e-10,-5.70979930003546e-10
0.951110184192657,-9.13813160654396e-21,-3.30503402423687e-10,-4.79481232495971e-10
0.953332364559174,1.12604436060142e-20,4.00049299242866e-11,7.16147904866737e-11
0.955554604530334,-2.13415829212949e-21,-3.94692639682503e-10,-5.70977931602101e-10
0.957776844501495,-9.13748133272256e-21,-3.30504984491498e-10,-4.79483563964322e-10
0.959999024868011,1.12576155207363e-20,4.00051589077854e-11,7.16151166146872e-11
0.962221264839172,-2.13458177790696e-21,-3.94691307414874e-10,-5.70975933200657e-10
0.964443504810333,-9.13740540012727e-21,-3.30506566559308e-10,-4.79485895432674e-10
0.966665685176849,1.12585501378933e-20,4.00053878912843e-11,7.16154427427007e-11
0.96888792514801,-2.13408518681168e-21,-3.94689975147244e-10,-5.70973934799213e-10
0.971110165119171,-9.14025125686362e-21,-3.30508148627118e-10,-4.79488226901026e-10
0.973332345485687,1.1257110649757e-20,4.00056168747831e-11,7.16157688707142e-11
0.975554585456848,-2.13411749855436e-21,-3.94688615124039e-10,-5.70971936397768e-10
0.977776825428009,-9.1375928082348e-21,-3.30509730694928e-10,-4.79490558369378e-10
0.979999005794525,1.12599080388793e-20,4.00058458582819e-11,7.16160949987277e-11
0.982221245765686,-2.13501414941367e-21,-3.9468728285641e-10,-5.70969937996324e-10
0.984443485736847,-9.13657175716618e-21,-3.30511312762738e-10,-4.79492889837729e-10
0.986665666103363,1.12578586665999e-20,4.00060748417808e-11,7.16164211267412e-11
0.988887906074524,-2.13415223367774e-21,-3.9468595058878e-10,-5.7096793959488e-10
0.991110146045685,-9.13782545278208e-21,-3.30512894830548e-10,-4.79495221306081e-10
0.993332326412201,1.12590606634276e-20,4.00063038252796e-11,7.16167472547546e-11
0.995554566383362,-2.13433782424974e-21,-3.94684618321151e-10,-5.70965996704587e-10
0.997776806354523,-9.13842968237016e-21,-3.30514476898358e-10,-4.79497552774433e-10
0.999998986721039,1.1258341727153e-20,4.00065328087784e-11,7.16170733827681e-11
1.0022212266922,-2.13444586663932e-21,-3.94683258297945e-10,-5.70963998303142e-10
1.00444340705872,-9.13872533481566e-21,-3.30516058966168e-10,-4.79499939753936e-10
1.00666570663452,1.12575476660767e-20,4.00067583228303e-11,7.16173995107816e-11
1.00888788700104,-2.13417000513621e-21,-3.94681926030316e-10,-5.70961999901698e-10
1.01111006736755,-9.13862759179406e-21,-3.30517641033978e-10,-4.79502271222287e-10
1.01333236694336,1.12579426771309e-20,4.00069873063291e-11,7.16177256387951e-11
1.01555454730988,-2.13409245695378e-21,-3.94680593762686e-10,-5.70960001500254e-10
1.01777672767639,-9.13830851333512e-21,-3.30519223101788e-10,-4.79504602690639e-10
1.0199990272522,1.12568909299067e-20,4.0007216289828e-11,7.16180517668086e-11
1.02222120761871,-2.13371259202893e-21,-3.94679261495057e-10,-5.70958003098809e-10
1.02444338798523,-9.1373924754302e-21,-3.30520805169598e-10,-4.79506934158991e-10
1.02666568756104,1.12585872963973e-20,4.00074452733268e-11,7.16183778948221e-11
1.02888786792755,-2.13435337427591e-21,-3.94677901471852e-10,-5.70956004697365e-10
1.03111004829407,-9.13828024056027e-21,-3.30522387237409e-10,-4.79509265627343e-10
1.03333234786987,1.12577859651789e-20,4.00076742568256e-11,7.16187040228355e-11
1.03555452823639,-2.13353043457958e-21,-3.94676569204222e-10,-5.70954006295921e-10
1.03777670860291,-9.14001457334851e-21,-3.30523969305219e-10,-4.79511597095694e-10
1.03999900817871,1.1257407109996e-20,4.00079032403244e-11,7.1619030150849e-11
1.04222118854523,-2.13420130713693e-21,-3.94675236936592e-10,-5.70952007894476e-10
1.04444336891174,-9.13953151279547e-21,-3.30525551373029e-10,-4.79513928564046e-10
1.04666566848755,1.12575945181036e-20,4.00081322238233e-11,7.16193562788625e-11
1.04888784885406,-2.13420514415637e-21,-3.94673876913387e-10,-5.70950009493032e-10
1.05111002922058,-9.13910499779213e-21,-3.30527133440839e-10,-4.79516260032398e-10
1.05333232879639,1.12582132879758e-20,4.00083612073221e-11,7.1619682406876e-11
1.0555545091629,-2.13462701434671e-21,-3.94672544645758e-10,-5.70948011091588e-10
1.05777668952942,-9.13912196145703e-21,-3.30528715508649e-10,-4.79518591500749e-10
1.05999898910522,1.12568473090541e-20,4.0008586721374e-11,7.16200015959956e-11
1.06222116947174,-2.13409649592162e-21,-3.94671212378128e-10,-5.70946068201295e-10
1.06444334983826,-9.13978677556263e-21,-3.30530297576459e-10,-4.79520922969101e-10
1.06666564941406,1.12568723506547e-20,4.00088157048728e-11,7.16203277240091e-11
1.06888782978058,-2.13372107386138e-21,-3.94669880110499e-10,-5.7094406979985e-10
1.07111001014709,-9.13963571816561e-21,-3.30531879644269e-10,-4.79523309948604e-10
1.0733323097229,1.12580169941391e-20,4.00090446883716e-11,7.16206538520225e-11
1.07555449008942,-2.13409589007644e-21,-3.94668520087293e-10,-5.70942071398406e-10
1.07777667045593,-9.14007031110463e-21,-3.30533433956504e-10,-4.79525641416956e-10
1.07999897003174,1.12568465012606e-20,4.00092736718705e-11,7.1620979980036e-11
1.08222115039825,-2.13396199829272e-21,-3.94667187819664e-10,-5.70940072996962e-10
1.08444333076477,-9.13914538747047e-21,-3.30535016024314e-10,-4.79527972885307e-10
1.08666563034058,1.12554692132289e-20,4.00095026553693e-11,7.16213061080495e-11
1.08888781070709,-2.13413163494178e-21,-3.94665855552034e-10,-5.70938074595517e-10
1.09110999107361,-9.14064869129856e-21,-3.30536598092124e-10,-4.79530304353659e-10
1.09333229064941,1.1256978171612e-20,4.00097316388681e-11,7.1621632236063e-11
1.09555447101593,-2.13458521102962e-21,-3.94664495528829e-10,-5.70936076194073e-10
1.09777665138245,-9.1398093937825e-21,-3.30538180159934e-10,-4.79532635822011e-10
1.09999895095825,1.12559530815755e-20,4.00099606223669e-11,7.16219583640765e-11
1.10222113132477,-2.13477463862107e-21,-3.946631632612e-10,-5.70934077792629e-10
1.10444331169128,-9.14237898511896e-21,-3.30539762227744e-10,-4.79534967290363e-10
1.10666561126709,1.12566615165337e-20,4.00101861364188e-11,7.162228449209e-11
1.10888779163361,-2.13432752488176e-21,-3.9466183099357e-10,-5.70932079391184e-10
1.11110997200012,-9.14137651330238e-21,-3.30541344295554e-10,-4.79537298758714e-10
1.11333227157593,1.12567689530781e-20,4.00104151199177e-11,7.16226106201034e-11
1.11555445194244,-2.13418717074951e-21,-3.94660498725941e-10,-5.7093008098974e-10
1.11777663230896,-9.14007758124673e-21,-3.30542926363364e-10,-4.79539630227066e-10
1.11999893188477,1.12555459536178e-20,4.00106441034165e-11,7.16229367481169e-11
1.12222111225128,-2.13387233320679e-21,-3.94659138702735e-10,-5.70928082588296e-10
1.1244432926178,-9.14140397828366e-21,-3.30544508431174e-10,-4.79541961695418e-10
1.1266655921936,1.12555411068564e-20,4.00108730869153e-11,7.16232628761304e-11
1.12888777256012,-2.13387415074232e-21,-3.94657806435106e-10,-5.70926084186851e-10
1.13110995292664,-9.14001699672921e-21,-3.30546090498984e-10,-4.79544293163769e-10
1.13333225250244,1.12570444106845e-20,4.00111020704141e-11,7.16235890041439e-11
1.13555443286896,-2.13408417706972e-21,-3.94656474167476e-10,-5.70924085785407e-10
1.13777661323547,-9.14098392562884e-21,-3.30547672566794e-10,-4.79546680143272e-10
1.13999891281128,1.12536129036121e-20,4.0011331053913e-11,7.16239151321574e-11
1.1422210931778,-2.13424512993794e-21,-3.94655141899847e-10,-5.70922142895114e-10
1.14444327354431,-9.14192904410217e-21,-3.30549254634604e-10,-4.79549011611624e-10
1.14666557312012,1.12550208877993e-20,4.00115565679648e-11,7.1624234321277e-11
1.14888775348663,-2.1346468052891e-21,-3.94653781876642e-10,-5.7092014449367e-10
1.15110993385315,-9.14160511888183e-21,-3.30550836702415e-10,-4.79551343079976e-10
1.15333223342896,1.12573998398539e-20,4.00117855514637e-11,7.16245604492904e-11
1.15555441379547,-2.13431884110092e-21,-3.94652449609012e-10,-5.70918146092225e-10
1.15777659416199,-9.13912115366347e-21,-3.30552418770225e-10,-4.79553674548328e-10
1.15999889373779,1.12565048045817e-20,4.00120145349625e-11,7.16248865773039e-11
1.16222107410431,-2.13434166126919e-21,-3.94651117341382e-10,-5.70916147690781e-10
1.16444325447083,-9.14156634479061e-21,-3.30554000838035e-10,-4.79556006016679e-10
1.16666555404663,1.12560322453451e-20,4.00122435184613e-11,7.16252127053174e-11
1.16888773441315,-2.13411709465757e-21,-3.94649757318177e-10,-5.70914149289337e-10
1.17110991477966,-9.1407722837143e-21,-3.30555582905845e-10,-4.79558337485031e-10
1.17333221435547,1.12552292985395e-20,4.00124725019602e-11,7.16255388333309e-11
1.17555439472198,-2.13456340060331e-21,-3.94648425050548e-10,-5.70912150887892e-10
1.1777765750885,-9.1424880372505e-21,-3.30557164973655e-10,-4.79560668953383e-10
1.17999887466431,1.12550015007537e-20,4.0012698016012e-11,7.16258649613444e-11
1.18222105503082,-2.1344757550013e-21,-3.94647092782918e-10,-5.70910152486448e-10
1.18444323539734,-9.14266090507382e-21,-3.30558747041465e-10,-4.79563000421734e-10
1.18666553497314,1.12551436724214e-20,4.00129269995109e-11,7.16261910893579e-11
1.18888771533966,-2.13452321287336e-21,-3.94645760515289e-10,-5.70908154085004e-10
1.19110989570618,-9.14150737586022e-21,-3.30560329109275e-10,-4.79565331890086e-10
1.19333219528198,1.12554910236552e-20,4.00131559830097e-11,7.16265172173713e-11
1.1955543756485,-2.13480634451857e-21,-3.94644400492083e-10,-5.70906155683559e-10
1.19777655601501,-9.14263667126682e-21,-3.30561911177085e-10,-4.79567663358438e-10
1.19999885559082,1.12550459293998e-20,4.00133849665085e-11,7.16268433453848e-11
1.20222103595734,-2.13423584031192e-21,-3.94643068224454e-10,-5.70904157282115e-10
1.20444321632385,-9.14360198457932e-21,-3.30563493244895e-10,-4.79570050337941e-10
1.20666551589966,1.12558416060633e-20,4.00136139500074e-11,7.16271694733983e-11
1.20888769626617,-2.13391494431745e-21,-3.94641735956824e-10,-5.70902158880671e-10
1.21110987663269,-9.14213422366817e-21,-3.30565075312705e-10,-4.79572381806292e-10
1.2133321762085,1.12537009531109e-20,4.00138394640592e-11,7.16274886625179e-11
1.21555435657501,-2.1344244601098e-21,-3.94640375933619e-10,-5.70900215990378e-10
1.21777653694153,-9.14213907042958e-21,-3.30566657380515e-10,-4.79574713274644e-10
1.21999883651733,1.1254776934142e-20,4.00140684475581e-11,7.16278147905314e-11
1.22222101688385,-2.13390666443339e-21,-3.9463904366599e-10,-5.70898217588933e-10
1.22444319725037,-9.14220127053423e-21,-3.30568239448326e-10,-4.79577044742996e-10
1.22666549682617,1.12546299157129e-20,4.00142974310569e-11,7.16281409185449e-11
1.22888767719269,-2.1336766452152e-21,-3.9463771139836e-10,-5.70896219187489e-10
1.2311098575592,-9.14291859122168e-21,-3.30569821516136e-10,-4.79579376211348e-10
1.23333215713501,1.12559183464521e-20,4.00145264145557e-11,7.16284670465583e-11
1.23555433750153,-2.13452805963476e-21,-3.94636379130731e-10,-5.70894220786045e-10
1.23777651786804,-9.14388955908915e-21,-3.30571403583946e-10,-4.79581707679699e-10
1.23999881744385,1.12535749373144e-20,4.00147553980545e-11,7.16287931745718e-11
1.24222099781036,-2.13527143166474e-21,-3.94635019107525e-10,-5.708922223846e-10
1.24444317817688,-9.14304541481169e-21,-3.3057295789618e-10,-4.79584039148051e-10
1.24666547775269,1.12546525339327e-20,4.00149809121064e-11,7.16291193025853e-11
1.2488876581192,-2.13445838743961e-21,-3.94633686839896e-10,-5.70890223983156e-10
1.25110983848572,-9.1426956401972e-21,-3.3057453996399e-10,-4.79586370616403e-10
1.25333213806152,1.12550968203946e-20,4.00152098956053e-11,7.16294454305988e-11
1.25555431842804,-2.13516520681069e-21,-3.94632354572266e-10,-5.70888225581712e-10
1.25777649879456,-9.14341296088465e-21,-3.305761220318e-10,-4.79588702084754e-10
1.25999879837036,1.12525038030447e-20,4.00154388791041e-11,7.16297715586123e-11
1.26222097873688,-2.13497052856105e-21,-3.94630994549061e-10,-5.70886227180267e-10
1.26444315910339,-9.14483144638821e-21,-3.30577704099611e-10,-4.79591033553106e-10
1.2666654586792,1.12532655523783e-20,4.00156678626029e-11,7.16300907477319e-11
1.26888763904572,-2.13487137190071e-21,-3.94629662281432e-10,-5.70884228778823e-10
1.27110981941223,-9.14444855223748e-21,-3.30579286167421e-10,-4.79593365021458e-10
1.27333211898804,1.12548140926461e-20,4.00158933766548e-11,7.16304168757453e-11
1.27555429935455,-2.13473020997489e-21,-3.94628330013802e-10,-5.70882230377379e-10
1.27777647972107,-9.14325867231336e-21,-3.30580868235231e-10,-4.79595752000961e-10
1.27999877929688,1.1252309124795e-20,4.00161223601536e-11,7.16307430037588e-11
1.28222095966339,-2.13434267101114e-21,-3.94626997746172e-10,-5.70880231975934e-10
1.28444314002991,-9.14390733054762e-21,-3.30582450303041e-10,-4.79598083469313e-10
1.28666532039642,1.12527905697609e-20,4.00163513436524e-11,7.16310691317723e-11
1.28888761997223,-2.13448403488536e-21,-3.94625637722967e-10,-5.7087823357449e-10
1.29110980033875,-9.14355755593313e-21,-3.30584032370851e-10,-4.79600414937664e-10
1.29333198070526,1.12535321242554e-20,4.00165803271513e-11,7.16313952597858e-11
1.29555428028107,-2.13531929343358e-21,-3.94624305455338e-10,-5.70876290684197e-10
1.29777646064758,-9.14439281448136e-21,-3.30585614438661e-10,-4.79602746406016e-10
1.2999986410141,1.12530555260509e-20,4.00168093106501e-11,7.16317213877993e-11
1.3022209405899,-2.13517671786902e-21,-3.94622973187708e-10,-5.70874292282753e-10
1.30444312095642,-9.14473774233444e-21,-3.30587196506471e-10,-4.79605077874368e-10
1.30666530132294,1.12532267782871e-20,4.0017034824702e-11,7.16320475158128e-11
1.30888760089874,-2.13512602882269e-21,-3.94621613164503e-10,-5.70872293881308e-10
1.31110978126526,-9.14545910198973e-21,-3.30588778574281e-10,-4.79607409342719e-10
1.31333196163177,1.12539004781219e-20,4.00172638082008e-11,7.16323736438262e-11
1.31555426120758,-2.13504343193047e-21,-3.94620280896874e-10,-5.70870295479864e-10
1.3177764415741,-9.144328190996e-21,-3.30590360642091e-10,-4.79609740811071e-10
1.31999862194061,1.12516572353865e-20,4.00174927916996e-11,7.16326928329458e-11
1.32222092151642,-2.13464862282463e-21,-3.94618948629244e-10,-5.7086829707842e-10
1.32444310188293,-9.14443401195327e-21,-3.30591942709901e-10,-4.79612072279423e-10
1.32666528224945,1.12521564518109e-20,4.00177217751985e-11,7.16330189609593e-11
1.32888758182526,-2.13493498564411e-21,-3.94617616361614e-10,-5.70866298676975e-10
1.33110976219177,-9.14639371914668e-21,-3.30593524777711e-10,-4.79614403747775e-10
1.33333194255829,1.12519367319607e-20,4.00179472892503e-11,7.16333450889728e-11
1.33555424213409,-2.13543884688149e-21,-3.94616256338409e-10,-5.70864300275531e-10
1.33777642250061,-9.1464470335221e-21,-3.30595106845522e-10,-4.79616735216126e-10
1.33999860286713,1.12529488973e-20,4.00181762727492e-11,7.16336712169863e-11
1.34222090244293,-2.1356195906921e-21,-3.9461492407078e-10,-5.70862301874087e-10
1.34444308280945,-9.14602051851875e-21,-3.30596688913332e-10,-4.79619122195629e-10
1.34666526317596,1.12512024476083e-20,4.0018405256248e-11,7.16339973449998e-11
1.34888756275177,-2.13507877289902e-21,-3.9461359180315e-10,-5.70860303472642e-10
1.35110974311829,-9.14640664384375e-21,-3.30598270981142e-10,-4.79621453663981e-10
1.3533319234848,1.12526685929323e-20,4.00186307702999e-11,7.16343234730132e-11
1.35555422306061,-2.13462741824349e-21,-3.94612231779945e-10,-5.70858305071198e-10
1.35777640342712,-9.14638241003675e-21,-3.30599853048952e-10,-4.79623785132333e-10
1.35999858379364,1.12525934681306e-20,4.00188597537987e-11,7.16346426621328e-11
1.36222088336945,-2.13485622577133e-21,-3.94610899512315e-10,-5.70856306669754e-10
1.36444306373596,-9.14529027313423e-21,-3.30601435116762e-10,-4.79626116600684e-10
1.36666524410248,1.12513106919463e-20,4.00190887372975e-11,7.16349687901463e-11
1.36888754367828,-2.13423543641513e-21,-3.94609567244686e-10,-5.70854308268309e-10
1.3711097240448,-9.14586946112173e-21,-3.30603017184572e-10,-4.79628448069036e-10
1.37333190441132,1.12516330015795e-20,4.00193177207964e-11,7.16352949181598e-11
1.37555420398712,-2.13442668154211e-21,-3.94608234977056e-10,-5.70852365378016e-10
1.37777638435364,-9.14667967806938e-21,-3.30604599252382e-10,-4.79630779537388e-10
1.37999856472015,1.12523317430149e-20,4.00195432348482e-11,7.16356210461733e-11
1.38222086429596,-2.13401773604884e-21,-3.94606874953851e-10,-5.70850366976572e-10
1.38444304466248,-9.14569013094987e-21,-3.30606181320192e-10,-4.79633111005739e-10
1.38666522502899,1.12509916134873e-20,4.00197722183471e-11,7.16359471741868e-11
1.3888875246048,-2.13465569101834e-21,-3.94605542686222e-10,-5.70848368575128e-10
1.39110970497131,-9.14668210145008e-21,-3.30607763388002e-10,-4.79635442474091e-10
1.39333188533783,1.12518220252742e-20,4.00200012018459e-11,7.16362733022002e-11
1.39555418491364,-2.13418898828503e-21,-3.94604210418592e-10,-5.70846370173683e-10
1.39777636528015,-9.14516021836996e-21,-3.30609317700237e-10,-4.79637773942443e-10
1.39999854564667,1.12524133301652e-20,4.00202301853447e-11,7.16365924913198e-11
1.40222084522247,-2.13450604726006e-21,-3.94602850395387e-10,-5.70844371772239e-10
1.40444302558899,-9.14648984658115e-21,-3.30610899768047e-10,-4.79640105410795e-10
1.40666520595551,1.12506402232857e-20,4.00204556993966e-11,7.16369186193333e-11
1.40888750553131,-2.13398926132561e-21,-3.94601518127757e-10,-5.70842373370795e-10
1.41110968589783,-9.14597608987257e-21,-3.30612481835857e-10,-4.79642436879146e-10
1.41333186626434,1.1252236423374e-20,4.00206846828954e-11,7.16372447473468e-11
1.41555416584015,-2.13447878422718e-21,-3.94600185860128e-10,-5.7084037496935e-10
1.41777634620667,-9.14591388976792e-21,-3.30614063903667e-10,-4.79644823858649e-10
1.41999852657318,1.12524787614441e-20,4.00209136663943e-11,7.16375708753603e-11
1.42222082614899,-2.13424230266045e-21,-3.94598853592498e-10,-5.70838376567906e-10
1.4244430065155,-9.14461576550583e-21,-3.30615645971477e-10,-4.79647155327001e-10
1.42666518688202,1.12525490394844e-20,4.00211391804461e-11,7.16378970033738e-11
1.42888748645782,-2.13433560281743e-21,-3.94597493569293e-10,-5.70836378166462e-10
1.43110966682434,-9.14613037844386e-21,-3.30617228039287e-10,-4.79649486795353e-10
1.43333184719086,1.12508567119617e-20,4.0021368163945e-11,7.16382161924933e-11
1.43555414676666,-2.13428572156468e-21,-3.94596161301664e-10,-5.70834379765017e-10
1.43777632713318,-9.14710780865986e-21,-3.30618810107097e-10,-4.79651818263704e-10
1.43999850749969,1.12513325023726e-20,4.00215971474438e-11,7.16385423205068e-11
1.4422208070755,-2.13445091534912e-21,-3.94594829034034e-10,-5.70832381363573e-10
1.44444298744202,-9.14657708828638e-21,-3.30620392174907e-10,-4.79654149732056e-10
1.44666516780853,1.12505432880577e-20,4.00218226614957e-11,7.16388684485203e-11
1.44888746738434,-2.1336986575899e-21,-3.94593469010829e-10,-5.70830382962129e-10
1.45110964775085,-9.14670552746352e-21,-3.30621974242717e-10,-4.79656481200408e-10
1.45333182811737,1.12509536471897e-20,4.00220516449945e-11,7.16391945765338e-11
1.45555412769318,-2.13329112573537e-21,-3.94592136743199e-10,-5.70828440071836e-10
1.45777630805969,-9.14703187606457e-21,-3.30623556310528e-10,-4.7965881266876e-10
1.45999848842621,1.12530159441661e-20,4.00222806284933e-11,7.16395207045473e-11
1.46222078800201,-2.13325780425074e-21,-3.9459080447557e-10,-5.70826441670391e-10
1.46444296836853,-9.14615945901227e-21,-3.30625138378338e-10,-4.79661144137111e-10
1.46666514873505,1.12511337851551e-20,4.00225061425452e-11,7.16398468325607e-11
1.46888744831085,-2.13364352567895e-21,-3.94589444452365e-10,-5.70824443268947e-10
1.47110962867737,-9.14552130209438e-21,-3.30626720446148e-10,-4.79663475605463e-10
1.47333180904388,1.12517412459175e-20,4.0022735126044e-11,7.16401660216803e-11
1.47555410861969,-2.13379054410814e-21,-3.94588112184735e-10,-5.70822444867503e-10
1.47777628898621,-9.14609564332048e-21,-3.30628302513958e-10,-4.79665807073815e-10
1.47999846935272,1.1250932644557e-20,4.00229641095429e-11,7.16404921496938e-11
1.48222076892853,-2.13390767417534e-21,-3.94586779917105e-10,-5.70820446466058e-10
1.48444294929504,-9.14656820255714e-21,-3.30629884581768e-10,-4.79668138542166e-10
1.48666512966156,1.12519181527086e-20,4.00231896235947e-11,7.16408182777073e-11
1.48888742923737,-2.13320852884315e-21,-3.94585447649476e-10,-5.70818448064614e-10
1.49110960960388,-9.1483752367664e-21,-3.30631466649578e-10,-4.79670525521669e-10
1.4933317899704,1.1251596650869e-20,4.00234186070936e-11,7.16411444057208e-11
1.4955540895462,-2.13379236164366e-21,-3.94584087626271e-10,-5.7081644966317e-10
1.49777626991272,-9.14701006563826e-21,-3.30633048717388e-10,-4.79672856990021e-10
1.49999845027924,1.12507832027471e-20,4.00236475905924e-11,7.16414705337343e-11
1.50222074985504,-2.13374712520391e-21,-3.94582755358641e-10,-5.70814451261725e-10
1.50444293022156,-9.14663928839103e-21,-3.30634630785198e-10,-4.79675188458373e-10
1.50666511058807,1.12500287235555e-20,4.00238731046443e-11,7.16417897228538e-11
1.50888741016388,-2.13363039903349e-21,-3.94581423091012e-10,-5.70812452860281e-10
1.5111095905304,-9.14755774967665e-21,-3.30636212853008e-10,-4.79677519926724e-10
1.51333177089691,1.12509229510341e-20,4.00241020881431e-11,7.16421158508673e-11
1.51555407047272,-2.1332636607541e-21,-3.94580063067806e-10,-5.70810454458837e-10
1.51777625083923,-9.14636544637184e-21,-3.30637794920818e-10,-4.79679851395076e-10
1.51999843120575,1.12503348773174e-20,4.00243310716419e-11,7.16424419788808e-11
1.52222073078156,-2.1333587784466e-21,-3.94578730800177e-10,-5.70808456057392e-10
1.52444291114807,-9.14626043320814e-21,-3.30639376988628e-10,-4.79682182863428e-10
1.52666509151459,1.1252676670868e-20,4.00245565856938e-11,7.16427681068943e-11
1.52888739109039,-2.13273213258705e-21,-3.94577398532547e-10,-5.70806457655948e-10
1.53110957145691,-9.14575637002236e-21,-3.30640959056439e-10,-4.7968451433178e-10
1.53333175182343,1.12521532206366e-20,4.00247855691926e-11,7.16430872960139e-11
1.53555405139923,-2.13230783901601e-21,-3.94576066264918e-10,-5.70804514765655e-10
1.53777623176575,-9.14825891449276e-21,-3.30642513368673e-10,-4.79686845800131e-10
1.53999841213226,1.12518519136361e-20,4.00250145526915e-11,7.16434134240274e-11
1.54222071170807,-2.13262974475244e-21,-3.94574706241713e-10,-5.70802516364211e-10
1.54444289207458,-9.14665867543664e-21,-3.30644095436483e-10,-4.79689177268483e-10
1.5466650724411,1.12513736998445e-20,4.00252400667434e-11,7.16437395520408e-11
1.54888737201691,-2.13328001857383e-21,-3.94573373974083e-10,-5.70800517962766e-10
1.55110955238342,-9.1484778265494e-21,-3.30645677504293e-10,-4.79691508736835e-10
1.55333173274994,1.12503267993817e-20,4.00254690502422e-11,7.16440656800543e-11
1.55555403232574,-2.13307746433692e-21,-3.94572041706454e-10,-5.70798519561322e-10
1.55777621269226,-9.14688728101609e-21,-3.30647259572103e-10,-4.79693840205186e-10
1.55999839305878,1.1250227440773e-20,4.0025698033741e-11,7.16443918080678e-11
1.56222069263458,-2.13236014364947e-21,-3.94570681683248e-10,-5.70796521159878e-10
1.5644428730011,-9.14743334946734e-21,-3.30648841639913e-10,-4.79696227184689e-10
1.56666505336761,1.12515675703006e-20,4.00259235477929e-11,7.16447109971874e-11
1.56888735294342,-2.13258329662234e-21,-3.94569349415619e-10,-5.70794522758433e-10
1.57110953330994,-9.14728956221243e-21,-3.30650423707723e-10,-4.79698558653041e-10
1.57333171367645,1.12525191511224e-20,4.00261525312917e-11,7.16450371252009e-11
1.57555401325226,-2.13332586085875e-21,-3.94568017147989e-10,-5.70792524356989e-10
1.57777619361877,-9.14863292291426e-21,-3.30652005775534e-10,-4.79700890121393e-10
1.57999837398529,1.1251880186411e-20,4.00263815147905e-11,7.16453632532144e-11
1.5822206735611,-2.13274687481964e-21,-3.94566657124784e-10,-5.70790525955545e-10
1.58444285392761,-9.1473978065504e-21,-3.30653587843344e-10,-4.79703221589745e-10
1.58666503429413,1.12519924697168e-20,4.00266070288424e-11,7.16456893812278e-11
1.58888733386993,-2.13280766128556e-21,-3.94565324857155e-10,-5.707885275541e-10
1.59110951423645,-9.14801819200981e-21,-3.30655169911154e-10,-4.79705553058096e-10
1.59333169460297,1.12528826582276e-20,4.00268360123412e-11,7.16460085703474e-11
1.59555399417877,-2.13313219235108e-21,-3.94563992589525e-10,-5.70786529152656e-10
1.59777617454529,-9.14849559800788e-21,-3.30656751978964e-10,-4.79707884526448e-10
1.5999983549118,1.12504875503016e-20,4.00270615263931e-11,7.16463346983609e-11
1.60222065448761,-2.13312593195093e-21,-3.94562660321895e-10,-5.70784530751212e-10
1.60444283485413,-9.14870885550955e-21,-3.30658334046774e-10,-4.797102159948e-10
1.60666501522064,1.12500901158666e-20,4.0027290509892e-11,7.16466608263744e-11
1.60888731479645,-2.13340421683474e-21,-3.9456130029869e-10,-5.70782532349767e-10
1.61110949516296,-9.1491450640357e-21,-3.30659916114584e-10,-4.79712547463151e-10
1.61333167552948,1.12494374186645e-20,4.00275194933908e-11,7.16469869543879e-11
1.61555397510529,-2.1326794240568e-21,-3.94559968031061e-10,-5.70780533948323e-10
1.6177761554718,-9.14764903034972e-21,-3.30661498182394e-10,-4.79714878931503e-10
1.61999833583832,1.12516968172713e-20,4.00277450074427e-11,7.16473061435074e-11
1.62222063541412,-2.13254916734413e-21,-3.94558635763431e-10,-5.7077859105803e-10
1.62444281578064,-9.1484535927424e-21,-3.30663080250204e-10,-4.79717210399855e-10
1.62666499614716,1.12510877409218e-20,4.00279739909415e-11,7.16476322715209e-11
1.62888729572296,-2.13246899383261e-21,-3.94557275740226e-10,-5.70776592656586e-10
1.63110947608948,-9.14880013618262e-21,-3.30664662318014e-10,-4.79719541868207e-10
1.63333165645599,1.12510077693587e-20,4.00281995049934e-11,7.16479583995344e-11
1.6355539560318,-2.13258794143535e-21,-3.94555943472596e-10,-5.70774594255141e-10
1.63777613639832,-9.14906832364684e-21,-3.30666244385824e-10,-4.79721928847709e-10
1.63999831676483,1.12494414576324e-20,4.00284284884922e-11,7.16482845275479e-11
1.64222061634064,-2.13242739246392e-21,-3.94554611204967e-10,-5.70772595853697e-10
1.64444279670715,-9.14880982970542e-21,-3.30667826453634e-10,-4.79724260316061e-10
1.64666497707367,1.12507508910044e-20,4.0028657471991e-11,7.16486037166675e-11
1.64888727664948,-2.13303828634892e-21,-3.94553251181762e-10,-5.70770597452253e-10
1.65110945701599,-9.14946171911394e-21,-3.30669408521445e-10,-4.79726591784413e-10
1.65333163738251,1.12499931806386e-20,4.00288829860429e-11,7.1648929844681e-11
1.65555393695831,-2.13259581742262e-21,-3.94551918914132e-10,-5.70768599050808e-10
1.65777611732483,-9.14843259010966e-21,-3.30670990589255e-10,-4.79728923252765e-10
1.65999829769135,1.12502145160759e-20,4.00291119695417e-11,7.16492559726944e-11
1.66222059726715,-2.13278403332372e-21,-3.94550586646503e-10,-5.70766600649364e-10
1.66444277763367,-9.14879932838905e-21,-3.30672572657065e-10,-4.79731254721116e-10
1.66666495800018,1.12505376335027e-20,4.00293374835936e-11,7.16495821007079e-11
1.66888725757599,-2.13244536587078e-21,-3.94549254378873e-10,-5.7076460224792e-10
1.6711094379425,-9.1490545911562e-21,-3.30674154724875e-10,-4.79733586189468e-10
1.67333161830902,1.12496975281931e-20,4.00295664670924e-11,7.16499012898275e-11
1.67555391788483,-2.13207216524285e-21,-3.94547894355668e-10,-5.70762603846475e-10
1.67777609825134,-9.15002071226227e-21,-3.30675709037109e-10,-4.7973591765782e-10
1.67999827861786,1.12500246845877e-20,4.00297954505913e-11,7.1650227417841e-11
1.68222057819366,-2.13265135323035e-21,-3.94546562088038e-10,-5.70760605445031e-10
1.68444275856018,-9.14900046898722e-21,-3.30677291104919e-10,-4.79738249126171e-10
1.6866649389267,1.12497944634211e-20,4.00300209646431e-11,7.16505535458545e-11
1.6888872385025,-2.13269255070227e-21,-3.94545229820409e-10,-5.70758607043587e-10
1.69110941886902,-9.14888495450715e-21,-3.30678873172729e-10,-4.79740580594523e-10
1.69333159923553,1.12486506277303e-20,4.0030249948142e-11,7.16508727349741e-11
1.69555389881134,-2.13273758519362e-21,-3.94543869797204e-10,-5.70756608642142e-10
1.69777607917786,-9.15075822778889e-21,-3.3068045524054e-10,-4.79742912062875e-10
1.69999825954437,1.1249514966847e-20,4.00304754621938e-11,7.16511988629875e-11
1.70222055912018,-2.13225593827933e-21,-3.94542537529574e-10,-5.70754610240698e-10
1.70444273948669,-9.14965235839574e-21,-3.3068203730835e-10,-4.79745243531227e-10
1.70666491985321,1.12484446403708e-20,4.00307044456927e-11,7.1651524991001e-11
1.70888721942902,-2.13285855228027e-21,-3.94541205261945e-10,-5.70752611839254e-10
1.71110939979553,-9.14924926940584e-21,-3.3068361937616e-10,-4.7974763051073e-10
1.71333158016205,1.12497621516784e-20,4.00309299597446e-11,7.16518511190145e-11
1.71555387973785,-2.13260530899703e-21,-3.94539845238739e-10,-5.70750668948961e-10
1.71777606010437,-9.1498026079992e-21,-3.3068520144397e-10,-4.79749961979081e-10
1.71999824047089,1.12513664297024e-20,4.00311589432434e-11,7.16521703081341e-11
1.72222054004669,-2.13286602437077e-21,-3.9453851297111e-10,-5.70748670547516e-10
1.72444272041321,-9.14938578651865e-21,-3.3068678351178e-10,-4.79752293447433e-10
1.72666490077972,1.12499132090755e-20,4.00313879267422e-11,7.16524964361476e-11
1.72888720035553,-2.13240315865691e-21,-3.9453718070348e-10,-5.70746672146072e-10
1.73110938072205,-9.14959096608466e-21,-3.3068836557959e-10,-4.79754624915785e-10
1.73333156108856,1.12484939157783e-20,4.00316134407941e-11,7.16528225641611e-11
1.73555386066437,-2.131408764776e-21,-3.94535848435851e-10,-5.70744673744628e-10
1.73777604103088,-9.1473121804323e-21,-3.306899476474e-10,-4.79756956384136e-10
1.7399982213974,1.12503978852156e-20,4.00318424242929e-11,7.16531417532806e-11
1.74222052097321,-2.13196917156306e-21,-3.94534488412646e-10,-5.70742675343183e-10
1.74444270133972,-9.1491256769901e-21,-3.3069152971521e-10,-4.79759287852488e-10
1.74666488170624,1.12507137325003e-20,4.00320679383448e-11,7.16534678812941e-11
1.74888718128204,-2.13147015708708e-21,-3.94533156145016e-10,-5.70740676941739e-10
1.75110936164856,-9.14946656587535e-21,-3.3069311178302e-10,-4.7976161932084e-10
1.75333154201508,1.12492605118734e-20,4.00322969218436e-11,7.16537940093076e-11
1.75555384159088,-2.13089803729329e-21,-3.94531823877387e-10,-5.70738678540295e-10
1.7577760219574,-9.15061767170825e-21,-3.3069469385083e-10,-4.79763950789192e-10
1.75999820232391,1.12493009015517e-20,4.00325224358955e-11,7.16541201373211e-11
1.76222050189972,-2.13169028083408e-21,-3.94530463854181e-10,-5.7073668013885e-10
1.76444268226624,-9.15031474912064e-21,-3.3069627591864e-10,-4.79766282257543e-10
1.76666486263275,1.12490173660097e-20,4.00327514193943e-11,7.16544393264407e-11
1.76888716220856,-2.13136999068478e-21,-3.94529131586552e-10,-5.70734681737406e-10
1.77110934257507,-9.1498050313799e-21,-3.30697857986451e-10,-4.79768613725895e-10
1.77333152294159,1.12491320726962e-20,4.00329769334462e-11,7.16547654544542e-11
1.7755538225174,-2.13147116682904e-21,-3.94527799318922e-10,-5.70732683335962e-10
1.77777600288391,-9.14914910300354e-21,-3.30699440054261e-10,-4.79770945194247e-10
1.77999818325043,1.12490731037658e-20,4.0033205916945e-11,7.16550915824676e-11
1.78222048282623,-2.13084755019536e-21,-3.94526439295717e-10,-5.70730684934517e-10
1.78444266319275,-9.15010229941253e-21,-3.30701022122071e-10,-4.79773276662598e-10
1.78666484355927,1.1248369515569e-20,4.00334314309969e-11,7.16554107715872e-11
1.78888714313507,-2.13148348568094e-21,-3.94525107028088e-10,-5.70728686533073e-10
1.79110932350159,-9.15014915143942e-21,-3.30702604189881e-10,-4.79775663642101e-10
1.7933315038681,1.12484139442152e-20,4.00336604144957e-11,7.16557368996007e-11
1.79555380344391,-2.13133646725175e-21,-3.94523774760458e-10,-5.70726688131629e-10
1.79777598381042,-9.14976544949512e-21,-3.30704158502115e-10,-4.79777995110453e-10
1.79999816417694,1.124832670251e-20,4.00338893979946e-11,7.16560630276142e-11
1.80222046375275,-2.13151983639145e-21,-3.94522442492828e-10,-5.70724745241336e-10
1.80444264411926,-9.15038583495453e-21,-3.30705740569925e-10,-4.79780326578805e-10
1.80666482448578,1.12497516503621e-20,4.00341149120464e-11,7.16563822167338e-11
1.80888712406158,-2.13081443065911e-21,-3.94521082469623e-10,-5.70722746839891e-10
1.8111093044281,-9.15023154638324e-21,-3.30707322637736e-10,-4.79782658047156e-10
1.81333148479462,1.12513551205925e-20,4.00343438955453e-11,7.16567083447472e-11
1.81555378437042,-2.13127265155997e-21,-3.94519750201994e-10,-5.70720748438447e-10
1.81777596473694,-9.14915637314564e-21,-3.30708904705546e-10,-4.79784989515508e-10
1.81999814510345,1.12501959368239e-20,4.00345694095972e-11,7.16570344727607e-11
1.82222044467926,-2.13082392223353e-21,-3.94518417934364e-10,-5.70718750037003e-10
1.82444262504578,-9.15008937471546e-21,-3.30710486773356e-10,-4.7978732098386e-10
1.82666480541229,1.12488008773338e-20,4.0034798393096e-11,7.16573606007742e-11
1.8288871049881,-2.13122559758469e-21,-3.94517057911159e-10,-5.70716751635558e-10
1.83110928535461,-9.15088828255317e-21,-3.30712068841166e-10,-4.79789652452212e-10
1.83333146572113,1.12490763349401e-20,4.00350239071479e-11,7.16576797898938e-11
1.83555376529694,-2.13066498884923e-21,-3.94515725643529e-10,-5.70714753234114e-10
1.83777594566345,-9.15062413405678e-21,-3.30713650908976e-10,-4.79791983920563e-10
1.83999812602997,1.12493792575277e-20,4.00352528906467e-11,7.16580059179073e-11
1.84222042560577,-2.13119389168719e-21,-3.945143933759e-10,-5.7071275483267e-10
1.84444260597229,-9.15161045000202e-21,-3.30715232976786e-10,-4.79794315388915e-10
1.84666478633881,1.12488832722776e-20,4.00354784046986e-11,7.16583320459208e-11
1.84888708591461,-2.13061975240948e-21,-3.94513033352695e-10,-5.70710756431225e-10
1.85110926628113,-9.15074853426609e-21,-3.30716815044596e-10,-4.79796646857267e-10
1.85333144664764,1.12485254197275e-20,4.00357073881974e-11,7.16586512350403e-11
1.85555374622345,-2.13086431191187e-21,-3.94511701085065e-10,-5.70708758029781e-10
1.85777592658997,-9.15081477333858e-21,-3.30718397112406e-10,-4.79798978325618e-10
1.85999810695648,1.12470132301701e-20,4.00359329022493e-11,7.16589773630538e-11
1.86222040653229,-2.1307903988005e-21,-3.94510368817436e-10,-5.70706759628337e-10
1.8644425868988,-9.15137134310621e-21,-3.30719979180216e-10,-4.7980130979397e-10
1.86666476726532,1.12469413365427e-20,4.00361618857481e-11,7.16593034910673e-11
1.86888706684113,-2.13126114050164e-21,-3.9450900879423e-10,-5.70704761226892e-10
1.87110924720764,-9.15066129256086e-21,-3.30721561248026e-10,-4.79803696773473e-10
1.87333142757416,1.12487653344168e-20,4.00363873998e-11,7.16596226801869e-11
1.87555372714996,-2.13047636905135e-21,-3.94507676526601e-10,-5.70702762825448e-10
1.87777590751648,-9.15007968119266e-21,-3.30723143315836e-10,-4.79806028241825e-10
1.879998087883,1.12493243275652e-20,4.00366163832988e-11,7.16599488082004e-11
1.8822203874588,-2.13071668763751e-21,-3.94506344258971e-10,-5.70700764424004e-10
1.88444256782532,-9.15204988970244e-21,-3.30724725383647e-10,-4.79808359710177e-10
1.88666474819183,1.1246825014269e-20,4.00368418973507e-11,7.16602749362139e-11
1.88888704776764,-2.13022595304559e-21,-3.94505011991342e-10,-5.70698766022559e-10
1.89110922813416,-9.15054012352582e-21,-3.30726307451457e-10,-4.79810691178528e-10
1.89333140850067,1.12487200979771e-20,4.00370708808495e-11,7.16605941253334e-11
1.89555370807648,-2.13079100464567e-21,-3.94503651968137e-10,-5.70696767621115e-10
1.89777588844299,-9.15200950002409e-21,-3.30727889519267e-10,-4.7981302264688e-10
1.89999806880951,1.12484171753895e-20,4.00372963949014e-11,7.16609202533469e-11
1.90222036838531,-2.13011225610105e-21,-3.94502319700507e-10,-5.70694824730822e-10
1.90444254875183,-9.15087374226897e-21,-3.30729471587077e-10,-4.79815354115232e-10
1.90666472911835,1.12488897346261e-20,4.00375253784002e-11,7.16612394424665e-11
1.90888702869415,-2.1304921210259e-21,-3.94500987432878e-10,-5.70692826329378e-10
1.91110920906067,-9.1513543794413e-21,-3.30731053654887e-10,-4.79817685583583e-10
1.91333138942719,1.1249865549255e-20,4.00377508924521e-11,7.166156557048e-11
1.91555368900299,-2.13044789432811e-21,-3.94499627409672e-10,-5.70690827927933e-10
1.91777586936951,-9.15071299134914e-21,-3.30732635722697e-10,-4.79820017051935e-10
1.91999804973602,1.12482087646492e-20,4.00379798759509e-11,7.16618916984935e-11
1.92222034931183,-2.13096690169488e-21,-3.94498295142043e-10,-5.70688829526489e-10
1.92444252967834,-9.15160075647922e-21,-3.30734190034931e-10,-4.79822348520287e-10
1.92666471004486,1.12478032522786e-20,4.00382053900028e-11,7.1662210887613e-11
1.92888700962067,-2.13043072871482e-21,-3.94496962874413e-10,-5.70686831125045e-10
1.93110918998718,-9.15186732835631e-21,-3.30735772102742e-10,-4.79824679988639e-10
1.9333313703537,1.12490125192483e-20,4.00384309040547e-11,7.16625370156265e-11
1.9355536699295,-2.12991576031589e-21,-3.94495602851208e-10,-5.706848327236e-10
1.93777585029602,-9.15102237628529e-21,-3.30737354170552e-10,-4.7982701145699e-10
1.93999803066254,1.12479276524879e-20,4.00386598875535e-11,7.166286314364e-11
1.94222033023834,-2.12979721660994e-21,-3.94494270583579e-10,-5.70682834322156e-10
1.94444251060486,-9.15180028149025e-21,-3.30738936238362e-10,-4.79829398436493e-10
1.94666469097137,1.12490819894951e-20,4.00388854016054e-11,7.16631823327596e-11
1.94888699054718,-2.13041416894669e-21,-3.94492938315949e-10,-5.70680835920712e-10
1.9511091709137,-9.15177362430255e-21,-3.30740518306172e-10,-4.79831729904845e-10
1.95333135128021,1.12483234713357e-20,4.00391143851042e-11,7.16635084607731e-11
1.95555365085602,-2.13018293803815e-21,-3.94491578292744e-10,-5.70678837519267e-10
1.95777583122253,-9.15231646157953e-21,-3.30742100373982e-10,-4.79834061373197e-10
1.95999801158905,1.12488420748057e-20,4.00393398991561e-11,7.16638345887866e-11
1.96222031116486,-2.13004844040926e-21,-3.94490246025114e-10,-5.70676839117823e-10
1.96444249153137,-9.15098521778121e-21,-3.30743682441792e-10,-4.79836392841548e-10
1.96666467189789,1.12477063170506e-20,4.00395688826549e-11,7.16641537779061e-11
1.96888697147369,-2.13049676583891e-21,-3.94488913757485e-10,-5.70674840716379e-10
1.97110915184021,-9.15233746421227e-21,-3.30745264509602e-10,-4.798387243099e-10
1.97333133220673,1.12477475145225e-20,4.00397943967068e-11,7.16644799059196e-11
1.97555363178253,-2.13042830533411e-21,-3.94487581489855e-10,-5.70672842314934e-10
1.97777581214905,-9.15245540207305e-21,-3.30746846577412e-10,-4.79841055778252e-10
1.97999799251556,1.12446924392523e-20,4.00400233802056e-11,7.16648060339331e-11
1.98222029209137,-2.13061854071913e-21,-3.9448622146665e-10,-5.7067084391349e-10
1.98444247245789,-9.15359842997028e-21,-3.30748428645222e-10,-4.79843387246603e-10
1.9866646528244,1.12470754302748e-20,4.00402488942575e-11,7.16651252230527e-11
1.98888695240021,-2.12970230086582e-21,-3.9448488919902e-10,-5.70668845512046e-10
1.99110913276672,-9.15226395499768e-21,-3.30750010713032e-10,-4.79845718714955e-10
1.99333131313324,1.12476004960933e-20,4.00404778777563e-11,7.16654513510662e-11
1.99555361270905,-2.1300914554167e-21,-3.94483556931391e-10,-5.70666902621753e-10
1.99777579307556,-9.15344656477969e-21,-3.30751592780842e-10,-4.79848050183307e-10
1.99999797344208,1.12471093576046e-20,4.00407033918082e-11,7.16657705401857e-11
2.00222015380859,-2.13042184298558e-21,-3.94482196908186e-10,-5.70664904220308e-10
2.0044424533844,-9.15369859637258e-21,-3.30753174848653e-10,-4.79850381651659e-10
2.00666475296021,1.12466271048451e-20,4.00409289058601e-11,7.16660966681992e-11
2.00888681411743,-2.13072779479906e-21,-3.94480864640556e-10,-5.70662905818864e-10
2.01110911369324,-9.15282941049454e-21,-3.30754756916463e-10,-4.7985271312001e-10
2.01333141326904,1.12435582970843e-20,4.00411578893589e-11,7.16664227962127e-11
2.01555347442627,-2.13079585140708e-21,-3.94479532372927e-10,-5.7066090741742e-10
2.01777577400208,-9.15321795920025e-21,-3.30756338984273e-10,-4.79855044588362e-10
2.01999807357788,1.12451246088106e-20,4.00413834034108e-11,7.16667419853323e-11
2.02222013473511,-2.13063308100334e-21,-3.94478172349721e-10,-5.70658909015975e-10
2.02444243431091,-9.15433998446473e-21,-3.30757921052083e-10,-4.79857431567865e-10
2.02666473388672,1.12457635735221e-20,4.00416123869096e-11,7.16670681133458e-11
2.02888679504395,-2.13062156994501e-21,-3.94476840082092e-10,-5.70656910614531e-10
2.03110909461975,-9.15391670063565e-21,-3.30759503119893e-10,-4.79859763036217e-10
2.03333139419556,1.12465923697217e-20,4.00418379009615e-11,7.16673873024654e-11
2.03555345535278,-2.13054745488524e-21,-3.94475507814462e-10,-5.70654912213087e-10
2.03777575492859,-9.15378179910997e-21,-3.30761057432127e-10,-4.79862094504568e-10
2.03999805450439,1.12465051280165e-20,4.00420668844603e-11,7.16677134304788e-11
2.04222011566162,-2.13008115604872e-21,-3.94474147791257e-10,-5.70652913811642e-10
2.04444241523743,-9.15303782123482e-21,-3.30762639499937e-10,-4.7986442597292e-10
2.04666471481323,1.12459663297074e-20,4.00422923985122e-11,7.16680395584923e-11
2.04888677597046,-2.13019384325131e-21,-3.94472815523628e-10,-5.70650915410198e-10
2.05110907554626,-9.15282133255887e-21,-3.30764221567748e-10,-4.79866757441272e-10
2.05333137512207,1.12477458989353e-20,4.00425179125641e-11,7.16683587476119e-11
2.0555534362793,-2.13011952624315e-21,-3.94471483255998e-10,-5.70648917008754e-10
2.0577757358551,-9.15340698289491e-21,-3.30765803635558e-10,-4.79869088909624e-10
2.05999803543091,1.12454121833204e-20,4.00427468960629e-11,7.16686848756254e-11
2.06222009658813,-2.13011629506888e-21,-3.94470123232793e-10,-5.70646918607309e-10
2.06444239616394,-9.15467441100145e-21,-3.30767385703368e-10,-4.79871420377975e-10
2.06666469573975,1.12471562096315e-20,4.00429724101148e-11,7.16690110036389e-11
2.06888675689697,-2.13017425425731e-21,-3.94468790965163e-10,-5.70644920205865e-10
2.07110905647278,-9.1545411250629e-21,-3.30768967771178e-10,-4.79873751846327e-10
2.07333135604858,1.12455592017496e-20,4.00432013936136e-11,7.16693301927585e-11
2.07555341720581,-2.12985780112746e-21,-3.94467458697534e-10,-5.70642921804421e-10
2.07777571678162,-9.15380764850412e-21,-3.30770549838988e-10,-4.79876083314679e-10
2.07999801635742,1.1246341953716e-20,4.00434269076655e-11,7.16696563207719e-11
2.08222007751465,-2.12963363841263e-21,-3.94466126429904e-10,-5.70640923402976e-10
2.08444237709045,-9.15328904503414e-21,-3.30772131906798e-10,-4.7987841478303e-10
2.08666467666626,1.12468128973655e-20,4.00436524217174e-11,7.16699755098915e-11
2.08888673782349,-2.13031642592509e-21,-3.94464766406699e-10,-5.70638925001532e-10
2.09110903739929,-9.1553868849275e-21,-3.30773713974608e-10,-4.79880746251382e-10
2.0933313369751,1.12456076693636e-20,4.00438814052162e-11,7.1670301637905e-11
2.09555339813232,-2.1301623393022e-21,-3.9446343413907e-10,-5.70636926600088e-10
2.09777569770813,-9.15469137466636e-21,-3.30775296042418e-10,-4.79883077719734e-10
2.09999799728394,1.12475964571255e-20,4.00441069192681e-11,7.16706208270246e-11
2.10222005844116,-2.12954821424293e-21,-3.9446210187144e-10,-5.70634983709795e-10
2.10444235801697,-9.15396274486897e-21,-3.30776878110228e-10,-4.79885409188086e-10
2.10666465759277,1.12464542370218e-20,4.00443359027669e-11,7.16709469550381e-11
2.10888671875,-2.1301597139731e-21,-3.94460741848235e-10,-5.7063298530835e-10
2.11110901832581,-9.15395628252043e-21,-3.30778460178038e-10,-4.79887796167588e-10
2.11333131790161,1.12442344202998e-20,4.00445614168188e-11,7.16712730830515e-11
2.11555337905884,-2.12949590960947e-21,-3.94459409580605e-10,-5.70630986906906e-10
2.11777567863464,-9.15417277119638e-21,-3.30780042245848e-10,-4.7989012763594e-10
2.11999797821045,1.1243668964803e-20,4.00447869308707e-11,7.16715922721711e-11
2.12222003936768,-2.12990000834133e-21,-3.94458077312976e-10,-5.70628988505462e-10
2.12444233894348,-9.15466148630438e-21,-3.30781624313659e-10,-4.79892459104292e-10
2.12666463851929,1.12445817715336e-20,4.00450159143695e-11,7.16719184001846e-11
2.12888669967651,-2.129624550735e-21,-3.94456717289771e-10,-5.70626990104017e-10
2.13110899925232,-9.15589417928754e-21,-3.30783206381469e-10,-4.79894790572644e-10
2.13333129882812,1.12464372733569e-20,4.00452414284214e-11,7.16722375893042e-11
2.13555335998535,-2.12949045700289e-21,-3.94455385022141e-10,-5.70624991702573e-10
2.13777565956116,-9.15412834255019e-21,-3.30784788449279e-10,-4.79897122040995e-10
2.13999795913696,1.12448806551534e-20,4.00454669424732e-11,7.16725637173177e-11
2.14222002029419,-2.13002905336365e-21,-3.94454052754512e-10,-5.70622993301129e-10
2.14444231987,-9.154445805422e-21,-3.30786342761513e-10,-4.79899453509347e-10
2.1466646194458,1.1243844256007e-20,4.00456959259721e-11,7.16728898453312e-11
2.14888668060303,-2.12959264288911e-21,-3.94452692731306e-10,-5.70620994899684e-10
2.15110898017883,-9.15649679328848e-21,-3.30787924829323e-10,-4.79901784977699e-10
2.15333127975464,1.12472208331168e-20,4.00459214400239e-11,7.16732090344507e-11
2.15555334091187,-2.12987940960537e-21,-3.94451360463677e-10,-5.7061899649824e-10
2.15777564048767,-9.1550225700288e-21,-3.30789506897133e-10,-4.7990411644605e-10
2.15999794006348,1.12457603423478e-20,4.00461504235228e-11,7.16735351624642e-11
2.1622200012207,-2.1300963021781e-21,-3.94450028196047e-10,-5.70616998096796e-10
2.16444230079651,-9.15670116506092e-21,-3.30791088964943e-10,-4.79906447914402e-10
2.16666460037231,1.12450163644726e-20,4.00463759375747e-11,7.16738543515838e-11
2.16888666152954,-2.13043476768265e-21,-3.94448668172842e-10,-5.70614999695351e-10
2.17110896110535,-9.15694431092457e-21,-3.30792671032754e-10,-4.79908779382754e-10
2.17333126068115,1.12445615766944e-20,4.00466014516265e-11,7.16741804795973e-11
2.17555332183838,-2.12970755152401e-21,-3.94447335905213e-10,-5.70613001293907e-10
2.17777562141418,-9.1549983362218e-21,-3.30794253100564e-10,-4.79911110851106e-10
2.17999792098999,1.12458386983238e-20,4.00468304351254e-11,7.16744996687169e-11
2.18221998214722,-2.12942785300145e-21,-3.94446003637583e-10,-5.70611002892463e-10
2.18444228172302,-9.155785127156e-21,-3.30795835168374e-10,-4.79913442319457e-10
2.18666458129883,1.12473993554951e-20,4.00470559491772e-11,7.16748257967303e-11
2.18888664245605,-2.12934162103818e-21,-3.94444643614378e-10,-5.70609004491018e-10
2.19110894203186,-9.15620114084298e-21,-3.30797417236184e-10,-4.7991582929896e-10
2.19333124160767,1.12450341359311e-20,4.00472814632291e-11,7.16751449858499e-11
2.19555330276489,-2.12930527032767e-21,-3.94443311346748e-10,-5.70607006089574e-10
2.1977756023407,-9.1549248270072e-21,-3.30798999303994e-10,-4.79918160767312e-10
2.1999979019165,1.1245539814704e-20,4.00475104467279e-11,7.16754711138634e-11
2.20221996307373,-2.12910594726502e-21,-3.94441979079119e-10,-5.7060500768813e-10
2.20444226264954,-9.15442964955066e-21,-3.30800581371804e-10,-4.79920492235664e-10
2.20666456222534,1.12457280306051e-20,4.00477359607798e-11,7.16757972418769e-11
2.20888662338257,-2.12894539829359e-21,-3.94440619055914e-10,-5.70603064797837e-10
2.21110892295837,-9.15571727249638e-21,-3.30802163439614e-10,-4.79922823704015e-10
2.21333122253418,1.12466779958398e-20,4.00479614748317e-11,7.16761164309965e-11
2.21555328369141,-2.12954801229453e-21,-3.94439286788284e-10,-5.70601066396392e-10
2.21777558326721,-9.15551451631107e-21,-3.30803745507424e-10,-4.79925155172367e-10
2.21999788284302,1.12450341359311e-20,4.00481904583305e-11,7.167644255901e-11
2.22221994400024,-2.12957164025637e-21,-3.94437954520654e-10,-5.70599067994948e-10
2.22444224357605,-9.15697096811228e-21,-3.30805327575234e-10,-4.79927486640719e-10
2.22666454315186,1.12438620274655e-20,4.00484159723824e-11,7.16767617481295e-11
2.22888660430908,-2.12947187775085e-21,-3.94436622253025e-10,-5.70597069593504e-10
2.23110890388489,-9.15567607502446e-21,-3.30806909643044e-10,-4.79929818109071e-10
2.23333120346069,1.12435332554837e-20,4.00486414864343e-11,7.1677087876143e-11
2.23555326461792,-2.12918087011836e-21,-3.9443526222982e-10,-5.70595071192059e-10
2.23777556419373,-9.15622456685642e-21,-3.30808491710854e-10,-4.79932149577422e-10
2.23999786376953,1.12456731006426e-20,4.00488704699331e-11,7.16774070652626e-11
2.24221992492676,-2.1297542016025e-21,-3.9443392996219e-10,-5.70593072790615e-10
2.24444222450256,-9.15598626775417e-21,-3.30810073778665e-10,-4.79934481045774e-10
2.24666452407837,1.12436859284679e-20,4.0049095983985e-11,7.16777331932761e-11
2.2488865852356,-2.12959122925037e-21,-3.94432597694561e-10,-5.70591074389171e-10
2.2511088848114,-9.15549755264617e-21,-3.30811628090899e-10,-4.79936812514126e-10
2.25333118438721,1.12437990195672e-20,4.00493214980369e-11,7.16780523823957e-11
2.25555324554443,-2.12884179876863e-21,-3.94431237671355e-10,-5.70589075987726e-10
2.25777554512024,-9.15591518192028e-21,-3.30813210158709e-10,-4.79939143982477e-10
2.25999784469604,1.12440777083478e-20,4.00495504815357e-11,7.16783785104091e-11
2.26221990585327,-2.12910837064572e-21,-3.94429905403726e-10,-5.70587077586282e-10
2.26444220542908,-9.1558925637004e-21,-3.30814792226519e-10,-4.79941475450829e-10
2.26666450500488,1.12443951712197e-20,4.00497759955876e-11,7.16786976995287e-11
2.26888656616211,-2.12920995068677e-21,-3.94428573136096e-10,-5.70585079184838e-10
2.27110886573792,-9.15696208238304e-21,-3.30816374294329e-10,-4.79943806919181e-10
2.27333116531372,1.12452554713685e-20,4.00500015096394e-11,7.16790238275422e-11
2.27555322647095,-2.12913078691721e-21,-3.94427213112891e-10,-5.70583080783393e-10
2.27777552604675,-9.15727227511275e-21,-3.30817956362139e-10,-4.79946193898684e-10
2.27999782562256,1.12448531901721e-20,4.00502304931383e-11,7.16793430166618e-11
2.28221988677979,-2.12925740855883e-21,-3.94425880845262e-10,-5.70581082381949e-10
2.28444218635559,-9.15701620455203e-21,-3.30819538429949e-10,-4.79948525367035e-10
2.2866644859314,1.12449226604189e-20,4.00504560071901e-11,7.16796691446753e-11
2.28888654708862,-2.1292679098752e-21,-3.94424548577632e-10,-5.70579083980505e-10
2.29110884666443,-9.15729650891976e-21,-3.3082112049776e-10,-4.79950856835387e-10
2.29333114624023,1.12429161011986e-20,4.0050681521242e-11,7.16799952726888e-11
2.29555320739746,-2.12973400676332e-21,-3.94423188554427e-10,-5.7057708557906e-10
2.29777550697327,-9.15747583909162e-21,-3.3082270256557e-10,-4.79953188303739e-10
2.29999780654907,1.12437077388942e-20,4.00509070352939e-11,7.16803144618083e-11
2.3022198677063,-2.12932425347649e-21,-3.94421856286797e-10,-5.70575087177616e-10
2.3044421672821,-9.15721330618236e-21,-3.3082428463338e-10,-4.79955519772091e-10
2.30666446685791,1.12428644024103e-20,4.00511360187927e-11,7.16806405898218e-11
2.30888652801514,-2.12915986748562e-21,-3.94420524019168e-10,-5.70573088776172e-10
2.31110882759094,-9.1570412461526e-21,-3.3082586670119e-10,-4.79957851240442e-10
2.31333112716675,1.12431600548558e-20,4.00513615328446e-11,7.16809597789414e-11
2.31555318832397,-2.12991495252232e-21,-3.94419163995963e-10,-5.70571090374727e-10
2.31777548789978,-9.15950663211892e-21,-3.30827448769e-10,-4.79960182708794e-10
2.31999778747559,1.12434888268375e-20,4.00515870468965e-11,7.16812859069549e-11
2.32221984863281,-2.12974309444095e-21,-3.94417831728333e-10,-5.70569147484434e-10
2.32444214820862,-9.1590623456571e-21,-3.3082903083681e-10,-4.79962514177146e-10
2.32666444778442,1.1243868489814e-20,4.00518160303953e-11,7.16816050960745e-11
2.32888650894165,-2.13025442776883e-21,-3.94416499460704e-10,-5.7056714908299e-10
2.33110880851746,-9.15844519137195e-21,-3.3083061290462e-10,-4.79964845645497e-10
2.33333110809326,1.12447158652657e-20,4.00520415444472e-11,7.16819312240879e-11
2.33555316925049,-2.12937453862603e-21,-3.94415139437498e-10,-5.70565150681546e-10
2.33777546882629,-9.15873761264319e-21,-3.3083219497243e-10,-4.79967177113849e-10
2.3399977684021,1.12419467489182e-20,4.00522670584991e-11,7.16822504132075e-11
2.34221982955933,-2.13048646647093e-21,-3.94413807169869e-10,-5.70563152280101e-10
2.34444212913513,-9.15884666477473e-21,-3.3083377704024e-10,-4.79969508582201e-10
2.34666442871094,1.12430413092015e-20,4.00524925725509e-11,7.1682576541221e-11
2.34888648986816,-2.12996241039438e-21,-3.94412474902239e-10,-5.70561153878657e-10
2.35110878944397,-9.15884181801333e-21,-3.3083535910805e-10,-4.79971840050553e-10
2.35333108901978,1.12423304508625e-20,4.00527215560498e-11,7.16828957303406e-11
2.355553150177,-2.12954700255258e-21,-3.94411114879034e-10,-5.70559155477213e-10
2.35777544975281,-9.15870772428121e-21,-3.30836913420285e-10,-4.79974171518904e-10
2.35999774932861,1.12437408584304e-20,4.00529470701017e-11,7.16832218583541e-11
2.36221981048584,-2.12956719739175e-21,-3.94409782611405e-10,-5.70557157075768e-10
2.36444211006165,-9.15756146520972e-21,-3.30838495488095e-10,-4.79976558498407e-10
2.36666440963745,1.12424726225303e-20,4.00531725841535e-11,7.16835410474737e-11
2.36888647079468,-2.12864974584809e-21,-3.94408450343775e-10,-5.70555158674324e-10
2.37110877037048,-9.15840399390004e-21,-3.30840077555905e-10,-4.79978889966759e-10
2.37333106994629,1.12431955977727e-20,4.00534015676524e-11,7.16838671754871e-11
2.37555313110352,-2.1288939014537e-21,-3.9440709032057e-10,-5.7055316027288e-10
2.37777543067932,-9.15916089647227e-21,-3.30841659623715e-10,-4.79981221435111e-10
2.37999773025513,1.12431027015125e-20,4.00536270817042e-11,7.16841863646067e-11
2.38221979141235,-2.12835045833154e-21,-3.9440575805294e-10,-5.70551161871435e-10
2.38444209098816,-9.15869479958414e-21,-3.30843241691525e-10,-4.79983552903462e-10
2.38666439056396,1.12445470364102e-20,4.00538525957561e-11,7.16845124926202e-11
2.38888645172119,-2.1288157474261e-21,-3.94404425785311e-10,-5.70549163469991e-10
2.391108751297,-9.15948239831191e-21,-3.30844823759335e-10,-4.79985884371814e-10
2.3933310508728,1.12416559432341e-20,4.0054078109808e-11,7.16848316817398e-11
2.39555311203003,-2.12888562156964e-21,-3.94403065762106e-10,-5.70547165068547e-10
2.39777541160583,-9.15802271533644e-21,-3.30846405827145e-10,-4.79988215840166e-10
2.39999771118164,1.12402148395107e-20,4.00543070933068e-11,7.16851578097533e-11
2.40221977233887,-2.12805460393764e-21,-3.94401733494476e-10,-5.70545166667102e-10
2.40444207191467,-9.15932568635993e-21,-3.30847987894956e-10,-4.79990547308518e-10
2.40666437149048,1.12425057420666e-20,4.00545326073587e-11,7.16854769988728e-11
2.40888643264771,-2.12892580929959e-21,-3.94400401226846e-10,-5.70543168265658e-10
2.41110873222351,-9.15913908604596e-21,-3.30849569962766e-10,-4.79992878776869e-10
2.41333103179932,1.12435259853416e-20,4.00547581214106e-11,7.16858031268863e-11
2.41555309295654,-2.12918450518941e-21,-3.94399041203641e-10,-5.70541169864214e-10
2.41777539253235,-9.15870853207478e-21,-3.30851152030576e-10,-4.79995210245221e-10
2.41999769210815,1.12423942665543e-20,4.00549836354624e-11,7.16861223160059e-11
2.42221975326538,-2.12867115237761e-21,-3.94397708936012e-10,-5.70539171462769e-10
2.42444205284119,-9.15894360000276e-21,-3.30852734098386e-10,-4.79997541713573e-10
2.42666435241699,1.12426810332706e-20,4.00552126189613e-11,7.16864415051255e-11
2.42888641357422,-2.12824302178713e-21,-3.94396376668382e-10,-5.70537173061325e-10
2.43110871315002,-9.15901145466238e-21,-3.30854316166196e-10,-4.79999873181924e-10
2.43333101272583,1.12429144856114e-20,4.00554381330132e-11,7.1686767633139e-11
2.43555307388306,-2.12800351099453e-21,-3.94395044400753e-10,-5.70535230171032e-10
2.43777537345886,-9.15897752733257e-21,-3.30855898234006e-10,-4.80002204650276e-10
2.43999767303467,1.12438434482134e-20,4.0055663647065e-11,7.16870868222586e-11
2.44221973419189,-2.12788819846285e-21,-3.94393684377548e-10,-5.70533231769588e-10
2.4444420337677,-9.15842903550062e-21,-3.30857480301816e-10,-4.80004536118628e-10
2.44666433334351,1.12415630469739e-20,4.00558891611169e-11,7.1687412950272e-11
2.44888639450073,-2.12783791331331e-21,-3.94392352109918e-10,-5.70531233368143e-10
2.45110869407654,-9.15928852785585e-21,-3.30859034614051e-10,-4.80006923098131e-10
2.45333099365234,1.12419669437574e-20,4.00561146751688e-11,7.16877321393916e-11
2.45555305480957,-2.12741563922619e-21,-3.94391019842288e-10,-5.70529234966699e-10
2.45777535438538,-9.15955994649434e-21,-3.30860616681861e-10,-4.80009254566482e-10
2.45999765396118,1.12433571564861e-20,4.00563436586676e-11,7.16880582674051e-11
2.46221971511841,-2.12788981404999e-21,-3.94389659819083e-10,-5.70527236565255e-10
2.46444201469421,-9.16020295017363e-21,-3.30862198749671e-10,-4.80011586034834e-10
2.46666431427002,1.12441164824391e-20,4.00565691727195e-11,7.16883774565247e-11
2.46888637542725,-2.12799967397509e-21,-3.94388327551454e-10,-5.7052523816381e-10
2.47110867500305,-9.15818831301767e-21,-3.30863780817481e-10,-4.80013917503186e-10
2.47333097457886,1.12425695577584e-20,4.00567946867714e-11,7.16887035845382e-11
2.47555303573608,-2.12744249836229e-21,-3.94386995283824e-10,-5.70523239762366e-10
2.47777533531189,-9.15812772850015e-21,-3.30865362885291e-10,-4.80016248971538e-10
2.4799976348877,1.12419314008405e-20,4.00570202008232e-11,7.16890227736577e-11
2.48221969604492,-2.12755276218418e-21,-3.94385635260619e-10,-5.70521241360922e-10
2.48444199562073,-9.16047759998639e-21,-3.30866944953101e-10,-4.80018580439889e-10
2.48666429519653,1.12437788247281e-20,4.00572491843221e-11,7.16893489016712e-11
2.48888635635376,-2.12779388856391e-21,-3.94384302992989e-10,-5.70519242959477e-10
2.49110865592957,-9.1612668143013e-21,-3.30868527020911e-10,-4.80020911908241e-10
2.49333095550537,1.12400387405131e-20,4.0057474698374e-11,7.16896680907908e-11
2.4955530166626,-2.12734637092782e-21,-3.9438297072536e-10,-5.70517244558033e-10
2.4977753162384,-9.15813338305511e-21,-3.30870109088721e-10,-4.80023243376593e-10
2.49999761581421,1.12431834808692e-20,4.00577002124258e-11,7.16899942188043e-11
2.50221967697144,-2.12736616187021e-21,-3.94381610702155e-10,-5.70515246156589e-10
2.50444197654724,-9.15860271111751e-21,-3.30871691156531e-10,-4.80025574844944e-10
2.50666427612305,1.12428716725524e-20,4.00579257264777e-11,7.16903134079239e-11
2.50888633728027,-2.12723469346719e-21,-3.94380278434525e-10,-5.70513247755144e-10
2.51110863685608,-9.15922875113189e-21,-3.30873273224341e-10,-4.80027906313296e-10
2.51333093643188,1.12417851902049e-20,4.00581512405296e-11,7.16906325970434e-11
2.51555299758911,-2.12748430167938e-21,-3.94378946166896e-10,-5.705112493537e-10
2.51777529716492,-9.16008178113859e-21,-3.30874855292151e-10,-4.80030237781648e-10
2.51999759674072,1.12421204245351e-20,4.00583802240284e-11,7.16909587250569e-11
2.52221965789795,-2.12755841673915e-21,-3.9437758614369e-10,-5.70509250952256e-10
2.52444195747375,-9.16073447834068e-21,-3.30876437359962e-10,-4.8003256925e-10
2.52666425704956,1.12405953102807e-20,4.00586057380803e-11,7.16912779141765e-11
2.52888631820679,-2.12750065949911e-21,-3.94376253876061e-10,-5.70507252550811e-10
2.53110861778259,-9.15993314712227e-21,-3.30878019427772e-10,-4.80034900718351e-10
2.5333309173584,1.12425130122087e-20,4.00588312521322e-11,7.169160404219e-11
2.53555297851562,-2.12692773191175e-21,-3.94374921608431e-10,-5.70505254149367e-10
2.53777527809143,-9.16039116607473e-21,-3.30879601495582e-10,-4.80037287697854e-10
2.53999757766724,1.12423094482298e-20,4.0059056766184e-11,7.16919232313096e-11
2.54221963882446,-2.12726337013882e-21,-3.94373561585226e-10,-5.70503255747923e-10
2.54444193840027,-9.15967222980015e-21,-3.30881183563392e-10,-4.80039619166206e-10
2.54666423797607,1.12426818410642e-20,4.00592822802359e-11,7.16922493593231e-11
2.5488862991333,-2.12752408551255e-21,-3.94372229317597e-10,-5.70501257346478e-10
2.55110859870911,-9.1612765078241e-21,-3.30882737875626e-10,-4.80041950634558e-10
2.55333089828491,1.12429726467483e-20,4.00595077942878e-11,7.16925685484426e-11
2.55555295944214,-2.12713149783901e-21,-3.94370897049967e-10,-5.70499258945034e-10
2.55777525901794,-9.1599202224252e-21,-3.30884319943436e-10,-4.80044282102909e-10
2.55999755859375,1.1243603533524e-20,4.00597367777866e-11,7.16928877375622e-11
2.56221961975098,-2.12701396387502e-21,-3.94369537026762e-10,-5.70497316054741e-10
2.56444191932678,-9.15959306603059e-21,-3.30885902011246e-10,-4.80046613571261e-10
2.56666421890259,1.12412964750968e-20,4.00599622918385e-11,7.16932138655757e-11
2.56888628005981,-2.12714926929749e-21,-3.94368204759132e-10,-5.70495317653297e-10
2.57110857963562,-9.1605850365308e-21,-3.30887484079057e-10,-4.80048945039613e-10
2.57333064079285,1.12416769458669e-20,4.00601878058904e-11,7.16935330546953e-11
2.57555294036865,-2.12719147651136e-21,-3.94366872491503e-10,-5.70493319251852e-10
2.57777523994446,-9.1605066805548e-21,-3.30889066146867e-10,-4.80051276507965e-10
2.57999730110168,1.12405638063316e-20,4.00604133199423e-11,7.16938591827088e-11
2.58221960067749,-2.12642003365493e-21,-3.94365512468298e-10,-5.70491320850408e-10
2.5844419002533,-9.16013105654617e-21,-3.30890648214677e-10,-4.80053607976316e-10
2.58666396141052,1.12434613618563e-20,4.00606388339941e-11,7.16941783718283e-11
2.58888626098633,-2.12601189595523e-21,-3.94364180200668e-10,-5.70489322448964e-10
2.59110856056213,-9.15896137146123e-21,-3.30892230282487e-10,-4.80055939444668e-10
2.59333062171936,1.12421204245351e-20,4.0060867817493e-11,7.16945044998418e-11
2.59555292129517,-2.12703133143671e-21,-3.94362847933039e-10,-5.70487324047519e-10
2.59777522087097,-9.15976674164748e-21,-3.30893812350297e-10,-4.8005827091302e-10
2.5999972820282,1.12429387194185e-20,4.00610933315448e-11,7.16948236889614e-11
2.602219581604,-2.12598422902556e-21,-3.94361487909833e-10,-5.70485325646075e-10
2.60444188117981,-9.15935719030904e-21,-3.30895394418107e-10,-4.80060602381371e-10
2.60666394233704,1.12411809606168e-20,4.00613188455967e-11,7.1695142878081e-11
2.60888624191284,-2.12563748363695e-21,-3.94360155642204e-10,-5.70483327244631e-10
2.61110854148865,-9.1599347627094e-21,-3.30896976485917e-10,-4.80062933849723e-10
2.61333060264587,1.12426883034127e-20,4.00615443596486e-11,7.16954690060945e-11
2.61555290222168,-2.12556276273201e-21,-3.94358823374574e-10,-5.70481328843186e-10
2.61777520179749,-9.15979178324805e-21,-3.30898558553727e-10,-4.80065265318075e-10
2.61999726295471,1.12427149606004e-20,4.00617698737005e-11,7.1695788195214e-11
2.62221956253052,-2.12557104261607e-21,-3.94357463351369e-10,-5.70479330441742e-10
2.62444186210632,-9.1578894293979e-21,-3.30900140621537e-10,-4.80067596786427e-10
2.62666392326355,1.12435397178323e-20,4.00619953877523e-11,7.16961143232275e-11
2.62888622283936,-2.12506657553351e-21,-3.9435613108374e-10,-5.70477332040298e-10
2.63110852241516,-9.15916655102724e-21,-3.30901722689347e-10,-4.80069983765929e-10
2.63333058357239,1.12433208057756e-20,4.00622209018042e-11,7.16964335123471e-11
2.63555288314819,-2.12469418269915e-21,-3.9435479881611e-10,-5.70475333638853e-10
2.637775182724,-9.15892017398932e-21,-3.30903304757157e-10,-4.80072315234281e-10
2.63999724388123,1.12437699389988e-20,4.00624498853031e-11,7.16967527014667e-11
2.64221954345703,-2.12461744231029e-21,-3.94353438792905e-10,-5.70473335237409e-10
2.64444184303284,-9.15874326719816e-21,-3.30904859069392e-10,-4.80074646702633e-10
2.64666390419006,1.12434411670171e-20,4.00626753993549e-11,7.16970788294802e-11
2.64888620376587,-2.12423676959186e-21,-3.94352106525275e-10,-5.70471336835965e-10
2.65110850334167,-9.15851789279298e-21,-3.30906441137202e-10,-4.80076978170985e-10
2.6533305644989,1.12426099474367e-20,4.00629009134068e-11,7.16973980185998e-11
2.65555286407471,-2.12447426090055e-21,-3.94350774257646e-10,-5.70469338434521e-10
2.65777516365051,-9.15877557894084e-21,-3.30908023205012e-10,-4.80079309639336e-10
2.65999722480774,1.12425865214233e-20,4.00631264274587e-11,7.16977241466132e-11
2.66221952438354,-2.12443508291255e-21,-3.94349414234441e-10,-5.70467340033076e-10
2.66444182395935,-9.15992345359947e-21,-3.30909605272822e-10,-4.80081641107688e-10
2.66666388511658,1.12436705803901e-20,4.00633519415106e-11,7.16980433357328e-11
2.66888618469238,-2.12471155026084e-21,-3.94348081966811e-10,-5.70465341631632e-10
2.67110848426819,-9.1615576199854e-21,-3.30911187340632e-10,-4.8008397257604e-10
2.67333054542542,1.12420574166369e-20,4.00635774555624e-11,7.16983625248524e-11
2.67555284500122,-2.12489269796822e-21,-3.94346749699181e-10,-5.70463343230188e-10
2.67777514457703,-9.15976754944105e-21,-3.30912769408442e-10,-4.80086304044391e-10
2.67999720573425,1.12427997789249e-20,4.00638029696143e-11,7.16986886528659e-11
2.68221950531006,-2.12451364083693e-21,-3.94345389675976e-10,-5.70461344828743e-10
2.68444180488586,-9.15803321665281e-21,-3.30914351476252e-10,-4.80088635512743e-10
2.68666386604309,1.12419839074223e-20,4.00640284836662e-11,7.16990078419855e-11
2.6888861656189,-2.1239205184104e-21,-3.94344057408347e-10,-5.70459346427299e-10
2.6911084651947,-9.15954540621014e-21,-3.30915933544063e-10,-4.80090966981095e-10
2.69333052635193,1.12452627415106e-20,4.0064257467165e-11,7.16993339699989e-11
2.69555282592773,-2.12427049497328e-21,-3.94342725140717e-10,-5.70457403537006e-10
2.69777512550354,-9.15961810763116e-21,-3.30917515611873e-10,-4.80093298449447e-10
2.69999718666077,1.12431673249979e-20,4.00644829812169e-11,7.16996531591185e-11
2.70221948623657,-2.12491874931076e-21,-3.94341365117512e-10,-5.70455405135561e-10
2.70444178581238,-9.15948643727975e-21,-3.30919097679683e-10,-4.80095629917798e-10
2.7066638469696,1.12429120622307e-20,4.00647084952688e-11,7.16999723482381e-11
2.70888614654541,-2.12403825432279e-21,-3.94340032849883e-10,-5.70453406734117e-10
2.71110844612122,-9.15824001180595e-21,-3.30920679747493e-10,-4.8009796138615e-10
2.71333050727844,1.12419968321194e-20,4.00649340093207e-11,7.17002984762516e-11
2.71555280685425,-2.12372180119293e-21,-3.94338700582253e-10,-5.70451408332673e-10
2.71777510643005,-9.15969888698786e-21,-3.30922261815303e-10,-4.80100348365653e-10
2.71999716758728,1.12431544003008e-20,4.00651595233725e-11,7.17006176653712e-11
2.72221946716309,-2.12414892204146e-21,-3.94337340559048e-10,-5.70449409931229e-10
2.72444176673889,-9.16035885433205e-21,-3.30923843883113e-10,-4.80102679834005e-10
2.72666382789612,1.12437521675404e-20,4.00653850374244e-11,7.17009437933847e-11
2.72888612747192,-2.12383448839552e-21,-3.94336008291418e-10,-5.70447411529784e-10
2.73110842704773,-9.16183550097243e-21,-3.30925425950923e-10,-4.80105011302356e-10
2.73333048820496,1.12423352976239e-20,4.00656105514763e-11,7.17012629825042e-11
2.73555278778076,-2.12416204868692e-21,-3.94334676023789e-10,-5.7044541312834e-10
2.73777508735657,-9.15910677430328e-21,-3.30926980263158e-10,-4.80107342770708e-10
2.73999714851379,1.12429791090968e-20,4.00658360655282e-11,7.17015821716238e-11
2.7422194480896,-2.12406652709763e-21,-3.94333316000584e-10,-5.70443414726896e-10
2.74444174766541,-9.1602942308467e-21,-3.30928562330968e-10,-4.8010967423906e-10
2.74666380882263,1.12443685140319e-20,4.006606157958e-11,7.17019082996373e-11
2.74888610839844,-2.123915671649e-21,-3.94331983732954e-10,-5.70441416325451e-10
2.75110840797424,-9.15894925455773e-21,-3.30930144398778e-10,-4.80112005707412e-10
2.75333046913147,1.12427165761875e-20,4.00662870936319e-11,7.17022274887569e-11
2.75555276870728,-2.12378238571046e-21,-3.94330651465324e-10,-5.70439417924007e-10
2.75777506828308,-9.16109475427154e-21,-3.30931726466588e-10,-4.80114337175763e-10
2.75999712944031,1.12444929142413e-20,4.00665160771307e-11,7.17025466778765e-11
2.76221942901611,-2.12290532384514e-21,-3.94329291442119e-10,-5.70437419522563e-10
2.76444172859192,-9.1607902160968e-21,-3.30933308534398e-10,-4.80116668644115e-10
2.76666378974915,1.124432731656e-20,4.00667415911826e-11,7.17028728058899e-11
2.76888608932495,-2.12345684490298e-21,-3.9432795917449e-10,-5.70435421121118e-10
2.77110838890076,-9.15993072374157e-21,-3.30934890602208e-10,-4.80119000112467e-10
2.77333045005798,1.12427464645495e-20,4.00669671052345e-11,7.17031919950095e-11
2.77555274963379,-2.12338030646251e-21,-3.9432662690686e-10,-5.70433422719674e-10
2.77777504920959,-9.15944523980783e-21,-3.30936472670018e-10,-4.80121331580818e-10
2.77999711036682,1.12420049100551e-20,4.00671926192864e-11,7.17035111841291e-11
2.78221940994263,-2.12260139151558e-21,-3.94325266883655e-10,-5.7043142431823e-10
2.78444170951843,-9.16065369898399e-21,-3.30938054737828e-10,-4.8012366304917e-10
2.78666377067566,1.12426592228443e-20,4.00674181333383e-11,7.17038373121426e-11
2.78888607025146,-2.12292915375537e-21,-3.94323934616025e-10,-5.70429425916785e-10
2.79110836982727,-9.16128781693404e-21,-3.30939636805638e-10,-4.80125994517522e-10
2.7933304309845,1.12447287899628e-20,4.00676436473901e-11,7.17041565012622e-11
2.7955527305603,-2.12312766902445e-21,-3.94322602348396e-10,-5.70427427515341e-10
2.79777503013611,-9.15954459841657e-21,-3.30941218873448e-10,-4.80128325985874e-10
2.79999709129333,1.12429015609144e-20,4.0067869161442e-11,7.17044756903817e-11
2.80221939086914,-2.1227916269006e-21,-3.94321242325191e-10,-5.70425429113897e-10
2.80444169044495,-9.15937173059324e-21,-3.30942800941258e-10,-4.80130657454225e-10
2.80666375160217,1.12429661843997e-20,4.00680946754939e-11,7.17048018183952e-11
2.80888605117798,-2.12261148893517e-21,-3.94319910057561e-10,-5.70423430712452e-10
2.81110835075378,-9.16010763053273e-21,-3.30944383009069e-10,-4.80132988922577e-10
2.81333041191101,1.12425388616028e-20,4.00683201895458e-11,7.17051210075148e-11
2.81555271148682,-2.12231300921218e-21,-3.94318550034356e-10,-5.70421432311008e-10
2.81777501106262,-9.16096712288796e-21,-3.30945965076879e-10,-4.8013537590208e-10
2.81999707221985,1.1240520185479e-20,4.00685457035976e-11,7.17054471355283e-11
2.82221937179565,-2.12229281437301e-21,-3.94317217766726e-10,-5.70419433909564e-10
2.82444167137146,-9.16130558839251e-21,-3.30947519389113e-10,-4.80137707370432e-10
2.82666373252869,1.12420307594492e-20,4.00687712176495e-11,7.17057663246479e-11
2.82888603210449,-2.12223081621674e-21,-3.94315885499097e-10,-5.70417435508119e-10
2.8311083316803,-9.15951551784816e-21,-3.30949101456923e-10,-4.80140038838783e-10
2.83333039283752,1.12436899674357e-20,4.00689967317014e-11,7.17060855137674e-11
2.83555269241333,-2.12246285491885e-21,-3.94314525475892e-10,-5.70415492617826e-10
2.83777499198914,-9.16090492278331e-21,-3.30950683524733e-10,-4.80142370307135e-10
2.83999705314636,1.12422189753503e-20,4.00692222457533e-11,7.17064116417809e-11
2.84221935272217,-2.12260421879306e-21,-3.94313193208262e-10,-5.70413494216382e-10
2.84444165229797,-9.15957529457211e-21,-3.30952265592543e-10,-4.80144701775487e-10
2.8466637134552,1.12429144856114e-20,4.00694477598051e-11,7.17067308309005e-11
2.84888601303101,-2.12253414270113e-21,-3.94311860940633e-10,-5.70411495814938e-10
2.85110831260681,-9.16148087959654e-21,-3.30953847660354e-10,-4.80147033243838e-10
2.85333037376404,1.12402843097575e-20,4.0069673273857e-11,7.17070500200201e-11
2.85555267333984,-2.12201695286989e-21,-3.94310500917427e-10,-5.70409497413493e-10
2.85777497291565,-9.15840722507431e-21,-3.30955429728164e-10,-4.8014936471219e-10
2.85999703407288,1.12420905361732e-20,4.00698987879089e-11,7.17073692091397e-11
2.86221933364868,-2.12183378567859e-21,-3.94309168649798e-10,-5.70407499012049e-10
2.86444163322449,-9.16097035406223e-21,-3.30957011795974e-10,-4.80151696180542e-10
2.86666369438171,1.12434242033522e-20,4.00701277714077e-11,7.17076953371532e-11
2.86888599395752,-2.12241095418217e-21,-3.94307836382168e-10,-5.70405500610605e-10
2.87110829353333,-9.16156408233393e-21,-3.30958593863784e-10,-4.80154027648894e-10
2.87333035469055,1.12417835746177e-20,4.00703532854596e-11,7.17080145262727e-11
2.87555265426636,-2.12180934992319e-21,-3.94306476358963e-10,-5.7040350220916e-10
2.87777495384216,-9.16063592752551e-21,-3.30960175931594e-10,-4.80156359117245e-10
2.87999701499939,1.12406324687848e-20,4.00705787995115e-11,7.17083337153923e-11
2.8822193145752,-2.12233057872226e-21,-3.94305144091334e-10,-5.70401503807716e-10
2.884441614151,-9.16102609181835e-21,-3.30961757999404e-10,-4.80158690585597e-10
2.88666367530823,1.12427957399571e-20,4.00708043135634e-11,7.17086598434058e-11
2.88888597488403,-2.12203593601872e-21,-3.94303811823704e-10,-5.70399505406272e-10
2.89110827445984,-9.16154065632049e-21,-3.30963340067214e-10,-4.80161022053949e-10
2.89333033561707,1.12408812692034e-20,4.00710298276152e-11,7.17089790325254e-11
2.89555263519287,-2.12173765824412e-21,-3.94302451800499e-10,-5.70397507004827e-10
2.89777493476868,-9.16069166528163e-21,-3.30964922135024e-10,-4.801633535223e-10
2.8999969959259,1.12426866878256e-20,4.00712553416671e-11,7.1709298221645e-11
2.90221929550171,-2.12138283491984e-21,-3.94301119532869e-10,-5.70395508603383e-10
2.90444159507751,-9.16116987907326e-21,-3.30966504202834e-10,-4.80165684990652e-10
2.90666365623474,1.12429524519091e-20,4.0071480855719e-11,7.17096243496584e-11
2.90888595581055,-2.12238954765265e-21,-3.9429978726524e-10,-5.70393510201939e-10
2.91110825538635,-9.16059149887933e-21,-3.30968058515069e-10,-4.80168071970155e-10
2.91333031654358,1.12422197831439e-20,4.00717063697709e-11,7.1709943538778e-11
2.91555261611938,-2.12201695286989e-21,-3.94298427242035e-10,-5.70391511800494e-10
2.91777491569519,-9.16134193910302e-21,-3.30969640582879e-10,-4.80170403438507e-10
2.91999697685242,1.12408974250748e-20,4.00719318838227e-11,7.17102627278976e-11
2.92221927642822,-2.12135799526766e-21,-3.94297094974405e-10,-5.7038951339905e-10
2.92444157600403,-9.162222434091e-21,-3.30971222650689e-10,-4.80172734906859e-10
2.92666363716125,1.12419960243258e-20,4.00721573978746e-11,7.17105888559111e-11
2.92888593673706,-2.12168070879765e-21,-3.94295762706776e-10,-5.70387514997606e-10
2.93110823631287,-9.16172887222159e-21,-3.30972804718499e-10,-4.8017506637521e-10
2.93333029747009,1.12411761138554e-20,4.00723829119265e-11,7.17109080450307e-11
2.9355525970459,-2.12217830963489e-21,-3.9429440268357e-10,-5.70385516596161e-10
2.9377748966217,-9.16319097857776e-21,-3.30974386786309e-10,-4.80177397843562e-10
2.93999695777893,1.12425687499648e-20,4.00726084259784e-11,7.17112272341502e-11
2.94221925735474,-2.12210318483317e-21,-3.94293070415941e-10,-5.70383518194717e-10
2.94444155693054,-9.16117714921537e-21,-3.30975968854119e-10,-4.80179729311914e-10
2.94666361808777,1.12411753060618e-20,4.00728339400303e-11,7.17115533621637e-11
2.94888591766357,-2.12147734676717e-21,-3.94291738148311e-10,-5.70381519793273e-10
2.95110821723938,-9.16293571581061e-21,-3.30977550921929e-10,-4.80182060780265e-10
2.95333027839661,1.12419265540791e-20,4.00730594540821e-11,7.17118725512833e-11
2.95555257797241,-2.12220617851295e-21,-3.94290378125106e-10,-5.70379521391828e-10
2.95777487754822,-9.16155115763686e-21,-3.30979132989739e-10,-4.80184392248617e-10
2.95999693870544,1.12409507394502e-20,4.0073284968134e-11,7.17121917404029e-11
2.96221923828125,-2.12192304686774e-21,-3.94289045857477e-10,-5.70377522990384e-10
2.96444153785706,-9.16067631720386e-21,-3.30980715057549e-10,-4.80186723716969e-10
2.96666359901428,1.12396413060782e-20,4.00735104821859e-11,7.17125109295225e-11
2.96888589859009,-2.12201351974723e-21,-3.94287713589847e-10,-5.7037552458894e-10
2.97110819816589,-9.16231856152546e-21,-3.3098229712536e-10,-4.80189055185321e-10
2.97333025932312,1.1241508924805e-20,4.00737359962378e-11,7.17128370575359e-11
2.97555255889893,-2.12140121222349e-21,-3.94286353566642e-10,-5.70373526187495e-10
2.97777485847473,-9.16252131771077e-21,-3.3098387919317e-10,-4.80191386653672e-10
2.97999691963196,1.12400686288751e-20,4.00739615102896e-11,7.17131562466555e-11
2.98221921920776,-2.12163143339007e-21,-3.94285021299012e-10,-5.70371527786051e-10
2.98444151878357,-9.16240095646929e-21,-3.3098546126098e-10,-4.80193718122024e-10
2.9866635799408,1.12412795114319e-20,4.00741870243415e-11,7.17134754357751e-11
2.9888858795166,-2.12177643233534e-21,-3.94283689031383e-10,-5.70369529384607e-10
2.99110817909241,-9.16192516605836e-21,-3.30987015573214e-10,-4.80196049590376e-10
2.99333024024963,1.12413538284401e-20,4.00744125383934e-11,7.17138015637886e-11
2.99555253982544,-2.12172412770188e-21,-3.94282329008178e-10,-5.70367586494314e-10
2.99777483940125,-9.16341716077651e-21,-3.30988597641024e-10,-4.80198381058727e-10
2.99999690055847,1.12385927900283e-20,4.00746380524453e-11,7.17141207529082e-11
3.00221920013428,-2.12169646077221e-21,-3.94280996740548e-10,-5.70365588092869e-10
3.00444149971008,-9.16296479637902e-21,-3.30990179708834e-10,-4.80200712527079e-10
3.00666356086731,1.12409208510882e-20,4.00748635664971e-11,7.17144399420278e-11
3.00888586044312,-2.12227140784348e-21,-3.94279664472919e-10,-5.70363589691425e-10
3.01110816001892,-9.16229351992489e-21,-3.30991761776644e-10,-4.80203099506582e-10
3.01333022117615,1.12400508574166e-20,4.0075089080549e-11,7.17147591311473e-11
3.01555252075195,-2.12149592601921e-21,-3.94278304449713e-10,-5.70361591289981e-10
3.01777482032776,-9.16203260260276e-21,-3.30993343844455e-10,-4.80205430974934e-10
3.01999688148499,1.12403069279773e-20,4.00753145946009e-11,7.17150852591608e-11
3.02221918106079,-2.12168898868171e-21,-3.94276972182084e-10,-5.70359592888536e-10
3.0244414806366,-9.16321117341694e-21,-3.30994925912265e-10,-4.80207762443285e-10
3.02666354179382,1.12390144582702e-20,4.00755401086528e-11,7.17154044482804e-11
3.02888584136963,-2.12194606898439e-21,-3.94275612158879e-10,-5.70357594487092e-10
3.03110814094543,-9.16452868472463e-21,-3.30996507980075e-10,-4.80210093911637e-10
3.03333020210266,1.12396905814858e-20,4.00757621532577e-11,7.17157236374e-11
3.03555250167847,-2.12236228461976e-21,-3.94274279891249e-10,-5.70355596085648e-10
3.03777480125427,-9.16448910283985e-21,-3.30998090047885e-10,-4.80212425379989e-10
3.0399968624115,1.1239856179167e-20,4.00759876673096e-11,7.17160497654135e-11
3.0422191619873,-2.12257756160536e-21,-3.9427294762362e-10,-5.70353597684203e-10
3.04444146156311,-9.1648396852479e-21,-3.30999672115695e-10,-4.80214756848341e-10
3.04666352272034,1.12369844730365e-20,4.00762131813615e-11,7.1716368954533e-11
3.04888582229614,-2.12266036044597e-21,-3.94271587600414e-10,-5.70351599282759e-10
3.05110812187195,-9.16507879214372e-21,-3.31001254183505e-10,-4.80217088316692e-10
3.05333018302917,1.12391574377316e-20,4.00764386954133e-11,7.17166881436526e-11
3.05555248260498,-2.12236511189725e-21,-3.94270255332785e-10,-5.70349600881315e-10
3.05777478218079,-9.16404481637803e-21,-3.31002836251315e-10,-4.80219419785044e-10
3.05999684333801,1.12391574377316e-20,4.00766642094652e-11,7.17170073327722e-11
3.06221914291382,-2.12261169088356e-21,-3.94268923065155e-10,-5.7034760247987e-10
3.06444144248962,-9.16462077319126e-21,-3.31004418319125e-10,-4.80221751253396e-10
3.06666350364685,1.12388844035059e-20,4.00768897235171e-11,7.17173334607857e-11
3.06888580322266,-2.12284554712119e-21,-3.9426756304195e-10,-5.70345604078426e-10
3.07110810279846,-9.16617012125266e-21,-3.31006000386935e-10,-4.80224082721747e-10
3.07333016395569,1.12388965204095e-20,4.0077115237569e-11,7.17176526499053e-11
3.07555246353149,-2.12231583648966e-21,-3.94266230774321e-10,-5.70343605676982e-10
3.0777747631073,-9.16582438560601e-21,-3.3100755469917e-10,-4.80226414190099e-10
3.07999682426453,1.12390669648521e-20,4.00773407516208e-11,7.17179718390248e-11
3.08221912384033,-2.12280414770088e-21,-3.94264898506691e-10,-5.70341607275537e-10
3.08444142341614,-9.16520076897233e-21,-3.3100913676698e-10,-4.80228745658451e-10
3.08666348457336,1.12400524730038e-20,4.00775662656727e-11,7.17182910281444e-11
3.08888578414917,-2.12284635491476e-21,-3.94263538483486e-10,-5.70339608874093e-10
3.09110808372498,-9.16534213284654e-21,-3.3101071883479e-10,-4.80231077126803e-10
3.0933301448822,1.12386444888166e-20,4.00777917797246e-11,7.17186171561579e-11
3.09555244445801,-2.12319007107749e-21,-3.94262206215856e-10,-5.70337610472649e-10
3.09777474403381,-9.16654493746773e-21,-3.310123009026e-10,-4.80233408595154e-10
3.09999680519104,1.12378544667081e-20,4.00780172937765e-11,7.17189363452775e-11
3.10221910476685,-2.12219325381588e-21,-3.94260873948227e-10,-5.70335612071204e-10
3.10444140434265,-9.16576137770779e-21,-3.3101388297041e-10,-4.80235740063506e-10
3.10666346549988,1.12382300907167e-20,4.00782428078283e-11,7.17192555343971e-11
3.10888576507568,-2.12281505291404e-21,-3.94259513925022e-10,-5.7033361366976e-10
3.11110806465149,-9.16575572315282e-21,-3.3101546503822e-10,-4.80238127043009e-10
3.11333012580872,1.12393828121368e-20,4.00784683218802e-11,7.17195747235166e-11
3.11555242538452,-2.12238308530411e-21,-3.94258181657392e-10,-5.70331615268316e-10
3.11777472496033,-9.16532032242024e-21,-3.3101704710603e-10,-4.80240458511361e-10
3.11999678611755,1.12376912924076e-20,4.00786938359321e-11,7.17199008515301e-11
3.12221908569336,-2.12177784597408e-21,-3.94256849389762e-10,-5.70329616866871e-10
3.12444138526917,-9.16528558729686e-21,-3.3101862917384e-10,-4.80242789979712e-10
3.12666344642639,1.12392382170883e-20,4.0078919349984e-11,7.17202200406497e-11
3.1288857460022,-2.12197575539798e-21,-3.94255489366557e-10,-5.70327618465427e-10
3.131108045578,-9.16471528503859e-21,-3.3102021124165e-10,-4.80245121448064e-10
3.13333010673523,1.12390427310451e-20,4.00791448640359e-11,7.17205392297693e-11
3.13555240631104,-2.12190992022227e-21,-3.94254157098928e-10,-5.70325620063983e-10
3.13777470588684,-9.16600129239717e-21,-3.31021793309461e-10,-4.80247452916416e-10
3.13999676704407,1.12384538495348e-20,4.00793669086408e-11,7.17208584188889e-11
3.14221906661987,-2.1217087796241e-21,-3.94252824831298e-10,-5.70323621662538e-10
3.14444136619568,-9.16630583057191e-21,-3.31023375377271e-10,-4.80249784384768e-10
3.14666342735291,1.12387317305218e-20,4.00795924226927e-11,7.17211776080084e-11
3.14888572692871,-2.12196646577196e-21,-3.94251464808093e-10,-5.70321623261094e-10
3.15110802650452,-9.16634218128242e-21,-3.31024957445081e-10,-4.80252115853119e-10
3.15333008766174,1.12378706225794e-20,4.00798179367445e-11,7.17215037360219e-11
3.15555238723755,-2.12165829252617e-21,-3.94250132540463e-10,-5.7031962485965e-10
3.15777468681335,-9.16586800645862e-21,-3.31026511757315e-10,-4.80254447321471e-10
3.15999674797058,1.12400969016499e-20,4.00800434507964e-11,7.17218229251415e-11
3.16221904754639,-2.1215720605629e-21,-3.94248772517258e-10,-5.70317626458205e-10
3.16444134712219,-9.16449071842698e-21,-3.31028093825125e-10,-4.80256778789823e-10
3.16666340827942,1.12363665109578e-20,4.00802689648483e-11,7.17221421142611e-11
3.16888570785522,-2.12171342443711e-21,-3.94247440249629e-10,-5.70315683567912e-10
3.17110800743103,-9.16573148934581e-21,-3.31029675892935e-10,-4.80259110258174e-10
3.17333006858826,1.12383916494301e-20,4.00804944789002e-11,7.17224613033807e-11
3.17555236816406,-2.12176633491575e-21,-3.94246107981999e-10,-5.70313685166468e-10
3.17777466773987,-9.16605379897902e-21,-3.31031257960746e-10,-4.80261441726526e-10
3.17999672889709,1.12384021507465e-20,4.0080719992952e-11,7.17227874313942e-11
3.1822190284729,-2.12173927383126e-21,-3.94244747958794e-10,-5.70311686765024e-10
3.18444132804871,-9.16664348828289e-21,-3.31032840028556e-10,-4.80263773194878e-10
3.18666338920593,1.12379699811882e-20,4.00809455070039e-11,7.17231066205137e-11
3.18888568878174,-2.12148199158018e-21,-3.94243415691165e-10,-5.70309688363579e-10
3.19110798835754,-9.16668953251621e-21,-3.31034422096366e-10,-4.80266104663229e-10
3.19333004951477,1.12355054030154e-20,4.00811710210558e-11,7.17234258096333e-11
3.19555234909058,-2.12146179674101e-21,-3.94242083423535e-10,-5.70307689962135e-10
3.19777464866638,-9.16589951040774e-21,-3.31036004164176e-10,-4.80268436131581e-10
3.19999670982361,1.12359795778392e-20,4.00813965351077e-11,7.17237449987529e-11
3.20221900939941,-2.12183802659482e-21,-3.9424072340033e-10,-5.70305691560691e-10
3.20444130897522,-9.16735111544754e-21,-3.31037586231986e-10,-4.80270767599933e-10
3.20666337013245,1.12375305414877e-20,4.00816185797126e-11,7.17240641878725e-11
3.20888566970825,-2.12159306319564e-21,-3.942393911327e-10,-5.70303693159246e-10
3.21110796928406,-9.16784225393624e-21,-3.31039168299796e-10,-4.80273099068285e-10
3.21333003044128,1.1237890009625e-20,4.00818440937645e-11,7.1724390315886e-11
3.21555233001709,-2.1220143275408e-21,-3.94238058865071e-10,-5.70301694757802e-10
3.2177746295929,-9.16692863941203e-21,-3.31040750367606e-10,-4.80275486047788e-10
3.21999669075012,1.12380386436414e-20,4.00820696078164e-11,7.17247095050055e-11
3.22221899032593,-2.12152742996832e-21,-3.94236698841866e-10,-5.70299696356358e-10
3.22444128990173,-9.16628563573274e-21,-3.31042332435416e-10,-4.80277817516139e-10
3.22666335105896,1.12357881307638e-20,4.00822951218682e-11,7.17250286941251e-11
3.22888565063477,-2.12146119089584e-21,-3.94235366574236e-10,-5.70297697954913e-10
3.23110795021057,-9.1689602402329e-21,-3.31043914503226e-10,-4.80280148984491e-10
3.2333300113678,1.12378867784508e-20,4.00825206359201e-11,7.17253478832447e-11
3.2355523109436,-2.12191234360297e-21,-3.94234034306606e-10,-5.70295699553469e-10
3.23777461051941,-9.16928174207254e-21,-3.31045468815461e-10,-4.80282480452843e-10
3.23999667167664,1.12374247205305e-20,4.0082746149972e-11,7.17256670723643e-11
3.24221897125244,-2.12213024591766e-21,-3.94232674283401e-10,-5.70293701152025e-10
3.24444127082825,-9.16694964204477e-21,-3.31047050883271e-10,-4.80284811921194e-10
3.24666333198547,1.12367639453927e-20,4.00829716640239e-11,7.17259932003778e-11
3.24888563156128,-2.12188528251848e-21,-3.94231342015772e-10,-5.7029170275058e-10
3.25110793113708,-9.16716128395931e-21,-3.31048632951081e-10,-4.80287143389546e-10
3.25332999229431,1.1236175871676e-20,4.00831937086288e-11,7.17263123894973e-11
3.25555229187012,-2.12162234571244e-21,-3.94230009748142e-10,-5.70289704349136e-10
3.25777459144592,-9.1688915777797e-21,-3.31050215018891e-10,-4.80289474857898e-10
3.25999665260315,1.1237406949072e-20,4.00834192226807e-11,7.17266315786169e-11
3.26221895217896,-2.12174815956049e-21,-3.94228649724937e-10,-5.70287705947692e-10
3.26444125175476,-9.16828007804953e-21,-3.31051797086701e-10,-4.8029180632625e-10
3.26666331291199,1.1236737288205e-20,4.00836447367325e-11,7.17269507677365e-11
3.26888561248779,-2.12135375435143e-21,-3.94227317457307e-10,-5.70285707546248e-10
3.2711079120636,-9.16839155356176e-21,-3.31053379154511e-10,-4.80294137794601e-10
3.27332997322083,1.12370305172698e-20,4.00838702507844e-11,7.17272699568561e-11
3.27555227279663,-2.12188346498296e-21,-3.94225957434102e-10,-5.70283709144803e-10
3.27777457237244,-9.16825503644895e-21,-3.31054961222321e-10,-4.80296469262953e-10
3.27999663352966,1.12341927384691e-20,4.00840957648363e-11,7.17275960848696e-11
3.28221893310547,-2.12213307319514e-21,-3.94224625166473e-10,-5.70281710743359e-10
3.28444123268127,-9.16855795903656e-21,-3.31056543290131e-10,-4.80298800731305e-10
3.2866632938385,1.12354133145488e-20,4.00843212788882e-11,7.17279152739891e-11
3.28888559341431,-2.12202200157969e-21,-3.94223292898843e-10,-5.70279712341915e-10
3.29110789299011,-9.16779701749649e-21,-3.31058125357941e-10,-4.80301132199656e-10
3.29332995414734,1.1238058030687e-20,4.008454679294e-11,7.17282344631087e-11
3.29555225372314,-2.12157791706626e-21,-3.94221932875638e-10,-5.7027771394047e-10
3.29777455329895,-9.1663793397865e-21,-3.31059707425752e-10,-4.80303463668008e-10
3.29999661445618,1.12370200159534e-20,4.0084768837545e-11,7.17285536522283e-11
3.30221891403198,-2.12135839916444e-21,-3.94220600608008e-10,-5.70275715539026e-10
3.30444121360779,-9.16802966204377e-21,-3.31061289493562e-10,-4.8030579513636e-10
3.30666327476501,1.12353284962242e-20,4.00849943515968e-11,7.17288728413479e-11
3.30888557434082,-2.12129034255643e-21,-3.94219268340379e-10,-5.70273717137582e-10
3.31110787391663,-9.16818475840863e-21,-3.31062843805796e-10,-4.80308126604712e-10
3.31332993507385,1.12364335578238e-20,4.00852198656487e-11,7.17291989693614e-11
3.31555223464966,-2.1212592425041e-21,-3.94217908317174e-10,-5.70271718736137e-10
3.31777453422546,-9.16877363991893e-21,-3.31064425873606e-10,-4.80310458073063e-10
3.31999659538269,1.12370216315406e-20,4.00854453797006e-11,7.17295181584809e-11
3.3222188949585,-2.12165607109386e-21,-3.94216576049544e-10,-5.70269720334693e-10
3.3244411945343,-9.16871709436924e-21,-3.31066007941416e-10,-4.80312845052566e-10
3.32666325569153,1.12351015062319e-20,4.00856708937525e-11,7.17298373476005e-11
3.32888555526733,-2.12112595656555e-21,-3.94215243781915e-10,-5.70267721933249e-10
3.33110785484314,-9.16866458778739e-21,-3.31067590009226e-10,-4.80315176520918e-10
3.33332991600037,1.07669714016959e-20,4.00858964078044e-11,7.17301565367201e-11
