Time,U1,U2,U3
0.0,0.0,0.0,0.0
0.0333333015441895,1.17409292362741e-18,-3.29255982478571e-08,6.24513688762818e-07
0.0666666030883789,-5.94367775376865e-18,-2.77520548763732e-08,5.26259782418492e-07
0.0999998971819878,4.90499781193377e-18,5.21872145498037e-09,-9.88553381375823e-08
0.133333206176758,-3.60401103964252e-18,-3.29444524993505e-08,6.24763629275549e-07
0.166666492819786,-3.87049802732444e-18,-2.77371832169138e-08,5.26062763128721e-07
0.199999794363976,3.96120541252608e-18,5.20722487351577e-09,-9.87026496090948e-08
0.233333095908165,4.46365890482856e-18,-3.29357447981238e-08,6.24647100266884e-07
0.266666412353516,-7.70116648097383e-18,-2.7743407571279e-08,5.26146379797865e-07
0.299999713897705,5.11144058613108e-18,5.21120169238998e-09,-9.87555779374816e-08
0.333332985639572,-4.49432455808743e-18,-3.29378693209037e-08,6.24674896698707e-07
0.366666287183762,9.79819423806825e-19,-2.77428160444515e-08,5.26139388057345e-07
0.399999588727951,-3.3588351196721e-18,5.21164800204588e-09,-9.87614399150516e-08
0.433332890272141,6.09691709814716e-18,-3.29391909303922e-08,6.24691779194109e-07
0.46666619181633,-1.25378304889143e-17,-2.77407448123768e-08,5.26112728493899e-07
0.499999493360519,1.21485510208407e-17,5.20881426879782e-09,-9.8723894836894e-08
0.533332824707031,-5.1161402127813e-18,-3.29357483508375e-08,6.24645451807737e-07
0.566666126251221,4.30422687279417e-18,-2.77445728613657e-08,5.26164342318225e-07
0.59999942779541,1.63010311966717e-18,5.21280663079438e-09,-9.87771002769477e-08
0.6333327293396,1.60660198788635e-18,-3.29397451537261e-08,6.24697747753089e-07
0.666665971279144,-4.07775350647358e-18,-2.77404517134983e-08,5.26110284226888e-07
0.699999272823334,8.29642550210169e-18,5.20854870345033e-09,-9.87207187108652e-08
0.733332574367523,-3.44948025953266e-18,-3.2935322025196e-08,6.24638232693542e-07
0.766665875911713,-1.67544823026914e-18,-2.77448144458958e-08,5.26168946635153e-07
0.799999177455902,-1.06043148322257e-18,5.21276311005181e-09,-9.87769723792553e-08
0.833332479000092,1.72227906064883e-18,-3.29392406683837e-08,6.24689448613935e-07
0.866665780544281,-6.16105792361544e-18,-2.77409757387659e-08,5.26118526522623e-07
0.89999908208847,4.3377959300031e-18,5.20900123035517e-09,-9.87272485986068e-08
0.93333238363266,-1.85263951986231e-18,-3.29354357120337e-08,6.24638062163285e-07
0.966665685176849,-1.99230296923245e-18,-2.77445941776477e-08,5.26167298176006e-07
0.999998986721039,3.50969756056044e-18,5.21239051920475e-09,-9.87725599088662e-08
1.03333234786987,4.07955469225741e-18,-3.29384626240881e-08,6.24677454652556e-07
1.06666564941406,-3.29446371760807e-18,-2.77416773997174e-08,5.26129042555112e-07
1.09999895095825,5.57843574070555e-18,5.20960430350215e-09,-9.87358887982737e-08
1.13333225250244,-1.23538369829514e-18,-3.29355955841493e-08,6.2463834638038e-07
1.16666555404663,-4.33090634268115e-18,-2.77442868679145e-08,5.26164171787968e-07
1.19999885559082,3.35867092432051e-18,5.21207343950891e-09,-9.87692345688629e-08
1.23333215713501,-1.84067104357928e-18,-3.29376383945146e-08,6.24664437509637e-07
1.2666654586792,-4.65307788842922e-18,-2.77422635974744e-08,5.2613762591136e-07
1.2999986410141,4.48056978527159e-18,5.21020515620307e-09,-9.8744855847599e-08
1.33333194255829,-9.93116972539075e-19,-3.29356275585724e-08,6.24636584234395e-07
1.36666524410248,-2.72971256503724e-18,-2.77440346252433e-08,5.2616161383412e-07
1.39999854564667,4.06685292036136e-18,5.21187759616737e-09,-9.87676287422801e-08
1.43333184719086,-3.59640733695799e-19,-3.29369100882104e-08,6.24652557235095e-07
1.46666514873505,-4.00445951393709e-18,-2.774273255568e-08,5.2614461765188e-07
1.49999845027924,4.66190969582945e-18,5.21070742109941e-09,-9.87525936579914e-08
1.53333175182343,-1.74275436574893e-18,-3.29355316353031e-08,6.24633059942425e-07
1.56666505336761,-3.23004247791214e-18,-2.77438694240573e-08,5.2616007906181e-07
1.5999983549118,4.37908465027868e-18,5.21182208501614e-09,-9.87680621733489e-08
1.63333165645599,-6.76879206915152e-19,-3.29362492834662e-08,6.24641415924998e-07
1.66666495800018,-3.09327374709563e-18,-2.77430594053385e-08,5.26149563029321e-07
1.69999825954437,4.24171683390353e-18,5.21114085216823e-09,-9.87595925039386e-08
1.73333156108856,-1.19124503061658e-18,-3.2935311367055e-08,6.24627773504471e-07
1.76666486263275,-3.25320725737638e-18,-2.77437806062153e-08,5.26159453784203e-07
1.79999816417694,4.34363458435681e-18,5.21186249713423e-09,-9.87698101084789e-08
1.83333146572113,-4.16707924155832e-19,-3.29356737438502e-08,6.24631468326697e-07
1.86666476726532,-3.09125687396707e-18,-2.77433152007234e-08,5.26153542068641e-07
1.89999806880951,4.47384728843337e-18,5.2114867976627e-09,-9.87653692163803e-08
1.9333313703537,-9.48332276802111e-19,-3.2935034255388e-08,6.24621748102072e-07
1.96666467189789,-3.59306619936752e-18,-2.77437717244311e-08,5.26159965374973e-07
1.99999797344208,4.14834096404579e-18,5.21195708813593e-09,-9.87722259537804e-08
2.03333139419556,-7.41194825986622e-19,-3.29351657057941e-08,6.24622430223098e-07
2.06666469573975,-3.38374173471123e-18,-2.77435177054031e-08,5.26156838986935e-07
2.09999799728394,4.19359187945551e-18,5.21177812018436e-09,-9.87704069643769e-08
2.13333129882812,-8.72377554427772e-19,-3.29347074057296e-08,6.24615097422065e-07
2.16666460037231,-3.31748353366997e-18,-2.77438072515679e-08,5.26161045399931e-07
2.1999979019165,4.24423104937539e-18,5.21209564396941e-09,-9.87752386549801e-08
2.23333120346069,-7.56475643635044e-19,-3.29346967475885e-08,6.24613846866851e-07
2.26666450500488,-3.51656853631862e-18,-2.77436829065891e-08,5.26159681157878e-07
2.29999780654907,4.22715473280984e-18,5.2120365801045e-09,-9.8775018386732e-08
2.33333110809326,-7.63670925892125e-19,-3.29343450289343e-08,6.24607991994708e-07
2.36666440963745,-3.4760685327571e-18,-2.77438712004141e-08,5.26162466485403e-07
2.39999771118164,4.25834771370922e-18,5.21226262151231e-09,-9.87786208384023e-08
2.43333101272583,-7.67776016477073e-19,-3.29342526583787e-08,6.24605604571116e-07
2.46666431427002,-3.44697059355417e-18,-2.77438250151363e-08,5.26162182268308e-07
2.49999761581421,4.16037726913905e-18,5.21227327965335e-09,-9.87793384865654e-08
2.5333309173584,-7.37064351296627e-19,-3.29339648885707e-08,6.24600659193675e-07
2.56666421890259,-3.45578875247429e-18,-2.77439546891856e-08,5.26164228631387e-07
2.5999972820282,4.18776687358191e-18,5.21244558626677e-09,-9.87822303954999e-08
2.63333058357239,-7.35061902130001e-19,-3.29338227800235e-08,6.24597589649056e-07
2.66666388511658,-3.46958260957407e-18,-2.77439511364719e-08,5.26164456005063e-07
2.69999718666077,4.16756174634938e-18,5.21249798879353e-09,-9.87835022669969e-08
2.73333048820496,-7.03950450219751e-19,-3.2933574090066e-08,6.24593099018966e-07
2.76666378974915,-3.47305800891771e-18,-2.77440470597412e-08,5.26166047620791e-07
2.79999709129333,4.25151272030769e-18,5.21263965325147e-09,-9.87859820611448e-08
2.83333039283752,-7.42781255003923e-19,-3.29334035598094e-08,6.24589688413835e-07
2.86666369438171,-3.45229205322988e-18,-2.77440683760233e-08,5.26166616054979e-07
2.8999969959259,4.19033899169664e-18,5.21271559250636e-09,-9.87875736768729e-08
2.93333029747009,-7.64879178273124e-19,-3.29331726334203e-08,6.24585482000839e-07
2.96666359901428,-3.44515431172416e-18,-2.77441447593674e-08,5.26167923453613e-07
2.99999690055847,4.19586414459819e-18,5.21284038157432e-09,-9.87898260973452e-08
3.03333020210266,-7.45519739819356e-19,-3.2932987892309e-08,6.24581844022032e-07
3.06666350364685,-3.44549573052199e-18,-2.7744182062861e-08,5.26168719261477e-07
3.09999680519104,4.20724945854937e-18,5.21292919941629e-09,-9.87915882433299e-08
3.13333010673523,-7.48164856623147e-19,-3.29327676240609e-08,6.24577751295874e-07
3.16666340827942,-3.44473203602145e-18,-2.77442477880641e-08,5.26169912973273e-07
3.19999670982361,4.20708195447533e-18,5.21304333034323e-09,-9.87937056606825e-08
3.2333300113678,-7.66610363897621e-19,-3.29325757775223e-08,6.24574056473648e-07
3.26666331291199,-3.43745326022129e-18,-2.7744292196985e-08,5.26170822467975e-07
3.29999661445618,4.19705569827057e-18,5.21313925361255e-09,-9.87955601772228e-08
3.33332991600037,-7.60255548841682e-19,-3.29323626147016e-08,6.24570077434328e-07
3.36666321754456,-3.44447168092365e-18,-2.77443525931176e-08,5.26171902492933e-07
3.39999651908875,4.19961995816949e-18,5.21324849955818e-09,-9.87975994348744e-08
3.43332982063293,-7.62604690082544e-19,-3.29321636627355e-08,6.24566268925264e-07
3.46666312217712,-3.44541487361711e-18,-2.77444005547522e-08,5.26172868831054e-07
3.49999642372131,4.19842592295527e-18,5.21334797554118e-09,-9.87995107948336e-08
3.5333297252655,-7.61083711731212e-19,-3.29319576053422e-08,6.24562346729363e-07
3.56666302680969,-3.44155773042078e-18,-2.77444573981711e-08,5.26173948856012e-07
3.59999632835388,4.2044903976162e-18,5.21345411286234e-09,-9.88015145253485e-08
3.63332962989807,-7.62912246174049e-19,-3.29317551006625e-08,6.2455848137688e-07
3.66666293144226,-3.43937087167634e-18,-2.77445089125194e-08,5.26174915194133e-07
3.69999623298645,4.20009889574415e-18,5.21355580929139e-09,-9.88034472015897e-08
3.73332953453064,-7.60660195257585e-19,-3.29315490432691e-08,6.24554616024398e-07
3.76666283607483,-3.44569694220599e-18,-2.77445639795815e-08,5.26175938375673e-07
3.79999613761902,4.19726042547218e-18,5.21366061434492e-09,-9.88054296158225e-08
3.83332943916321,-7.62720805561031e-19,-3.29313465385894e-08,6.24550750671915e-07
3.8666627407074,-3.44118839427727e-18,-2.77446172702867e-08,5.26176961557212e-07
3.89999604225159,4.19988796468795e-18,5.21376319895239e-09,-9.88073765029185e-08
3.93332934379578,-7.61337449384113e-19,-3.29311404811961e-08,6.24546828476014e-07
3.96666264533997,-3.44132487907834e-18,-2.77446723373487e-08,5.26177984738752e-07
3.99999594688416,4.20052861607238e-18,5.2138671158275e-09,-9.88093518117239e-08
4.03332948684692,-7.63131087144858e-19,-3.29309379765164e-08,6.24542963123531e-07
4.06666278839111,-3.44123781831887e-18,-2.77447256280539e-08,5.26179007920291e-07
4.0999960899353,4.19855124081807e-18,5.21397014452418e-09,-9.88113058042472e-08
4.13332939147949,-7.61442811514637e-19,-3.2930731919123e-08,6.24539097771049e-07
4.16666269302368,-3.44274328703372e-18,-2.7744778918759e-08,5.26180031101831e-07
4.19999599456787,4.20023620772584e-18,5.21407406139929e-09,-9.88132740076253e-08
4.23332929611206,-7.62213278556442e-19,-3.29305294144433e-08,6.24535232418566e-07
4.26666259765625,-3.44137905940846e-18,-2.77448322094642e-08,5.2618105428337e-07
4.29999589920044,4.19876672136764e-18,5.21417753418518e-09,-9.8815235105576e-08
4.33332920074463,-7.62301838580773e-19,-3.29303233570499e-08,6.24531367066083e-07
4.36666250228882,-3.44238884014124e-18,-2.77448855001694e-08,5.2618207746491e-07
4.39999580383301,4.20026846776973e-18,5.21428100697108e-09,-9.8817203308954e-08
4.4333291053772,-7.62514630793352e-19,-3.29301208523702e-08,6.24527501713601e-07
4.46666240692139,-3.4420929162771e-18,-2.77449405672314e-08,5.26183100646449e-07
4.49999570846558,4.19849871484917e-18,5.21438447975697e-09,-9.88191644069047e-08
4.53332901000977,-7.62398928905172e-19,-3.29299147949769e-08,6.24523636361118e-07
4.56666231155396,-3.44256978590023e-18,-2.77449938579366e-08,5.2618406698457e-07
4.59999561309814,4.19867490431964e-18,5.21448795254287e-09,-9.88211255048554e-08
4.63332891464233,-7.61902982429158e-19,-3.29297122902972e-08,6.24519771008636e-07
4.66666221618652,-3.44215019853452e-18,-2.77450471486418e-08,5.26185090166109e-07
4.69999551773071,4.19896979420802e-18,5.21459142532876e-09,-9.88230866028061e-08
4.7333288192749,-7.62308094134156e-19,-3.29295062329038e-08,6.24515848812734e-07
4.76666212081909,-3.44237932756419e-18,-2.7745100439347e-08,5.26186113347649e-07
4.79999542236328,4.19824063449805e-18,5.21469489811466e-09,-9.88250477007568e-08
4.83332872390747,-7.62581115435086e-19,-3.29293037282241e-08,6.24511983460252e-07
4.86666202545166,-3.44259791004106e-18,-2.7745155506409e-08,5.26187136529188e-07
4.89999532699585,4.19759088412689e-18,5.21479837090055e-09,-9.88270159041349e-08
4.93332862854004,-7.62047118650895e-19,-3.29290976708307e-08,6.24508118107769e-07
4.96666193008423,-3.44303424781418e-18,-2.77452087971142e-08,5.26188159710728e-07
4.99999523162842,4.1981248292123e-18,5.21490184368645e-09,-9.88289770020856e-08
5.03332853317261,-7.62887223960519e-19,-3.29288951661511e-08,6.24504252755287e-07
5.0666618347168,-3.44275755589928e-18,-2.77452620878194e-08,5.26189182892267e-07
5.09999513626099,4.19793085535865e-18,5.21500531647234e-09,-9.88309381000363e-08
5.13332843780518,-7.62348419189018e-19,-3.29286891087577e-08,6.24500387402804e-07
5.16666126251221,-3.44190907538596e-18,-2.77453153785245e-08,5.26190206073807e-07
5.1999945640564,4.19793126894896e-18,5.21510878925824e-09,-9.88329063034143e-08
5.23332786560059,-7.62107037546517e-19,-3.2928486604078e-08,6.24496522050322e-07
5.26666116714478,-3.44328157481734e-18,-2.77453686692297e-08,5.26191229255346e-07
5.29999446868896,4.19845570145732e-18,5.21521226204413e-09,-9.8834867401365e-08
5.33332777023315,-7.62138522108582e-19,-3.29282805466846e-08,6.24492656697839e-07
5.36666107177734,-3.44273956472096e-18,-2.77454237362917e-08,5.26192252436886e-07
5.39999437332153,4.19794119511631e-18,5.21531617891924e-09,-9.88368284993157e-08
5.43332767486572,-7.61816903946664e-19,-3.29280780420049e-08,6.24488734501938e-07
5.46666097640991,-3.44301584304555e-18,-2.77454770269969e-08,5.26193275618425e-07
5.4999942779541,4.19882462401052e-18,5.21541965170513e-09,-9.88387895972664e-08
5.53332757949829,-7.61894038538785e-19,-3.29278719846116e-08,6.24484869149455e-07
5.56666088104248,-3.44269220863089e-18,-2.77455303177021e-08,5.26194241956546e-07
5.59999418258667,4.19901570273202e-18,5.21552312449103e-09,-9.88407578006445e-08
5.63332748413086,-7.61839289521991e-19,-3.29276694799319e-08,6.24481003796973e-07
5.66666078567505,-3.44269510376304e-18,-2.77455836084073e-08,5.26195265138085e-07
5.69999408721924,4.199021079406e-18,5.21562659727692e-09,-9.88427188985952e-08
5.73332738876343,-7.61715264128897e-19,-3.29274634225385e-08,6.2447713844449e-07
5.76666069030762,-3.44214626942661e-18,-2.77456386754693e-08,5.26196288319625e-07
5.79999399185181,4.19887053253451e-18,5.21573007006282e-09,-9.88446799965459e-08
5.833327293396,-7.61634303826443e-19,-3.29272609178588e-08,6.24473273092008e-07
5.86666059494019,-3.44183711067267e-18,-2.77456919661745e-08,5.26197311501164e-07
5.89999389648438,4.19820754727355e-18,5.21583354284871e-09,-9.88466410944966e-08
5.93332719802856,-7.61288438932819e-19,-3.29270548604654e-08,6.24469407739525e-07
5.96666049957275,-3.44320278586399e-18,-2.77457452568797e-08,5.26198334682704e-07
5.99999380111694,4.199357328325e-18,5.21593701563461e-09,-9.88486092978746e-08
6.03332710266113,-7.61550448391845e-19,-3.29268523557857e-08,6.24465542387043e-07
6.06666040420532,-3.44231005118789e-18,-2.77457985475849e-08,5.26199357864243e-07
6.09999370574951,4.19931969160713e-18,5.2160404884205e-09,-9.88505703958253e-08
6.1333270072937,-7.61116281967832e-19,-3.29266462983924e-08,6.24461620191141e-07
6.16666030883789,-3.44199179344721e-18,-2.774585183829e-08,5.26200381045783e-07
6.19999361038208,4.19931555570407e-18,5.2161439612064e-09,-9.8852531493776e-08
6.23332691192627,-7.61478845570071e-19,-3.29264437937127e-08,6.24457754838659e-07
6.26666021347046,-3.44235078983306e-18,-2.77459069053521e-08,5.26201404227322e-07
6.29999351501465,4.19912116826012e-18,5.21624743399229e-09,-9.88544925917267e-08
6.33332681655884,-7.61447102514065e-19,-3.29262377363193e-08,6.24453889486176e-07
6.36666011810303,-3.44249223771781e-18,-2.77459601960572e-08,5.26202427408862e-07
6.39999341964722,4.19871502257935e-18,5.21635090677819e-09,-9.88564536896774e-08
6.43332672119141,-7.6127153342905e-19,-3.29260352316396e-08,6.24450024133694e-07
6.4666600227356,-3.44244736316958e-18,-2.77460134867624e-08,5.26203450590401e-07
6.49999332427979,4.19966628028379e-18,5.21645437956408e-09,-9.88584218930555e-08
6.53332662582397,-7.60923393788742e-19,-3.29258291742462e-08,6.24446158781211e-07
6.56665992736816,-3.44291099790291e-18,-2.77460667774676e-08,5.26204416928522e-07
6.59999322891235,4.19932506828111e-18,5.21655785234998e-09,-9.88603829910062e-08
6.63332653045654,-7.61477863293094e-19,-3.29256266695666e-08,6.24442293428729e-07
6.66665983200073,-3.44361286065266e-18,-2.77461200681728e-08,5.26205440110061e-07
6.69999313354492,4.1984213734619e-18,5.21666132513587e-09,-9.88623440889569e-08
6.73332643508911,-7.61553602017931e-19,-3.29254206121732e-08,6.24438371232827e-07
6.7666597366333,-3.44288328735239e-18,-2.77461751352348e-08,5.26206463291601e-07
6.79999303817749,4.19840565703026e-18,5.21676479792177e-09,-9.88643051869076e-08
6.83332633972168,-7.61724001224117e-19,-3.29252181074935e-08,6.24434505880345e-07
6.86665964126587,-3.44271371532682e-18,-2.774622842594e-08,5.2620748647314e-07
6.89999294281006,4.19868607125791e-18,5.21686827070766e-09,-9.88662733902856e-08
6.93332624435425,-7.61501696434493e-19,-3.29250120501001e-08,6.24430640527862e-07
6.96665954589844,-3.44315770452061e-18,-2.77462817166452e-08,5.2620850965468e-07
6.99999284744263,4.19896689907587e-18,5.21697174349356e-09,-9.88682344882363e-08
7.03332614898682,-7.61470522065157e-19,-3.29248095454204e-08,6.2442677517538e-07
7.06665945053101,-3.44304024487362e-18,-2.77463350073504e-08,5.26209532836219e-07
7.0999927520752,4.19827537608378e-18,5.21707521627945e-09,-9.8870195586187e-08
7.13332605361938,-7.61839444618356e-19,-3.29246034880271e-08,6.24422909822897e-07
7.16665935516357,-3.44338125008115e-18,-2.77463900744124e-08,5.26210556017759e-07
7.19999265670776,4.19838580469556e-18,5.21717868906535e-09,-9.88721566841377e-08
7.23332595825195,-7.61502782109047e-19,-3.29244009833474e-08,6.24419044470415e-07
7.26665925979614,-3.44310724650324e-18,-2.77464433651176e-08,5.26211579199298e-07
7.29999256134033,4.19856861161093e-18,5.21728216185124e-09,-9.88741177820884e-08
7.33332586288452,-7.6141530775927e-19,-3.2924194925954e-08,6.24415179117932e-07
7.36665916442871,-3.44258591592218e-18,-2.77464966558227e-08,5.26212602380838e-07
7.3999924659729,4.19815626207557e-18,5.21738563463714e-09,-9.88760859854665e-08
7.43332576751709,-7.61216112328009e-19,-3.29239924212743e-08,6.24411256922031e-07
7.46665906906128,-3.44289114556821e-18,-2.77465499465279e-08,5.26213625562377e-07
7.49999237060547,4.19919147861218e-18,5.21748910742303e-09,-9.88780470834172e-08
7.53332567214966,-7.61750626100083e-19,-3.29237863638809e-08,6.24407391569548e-07
7.56665897369385,-3.44360128012409e-18,-2.77466032372331e-08,5.26214591900498e-07
7.59999227523804,4.19760246465547e-18,5.21759258020893e-09,-9.88800081813679e-08
7.63332557678223,-7.61331659119825e-19,-3.29235838592012e-08,6.24403526217066e-07
7.66665887832642,-3.44341309653473e-18,-2.77466583042951e-08,5.26215615082037e-07
7.69999217987061,4.1979209291913e-18,5.21769605299482e-09,-9.88819692793186e-08
7.73332548141479,-7.61525064286798e-19,-3.29233778018079e-08,6.24399660864583e-07
7.76665878295898,-3.44403306840384e-18,-2.77467115950003e-08,5.26216638263577e-07
7.79999208450317,4.19819307161283e-18,5.21779952578072e-09,-9.88839303772693e-08
7.83332538604736,-7.61672199038256e-19,-3.29231752971282e-08,6.243957955121e-07
7.86665868759155,-3.44389017295302e-18,-2.77467648857055e-08,5.26217661445116e-07
7.89999198913574,4.19743578776204e-18,5.21790299856661e-09,-9.88858985806473e-08
7.93332529067993,-7.6150360928966e-19,-3.29229692397348e-08,6.24391930159618e-07
7.96665859222412,-3.44369681948484e-18,-2.77468181764107e-08,5.26218684626656e-07
7.99999189376831,4.19840565703026e-18,5.21800647135251e-09,-9.8887859678598e-08
8.0333251953125,-7.61137530169817e-19,-3.29227667350551e-08,6.24388064807135e-07
8.06665897369385,-3.44285123410366e-18,-2.77468714671159e-08,5.26219707808195e-07
8.09999179840088,4.19933499444846e-18,5.2181099441384e-09,-9.88898207765487e-08
8.13332557678223,-7.6159309989218e-19,-3.29225606776617e-08,6.24384142611234e-07
8.16665840148926,-3.4426798009217e-18,-2.77469265341779e-08,5.26220730989735e-07
8.19999217987061,4.19890361975901e-18,5.2182134169243e-09,-9.88917818744994e-08
8.23332500457764,-7.61489081930152e-19,-3.29223581729821e-08,6.24380277258751e-07
8.26665878295898,-3.44324559246069e-18,-2.77469798248831e-08,5.26221754171274e-07
8.29999160766602,4.19856819802062e-18,5.2183168897102e-09,-9.88937429724501e-08
8.33332538604736,-7.61538454272963e-19,-3.29221521155887e-08,6.24376411906269e-07
8.36665821075439,-3.44328364276887e-18,-2.77470331155882e-08,5.26222777352814e-07
8.39999198913574,4.19811490304495e-18,5.21842036249609e-09,-9.88957111758282e-08
8.43332481384277,-7.61638801621024e-19,-3.2921949610909e-08,6.24372546553786e-07
8.46665859222412,-3.4426762854041e-18,-2.77470864062934e-08,5.26223800534353e-07
8.49999141693115,4.19873280696252e-18,5.21852383528199e-09,-9.88976722737789e-08
8.5333251953125,-7.61715987911933e-19,-3.29217435535156e-08,6.24368681201304e-07
8.56665802001953,-3.44354813376973e-18,-2.77471396969986e-08,5.26224766872474e-07
8.59999179840088,4.19815584848527e-18,5.21862730806788e-09,-9.88996333717296e-08
8.63332462310791,-7.61669872592783e-19,-3.29215410488359e-08,6.24364815848821e-07
8.66665840148926,-3.44387197497955e-18,-2.77471947640606e-08,5.26225790054013e-07
8.69999122619629,4.19879029601509e-18,5.21873078085378e-09,-9.89015944696803e-08
8.73332500457764,-7.61361799513395e-19,-3.29213349914426e-08,6.2436089365292e-07
8.76665782928467,-3.4433250017995e-18,-2.77472480547658e-08,5.26226813235553e-07
8.79999160766602,4.19827827121592e-18,5.21883425363967e-09,-9.8903555567631e-08
8.83332443237305,-7.61628151670637e-19,-3.29211324867629e-08,6.24357028300437e-07
8.86665821075439,-3.44385460418668e-18,-2.7747301345471e-08,5.26227836417092e-07
8.89999103546143,4.19763968778303e-18,5.21893772642557e-09,-9.89055166655817e-08
8.93332481384277,-7.61486083400431e-19,-3.29209264293695e-08,6.24353162947955e-07
8.9666576385498,-3.4441987113215e-18,-2.77473546361762e-08,5.26228859598632e-07
8.99999141693115,4.19790728071119e-18,5.21904119921146e-09,-9.89074848689597e-08
9.03332424163818,-7.62044533711481e-19,-3.29207239246898e-08,6.24349297595472e-07
9.06665802001953,-3.44420512197125e-18,-2.77474097032382e-08,5.26229882780171e-07
9.09999084472656,4.19682739642151e-18,5.21914467199736e-09,-9.89094459669104e-08
9.13332462310791,-7.62033728664729e-19,-3.29205178672964e-08,6.2434543224299e-07
9.16665744781494,-3.44465696938086e-18,-2.77474629939434e-08,5.26230905961711e-07
9.19999122619629,4.19696884430625e-18,5.21924814478325e-09,-9.89114070648611e-08
9.23332405090332,-7.62064024154664e-19,-3.29203153626167e-08,6.24341566890507e-07
9.26665782928467,-3.44429880017562e-18,-2.77475162846486e-08,5.2623192914325e-07
9.2999906539917,4.19713055811601e-18,5.21935161756915e-09,-9.89133681628118e-08
9.33332443237305,-7.62111121750791e-19,-3.29201093052234e-08,6.24337701538025e-07
9.36665725708008,-3.44461891907268e-18,-2.77475695753537e-08,5.2623295232479e-07
9.39999103546143,4.19679100047455e-18,5.21945509035504e-09,-9.89153292607625e-08
9.43332386016846,-7.61746024907926e-19,-3.29199068005437e-08,6.24333779342123e-07
9.4666576385498,-3.44445637808232e-18,-2.77476228660589e-08,5.26233975506329e-07
9.49999046325684,4.19780595108616e-18,5.21955856314094e-09,-9.89172903587132e-08
9.53332424163818,-7.61660928702409e-19,-3.29197007431503e-08,6.24329913989641e-07
9.56665706634521,-3.44427605270878e-18,-2.77476779331209e-08,5.2623494184445e-07
9.59999084472656,4.19729640782882e-18,5.21966203592683e-09,-9.89192585620913e-08
9.63332366943359,-7.61306585207507e-19,-3.29194982384706e-08,6.24326048637158e-07
9.66665744781494,-3.44428721964705e-18,-2.77477312238261e-08,5.2623596502599e-07
9.69999027252197,4.1983953172726e-18,5.21976550871273e-09,-9.8921219660042e-08
9.73332405090332,-7.61108992438683e-19,-3.29192921810773e-08,6.24322183284676e-07
9.76665687561035,-3.44465345386326e-18,-2.77477845145313e-08,5.26236988207529e-07
9.7999906539917,4.19841971910067e-18,5.21986898149862e-09,-9.89231807579927e-08
9.83332347869873,-7.61109767920508e-19,-3.29190896763976e-08,6.24318317932193e-07
9.86665725708008,-3.44394352610253e-18,-2.77478378052365e-08,5.26238011389069e-07
9.89999008178711,4.19800033853011e-18,5.21997245428452e-09,-9.89251418559434e-08
9.93332386016846,-7.61179457887115e-19,-3.29188836190042e-08,6.24314452579711e-07
9.96665668487549,-3.44394021738008e-18,-2.77478910959417e-08,5.26239034570608e-07
9.99999046325684,4.19855165440837e-18,5.2200754829812e-09,-9.89271029538941e-08
10.0333232879639,-7.61397988665194e-19,-3.29186811143245e-08,6.24310530383809e-07
10.0666570663452,-3.44390919810711e-18,-2.77479461630037e-08,5.26240057752148e-07
10.0999898910522,4.19862982297626e-18,5.2201789557671e-09,-9.89290640518448e-08
10.1333236694336,-7.61323594108853e-19,-3.29184750569311e-08,6.24306665031327e-07
10.1666564941406,-3.44397185703851e-18,-2.77479994537089e-08,5.26241080933687e-07
10.199990272522,4.19822160934396e-18,5.22028242855299e-09,-9.89310251497955e-08
10.233323097229,-7.60954361362924e-19,-3.29182725522514e-08,6.24302799678844e-07
10.2666568756104,-3.44360458884654e-18,-2.77480527444141e-08,5.26242104115227e-07
10.2999897003174,4.19909138975806e-18,5.22038590133889e-09,-9.89329933531735e-08
10.3333225250244,-7.61076473900852e-19,-3.29180664948581e-08,6.24298934326362e-07
10.3666563034058,-3.44410772145412e-18,-2.77481060351192e-08,5.26243127296766e-07
10.3999891281128,4.19812069330923e-18,5.22048937412478e-09,-9.89349544511242e-08
10.4333229064941,-7.61571127907159e-19,-3.29178639901784e-08,6.24295068973879e-07
10.4666557312012,-3.44406408767681e-18,-2.77481593258244e-08,5.26244093634887e-07
10.4999895095825,4.19709498934967e-18,5.22059284691068e-09,-9.89369155490749e-08
10.5333223342896,-7.61614554889318e-19,-3.2917657932785e-08,6.24291203621397e-07
10.5666561126709,-3.4434075130656e-18,-2.77482143928864e-08,5.26245116816426e-07
10.5999889373779,4.1975251232682e-18,5.22069631969657e-09,-9.89388766470256e-08
10.6333227157593,-7.61079730924514e-19,-3.29174554281053e-08,6.24287338268914e-07
10.6666555404663,-3.44564710457409e-18,-2.77482676835916e-08,5.26246139997966e-07
10.6999893188477,4.19794905333213e-18,5.22079979248247e-09,-9.89408377449763e-08
10.7333221435547,-7.61205307281258e-19,-3.29172493707119e-08,6.24283416073013e-07
10.766655921936,-3.44435752999912e-18,-2.77483209742968e-08,5.26247163179505e-07
10.7999887466431,4.19769262734224e-18,5.22090326526836e-09,-9.8942798842927e-08
10.8333225250244,-7.61466592957248e-19,-3.29170468660323e-08,6.2427955072053e-07
10.8666553497314,-3.44477029312478e-18,-2.7748374265002e-08,5.26248186361045e-07
10.8999891281128,4.19564287378433e-18,5.22100673805426e-09,-9.89447599408777e-08
10.9333219528198,-7.60897854587329e-19,-3.29168408086389e-08,6.24275685368048e-07
10.9666557312012,-3.4440500256064e-18,-2.77484275557072e-08,5.26249209542584e-07
10.9999885559082,4.19744199161663e-18,5.22111021084015e-09,-9.89467210388284e-08
11.0333223342896,-7.60871074614998e-19,-3.29166383039592e-08,6.24271820015565e-07
11.0666551589966,-3.44449277402927e-18,-2.77484826227692e-08,5.26250232724124e-07
11.0999889373779,4.19796352899285e-18,5.22121368362605e-09,-9.89486892422065e-08
11.133321762085,-7.60687388820223e-19,-3.29164322465658e-08,6.24267954663082e-07
11.1666555404663,-3.44380373257901e-18,-2.77485359134744e-08,5.26251255905663e-07
11.1999883651733,4.19798503568877e-18,5.22131715641194e-09,-9.89506503401572e-08
11.2333221435547,-7.60817876561853e-19,-3.29162297418861e-08,6.242640893106e-07
11.2666549682617,-3.44395097072805e-18,-2.77485892041796e-08,5.26252279087203e-07
11.2999887466431,4.19672648038678e-18,5.22142062919784e-09,-9.89526114381079e-08
11.3333215713501,-7.60632846598583e-19,-3.29160236844928e-08,6.24260167114699e-07
11.3666553497314,-3.4437040573152e-18,-2.77486424948847e-08,5.26253302268742e-07
11.3999881744385,4.19672193089341e-18,5.22152410198373e-09,-9.89545725360585e-08
11.4333219528198,-7.60765867580839e-19,-3.29158211798131e-08,6.24256301762216e-07
11.4666547775269,-3.44426984885418e-18,-2.77486975619468e-08,5.26254268606863e-07
11.4999885559082,4.19785806346475e-18,5.22162713068042e-09,-9.89565336340092e-08
11.5333213806152,-7.61179251091962e-19,-3.29156151224197e-08,6.24252436409733e-07
11.5666551589966,-3.44470680701277e-18,-2.77487508526519e-08,5.26255291788402e-07
11.5999879837036,4.19711732322621e-18,5.22173060346631e-09,-9.89584947319599e-08
11.633321762085,-7.61331142131942e-19,-3.291541261774e-08,6.24248571057251e-07
11.666654586792,-3.44425206447101e-18,-2.77488041433571e-08,5.26256314969942e-07
11.6999883651733,4.19732949505333e-18,5.22183407625221e-09,-9.89604558299106e-08
11.7333211898804,-7.61554687692485e-19,-3.29152065603466e-08,6.24244705704768e-07
11.7666549682617,-3.44554122545568e-18,-2.77488574340623e-08,5.26257338151481e-07
11.7999877929688,4.19751395632993e-18,5.2219375490381e-09,-9.89624169278613e-08
11.8333215713501,-7.61295263172873e-19,-3.29150040556669e-08,6.24240840352286e-07
11.8666543960571,-3.44588512579535e-18,-2.77489107247675e-08,5.26258361333021e-07
11.8999881744385,4.19675625888883e-18,5.222041021824e-09,-9.8964378025812e-08
11.9333209991455,-7.6162804827306e-19,-3.29147979982736e-08,6.24236918156384e-07
11.9666547775269,-3.4445244136877e-18,-2.77489657918295e-08,5.2625938451456e-07
11.9999876022339,4.1961813683631e-18,5.22214449460989e-09,-9.89663391237627e-08
12.0333213806152,-7.61671785447949e-19,-3.29145954935939e-08,6.24233052803902e-07
12.0666542053223,-3.44567191999246e-18,-2.77490190825347e-08,5.262604076961e-07
12.0999879837036,4.19688199034194e-18,5.22224796739579e-09,-9.89683073271408e-08
12.1333208084106,-7.61680884434687e-19,-3.29143894362005e-08,6.24229187451419e-07
12.166654586792,-3.44562663185392e-18,-2.77490723732399e-08,5.26261430877639e-07
12.199987411499,4.19683235950518e-18,5.22235144018168e-09,-9.89702684250915e-08
12.2333211898804,-7.61476260630657e-19,-3.29141869315208e-08,6.24225322098937e-07
12.2666540145874,-3.4455230274822e-18,-2.77491256639451e-08,5.26262454059179e-07
12.2999877929688,4.1963790645295e-18,5.22245491296758e-09,-9.89722295230422e-08
12.3333206176758,-7.61601371698306e-19,-3.29139808741274e-08,6.24221456746454e-07
12.3666543960571,-3.44601292519999e-18,-2.77491789546502e-08,5.26263420397299e-07
12.3999872207642,4.19664624386736e-18,5.22255838575347e-09,-9.89741906209929e-08
12.4333209991455,-7.62227030434125e-19,-3.29137783694478e-08,6.24217591393972e-07
12.4666538238525,-3.44623564357992e-18,-2.77492340217123e-08,5.26264443578839e-07
12.4999876022339,4.19654201911018e-18,5.22266185853937e-09,-9.89761517189436e-08
12.5333204269409,-7.62197407028438e-19,-3.29135723120544e-08,6.24213726041489e-07
12.5666542053223,-3.44566509575241e-18,-2.77492873124174e-08,5.26265466760378e-07
12.5999870300293,4.19617930041157e-18,5.22276488723605e-09,-9.89781128168943e-08
12.6333208084106,-7.61919267547467e-19,-3.29133698073747e-08,6.24209803845588e-07
12.6666536331177,-3.44606524437373e-18,-2.77493406031226e-08,5.26266489941918e-07
12.699987411499,4.1962012206978e-18,5.22286836002195e-09,-9.8980073914845e-08
12.7333202362061,-7.61772029398433e-19,-3.29131637499813e-08,6.24205938493105e-07
12.7666540145874,-3.44596494872446e-18,-2.77493938938278e-08,5.26267513123457e-07
12.7999868392944,4.19486904632129e-18,5.22297183280784e-09,-9.89820350127957e-08
12.8333206176758,-7.61651984812036e-19,-3.29129612453016e-08,6.24202073140623e-07
12.8666534423828,-3.44582867071854e-18,-2.7749447184533e-08,5.26268536304997e-07
12.8999872207642,4.19711484168437e-18,5.22307530559374e-09,-9.89839961107464e-08
12.9333200454712,-7.62137591530393e-19,-3.29127551879083e-08,6.2419820778814e-07
12.9666538238525,-3.44569011796594e-18,-2.7749502251595e-08,5.26269559486536e-07
12.9999866485596,4.19636458886878e-18,5.22317877837963e-09,-9.89859572086971e-08
13.0333204269409,-7.62103160137396e-19,-3.29125526832286e-08,6.24194342435658e-07
13.0666532516479,-3.44606917348164e-18,-2.77495555423002e-08,5.26270582668076e-07
13.0999870300293,4.19515938671629e-18,5.22328225116553e-09,-9.89879183066478e-08
13.1333198547363,-7.61268069610235e-19,-3.29123466258352e-08,6.24190477083175e-07
13.1666536331177,-3.44666887942574e-18,-2.77496088330054e-08,5.26271605849615e-07
13.1999864578247,4.19629551928763e-18,5.22338572395142e-09,-9.89898794045985e-08
13.2333202362061,-7.61507383301204e-19,-3.29121441211555e-08,6.24186554887274e-07
13.2666530609131,-3.44587644039892e-18,-2.77496621237106e-08,5.26272629031155e-07
13.2999868392944,4.1960754892447e-18,5.22348919673732e-09,-9.89918405025492e-08
13.3333196640015,-7.61595839927959e-19,-3.29119380637621e-08,6.24182689534791e-07
13.3666534423828,-3.44589443157724e-18,-2.77497154144157e-08,5.26273595369275e-07
13.3999862670898,4.19467589964826e-18,5.22359266952321e-09,-9.89938016004999e-08
13.4333200454712,-7.61599510541927e-19,-3.29117355590824e-08,6.24178824182309e-07
13.4666528701782,-3.44579744465042e-18,-2.77497704814778e-08,5.26274618550815e-07
13.4999866485596,4.19603909329774e-18,5.2236956982199e-09,-9.89957698038779e-08
13.5333194732666,-7.62022975316766e-19,-3.29115295016891e-08,6.24174958829826e-07
13.5666532516479,-3.44667839200279e-18,-2.77498237721829e-08,5.26275641732354e-07
13.599986076355,4.19560234193432e-18,5.22379917100579e-09,-9.89977309018286e-08
13.6333198547363,-7.61931054871196e-19,-3.29113234442957e-08,6.24171093477344e-07
13.6666526794434,-3.44638350211441e-18,-2.77498770628881e-08,5.26276664913894e-07
13.6999864578247,4.1954960492256e-18,5.22390264379169e-09,-9.89996919997793e-08
13.7333192825317,-7.61979134744301e-19,-3.2911120939616e-08,6.24167228124861e-07
13.7666530609131,-3.44702663504067e-18,-2.77499303535933e-08,5.26277688095433e-07
13.7999858856201,4.19522349321377e-18,5.22400611657758e-09,-9.900165309773e-08
13.8333196640015,-7.62004001861466e-19,-3.29109148822226e-08,6.2416330592896e-07
13.8666524887085,-3.44647469877694e-18,-2.77499836442985e-08,5.26278711276973e-07
13.8999862670898,4.19507129198106e-18,5.22410958936348e-09,-9.90036141956807e-08
13.9333190917969,-7.62306491471719e-19,-3.29107123775429e-08,6.24159440576477e-07
13.9666528701782,-3.44641845049529e-18,-2.77500387113605e-08,5.26279734458512e-07
13.9999856948853,4.19552458695674e-18,5.22421306214937e-09,-9.90055752936314e-08
14.0333194732666,-7.62110604762909e-19,-3.29105063201496e-08,6.24155575223995e-07
14.0666522979736,-3.44620462430695e-18,-2.77500920020657e-08,5.26280757640052e-07
14.099986076355,4.19558290318992e-18,5.22431653493527e-09,-9.90075363915821e-08
14.133318901062,-7.62080826260857e-19,-3.29103038154699e-08,6.24151709871512e-07
14.1666526794434,-3.44649620547287e-18,-2.77501452927709e-08,5.26281780821591e-07
14.1999855041504,4.19536866341127e-18,5.22442000772116e-09,-9.90094974895328e-08
14.2333192825317,-7.61927746148746e-19,-3.29100977580765e-08,6.2414784451903e-07
14.2666521072388,-3.44678178957935e-18,-2.7750198583476e-08,5.26282747159712e-07
14.2999858856201,4.19569167744047e-18,5.22452303641785e-09,-9.90114585874835e-08
14.3333187103271,-7.61447309309218e-19,-3.29098952533968e-08,6.24143979166547e-07
14.3666524887085,-3.44648214340246e-18,-2.77502518741812e-08,5.26283770341252e-07
14.3999853134155,4.19524706786122e-18,5.22462650920374e-09,-9.90134196854342e-08
14.4333190917969,-7.6103284012354e-19,-3.29096891960035e-08,6.24140056970646e-07
14.4666519165039,-3.44596680988084e-18,-2.77503069412433e-08,5.26284793522791e-07
14.4999856948853,4.19556222367461e-18,5.22472998198964e-09,-9.90153807833849e-08
14.5333185195923,-7.61553653716719e-19,-3.29094866913238e-08,6.24136191618163e-07
14.5666522979736,-3.44649062200374e-18,-2.77503602319484e-08,5.26285816704331e-07
14.5999851226807,4.19534343440259e-18,5.22483345477553e-09,-9.90173418813356e-08
14.633318901062,-7.6145899323537e-19,-3.29092806339304e-08,6.24132326265681e-07
14.666651725769,-3.44656320710249e-18,-2.77504135226536e-08,5.2628683988587e-07
14.6999855041504,4.19632033470601e-18,5.22493692756143e-09,-9.90193029792863e-08
14.7333183288574,-7.61747369076421e-19,-3.29090781292507e-08,6.24128460913198e-07
14.7666521072388,-3.44601147763391e-18,-2.77504668133588e-08,5.26287863067409e-07
14.7999849319458,4.1954302883669e-18,5.22504040034732e-09,-9.9021264077237e-08
14.8333187103271,-7.61615226973566e-19,-3.29088720718573e-08,6.24124595560716e-07
14.8666515350342,-3.44700905745265e-18,-2.7750520104064e-08,5.26288886248949e-07
14.8999853134155,4.1958914415584e-18,5.22514387313322e-09,-9.90232251751877e-08
14.9333181381226,-7.6158767151941e-19,-3.29086695671776e-08,6.24120730208233e-07
14.9666519165039,-3.44570459362666e-18,-2.7750575171126e-08,5.26289909430488e-07
14.9999847412109,4.19661853331684e-18,5.22524690182991e-09,-9.90251862731384e-08
15.0333185195923,-7.61533232695347e-19,-3.29084635097843e-08,6.24116808012332e-07
15.0666513442993,-3.44619242339291e-18,-2.77506284618312e-08,5.26290932612028e-07
15.0999851226807,4.19499725931623e-18,5.2253503746158e-09,-9.90271473710891e-08
15.1333179473877,-7.61190366331443e-19,-3.29082610051046e-08,6.24112942659849e-07
15.166651725769,-3.44665564453594e-18,-2.77506817525364e-08,5.26291898950149e-07
15.1999845504761,4.19610071825338e-18,5.2254538474017e-09,-9.90291084690398e-08
15.2333183288574,-7.61284561523698e-19,-3.29080549477112e-08,6.24109077307367e-07
15.2666511535645,-3.44650075496624e-18,-2.77507350432415e-08,5.26292922131688e-07
15.2999849319458,4.19626367283405e-18,5.22555732018759e-09,-9.90310695669905e-08
15.3333177566528,-7.61292212944364e-19,-3.29078524430315e-08,6.24105211954884e-07
15.3666515350342,-3.44615788860234e-18,-2.77507883339467e-08,5.26293945313228e-07
15.3999843597412,4.19629758723917e-18,5.22566079297349e-09,-9.90330306649412e-08
15.4333181381226,-7.61172168357967e-19,-3.29076463856381e-08,6.24101346602401e-07
15.4666509628296,-3.44586155114789e-18,-2.77508434010088e-08,5.26294968494767e-07
15.4999847412109,4.1947515866743e-18,5.22576426575938e-09,-9.90349917628919e-08
15.533317565918,-7.60956842904762e-19,-3.29074438809585e-08,6.24097481249919e-07
15.5666513442993,-3.44560409118223e-18,-2.77508966917139e-08,5.26295991676307e-07
15.5999841690063,4.19538851574597e-18,5.22586729445607e-09,-9.90369528608426e-08
15.6333179473877,-7.6106690962502e-19,-3.29072378235651e-08,6.24093559054018e-07
15.6666507720947,-3.4462375047363e-18,-2.77509499824191e-08,5.26297014857846e-07
15.6999845504761,4.1958186496645e-18,5.22597076724196e-09,-9.90389139587933e-08
15.7333173751831,-7.60676480375895e-19,-3.29070353188854e-08,6.24089693701535e-07
15.7666511535645,-3.4469033851294e-18,-2.77510032731243e-08,5.26298038039386e-07
15.7999839782715,4.19605315536816e-18,5.22607424002786e-09,-9.9040875056744e-08
15.8333177566528,-7.60982175311021e-19,-3.2906829261492e-08,6.24085828349052e-07
15.8666505813599,-3.44585183177569e-18,-2.77510565638295e-08,5.26299061220925e-07
15.8999843597412,4.19615407140289e-18,5.22617771281375e-09,-9.90428361546947e-08
15.9333171844482,-7.6113773696497e-19,-3.29066267568123e-08,6.2408196299657e-07
15.9666509628296,-3.44725348932366e-18,-2.77511098545347e-08,5.26300084402465e-07
15.9999837875366,4.19635673065296e-18,5.22628118559965e-09,-9.90447972526454e-08
16.033317565918,-7.60948054110754e-19,-3.2906420699419e-08,6.24078097644087e-07
16.066650390625,-3.44662917475634e-18,-2.77511649215967e-08,5.26301050740585e-07
16.099983215332,4.19578225371755e-18,5.22638465838554e-09,-9.90467583505961e-08
16.1333179473877,-7.61424458444796e-19,-3.29062181947393e-08,6.24074232291605e-07
16.1666507720947,-3.44610039954976e-18,-2.77512182123019e-08,5.26302073922125e-07
16.1999835968018,4.19523755528418e-18,5.22648768708223e-09,-9.90487194485468e-08
16.2333164215088,-7.60728799549639e-19,-3.29060121373459e-08,6.24070310095703e-07
16.2666511535645,-3.4466757036658e-18,-2.7751271503007e-08,5.26303097103664e-07
16.2999839782715,4.19595017138189e-18,5.22659115986812e-09,-9.90506805464975e-08
16.3333168029785,-7.61236895240899e-19,-3.29058096326662e-08,6.24066444743221e-07
16.3666496276855,-3.44604621921964e-18,-2.77513247937122e-08,5.26304120285204e-07
16.3999843597412,4.1959373500824e-18,5.22669463265402e-09,-9.90526416444482e-08
16.4333171844482,-7.60882861938727e-19,-3.29056035752728e-08,6.24062579390738e-07
16.4666500091553,-3.44659774189306e-18,-2.77513780844174e-08,5.26305143466743e-07
16.4999828338623,4.19508576764178e-18,5.22679810543991e-09,-9.90546027423989e-08
16.533317565918,-7.61274325163617e-19,-3.29054010705931e-08,6.24058714038256e-07
16.566650390625,-3.4467683478944e-18,-2.77514331514794e-08,5.26306166648283e-07
16.599983215332,4.19453155663137e-18,5.22690157822581e-09,-9.90565638403496e-08
16.6333160400391,-7.60802728816886e-19,-3.29051950131998e-08,6.24054848685773e-07
16.6666507720947,-3.44682873207912e-18,-2.77514864421846e-08,5.26307189829822e-07
16.6999835968018,4.19569870847568e-18,5.22700460692249e-09,-9.90585249383003e-08
16.7333164215088,-7.60783703662797e-19,-3.29049925085201e-08,6.24050983333291e-07
16.7666492462158,-3.4466297951418e-18,-2.77515397328898e-08,5.26308213011362e-07
16.7999839782715,4.19548405510672e-18,5.22710807970839e-09,-9.90604860362509e-08
16.8333168029785,-7.61029014413207e-19,-3.29047864511267e-08,6.24047061137389e-07
16.8666496276855,-3.44711100746315e-18,-2.7751593023595e-08,5.26309236192901e-07
16.8999824523926,4.19612553367176e-18,5.22721155249428e-09,-9.90624471342016e-08
16.9333171844482,-7.61378808414741e-19,-3.2904583946447e-08,6.24043195784907e-07
16.9666500091553,-3.44740320901454e-18,-2.77516463143002e-08,5.26310202531022e-07
16.9999828338623,4.19533557618677e-18,5.22731502528018e-09,-9.90644082321523e-08
17.0333156585693,-7.61046023314553e-19,-3.29043778890536e-08,6.24039330432424e-07
17.066650390625,-3.44681301564748e-18,-2.77517013813622e-08,5.26311225712561e-07
17.099983215332,4.19546709790416e-18,5.22741849806607e-09,-9.9066369330103e-08
17.1333160400391,-7.61519997805546e-19,-3.2904175384374e-08,6.24035465079942e-07
17.1666488647461,-3.44763254483937e-18,-2.77517546720674e-08,5.26312248894101e-07
17.1999835968018,4.19436363896702e-18,5.22752152676276e-09,-9.90683304280537e-08
17.2333164215088,-7.61429990215142e-19,-3.29039693269806e-08,6.24031599727459e-07
17.2666492462158,-3.44701588169271e-18,-2.77518079627725e-08,5.2631327207564e-07
17.2999820709229,4.19558331678023e-18,5.22762499954865e-09,-9.90702915260044e-08
17.3333168029785,-7.60826665355861e-19,-3.29037668223009e-08,6.24027734374977e-07
17.3666496276855,-3.44700078564653e-18,-2.77518612534777e-08,5.2631429525718e-07
17.3999824523926,4.19632281624785e-18,5.22772847233455e-09,-9.90722526239551e-08
17.4333152770996,-7.60789442228297e-19,-3.29035607649075e-08,6.24023812179075e-07
17.4666500091553,-3.44644492027489e-18,-2.77519145441829e-08,5.26315318438719e-07
17.4999828338623,4.19562963889453e-18,5.22783194512044e-09,-9.90742137219058e-08
17.5333156585693,-7.60471029391252e-19,-3.29033582602278e-08,6.24019946826593e-07
17.5666484832764,-3.44758332759292e-18,-2.77519696112449e-08,5.26316341620259e-07
17.599983215332,4.19461055237986e-18,5.22793541790634e-09,-9.90761748198565e-08
17.6333160400391,-7.60717477515004e-19,-3.29031522028345e-08,6.2401608147411e-07
17.6666488647461,-3.44664571836859e-18,-2.77520229019501e-08,5.26317364801798e-07
17.6999816894531,4.1951200956372e-18,5.22803844660302e-09,-9.90781359178072e-08
17.7333164215088,-7.60529914311108e-19,-3.29029496981548e-08,6.24012216121628e-07
17.7666492462158,-3.44696728483172e-18,-2.77520761926553e-08,5.26318387983338e-07
17.7999820709229,4.19454603229209e-18,5.22814191938892e-09,-9.90800899103306e-08
17.8333148956299,-7.60196819018191e-19,-3.29027436407614e-08,6.24008350769145e-07
17.8666496276855,-3.44732193851935e-18,-2.77521294833605e-08,5.26319354321458e-07
17.8999824523926,4.19569581334353e-18,5.22824539217481e-09,-9.90820510082813e-08
17.9333152770996,-7.60449419297749e-19,-3.29025411360817e-08,6.24004485416663e-07
17.9666481018066,-3.4469823808779e-18,-2.77521827740657e-08,5.26320377502998e-07
17.9999828338623,4.19671903576126e-18,5.22834886496071e-09,-9.9084012106232e-08
18.0333156585693,-7.60582698773947e-19,-3.29023350786883e-08,6.24000563220761e-07
18.0666484832764,-3.44657396045045e-18,-2.77522378411277e-08,5.26321400684537e-07
18.0999813079834,4.19576364215376e-18,5.2284523377466e-09,-9.90859732041827e-08
18.1333160400391,-7.60558296945876e-19,-3.2902129021295e-08,6.23996697868279e-07
18.1666488647461,-3.44656279351218e-18,-2.77522911318329e-08,5.26322423866077e-07
18.1999816894531,4.19478095158605e-18,5.22855536644329e-09,-9.90879343021334e-08
18.2333145141602,-7.60441922973448e-19,-3.29019265166153e-08,6.23992832515796e-07
18.2666492462158,-3.44652412281854e-18,-2.7752344422538e-08,5.26323447047616e-07
18.2999820709229,4.19496789440449e-18,5.22865883922918e-09,-9.90898954000841e-08
18.3333148956299,-7.60392809124577e-19,-3.29017204592219e-08,6.23988967163314e-07
18.3666477203369,-3.44696790521718e-18,-2.77523977132432e-08,5.26324470229156e-07
18.3999824523926,4.19544559120824e-18,5.22876231201508e-09,-9.90918564980348e-08
18.4333152770996,-7.60725335730824e-19,-3.29015179545422e-08,6.23985101810831e-07
18.4666481018066,-3.44717283921394e-18,-2.77524510039484e-08,5.26325493410695e-07
18.4999809265137,4.19620907891362e-18,5.22886578480097e-09,-9.90938175959855e-08
18.5333156585693,-7.60198059789109e-19,-3.29013118971488e-08,6.23981236458349e-07
18.5666484832764,-3.4469722479154e-18,-2.77525060710104e-08,5.26326516592235e-07
18.5999813079834,4.19578473525938e-18,5.22896881349766e-09,-9.90957786939362e-08
18.6333141326904,-7.60222048026873e-19,-3.29011093924692e-08,6.23977314262447e-07
18.6666488647461,-3.447199929379e-18,-2.77525593617156e-08,5.26327539773774e-07
18.6999816894531,4.19536700905004e-18,5.22907228628355e-09,-9.90977397918869e-08
18.7333145141602,-7.60076050648758e-19,-3.29009033350758e-08,6.23973448909965e-07
18.7666473388672,-3.4474108604352e-18,-2.77526126524208e-08,5.26328506111895e-07
18.7999820709229,4.19559117499605e-18,5.22917575906945e-09,-9.90997008898375e-08
18.8333148956299,-7.59888177252132e-19,-3.29007008303961e-08,6.23969583557482e-07
18.8666477203369,-3.44684113978831e-18,-2.7752665943126e-08,5.26329529293434e-07
18.8999805450439,4.19507956378718e-18,5.22927923185534e-09,-9.91016619877882e-08
18.9333152770996,-7.6012361353398e-19,-3.29004947730027e-08,6.23965718205e-07
18.9666481018066,-3.44743009238444e-18,-2.77527192338312e-08,5.26330552474974e-07
18.9999809265137,4.19542615246384e-18,5.22938226055203e-09,-9.91036230857389e-08
19.0333137512207,-7.59900843455261e-19,-3.2900292268323e-08,6.23961852852517e-07
19.0666484832764,-3.44650282291777e-18,-2.77527725245363e-08,5.26331575656513e-07
19.0999813079834,4.19682201974752e-18,5.22948573333792e-09,-9.91055841836896e-08
19.1333141326904,-7.59643176694451e-19,-3.29000862109297e-08,6.23957987500035e-07
19.1666469573975,-3.44622178830466e-18,-2.77528275915984e-08,5.26332598838053e-07
19.1999816894531,4.19579383424612e-18,5.22958920612382e-09,-9.9107538176213e-08
19.2333145141602,-7.59818797478254e-19,-3.289988370625e-08,6.23954065304133e-07
19.2666473388672,-3.44600982327269e-18,-2.77528808823035e-08,5.26333622019592e-07
19.2999801635742,4.19587489794615e-18,5.22969267890971e-09,-9.91094992741637e-08
19.3333148956299,-7.59296846511733e-19,-3.28996776488566e-08,6.23950199951651e-07
19.3666477203369,-3.44678716625334e-18,-2.77529341730087e-08,5.26334645201132e-07
19.3999805450439,4.1968468351659e-18,5.2297957076064e-09,-9.91114603721144e-08
19.433313369751,-7.59375945657808e-19,-3.28994751441769e-08,6.23946334599168e-07
19.4666481018066,-3.44668025315916e-18,-2.77529874637139e-08,5.26335668382671e-07
19.4999809265137,4.19647832620301e-18,5.22989918039229e-09,-9.91134214700651e-08
19.5333137512207,-7.59206063439505e-19,-3.28992690867835e-08,6.23942469246686e-07
19.5666465759277,-3.44676545276226e-18,-2.77530407544191e-08,5.26336691564211e-07
19.5999813079834,4.19606308153551e-18,5.23000265317819e-09,-9.91153825680158e-08
19.6333141326904,-7.59379047585105e-19,-3.28990665821038e-08,6.23938603894203e-07
19.6666469573975,-3.44650468407415e-18,-2.77530958214811e-08,5.26337657902332e-07
19.6999797821045,4.19488558993354e-18,5.23010612596408e-09,-9.91173436659665e-08
19.7333145141602,-7.59729617068463e-19,-3.28988605247105e-08,6.23934681698302e-07
19.7666473388672,-3.44723177583258e-18,-2.77531491121863e-08,5.26338681083871e-07
19.7999801635742,4.19599814785742e-18,5.23020915466077e-09,-9.91193047639172e-08
19.8333129882812,-7.60100917765923e-19,-3.28986580200308e-08,6.23930816345819e-07
19.8666477203369,-3.44729071245123e-18,-2.77532024028915e-08,5.26339704265411e-07
19.8999805450439,4.19555436545879e-18,5.23031262744666e-09,-9.91212658618679e-08
19.933313369751,-7.59830119512888e-19,-3.28984519626374e-08,6.23926950993337e-07
19.966646194458,-3.44714885097618e-18,-2.77532556935967e-08,5.2634072744695e-07
19.9999809265137,4.19485581143149e-18,5.23041610023256e-09,-9.91232269598186e-08
20.0333137512207,-7.5982675909165e-19,-3.28982494579577e-08,6.23923085640854e-07
20.0666465759277,-3.44752790649188e-18,-2.77533089843018e-08,5.2634175062849e-07
20.0999794006348,4.19530579768472e-18,5.23051957301846e-09,-9.91251809523419e-08
20.1333141326904,-7.59943753449538e-19,-3.28980434005643e-08,6.23919220288371e-07
20.1666469573975,-3.44781638573051e-18,-2.77533640513639e-08,5.26342773810029e-07
20.1999797821045,4.19639767609329e-18,5.23062260171514e-09,-9.91271420502926e-08
20.2333126068115,-7.59302740173597e-19,-3.28978408958847e-08,6.23915354935889e-07
20.2666473388672,-3.44695363635161e-18,-2.7753417342069e-08,5.26343796991569e-07
20.2999801635742,4.194527007138e-18,5.23072607450104e-09,-9.91291031482433e-08
20.3333129882812,-7.59518996204992e-19,-3.28976348384913e-08,6.23911432739988e-07
20.3666458129883,-3.44656031197034e-18,-2.77534706327742e-08,5.26344820173108e-07
20.3999805450439,4.1969390658042e-18,5.23082954728693e-09,-9.9131064246194e-08
20.433313369751,-7.59376927934786e-19,-3.28974323338116e-08,6.23907567387505e-07
20.466646194458,-3.44682356220029e-18,-2.77535239234794e-08,5.26345786511229e-07
20.499979019165,4.19564576891647e-18,5.23093302007283e-09,-9.91330253441447e-08
20.5333137512207,-7.5941808017026e-19,-3.28972262764182e-08,6.23903702035022e-07
20.5666465759277,-3.44613203920819e-18,-2.77535772141846e-08,5.26346809692768e-07
20.5999794006348,4.19527767354389e-18,5.23103604876951e-09,-9.91349864420954e-08
20.6333122253418,-7.58971609434635e-19,-3.28970237717385e-08,6.2389983668254e-07
20.6666450500488,-3.44605325025485e-18,-2.77536305048898e-08,5.26347832874308e-07
20.6999797821045,4.19508328609994e-18,5.23113952155541e-09,-9.91369475400461e-08
20.7333126068115,-7.58690419725155e-19,-3.28968177143452e-08,6.23895971330057e-07
20.7666454315186,-3.44638949917385e-18,-2.77536855719518e-08,5.26348856055847e-07
20.7999782562256,4.19632074829632e-18,5.2312429943413e-09,-9.91389086379968e-08
20.8333129882812,-7.58990531191147e-19,-3.28966152096655e-08,6.23892105977575e-07
20.8666458129883,-3.44649331034073e-18,-2.7753738862657e-08,5.26349879237387e-07
20.8999786376953,4.19550183948989e-18,5.23134602303799e-09,-9.91408697359475e-08
20.9333114624023,-7.58865730316228e-19,-3.28964091522721e-08,6.23888183781673e-07
20.966646194458,-3.44639032635446e-18,-2.77537921533622e-08,5.26350902418926e-07
20.999979019165,4.19638650915502e-18,5.23144949582388e-09,-9.91428237284708e-08
21.0333118438721,-7.5906637331356e-19,-3.28962030948787e-08,6.23884318429191e-07
21.0666446685791,-3.44648524532975e-18,-2.77538454440673e-08,5.26351925600466e-07
21.0999794006348,4.19602916713039e-18,5.23155296860978e-09,-9.91447848264215e-08
21.1333122253418,-7.59129342437691e-19,-3.2896000590199e-08,6.23880453076708e-07
21.1666450500488,-3.44671127243213e-18,-2.77538987347725e-08,5.26352948782005e-07
21.1999778747559,4.19488145403048e-18,5.23165644139567e-09,-9.91467459243722e-08
21.2333126068115,-7.58919445357256e-19,-3.28957945328057e-08,6.23876587724226e-07
21.2666454315186,-3.4479082027785e-18,-2.77539538018345e-08,5.26353971963545e-07
21.2999782562256,4.19604240202019e-18,5.23175947009236e-09,-9.91487070223229e-08
21.3333110809326,-7.59174216985922e-19,-3.2895592028126e-08,6.23872722371743e-07
21.3666458129883,-3.44697410907177e-18,-2.77540070925397e-08,5.26354938301665e-07
21.3999786376953,4.19643986230453e-18,5.23186294287825e-09,-9.91506681202736e-08
21.4333114624023,-7.59035147245436e-19,-3.28953859707326e-08,6.23868857019261e-07
21.4666442871094,-3.4474338146972e-18,-2.77540603832449e-08,5.26355961483205e-07
21.499979019165,4.1957330364711e-18,5.23196641566415e-09,-9.91526292182243e-08
21.5333118438721,-7.58616025168813e-19,-3.28951834660529e-08,6.23864934823359e-07
21.5666446685791,-3.44724707867392e-18,-2.77541136739501e-08,5.26356984664744e-07
21.5999774932861,4.19606804461918e-18,5.23206944436083e-09,-9.9154590316175e-08
21.6333122253418,-7.5864595876723e-19,-3.28949774086595e-08,6.23861069470877e-07
21.6666450500488,-3.44693316363145e-18,-2.77541669646553e-08,5.26358007846284e-07
21.6999778747559,4.19578473525938e-18,5.23217291714673e-09,-9.91565443086984e-08
21.7333106994629,-7.591760781423e-19,-3.28947749039799e-08,6.23857204118394e-07
21.7666454315186,-3.44701298656056e-18,-2.77542202553605e-08,5.26359031027823e-07
21.7999782562256,4.19602254968549e-18,5.23227638993262e-09,-9.91585054066491e-08
21.8333110809326,-7.58990272697205e-19,-3.28945688465865e-08,6.23853338765912e-07
21.8666439056396,-3.44634793334807e-18,-2.77542753224225e-08,5.26360054209363e-07
21.8999786376953,4.19562426222055e-18,5.23237986271852e-09,-9.91604665045998e-08
21.9333114624023,-7.59082244841564e-19,-3.28943663419068e-08,6.23849473413429e-07
21.9666442871094,-3.44661511268593e-18,-2.77543286131277e-08,5.26361077390902e-07
21.9999771118164,4.19662432358112e-18,5.2324828914152e-09,-9.91624276025505e-08
22.0333118438721,-7.59087828310698e-19,-3.28941602845134e-08,6.23845551217528e-07
22.0666446685791,-3.44678427112119e-18,-2.77543819038328e-08,5.26362100572442e-07
22.0999774932861,4.1960688717998e-18,5.2325863642011e-09,-9.91643887005011e-08
22.1333103179932,-7.58317826557988e-19,-3.28939577798337e-08,6.23841685865045e-07
22.1666450500488,-3.44767452425545e-18,-2.7754435194538e-08,5.26363066910562e-07
22.1999778747559,4.19583064378338e-18,5.23268983698699e-09,-9.91663497984518e-08
22.2333106994629,-7.58773189485199e-19,-3.28937517224404e-08,6.23837820512563e-07
22.2666435241699,-3.44656796339101e-18,-2.77544884852432e-08,5.26364090092102e-07
22.2999782562256,4.19597415961966e-18,5.23279286568368e-09,-9.91683037909752e-08
22.3333110809326,-7.5891960045362e-19,-3.28935492177607e-08,6.2383395516008e-07
22.3666439056396,-3.44656320710249e-18,-2.77545435523052e-08,5.26365113273641e-07
22.3999767303467,4.19524251836785e-18,5.23289633846957e-09,-9.91702648889259e-08
22.4333114624023,-7.58584644004325e-19,-3.28933431603673e-08,6.23830089807598e-07
22.4666442871094,-3.44658243905173e-18,-2.77545968430104e-08,5.26366136455181e-07
22.4999771118164,4.19533516259646e-18,5.23299981125547e-09,-9.91722259868766e-08
22.5333099365234,-7.58528602517824e-19,-3.28931406556876e-08,6.23826224455115e-07
22.5666446685791,-3.44672595488801e-18,-2.77546501337156e-08,5.2636715963672e-07
22.5999774932861,4.19576695087621e-18,5.23310283995215e-09,-9.91741870848273e-08
22.6333103179932,-7.58511955507997e-19,-3.28929345982942e-08,6.23822302259214e-07
22.6666431427002,-3.44714574904888e-18,-2.77547034244208e-08,5.2636818281826e-07
22.6999778747559,4.19527105609899e-18,5.23320631273805e-09,-9.9176148182778e-08
22.7333106994629,-7.5833131994173e-19,-3.28927320936145e-08,6.23818436906731e-07
22.7666435241699,-3.44685437467811e-18,-2.77547567151259e-08,5.26369205999799e-07
22.799976348877,4.19491867715804e-18,5.23330978552394e-09,-9.91781092807287e-08
22.8333110809326,-7.58311829498547e-19,-3.28925260362212e-08,6.23814571554249e-07
22.8666439056396,-3.44789000480502e-18,-2.77548100058311e-08,5.26370229181339e-07
22.8999767303467,4.19522349321377e-18,5.23341281422063e-09,-9.9180063273252e-08
22.9333095550537,-7.58317929955565e-19,-3.28923235315415e-08,6.23810706201766e-07
22.9666442871094,-3.44714802379556e-18,-2.77548650728932e-08,5.26371252362878e-07
22.9999771118164,4.19589020078748e-18,5.23351628700652e-09,-9.91820243712027e-08
23.0333099365234,-7.58218668282058e-19,-3.28921174741481e-08,6.23806840849284e-07
23.0666427612305,-3.44712155401596e-18,-2.77549183635983e-08,5.26372218700999e-07
23.0999774932861,4.19495341874377e-18,5.23361975979242e-09,-9.91839854691534e-08
23.1333103179932,-7.58262508854524e-19,-3.28919149694684e-08,6.23802918653382e-07
23.1666431427002,-3.44719248475349e-18,-2.77549716543035e-08,5.26373241882538e-07
23.1999759674072,4.19506632889738e-18,5.2337227884891e-09,-9.91859465671041e-08
23.2333106994629,-7.57743763212876e-19,-3.2891708912075e-08,6.237990533009e-07
23.2666435241699,-3.44761496725135e-18,-2.77550249450087e-08,5.26374265064078e-07
23.299976348877,4.19562508940116e-18,5.233826261275e-09,-9.91879076650548e-08
23.333309173584,-7.580649160857e-19,-3.28915064073954e-08,6.23795187948417e-07
23.3666439056396,-3.44648131622185e-18,-2.77550782357139e-08,5.26375288245617e-07
23.3999767303467,4.19526361147348e-18,5.23392973406089e-09,-9.91898616575781e-08
23.4333095550537,-7.57878541953934e-19,-3.2891300350002e-08,6.23791322595935e-07
23.4666423797607,-3.44680184870921e-18,-2.77551333027759e-08,5.26376311427157e-07
23.4999771118164,4.19633191523459e-18,5.23403276275758e-09,-9.91918227555288e-08
23.5333099365234,-7.57672160391102e-19,-3.28910942926086e-08,6.23787457243452e-07
23.5666427612305,-3.44671003166122e-18,-2.77551865934811e-08,5.26377334608696e-07
23.5999755859375,4.19622479534526e-18,5.23413623554347e-09,-9.91937838534795e-08
23.6333103179932,-7.57307477138543e-19,-3.28908917879289e-08,6.2378359189097e-07
23.6666431427002,-3.44668831817014e-18,-2.77552398841863e-08,5.26378357790236e-07
23.6999759674072,4.19630213673254e-18,5.23423970832937e-09,-9.91957449514302e-08
23.7333087921143,-7.57275423889806e-19,-3.28906857305356e-08,6.23779669695068e-07
23.7666435241699,-3.44662586603389e-18,-2.77552931748914e-08,5.26379380971775e-07
23.799976348877,4.1973538968814e-18,5.23434273702605e-09,-9.91977060493809e-08
23.833309173584,-7.57300084211818e-19,-3.28904832258559e-08,6.23775804342586e-07
23.866641998291,-3.44623522998961e-18,-2.77553464655966e-08,5.26380347309896e-07
23.8999767303467,4.1966425215546e-18,5.23444620981195e-09,-9.91996600419043e-08
23.9333095550537,-7.56949980017555e-19,-3.28902771684625e-08,6.23771938990103e-07
23.9666423797607,-3.4464223796032e-18,-2.77553997563018e-08,5.26381370491436e-07
23.9999752044678,4.19676866659802e-18,5.23454968259784e-09,-9.9201621139855e-08
24.0333099365234,-7.57102543141783e-19,-3.28900746637828e-08,6.23768073637621e-07
24.0666427612305,-3.44555197880364e-18,-2.77554548233638e-08,5.26382393672975e-07
24.0999755859375,4.19625126512486e-18,5.23465271129453e-09,-9.92035822378057e-08
24.1333084106445,-7.57289330863855e-19,-3.28898686063894e-08,6.23764208285138e-07
24.1666431427002,-3.44605366384516e-18,-2.7755508114069e-08,5.26383416854515e-07
24.1999759674072,4.19588399693289e-18,5.23475618408042e-09,-9.92055433357564e-08
24.2333087921143,-7.57078916795537e-19,-3.28896661017097e-08,6.23760286089237e-07
24.2666416168213,-3.44595812448441e-18,-2.77555614047742e-08,5.26384440036054e-07
24.299976348877,4.19708878549507e-18,5.23485965686632e-09,-9.92075044337071e-08
24.333309173584,-7.56997853095507e-19,-3.28894600443164e-08,6.23756420736754e-07
24.366641998291,-3.44647697352363e-18,-2.77556146954794e-08,5.26385463217593e-07
24.399974822998,4.19597912270333e-18,5.234962685563e-09,-9.92094584262304e-08
24.4333095550537,-7.56862505667778e-19,-3.28892575396367e-08,6.23752555384272e-07
24.4666423797607,-3.44556045740492e-18,-2.77556679861846e-08,5.26386486399133e-07
24.4999752044678,4.19617516450851e-18,5.2350661583489e-09,-9.92114195241811e-08
24.5333080291748,-7.56657364875864e-19,-3.28890514822433e-08,6.23748690031789e-07
24.5666427612305,-3.44600940968238e-18,-2.77557230532466e-08,5.26387509580672e-07
24.5999755859375,4.19659785380152e-18,5.2351696311348e-09,-9.92133806221318e-08
24.6333084106445,-7.56167984145963e-19,-3.28888489775636e-08,6.23744824679306e-07
24.6666412353516,-3.44564896573046e-18,-2.77557763439518e-08,5.26388475918793e-07
24.6999759674072,4.19681209358017e-18,5.23527265983148e-09,-9.92153417200825e-08
24.7333087921143,-7.56450621421515e-19,-3.28886429201702e-08,6.23740959326824e-07
24.7666416168213,-3.44567853743736e-18,-2.77558296346569e-08,5.26389499100333e-07
24.7999744415283,4.19643613999177e-18,5.23537613261738e-09,-9.92172957126058e-08
24.833309173584,-7.5610749656367e-19,-3.28884404154905e-08,6.23737037130923e-07
24.866641998291,-3.44538157959746e-18,-2.77558829253621e-08,5.26390522281872e-07
24.899974822998,4.19752388249728e-18,5.23547960540327e-09,-9.92192568105565e-08
24.9333076477051,-7.55942318935101e-19,-3.28882343580972e-08,6.2373317177844e-07
24.9666423797607,-3.44601395917575e-18,-2.77559362160673e-08,5.26391545463412e-07
24.9999752044678,4.19758509386261e-18,5.23558263409996e-09,-9.92212179085072e-08
25.0333080291748,-7.55561505660597e-19,-3.28880318534175e-08,6.23729306425957e-07
25.0666408538818,-3.44608695786481e-18,-2.77559895067725e-08,5.26392568644951e-07
25.0999755859375,4.19750816606564e-18,5.23568610688585e-09,-9.92231790064579e-08
25.1333084106445,-7.56003788794371e-19,-3.28878257960241e-08,6.23725441073475e-07
25.1666412353516,-3.4456977693866e-18,-2.77560445738345e-08,5.26393591826491e-07
25.1999740600586,4.19823649859499e-18,5.23578913558254e-09,-9.92251329989813e-08
25.2333087921143,-7.56084335506518e-19,-3.28876232913444e-08,6.23721575720992e-07
25.2666416168213,-3.44521076680096e-18,-2.77560978645397e-08,5.2639461500803e-07
25.2999744415283,4.19642704100503e-18,5.23589260836843e-09,-9.9227094096932e-08
25.3333072662354,-7.55859962765363e-19,-3.28874172339511e-08,6.23717653525091e-07
25.366641998291,-3.44543989583064e-18,-2.77561511552449e-08,5.2639563818957e-07
25.399974822998,4.19712021835835e-18,5.23599608115433e-09,-9.92290551948827e-08
25.4333076477051,-7.56020280707834e-19,-3.28872111765577e-08,6.23713788172608e-07
25.4666404724121,-3.44544341134824e-18,-2.77562044459501e-08,5.26396661371109e-07
25.4999752044678,4.19744281879725e-18,5.23609910985101e-09,-9.92310162928334e-08
25.5333080291748,-7.55689822053119e-19,-3.2887008671878e-08,6.23709922820126e-07
25.5666408538818,-3.44533112158009e-18,-2.77562577366552e-08,5.2639762770923e-07
25.5999736785889,4.1980723032434e-18,5.23620258263691e-09,-9.92329702853567e-08
25.6333084106445,-7.55600434848175e-19,-3.28868026144846e-08,6.23706057467643e-07
25.6666412353516,-3.44508400137209e-18,-2.77563110273604e-08,5.26398650890769e-07
25.6999740600586,4.19723643723441e-18,5.2363060554228e-09,-9.92349313833074e-08
25.7333068847656,-7.55755738008182e-19,-3.28866001098049e-08,6.23702192115161e-07
25.7666416168213,-3.44581440185297e-18,-2.77563660944224e-08,5.26399674072309e-07
25.7999744415283,4.19687413212612e-18,5.23640908411949e-09,-9.92368924812581e-08
25.8333072662354,-7.55718928470923e-19,-3.28863940524116e-08,6.23698326762678e-07
25.8666400909424,-3.44591449070709e-18,-2.77564193851276e-08,5.26400697253848e-07
25.899974822998,4.1977691415489e-18,5.23651255690538e-09,-9.92388535792088e-08
25.9333076477051,-7.55577532284965e-19,-3.28861915477319e-08,6.23694404566777e-07
25.9666404724121,-3.44486190337762e-18,-2.77564726758328e-08,5.26401720435388e-07
25.9999732971191,4.19697794329299e-18,5.23661558560207e-09,-9.92408075717321e-08
26.0333080291748,-7.55101541541229e-19,-3.28859854903385e-08,6.23690539214294e-07
26.0666408538818,-3.4461783613225e-18,-2.7756525966538e-08,5.26402743616927e-07
26.0999736785889,4.19743454699112e-18,5.23671905838796e-09,-9.92427686696828e-08
26.1333065032959,-7.55347524375887e-19,-3.28857829856588e-08,6.23686673861812e-07
26.1666412353516,-3.44489499060212e-18,-2.77565792572432e-08,5.26403766798467e-07
26.1999740600586,4.19799827057858e-18,5.23682253117386e-09,-9.92447297676335e-08
26.2333068847656,-7.55252915593326e-19,-3.28855769282654e-08,6.23682808509329e-07
26.2666397094727,-3.44525191903644e-18,-2.77566343243052e-08,5.26404789980006e-07
26.2999744415283,4.19720996745481e-18,5.23692555987054e-09,-9.92466908655842e-08
26.3333072662354,-7.5504332870562e-19,-3.28853744235857e-08,6.23678943156847e-07
26.3666400909424,-3.44554163904598e-18,-2.77566876150104e-08,5.26405756318127e-07
26.3999729156494,4.19902935121212e-18,5.23702903265644e-09,-9.92486448581076e-08
26.4333076477051,-7.55366342734822e-19,-3.28851683661924e-08,6.23675020960945e-07
26.4666404724121,-3.44548807910132e-18,-2.77567409057156e-08,5.26406779499666e-07
26.4999732971191,4.19807974786891e-18,5.23713206135312e-09,-9.92506059560583e-08
26.5333061218262,-7.54989820459746e-19,-3.28849658615127e-08,6.23671155608463e-07
26.5666408538818,-3.44567378114884e-18,-2.77567941964207e-08,5.26407802681206e-07
26.5999736785889,4.19788453324435e-18,5.23723553413902e-09,-9.9252567054009e-08
26.6333065032959,-7.55389400394397e-19,-3.28847598041193e-08,6.2366729025598e-07
26.6666393280029,-3.44536317482883e-18,-2.77568474871259e-08,5.26408825862745e-07
26.6999740600586,4.19709457575936e-18,5.23733900692491e-09,-9.92545281519597e-08
26.7333068847656,-7.55179761807903e-19,-3.28845572994396e-08,6.23663424903498e-07
26.7666397094727,-3.44529844794589e-18,-2.77569007778311e-08,5.26409849044285e-07
26.7999725341797,4.1985797785492e-18,5.2374420356216e-09,-9.9256482144483e-08
26.8333072662354,-7.55097819228472e-19,-3.28843512420463e-08,6.23659559551015e-07
26.8666400909424,-3.44481826960031e-18,-2.77569558448931e-08,5.26410872225824e-07
26.8999729156494,4.19754166688045e-18,5.23754550840749e-09,-9.92584432424337e-08
26.9333057403564,-7.55164303870206e-19,-3.28841487373666e-08,6.23655694198533e-07
26.9666404724121,-3.44629520058402e-18,-2.77570091355983e-08,5.26411895407364e-07
26.9999732971191,4.19771496121878e-18,5.23764853710418e-09,-9.92604043403844e-08
27.0333061218262,-7.55191342336479e-19,-3.28839426799732e-08,6.23651772002631e-07
27.0666389465332,-3.44637192158583e-18,-2.77570624263035e-08,5.26412918588903e-07
27.0999736785889,4.19744323238755e-18,5.23775200989007e-09,-9.92623583329078e-08
27.1333065032959,-7.55407184777567e-19,-3.28837401752935e-08,6.23647906650149e-07
27.1666393280029,-3.44575319048765e-18,-2.77571157170087e-08,5.26413884927024e-07
27.19997215271,4.1970772049665e-18,5.23785548267597e-09,-9.92643194308584e-08
27.2333068847656,-7.55766284560992e-19,-3.28835341179001e-08,6.23644041297666e-07
27.2666397094727,-3.44678861381941e-18,-2.77571690077139e-08,5.26414908108563e-07
27.2999725341797,4.19778485798054e-18,5.23795851137265e-09,-9.92662805288091e-08
27.3333053588867,-7.56178272204831e-19,-3.28833280605068e-08,6.23640175945184e-07
27.3666400909424,-3.446728643225e-18,-2.7757222298419e-08,5.26415931290103e-07
27.3999729156494,4.19608417464113e-18,5.23806198415855e-09,-9.92682416267598e-08
27.4333057403564,-7.56234106896179e-19,-3.28831255558271e-08,6.23636310592701e-07
27.4666385650635,-3.44736019562268e-18,-2.77572773654811e-08,5.26416954471642e-07
27.4999732971191,4.19634928602745e-18,5.23816501285523e-09,-9.92701956192832e-08
27.5333061218262,-7.56106255792751e-19,-3.28829194984337e-08,6.236323883968e-07
27.5666389465332,-3.446771863412e-18,-2.77573306561862e-08,5.26417977653182e-07
27.5999717712402,4.19557380420318e-18,5.23826848564113e-09,-9.92721567172339e-08
27.6333065032959,-7.56466027660423e-19,-3.2882716993754e-08,6.23628523044317e-07
27.6666393280029,-3.44854782018716e-18,-2.77573839468914e-08,5.26419000834721e-07
27.69997215271,4.19549977153836e-18,5.23837195842702e-09,-9.92741178151846e-08
27.733304977417,-7.56447933084524e-19,-3.28825109363606e-08,6.23624657691835e-07
27.7666397094727,-3.44731904338721e-18,-2.77574372375966e-08,5.26420024016261e-07
27.7999725341797,4.1957069802818e-18,5.23847498712371e-09,-9.92760718077079e-08
27.8333053588867,-7.56753059332979e-19,-3.28823084316809e-08,6.23620792339352e-07
27.8666381835938,-3.44765901461897e-18,-2.77574905283018e-08,5.264210471978e-07
27.8999729156494,4.19601055556661e-18,5.2385784599096e-09,-9.92780329056586e-08
27.9333057403564,-7.56724780095788e-19,-3.28821023742876e-08,6.2361692698687e-07
27.9666385650635,-3.4476875523501e-18,-2.7757543819007e-08,5.26422013535921e-07
27.9999713897705,4.19579135270428e-18,5.23868148860629e-09,-9.92799940036093e-08
28.0333061218262,-7.5678257934109e-19,-3.28818998696079e-08,6.23613004790968e-07
28.0666389465332,-3.44833047848121e-18,-2.7757598886069e-08,5.2642303671746e-07
28.0999717712402,4.19535873724392e-18,5.23878496139218e-09,-9.92819479961327e-08
28.1333045959473,-7.56981723073562e-19,-3.28816938122145e-08,6.23609139438486e-07
28.1666393280029,-3.44822377218219e-18,-2.77576521767742e-08,5.26424059899e-07
28.19997215271,4.19470278301816e-18,5.23888799008887e-09,-9.92839090940834e-08
28.233304977417,-7.57006745287092e-19,-3.28814913075348e-08,6.23605274086003e-07
28.266637802124,-3.44849053792974e-18,-2.77577054674794e-08,5.26425083080539e-07
28.2999725341797,4.19559696526033e-18,5.23899146287476e-09,-9.92858701920341e-08
28.3333053588867,-7.56798450869093e-19,-3.28812852501414e-08,6.23601408733521e-07
28.3666381835938,-3.44830069997916e-18,-2.77577587581845e-08,5.26426106262079e-07
28.3999710083008,4.19616358397993e-18,5.23909493566066e-09,-9.92878241845574e-08
28.4333057403564,-7.57248282025957e-19,-3.28810827454618e-08,6.23597543381038e-07
28.4666385650635,-3.44913615239783e-18,-2.77578120488897e-08,5.26427129443618e-07
28.4999713897705,4.19575495675733e-18,5.23919796435734e-09,-9.92897852825081e-08
28.5333042144775,-7.57441790590506e-19,-3.28808766880684e-08,6.23593621185137e-07
28.5666389465332,-3.44824197015566e-18,-2.77578653395949e-08,5.26428152625158e-07
28.5999717712402,4.19500553112236e-18,5.23930143714324e-09,-9.92917463804588e-08
28.6333045959473,-7.56917616576089e-19,-3.28806741833887e-08,6.23589755832654e-07
28.6666374206543,-3.44839872088174e-18,-2.77579204066569e-08,5.26429175806697e-07
28.69997215271,4.19497782057184e-18,5.23940446583993e-09,-9.92937003729821e-08
28.733304977417,-7.5660416682272e-19,-3.28804681259953e-08,6.23585890480172e-07
28.766637802124,-3.44823266437377e-18,-2.77579736973621e-08,5.26430142144818e-07
28.7999706268311,4.19502869217951e-18,5.23950793862582e-09,-9.92956614709328e-08
28.8333053588867,-7.56841981248829e-19,-3.2880262068602e-08,6.23582025127689e-07
28.8666381835938,-3.44786105348358e-18,-2.77580269880673e-08,5.26431165326358e-07
28.8999710083008,4.1952983530592e-18,5.23961096732251e-09,-9.92976225688835e-08
28.9333038330078,-7.56854492355594e-19,-3.28800595639223e-08,6.23578159775207e-07
28.9666385650635,-3.44888241474493e-18,-2.77580802787725e-08,5.26432188507897e-07
28.9999713897705,4.1947710254187e-18,5.2397144401084e-09,-9.92995765614069e-08
29.0333042144775,-7.56759728476668e-19,-3.28798535065289e-08,6.23574294422724e-07
29.0666370391846,-3.44908796912715e-18,-2.77581335694776e-08,5.26433211689437e-07
29.0999717712402,4.19589268232932e-18,5.23981746880509e-09,-9.93015376593576e-08
29.1333045959473,-7.57175696927206e-19,-3.28796510018492e-08,6.23570372226823e-07
29.1666374206543,-3.44846262058406e-18,-2.77581886365397e-08,5.26434234870976e-07
29.1999702453613,4.19429415579556e-18,5.23992094159098e-09,-9.93034987573083e-08
29.233304977417,-7.56694019316758e-19,-3.28794449444558e-08,6.2356650687434e-07
29.266637802124,-3.44881851504261e-18,-2.77582419272449e-08,5.26435258052516e-07
29.2999706268311,4.19501008061573e-18,5.24002397028767e-09,-9.93054527498316e-08
29.3333034515381,-7.57142041016032e-19,-3.28792424397761e-08,6.23562641521858e-07
29.3666381835938,-3.44845228082641e-18,-2.775829521795e-08,5.26436281234055e-07
29.3999710083008,4.19463205907579e-18,5.24012744307356e-09,-9.93074138477823e-08
29.4333038330078,-7.57075349579145e-19,-3.28790363823828e-08,6.23558776169375e-07
29.4666366577148,-3.44849901653102e-18,-2.77583485086552e-08,5.26437304415595e-07
29.4999713897705,4.19494059744427e-18,5.24023091585946e-09,-9.9309374945733e-08
29.5333042144775,-7.56788783195684e-19,-3.28788338777031e-08,6.23554910816893e-07
29.5666370391846,-3.44845641672947e-18,-2.77584017993604e-08,5.26438270753715e-07
29.5999698638916,4.1942503152231e-18,5.24033394455614e-09,-9.93113289382563e-08
29.6333045959473,-7.5714121383542e-19,-3.28786278203097e-08,6.23550988620991e-07
29.6666374206543,-3.44862123246652e-18,-2.77584550900656e-08,5.26439293935255e-07
29.6999702453613,4.19576322856346e-18,5.24043741734204e-09,-9.9313290036207e-08
29.7333030700684,-7.57242284966516e-19,-3.287842531563e-08,6.23547123268509e-07
29.766637802124,-3.44953547383854e-18,-2.77585101571276e-08,5.26440317116794e-07
29.7999706268311,4.1940658539465e-18,5.24054044603872e-09,-9.93152511341577e-08
29.8333034515381,-7.56649558358834e-19,-3.28782192582366e-08,6.23543257916026e-07
29.8666362762451,-3.44864149839153e-18,-2.77585634478328e-08,5.26441340298334e-07
29.8999710083008,4.1937362224724e-18,5.24064391882462e-09,-9.93172051266811e-08
29.9333038330078,-7.56887993170402e-19,-3.28780167535569e-08,6.23539392563544e-07
29.9666366577148,-3.44887104101151e-18,-2.7758616738538e-08,5.26442363479873e-07
29.9999694824219,4.19393019632604e-18,5.2407469475213e-09,-9.93191662246318e-08
30.0333042144775,-7.56473885876243e-19,-3.28778106961636e-08,6.23535527211061e-07
30.0666370391846,-3.44853954838103e-18,-2.77586700292431e-08,5.26443386661413e-07
30.0999698638916,4.19501917960247e-18,5.2408504203072e-09,-9.93211273225825e-08
30.1333026885986,-7.57055031955349e-19,-3.28776081914839e-08,6.2353160501516e-07
30.1666374206543,-3.44930572442341e-18,-2.77587233199483e-08,5.26444409842952e-07
30.1999702453613,4.19451170429666e-18,5.24095344900388e-09,-9.93230813151058e-08
30.2333030700684,-7.56785732967175e-19,-3.28774021340905e-08,6.23527739662677e-07
30.2666358947754,-3.44879142487755e-18,-2.77587766106535e-08,5.26445433024492e-07
30.2999706268311,4.19534508876381e-18,5.24105692178978e-09,-9.93250424130565e-08
30.3333034515381,-7.57257277615119e-19,-3.28771960766971e-08,6.23523874310195e-07
30.3666362762451,-3.44899222297125e-18,-2.77588316777155e-08,5.26446399362612e-07
30.3999691009521,4.19445669678593e-18,5.24115995048646e-09,-9.93270035110072e-08
30.4333038330078,-7.56613834496129e-19,-3.28769935720175e-08,6.23520008957712e-07
30.4666366577148,-3.44876785023009e-18,-2.77588849684207e-08,5.26447422544152e-07
30.4999694824219,4.19370892551218e-18,5.24126342327236e-09,-9.93289575035305e-08
30.5333023071289,-7.56503664378294e-19,-3.28767875146241e-08,6.23516143605229e-07
30.5666370391846,-3.44870705245507e-18,-2.77589382591259e-08,5.26448445725691e-07
30.5999698638916,4.19468127632224e-18,5.24136645196904e-09,-9.93309186014812e-08
30.6333026885986,-7.57029647850302e-19,-3.28765850099444e-08,6.23512221409328e-07
30.6666355133057,-3.4489394902072e-18,-2.77589915498311e-08,5.26449468907231e-07
30.6999702453613,4.19353314963201e-18,5.24146992475494e-09,-9.93328725940046e-08
30.7333030700684,-7.56377054045786e-19,-3.2876378952551e-08,6.23508356056846e-07
30.7666358947754,-3.44949370121761e-18,-2.77590448405363e-08,5.2645049208877e-07
30.7999687194824,4.19439796696244e-18,5.24157295345162e-09,-9.93348336919553e-08
30.8333034515381,-7.5679100624358e-19,-3.28761764478713e-08,6.23504490704363e-07
30.8666362762451,-3.44983615399121e-18,-2.77590981312414e-08,5.2645151527031e-07
30.8999691009521,4.19515028772956e-18,5.24167642623752e-09,-9.9336794789906e-08
30.9333019256592,-7.5680217318185e-19,-3.2875970390478e-08,6.2350062535188e-07
30.9666347503662,-3.44902531019575e-18,-2.77591531983035e-08,5.26452538451849e-07
30.9999694824219,4.19543607863119e-18,5.2417794549342e-09,-9.93387487824293e-08
31.0333023071289,-7.56738014985588e-19,-3.28757678857983e-08,6.23496759999398e-07
31.0666351318359,-3.44931110109739e-18,-2.77592064890086e-08,5.2645350478997e-07
31.099967956543,4.19575702470886e-18,5.2418829277201e-09,-9.934070988038e-08
31.1333026885986,-7.56451035011821e-19,-3.28755618284049e-08,6.23492837803497e-07
31.1666355133057,-3.44846923802896e-18,-2.77592597797138e-08,5.26454527971509e-07
31.1999683380127,4.19463040471457e-18,5.24198595641678e-09,-9.93426638729034e-08
31.2333011627197,-7.56271847011626e-19,-3.28753593237252e-08,6.23488972451014e-07
31.2666358947754,-3.4487616463755e-18,-2.7759313070419e-08,5.26455551153049e-07
31.2999687194824,4.19498816032949e-18,5.24208942920268e-09,-9.93446249708541e-08
31.3333015441895,-7.57177816577525e-19,-3.28751532663318e-08,6.23485107098531e-07
31.3666343688965,-3.4499941454882e-18,-2.77593663611242e-08,5.26456574334588e-07
31.3999691009521,4.19520984473366e-18,5.24219245789936e-09,-9.93465860688048e-08
31.4333019256592,-7.56962956413415e-19,-3.28749507616521e-08,6.23481241746049e-07
31.4666347503662,-3.44974640489475e-18,-2.77594196518294e-08,5.26457597516128e-07
31.4999675750732,4.19369444985146e-18,5.24229593068526e-09,-9.93485400613281e-08
31.5333023071289,-7.56517829846284e-19,-3.28747447042588e-08,6.23477376393566e-07
31.5666351318359,-3.44931089430224e-18,-2.77594729425346e-08,5.26458620697667e-07
31.599967956543,4.19453279740228e-18,5.24239895938194e-09,-9.93505011592788e-08
31.63330078125,-7.57076435253699e-19,-3.28745421995791e-08,6.23473454197665e-07
31.6666355133057,-3.44912105635165e-18,-2.77595280095966e-08,5.26459643879207e-07
31.6999683380127,4.1945406556181e-18,5.24250243216784e-09,-9.93524551518021e-08
31.7333011627197,-7.56711907097505e-19,-3.28743361421857e-08,6.23469588845182e-07
31.7666339874268,-3.4489858123215e-18,-2.77595813003018e-08,5.26460667060746e-07
31.7999687194824,4.19300582199151e-18,5.24260546086452e-09,-9.93544162497528e-08
31.8333015441895,-7.56742409382593e-19,-3.28741300847923e-08,6.234657234927e-07
31.8666343688965,-3.44964362770364e-18,-2.77596345910069e-08,5.26461633398867e-07
31.8999671936035,4.19379247075405e-18,5.24270893365042e-09,-9.93563773477035e-08
31.9333019256592,-7.57068215146362e-19,-3.28739275801126e-08,6.23461858140217e-07
31.9666347503662,-3.44965376066614e-18,-2.77596878817121e-08,5.26462656580406e-07
31.9999675750732,4.19408281114906e-18,5.2428119623471e-09,-9.93583313402269e-08
32.0333023071289,-7.5694982492119e-19,-3.28737215227193e-08,6.23457992787735e-07
32.0666351318359,-3.45018253587271e-18,-2.77597411724173e-08,5.26463679761946e-07
32.099967956543,4.19392440606175e-18,5.242915435133e-09,-9.93602924381776e-08
32.13330078125,-7.56868709522372e-19,-3.28735190180396e-08,6.23454127435252e-07
32.166633605957,-3.44906666922638e-18,-2.77597944631225e-08,5.26464702943485e-07
32.1999664306641,4.19361876282541e-18,5.24301846382969e-09,-9.93622464307009e-08
32.2332992553711,-7.56673598295386e-19,-3.28733129606462e-08,6.23450205239351e-07
32.2666358947754,-3.44941305110789e-18,-2.77598495301845e-08,5.26465726125025e-07
32.2999687194824,4.19399388923321e-18,5.24312193661558e-09,-9.93642075286516e-08
32.3333015441895,-7.56589225872905e-19,-3.28731104559665e-08,6.23446339886868e-07
32.3666343688965,-3.45006921212879e-18,-2.77599028208897e-08,5.26466749306564e-07
32.3999671936035,4.19449185196196e-18,5.24322496531227e-09,-9.93661686266023e-08
32.4333000183105,-7.56647697202455e-19,-3.28729043985732e-08,6.23442474534386e-07
32.4666328430176,-3.44969842841922e-18,-2.77599561115949e-08,5.26467772488104e-07
32.4999656677246,4.19479005057279e-18,5.24332843809816e-09,-9.93681226191256e-08
32.5333023071289,-7.56568236164862e-19,-3.28727018938935e-08,6.23438609181903e-07
32.5666351318359,-3.45001937449689e-18,-2.77600094023001e-08,5.26468795669643e-07
32.599967956543,4.193670875204e-18,5.24343146679485e-09,-9.93700837170763e-08
32.63330078125,-7.56516899268095e-19,-3.28724958365001e-08,6.23434743829421e-07
32.666633605957,-3.45055497394352e-18,-2.77600626930052e-08,5.26469762007764e-07
32.6999664306641,4.19408363832967e-18,5.24353493958074e-09,-9.93720377095997e-08
32.7332992553711,-7.56668066525039e-19,-3.28722933318204e-08,6.23430821633519e-07
32.7666320800781,-3.45035727777712e-18,-2.77601159837104e-08,5.26470785189304e-07
32.7999687194824,4.19295577756445e-18,5.24363796827743e-09,-9.93739988075504e-08
32.8333015441895,-7.56699757882258e-19,-3.2872087274427e-08,6.23426956281037e-07
32.8666343688965,-3.45009030523441e-18,-2.77601710507724e-08,5.26471808370843e-07
32.8999671936035,4.19347855571159e-18,5.24374144106332e-09,-9.93759528000737e-08
32.9333000183105,-7.56492497440025e-19,-3.28718847697473e-08,6.23423090928554e-07
32.9666328430176,-3.45025429379085e-18,-2.77602243414776e-08,5.26472831552383e-07
32.9999656677246,4.19515566440354e-18,5.24384446976001e-09,-9.93779138980244e-08
33.0332984924316,-7.5630007455003e-19,-3.2871678712354e-08,6.23419225576072e-07
33.0666351318359,-3.44983243167845e-18,-2.77602776321828e-08,5.26473854733922e-07
33.099967956543,4.1946721773355e-18,5.2439479425459e-09,-9.93798749959751e-08
33.13330078125,-7.57215504994185e-19,-3.28714726549606e-08,6.23415360223589e-07
33.166633605957,-3.45005556364869e-18,-2.7760330922888e-08,5.26474877915462e-07
33.1999664306641,4.19308771287215e-18,5.24405097124259e-09,-9.93818289884985e-08
33.2332992553711,-7.57011501575614e-19,-3.28712701502809e-08,6.23411438027688e-07
33.2666320800781,-3.45037568254574e-18,-2.77603842135932e-08,5.26475901097001e-07
33.2999649047852,4.19366177621727e-18,5.24415399993927e-09,-9.93837900864492e-08
33.3333015441895,-7.56769809740383e-19,-3.28710640928875e-08,6.23407572675205e-07
33.3666343688965,-3.44998173777902e-18,-2.77604375042984e-08,5.26476867435122e-07
33.3999671936035,4.19455306332729e-18,5.24425747272517e-09,-9.93857440789725e-08
33.4333000183105,-7.56908517589351e-19,-3.28708615882078e-08,6.23403707322723e-07
33.4666328430176,-3.44984463259249e-18,-2.77604925713604e-08,5.26477890616661e-07
33.4999656677246,4.19334662040388e-18,5.24436050142185e-09,-9.93877051769232e-08
33.5332984924316,-7.56739824443178e-19,-3.28706555308145e-08,6.2339984197024e-07
33.5666313171387,-3.45041125131208e-18,-2.77605458620656e-08,5.26478913798201e-07
33.599967956543,4.19466183757784e-18,5.24446397420775e-09,-9.93896591694465e-08
33.63330078125,-7.5669696614769e-19,-3.28704530261348e-08,6.23395976617758e-07
33.666633605957,-3.44958717262683e-18,-2.77605991527707e-08,5.2647993697974e-07
33.6999664306641,4.1932485995013e-18,5.24456700290443e-09,-9.93916202673972e-08
33.7332992553711,-7.56526670339081e-19,-3.28702469687414e-08,6.23392054421856e-07
33.7666320800781,-3.45014510595e-18,-2.77606524434759e-08,5.2648096016128e-07
33.7999649047852,4.19316505425943e-18,5.24467047569033e-09,-9.93935742599206e-08
33.8332977294922,-7.56619573061628e-19,-3.28700444640617e-08,6.23388189069374e-07
33.8666343688965,-3.4508109863431e-18,-2.77607057341811e-08,5.26481983342819e-07
33.8999671936035,4.19364109670195e-18,5.24477350438701e-09,-9.93955353578713e-08
33.9333000183105,-7.5671475053086e-19,-3.28698384066684e-08,6.23384323716891e-07
33.9666328430176,-3.45141875729817e-18,-2.77607590248863e-08,5.26483006524359e-07
33.9999656677246,4.19313941166044e-18,5.24487697717291e-09,-9.93974893503946e-08
34.0332984924316,-7.56550451781692e-19,-3.28696359019887e-08,6.23380458364409e-07
34.0666313171387,-3.45052043915294e-18,-2.77608140919483e-08,5.26484029705898e-07
34.0999641418457,4.19346118491872e-18,5.24498000586959e-09,-9.93994504483453e-08
34.13330078125,-7.56562549298151e-19,-3.28694298445953e-08,6.23376593011926e-07
34.166633605957,-3.45010953718366e-18,-2.77608673826535e-08,5.26484996044019e-07
34.1999664306641,4.19304345870938e-18,5.24508303456628e-09,-9.9401411546296e-08
34.2332992553711,-7.56600909799058e-19,-3.28692273399156e-08,6.23372670816025e-07
34.2666320800781,-3.45085337934949e-18,-2.77609206733587e-08,5.26486019225558e-07
34.2999649047852,4.19286478769707e-18,5.24518650735217e-09,-9.94033655388193e-08
34.3332977294922,-7.56769344451289e-19,-3.28690212825222e-08,6.23368805463542e-07
34.3666305541992,-3.45038064562942e-18,-2.77609739640639e-08,5.26487042407098e-07
34.3999671936035,4.1938553364806e-18,5.24528953604886e-09,-9.940532663677e-08
34.4333000183105,-7.56549676299868e-19,-3.28688152251289e-08,6.2336494011106e-07
34.4666328430176,-3.44987565186546e-18,-2.7761027254769e-08,5.26488065588637e-07
34.4999656677246,4.19314726987626e-18,5.24539300883475e-09,-9.94072806292934e-08
34.5332984924316,-7.56334816135757e-19,-3.28686127204492e-08,6.23361074758577e-07
34.5666313171387,-3.45028758781051e-18,-2.77610805454742e-08,5.26489088770177e-07
34.5999641418457,4.19311500983237e-18,5.24549603753144e-09,-9.94092417272441e-08
34.6332969665527,-7.56485259609665e-19,-3.28684066630558e-08,6.23357209406095e-07
34.666633605957,-3.44984049668942e-18,-2.77611338361794e-08,5.26490111951716e-07
34.6999664306641,4.19361007742898e-18,5.24559951031733e-09,-9.94111957197674e-08
34.7332992553711,-7.55902304072968e-19,-3.28682041583761e-08,6.23353287210193e-07
34.7666320800781,-3.45077190205916e-18,-2.77611889032414e-08,5.26491135133256e-07
34.7999649047852,4.19364233747287e-18,5.24570253901402e-09,-9.94131568177181e-08
34.8332977294922,-7.55839903635509e-19,-3.28679981009827e-08,6.23349421857711e-07
34.8666305541992,-3.45061142902032e-18,-2.77612421939466e-08,5.26492101471376e-07
34.8999633789062,4.19318407941352e-18,5.2458055677107e-09,-9.94151108102415e-08
34.9333000183105,-7.56106721081846e-19,-3.2867795596303e-08,6.23345556505228e-07
34.9666328430176,-3.44997904944203e-18,-2.77612954846518e-08,5.26493124652916e-07
34.9999656677246,4.19351784679068e-18,5.2459090404966e-09,-9.94170719081922e-08
35.0332984924316,-7.56488620030904e-19,-3.28675895389097e-08,6.23341691152746e-07
35.0666313171387,-3.44988040815398e-18,-2.7761348775357e-08,5.26494147834455e-07
35.0999641418457,4.19392895555512e-18,5.24601206919328e-09,-9.94190259007155e-08
35.1332969665527,-7.56088057819275e-19,-3.286738703423e-08,6.23337825800263e-07
35.1666297912598,-3.4502245152888e-18,-2.77614020660621e-08,5.26495171015995e-07
35.1999664306641,4.19347731494067e-18,5.24611554197918e-09,-9.94209869986662e-08
35.2332992553711,-7.55883227220091e-19,-3.28671809768366e-08,6.23333903604362e-07
35.2666320800781,-3.45119748648432e-18,-2.77614553567673e-08,5.26496194197534e-07
35.2999649047852,4.19395004866074e-18,5.24621857067586e-09,-9.94229409911895e-08
35.3332977294922,-7.56174498193287e-19,-3.28669784721569e-08,6.23330038251879e-07
35.3666305541992,-3.44995857672186e-18,-2.77615104238293e-08,5.26497217379074e-07
35.3999633789062,4.19356913198866e-18,5.24632204346176e-09,-9.94249020891402e-08
35.4332962036133,-7.56269727361307e-19,-3.28667724147635e-08,6.23326172899397e-07
35.4666328430176,-3.45018998049823e-18,-2.77615637145345e-08,5.26498240560613e-07
35.4999656677246,4.19413947302102e-18,5.24642507215844e-09,-9.94268560816636e-08
35.5332984924316,-7.56510385220771e-19,-3.28665699100839e-08,6.23322307546914e-07
35.5666313171387,-3.4504681199792e-18,-2.77616170052397e-08,5.26499263742153e-07
35.5999641418457,4.19434668176446e-18,5.24652810085513e-09,-9.94288171796143e-08
35.6332969665527,-7.55983419471787e-19,-3.28663638526905e-08,6.23318442194432e-07
35.6666297912598,-3.45096711668372e-18,-2.77616702959449e-08,5.26500230080273e-07
35.6999626159668,4.19385409570968e-18,5.24663157364103e-09,-9.94307711721376e-08
35.7332992553711,-7.55701144087753e-19,-3.28661577952971e-08,6.2331451999853e-07
35.7666320800781,-3.45054256623433e-18,-2.77617235866501e-08,5.26501253261813e-07
35.7999649047852,4.19297769785068e-18,5.24673460233771e-09,-9.94327322700883e-08
35.8332977294922,-7.55873249353953e-19,-3.28659552906174e-08,6.23310654646048e-07
35.8666305541992,-3.4502836587026e-18,-2.77617768773553e-08,5.26502276443352e-07
35.8999633789062,4.19365639954328e-18,5.24683807512361e-09,-9.94346862626116e-08
35.9332962036133,-7.55742709913534e-19,-3.28657492332241e-08,6.23306789293565e-07
35.9666290283203,-3.45119686609886e-18,-2.77618301680604e-08,5.26503299624892e-07
35.9999656677246,4.19248014871223e-18,5.24694110382029e-09,-9.94366473605623e-08
36.0332984924316,-7.55912075143954e-19,-3.28655467285444e-08,6.23302923941083e-07
36.0666313171387,-3.44992548949736e-18,-2.77618852351225e-08,5.26504322806431e-07
36.0999641418457,4.1926029850332e-18,5.24704413251698e-09,-9.94386013530857e-08
36.1332969665527,-7.55390744562893e-19,-3.2865340671151e-08,6.23299001745181e-07
36.1666297912598,-3.4501715757296e-18,-2.77619385258276e-08,5.26505345987971e-07
36.1999626159668,4.19388470139235e-18,5.24714760530287e-09,-9.94405624510364e-08
36.2332954406738,-7.55475272081738e-19,-3.28651381664713e-08,6.23295136392699e-07
36.2666320800781,-3.45082649597959e-18,-2.77619918165328e-08,5.2650636916951e-07
36.2999649047852,4.19389959064338e-18,5.24725063399956e-09,-9.94425164435597e-08
36.3332977294922,-7.55426623521962e-19,-3.28649321090779e-08,6.23291271040216e-07
36.3666305541992,-3.45061887364584e-18,-2.7762045107238e-08,5.26507335507631e-07
36.3999633789062,4.19325232181405e-18,5.24735410678545e-09,-9.94444775415104e-08
36.4332962036133,-7.55591697752955e-19,-3.28647296043982e-08,6.23287405687734e-07
36.4666290283203,-3.45063107455987e-18,-2.77620983979432e-08,5.26508358689171e-07
36.4999618530273,4.1940658539465e-18,5.24745713548214e-09,-9.94464315340338e-08
36.5332984924316,-7.55599142378468e-19,-3.28645235470049e-08,6.23283540335251e-07
36.5666313171387,-3.45007893150099e-18,-2.77621516886484e-08,5.2650938187071e-07
36.5999641418457,4.19344422771616e-18,5.24756016417882e-09,-9.94483926319845e-08
36.6332969665527,-7.5544688944697e-19,-3.28643210423252e-08,6.2327961813935e-07
36.6666297912598,-3.4505471157277e-18,-2.77622067557104e-08,5.2651040505225e-07
36.6999626159668,4.19290449236647e-18,5.24766363696472e-09,-9.94503466245078e-08
36.7332954406738,-7.55407081379991e-19,-3.28641149849318e-08,6.23275752786867e-07
36.7666282653809,-3.45109698403989e-18,-2.77622600464156e-08,5.26511428233789e-07
36.7999649047852,4.1929719075864e-18,5.2477666656614e-09,-9.94523077224585e-08
36.8332977294922,-7.5564789433582e-19,-3.28639089275384e-08,6.23271887434385e-07
36.8666305541992,-3.45112262663888e-18,-2.77623133371208e-08,5.26512451415329e-07
36.8999633789062,4.193156368863e-18,5.2478701384473e-09,-9.94542617149818e-08
36.9332962036133,-7.55529710905802e-19,-3.28637064228587e-08,6.23268022081902e-07
36.9666290283203,-3.45116729439196e-18,-2.77623666278259e-08,5.26513474596868e-07
36.9999618530273,4.19428960630219e-18,5.24797316714398e-09,-9.94562157075052e-08
37.0332946777344,-7.55440788989952e-19,-3.28635003654654e-08,6.23264156729419e-07
37.0666313171387,-3.45049789848125e-18,-2.77624199185311e-08,5.26514497778408e-07
37.0999641418457,4.19401001925515e-18,5.24807619584067e-09,-9.94581768054559e-08
37.1332969665527,-7.55385833178006e-19,-3.28632978607857e-08,6.23260234533518e-07
37.1666297912598,-3.45063769200477e-18,-2.77624732092363e-08,5.26515464116528e-07
37.1999626159668,4.19376227866169e-18,5.24817966862656e-09,-9.94601307979792e-08
37.2332954406738,-7.55463484758009e-19,-3.28630918033923e-08,6.23256369181036e-07
37.2666282653809,-3.45109243454652e-18,-2.77625264999415e-08,5.26516487298068e-07
37.2999610900879,4.1942044066991e-18,5.24828269732325e-09,-9.94620918959299e-08
37.3332977294922,-7.55787170871459e-19,-3.28628892987126e-08,6.23252503828553e-07
37.3666305541992,-3.45129261225476e-18,-2.77625815670035e-08,5.26517510479607e-07
37.3999633789062,4.19272044468018e-18,5.24838572601993e-09,-9.94640458884533e-08
37.4332962036133,-7.55615013906471e-19,-3.28626832413192e-08,6.2324863847607e-07
37.4666290283203,-3.45063996675146e-18,-2.77626348577087e-08,5.26518533661147e-07
37.4999618530273,4.19298100657313e-18,5.24848919880583e-09,-9.9466006986404e-08
37.5332946777344,-7.55473772816878e-19,-3.28624807366396e-08,6.23244773123588e-07
37.5666275024414,-3.45062114839252e-18,-2.77626881484139e-08,5.26519556842686e-07
37.5999641418457,4.19316919016249e-18,5.24859222750251e-09,-9.94679609789273e-08
37.6332969665527,-7.55514563160834e-19,-3.28622746792462e-08,6.23240850927687e-07
37.6666297912598,-3.45027455971586e-18,-2.77627414391191e-08,5.26520580024226e-07
37.6999626159668,4.19329947110897e-18,5.2486952561992e-09,-9.9469922076878e-08
37.7332954406738,-7.55523558749996e-19,-3.28620721745665e-08,6.23236985575204e-07
37.7666282653809,-3.45126614247516e-18,-2.77627947298242e-08,5.26521603205765e-07
37.7999610900879,4.19349220419169e-18,5.24879872898509e-09,-9.94718760694013e-08
37.8332939147949,-7.5547522038295e-19,-3.28618661171731e-08,6.23233120222721e-07
37.8666305541992,-3.45078596412957e-18,-2.77628480205294e-08,5.26522569543886e-07
37.8999633789062,4.19244540712651e-18,5.24890175768178e-09,-9.9473837167352e-08
37.9332962036133,-7.55997119650682e-19,-3.28616600597798e-08,6.23229254870239e-07
37.9666290283203,-3.45154697029312e-18,-2.77629030875914e-08,5.26523592725425e-07
37.9999618530273,4.19322750639568e-18,5.24900523046767e-09,-9.94757911598754e-08
38.0332946777344,-7.55753773454227e-19,-3.28614575551001e-08,6.23225389517756e-07
38.0666275024414,-3.4511697759338e-18,-2.77629563782966e-08,5.26524615906965e-07
38.0999603271484,4.19391572066532e-18,5.24910825916436e-09,-9.94777451523987e-08
38.1332969665527,-7.56443176796002e-19,-3.28612514977067e-08,6.23221467321855e-07
38.1666297912598,-3.45182118066618e-18,-2.77630096690018e-08,5.26525639088504e-07
38.1999626159668,4.19306372463439e-18,5.24921128786104e-09,-9.94797062503494e-08
38.2332954406738,-7.5584016212945e-19,-3.2861048993027e-08,6.23217601969372e-07
38.2666282653809,-3.45146549300278e-18,-2.7763062959707e-08,5.26526662270044e-07
38.2999610900879,4.19299589582416e-18,5.24931476064694e-09,-9.94816602428727e-08
38.3332939147949,-7.559851255318e-19,-3.28608429356336e-08,6.2321373661689e-07
38.366626739502,-3.45224552432042e-18,-2.77631162504122e-08,5.26527685451583e-07
38.3999633789062,4.19193958618193e-18,5.24941778934362e-09,-9.94836213408234e-08
38.4332962036133,-7.5575429044211e-19,-3.28606404309539e-08,6.23209871264407e-07
38.4666290283203,-3.45167456290261e-18,-2.77631695411173e-08,5.26528708633123e-07
38.4999618530273,4.1932093084222e-18,5.24952081804031e-09,-9.94855753333468e-08
38.5332946777344,-7.55960878800095e-19,-3.28604343735606e-08,6.23206005911925e-07
38.5666275024414,-3.45199778372696e-18,-2.77632228318225e-08,5.26529674971243e-07
38.5999603271484,4.19217285111467e-18,5.2496242908262e-09,-9.94875364312975e-08
38.6332931518555,-7.55979076773571e-19,-3.28602318688809e-08,6.23202083716023e-07
38.6666297912598,-3.45235781408857e-18,-2.77632778988846e-08,5.26530698152783e-07
38.6999626159668,4.19139240620673e-18,5.24972731952289e-09,-9.94894904238208e-08
38.7332954406738,-7.5622262976518e-19,-3.28600258114875e-08,6.23198218363541e-07
38.7666282653809,-3.45151739858622e-18,-2.77633311895897e-08,5.26531721334322e-07
38.7999610900879,4.19280812582511e-18,5.24983034821958e-09,-9.94914444163442e-08
38.8332939147949,-7.55720789627301e-19,-3.28598233068078e-08,6.23194353011058e-07
38.866626739502,-3.45173494708732e-18,-2.77633844802949e-08,5.26532744515862e-07
38.899959564209,4.19197763649011e-18,5.24993382100547e-09,-9.94934055142949e-08
38.9332962036133,-7.56021469779964e-19,-3.28596172494144e-08,6.23190487658576e-07
38.9666290283203,-3.45175769455417e-18,-2.77634377710001e-08,5.26533767697401e-07
38.9999618530273,4.19179565675535e-18,5.25003684970216e-09,-9.94953595068182e-08
39.0332946777344,-7.56152267714324e-19,-3.28594111920211e-08,6.23186565462674e-07
39.0666275024414,-3.45245252626871e-18,-2.77634910617053e-08,5.26534790878941e-07
39.0999603271484,4.19196316082939e-18,5.25013987839884e-09,-9.94973206047689e-08
39.1332931518555,-7.5643237174925e-19,-3.28592086873414e-08,6.23182700110192e-07
39.1666259765625,-3.45247899604831e-18,-2.77635443524105e-08,5.2653581406048e-07
39.1999626159668,4.19103630495302e-18,5.25024335118474e-09,-9.94992745972922e-08
39.2332954406738,-7.560526441493e-19,-3.2859002629948e-08,6.23178834757709e-07
39.2666282653809,-3.45274927731347e-18,-2.77635976431156e-08,5.2653683724202e-07
39.2999610900879,4.1923395280081e-18,5.25034637988142e-09,-9.95012285898156e-08
39.3332939147949,-7.5633383385878e-19,-3.28588001252683e-08,6.23174969405227e-07
39.366626739502,-3.45282827306196e-18,-2.77636527101777e-08,5.2653780358014e-07
39.399959564209,4.19148546402564e-18,5.25044940857811e-09,-9.95031896877663e-08
39.433292388916,-7.56586589234703e-19,-3.28585940678749e-08,6.23171104052744e-07
39.4666290283203,-3.45224676509134e-18,-2.77637060008828e-08,5.2653882676168e-07
39.4999618530273,4.19239122679638e-18,5.250552881364e-09,-9.95051436802896e-08
39.5332946777344,-7.56494927283074e-19,-3.28583915631953e-08,6.23167181856843e-07
39.5666275024414,-3.45283427012141e-18,-2.7763759291588e-08,5.26539849943219e-07
39.5999603271484,4.19144534576593e-18,5.25065591006069e-09,-9.95071047782403e-08
39.6332931518555,-7.56157592689518e-19,-3.28581855058019e-08,6.2316331650436e-07
39.6666259765625,-3.45218700129208e-18,-2.77638125822932e-08,5.26540873124759e-07
39.6999588012695,4.19161243624967e-18,5.25075893875737e-09,-9.95090587707637e-08
39.7332954406738,-7.56027053249099e-19,-3.28579830011222e-08,6.23159451151878e-07
39.7666282653809,-3.45192044233969e-18,-2.77638658729984e-08,5.26541896306298e-07
39.7999610900879,4.19247849435101e-18,5.25086241154327e-09,-9.9511012763287e-08
39.8332939147949,-7.56165916194431e-19,-3.28577769437288e-08,6.23155585799395e-07
39.866626739502,-3.45285619040764e-18,-2.77639191637036e-08,5.26542919487838e-07
39.899959564209,4.19135146076641e-18,5.25096544023995e-09,-9.95129738612377e-08
39.933292388916,-7.56434284604417e-19,-3.28575708863355e-08,6.23151720446913e-07
39.966625213623,-3.45260183236928e-18,-2.77639742307656e-08,5.26543942669377e-07
39.9999618530273,4.19076664407333e-18,5.25106846893664e-09,-9.9514927853761e-08
40.0332946777344,-7.55872473872128e-19,-3.28573683816558e-08,6.23147798251011e-07
40.0666275024414,-3.45346892444639e-18,-2.77640275214708e-08,5.26544909007498e-07
40.0999603271484,4.19082992339019e-18,5.25117194172253e-09,-9.95168889517117e-08
40.1332931518555,-7.55979748857819e-19,-3.28571623242624e-08,6.23143932898529e-07
40.1666259765625,-3.45281524496732e-18,-2.7764080812176e-08,5.26545932189038e-07
40.1999588012695,4.19199252574113e-18,5.25127497041922e-09,-9.95188429442351e-08
40.2332916259766,-7.56372452853628e-19,-3.28569598195827e-08,6.23140067546046e-07
40.2666282653809,-3.4526167216203e-18,-2.77641341028811e-08,5.26546955370577e-07
40.2999610900879,4.19153426768178e-18,5.2513779991159e-09,-9.95207969367584e-08
40.3332939147949,-7.5644622702451e-19,-3.28567537621893e-08,6.23136202193564e-07
40.366626739502,-3.45407090513717e-18,-2.77641873935863e-08,5.26547978552117e-07
40.399959564209,4.19014336348177e-18,5.2514814719018e-09,-9.95227580347091e-08
40.433292388916,-7.56684765233655e-19,-3.28565512575096e-08,6.23132336841081e-07
40.466625213623,-3.45443445101639e-18,-2.77642406842915e-08,5.26549001733656e-07
40.4999580383301,4.19018554969301e-18,5.25158450059848e-09,-9.95247120272325e-08
40.5332946777344,-7.56824868949906e-19,-3.28563452001163e-08,6.2312841464518e-07
40.5666275024414,-3.45313081437101e-18,-2.77642939749967e-08,5.26550024915196e-07
40.5999603271484,4.18992250625822e-18,5.25168752929517e-09,-9.95266660197558e-08
40.6332931518555,-7.56774514330117e-19,-3.28561426954366e-08,6.23124549292697e-07
40.6666259765625,-3.45423137817601e-18,-2.77643490420587e-08,5.26551048096735e-07
40.6999588012695,4.19143624677919e-18,5.25179055799185e-09,-9.95286271177065e-08
40.7332916259766,-7.5680879062675e-19,-3.28559366380432e-08,6.23120683940215e-07
40.7666244506836,-3.45392821648151e-18,-2.77644023327639e-08,5.26552014434856e-07
40.7999610900879,4.18996262451793e-18,5.25189403077775e-09,-9.95305811102298e-08
40.8332939147949,-7.56502992294047e-19,-3.28557341333635e-08,6.23116818587732e-07
40.866626739502,-3.45402251507134e-18,-2.77644556234691e-08,5.26553037616395e-07
40.899959564209,4.1915814169767e-18,5.25199705947443e-09,-9.95325422081805e-08
40.933292388916,-7.56653642563108e-19,-3.28555280759701e-08,6.23112896391831e-07
40.966625213623,-3.45330079998689e-18,-2.77645089141743e-08,5.26554060797935e-07
40.9999580383301,4.19042915438341e-18,5.25210008817112e-09,-9.95344962007039e-08
41.0332908630371,-7.56665584983202e-19,-3.28553220185768e-08,6.23109031039348e-07
41.0666275024414,-3.45390091952129e-18,-2.77645622048794e-08,5.26555083979474e-07
41.0999603271484,4.19008876956134e-18,5.25220356095701e-09,-9.95364501932272e-08
41.1332931518555,-7.56238139401665e-19,-3.28551195138971e-08,6.23105165686866e-07
41.1666259765625,-3.45322490616568e-18,-2.77646154955846e-08,5.26556107161014e-07
41.1999588012695,4.19120959929135e-18,5.2523065896537e-09,-9.95384112911779e-08
41.2332916259766,-7.56523568411784e-19,-3.28549134565037e-08,6.23101300334383e-07
41.2666244506836,-3.45366269150488e-18,-2.77646687862898e-08,5.26557130342553e-07
41.2999572753906,4.19030714524306e-18,5.25240961835038e-09,-9.95403652837012e-08
41.3332901000977,-7.56792195315711e-19,-3.2854710951824e-08,6.23097434981901e-07
41.366626739502,-3.45355474443494e-18,-2.77647238533518e-08,5.26558153524093e-07
41.399959564209,4.18997461863681e-18,5.25251264704707e-09,-9.95423192762246e-08
41.433292388916,-7.56565651225448e-19,-3.28545048944306e-08,6.23093512785999e-07
41.466625213623,-3.45343170131882e-18,-2.7764777144057e-08,5.26559119862213e-07
41.4999580383301,4.19064008543961e-18,5.25261611983296e-09,-9.95442803741753e-08
41.5332908630371,-7.56419602148544e-19,-3.2854302389751e-08,6.23089647433517e-07
41.5666236877441,-3.45343604401704e-18,-2.77648304347622e-08,5.26560143043753e-07
41.5999565124512,4.19025586004508e-18,5.25271914852965e-09,-9.95462343666986e-08
41.6332931518555,-7.56347534037675e-19,-3.28540963323576e-08,6.23085782081034e-07
41.6666259765625,-3.45389947195522e-18,-2.77648837254674e-08,5.26561166225292e-07
41.6999588012695,4.18941461736211e-18,5.25282217722634e-09,-9.9548188359222e-08
41.7332916259766,-7.56351669940738e-19,-3.28538938276779e-08,6.23081916728552e-07
41.7666244506836,-3.45339199664942e-18,-2.77649370161726e-08,5.26562189406832e-07
41.7999572753906,4.1902438659262e-18,5.25292565001223e-09,-9.95501494571727e-08
41.8332901000977,-7.56450001036055e-19,-3.28536877702845e-08,6.23078051376069e-07
41.8666229248047,-3.4540367839369e-18,-2.77649903068777e-08,5.26563212588371e-07
41.899959564209,4.1910412680367e-18,5.25302867870892e-09,-9.9552103449696e-08
41.933292388916,-7.56308346356155e-19,-3.28534817128912e-08,6.23074129180168e-07
41.966625213623,-3.45345114006322e-18,-2.77650435975829e-08,5.26564235769911e-07
41.9999580383301,4.19068061728962e-18,5.2531317074056e-09,-9.95540574422193e-08
42.0332908630371,-7.56053471329912e-19,-3.28532792082115e-08,6.23070263827685e-07
42.0666236877441,-3.45337483265171e-18,-2.77650986646449e-08,5.2656525895145e-07
42.0999565124512,4.19044363004413e-18,5.25323473610229e-09,-9.955601854017e-08
42.1332893371582,-7.5629795489971e-19,-3.28530731508181e-08,6.23066398475203e-07
42.1666259765625,-3.45347223316884e-18,-2.77651519553501e-08,5.26566225289571e-07
42.1999588012695,4.19118519746328e-18,5.25333820888818e-09,-9.95579725326934e-08
42.2332916259766,-7.56272312300721e-19,-3.28528706461384e-08,6.2306253312272e-07
42.2666244506836,-3.45407855655784e-18,-2.77652052460553e-08,5.2656724847111e-07
42.2999572753906,4.19056977508754e-18,5.25344123758487e-09,-9.95599265252167e-08
42.3332901000977,-7.56414018679409e-19,-3.2852664588745e-08,6.23058610926819e-07
42.3666229248047,-3.45410295838591e-18,-2.77652585367605e-08,5.2656827165265e-07
42.3999557495117,4.18977526810919e-18,5.25354426628155e-09,-9.95618876231674e-08
42.433292388916,-7.56222578066391e-19,-3.28524620840653e-08,6.23054745574336e-07
42.466625213623,-3.45340854026167e-18,-2.77653118274657e-08,5.26569294834189e-07
42.4999580383301,4.1898617084832e-18,5.25364729497824e-09,-9.95638416156908e-08
42.5332908630371,-7.56178789192714e-19,-3.2852256026672e-08,6.23050880221854e-07
42.5666236877441,-3.45399956080934e-18,-2.77653651181708e-08,5.26570318015729e-07
42.5999565124512,4.19197143263551e-18,5.25375076776413e-09,-9.95657956082141e-08
42.6332893371582,-7.56032946910964e-19,-3.28520535219923e-08,6.23047014869371e-07
42.6666221618652,-3.45387672448838e-18,-2.7765418408876e-08,5.26571341197268e-07
42.6999588012695,4.19059004101255e-18,5.25385379646082e-09,-9.95677567061648e-08
42.7332916259766,-7.55899615735978e-19,-3.28518474645989e-08,6.23043149516889e-07
42.7666244506836,-3.45377456768273e-18,-2.77654734759381e-08,5.26572364378808e-07
42.7999572753906,4.19116286358674e-18,5.2539568251575e-09,-9.95697106986881e-08
42.8332901000977,-7.55730508999499e-19,-3.28516414072055e-08,6.23039227320987e-07
42.8666229248047,-3.45367737396075e-18,-2.77655267666432e-08,5.26573330716928e-07
42.8999557495117,4.1909358025086e-18,5.2540602979434e-09,-9.95716646912115e-08
42.9332885742188,-7.55725390819459e-19,-3.28514389025258e-08,6.23035361968505e-07
42.966625213623,-3.45297385684977e-18,-2.77655800573484e-08,5.26574353898468e-07
42.9999580383301,4.19046513674005e-18,5.25416332664008e-09,-9.95736257891622e-08
43.0332908630371,-7.55618426026498e-19,-3.28512328451325e-08,6.23031496616022e-07
43.0666236877441,-3.4532160139741e-18,-2.77656333480536e-08,5.26575377080007e-07
43.0999565124512,4.19193420950795e-18,5.25426635533677e-09,-9.95755797816855e-08
43.1332893371582,-7.55192996697704e-19,-3.28510303404528e-08,6.2302763126354e-07
43.1666221618652,-3.45339923447978e-18,-2.77656866387588e-08,5.26576400261547e-07
43.1999549865723,4.19131341045823e-18,5.25436938403345e-09,-9.95775337742089e-08
43.2332916259766,-7.55679792488192e-19,-3.28508242830594e-08,6.23023709067638e-07
43.2666244506836,-3.45273997153157e-18,-2.7765739929464e-08,5.26577423443086e-07
43.2999572753906,4.19135683744039e-18,5.25447285681935e-09,-9.95794948721596e-08
43.3332901000977,-7.55117826659538e-19,-3.28506217783797e-08,6.23019843715156e-07
43.3666229248047,-3.4533148620573e-18,-2.77657932201691e-08,5.26578446624626e-07
43.3999557495117,4.19235607162035e-18,5.25457588551603e-09,-9.95814488646829e-08
43.4332885742188,-7.54779251295063e-19,-3.28504157209863e-08,6.23015978362673e-07
43.4666213989258,-3.4530085984355e-18,-2.77658482872312e-08,5.26579469806165e-07
43.4999580383301,4.19191683871509e-18,5.25467891421272e-09,-9.95834028572062e-08
43.5332908630371,-7.54839066793108e-19,-3.28502132163067e-08,6.23012113010191e-07
43.5666236877441,-3.45325199633074e-18,-2.77659015779363e-08,5.26580436144286e-07
43.5999565124512,4.1919706054549e-18,5.2547819429094e-09,-9.95853639551569e-08
43.6332893371582,-7.55274732481982e-19,-3.28500071589133e-08,6.23008247657708e-07
43.6666221618652,-3.45356880650535e-18,-2.77659548686415e-08,5.26581459325826e-07
43.6999549865723,4.19194206772377e-18,5.25488497160609e-09,-9.95873179476803e-08
43.7332878112793,-7.54812286820777e-19,-3.28498011015199e-08,6.23004325461807e-07
43.7666244506836,-3.4530148022901e-18,-2.77660081593467e-08,5.26582482507365e-07
43.7999572753906,4.19186431274619e-18,5.25498844439198e-09,-9.95892719402036e-08
43.8332901000977,-7.55348196460134e-19,-3.28495985968402e-08,6.23000460109324e-07
43.8666229248047,-3.45337690060324e-18,-2.77660614500519e-08,5.26583505688905e-07
43.8999557495117,4.19080304002028e-18,5.25509147308867e-09,-9.9591225932727e-08
43.9332885742188,-7.54692035439227e-19,-3.28493925394469e-08,6.22996594756842e-07
43.9666213989258,-3.45301687024163e-18,-2.77661147407571e-08,5.26584528870444e-07
43.9999542236328,4.19167695633745e-18,5.25519450178535e-09,-9.95931870306777e-08
44.0332908630371,-7.55013756998722e-19,-3.28491900347672e-08,6.22992729404359e-07
44.0666236877441,-3.4533082446124e-18,-2.77661680314623e-08,5.26585552051984e-07
44.0999565124512,4.19211412129118e-18,5.25529753048204e-09,-9.9595141023201e-08
44.1332893371582,-7.54956423042514e-19,-3.28489839773738e-08,6.22988864051877e-07
44.1666221618652,-3.45281028188364e-18,-2.77662213221674e-08,5.26586575233523e-07
44.1999549865723,4.19118230233114e-18,5.25540100326793e-09,-9.95970950157243e-08
44.2332878112793,-7.54693121113781e-19,-3.28487814726941e-08,6.22984941855975e-07
44.2666206359863,-3.45375864445593e-18,-2.77662763892295e-08,5.26587541571644e-07
44.2999572753906,4.1911926420888e-18,5.25550403196462e-09,-9.9599056113675e-08
44.3332901000977,-7.5513886806637e-19,-3.28485754153007e-08,6.22981076503493e-07
44.3666229248047,-3.45375492214318e-18,-2.77663296799346e-08,5.26588564753183e-07
44.3999557495117,4.19107187371936e-18,5.2556070606613e-09,-9.96010101061984e-08
44.4332885742188,-7.55008742216258e-19,-3.2848372910621e-08,6.2297721115101e-07
44.4666213989258,-3.4535491609658e-18,-2.77663829706398e-08,5.26589587934723e-07
44.4999542236328,4.19163890602927e-18,5.25571008935799e-09,-9.96029640987217e-08
44.5332870483398,-7.55314230356232e-19,-3.28481668532277e-08,6.22973345798528e-07
44.5666236877441,-3.45382213056795e-18,-2.7766436261345e-08,5.26590611116262e-07
44.5999565124512,4.1916868825048e-18,5.25581356214389e-09,-9.96049180912451e-08
44.6332893371582,-7.54920699179809e-19,-3.28479607958343e-08,6.22969423602626e-07
44.6666221618652,-3.45361099271659e-18,-2.77664895520502e-08,5.26591634297802e-07
44.6999549865723,4.19139116543581e-18,5.25591659084057e-09,-9.96068791891958e-08
44.7332878112793,-7.55537620820409e-19,-3.28477582911546e-08,6.22965558250144e-07
44.7666206359863,-3.45455976887919e-18,-2.77665428427554e-08,5.26592657479341e-07
44.7999534606934,4.19193999977224e-18,5.25601961953726e-09,-9.96088331817191e-08
44.8332901000977,-7.55238233137453e-19,-3.28475522337612e-08,6.22961692897661e-07
44.8666229248047,-3.45352641349896e-18,-2.77665961334606e-08,5.26593680660881e-07
44.8999557495117,4.19076292176057e-18,5.25612264823394e-09,-9.96107871742424e-08
44.9332885742188,-7.55326121077537e-19,-3.28473497290815e-08,6.22957827545179e-07
44.9666213989258,-3.45396275127208e-18,-2.77666512005226e-08,5.26594646999001e-07
44.9999542236328,4.19126088448933e-18,5.25622567693063e-09,-9.96127411667658e-08
45.0332870483398,-7.55254156364245e-19,-3.28471436716882e-08,6.22953962192696e-07
45.0666198730469,-3.45408951670095e-18,-2.77667044912278e-08,5.26595670180541e-07
45.0999565124512,4.19082289235498e-18,5.25632914971652e-09,-9.96147022647165e-08
45.1332893371582,-7.5522598052463e-19,-3.28469411670085e-08,6.22950039996795e-07
45.1666221618652,-3.45370591169188e-18,-2.77667577819329e-08,5.2659669336208e-07
45.1999549865723,4.19098915565811e-18,5.25643217841321e-09,-9.96166562572398e-08
45.2332878112793,-7.55006932758668e-19,-3.28467351096151e-08,6.22946174644312e-07
45.2666206359863,-3.45386555755011e-18,-2.77668110726381e-08,5.2659771654362e-07
45.2999534606934,4.19083116416111e-18,5.25653520710989e-09,-9.96186102497632e-08
45.3332862854004,-7.5480194706312e-19,-3.28465326049354e-08,6.2294230929183e-07
45.3666229248047,-3.45346230700149e-18,-2.77668643633433e-08,5.26598739725159e-07
45.3999557495117,4.19058052843551e-18,5.25663823580658e-09,-9.96205642422865e-08
45.4332885742188,-7.55158720401072e-19,-3.2846326547542e-08,6.22938443939347e-07
45.4666213989258,-3.45368523217657e-18,-2.77669176540485e-08,5.26599762906699e-07
45.4999542236328,4.19144906807869e-18,5.25674126450326e-09,-9.96225253402372e-08
45.5332870483398,-7.54742907046899e-19,-3.28461204901487e-08,6.22934521743446e-07
45.5666198730469,-3.45387217499501e-18,-2.77669709447537e-08,5.26600786088238e-07
45.5999526977539,4.19138827030366e-18,5.25684473728916e-09,-9.96244793327605e-08
45.6332893371582,-7.55090478000536e-19,-3.2845917985469e-08,6.22930656390963e-07
45.6666221618652,-3.45452812922076e-18,-2.77670260118157e-08,5.26601752426359e-07
45.6999549865723,4.19036049839257e-18,5.25694776598584e-09,-9.96264333252839e-08
45.7332878112793,-7.54845167250126e-19,-3.28457119280756e-08,6.22926791038481e-07
45.7666206359863,-3.45382502570009e-18,-2.77670793025209e-08,5.26602775607898e-07
45.7999534606934,4.19069922885341e-18,5.25705079468253e-09,-9.96283873178072e-08
45.8332862854004,-7.54879908835853e-19,-3.28455094233959e-08,6.22922925685998e-07
45.8666191101074,-3.45458375711696e-18,-2.77671325932261e-08,5.26603798789438e-07
45.8999557495117,4.19029225599203e-18,5.25715382337921e-09,-9.96303484157579e-08
45.9332885742188,-7.55145175318541e-19,-3.28453033660026e-08,6.22919060333516e-07
45.9666213989258,-3.45433105343982e-18,-2.77671858839312e-08,5.26604821970977e-07
45.9999542236328,4.1906855803733e-18,5.2572568520759e-09,-9.96323024082812e-08
46.0332870483398,-7.55137834090605e-19,-3.28451008613229e-08,6.22915138137614e-07
46.0666198730469,-3.45497418636608e-18,-2.77672391746364e-08,5.26605845152517e-07
46.0999526977539,4.1902703357058e-18,5.25736032486179e-09,-9.96342564008046e-08
46.1332855224609,-7.55333358907897e-19,-3.28448948039295e-08,6.22911272785132e-07
46.1666221618652,-3.45465716939632e-18,-2.77672924653416e-08,5.26606868334056e-07
46.1999549865723,4.19122076622962e-18,5.25746335355848e-09,-9.96362103933279e-08
46.2332878112793,-7.55298100334287e-19,-3.28446922992498e-08,6.22907407432649e-07
46.2666206359863,-3.45465075874657e-18,-2.77673457560468e-08,5.26607834672177e-07
46.2999534606934,4.18987618414392e-18,5.25756638225516e-09,-9.96381714912786e-08
46.3332862854004,-7.55370530336673e-19,-3.28444862418564e-08,6.22903542080167e-07
46.3666191101074,-3.45498493971404e-18,-2.7767399046752e-08,5.26608857853716e-07
46.3999519348145,4.18962099892494e-18,5.25766941095185e-09,-9.9640125483802e-08
46.4332885742188,-7.55155721871351e-19,-3.28442801844631e-08,6.22899619884265e-07
46.4666213989258,-3.45387320897077e-18,-2.7767454113814e-08,5.26609881035256e-07
46.4999542236328,4.19099577310301e-18,5.25777243964853e-09,-9.96420794763253e-08
46.5332870483398,-7.55598728788161e-19,-3.28440776797834e-08,6.22895754531783e-07
46.5666198730469,-3.45477979892213e-18,-2.77675074045192e-08,5.26610904216795e-07
46.5999526977539,4.19007470749093e-18,5.25787546834522e-09,-9.96440334688486e-08
46.6332855224609,-7.55359621892345e-19,-3.284387162239e-08,6.228918891793e-07
46.666618347168,-3.45578399618577e-18,-2.77675606952243e-08,5.26611927398335e-07
46.6999549865723,4.18862424628682e-18,5.25797894113111e-09,-9.96459945667993e-08
46.7332878112793,-7.55327206752091e-19,-3.28436691177103e-08,6.22888023826818e-07
46.7666206359863,-3.45545705304866e-18,-2.77676139859295e-08,5.26612950579874e-07
46.7999534606934,4.18970206262497e-18,5.2580819698278e-09,-9.96479485593227e-08
46.8332862854004,-7.56000841963439e-19,-3.28434630603169e-08,6.22884158474335e-07
46.8666191101074,-3.45468818866929e-18,-2.77676672766347e-08,5.26613973761414e-07
46.8999519348145,4.18933934392637e-18,5.25818499852448e-09,-9.9649902551846e-08
46.9332847595215,-7.55198373371686e-19,-3.28432605556372e-08,6.22880236278434e-07
46.9666213989258,-3.45526597432716e-18,-2.77677205673399e-08,5.26614940099535e-07
46.9999542236328,4.19012475191799e-18,5.25828802722117e-09,-9.96518565443694e-08
47.0332870483398,-7.55688115993105e-19,-3.28430544982439e-08,6.22876370925951e-07
47.0666198730469,-3.45453970974934e-18,-2.77677738580451e-08,5.26615963281074e-07
47.0999526977539,4.18947252000499e-18,5.25839105591785e-09,-9.96538105368927e-08
47.1332855224609,-7.55338270292784e-19,-3.28428519935642e-08,6.22872505573469e-07
47.166618347168,-3.45492331475841e-18,-2.77678289251071e-08,5.26616986462614e-07
47.199951171875,4.18881573859862e-18,5.25849452870375e-09,-9.96557716348434e-08
47.2332878112793,-7.55463122866491e-19,-3.28426459361708e-08,6.22868640220986e-07
47.2666206359863,-3.45512638759879e-18,-2.77678822158123e-08,5.26618009644153e-07
47.2999534606934,4.19015577119096e-18,5.25859755740044e-09,-9.96577256273667e-08
47.3332862854004,-7.55389400394397e-19,-3.28424398787774e-08,6.22864718025085e-07
47.3666191101074,-3.45501120269849e-18,-2.77679355065175e-08,5.26619032825693e-07
47.3999519348145,4.18935009727433e-18,5.25870058609712e-09,-9.96596796198901e-08
47.4332847595215,-7.55322967451452e-19,-3.28422373740977e-08,6.22860852672602e-07
47.4666175842285,-3.45503684529748e-18,-2.77679887972226e-08,5.26620056007232e-07
47.4999542236328,4.18930791106309e-18,5.25880361479381e-09,-9.96616336124134e-08
47.5332870483398,-7.55604002064566e-19,-3.28420313167044e-08,6.2285698732012e-07
47.5666198730469,-3.45536854472311e-18,-2.77680420879278e-08,5.26621079188772e-07
47.5999526977539,4.19032203449408e-18,5.25890664349049e-09,-9.96635876049368e-08
47.6332855224609,-7.55285020540851e-19,-3.28418288120247e-08,6.22853121967637e-07
47.666618347168,-3.45526556073685e-18,-2.7768095378633e-08,5.26622045526892e-07
47.699951171875,4.18927813256104e-18,5.25900967218718e-09,-9.96655487028875e-08
47.733283996582,-7.55390434370163e-19,-3.28416227546313e-08,6.22849199771736e-07
47.7666206359863,-3.456030082418e-18,-2.77681486693382e-08,5.26623068708432e-07
47.7999534606934,4.18893030311346e-18,5.25911270088386e-09,-9.96675026954108e-08
47.8332862854004,-7.55718980169711e-19,-3.28414202499516e-08,6.22845334419253e-07
47.8666191101074,-3.45564461625255e-18,-2.77682019600434e-08,5.26624091889971e-07
47.8999519348145,4.18917721652631e-18,5.25921617366976e-09,-9.96694566879341e-08
47.9332847595215,-7.55681498548205e-19,-3.28412141925583e-08,6.22841469066771e-07
47.9666175842285,-3.45646766096204e-18,-2.77682570271054e-08,5.26625115071511e-07
47.9999504089355,4.18945059971876e-18,5.25931920236644e-09,-9.96714106804575e-08
48.0332870483398,-7.55253174087267e-19,-3.28410081351649e-08,6.22837603714288e-07
48.0666198730469,-3.45519049409626e-18,-2.77683103178106e-08,5.2662613825305e-07
48.0999526977539,4.18843482192654e-18,5.25942223106313e-09,-9.96733646729808e-08
48.1332855224609,-7.55604725847602e-19,-3.28408056304852e-08,6.22833738361805e-07
48.166618347168,-3.4559246168899e-18,-2.77683636085158e-08,5.2662716143459e-07
48.199951171875,4.18912014106404e-18,5.25952525975981e-09,-9.96753257709315e-08
48.233283996582,-7.55929135744088e-19,-3.28405995730918e-08,6.22829816165904e-07
48.2666168212891,-3.4561549866905e-18,-2.77684168992209e-08,5.26628184616129e-07
48.2999534606934,4.18906554714362e-18,5.2596282884565e-09,-9.96772797634549e-08
48.3332862854004,-7.55831993720901e-19,-3.28403970684121e-08,6.22825950813422e-07
48.3666191101074,-3.45681859233692e-18,-2.77684701899261e-08,5.2662915095425e-07
48.3999519348145,4.18921940273755e-18,5.25973131715318e-09,-9.96792337559782e-08
48.4332847595215,-7.55556542576921e-19,-3.28401910110188e-08,6.22822085460939e-07
48.4666175842285,-3.45492786425178e-18,-2.77685234806313e-08,5.26630174135789e-07
48.4999504089355,4.18917266703294e-18,5.25983434584987e-09,-9.96811877485015e-08
48.5332832336426,-7.55650530974023e-19,-3.28399885063391e-08,6.22818220108456e-07
48.5666198730469,-3.45541796876471e-18,-2.77685767713365e-08,5.26631197317329e-07
48.5999526977539,4.18894147005173e-18,5.25993781863576e-09,-9.96831417410249e-08
48.6332855224609,-7.5530823329679e-19,-3.28397824489457e-08,6.22814297912555e-07
48.666618347168,-3.4566064205098e-18,-2.77686300620417e-08,5.26632220498868e-07
48.699951171875,4.18869910613225e-18,5.26004084733245e-09,-9.96850957335482e-08
48.733283996582,-7.55326069378749e-19,-3.2839579944266e-08,6.22810432560073e-07
48.7666168212891,-3.45513362542915e-18,-2.77686851291037e-08,5.26633243680408e-07
48.7999496459961,4.18905603456657e-18,5.26014387602913e-09,-9.96870568314989e-08
48.8332862854004,-7.5505749417361e-19,-3.28393738868726e-08,6.2280656720759e-07
48.8666191101074,-3.45571182467732e-18,-2.77687384198089e-08,5.26634266861947e-07
48.8999519348145,4.18893071670377e-18,5.26024690472582e-09,-9.96890108240223e-08
48.9332847595215,-7.55139229957888e-19,-3.28391678294793e-08,6.22802701855107e-07
48.9666175842285,-3.45513548658553e-18,-2.77687917105141e-08,5.26635233200068e-07
48.9999504089355,4.18969751313161e-18,5.2603499334225e-09,-9.96909648165456e-08
49.0332832336426,-7.55460693023442e-19,-3.28389653247996e-08,6.22798836502625e-07
49.0666160583496,-3.45562497071301e-18,-2.77688450012192e-08,5.26636256381607e-07
49.0999526977539,4.18897497086654e-18,5.26045296211919e-09,-9.96929188090689e-08
49.1332855224609,-7.55260256821262e-19,-3.28387592674062e-08,6.22794914306724e-07
49.166618347168,-3.45564606381863e-18,-2.77688982919244e-08,5.26637279563147e-07
49.199951171875,4.19048250753292e-18,5.26055599081587e-09,-9.96948728015923e-08
49.233283996582,-7.55399119766595e-19,-3.28385567627265e-08,6.22791048954241e-07
49.2666168212891,-3.45606461720858e-18,-2.77689515826296e-08,5.26638302744686e-07
49.2999496459961,4.18848238481177e-18,5.26065901951256e-09,-9.96968267941156e-08
49.3332824707031,-7.55657303515288e-19,-3.28383507053331e-08,6.22787183601758e-07
49.3666191101074,-3.45645980274623e-18,-2.77690048733348e-08,5.26639325926226e-07
49.3999519348145,4.18852002152964e-18,5.26076249229845e-09,-9.96987878920663e-08
49.4332847595215,-7.5591853749249e-19,-3.28381482006534e-08,6.22783318249276e-07
49.4666175842285,-3.45598189914732e-18,-2.77690599403968e-08,5.26640349107765e-07
49.4999504089355,4.18907960921403e-18,5.26086552099514e-09,-9.97007418845897e-08
49.5332832336426,-7.5522959943981e-19,-3.28379421432601e-08,6.22779396053375e-07
49.5666160583496,-3.45634234309924e-18,-2.7769113231102e-08,5.26641372289305e-07
49.5999488830566,4.18886578302568e-18,5.26096854969182e-09,-9.9702695877113e-08
49.6332855224609,-7.55537310627679e-19,-3.28377360858667e-08,6.22775530700892e-07
49.666618347168,-3.45565019972169e-18,-2.77691665218072e-08,5.26642338627425e-07
49.699951171875,4.18913627108599e-18,5.26107157838851e-09,-9.97046498696363e-08
49.733283996582,-7.55386091671947e-19,-3.2837533581187e-08,6.22771665348409e-07
49.7666168212891,-3.45616387888208e-18,-2.77692198125123e-08,5.26643361808965e-07
49.7999496459961,4.18912014106404e-18,5.2611746070852e-09,-9.97066038621597e-08
49.8332824707031,-7.55676897356048e-19,-3.28373275237936e-08,6.22767799995927e-07
49.8666152954102,-3.4561090781665e-18,-2.77692731032175e-08,5.26644384990504e-07
49.8999519348145,4.18879175036086e-18,5.26127763578188e-09,-9.9708557854683e-08
49.9332847595215,-7.54888077244402e-19,-3.2837125019114e-08,6.22763877800026e-07
49.9666175842285,-3.45669430844988e-18,-2.77693263939227e-08,5.26645408172044e-07
49.9999504089355,4.18999033506845e-18,5.26138066447857e-09,-9.97105118472064e-08
