Time,U1,U2,U3
0.0,0.0,0.0,0.0
0.000666667008772492,1.99612076036128e-22,-4.40468876650169e-11,-5.80788889203987e-11
0.00133333401754498,-6.1983560443117e-22,-1.3841176468854e-11,-3.20193177527628e-11
0.00200000102631748,1.69915741736106e-22,-3.79077493136912e-13,8.29430274462695e-12
0.00266666803508997,1.26622823016927e-21,-6.05125324848466e-11,-7.95269752829064e-11
0.00333333504386246,-1.17488656869003e-21,9.67385373196183e-12,-5.08489170908399e-12
0.00400000205263495,-3.61814878577286e-22,-9.99868503964718e-12,-3.30052933768255e-12
0.0046666688285768,1.27693058616354e-21,-7.15987685806496e-11,-8.99070956572601e-11
0.00533333607017994,-1.54045940391494e-21,2.99707099415958e-11,1.55756761655024e-11
0.00600000284612179,3.94770483215092e-22,-2.13682474492494e-11,-1.58959078538912e-11
0.00666667008772492,1.07846055352623e-21,-7.79919115401206e-11,-9.44140460257259e-11
0.00733333686366677,-1.69637699190363e-21,4.72489235237017e-11,3.04936249861942e-11
0.00800000410526991,1.23118008678338e-21,-3.43840129979345e-11,-2.62451223947968e-11
0.00866667088121176,-7.58869499077115e-22,-7.91072346517652e-11,-9.83523332220848e-11
0.00933333765715361,-2.37780983455324e-21,5.94373786300118e-11,4.55293337753293e-11
0.010000005364418,3.70289097575853e-21,-4.56651522151574e-11,-4.02858614523272e-11
0.0106666721403599,-9.79182320251749e-22,-7.86106388317442e-11,-9.52719916846867e-11
0.0113333389163017,-4.02276026460437e-21,6.9449036799174e-11,5.31959060134923e-11
0.0120000056922436,4.1935552896381e-21,-5.70897148999272e-11,-4.96436225461139e-11
0.012666673399508,8.88331216659588e-23,-7.51158441003597e-11,-9.35442209804016e-11
0.0133333401754498,-3.43729168212085e-21,7.56327916962007e-11,6.08384384537253e-11
0.0140000069513917,2.39911963079767e-21,-6.64778093684149e-11,-6.01839758584966e-11
0.0146666737273335,-1.64451674587988e-21,-7.09024713940742e-11,-8.84736867101665e-11
0.015333341434598,-1.1397466397601e-21,7.9661749419202e-11,6.42843903109203e-11
0.0160000082105398,3.72474623460905e-21,-7.4527300997218e-11,-6.78958417266173e-11
0.0166666749864817,-3.65822847333886e-21,-6.60039314870353e-11,-8.37004285325627e-11
0.0173333417624235,-9.47719669586953e-22,8.17033454780791e-11,6.62723556588141e-11
0.0180000085383654,4.89865446431531e-21,-8.11092928931778e-11,-7.42767722328175e-11
0.0186666753143072,-4.14107132600646e-21,-6.07897551740955e-11,-7.88054690947781e-11
0.0193333420902491,-6.99926367597078e-22,8.19513415462048e-11,6.69297672839519e-11
0.0200000107288361,5.26880647932285e-21,-8.58792342794956e-11,-7.95193147440365e-11
0.0206666775047779,-4.09876233014408e-21,-5.61275782795523e-11,-7.36327249173385e-11
0.0213333442807198,-7.66524150917498e-22,8.14322081987839e-11,6.58838955613916e-11
0.0220000110566616,4.60453521100302e-21,-8.96285615170633e-11,-8.27429999517015e-11
0.0226666778326035,-3.45454170984621e-21,-5.1573221387935e-11,-6.95899102232111e-11
0.0233333446085453,2.24292820078979e-22,7.98355409559193e-11,6.47747064319582e-11
0.0240000113844872,3.03261578175238e-21,-9.18721973497405e-11,-8.54418411022628e-11
0.024666678160429,-4.12875691697515e-21,-4.79076465997874e-11,-6.55081891509646e-11
0.025333346799016,1.77859159581834e-21,7.80802991706686e-11,6.26472693165958e-11
0.0260000135749578,2.67968451195339e-21,-9.33841684536141e-11,-8.6627954809515e-11
0.0266666803508997,-5.05794004660719e-21,-4.46656947539203e-11,-6.25458573821902e-11
0.0273333471268415,2.38057693141681e-21,7.59355148205465e-11,6.07376232641954e-11
0.0280000139027834,3.03916678563192e-21,-9.39459274262866e-11,-8.7382767688382e-11
0.0286666806787252,-5.28929656704523e-21,-4.22192662774545e-11,-5.99460411865316e-11
0.0293333474546671,2.04403235996851e-21,7.39035013741507e-11,5.85893278337579e-11
0.0300000142306089,3.17990502372992e-21,-9.4019333984896e-11,-8.73738026374582e-11
0.0306666828691959,-4.45485267863501e-21,-4.03049815744794e-11,-5.80842318687047e-11
0.0313333496451378,1.56571355517258e-21,7.19314469099785e-11,5.66444287308787e-11
0.0320000164210796,2.13439315810908e-21,-9.36314636934554e-11,-8.69923022506214e-11
0.0326666831970215,-3.53148566268498e-21,-3.89671940548286e-11,-5.67569186094019e-11
0.0333333499729633,2.05986935479688e-21,7.01814995007766e-11,5.49184760167964e-11
0.0340000167489052,1.04644870421011e-21,-9.29797419613188e-11,-8.63750806989749e-11
0.034666683524847,-3.46511855491502e-21,-3.80981635128563e-11,-5.58458904120762e-11
0.0353333503007889,2.89735620157379e-21,6.86904144675538e-11,5.33809628444626e-11
0.0360000170767307,9.00948220112369e-22,-9.21887566285307e-11,-8.55360851592657e-11
0.0366666838526726,-3.88694997116152e-21,-3.75968839394503e-11,-5.53919514423296e-11
0.0373333506286144,2.85021740797464e-21,6.74505590270158e-11,5.21862206226409e-11
0.0380000174045563,1.2907370908872e-21,-9.13211173347861e-11,-8.47103220902312e-11
0.0386666841804981,-3.76087197461324e-21,-3.74147414439197e-11,-5.51719295249775e-11
0.0393333546817303,2.17546239279459e-21,6.64934218796986e-11,5.119591903191e-11
0.0400000214576721,1.41867897011701e-21,-9.04813723945352e-11,-8.38427452465318e-11
0.040666688233614,-3.06677474636944e-21,-3.74418239468266e-11,-5.52211748550135e-11
0.0413333550095558,1.64530909039485e-21,6.57699034123382e-11,5.04889741126391e-11
0.0420000217854977,9.49915252501913e-22,-8.96915458570291e-11,-8.30643609450732e-11
0.0426666885614395,-2.4472047545605e-21,-3.76324180151322e-11,-5.54048196210744e-11
0.0433333553373814,1.75229024117535e-21,6.52693732394738e-11,4.99853942959039e-11
0.0440000221133232,4.82135023554568e-22,-8.8995588676255e-11,-8.23687923423577e-11
0.0446666888892651,-2.44822560368073e-21,-3.79197472033521e-11,-5.56887556901753e-11
0.0453333556652069,2.05086467795774e-21,6.49528972274105e-11,4.96630445101509e-11
0.0460000224411488,5.90273136671321e-22,-8.84072884344e-11,-8.17727968671633e-11
0.0466666892170906,-2.7673878712071e-21,-3.82565819301295e-11,-5.60343577094002e-11
0.0473333559930325,1.93066903416396e-21,6.4782658404372e-11,4.9502010129876e-11
0.0480000227689743,1.07135924027921e-21,-8.79266034981008e-11,-8.13013337208623e-11
0.0486666895449162,-2.79353958209181e-21,-3.86129704599281e-11,-5.63817603715933e-11
0.049333356320858,1.39998157826808e-21,6.47317477397991e-11,4.94425195229908e-11
0.0500000268220901,1.30109956773818e-21,-8.75571767866568e-11,-8.09239480981105e-11
0.050666693598032,-2.42721469105607e-21,-3.89555505908579e-11,-5.67314008270703e-11
0.0513333603739738,1.07053518986673e-21,6.476272990108e-11,4.94794274996657e-11
0.0520000271499157,1.12902923861064e-21,-8.72840272281294e-11,-8.0655510048544e-11
0.0526666939258575,-2.15565731401698e-21,-3.92715096553253e-11,-5.70437828917303e-11
0.0533333607017994,1.17215844786606e-21,6.48528730717857e-11,4.95669547073696e-11
0.0540000274777412,9.29037625815794e-22,-8.70979677269901e-11,-8.04676603127774e-11
0.0546666942536831,-2.28882369911522e-21,-3.9547736613299e-11,-5.73210055809792e-11
0.0553333610296249,1.40575831201371e-21,6.49784046014013e-11,4.96926874649084e-11
0.0560000278055668,1.07499320061431e-21,-8.69846417117515e-11,-8.03537791860265e-11
0.0566666945815086,-2.60730095769681e-21,-3.9778451366157e-11,-5.75528756596722e-11
0.0573333613574505,1.36433526374588e-21,6.51201037538129e-11,4.9835909704532e-11
0.0580000281333923,1.42893229386226e-21,-8.69279856430261e-11,-8.02988370240953e-11
0.0586666949093342,-2.70068835638434e-21,-3.99648786286733e-11,-5.77374918708795e-11
0.059333361685276,1.08248185087669e-21,6.52667225820025e-11,4.99806133980041e-11
0.0600000284612179,1.59230551355128e-21,-8.6917160968536e-11,-8.02859723147975e-11
0.0606666952371597,-2.51838994706051e-21,-4.01061892030263e-11,-5.78808875828507e-11
0.0613333657383919,9.35338617586367e-22,6.54053824988843e-11,5.01212717163302e-11
0.0620000325143337,1.45501291891308e-21,-8.69369021216926e-11,-8.03075175803691e-11
0.0626666992902756,-2.40025195543014e-21,-4.02093427998018e-11,-5.79824764590509e-11
0.0633333623409271,1.07971647057444e-21,6.5532135273827e-11,5.0246640181939e-11
0.0640000328421593,1.30963683502465e-21,-8.69790628410527e-11,-8.03483946043571e-11
0.0646666958928108,-2.53643282417183e-21,-4.02773890628705e-11,-5.80517023340832e-11
0.065333366394043,1.28547441677274e-21,6.56410412136488e-11,5.03565765475056e-11
0.0660000294446945,1.38394859252553e-21,-8.70329641688983e-11,-8.04031077827894e-11
0.0666666999459267,-2.77014163947682e-21,-4.03178011809668e-11,-5.80915385239855e-11
0.0673333704471588,1.29280484047019e-21,6.57318435792753e-11,5.04469591100509e-11
0.0680000334978104,1.58599311169657e-21,-8.7092846823289e-11,-8.04626434924849e-11
0.0686667039990425,-2.825583945099e-21,-4.0335412093695e-11,-5.81094547480454e-11
0.0693333670496941,1.14377187510419e-21,6.58036264367112e-11,5.05189778898796e-11
0.0700000375509262,1.64648150178308e-21,-8.71527364165736e-11,-8.0522644108072e-11
0.0706667006015778,-2.70265634346181e-21,-4.03362933332208e-11,-5.8110349865359e-11
0.0713333711028099,1.08444620288311e-21,6.58579510370849e-11,5.05733892264271e-11
0.0720000341534615,1.52194204905725e-21,-8.7209246768527e-11,-8.05792446656461e-11
0.0726667046546936,-2.61848284014727e-21,-4.03251008973537e-11,-5.80991019183408e-11
0.0733333677053452,1.20166199718262e-21,6.58964896538272e-11,5.06118758014651e-11
0.0740000382065773,1.39912259078383e-21,-8.72598382439804e-11,-8.0629732057691e-11
0.0746667012572289,-2.70004434296309e-21,-4.03061126141857e-11,-5.80802732297325e-11
0.075333371758461,1.34573288861526e-21,6.59215529386081e-11,5.06371160280406e-11
0.0760000348091125,1.42942080702188e-21,-8.73031716364103e-11,-8.0673204227999e-11
0.0766667053103447,-2.83256085813672e-21,-4.02827875223277e-11,-5.80568718100416e-11
0.0773333683609962,1.34912016898986e-21,6.59356041987635e-11,5.06511187159386e-11
0.0780000388622284,1.53932425200499e-21,-8.73387820399252e-11,-8.07087452425748e-11
0.0786667093634605,-2.84780452859017e-21,-4.02577762792511e-11,-5.80319577114796e-11
0.0793333724141121,1.25080593636332e-21,6.59409818415391e-11,5.06565969726758e-11
0.0800000429153442,1.56203900321074e-21,-8.73667457823579e-11,-8.07367575572648e-11
0.0806667059659958,-2.74930904728206e-21,-4.02331119808697e-11,-5.8007303821439e-11
0.0813333764672279,1.20884873459935e-21,6.59399340685596e-11,5.06555769552719e-11
0.0820000395178795,1.46816965468633e-21,-8.73876249141148e-11,-8.07576575057034e-11
0.0826667100191116,-2.68094002510481e-21,-4.02101824059642e-11,-5.79843950632153e-11
0.0833333730697632,1.28125278661769e-21,6.59344037701182e-11,5.06500744124061e-11
0.0840000435709953,1.38341948773918e-21,-8.74022590413581e-11,-8.0772270816265e-11
0.0846667066216469,-2.72348449279196e-21,-4.01898445079318e-11,-5.7964123084675e-11
0.085333377122879,1.36602112892009e-21,6.59260354640701e-11,5.0641778964744e-11
0.0860000401735306,1.40390947448736e-21,-8.74115710369772e-11,-8.07816244452475e-11
0.0866667106747627,-2.80037634294566e-21,-4.01725909482398e-11,-5.7946866055536e-11
0.0873333737254143,1.35663991930456e-21,6.59161961125143e-11,5.06319465520821e-11
0.0880000442266464,1.47657282824069e-21,-8.74166086739514e-11,-8.07866343266461e-11
0.088666707277298,-2.80082163914944e-21,-4.01585188714026e-11,-5.7932859898191e-11
0.0893333777785301,1.28255969563481e-21,6.59058849161731e-11,5.0621701275233e-11
0.0900000482797623,1.49100678661747e-21,-8.7418301764064e-11,-8.07883551723343e-11
0.0906667113304138,-2.72939855144396e-21,-4.01475623579284e-11,-5.79219207319515e-11
0.091333381831646,1.25027450917047e-21,6.58958859700576e-11,5.06117335541401e-11
0.0920000448822975,1.4319961538875e-21,-8.74175662413101e-11,-8.07876127106866e-11
0.0926667153835297,-2.68396723149694e-21,-4.01394403826139e-11,-5.79138438594473e-11
0.0933333784341812,1.29290743025319e-21,6.58867127523166e-11,5.06026019697625e-11
0.0940000489354134,1.3825074888021e-21,-8.74151584451255e-11,-8.07852187922897e-11
0.0946667119860649,-2.71211742366628e-21,-4.01338025313169e-11,-5.79082441720669e-11
0.0953333824872971,1.34229441432335e-21,6.5878670574282e-11,5.05946014250913e-11
0.0960000455379486,1.40150558180632e-21,-8.74117445093248e-11,-8.0781804856489e-11
0.0966667160391808,-2.76175936758101e-21,-4.01302463481912e-11,-5.79047226834106e-11
0.0973333790898323,1.33072489193496e-21,6.58719190305135e-11,5.05878880452393e-11
0.0980000495910645,1.45312076345671e-21,-8.7407830973163e-11,-8.07778913203272e-11
0.098666712641716,-2.76107738786211e-21,-4.01283554996024e-11,-5.79028769376322e-11
0.0993333831429482,1.27967769013634e-21,6.58664789376928e-11,5.05824965246759e-11
0.10000005364418,1.4646635276832e-21,-8.74038202924865e-11,-8.07738875785446e-11
0.100666716694832,-2.71592334305695e-21,-4.01277414074919e-11,-5.79022975399912e-11
0.101333387196064,1.25835921011106e-21,6.58622947846688e-11,5.05783540050153e-11
0.102000050246716,1.42845872488364e-21,-8.73999969619454e-11,-8.07700642480036e-11
0.102666720747948,-2.68879137467875e-21,-4.01280467188236e-11,-5.79026444846864e-11
0.103333383798599,1.28584499207158e-21,6.58592486102449e-11,5.05753529334019e-11
0.104000054299831,1.39937532919609e-21,-8.73965483316752e-11,-8.07666225566273e-11
0.104666717350483,-2.71094713273617e-21,-4.01289661222659e-11,-5.79036020520451e-11
0.105333387851715,1.31764560336995e-21,6.58571877587555e-11,5.05733337152758e-11
0.106000050902367,1.415199197379e-21,-8.7393599301766e-11,-8.07636735267181e-11
0.106666721403599,-2.74501764395765e-21,-4.01302428787442e-11,-5.79049239113338e-11
0.10733338445425,1.30966288636719e-21,6.58559387578528e-11,5.05721298171835e-11
0.108000054955482,1.44974226783715e-21,-8.73911776277936e-11,-8.07612587916395e-11
0.108666718006134,-2.74472178956376e-21,-4.01316826992293e-11,-5.79063984262884e-11
0.109333388507366,1.27665835973148e-21,6.58553350740831e-11,5.05715712362242e-11
0.110000051558018,1.45732320851455e-21,-8.73892971875456e-11,-8.07593852902855e-11
0.11066672205925,-2.71685351734929e-21,-4.01331259891613e-11,-5.79078833495839e-11
0.111333392560482,1.26456205496324e-21,6.58552171128868e-11,5.05714983778383e-11
0.112000055611134,1.43354499707792e-21,-8.73879232865526e-11,-8.07580113892925e-11
0.112666726112366,-2.70125037875854e-21,-4.01344686651317e-11,-5.79092676589177e-11
0.113333389163017,1.28451788821528e-21,6.58554460963856e-11,5.05717724641475e-11
0.114000059664249,1.41499462365817e-21,-8.73870073525573e-11,-8.07570954552972e-11
0.114666722714901,-2.71683009133585e-21,-4.01356413382015e-11,-5.79104784959039e-11
0.115333393216133,1.30567147737871e-21,6.58559040633833e-11,5.05722685950616e-11
0.116000056266785,1.42531772057277e-21,-8.73864730577267e-11,-8.07565680993605e-11
0.116666726768017,-2.73947456450127e-21,-4.01366058444541e-11,-5.791148463552e-11
0.117333389818668,1.30047413356898e-21,6.58564799915773e-11,5.05728930955129e-11
0.118000060319901,1.44803126008816e-21,-8.73862579520157e-11,-8.07563599325434e-11
0.118666723370552,-2.73962319851759e-21,-4.01373483061018e-11,-5.79122652610842e-11
0.119333393871784,1.28005523265469e-21,6.58571044920286e-11,5.05735626987747e-11
0.120000056922436,1.45219281059668e-21,-8.73862995853791e-11,-8.07564015659068e-11
0.120666727423668,-2.72090581377787e-21,-4.01378687231446e-11,-5.79128273114904e-11
0.121333390474319,1.27254810411447e-21,6.58577220535861e-11,5.05742253631425e-11
0.122000060975552,1.43580378983949e-21,-8.73865146910902e-11,-8.07566236105117e-11
0.122666731476784,-2.71058079835356e-21,-4.01381844428172e-11,-5.79131846645264e-11
0.123333394527435,1.28666146941937e-21,6.58582910428862e-11,5.0574835985806e-11
0.124000065028667,1.42344071124577e-21,-8.73868685746793e-11,-8.07569774941008e-11
0.124666728079319,-2.72174773662302e-21,-4.01383232206953e-11,-5.7913361606321e-11
0.125333398580551,1.30090297097883e-21,6.58587837043534e-11,5.05753702806366e-11
0.126000061631203,1.43025758018304e-21,-8.73872987861013e-11,-8.07574146444168e-11
0.126666724681854,-2.73649481598119e-21,-4.01383093429075e-11,-5.79133858924497e-11
0.127333402633667,1.29713087794378e-21,6.58591861601998e-11,5.05758178392934e-11
0.128000065684319,1.44500950630261e-21,-8.73877706308868e-11,-8.07578934280961e-11
0.12866672873497,-2.73578557322942e-21,-4.01381670955825e-11,-5.7913288747935e-11
0.129333391785622,1.28331548749088e-21,6.58594984104255e-11,5.05761751923295e-11
0.130000069737434,1.44719388108183e-21,-8.738825635346e-11,-8.07583860895633e-11
0.130666732788086,-2.72316198121035e-21,-4.01379346426367e-11,-5.79130944589057e-11
0.131333395838737,1.27919028769288e-21,6.58597204550304e-11,5.05764423397448e-11
0.132000058889389,1.4354957175679e-21,-8.73887351371394e-11,-8.07588648732427e-11
0.132666736841202,-2.71654150708405e-21,-4.01376293313049e-11,-5.79128273114904e-11
0.133333399891853,1.28840448598845e-21,6.58598592329085e-11,5.05766262204332e-11
0.134000062942505,1.42731317263152e-21,-8.73891861652432e-11,-8.07593297791342e-11
0.134666740894318,-2.72388334086564e-21,-4.01372754477158e-11,-5.79125150612647e-11
0.135333403944969,1.29721539334572e-21,6.58599286218475e-11,5.05767372427357e-11
0.136000066995621,1.43250577065404e-21,-8.73896094377713e-11,-8.07597530516624e-11
0.136666730046272,-2.73336178863179e-21,-4.01368938085511e-11,-5.79121715860165e-11
0.137333407998085,1.29429935954324e-21,6.58599355607414e-11,5.057678928444e-11
0.138000071048737,1.44169462442645e-21,-8.73899980158299e-11,-8.0760141629721e-11
0.138666734099388,-2.73226520886466e-21,-4.01364982915986e-11,-5.79118142329804e-11
0.13933339715004,1.2853140697497e-21,6.5859893927378e-11,5.05767962233339e-11
0.140000075101852,1.44271173750143e-21,-8.73903380216312e-11,-8.07604955133101e-11
0.140666738152504,-2.72434398514719e-21,-4.01360993051991e-11,-5.79114568799444e-11
0.141333401203156,1.28316523788743e-21,6.58598175995451e-11,5.05767649983113e-11
0.142000064253807,1.43523459829738e-21,-8.73906502718569e-11,-8.07608077635358e-11
0.14266674220562,-2.72019455154218e-21,-4.01357072576936e-11,-5.79111029963553e-11
0.143333405256271,1.28949965211684e-21,6.58597204550304e-11,5.05767060177131e-11
0.144000068306923,1.42958842418702e-21,-8.7390927827613e-11,-8.07610922581858e-11
0.144666746258736,-2.72477716444746e-21,-4.01353221490819e-11,-5.7910759521107e-11
0.145333409309387,1.2950261718051e-21,6.58595955549401e-11,5.05766296898802e-11
0.146000072360039,1.43356872601395e-21,-8.73911776277936e-11,-8.07613420583664e-11
0.14666673541069,-2.73083198112851e-21,-4.0134954387705e-11,-5.79104299236466e-11
0.147333413362503,1.2928169573737e-21,6.5859463715956e-11,5.05765429537064e-11
0.148000076413155,1.43973208995555e-21,-8.73914066112924e-11,-8.07615710418652e-11
0.148666739463806,-2.73038527128599e-21,-4.01346005041159e-11,-5.79101176734209e-11
0.149333402514458,1.28629261068186e-21,6.58593318769718e-11,5.05764527480856e-11
0.15000008046627,1.43995372831548e-21,-8.73916078392156e-11,-8.07617861475762e-11
0.150666743516922,-2.72413658414888e-21,-4.01342639677615e-11,-5.7909819300983e-11
0.151333406567574,1.28516159871394e-21,6.58591930990937e-11,5.05763625424649e-11
0.152000069618225,1.43509303247478e-21,-8.73918021282449e-11,-8.07619804366055e-11
0.152666747570038,-2.7224180033352e-21,-4.0133941309195e-11,-5.7909534806333e-11
0.153333410620689,1.2888405935404e-21,6.58590612601095e-11,5.05762723368441e-11
0.154000073671341,1.43194586873795e-21,-8.73919894783803e-11,-8.07621677867409e-11
0.154666736721992,-2.72534625501538e-21,-4.01336290589693e-11,-5.79092676589177e-11
0.155333414673805,1.29300688983613e-21,6.58589363600193e-11,5.05761890701173e-11
0.156000077724457,1.43461764596063e-21,-8.73921629507279e-11,-8.07623481979824e-11
0.156666740775108,-2.72946943532946e-21,-4.01333306865315e-11,-5.79090074503963e-11
0.157333418726921,1.29115047924509e-21,6.5858811459929e-11,5.05761127422844e-11
0.158000081777573,1.4383403626139e-21,-8.73923364230755e-11,-8.07625286092239e-11
0.158666744828224,-2.72890297009064e-21,-4.01330427224345e-11,-5.79087576502157e-11
0.159333407878876,1.28673760396305e-21,6.58587004376265e-11,5.05760433533453e-11
0.160000085830688,1.43813003336391e-21,-8.73925098954231e-11,-8.07627020815715e-11
0.16066674888134,-2.7250134440658e-21,-4.01327582277844e-11,-5.79085147889291e-11
0.161333411931992,1.28657059264309e-21,6.58585894153241e-11,5.05759774338532e-11
0.162000074982643,1.4350412327123e-21,-8.73926833677707e-11,-8.0762882492813e-11
0.162666752934456,-2.72406408467624e-21,-4.01324841414752e-11,-5.79082788665364e-11
0.163333415985107,1.28890713553548e-21,6.58584853319155e-11,5.0575918453255e-11
0.164000079035759,1.4331398886041e-21,-8.73928568401183e-11,-8.07630629040546e-11
0.164666742086411,-2.72634569760608e-21,-4.0132210055166e-11,-5.79080429441436e-11
0.165333420038223,1.29110554572793e-21,6.58583881874009e-11,5.05758664115508e-11
0.166000083088875,1.43513614845641e-21,-8.73930303124659e-11,-8.07632363764021e-11
0.166666746139526,-2.72877897377812e-21,-4.01319394383037e-11,-5.79078139606448e-11
0.167333424091339,1.29006318910398e-21,6.58582979817801e-11,5.05758178392934e-11
0.168000087141991,1.43770634563804e-21,-8.73932107237074e-11,-8.07634237265376e-11
0.168666750192642,-2.72816707015115e-21,-4.01316688214415e-11,-5.7907581507699e-11
0.169333413243294,1.28751954813586e-21,6.58582077761594e-11,5.05757692670361e-11
0.170000091195107,1.43702214448684e-21,-8.73933911349489e-11,-8.0763611076673e-11
0.170666754245758,-2.72576751936054e-21,-4.01313982045792e-11,-5.79073525242002e-11
0.17133341729641,1.28709525456482e-21,6.58581175705386e-11,5.05757276336727e-11
0.172000080347061,1.43438338582621e-21,-8.73935715461904e-11,-8.07637984268084e-11
0.172666758298874,-2.72526789903938e-21,-4.0131127587717e-11,-5.79071235407014e-11
0.173333421349525,1.29001492343835e-21,6.58580343038118e-11,5.05756860003093e-11
0.174000084400177,1.43399705855282e-21,-8.73937588963258e-11,-8.07639857769438e-11
0.174666747450829,-2.72690166152853e-21,-4.01308604403017e-11,-5.79068910877556e-11
0.175333425402641,1.29013578955081e-21,6.58579510370849e-11,5.05756478363928e-11
0.176000088453293,1.43556811606634e-21,-8.73939462464612e-11,-8.07641800659731e-11
0.176666751503944,-2.7284225348667e-21,-4.01305863539925e-11,-5.79066586348098e-11
0.177333414554596,1.28875799664818e-21,6.58578677703581e-11,5.05756096724763e-11
0.178000092506409,1.4367029650537e-21,-8.73941335965966e-11,-8.07643743550024e-11
0.17866675555706,-2.72745600986385e-21,-4.01303157371302e-11,-5.7906426181864e-11
0.179333418607712,1.28785750876943e-21,6.58577845036312e-11,5.05755715085598e-11
0.180000096559525,1.43591062053872e-21,-8.7394327885626e-11,-8.07645686440317e-11
0.180666759610176,-2.72579134927076e-21,-4.0130041650821e-11,-5.79061937289183e-11
0.181333422660828,1.2886353130002e-21,6.58577012369044e-11,5.05755333446434e-11
0.182000085711479,1.4343665231355e-21,-8.73945152357614e-11,-8.0764762933061e-11
0.182666763663292,-2.72639234768457e-21,-4.01297675645118e-11,-5.79059578065255e-11
0.183333426713943,1.28954741291148e-21,6.58576249090714e-11,5.05754951807269e-11
0.184000089764595,1.43500982973738e-21,-8.73947095247907e-11,-8.07649641609842e-11
0.184666752815247,-2.72744187347643e-21,-4.01294900087557e-11,-5.79057218841328e-11
0.185333430767059,1.2894614838708e-21,6.58575416423446e-11,5.05754570168104e-11
0.186000093817711,1.43545078405074e-21,-8.739490381382e-11,-8.07651584500135e-11
0.186666756868362,-2.72788817942217e-21,-4.01292159224464e-11,-5.79054859617401e-11
0.187333419919014,1.28846052666716e-21,6.58574583756177e-11,5.0575418852894e-11
0.188000097870827,1.43565354023604e-21,-8.73950981028493e-11,-8.07653596779367e-11
0.188666760921478,-2.72732858042866e-21,-4.01289383666903e-11,-5.79052500393473e-11
0.18933342397213,1.28823919122981e-21,6.58573751088909e-11,5.05753772195305e-11
0.190000101923943,1.43504062686712e-21,-8.73952923918786e-11,-8.07655539669661e-11
0.190666764974594,-2.72685480950165e-21,-4.01286608109341e-11,-5.79050106475076e-11
0.191333428025246,1.28923237342037e-21,6.58572849032701e-11,5.05753390556141e-11
0.192000091075897,1.43492430459348e-21,-8.73954866809079e-11,-8.07657551948893e-11
0.19266676902771,-2.72701091560846e-21,-4.0128383255178e-11,-5.79047747251149e-11
0.193333432078362,1.28890461118058e-21,6.58572016365433e-11,5.05752974222506e-11
0.194000095129013,1.43519087647057e-21,-8.73956809699372e-11,-8.07659494839186e-11
0.194666758179665,-2.72763150301627e-21,-4.01281056994218e-11,-5.79045353332752e-11
0.195333436131477,1.28907576244258e-21,6.58571183698164e-11,5.05752592583342e-11
0.196000099182129,1.43533900561591e-21,-8.73958752589665e-11,-8.07661507118418e-11
0.19666676223278,-2.72713248854029e-21,-4.01278246742187e-11,-5.79042959414355e-11
0.197333425283432,1.28869731115647e-21,6.58570351030896e-11,5.05752176249707e-11
0.198000103235245,1.43502810606683e-21,-8.73960626091019e-11,-8.07663450008711e-11
0.198666766285896,-2.72656198433363e-21,-4.01275471184626e-11,-5.79040565495959e-11
0.199333429336548,1.2888627068893e-21,6.58569518363628e-11,5.05751759916073e-11
0.200000107288361,1.43507344348078e-21,-8.73962568981312e-11,-8.07665462287943e-11
0.200666770339012,-2.72713147879833e-21,-4.01272695627064e-11,-5.79038206272031e-11
0.201333433389664,1.28868630496912e-21,6.5856861630742e-11,5.05751343582439e-11
0.202000096440315,1.43485453142414e-21,-8.73964511871606e-11,-8.07667405178236e-11
0.202666774392128,-2.72734857331945e-21,-4.01269920069502e-11,-5.79035812353634e-11
0.20333343744278,1.28903052600283e-21,6.58567783640152e-11,5.05750927248805e-11
0.204000100493431,1.43545502496696e-21,-8.73966454761899e-11,-8.07669417457468e-11
0.204666763544083,-2.72730979922823e-21,-4.01267109817471e-11,-5.79033418435237e-11
0.205333441495895,1.28870690370507e-21,6.58566881583944e-11,5.05750510915171e-11
0.206000104546547,1.43539282486231e-21,-8.73968397652192e-11,-8.07671360347761e-11
0.206666767597198,-2.72673323656982e-21,-4.0126433425991e-11,-5.79031024516841e-11
0.20733343064785,1.2888699770314e-21,6.58566048916676e-11,5.05750094581536e-11
0.208000108599663,1.4349874134659e-21,-8.73970271153546e-11,-8.07673372626994e-11
0.208666771650314,-2.72672253330506e-21,-4.01261558702348e-11,-5.79028630598444e-11
0.209333434700966,1.28908222479112e-21,6.58565216249407e-11,5.05749678247902e-11
0.210000097751617,1.43497933553023e-21,-8.73972214043839e-11,-8.07675315517287e-11
0.21066677570343,-2.72703252408638e-21,-4.01258783144787e-11,-5.79026271374516e-11
0.211333438754082,1.288914102755e-21,6.585643141932e-11,5.05749261914268e-11
0.212000101804733,1.43502568268613e-21,-8.73974156934132e-11,-8.0767725840758e-11
0.212666779756546,-2.72709997484922e-21,-4.01255972892756e-11,-5.7902387745612e-11
0.213333442807198,1.28867842898184e-21,6.58563481525931e-11,5.05748845580634e-11
0.214000105857849,1.43493500785824e-21,-8.73976030435486e-11,-8.07679270686812e-11
0.214666768908501,-2.7269464940715e-21,-4.01253197335194e-11,-5.79021483537723e-11
0.215333446860313,1.28900134446023e-21,6.58562579469724e-11,5.05748429246999e-11
0.216000109910965,1.43513614845641e-21,-8.73977973325779e-11,-8.07681213577105e-11
0.216666772961617,-2.7271320846435e-21,-4.01250421777632e-11,-5.79019089619326e-11
0.217333436012268,1.28872053522152e-21,6.58561746802455e-11,5.05748012913365e-11
0.218000113964081,1.43493834000671e-21,-8.73979916216072e-11,-8.07683156467398e-11
0.218666777014732,-2.72753860675607e-21,-4.01247646220071e-11,-5.79016730395399e-11
0.219333440065384,1.288762540487e-21,6.58560914135187e-11,5.05747596579731e-11
0.220000103116035,1.43493702734216e-21,-8.73981859106365e-11,-8.0768516874663e-11
0.220666781067848,-2.72701455067951e-21,-4.01244870662509e-11,-5.79014336477002e-11
0.2213334441185,1.28841599704678e-21,6.58560012078979e-11,5.05747180246097e-11
0.222000107169151,1.43492349679991e-21,-8.73983732607719e-11,-8.07687111636923e-11
0.222666785120964,-2.72693801223904e-21,-4.01242095104948e-11,-5.79011942558605e-11
0.223333448171616,1.28877910025512e-21,6.58559179411711e-11,5.05746763912462e-11
0.224000111222267,1.43487634185044e-21,-8.73985675498012e-11,-8.07689054527216e-11
0.224666774272919,-2.72666760334251e-21,-4.01239319547386e-11,-5.79009583334678e-11
0.225333452224731,1.28846173835751e-21,6.58558346744442e-11,5.05746347578828e-11
0.226000115275383,1.43472629419538e-21,-8.73987618388306e-11,-8.07691066806449e-11
0.226666778326035,-2.72697193956886e-21,-4.01236543989825e-11,-5.79007189416281e-11
0.227333441376686,1.28918713698062e-21,6.58557444688235e-11,5.05745931245194e-11
0.228000119328499,1.43473235264713e-21,-8.7398949188966e-11,-8.07693009696742e-11
0.22866678237915,-2.72790797036456e-21,-4.01233733737794e-11,-5.79004795497884e-11
0.229333445429802,1.28938827757879e-21,6.58556612020966e-11,5.0574551491156e-11
0.230000108480453,1.43553984329149e-21,-8.73991434779953e-11,-8.07695021975974e-11
0.230666786432266,-2.72724477184609e-21,-4.01230958180232e-11,-5.79002436273957e-11
0.231333449482918,1.28859462039927e-21,6.58555709964759e-11,5.05745098577925e-11
0.232000112533569,1.43559113818299e-21,-8.73993377670246e-11,-8.07696964866267e-11
0.232666775584221,-2.72704403514471e-21,-4.0122818262267e-11,-5.7900004235556e-11
0.233333453536034,1.28873628719607e-21,6.5855487729749e-11,5.05744682244291e-11
0.234000116586685,1.43502628853131e-21,-8.739952511716e-11,-8.0769890775656e-11
0.234666779637337,-2.72683501855926e-21,-4.01225407065109e-11,-5.78997683131632e-11
0.235333457589149,1.28885685038594e-21,6.58554044630222e-11,5.05744265910657e-11
0.236000120639801,1.43472316399531e-21,-8.73997194061893e-11,-8.07700920035792e-11
0.236666783690453,-2.72648988875778e-21,-4.01222631507547e-11,-5.78995289213236e-11
0.237333446741104,1.28946713842577e-21,6.58553142574014e-11,5.05743849577023e-11
0.238000124692917,1.43506940451294e-21,-8.73999136952186e-11,-8.07702862926085e-11
0.238666787743568,-2.72741198511445e-21,-4.01219855949986e-11,-5.78992895294839e-11
0.23933345079422,1.2898792141191e-21,6.58552309906746e-11,5.05743433243389e-11
0.240000113844872,1.43560386093167e-21,-8.74001079842479e-11,-8.07704805816378e-11
0.240666791796684,-2.72691398038043e-21,-4.01217080392424e-11,-5.78990536070911e-11
0.241333454847336,1.28909555338497e-21,6.58551477239477e-11,5.05743016909754e-11
0.242000117897987,1.43544472559899e-21,-8.74002953343833e-11,-8.0770681809561e-11
0.242666780948639,-2.7260031931337e-21,-4.01214304834863e-11,-5.78988142152514e-11
0.243333458900452,1.28854322453357e-21,6.5855057518327e-11,5.0574260057612e-11
0.244000121951103,1.4348382745786e-21,-8.74004896234126e-11,-8.07708760985903e-11
0.244666785001755,-2.7264062821236e-21,-4.01211529277301e-11,-5.78985748234118e-11
0.245333462953568,1.28921379416833e-21,6.58549742516001e-11,5.05742184242486e-11
0.246000126004219,1.43448668242859e-21,-8.74006839124419e-11,-8.07710703876197e-11
0.246666789054871,-2.72697193956886e-21,-4.0120871902527e-11,-5.7898338901019e-11
0.247333452105522,1.28990708299716e-21,6.58548909848733e-11,5.05741767908852e-11
0.248000130057335,1.43503456841537e-21,-8.74008712625773e-11,-8.07712716155429e-11
0.248666793107986,-2.7273520064421e-21,-4.01205943467708e-11,-5.78980995091793e-11
0.249333456158638,1.28948460696165e-21,6.58548007792525e-11,5.05741351575217e-11
0.25000011920929,1.4356300132484e-21,-8.74010655516066e-11,-8.07714659045722e-11
0.250666797161102,-2.7271175443593e-21,-4.01203167910147e-11,-5.78978601173397e-11
0.251333445310593,1.2886964023887e-21,6.58547175125257e-11,5.05740935241583e-11
0.252000123262405,1.43543765740527e-21,-8.7401259840636e-11,-8.07716601936015e-11
0.252666801214218,-2.7267289956536e-21,-4.01200392352585e-11,-5.78976241949469e-11
0.253333449363708,1.28885624454076e-21,6.58546342457988e-11,5.05740518907949e-11
0.254000127315521,1.43518017320581e-21,-8.74014471907714e-11,-8.07718614215247e-11
0.254666805267334,-2.72686914783746e-21,-4.01197616795024e-11,-5.78973848031072e-11
0.255333453416824,1.28942079126986e-21,6.58545440401781e-11,5.05740102574315e-11
0.256000131368637,1.4351413991146e-21,-8.74016414798007e-11,-8.0772055710554e-11
0.25666680932045,-2.7273253492544e-21,-4.01194841237462e-11,-5.78971454112676e-11
0.25733345746994,1.28938787368201e-21,6.58544607734513e-11,5.0573968624068e-11
0.258000135421753,1.43519966122561e-21,-8.740183576883e-11,-8.07722569384772e-11
0.258666783571243,-2.72744146957964e-21,-4.01192065679901e-11,-5.78969094888748e-11
0.259333461523056,1.28937252560424e-21,6.58543705678305e-11,5.05739304601516e-11
0.260000139474869,1.43534516504186e-21,-8.74020300578593e-11,-8.07724512275065e-11
0.260666787624359,-2.72716237690226e-21,-4.01189290122339e-11,-5.78966700970351e-11
0.261333465576172,1.28866752376869e-21,6.58542873011037e-11,5.05738888267881e-11
0.262000143527985,1.43504385804139e-21,-8.74022174079947e-11,-8.07726455165358e-11
0.262666791677475,-2.72659409412792e-21,-4.01186514564777e-11,-5.78964307051955e-11
0.263333469629288,1.2890411282934e-21,6.58542040343768e-11,5.05738471934247e-11
0.264000117778778,1.43489168992821e-21,-8.7402411697024e-11,-8.07728467444591e-11
0.264666795730591,-2.72687035952781e-21,-4.01183704312746e-11,-5.78961947828027e-11
0.265333473682404,1.28981772083382e-21,6.58541138287561e-11,5.05738055600613e-11
0.266000121831894,1.43477435791262e-21,-8.74026059860533e-11,-8.07730410334884e-11
0.266666799783707,-2.7275036696843e-21,-4.01180928755185e-11,-5.7895955390963e-11
0.267333477735519,1.2891656294769e-21,6.58540305620292e-11,5.05737639266979e-11
0.26800012588501,1.43499650114353e-21,-8.74027933361887e-11,-8.07732353225177e-11
0.268666803836823,-2.7275745535698e-21,-4.01178153197623e-11,-5.78957159991234e-11
0.269333481788635,1.28904637895158e-21,6.58539472953024e-11,5.05737222933345e-11
0.270000129938126,1.43529063897609e-21,-8.7402987625218e-11,-8.07734365504409e-11
0.270666807889938,-2.72721104646467e-21,-4.01175377640062e-11,-5.78954800767306e-11
0.271333456039429,1.28898226033721e-21,6.58538570896816e-11,5.0573680659971e-11
0.272000133991241,1.43489522402507e-21,-8.74031819142473e-11,-8.07736308394702e-11
0.272666811943054,-2.72706564362262e-21,-4.011726020825e-11,-5.78952406848909e-11
0.273333460092545,1.28890259169667e-21,6.58537738229548e-11,5.05736390266076e-11
0.274000138044357,1.43501821059564e-21,-8.74033762032767e-11,-8.07738251284995e-11
0.27466681599617,-2.72717934056717e-21,-4.01169826524939e-11,-5.78950012930513e-11
0.27533346414566,1.28889835078044e-21,6.58536905562279e-11,5.05735973932442e-11
0.276000142097473,1.43490128247682e-21,-8.74035635534121e-11,-8.07740263564227e-11
0.276666790246964,-2.72716338664422e-21,-4.01167050967377e-11,-5.78947653706585e-11
0.277333468198776,1.28899266067938e-21,6.58536003506072e-11,5.05735557598808e-11
0.278000146150589,1.43491471204487e-21,-8.74037578424414e-11,-8.0774220645452e-11
0.278666794300079,-2.72715349117303e-21,-4.01164275409815e-11,-5.78945259788188e-11
0.279333472251892,1.2890019503054e-21,6.58535170838803e-11,5.05735141265173e-11
0.280000150203705,1.43485826746938e-21,-8.74039521314707e-11,-8.07744149344813e-11
0.280666798353195,-2.72692730897428e-21,-4.01161499852254e-11,-5.78942865869791e-11
0.281333476305008,1.28917320254159e-21,6.58534268782596e-11,5.05734724931539e-11
0.282000154256821,1.43465429959373e-21,-8.74041394816061e-11,-8.07746161624046e-11
0.282666802406311,-2.72700404936314e-21,-4.01158689600223e-11,-5.78940506645864e-11
0.283333480358124,1.28954912947281e-21,6.58533436115327e-11,5.05734308597905e-11
0.284000128507614,1.43480495309396e-21,-8.74043337706354e-11,-8.07748104514339e-11
0.284666806459427,-2.72757960227959e-21,-4.01155914042661e-11,-5.78938112727467e-11
0.28533348441124,1.28933829535184e-21,6.58532603448059e-11,5.05733892264271e-11
0.28600013256073,1.43477950759661e-21,-8.74045280596647e-11,-8.07750116793571e-11
0.286666810512543,-2.72712562229497e-21,-4.011531384851e-11,-5.7893571880907e-11
0.287333488464355,1.28966403810771e-21,6.58531701391851e-11,5.05733475930636e-11
0.288000136613846,1.43524297915564e-21,-8.74047154098001e-11,-8.07752059683864e-11
0.288666814565659,-2.72705675789339e-21,-4.01150362927538e-11,-5.78933359585143e-11
0.289333492517471,1.2892024850584e-21,6.58530868724583e-11,5.05733059597002e-11
0.290000140666962,1.43483807263021e-21,-8.74049096988294e-11,-8.07754002574157e-11
0.290666818618774,-2.72703817864135e-21,-4.01147587369977e-11,-5.78930965666746e-11
0.291333466768265,1.28889835078044e-21,6.58530036057314e-11,5.05732643263368e-11
0.292000144720078,1.43420102642848e-21,-8.74051039878587e-11,-8.07756014853389e-11
0.29266682267189,-2.72662256885115e-21,-4.01144811812415e-11,-5.78928571748349e-11
0.293333470821381,1.28950076283299e-21,6.58529134001107e-11,5.05732226929734e-11
0.294000148773193,1.434760120551e-21,-8.7405298276888e-11,-8.07757957743682e-11
0.294666826725006,-2.72725547511085e-21,-4.01142036254853e-11,-5.78926212524422e-11
0.295333474874496,1.28923762407856e-21,6.58528301333838e-11,5.057318105961e-11
0.296000152826309,1.43480263068746e-21,-8.74054856270234e-11,-8.07759900633975e-11
0.2966668009758,-2.72680896721673e-21,-4.01139260697292e-11,-5.78923818606025e-11
0.297333478927612,1.28936717397186e-21,6.5852746866657e-11,5.05731394262465e-11
0.298000156879425,1.43538060698461e-21,-8.74056799160527e-11,-8.07761912913207e-11
0.298666805028915,-2.72693195378729e-21,-4.01136450445261e-11,-5.78921459382098e-11
0.299333482980728,1.28940049545649e-21,6.58526566610362e-11,5.05730977928831e-11
0.300000160932541,1.43540645637875e-21,-8.74058742050821e-11,-8.07763855803501e-11
0.300666809082031,-2.7266678052909e-21,-4.01133674887699e-11,-5.78919065463701e-11
0.301333487033844,1.28917734248362e-21,6.58525733943094e-11,5.05730561595197e-11
0.302000164985657,1.43458250694047e-21,-8.74060615552175e-11,-8.07765798693794e-11
0.302666813135147,-2.72674313204102e-21,-4.01130899330138e-11,-5.78916671545304e-11
0.30333349108696,1.28946966278066e-21,6.58524831886886e-11,5.05730145261563e-11
0.30400013923645,1.43494046046482e-21,-8.74062558442468e-11,-8.07767810973026e-11
0.304666817188263,-2.7269636596848e-21,-4.01128123772576e-11,-5.78914312321377e-11
0.305333495140076,1.29037631008536e-21,6.58523999219618e-11,5.05729728927928e-11
0.306000143289566,1.43488250127639e-21,-8.74064501332761e-11,-8.07769753863319e-11
0.306666821241379,-2.7271296612628e-21,-4.01125348215015e-11,-5.7891191840298e-11
0.307333499193192,1.28982600071788e-21,6.58523166552349e-11,5.05729312594294e-11
0.308000147342682,1.43504143466069e-21,-8.74066374834115e-11,-8.07771696753612e-11
0.308666825294495,-2.72704322735114e-21,-4.01122572657453e-11,-5.78909524484583e-11
0.309333473443985,1.28938514737872e-21,6.58522264496142e-11,5.0572889626066e-11
0.310000151395798,1.43543190187611e-21,-8.74068317724408e-11,-8.07773709032844e-11
0.31066682934761,-2.72671061834995e-21,-4.01119797099891e-11,-5.78907165260656e-11
0.311333477497101,1.28892601771011e-21,6.58521431828873e-11,5.05728479927026e-11
0.312000155448914,1.43462935896735e-21,-8.74070260614701e-11,-8.07775651923137e-11
0.312666833400726,-2.72639578080723e-21,-4.0111702154233e-11,-5.78904771342259e-11
0.313333481550217,1.28944048123806e-21,6.58520599161605e-11,5.05728063593391e-11
0.314000159502029,1.43461037581853e-21,-8.74072203504994e-11,-8.07777664202369e-11
0.314666837453842,-2.72718277368983e-21,-4.01114245984768e-11,-5.78902377423862e-11
0.315333485603333,1.28941463184391e-21,6.58519697105397e-11,5.05727647259757e-11
0.316000163555145,1.43506869769357e-21,-8.74074077006348e-11,-8.07779607092662e-11
0.316666811704636,-2.72739926236577e-21,-4.01111435732737e-11,-5.78900018199935e-11
0.317333489656448,1.28891359788402e-21,6.58518864438129e-11,5.05727230926123e-11
0.318000167608261,1.43512393057871e-21,-8.74076019896641e-11,-8.07781549982955e-11
0.318666815757751,-2.72711209175272e-21,-4.01108660175176e-11,-5.78897624281538e-11
0.319333493709564,1.28891733392926e-21,6.58517962381922e-11,5.05726814592489e-11
0.320000171661377,1.43473093900839e-21,-8.74077962786934e-11,-8.07783562262188e-11
0.320666819810867,-2.72654623235908e-21,-4.01105884617614e-11,-5.78895230363141e-11
0.32133349776268,1.28948329429711e-21,6.58517129714653e-11,5.05726398258854e-11
0.322000175714493,1.43447032460886e-21,-8.74079836288288e-11,-8.07785505152481e-11
0.322666823863983,-2.72709492613942e-21,-4.01103109060053e-11,-5.78892871139214e-11
0.323333501815796,1.28976087236155e-21,6.58516297047385e-11,5.0572598192522e-11
0.324000149965286,1.43477435791262e-21,-8.74081779178582e-11,-8.07787448042774e-11
0.324666827917099,-2.72729768232473e-21,-4.01100333502491e-11,-5.78890477220817e-11
0.325333505868912,1.28967524624345e-21,6.58515394991177e-11,5.05725565591586e-11
0.326000154018402,1.4355592303371e-21,-8.74083722068875e-11,-8.07789460322006e-11
0.326666831970215,-2.72713410412742e-21,-4.01097557944929e-11,-5.7888808330242e-11
0.327333509922028,1.28929144332496e-21,6.58514562323909e-11,5.05725149257952e-11
0.328000158071518,1.43498882710464e-21,-8.74085595570229e-11,-8.07791403212299e-11
0.328666836023331,-2.726714253421e-21,-4.01094782387368e-11,-5.78885724078493e-11
0.329333484172821,1.28953196385951e-21,6.5851372965664e-11,5.05724732924318e-11
0.330000162124634,1.43449546718363e-21,-8.74087538460522e-11,-8.07793346102592e-11
0.330666840076447,-2.72638790481995e-21,-4.01092006829806e-11,-5.78883330160096e-11
0.331333488225937,1.28932436091281e-21,6.58512827600433e-11,5.05724351285153e-11
0.33200016617775,1.43500367031143e-21,-8.74089481350815e-11,-8.07795358381824e-11
0.332666844129562,-2.72721690296803e-21,-4.01089196577775e-11,-5.78880936241699e-11
0.333333492279053,1.28967565014023e-21,6.58511994933164e-11,5.05723934951519e-11
0.334000170230865,1.43520571967737e-21,-8.74091424241108e-11,-8.07797301272117e-11
0.334666848182678,-2.72685703093396e-21,-4.01086421020214e-11,-5.78878577017772e-11
0.335333496332169,1.2893318330033e-21,6.58511162265896e-11,5.05723518617884e-11
0.336000174283981,1.43508778181659e-21,-8.74093297742462e-11,-8.0779924416241e-11
0.336666822433472,-2.72657935189532e-21,-4.01083645462652e-11,-5.78876183099375e-11
0.337333500385284,1.28909121149455e-21,6.58510260209688e-11,5.0572310228425e-11
0.338000178337097,1.43466904182633e-21,-8.74095240632755e-11,-8.07801256441643e-11
0.338666826486588,-2.72624775263609e-21,-4.01080869905091e-11,-5.78873789180978e-11
0.3393335044384,1.29010014565966e-21,6.5850942754242e-11,5.05722685950616e-11
0.340000182390213,1.43462168492846e-21,-8.74097183523048e-11,-8.07803199331936e-11
0.340666830539703,-2.72713329633385e-21,-4.01078094347529e-11,-5.78871429957051e-11
0.341333508491516,1.289769354194e-21,6.58508525486212e-11,5.05722269616982e-11
0.342000156641006,1.43492117439341e-21,-8.74099057024402e-11,-8.07805142222229e-11
0.342666834592819,-2.7272249809037e-21,-4.01075318789967e-11,-5.78869036038654e-11
0.343333512544632,1.28968706022437e-21,6.58507692818944e-11,5.05721853283347e-11
0.344000160694122,1.43523510316836e-21,-8.74100999914695e-11,-8.07807154501461e-11
0.344666838645935,-2.72719832371599e-21,-4.01072543232406e-11,-5.78866642120257e-11
0.345333516597748,1.28966938974009e-21,6.58506860151675e-11,5.05721436949713e-11
0.346000164747238,1.43460643782489e-21,-8.74102942804988e-11,-8.07809097391754e-11
0.346666842699051,-2.72683380686891e-21,-4.01069767674844e-11,-5.7886428289633e-11
0.347333520650864,1.28912493687597e-21,6.58505958095468e-11,5.05721020616079e-11
0.348000168800354,1.43470579643362e-21,-8.74104816306343e-11,-8.07811109670986e-11
0.348666846752167,-2.72710401381705e-21,-4.01066992117283e-11,-5.78861888977933e-11
0.349333494901657,1.28974572623217e-21,6.58505125428199e-11,5.05720604282445e-11
0.35000017285347,1.43462128103168e-21,-8.74106759196636e-11,-8.07813052561279e-11
0.350666850805283,-2.72685723288235e-21,-4.01064181865252e-11,-5.78859495059536e-11
0.351333498954773,1.28970008589563e-21,6.58504292760931e-11,5.0572018794881e-11
0.352000176906586,1.43470842176271e-21,-8.74108702086929e-11,-8.07814995451572e-11
0.352666854858398,-2.72677241455782e-21,-4.0106140630769e-11,-5.78857135835609e-11
0.353333503007889,1.28940928021153e-21,6.58503390704723e-11,5.05719771615176e-11
0.354000180959702,1.43484039503671e-21,-8.74110644977222e-11,-8.07817007730804e-11
0.354666829109192,-2.72730172129256e-21,-4.01058630750128e-11,-5.78854741917212e-11
0.355333507061005,1.28924358155611e-21,6.58502558037455e-11,5.05719355281542e-11
0.356000185012817,1.43461037581853e-21,-8.74112518478576e-11,-8.07818950621098e-11
0.356666833162308,-2.72701697406021e-21,-4.01055855192567e-11,-5.78852347998815e-11
0.35733351111412,1.28947188421297e-21,6.58501725370186e-11,5.05718938947908e-11
0.358000189065933,1.43471750944034e-21,-8.74114461368869e-11,-8.07820893511391e-11
0.358666837215424,-2.72668072998797e-21,-4.01053079635005e-11,-5.78849988774888e-11
0.359333515167236,1.28963162539084e-21,6.58500823313979e-11,5.05718522614274e-11
0.360000193119049,1.43462350246399e-21,-8.74116404259162e-11,-8.07822905790623e-11
0.360666841268539,-2.72708705015215e-21,-4.01050304077444e-11,-5.78847594856491e-11
0.361333519220352,1.28944532799946e-21,6.5849999064671e-11,5.05718106280639e-11
0.362000167369843,1.43453232276512e-21,-8.74118277760516e-11,-8.07824848680916e-11
0.362666845321655,-2.72710623524936e-21,-4.01047528519882e-11,-5.78845200938094e-11
0.363333523273468,1.28999089157974e-21,6.58499088590503e-11,5.05717689947005e-11
0.364000171422958,1.43418860660238e-21,-8.74120220650809e-11,-8.07826791571209e-11
0.364666849374771,-2.72731747326712e-21,-4.01044752962321e-11,-5.78842841714167e-11
0.365333527326584,1.28968271833395e-21,6.58498255923234e-11,5.05717273613371e-11
0.366000175476074,1.4344889038609e-21,-8.74122163541102e-11,-8.07828803850441e-11
0.366666853427887,-2.7272177107616e-21,-4.0104194271029e-11,-5.7884044779577e-11
0.3673335313797,1.28938161328187e-21,6.58497423255966e-11,5.05716857279737e-11
0.36800017952919,1.43437773127125e-21,-8.74124037042456e-11,-8.07830746740734e-11
0.368666857481003,-2.72720640165166e-21,-4.01039167152728e-11,-5.78838053877373e-11
0.369333505630493,1.28986426993812e-21,6.58496521199758e-11,5.05716440946102e-11
0.370000183582306,1.43447537331865e-21,-8.74125979932749e-11,-8.07832689631027e-11
0.370666861534119,-2.7273374661579e-21,-4.01036391595166e-11,-5.78835694653446e-11
0.371333509683609,1.28984235853761e-21,6.5849568853249e-11,5.05716024612468e-11
0.372000187635422,1.43460775048943e-21,-8.74127922823043e-11,-8.07834701910259e-11
0.372666865587234,-2.72702767732498e-21,-4.01033616037605e-11,-5.78833300735049e-11
0.373333513736725,1.28949864237488e-21,6.58494855865221e-11,5.05715608278834e-11
0.374000191688538,1.43472225522755e-21,-8.74129865713336e-11,-8.07836644800553e-11
0.374666839838028,-2.72694810965863e-21,-4.01030840480043e-11,-5.78830906816652e-11
0.375333517789841,1.28933031839036e-21,6.58493953809014e-11,5.057151919452e-11
0.376000195741653,1.43434642927053e-21,-8.7413173921469e-11,-8.07838657079785e-11
0.376666843891144,-2.72686046405662e-21,-4.01028064922482e-11,-5.78828547592725e-11
0.377333521842957,1.28932920767421e-21,6.58493121141746e-11,5.05714775611565e-11
0.378000199794769,1.43466550772947e-21,-8.74133682104983e-11,-8.07840599970078e-11
0.37866684794426,-2.72692327000645e-21,-4.0102528936492e-11,-5.78826153674328e-11
0.379333525896072,1.28940453442433e-21,6.58492219085538e-11,5.05714359277931e-11
0.380000203847885,1.4343176516247e-21,-8.74135624995276e-11,-8.07842542860371e-11
0.380666851997375,-2.7272005451483e-21,-4.01022513807359e-11,-5.78823759755931e-11
0.381333529949188,1.28959971754494e-21,6.5849138641827e-11,5.05713942944297e-11
0.382000178098679,1.43453747244911e-21,-8.7413749849663e-11,-8.07844555139603e-11
0.382666856050491,-2.72713652750812e-21,-4.01019738249797e-11,-5.78821400532004e-11
0.383333534002304,1.28905859682928e-21,6.58490553751001e-11,5.05713526610663e-11
0.384000182151794,1.4350045790792e-21,-8.74139441386923e-11,-8.07846498029896e-11
0.384666860103607,-2.72710562940419e-21,-4.01016927997766e-11,-5.78819006613607e-11
0.38533353805542,1.2893685876106e-21,6.58489651694794e-11,5.05713110277028e-11
0.38600018620491,1.43447194019599e-21,-8.74141384277216e-11,-8.07848440920189e-11
0.386666864156723,-2.72698405647236e-21,-4.01014152440204e-11,-5.7881661269521e-11
0.387333512306213,1.28936878955899e-21,6.58488819027525e-11,5.05712693943394e-11
0.388000190258026,1.43446961778949e-21,-8.7414325777857e-11,-8.07850453199421e-11
0.388666868209839,-2.72726314914974e-21,-4.01011376882643e-11,-5.78814253471283e-11
0.389333516359329,1.28872982484754e-21,6.58487986360257e-11,5.0571227760976e-11
0.390000194311142,1.43466288240038e-21,-8.74145200668863e-11,-8.07852396089714e-11
0.390666872262955,-2.72706079686122e-21,-4.01008601325081e-11,-5.78811859552886e-11
0.391333520412445,1.28943119161204e-21,6.58487084304049e-11,5.05711861276126e-11
0.392000198364258,1.43473881499567e-21,-8.74147143559156e-11,-8.07854338980007e-11
0.392666876316071,-2.72733322524167e-21,-4.0100582576752e-11,-5.78809465634489e-11
0.393333524465561,1.28938787368201e-21,6.58486251636781e-11,5.05711444942492e-11
0.394000202417374,1.43482484501055e-21,-8.74149086449449e-11,-8.0785635125924e-11
0.394666850566864,-2.72655027132691e-21,-4.01003050209958e-11,-5.78807106410562e-11
0.395333528518677,1.28905243740334e-21,6.58485349580573e-11,5.05711028608857e-11
0.39600020647049,1.43422798653877e-21,-8.74150959950803e-11,-8.07858294149533e-11
0.39666685461998,-2.72662802145773e-21,-4.01000274652397e-11,-5.78804712492165e-11
0.397333532571793,1.28987800242875e-21,6.58484516913305e-11,5.05710612275223e-11
0.398000210523605,1.43383650958139e-21,-8.74152902841097e-11,-8.07860237039826e-11
0.398666858673096,-2.72713794114686e-21,-4.00997499094835e-11,-5.78802318573768e-11
0.399333536624908,1.29032198596799e-21,6.58483684246036e-11,5.05710195941589e-11
0.400000214576721,1.43455221468171e-21,-8.7415484573139e-11,-8.07862249319058e-11
0.400666862726212,-2.72755940744042e-21,-4.00994688842804e-11,-5.78799959349841e-11
0.401333540678024,1.28955528889876e-21,6.58482782189829e-11,5.05709779607955e-11
0.402000188827515,1.43527852207259e-21,-8.74156719232744e-11,-8.07864192209351e-11
0.402666866779327,-2.72710643719775e-21,-4.00991913285242e-11,-5.78797565431444e-11
0.40333354473114,1.28898034182749e-21,6.5848194952256e-11,5.0570936327432e-11
0.40400019288063,1.434588969289e-21,-8.74158662123037e-11,-8.07866135099644e-11
0.404666870832443,-2.72641456200766e-21,-4.00989137727681e-11,-5.78795171513047e-11
0.405333548784256,1.28922570912345e-21,6.58481116855292e-11,5.05708946940686e-11
0.406000196933746,1.43395081237111e-21,-8.7416060501333e-11,-8.07868147378876e-11
0.406666874885559,-2.72709411834586e-21,-4.00986362170119e-11,-5.78792812289119e-11
0.407333523035049,1.28960274677082e-21,6.58480214799084e-11,5.05708530607052e-11
0.408000200986862,1.43349026906376e-21,-8.74162478514684e-11,-8.07870090269169e-11
0.408666878938675,-2.72756082107916e-21,-4.00983586612558e-11,-5.78790418370723e-11
0.409333527088165,1.29030633496763e-21,6.58479382131816e-11,5.05708114273418e-11
0.410000205039978,1.43463693203204e-21,-8.74164421404977e-11,-8.07872102548401e-11
0.410666882991791,-2.72799824129566e-21,-4.00980811054996e-11,-5.78788024452326e-11
0.411333531141281,1.28951873623985e-21,6.58478549464547e-11,5.05707697939783e-11
0.412000209093094,1.43523712265228e-21,-8.7416636429527e-11,-8.07874045438695e-11
0.412666887044907,-2.7268144198233e-21,-4.00978035497435e-11,-5.78785665228398e-11
0.413333535194397,1.28880050678464e-21,6.5847764740834e-11,5.05707281606149e-11
0.41400021314621,1.43444518203409e-21,-8.74168307185563e-11,-8.07875988328988e-11
0.4146668612957,-2.72679604251965e-21,-4.00975259939873e-11,-5.78783271310002e-11
0.415333539247513,1.29005925111034e-21,6.58476814741071e-11,5.05706865272515e-11
0.416000217199326,1.43382772482635e-21,-8.74170180686917e-11,-8.0787800060822e-11
0.416666865348816,-2.72691398038043e-21,-4.00972484382311e-11,-5.78780877391605e-11
0.417333543300629,1.29021333773323e-21,6.58475912684864e-11,5.05706448938881e-11
0.418000221252441,1.434149226666e-21,-8.7417212357721e-11,-8.07879943498513e-11
0.418666869401932,-2.72774237268333e-21,-4.0096967413028e-11,-5.78778518167677e-11
0.419333547353745,1.28966827902394e-21,6.58475080017595e-11,5.05706032605246e-11
0.420000195503235,1.43436208027089e-21,-8.74174066467504e-11,-8.07881886388806e-11
0.420666873455048,-2.72738068311373e-21,-4.00966898572719e-11,-5.78776124249281e-11
0.42133355140686,1.28948137578738e-21,6.58474247350327e-11,5.05705616271612e-11
0.422000199556351,1.43463602326428e-21,-8.74175939968858e-11,-8.07883898668038e-11
0.422666877508163,-2.72726759201436e-21,-4.00964123015157e-11,-5.78773730330884e-11
0.423333555459976,1.28917108208348e-21,6.58473345294119e-11,5.05705199937978e-11
0.424000203609467,1.43421445599653e-21,-8.74177882859151e-11,-8.07885841558331e-11
0.424666881561279,-2.72685198222417e-21,-4.00961347457596e-11,-5.78771371106956e-11
0.425333559513092,1.28910787223687e-21,6.58472512626851e-11,5.05704783604344e-11
0.426000207662582,1.4337899604771e-21,-8.74179825749444e-11,-8.07887784448624e-11
0.426666885614395,-2.72686591666319e-21,-4.00958571900034e-11,-5.7876897718856e-11
0.427333533763885,1.29016093212558e-21,6.58471679959582e-11,5.0570436727071e-11
0.428000211715698,1.43368262490689e-21,-8.74181699250798e-11,-8.07889796727856e-11
0.428666889667511,-2.72719064967711e-21,-4.00955796342473e-11,-5.78766583270163e-11
0.429333537817001,1.29004683128425e-21,6.58470777903375e-11,5.05703950937075e-11
0.430000215768814,1.4340390638183e-21,-8.74183642141091e-11,-8.0789173961815e-11
0.430666893720627,-2.72779306172966e-21,-4.00953020784911e-11,-5.78764224046235e-11
0.431333541870117,1.29002279942563e-21,6.58469945236106e-11,5.05703534603441e-11
0.43200021982193,1.43465520836149e-21,-8.74185585031384e-11,-8.07893682508443e-11
0.432666897773743,-2.72772783239913e-21,-4.00950245227349e-11,-5.78761830127839e-11
0.433333545923233,1.28912039303715e-21,6.58469043179899e-11,5.05703118269807e-11
0.434000223875046,1.43440893229777e-21,-8.74187458532738e-11,-8.07895694787675e-11
0.434666872024536,-2.72676332688019e-21,-4.00947434975318e-11,-5.78759436209442e-11
0.435333549976349,1.2890044746603e-21,6.5846821051263e-11,5.05702701936173e-11
0.436000227928162,1.43371271521726e-21,-8.74189401423031e-11,-8.07897637677968e-11
0.436666876077652,-2.72705090139003e-21,-4.00944659417757e-11,-5.78757076985514e-11
0.437333554029465,1.28961274321621e-21,6.58467377845362e-11,5.05702285602538e-11
0.438000231981277,1.43366485344842e-21,-8.74191344313324e-11,-8.07899580568261e-11
0.438666880130768,-2.72774620970277e-21,-4.00941883860195e-11,-5.78754683067118e-11
0.439333558082581,1.28986851085434e-21,6.58466475789155e-11,5.05701869268904e-11
0.440000206232071,1.43417628775049e-21,-8.74193287203617e-11,-8.07901592847493e-11
0.440666884183884,-2.72797824840488e-21,-4.00939108302634e-11,-5.78752289148721e-11
0.441333562135696,1.28986265435098e-21,6.58465643121886e-11,5.0570145293527e-11
0.442000210285187,1.43456614912074e-21,-8.74195160704971e-11,-8.07903535737786e-11
0.442666888237,-2.72722639454244e-21,-4.00936332745072e-11,-5.78749929924793e-11
0.443333566188812,1.28926014132424e-21,6.58464810454618e-11,5.05701071296105e-11
0.444000214338303,1.43422041347408e-21,-8.74197103595264e-11,-8.07905548017018e-11
0.444666892290115,-2.72658460255351e-21,-4.00933557187511e-11,-5.78747536006397e-11
0.445333570241928,1.2892219730782e-21,6.5846390839841e-11,5.05700654962471e-11
0.446000218391418,1.43347734436669e-21,-8.74199046485558e-11,-8.07907490907311e-11
0.446666896343231,-2.72697759412383e-21,-4.00930781629949e-11,-5.78745142088e-11
0.447333544492722,1.29014518015102e-21,6.58463075731142e-11,5.05700238628837e-11
0.448000222444534,1.43370069928795e-21,-8.74200919986912e-11,-8.07909433797604e-11
0.448666900396347,-2.72745156699923e-21,-4.00928006072387e-11,-5.78742782864072e-11
0.449333548545837,1.28972957036083e-21,6.58462173674934e-11,5.05699822295202e-11
0.45000022649765,1.43425625931362e-21,-8.74202862877205e-11,-8.07911446076837e-11
0.450666904449463,-2.72726880370471e-21,-4.00925195820356e-11,-5.78740388945675e-11
0.451333552598953,1.28971119305718e-21,6.58461341007666e-11,5.05699405961568e-11
0.452000230550766,1.43438803063922e-21,-8.74204805767498e-11,-8.0791338896713e-11
0.452666878700256,-2.72729849011829e-21,-4.00922420262795e-11,-5.78737995027279e-11
0.453333556652069,1.28935758142325e-21,6.58460508340397e-11,5.05698989627934e-11
0.454000234603882,1.4340807661612e-21,-8.74206679268852e-11,-8.07915331857423e-11
0.454666882753372,-2.72689519918e-21,-4.00919644705233e-11,-5.78735635803351e-11
0.455333560705185,1.28918107852887e-21,6.5845960628419e-11,5.056985732943e-11
0.456000238656998,1.43415528511775e-21,-8.74208622159145e-11,-8.07917344136655e-11
0.456666886806488,-2.72708866573928e-21,-4.00916869147672e-11,-5.78733241884954e-11
0.457333564758301,1.28958436946717e-21,6.58458773616921e-11,5.05698156960666e-11
0.458000242710114,1.4338704369112e-21,-8.74210565049438e-11,-8.07919287026948e-11
0.458666890859604,-2.727730861625e-21,-4.0091409359011e-11,-5.78730847966558e-11
0.459333568811417,1.28964000624909e-21,6.58457940949653e-11,5.05697740627031e-11
0.460000216960907,1.43386649891756e-21,-8.74212507939731e-11,-8.07921229917241e-11
0.46066689491272,-2.72725870628512e-21,-4.00911318032549e-11,-5.7872848874263e-11
0.461333572864532,1.28937616067529e-21,6.58457038893445e-11,5.05697324293397e-11
0.462000221014023,1.43433643282514e-21,-8.74214381441085e-11,-8.07923242196473e-11
0.462666898965836,-2.72738310649443e-21,-4.00908542474987e-11,-5.78726094824233e-11
0.463333576917648,1.28987002546728e-21,6.58456206226177e-11,5.05696907959763e-11
0.464000225067139,1.43422465439031e-21,-8.74216324331378e-11,-8.07925185086766e-11
0.464666903018951,-2.72752204698795e-21,-4.00905766917425e-11,-5.78723700905837e-11
0.465333551168442,1.28927225822774e-21,6.58455304169969e-11,5.05696491626129e-11
0.466000229120255,1.43418204327965e-21,-8.74218267221671e-11,-8.07927127977059e-11
0.466666907072067,-2.72748791770974e-21,-4.00902991359864e-11,-5.78721341681909e-11
0.467333555221558,1.28917461618034e-21,6.58454471502701e-11,5.05696075292494e-11
0.46800023317337,1.43416356500181e-21,-8.74220140723025e-11,-8.07929140256292e-11
0.468666911125183,-2.72737018179736e-21,-4.00900181107833e-11,-5.78718947763512e-11
0.469333559274673,1.2897302771802e-21,6.58453638835432e-11,5.0569565895886e-11
0.470000237226486,1.43388214991792e-21,-8.74222083613319e-11,-8.07931083146585e-11
0.470666915178299,-2.72707230791955e-21,-4.00897405550271e-11,-5.78716553845116e-11
0.471333563327789,1.29025473715354e-21,6.58452736779225e-11,5.05695242625226e-11
0.472000241279602,1.43393071850614e-21,-8.74224026503612e-11,-8.07933026036878e-11
0.472666889429092,-2.72724053092987e-21,-4.0089462999271e-11,-5.78714194621188e-11
0.473333567380905,1.28943856272834e-21,6.58451904111956e-11,5.05694826291592e-11
0.474000245332718,1.43413983606578e-21,-8.74225900004966e-11,-8.0793503831611e-11
0.474666893482208,-2.72703070655085e-21,-4.00891854435148e-11,-5.78711800702791e-11
0.475333571434021,1.28986315922196e-21,6.58451071444688e-11,5.05694409957957e-11
0.476000249385834,1.43414841887243e-21,-8.74227842895259e-11,-8.07936981206403e-11
0.476666897535324,-2.72720741139362e-21,-4.00889078877587e-11,-5.78709406784395e-11
0.477333575487137,1.28983024163411e-21,6.5845016938848e-11,5.05693993624323e-11
0.47800025343895,1.43372230776586e-21,-8.74229785785552e-11,-8.07938924096696e-11
0.47866690158844,-2.72725365757533e-21,-4.00886303320025e-11,-5.78707047560467e-11
0.479333579540253,1.2894809718906e-21,6.58449336721212e-11,5.05693577290689e-11
0.480000227689743,1.43367767717129e-21,-8.74231659286906e-11,-8.07940936375928e-11
0.480666905641556,-2.7273301960158e-21,-4.00883527762463e-11,-5.7870465364207e-11
0.481333583593369,1.28944330851554e-21,6.58448434665004e-11,5.05693160957055e-11
0.482000231742859,1.43371675418509e-21,-8.74233602177199e-11,-8.07942879266221e-11
0.482666909694672,-2.72717469575416e-21,-4.00880752204902e-11,-5.78702259723674e-11
0.483333587646484,1.28947965922605e-21,6.58447601997736e-11,5.05692744623421e-11
0.484000235795975,1.43406986094804e-21,-8.74235545067492e-11,-8.07944891545453e-11
0.484666913747787,-2.72761171207388e-21,-4.00877941952871e-11,-5.78699900499746e-11
0.485333561897278,1.28947440856787e-21,6.58446769330467e-11,5.05692328289786e-11
0.486000239849091,1.43385751221413e-21,-8.74237487957785e-11,-8.07946834435747e-11
0.486666917800903,-2.72764220628103e-21,-4.00875166395309e-11,-5.78697506581349e-11
0.487333565950394,1.28960375651278e-21,6.5844586727426e-11,5.05691911956152e-11
0.488000243902206,1.43392152985431e-21,-8.74239361459139e-11,-8.0794877732604e-11
0.488666921854019,-2.72699576947908e-21,-4.00872390837748e-11,-5.78695112662952e-11
0.48933357000351,1.29025726150844e-21,6.58445034606991e-11,5.05691495622518e-11
0.490000247955322,1.4337776416252e-21,-8.74241304349432e-11,-8.07950789605272e-11
0.490666925907135,-2.72791927947449e-21,-4.00869615280186e-11,-5.78692753439025e-11
0.491333574056625,1.29009519792407e-21,6.58444201939723e-11,5.05691079288884e-11
0.492000252008438,1.43375684094085e-21,-8.74243247239725e-11,-8.07952732495565e-11
0.492666900157928,-2.72736149801652e-21,-4.00866839722624e-11,-5.78690359520628e-11
0.493333578109741,1.28966817804974e-21,6.58443299883515e-11,5.05690662955249e-11
0.494000256061554,1.43381490110348e-21,-8.7424512074108e-11,-8.07954675385858e-11
0.494666904211044,-2.72721932634873e-21,-4.00864064165063e-11,-5.78687965602231e-11
0.495333582162857,1.29003683483886e-21,6.58442467216247e-11,5.05690246621615e-11
0.49600026011467,1.43401169981122e-21,-8.74247063631373e-11,-8.0795668766509e-11
0.49666690826416,-2.72704605462862e-21,-4.00861288607501e-11,-5.78685606378304e-11
0.497333586215973,1.29027341737977e-21,6.58441565160039e-11,5.05689830287981e-11
0.498000234365463,1.43362173746678e-21,-8.74249006521666e-11,-8.07958630555383e-11
0.498666912317276,-2.72723124130385e-21,-4.0085851304994e-11,-5.78683212459907e-11
0.499333590269089,1.28978965000737e-21,6.58440732492771e-11,5.05689413954347e-11
0.500000238418579,1.43348491743138e-21,-8.7425088002302e-11,-8.07960573445676e-11
0.500666916370392,-2.72739320391402e-21,-4.00855702797909e-11,-5.7868081854151e-11
0.501333594322205,1.28998513605057e-21,6.58439899825503e-11,5.05688997620712e-11
0.502000272274017,1.43398817282359e-21,-8.74252822913313e-11,-8.07962585724908e-11
0.502666890621185,-2.72783163387248e-21,-4.00852927240347e-11,-5.78678459317583e-11
0.503333568572998,1.28960920911935e-21,6.58438997769295e-11,5.05688581287078e-11
0.504000246524811,1.43402422061151e-21,-8.74254765803606e-11,-8.07964528615202e-11
0.504666924476624,-2.7271835814834e-21,-4.00850151682786e-11,-5.78676065399186e-11
0.505333602428436,1.28950136867817e-21,6.58438165102027e-11,5.05688164953444e-11
0.506000280380249,1.43388326063408e-21,-8.7425663930496e-11,-8.07966471505495e-11
0.506666898727417,-2.72676736584803e-21,-4.00847376125224e-11,-5.78673671480789e-11
0.50733357667923,1.28992960024284e-21,6.58437332434758e-11,5.0568774861981e-11
0.508000254631042,1.43357660200123e-21,-8.74258582195253e-11,-8.07968483784727e-11
0.508666932582855,-2.72674293009263e-21,-4.00844600567662e-11,-5.78671312256862e-11
0.509333610534668,1.2900259296257e-21,6.58436430378551e-11,5.05687332286175e-11
0.510000228881836,1.43360972153747e-21,-8.74260525085546e-11,-8.0797042667502e-11
0.510666906833649,-2.7274523747928e-21,-4.00841825010101e-11,-5.78668918338465e-11
0.511333584785461,1.28993586064299e-21,6.58435597711282e-11,5.05686915952541e-11
0.512000262737274,1.43384196218797e-21,-8.74262467975839e-11,-8.07972369565313e-11
0.512666940689087,-2.72756122497594e-21,-4.00839049452539e-11,-5.78666524420068e-11
0.5133336186409,1.28988769595156e-21,6.58434695655075e-11,5.05686499618907e-11
0.514000236988068,1.43419365531218e-21,-8.74264341477193e-11,-8.07974381844545e-11
0.51466691493988,-2.7275670814793e-21,-4.00836273894978e-11,-5.78664165196141e-11
0.515333592891693,1.28946128192241e-21,6.58433862987806e-11,5.05686083285273e-11
0.516000270843506,1.43387700023393e-21,-8.74266284367486e-11,-8.07976324734838e-11
0.516666948795319,-2.72681038085547e-21,-4.00833463642947e-11,-5.78661771277744e-11
0.517333567142487,1.28999301203785e-21,6.58433030320538e-11,5.05685666951639e-11
0.518000245094299,1.43340252248755e-21,-8.7426822725778e-11,-8.07978267625131e-11
0.518666923046112,-2.7269733532076e-21,-4.00830688085385e-11,-5.78659377359347e-11
0.519333600997925,1.28995231943691e-21,6.5843212826433e-11,5.05685250618004e-11
0.520000278949738,1.4334868359411e-21,-8.74270100759134e-11,-8.07980279904363e-11
0.520666897296906,-2.72748751381296e-21,-4.00827912527824e-11,-5.7865701813542e-11
0.521333575248718,1.29009630864022e-21,6.58431295597062e-11,5.0568483428437e-11
0.522000253200531,1.43391526945417e-21,-8.74272043649427e-11,-8.07982222794656e-11
0.522666931152344,-2.72743217995362e-21,-4.00825136970262e-11,-5.78654624217023e-11
0.523333609104156,1.2896470744428e-21,6.58430393540854e-11,5.05684417950736e-11
0.524000287055969,1.4340464349346e-21,-8.7427398653972e-11,-8.07984235073889e-11
0.524666905403137,-2.72731343429928e-21,-4.008223614127e-11,-5.78652230298626e-11
0.52533358335495,1.28943775493477e-21,6.58429560873586e-11,5.05684001617102e-11
0.526000261306763,1.43374674352126e-21,-8.74275860041074e-11,-8.07986177964182e-11
0.526666939258575,-2.72690024788979e-21,-4.00819585855139e-11,-5.78649871074699e-11
0.527333617210388,1.28983690593104e-21,6.58428728206317e-11,5.05683585283467e-11
0.528000235557556,1.43361567901503e-21,-8.74277802931367e-11,-8.07988120854475e-11
0.528666913509369,-2.72721023867111e-21,-4.00816810297577e-11,-5.78647477156302e-11
0.529333591461182,1.29020011011357e-21,6.5842782615011e-11,5.05683168949833e-11
0.530000269412994,1.43385195863336e-21,-8.7427974582166e-11,-8.07990133133707e-11
0.530666947364807,-2.72747095404484e-21,-4.00814034740016e-11,-5.78645083237905e-11
0.53133362531662,1.29040074584076e-21,6.58426993482841e-11,5.05682752616199e-11
0.532000243663788,1.43405723917356e-21,-8.74281619323014e-11,-8.07992076024e-11
0.532666921615601,-2.72757051460196e-21,-4.00811224487985e-11,-5.78642724013978e-11
0.533333599567413,1.29025271766962e-21,6.58426160815573e-11,5.05682336282565e-11
0.534000277519226,1.43462925799315e-21,-8.74283562213307e-11,-8.07994018914293e-11
0.534666955471039,-2.72666396827146e-21,-4.00808448930423e-11,-5.78640330095581e-11
0.535333573818207,1.28978954903317e-21,6.58425258759365e-11,5.0568191994893e-11
0.53600025177002,1.43408894507106e-21,-8.742855051036e-11,-8.07996031193525e-11
0.536666929721832,-2.72624815653287e-21,-4.00805673372862e-11,-5.78637936177184e-11
0.537333607673645,1.2898793150933e-21,6.58424426092097e-11,5.05681503615296e-11
0.538000285625458,1.43347795021186e-21,-8.74287447993893e-11,-8.07997974083818e-11
0.538666963577271,-2.72739906041738e-21,-4.008028978153e-11,-5.78635576953257e-11
0.539333581924438,1.29079676663696e-21,6.58423524035889e-11,5.05681087281662e-11
0.540000259876251,1.43385205960755e-21,-8.74289321495247e-11,-8.07999916974111e-11
0.540666937828064,-2.72757253408588e-21,-4.00800122257738e-11,-5.7863318303486e-11
0.541333615779877,1.29058371108368e-21,6.58422691368621e-11,5.05680670948028e-11
0.542000293731689,1.43438177023908e-21,-8.74291264385541e-11,-8.08001929253344e-11
0.542666912078857,-2.72708038585522e-21,-4.00797346700177e-11,-5.78630789116463e-11
0.54333359003067,1.29009327941435e-21,6.58421858701352e-11,5.05680254614393e-11
0.544000267982483,1.43424333461654e-21,-8.74293207275834e-11,-8.08003872143637e-11
0.544666945934296,-2.72724295431057e-21,-4.00794571142615e-11,-5.78628429892536e-11
0.545333623886108,1.29011943173108e-21,6.58420956645145e-11,5.05679838280759e-11
0.546000301837921,1.43423293427437e-21,-8.74295080777188e-11,-8.0800581503393e-11
0.546666920185089,-2.72675423920256e-21,-4.00791795585054e-11,-5.78626035974139e-11
0.547333598136902,1.29004016698732e-21,6.58420123977876e-11,5.05679421947125e-11
0.548000276088715,1.43332204605344e-21,-8.74297023667481e-11,-8.08007827313162e-11
0.548666954040527,-2.72701616626665e-21,-4.00789020027492e-11,-5.78623642055742e-11
0.54933363199234,1.29023494621115e-21,6.58419291310608e-11,5.05679005613491e-11
0.550000250339508,1.43316068928844e-21,-8.74298966557774e-11,-8.08009770203455e-11
0.550666928291321,-2.7274255156567e-21,-4.00786209775461e-11,-5.78621282831815e-11
0.551333606243134,1.29069478269913e-21,6.584183892544e-11,5.05678589279857e-11
0.552000284194946,1.43368080737136e-21,-8.74300840059128e-11,-8.08011713093748e-11
0.552666962146759,-2.72808184792984e-21,-4.007834342179e-11,-5.78618888913418e-11
0.553333580493927,1.28948672741976e-21,6.58417556587132e-11,5.05678172946222e-11
0.55400025844574,1.43421132579645e-21,-8.74302782949421e-11,-8.0801372537298e-11
0.554666936397552,-2.72733059991258e-21,-4.00780658660338e-11,-5.78616494995021e-11
0.555333614349365,1.28949753165872e-21,6.58416654530924e-11,5.05677756612588e-11
0.556000292301178,1.43383115794901e-21,-8.74304725839714e-11,-8.08015668263273e-11
0.556666970252991,-2.72696749670424e-21,-4.00777883102776e-11,-5.78614135771094e-11
0.557333588600159,1.28987507417707e-21,6.58415821863656e-11,5.05677340278954e-11
0.558000266551971,1.43316321364334e-21,-8.74306599341068e-11,-8.08017611153566e-11
0.558666944503784,-2.72667386374265e-21,-4.00775107545215e-11,-5.78611741852697e-11
0.559333622455597,1.29020273544267e-21,6.58414989196388e-11,5.0567692394532e-11
0.56000030040741,1.43351541163853e-21,-8.74308542231361e-11,-8.08019623432799e-11
0.560666918754578,-2.72711996774e-21,-4.00772331987653e-11,-5.786093479343e-11
0.56133359670639,1.29006127059426e-21,6.5841408714018e-11,5.05676507611685e-11
0.562000274658203,1.43366657000974e-21,-8.74310485121654e-11,-8.08021566323092e-11
0.562666952610016,-2.72777226104531e-21,-4.00769556430092e-11,-5.78606988710373e-11
0.563333630561829,1.28981610524669e-21,6.58413254472912e-11,5.05676091278051e-11
0.564000308513641,1.43367515281639e-21,-8.74312358623008e-11,-8.08023509213385e-11
0.564666926860809,-2.72754547300139e-21,-4.0076678087253e-11,-5.78604594791976e-11
0.565333604812622,1.28937737236564e-21,6.58412421805643e-11,5.05675674944417e-11
0.566000282764435,1.43363526800903e-21,-8.74314301513301e-11,-8.08025521492617e-11
0.566666960716248,-2.72728253619535e-21,-4.00763970620499e-11,-5.78602200873579e-11
0.56733363866806,1.28949500730383e-21,6.58411519749436e-11,5.05675258610783e-11
0.568000257015228,1.43332810450519e-21,-8.74316244403595e-11,-8.0802746438291e-11
0.568666934967041,-2.72740128184969e-21,-4.00761195062938e-11,-5.78599841649652e-11
0.569333612918854,1.28959779903522e-21,6.58410687082167e-11,5.05674842277148e-11
0.570000290870667,1.43322601959317e-21,-8.74318187293888e-11,-8.08029476662142e-11
0.570666968822479,-2.72747095404484e-21,-4.00758419505376e-11,-5.78597447731255e-11
0.571333646774292,1.29011256548576e-21,6.5840978502596e-11,5.05674425943514e-11
0.57200026512146,1.43347431514081e-21,-8.74320060795242e-11,-8.08031419552435e-11
0.572666943073273,-2.727833451408e-21,-4.00755643947814e-11,-5.78595053812858e-11
0.573333621025085,1.28955458207939e-21,6.58408952358691e-11,5.0567400960988e-11
0.574000298976898,1.4338485255107e-21,-8.74322003685535e-11,-8.08033362442728e-11
0.574666976928711,-2.72734857331945e-21,-4.00752868390253e-11,-5.78592694588931e-11
0.575333595275879,1.28929477547342e-21,6.58408119691423e-11,5.05673593276246e-11
0.576000273227692,1.4336675797517e-21,-8.74323946575828e-11,-8.0803537472196e-11
0.576666951179504,-2.72700384741475e-21,-4.00750092832691e-11,-5.78590300670534e-11
0.577333629131317,1.28972674308334e-21,6.58407217635215e-11,5.05673176942611e-11
0.57800030708313,1.43318300458573e-21,-8.74325820077182e-11,-8.08037317612254e-11
0.578666985034943,-2.72706322024192e-21,-4.0074731727513e-11,-5.78587906752137e-11
0.579333603382111,1.29009519792407e-21,6.58406384967947e-11,5.05672760608977e-11
0.580000281333923,1.4332693375232e-21,-8.74327762967475e-11,-8.08039260502547e-11
0.580666959285736,-2.72791382686792e-21,-4.00744541717568e-11,-5.7858554752821e-11
0.581333637237549,1.29009580376924e-21,6.58405482911739e-11,5.05672344275343e-11
0.582000315189362,1.43337091756424e-21,-8.74329705857768e-11,-8.08041272781779e-11
0.58266693353653,-2.7277528739997e-21,-4.00741731465537e-11,-5.78583153609813e-11
0.583333611488342,1.28985659589923e-21,6.58404650244471e-11,5.05671927941709e-11
0.584000289440155,1.4337800650059e-21,-8.74331579359122e-11,-8.08043215672072e-11
0.584666967391968,-2.72774944087704e-21,-4.00738955907975e-11,-5.78580759691416e-11
0.585333645343781,1.28954842265344e-21,6.58403817577202e-11,5.05671511608075e-11
0.586000263690948,1.43339060753244e-21,-8.74333522249415e-11,-8.08045158562365e-11
0.586666941642761,-2.72717449380577e-21,-4.00736180350414e-11,-5.78578400467489e-11
0.587333619594574,1.28945542541905e-21,6.58402915520995e-11,5.0567109527444e-11
0.588000297546387,1.43311171680345e-21,-8.74335465139708e-11,-8.08047170841597e-11
0.588666975498199,-2.72762180949346e-21,-4.00733404792852e-11,-5.78576006549092e-11
0.589333653450012,1.28987860827393e-21,6.58402082853726e-11,5.05670678940806e-11
0.59000027179718,1.43306587451852e-21,-8.74337338641062e-11,-8.0804911373189e-11
0.590666949748993,-2.72807821285879e-21,-4.00730629235291e-11,-5.78573612630695e-11
0.591333627700806,1.29011912880849e-21,6.58401250186458e-11,5.05670262607172e-11
0.592000305652618,1.43337758186117e-21,-8.74339281531356e-11,-8.08051056622183e-11
0.592666983604431,-2.72804105435471e-21,-4.00727853677729e-11,-5.78571253406768e-11
0.593333601951599,1.289290433583e-21,6.5840034813025e-11,5.05669846273538e-11
0.594000279903412,1.43359346469194e-21,-8.74341224421649e-11,-8.08053068901415e-11
0.594666957855225,-2.72753093271718e-21,-4.00725078120168e-11,-5.78568859488371e-11
0.595333635807037,1.28928447610544e-21,6.58399515462982e-11,5.05669429939903e-11
0.59600031375885,1.4330810206479e-21,-8.74343167311942e-11,-8.08055011791708e-11
0.596666991710663,-2.72711148590755e-21,-4.00722302562606e-11,-5.78566465569974e-11
0.597333610057831,1.28993050901061e-21,6.58398613406774e-11,5.05669013606269e-11
0.598000288009644,1.43248335438256e-21,-8.74345040813296e-11,-8.08056954682002e-11
0.598666965961456,-2.72745641376063e-21,-4.00719492310575e-11,-5.78564106346047e-11
0.599333643913269,1.29028210116062e-21,6.58397780739506e-11,5.05668597272635e-11
0.600000321865082,1.43314362464934e-21,-8.74346983703589e-11,-8.08058966961234e-11
0.60066694021225,-2.72814041296344e-21,-4.00716716753013e-11,-5.7856171242765e-11
0.601333618164062,1.2901041846275e-21,6.58396948072237e-11,5.05668180939001e-11
0.602000296115875,1.43330811161441e-21,-8.74348926593882e-11,-8.08060909851527e-11
0.602666974067688,-2.72781992086576e-21,-4.00713941195452e-11,-5.78559318509253e-11
0.603333652019501,1.28982357733718e-21,6.5839604601603e-11,5.05667764605366e-11
0.604000329971313,1.43353358699379e-21,-8.74350800095236e-11,-8.0806285274182e-11
0.604666948318481,-2.72738209675247e-21,-4.0071116563789e-11,-5.78556959285326e-11
0.605333626270294,1.28960466528054e-21,6.58395213348761e-11,5.05667348271732e-11
0.606000304222107,1.43320431014106e-21,-8.74352742985529e-11,-8.08064865021052e-11
0.60666698217392,-2.72783789427262e-21,-4.00708390080329e-11,-5.78554565366929e-11
0.607333660125732,1.28998533799896e-21,6.58394311292554e-11,5.05666931938098e-11
0.6080002784729,1.4331030330226e-21,-8.74354685875822e-11,-8.08066807911345e-11
0.608666956424713,-2.72782113255611e-21,-4.00705614522767e-11,-5.78552171448532e-11
0.609333634376526,1.28977733115547e-21,6.58393478625285e-11,5.05666515604464e-11
0.610000312328339,1.4329955964782e-21,-8.74356559377176e-11,-8.08068750801638e-11
0.610666990280151,-2.72753517363341e-21,-4.00702838965206e-11,-5.78549812224605e-11
0.611333668231964,1.28983407865355e-21,6.58392645958017e-11,5.0566609927083e-11
0.612000286579132,1.43320925787666e-21,-8.74358502267469e-11,-8.0807076308087e-11
0.612666964530945,-2.72801641665092e-21,-4.00700063407644e-11,-5.78547418306208e-11
0.613333642482758,1.28917754443202e-21,6.58391743901809e-11,5.05665682937195e-11
0.61400032043457,1.43314130224284e-21,-8.74360445157762e-11,-8.08072705971163e-11
0.614666998386383,-2.72783870206619e-21,-4.00697253155613e-11,-5.78545024387811e-11
0.615333616733551,1.28964798321057e-21,6.58390911234541e-11,5.05665266603561e-11
0.616000294685364,1.43280526011899e-21,-8.74362318659117e-11,-8.08074648861457e-11
0.616666972637177,-2.72770844535352e-21,-4.00694477598051e-11,-5.78542665163884e-11
0.617333650588989,1.28950581154278e-21,6.58390078567272e-11,5.05664850269927e-11
0.618000328540802,1.43268550472269e-21,-8.7436426154941e-11,-8.08076661140689e-11
0.61866694688797,-2.72778498379399e-21,-4.0069170204049e-11,-5.78540271245487e-11
0.619333624839783,1.28979439579458e-21,6.58389176511065e-11,5.05664433936293e-11
0.620000302791595,1.43291168692143e-21,-8.74366204439703e-11,-8.08078604030982e-11
0.620666980743408,-2.72771288821814e-21,-4.00688926482928e-11,-5.7853787732709e-11
0.621333658695221,1.28954317199526e-21,6.58388343843797e-11,5.05664017602658e-11
0.622000336647034,1.43253141809979e-21,-8.74368077941057e-11,-8.08080546921275e-11
0.622666954994202,-2.72773772787032e-21,-4.00686150925367e-11,-5.78535518103163e-11
0.623333632946014,1.29018142988734e-21,6.58387441787589e-11,5.05663601269024e-11
0.624000310897827,1.43313322430717e-21,-8.7437002083135e-11,-8.08082559200507e-11
0.62466698884964,-2.72828844113459e-21,-4.00683375367805e-11,-5.78533124184766e-11
0.625333666801453,1.28988385893211e-21,6.58386609120321e-11,5.0566318493539e-11
0.626000285148621,1.43316482923048e-21,-8.74371963721643e-11,-8.080845020908e-11
0.626666963100433,-2.72776074998698e-21,-4.00680599810244e-11,-5.78530730266369e-11
0.627333641052246,1.28966020108827e-21,6.58385776453052e-11,5.05662768601756e-11
0.628000319004059,1.43293541585746e-21,-8.74373906611936e-11,-8.08086514370032e-11
0.628666996955872,-2.72747761834177e-21,-4.00677824252682e-11,-5.78528371042442e-11
0.629333674907684,1.28907354101027e-21,6.58384874396845e-11,5.05662352268121e-11
0.630000293254852,1.43267772970961e-21,-8.7437578011329e-11,-8.08088457260325e-11
0.630666971206665,-2.72775307594809e-21,-4.00675014000651e-11,-5.78525977124045e-11
0.631333649158478,1.29015043080921e-21,6.58384041729576e-11,5.05661935934487e-11
0.632000327110291,1.43268318231618e-21,-8.74377723003583e-11,-8.08090400150618e-11
0.632667005062103,-2.72812809411155e-21,-4.00672238443089e-11,-5.78523583205648e-11
0.633333623409271,1.28988739302897e-21,6.58383139673369e-11,5.05661519600853e-11
0.634000301361084,1.43281636728053e-21,-8.74379665893876e-11,-8.08092412429851e-11
0.634666979312897,-2.72810628368524e-21,-4.00669462885528e-11,-5.78521223981721e-11
0.635333657264709,1.28964737736539e-21,6.583823070061e-11,5.05661103267219e-11
0.636000335216522,1.43312100642947e-21,-8.7438153939523e-11,-8.08094355320144e-11
0.636667013168335,-2.72771773497954e-21,-4.00666687327966e-11,-5.78518830063324e-11
0.637333631515503,1.28959073084151e-21,6.58381474338832e-11,5.05660686933584e-11
0.638000309467316,1.4325580752875e-21,-8.74383482285523e-11,-8.08096298210437e-11
0.638666987419128,-2.7277456038576e-21,-4.00663911770405e-11,-5.78516436144927e-11
0.639333665370941,1.29000664355429e-21,6.58380572282624e-11,5.0566027059995e-11
0.640000343322754,1.43261340914684e-21,-8.74385425175817e-11,-8.08098310489669e-11
0.640666961669922,-2.72786192613124e-21,-4.00661136212843e-11,-5.78514076921e-11
0.641333639621735,1.29061794133608e-21,6.58379739615356e-11,5.05659854266316e-11
0.642000317573547,1.43268338426458e-21,-8.74387298677171e-11,-8.08100253379962e-11
0.64266699552536,-2.72811860253714e-21,-4.00658360655282e-11,-5.78511683002603e-11
0.643333673477173,1.28979833378821e-21,6.58378906948087e-11,5.05659403238212e-11
0.644000351428986,1.43294834055453e-21,-8.74389241567464e-11,-8.08102196270255e-11
0.644666969776154,-2.72795684187536e-21,-4.0065558509772e-11,-5.78509289084206e-11
0.645333647727966,1.28939857694677e-21,6.5837800489188e-11,5.05658986904578e-11
0.646000325679779,1.43308718007385e-21,-8.74391184457757e-11,-8.08104208549487e-11
0.646667003631592,-2.72742915072775e-21,-4.00652774845689e-11,-5.78506895165809e-11
0.647333681583405,1.28969958102466e-21,6.58377172224611e-11,5.05658570570944e-11
0.648000299930573,1.43246477513052e-21,-8.74393057959111e-11,-8.0810615143978e-11
0.648666977882385,-2.72751215151675e-21,-4.00649999288127e-11,-5.78504535941882e-11
0.649333655834198,1.29028947227692e-21,6.58376270168404e-11,5.0565815423731e-11
0.650000333786011,1.43282919100341e-21,-8.74395000849404e-11,-8.08108094330073e-11
0.650667011737823,-2.72827915150857e-21,-4.00647223730566e-11,-5.78502142023485e-11
0.651333630084991,1.29034187788457e-21,6.58375437501135e-11,5.05657737903675e-11
0.652000308036804,1.43337778380956e-21,-8.74396943739697e-11,-8.08110106609305e-11
0.652666985988617,-2.7279386665201e-21,-4.00644448173004e-11,-5.78499748105088e-11
0.65333366394043,1.28955993371177e-21,6.58374604833867e-11,5.05657321570041e-11
0.654000341892242,1.43295702433538e-21,-8.74398817241051e-11,-8.08112049499599e-11
0.654667019844055,-2.72741622603068e-21,-4.00641672615443e-11,-5.78497388881161e-11
0.655333638191223,1.2895788158864e-21,6.58373702777659e-11,5.05656905236407e-11
0.656000316143036,1.43258816559787e-21,-8.74400760131344e-11,-8.08113992389892e-11
0.656666994094849,-2.72750912229088e-21,-4.00638897057881e-11,-5.78494994962764e-11
0.657333672046661,1.29033773794254e-21,6.58372870110391e-11,5.05656488902773e-11
0.658000349998474,1.43274891651769e-21,-8.74402703021637e-11,-8.08116004669124e-11
0.658666968345642,-2.7277676162323e-21,-4.0063612150032e-11,-5.78492601044367e-11
0.659333646297455,1.2905880529741e-21,6.58371968054183e-11,5.05656072569138e-11
0.660000324249268,1.43298166203917e-21,-8.74404576522991e-11,-8.08117947559417e-11
0.66066700220108,-2.72798430685663e-21,-4.00633345942758e-11,-5.7849024182044e-11
0.661333680152893,1.29002633352248e-21,6.58371135386915e-11,5.05655656235504e-11
0.662000358104706,1.4336993866234e-21,-8.74406519413284e-11,-8.0811989044971e-11
0.662666976451874,-2.72765169785544e-21,-4.00630535690727e-11,-5.78487847902043e-11
0.663333654403687,1.28918956036132e-21,6.58370302719646e-11,5.0565523990187e-11
0.664000332355499,1.4326754073031e-21,-8.74408462303577e-11,-8.08121902728942e-11
0.664667010307312,-2.72717045483793e-21,-4.00627760133165e-11,-5.78485453983646e-11
0.665333688259125,1.29021677085589e-21,6.58369400663439e-11,5.05654823568236e-11
0.666000306606293,1.43259896983683e-21,-8.74410405193871e-11,-8.08123845619235e-11
0.666666984558105,-2.72744086373447e-21,-4.00624984575604e-11,-5.78483094759719e-11
0.667333662509918,1.29075445844889e-21,6.5836856799617e-11,5.05654407234601e-11
0.668000340461731,1.43284484200377e-21,-8.74412278695225e-11,-8.08125788509528e-11
0.668667018413544,-2.72817030132542e-21,-4.00622209018042e-11,-5.78480700841322e-11
0.669333696365356,1.29044800176443e-21,6.58367735328902e-11,5.05653990900967e-11
0.670000314712524,1.4331250453973e-21,-8.74414221585518e-11,-8.0812780078876e-11
0.670666992664337,-2.72801641665092e-21,-4.00619433460481e-11,-5.78478306922925e-11
0.67133367061615,1.28993040803641e-21,6.58366833272694e-11,5.05653574567333e-11
0.672000348567963,1.43331538175651e-21,-8.74416164475811e-11,-8.08129743679054e-11
0.672667026519775,-2.72749155278079e-21,-4.00616657902919e-11,-5.78475947698998e-11
0.673333644866943,1.28974350479986e-21,6.58366000605426e-11,5.05653158233699e-11
0.674000322818756,1.43308283818343e-21,-8.74418037977165e-11,-8.08131686569347e-11
0.674667000770569,-2.72732797458349e-21,-4.00613882345358e-11,-5.78473553780601e-11
0.675333678722382,1.29026574334089e-21,6.58365098549218e-11,5.05652741900064e-11
0.676000356674194,1.43272468271069e-21,-8.74419980867458e-11,-8.08133698848579e-11
0.676667034626007,-2.72767371023014e-21,-4.00611106787796e-11,-5.78471159862204e-11
0.677333652973175,1.29046779270682e-21,6.5836426588195e-11,5.0565232556643e-11
0.678000330924988,1.4327780980603e-21,-8.74421923757751e-11,-8.08135641738872e-11
0.678667008876801,-2.72809982133671e-21,-4.00608296535765e-11,-5.78468800638277e-11
0.679333686828613,1.29072689249342e-21,6.58363433214681e-11,5.05651909232796e-11
0.680000364780426,1.43328307001384e-21,-8.74423797259105e-11,-8.08137584629165e-11
0.680666983127594,-2.72773712202515e-21,-4.00605520978203e-11,-5.7846640671988e-11
0.681333661079407,1.29025887709557e-21,6.58362531158474e-11,5.05651492899162e-11
0.682000339031219,1.43314261490738e-21,-8.74425740149398e-11,-8.08139596908397e-11
0.682667016983032,-2.72752305672991e-21,-4.00602745420642e-11,-5.78464012801483e-11
0.683333694934845,1.2905269635856e-21,6.58361698491206e-11,5.05651076565528e-11
0.684000313282013,1.43265157739288e-21,-8.74427683039691e-11,-8.0814153979869e-11
0.684666991233826,-2.72748488848387e-21,-4.0059996986308e-11,-5.78461653577556e-11
0.685333669185638,1.29081413419865e-21,6.58360796434998e-11,5.05650660231893e-11
0.686000347137451,1.43281364097725e-21,-8.74429556541045e-11,-8.08143482688983e-11
0.686667025089264,-2.7277577207611e-21,-4.00597194305519e-11,-5.78459259659159e-11
0.687333703041077,1.29044891053219e-21,6.5835996376773e-11,5.05650243898259e-11
0.688000321388245,1.43296853539371e-21,-8.74431499431338e-11,-8.08145494968215e-11
0.688666999340057,-2.72768764466917e-21,-4.00594418747957e-11,-5.78456865740762e-11
0.68933367729187,1.29008722096259e-21,6.58359131100461e-11,5.05649827564625e-11
0.690000355243683,1.43296823247112e-21,-8.74433442321632e-11,-8.08147437858509e-11
0.690667033195496,-2.72730151934417e-21,-4.00591643190396e-11,-5.78454506516834e-11
0.691333651542664,1.29005723162642e-21,6.58358229044254e-11,5.05649411230991e-11
0.692000329494476,1.43299196140715e-21,-8.74435315822986e-11,-8.08149450137741e-11
0.692667007446289,-2.72750346773591e-21,-4.00588832938364e-11,-5.78452112598438e-11
0.693333685398102,1.28961728705502e-21,6.58357396376985e-11,5.05648994897356e-11
0.694000363349915,1.43253989993225e-21,-8.74437258713279e-11,-8.08151393028034e-11
0.694667041301727,-2.72724719522679e-21,-4.00586057380803e-11,-5.78449718680041e-11
0.695333659648895,1.29033935352968e-21,6.58356494320778e-11,5.05648578563722e-11
0.696000337600708,1.43247436767913e-21,-8.74439201603572e-11,-8.08153335918327e-11
0.696667015552521,-2.7275012463036e-21,-4.00583281823241e-11,-5.78447359456113e-11
0.697333693504333,1.29033046780044e-21,6.58355661653509e-11,5.05648162230088e-11
0.698000371456146,1.43275911491148e-21,-8.74441075104926e-11,-8.08155348197559e-11
0.698666989803314,-2.72802106146393e-21,-4.0058050626568e-11,-5.78444965537717e-11
0.699333667755127,1.29044052967394e-21,6.58354828986241e-11,5.05647745896454e-11
0.70000034570694,1.43313160872003e-21,-8.74443017995219e-11,-8.08157291087852e-11
0.700667023658752,-2.72774782528991e-21,-4.00577730708118e-11,-5.7844257161932e-11
0.701333701610565,1.2901897097714e-21,6.58353926930033e-11,5.05647329562819e-11
0.702000379562378,1.43314241295899e-21,-8.74444960885512e-11,-8.08159233978145e-11
0.702666997909546,-2.72724557963966e-21,-4.00574955150557e-11,-5.78440212395392e-11
0.703333675861359,1.28982418318236e-21,6.58353094262765e-11,5.05646913229185e-11
0.704000353813171,1.43292400577333e-21,-8.74446903775805e-11,-8.08161246257377e-11
0.704667031764984,-2.72720135294187e-21,-4.00572179592995e-11,-5.78437818476996e-11
0.705333709716797,1.29029038104468e-21,6.58352261595496e-11,5.05646496895551e-11
0.706000328063965,1.43257473602982e-21,-8.74448777277159e-11,-8.0816318914767e-11
0.706667006015778,-2.72784354882759e-21,-4.00569404035434e-11,-5.78435424558599e-11
0.70733368396759,1.29030047846427e-21,6.58351359539289e-11,5.05646080561917e-11
0.708000361919403,1.43269418850353e-21,-8.74450720167452e-11,-8.08165132037963e-11
0.708667039871216,-2.72770077131463e-21,-4.00566593783402e-11,-5.78433065334671e-11
0.709333658218384,1.28990334695192e-21,6.5835052687202e-11,5.05645664228282e-11
0.710000336170197,1.43274538242084e-21,-8.74452663057745e-11,-8.08167144317196e-11
0.710667014122009,-2.72777609806475e-21,-4.00563818225841e-11,-5.78430671416275e-11
0.711333692073822,1.29028977519951e-21,6.58349624815813e-11,5.05645247894648e-11
0.712000370025635,1.43261795298565e-21,-8.74454536559099e-11,-8.08169087207489e-11
0.712667047977448,-2.72760666336408e-21,-4.00561042668279e-11,-5.78428277497878e-11
0.713333666324615,1.29013851585409e-21,6.58348792148544e-11,5.05644831561014e-11
0.714000344276428,1.43258917533983e-21,-8.74456479449393e-11,-8.08171030097782e-11
0.714667022228241,-2.72781608384632e-21,-4.00558267110718e-11,-5.7842591827395e-11
0.715333700180054,1.29059481824522e-21,6.58347959481276e-11,5.0564441522738e-11
0.716000378131866,1.43272609634943e-21,-8.74458422339686e-11,-8.08173042377014e-11
0.716666996479034,-2.72774257463172e-21,-4.00555491553156e-11,-5.78423524355554e-11
0.717333674430847,1.29033026585205e-21,6.58347057425068e-11,5.05643998893746e-11
0.71800035238266,1.43275103697581e-21,-8.7446029584104e-11,-8.08174985267307e-11
0.718667030334473,-2.72782254619485e-21,-4.00552715995595e-11,-5.78421130437157e-11
0.719333708286285,1.29002138578689e-21,6.583462247578e-11,5.05643582560111e-11
0.720000386238098,1.43252657133839e-21,-8.74462238731333e-11,-8.081769281576e-11
0.720667004585266,-2.72836275814275e-21,-4.00549940438033e-11,-5.7841873651876e-11
0.721333682537079,1.29043810629324e-21,6.58345322701592e-11,5.05643166226477e-11
0.722000360488892,1.43223859293178e-21,-8.74464181621626e-11,-8.08178940436832e-11
0.722667038440704,-2.72800753092168e-21,-4.00547164880471e-11,-5.78416377294833e-11
0.723333716392517,1.29019778770707e-21,6.58344490034324e-11,5.05642749892843e-11
0.724000334739685,1.43233623497918e-21,-8.7446605512298e-11,-8.08180883327125e-11
0.724667012691498,-2.72813374866652e-21,-4.0054435462844e-11,-5.78413983376436e-11
0.725333690643311,1.2900748011365e-21,6.58343657367055e-11,5.05642333559209e-11
0.726000368595123,1.43292016875389e-21,-8.74467998013273e-11,-8.08182826217418e-11
0.726667046546936,-2.72808487715572e-21,-4.00541579070879e-11,-5.78411589458039e-11
0.727333724498749,1.28961637828726e-21,6.58342755310848e-11,5.05641917225574e-11
0.728000342845917,1.4322673705776e-21,-8.74469940903566e-11,-8.08184838496651e-11
0.728667020797729,-2.7277456038576e-21,-4.00538803513317e-11,-5.78409230234112e-11
0.729333698749542,1.29009903494351e-21,6.58341922643579e-11,5.0564150089194e-11
0.730000376701355,1.43215337071046e-21,-8.7447181440492e-11,-8.08186781386944e-11
0.730667054653168,-2.72798632634055e-21,-4.00536027955756e-11,-5.78406836315715e-11
0.731333673000336,1.28989617778401e-21,6.58341020587372e-11,5.05641084558306e-11
0.732000350952148,1.43277850195708e-21,-8.74473757295213e-11,-8.08188724277237e-11
0.732667028903961,-2.72828117099248e-21,-4.00533252398194e-11,-5.78404442397318e-11
0.733333706855774,1.28967544819184e-21,6.58340187920103e-11,5.05640668224672e-11
0.734000384807587,1.43252434990608e-21,-8.74475700185506e-11,-8.08190736556469e-11
0.734667062759399,-2.72790615282903e-21,-4.00530476840633e-11,-5.7840208317339e-11
0.735333681106567,1.28921187565861e-21,6.58339355252835e-11,5.05640251891037e-11
0.73600035905838,1.43200857371359e-21,-8.7447757368686e-11,-8.08192679446762e-11
0.736667037010193,-2.7278605124925e-21,-4.00527701283071e-11,-5.78399689254994e-11
0.737333714962006,1.29010539631785e-21,6.58338453196627e-11,5.05639835557403e-11
0.738000392913818,1.43204573221767e-21,-8.74479516577154e-11,-8.08194622337055e-11
0.738667011260986,-2.72830055803809e-21,-4.00524925725509e-11,-5.78397295336597e-11
0.739333689212799,1.29053332495994e-21,6.58337620529359e-11,5.05639419223769e-11
0.740000367164612,1.43256473958443e-21,-8.74481459467447e-11,-8.08196634616287e-11
0.740667045116425,-2.72833791849056e-21,-4.00522115473478e-11,-5.78394936112669e-11
0.741333723068237,1.28988335406114e-21,6.58336718473151e-11,5.05639002890135e-11
0.742000341415405,1.43263097865692e-21,-8.74483332968801e-11,-8.0819857750658e-11
0.742667019367218,-2.72792432818429e-21,-4.00519339915917e-11,-5.78392542194273e-11
0.743333697319031,1.28991990672004e-21,6.58335885805883e-11,5.05638586556501e-11
0.744000375270844,1.43204290494018e-21,-8.74485275859094e-11,-8.08200520396873e-11
0.744667053222656,-2.72787283134439e-21,-4.00516564358355e-11,-5.78390148275876e-11
0.745333731174469,1.28929639106055e-21,6.58335053138615e-11,5.05638170222866e-11
0.746000349521637,1.4318689264007e-21,-8.74487218749387e-11,-8.08202532676106e-11
0.74666702747345,-2.72833064834846e-21,-4.00513788800794e-11,-5.78387789051948e-11
0.747333705425262,1.29024393291458e-21,6.58334151082407e-11,5.05637753889232e-11
0.748000383377075,1.43225484977731e-21,-8.7448916163968e-11,-8.08204475566399e-11
0.748667061328888,-2.72875070100327e-21,-4.00511013243232e-11,-5.78385395133552e-11
0.749333679676056,1.29023201795947e-21,6.58333318415139e-11,5.05637337555598e-11
0.750000357627869,1.43238631818033e-21,-8.74491035141034e-11,-8.08206418456692e-11
0.750667035579681,-2.72842818942167e-21,-4.00508237685671e-11,-5.78383001215155e-11
0.751333713531494,1.28931618200294e-21,6.5833248574787e-11,5.05636921221964e-11
0.752000391483307,1.43224636794486e-21,-8.74492978031327e-11,-8.08208430735924e-11
0.75266706943512,-2.72795441849466e-21,-4.00505462128109e-11,-5.78380641991227e-11
0.753333687782288,1.28971462617984e-21,6.58331583691663e-11,5.05636504888329e-11
0.7540003657341,1.43197282884825e-21,-8.7449492092162e-11,-8.08210373626217e-11
0.754667043685913,-2.72818120653858e-21,-4.00502686570547e-11,-5.78378248072831e-11
0.755333721637726,1.2902581702762e-21,6.58330751024394e-11,5.05636088554695e-11
0.756000399589539,1.43164082569224e-21,-8.74496794422974e-11,-8.0821231651651e-11
0.756667017936707,-2.72841183160194e-21,-4.00499876318516e-11,-5.78375854154434e-11
0.757333695888519,1.29035662011717e-21,6.58329848968187e-11,5.05635637526591e-11
0.758000373840332,1.43216437689781e-21,-8.74498737313267e-11,-8.08214328795742e-11
0.758667051792145,-2.72868284634365e-21,-4.00497100760955e-11,-5.78373494930506e-11
0.759333729743958,1.28952560248517e-21,6.58329016300918e-11,5.05635221192957e-11
0.76000040769577,1.43206542218586e-21,-8.7450068020356e-11,-8.08216271686035e-11
0.760667026042938,-2.72802449458659e-21,-4.00494325203393e-11,-5.7837110101211e-11
0.761333703994751,1.28971917001865e-21,6.5832818363365e-11,5.05634804859323e-11
0.762000381946564,1.43191587940178e-21,-8.74502553704914e-11,-8.08218214576328e-11
0.762667059898376,-2.72778700327791e-21,-4.00491549645832e-11,-5.78368707093713e-11
0.763333737850189,1.29050283075279e-21,6.58327281577442e-11,5.05634388525689e-11
0.764000356197357,1.43214539374899e-21,-8.74504496595208e-11,-8.0822022685556e-11
0.76466703414917,-2.7284810999003e-21,-4.0048877408827e-11,-5.78366347869785e-11
0.765333712100983,1.29002673741927e-21,6.58326448910174e-11,5.05633972192054e-11
0.766000390052795,1.43208178000559e-21,-8.74506439485501e-11,-8.08222169745854e-11
0.766667068004608,-2.72799379843104e-21,-4.00485998530709e-11,-5.78363953951389e-11
0.767333745956421,1.2900675309944e-21,6.58325546853966e-11,5.0563355585842e-11
0.768000364303589,1.43204946826291e-21,-8.74508312986855e-11,-8.08224112636147e-11
0.768667042255402,-2.72812243955658e-21,-4.00483222973147e-11,-5.78361560032992e-11
0.769333720207214,1.28982579876949e-21,6.58324714186698e-11,5.05633139524786e-11
0.770000398159027,1.43215902526543e-21,-8.74510255877148e-11,-8.08226124915379e-11
0.77066707611084,-2.72865659305272e-21,-4.00480412721116e-11,-5.78359200809064e-11
0.771333694458008,1.28983912736335e-21,6.58323881519429e-11,5.05632723191152e-11
0.772000372409821,1.43227817481656e-21,-8.74512198767441e-11,-8.08228067805672e-11
0.772667050361633,-2.72816646430598e-21,-4.00477637163554e-11,-5.78356806890667e-11
0.773333728313446,1.28970887065067e-21,6.58322979463222e-11,5.05632306857517e-11
0.774000406265259,1.43220062663413e-21,-8.74514072268795e-11,-8.08230010695965e-11
0.774667024612427,-2.72825168652729e-21,-4.00474861605993e-11,-5.78354412972271e-11
0.77533370256424,1.28959052889312e-21,6.58322146795953e-11,5.05631890523883e-11
0.776000380516052,1.43174008332677e-21,-8.74516015159088e-11,-8.08232022975197e-11
0.776667058467865,-2.72825350406282e-21,-4.00472086048431e-11,-5.78352053748343e-11
0.777333736419678,1.29036540487221e-21,6.58321244739746e-11,5.05631474190249e-11
0.77800041437149,1.43164203738259e-21,-8.74517958049381e-11,-8.0823396586549e-11
0.778667032718658,-2.7280388329224e-21,-4.0046931049087e-11,-5.78349659829946e-11
0.779333710670471,1.29004188354865e-21,6.58320412072477e-11,5.05631057856615e-11
0.780000388622284,1.43179551816031e-21,-8.74519831550735e-11,-8.08235978144722e-11
0.780667066574097,-2.72879189847519e-21,-4.00466534933308e-11,-5.7834726591155e-11
0.781333744525909,1.29011084892443e-21,6.58319579405209e-11,5.05630641522981e-11
0.782000362873077,1.43234148563737e-21,-8.74521774441028e-11,-8.08237921035015e-11
0.78266704082489,-2.7285277499788e-21,-4.00463759375747e-11,-5.78344871993153e-11
0.783333718776703,1.28909585630756e-21,6.58318677349001e-11,5.05630225189346e-11
0.784000396728516,1.43179996102492e-21,-8.74523717331321e-11,-8.08239863925309e-11
0.784667074680328,-2.72772500512164e-21,-4.00460983818185e-11,-5.78342512769225e-11
0.785333752632141,1.28939080193369e-21,6.58317844681733e-11,5.05629808855712e-11
0.786000370979309,1.43147229975933e-21,-8.74525590832675e-11,-8.08241876204541e-11
0.786667048931122,-2.72825027288855e-21,-4.00458173566154e-11,-5.78340118850829e-11
0.787333726882935,1.28982186077585e-21,6.58316942625525e-11,5.05629392522078e-11
0.788000404834747,1.43164335004713e-21,-8.74527533722969e-11,-8.08243819094834e-11
0.78866708278656,-2.72863841769747e-21,-4.00455398008592e-11,-5.78337724932432e-11
0.789333701133728,1.29006631930405e-21,6.58316109958257e-11,5.05628976188444e-11
0.790000379085541,1.4316148753239e-21,-8.74529476613262e-11,-8.08245761985127e-11
0.790667057037354,-2.72892053960072e-21,-4.00452622451031e-11,-5.78335365708504e-11
0.791333734989166,1.2894980365297e-21,6.58315277290988e-11,5.05628559854809e-11
0.792000412940979,1.43186771471035e-21,-8.74531350114616e-11,-8.08247774264359e-11
0.792667090892792,-2.72843687320251e-21,-4.00449846893469e-11,-5.78332971790108e-11
0.79333370923996,1.29003622899368e-21,6.58314375234781e-11,5.05628143521175e-11
0.794000387191772,1.43220557436973e-21,-8.74533293004909e-11,-8.08249717154652e-11
0.794667065143585,-2.72862327156809e-21,-4.00447071335908e-11,-5.78330577871711e-11
0.795333743095398,1.2895055086202e-21,6.58313542567512e-11,5.05627727187541e-11
0.796000421047211,1.43161315876257e-21,-8.74535235895202e-11,-8.08251660044945e-11
0.796667039394379,-2.72815879026709e-21,-4.00444295778346e-11,-5.78328218647783e-11
0.797333717346191,1.28958255193164e-21,6.58312640511305e-11,5.05627310853907e-11
0.798000395298004,1.43181541007689e-21,-8.74537178785495e-11,-8.08253672324177e-11
0.798667073249817,-2.7284152647246e-21,-4.00441520220784e-11,-5.78325824729387e-11
0.79933375120163,1.28998008734078e-21,6.58311807844036e-11,5.05626894520272e-11
0.800000429153442,1.43181056331549e-21,-8.74539052286849e-11,-8.0825561521447e-11
0.80066704750061,-2.72857500590246e-21,-4.00438744663223e-11,-5.7832343081099e-11
0.801333725452423,1.29002421306437e-21,6.58310975176768e-11,5.05626478186638e-11
0.802000403404236,1.43176209570147e-21,-8.74540995177142e-11,-8.08257558104764e-11
0.802667081356049,-2.72821897088783e-21,-4.00435934411192e-11,-5.78321071587062e-11
0.803333759307861,1.28904718674515e-21,6.5831007312056e-11,5.05626061853004e-11
0.804000377655029,1.43183186887082e-21,-8.74542938067435e-11,-8.08259570383996e-11
0.804667055606842,-2.72817393639647e-21,-4.0043315885363e-11,-5.78318677668666e-11
0.805333733558655,1.29006843976216e-21,6.58309240453292e-11,5.0562564551937e-11
0.806000411510468,1.43157650512947e-21,-8.74544811568789e-11,-8.08261513274289e-11
0.80666708946228,-2.72842697773132e-21,-4.00430383296069e-11,-5.78316283750269e-11
0.807333707809448,1.290307041787e-21,6.58308338397084e-11,5.05625229185735e-11
0.808000385761261,1.43156186387107e-21,-8.74546754459082e-11,-8.08263456164582e-11
0.808667063713074,-2.7284152647246e-21,-4.00427607738507e-11,-5.78313924526341e-11
0.809333741664886,1.29020515882337e-21,6.58307505729816e-11,5.05624812852101e-11
0.810000419616699,1.43198948959057e-21,-8.74548697349375e-11,-8.08265468443814e-11
0.810667097568512,-2.72846292454505e-21,-4.00424832180946e-11,-5.78311530607944e-11
0.81133371591568,1.28979934353017e-21,6.58306673062548e-11,5.05624396518467e-11
0.812000393867493,1.43159306489759e-21,-8.7455057085073e-11,-8.08267411334107e-11
0.812667071819305,-2.72814849089911e-21,-4.00422056623384e-11,-5.78309136689548e-11
0.813333749771118,1.28992313789431e-21,6.5830577100634e-11,5.05623980184833e-11
0.814000427722931,1.43148441666284e-21,-8.74552513741023e-11,-8.082693542244e-11
0.814667046070099,-2.72822987610098e-21,-4.00419281065822e-11,-5.7830677746562e-11
0.815333724021912,1.29039286985349e-21,6.58304938339072e-11,5.05623563851199e-11
0.816000401973724,1.43199716362945e-21,-8.74554456631316e-11,-8.08271366503632e-11
0.816667079925537,-2.72850432396535e-21,-4.00416470813791e-11,-5.78304383547223e-11
0.81733375787735,1.29004733615523e-21,6.58304036282864e-11,5.05623147517564e-11
0.818000435829163,1.4319691937772e-21,-8.7455633013267e-11,-8.08273309393925e-11
0.818667054176331,-2.72864831316866e-21,-4.0041369525623e-11,-5.78301989628827e-11
0.819333732128143,1.28959426493836e-21,6.58303203615596e-11,5.0562273118393e-11
0.820000410079956,1.43169494786122e-21,-8.74558273022963e-11,-8.08275252284218e-11
0.820667088031769,-2.72796592955298e-21,-4.00410919698668e-11,-5.78299630404899e-11
0.821333765983582,1.28952630930455e-21,6.58302370948327e-11,5.05622314850296e-11
0.82200038433075,1.43107839942125e-21,-8.74560215913256e-11,-8.08277264563451e-11
0.822667062282562,-2.72820867151985e-21,-4.00408144141107e-11,-5.78297236486502e-11
0.823333740234375,1.29009943884029e-21,6.5830146889212e-11,5.05621898516662e-11
0.824000418186188,1.4312286490247e-21,-8.7456208941461e-11,-8.08279207453744e-11
0.824667096138,-2.72891064412953e-21,-4.00405368583545e-11,-5.78294842568106e-11
0.825333774089813,1.28967332773373e-21,6.58300636224851e-11,5.05621482183027e-11
0.826000392436981,1.43166041468623e-21,-8.74564032304903e-11,-8.08281150344037e-11
0.826667070388794,-2.72856167730861e-21,-4.00402593025984e-11,-5.78292483344178e-11
0.827333748340607,1.28923520069786e-21,6.58299803557583e-11,5.05621031154924e-11
0.828000426292419,1.43171241639711e-21,-8.74565975195196e-11,-8.08283162623269e-11
0.828667104244232,-2.72843545956377e-21,-4.00399817468422e-11,-5.78290089425781e-11
0.8293337225914,1.29030057943846e-21,6.58298901501375e-11,5.05620614821289e-11
0.830000400543213,1.43099923565169e-21,-8.7456784869655e-11,-8.08285105513562e-11
0.830667078495026,-2.72858833449632e-21,-4.0039704191086e-11,-5.78287695507385e-11
0.831333756446838,1.2901897097714e-21,6.58298068834107e-11,5.05620198487655e-11
0.832000434398651,1.43106466693061e-21,-8.74569791586843e-11,-8.08287048403855e-11
0.832667112350464,-2.72859277736093e-21,-4.00394231658829e-11,-5.78285301588988e-11
0.833333730697632,1.28983559326649e-21,6.58297166777899e-11,5.05619782154021e-11
0.834000408649445,1.4315537859354e-21,-8.74571734477136e-11,-8.08289060683087e-11
0.834667086601257,-2.7285691493991e-21,-4.00391456101268e-11,-5.7828294236506e-11
0.83533376455307,1.28987598294484e-21,6.58296334110631e-11,5.05619365820387e-11
0.836000442504883,1.43174371839783e-21,-8.7457360797849e-11,-8.0829100357338e-11
0.836667060852051,-2.72897668125363e-21,-4.00388680543706e-11,-5.78280548446664e-11
0.837333738803864,1.28978480324597e-21,6.58295501443362e-11,5.05618949486752e-11
0.838000416755676,1.43156045023232e-21,-8.74575550868784e-11,-8.08292946463673e-11
0.838667094707489,-2.72832903276133e-21,-4.00385904986145e-11,-5.78278154528267e-11
0.839333772659302,1.28980338249801e-21,6.58294599387155e-11,5.05618533153118e-11
0.84000039100647,1.43145291271372e-21,-8.74577493759077e-11,-8.08294958742906e-11
0.840667068958282,-2.72881269915954e-21,-4.00383129428583e-11,-5.78275795304339e-11
0.841333746910095,1.28966686538519e-21,6.58293766719886e-11,5.05618116819484e-11
0.842000424861908,1.43151339625705e-21,-8.74579367260431e-11,-8.08296901633199e-11
0.842667102813721,-2.72868042296295e-21,-4.00380353871022e-11,-5.78273401385943e-11
0.843333780765533,1.28972613723817e-21,6.58292864663679e-11,5.0561770048585e-11
0.844000399112701,1.43149411018564e-21,-8.74581310150724e-11,-8.08298844523492e-11
0.844667077064514,-2.7282514845789e-21,-4.0037757831346e-11,-5.78271007467546e-11
0.845333755016327,1.28951631285915e-21,6.5829203199641e-11,5.05617284152216e-11
0.84600043296814,1.43131932385259e-21,-8.74583253041017e-11,-8.08300856802724e-11
0.846667110919952,-2.72839648352417e-21,-4.00374802755898e-11,-5.78268648243618e-11
0.84733372926712,1.29006854073636e-21,6.58291199329142e-11,5.05616867818581e-11
0.848000407218933,1.43136950802794e-21,-8.74585126542371e-11,-8.08302799693017e-11
0.848667085170746,-2.72865901643342e-21,-4.00371992503867e-11,-5.78266254325221e-11
0.849333763122559,1.29023403744339e-21,6.58290297272934e-11,5.05616451484947e-11
0.850000441074371,1.43149481700501e-21,-8.74587069432664e-11,-8.0830474258331e-11
0.850667119026184,-2.72918468809711e-21,-4.00369216946306e-11,-5.78263860406825e-11
0.851333737373352,1.28977167660051e-21,6.58289464605666e-11,5.05616035151313e-11
0.852000415325165,1.43160477790431e-21,-8.74589012322957e-11,-8.08306754862542e-11
0.852667093276978,-2.72858005461225e-21,-4.00366441388744e-11,-5.78261501182897e-11
0.85333377122879,1.28992051256521e-21,6.58288562549458e-11,5.05615618817679e-11
0.854000449180603,1.43137122458927e-21,-8.74590885824311e-11,-8.08308697752835e-11
0.854667067527771,-2.72858005461225e-21,-4.00363665831183e-11,-5.782591072645e-11
0.855333745479584,1.29011751322135e-21,6.5828772988219e-11,5.05615202484044e-11
0.856000423431396,1.43080364863429e-21,-8.74592828714604e-11,-8.08310640643128e-11
0.856667101383209,-2.72852350906257e-21,-4.00360890273621e-11,-5.78256713346104e-11
0.857333779335022,1.2903608610334e-21,6.58286897214921e-11,5.0561478615041e-11
0.858000457286835,1.43155085768372e-21,-8.74594771604897e-11,-8.08312652922361e-11
0.858667075634003,-2.7288209790436e-21,-4.0035811471606e-11,-5.78254354122176e-11
0.859333753585815,1.28980035327213e-21,6.58285995158714e-11,5.05614369816776e-11
0.860000431537628,1.43136203593744e-21,-8.7459671449519e-11,-8.08314595812654e-11
0.860667109489441,-2.72879371601071e-21,-4.00355339158498e-11,-5.78251960203779e-11
0.861333787441254,1.29016264868691e-21,6.58285162491445e-11,5.05613953483142e-11
0.862000405788422,1.43137172946025e-21,-8.74598587996545e-11,-8.08316538702947e-11
0.862667083740234,-2.72842758357649e-21,-4.00352528906467e-11,-5.78249566285383e-11
0.863333761692047,1.28987093423504e-21,6.58284260435238e-11,5.05613537149507e-11
0.86400043964386,1.43118109017845e-21,-8.74600530886838e-11,-8.08318550982179e-11
0.864667117595673,-2.72876079842286e-21,-4.00349753348905e-11,-5.78247207061455e-11
0.865333795547485,1.29001987117395e-21,6.58283427767969e-11,5.05613120815873e-11
0.866000413894653,1.43142443799049e-21,-8.74602473777131e-11,-8.08320493872472e-11
0.866667091846466,-2.72895204354983e-21,-4.00346977791344e-11,-5.78244813143058e-11
0.867333769798279,1.29018859905525e-21,6.58282595100701e-11,5.05612704482239e-11
0.868000447750092,1.43130730792328e-21,-8.74604347278485e-11,-8.08322436762765e-11
0.868667125701904,-2.72855965782469e-21,-4.00344202233782e-11,-5.78242419224662e-11
0.869333744049072,1.29021838644303e-21,6.58281693044493e-11,5.05612288148605e-11
0.870000422000885,1.43138546195088e-21,-8.74606290168778e-11,-8.08324449041997e-11
0.870667099952698,-2.72835811332974e-21,-4.00341426676221e-11,-5.78240060000734e-11
0.87133377790451,1.28976854640043e-21,6.58280860377225e-11,5.0561187181497e-11
0.872000455856323,1.43105255002711e-21,-8.74608233059071e-11,-8.0832639193229e-11
0.872667074203491,-2.72812284345336e-21,-4.00338651118659e-11,-5.78237666082337e-11
0.873333752155304,1.29017597728076e-21,6.58279958321017e-11,5.05611455481336e-11
0.874000430107117,1.43097116482524e-21,-8.74610106560425e-11,-8.08328334822583e-11
0.874667108058929,-2.72824482028197e-21,-4.00335875561098e-11,-5.78235272163941e-11
0.875333786010742,1.29005793844579e-21,6.58279125653749e-11,5.05611039147702e-11
0.876000463962555,1.43129882609083e-21,-8.74612049450718e-11,-8.08330347101816e-11
0.876667082309723,-2.72852088373348e-21,-4.00333100003536e-11,-5.78232878245544e-11
0.877333760261536,1.2899696869986e-21,6.58278292986481e-11,5.05610622814068e-11
0.878000438213348,1.43164940849888e-21,-8.74613992341011e-11,-8.08332289992109e-11
0.878667116165161,-2.72820846957146e-21,-4.00330289751505e-11,-5.78230519021616e-11
0.879333794116974,1.2894051402695e-21,6.58277390930273e-11,5.05610206480434e-11
0.880000412464142,1.43132659399469e-21,-8.74615865842365e-11,-8.08334232882402e-11
0.880667090415955,-2.72793018468765e-21,-4.00327514193943e-11,-5.7822812510322e-11
0.881333768367767,1.28999604126372e-21,6.58276558263005e-11,5.05609790146799e-11
0.88200044631958,1.43086524289377e-21,-8.74617808732658e-11,-8.08336245161634e-11
0.882667124271393,-2.72817898510627e-21,-4.00324738636382e-11,-5.78225731184823e-11
0.883333802223206,1.29057795555451e-21,6.58275656206797e-11,5.05609339118696e-11
0.884000420570374,1.43097550671566e-21,-8.74619751622951e-11,-8.08338188051927e-11
0.884667098522186,-2.72904372811968e-21,-4.0032196307882e-11,-5.78223371960895e-11
0.885333776473999,1.2903485421815e-21,6.58274823539529e-11,5.05608922785061e-11
0.886000454425812,1.43182570944487e-21,-8.74621625124306e-11,-8.0834013094222e-11
0.886667132377625,-2.72882622970178e-21,-4.00319187521259e-11,-5.78220978042499e-11
0.887333750724792,1.28992283497172e-21,6.5827399087226e-11,5.05608506451427e-11
0.888000428676605,1.43134497129834e-21,-8.74623568014599e-11,-8.08342143221452e-11
0.888667106628418,-2.72838719389815e-21,-4.00316411963697e-11,-5.78218584124102e-11
0.889333784580231,1.2898206490855e-21,6.58273088816053e-11,5.05608090117793e-11
0.890000462532043,1.43070933873535e-21,-8.74625510904892e-11,-8.08344086111745e-11
0.890667140483856,-2.72829874050257e-21,-4.00313636406135e-11,-5.78216224900174e-11
0.891333758831024,1.29042508062197e-21,6.58272256148784e-11,5.05607673784159e-11
0.892000436782837,1.43097964665769e-21,-8.74627384406246e-11,-8.08346029002038e-11
0.89266711473465,-2.72885187714753e-21,-4.00310860848574e-11,-5.78213830981777e-11
0.893333792686462,1.29076677730079e-21,6.58271354092577e-11,5.05607257450524e-11
0.894000470638275,1.4312972105037e-21,-8.74629327296539e-11,-8.0834804128127e-11
0.894667088985443,-2.72919761279419e-21,-4.00308050596543e-11,-5.78211437063381e-11
0.895333766937256,1.29024413486297e-21,6.58270521425308e-11,5.0560684111689e-11
0.896000444889069,1.43168959622884e-21,-8.74631270186832e-11,-8.08349984171564e-11
0.896667122840881,-2.72834559252945e-21,-4.00305275038981e-11,-5.78209077839453e-11
0.897333800792694,1.28948571767781e-21,6.5826968875804e-11,5.05606424783256e-11
0.898000478744507,1.43136960900213e-21,-8.74633143688186e-11,-8.08351927061857e-11
0.898667097091675,-2.72781204487848e-21,-4.0030249948142e-11,-5.78206683921056e-11
0.899333775043488,1.28982852507278e-21,6.58268786701832e-11,5.05606008449622e-11
0.9000004529953,1.4307374095618e-21,-8.74635086578479e-11,-8.08353939341089e-11
0.900667130947113,-2.72816484871884e-21,-4.00299723923858e-11,-5.7820429000266e-11
0.901333808898926,1.29036338538829e-21,6.58267954034564e-11,5.05605592115987e-11
0.902000427246094,1.43083727304152e-21,-8.74637029468772e-11,-8.08355882231382e-11
0.902667105197906,-2.72847706093247e-21,-4.00296948366297e-11,-5.78201930778732e-11
0.903333783149719,1.29068044436332e-21,6.58267051978356e-11,5.05605175782353e-11
0.904000461101532,1.431255609135e-21,-8.74638902970126e-11,-8.08357825121675e-11
0.904667139053345,-2.7287818010556e-21,-4.00294172808735e-11,-5.78199536860335e-11
0.905333757400513,1.29023444134017e-21,6.58266219311088e-11,5.05604759448719e-11
0.906000435352325,1.43165324551833e-21,-8.74640845860419e-11,-8.08359837400907e-11
0.906667113304138,-2.72869678078268e-21,-4.00291397251173e-11,-5.78197142941939e-11
0.907333791255951,1.28971775637991e-21,6.58265386643819e-11,5.05604343115085e-11
0.908000469207764,1.43151390112803e-21,-8.74642788750712e-11,-8.083617802912e-11
0.908667147159576,-2.72855420521811e-21,-4.00288586999142e-11,-5.78194783718011e-11
0.909333765506744,1.28948995859403e-21,6.58264484587612e-11,5.0560392678145e-11
0.910000443458557,1.43051657899544e-21,-8.74644662252066e-11,-8.08363723181493e-11
0.91066712141037,-2.72825713913387e-21,-4.00285811441581e-11,-5.78192389799614e-11
0.911333799362183,1.29049232943642e-21,6.58263651920343e-11,5.05603510447816e-11
0.912000477313995,1.43049163836906e-21,-8.7464660514236e-11,-8.08365735460725e-11
0.912667095661163,-2.72898395139573e-21,-4.00283035884019e-11,-5.78189995881218e-11
0.913333773612976,1.2902336335466e-21,6.58262749864136e-11,5.05603094114182e-11
0.914000451564789,1.43111111506071e-21,-8.74648548032653e-11,-8.08367678351019e-11
0.914667129516602,-2.72914207698646e-21,-4.00280260326458e-11,-5.78187601962821e-11
0.915333807468414,1.28997352401805e-21,6.58261917196867e-11,5.05602677780548e-11
0.916000485420227,1.43162022695628e-21,-8.74650421534007e-11,-8.08369621241312e-11
0.916667103767395,-2.72839951275004e-21,-4.00277484768896e-11,-5.78185242738893e-11
0.917333781719208,1.2894638062773e-21,6.5826101514066e-11,5.05602261446914e-11
0.918000459671021,1.43106446498222e-21,-8.746523644243e-11,-8.08371633520544e-11
0.918667137622833,-2.72804246799345e-21,-4.00274709211335e-11,-5.78182848820497e-11
0.919333815574646,1.29037449254984e-21,6.58260182473391e-11,5.05601845113279e-11
0.920000433921814,1.4305175887374e-21,-8.74654307314593e-11,-8.08373576410837e-11
0.920667111873627,-2.72866507488518e-21,-4.00271933653773e-11,-5.781804549021e-11
0.921333789825439,1.29045557482912e-21,6.58259349806123e-11,5.05601428779645e-11
0.922000467777252,1.43111798130603e-21,-8.74656180815947e-11,-8.0837551930113e-11
0.922667145729065,-2.72874302696439e-21,-4.00269158096211e-11,-5.78178095678172e-11
0.923333823680878,1.28965070951385e-21,6.58258447749915e-11,5.05601012446011e-11
0.924000442028046,1.43113413717737e-21,-8.7465812370624e-11,-8.08377531580362e-11
0.924667119979858,-2.72859762412234e-21,-4.0026634784418e-11,-5.78175701759776e-11
0.925333797931671,1.29026109852788e-21,6.58257615082647e-11,5.05600596112377e-11
0.926000475883484,1.4312922627681e-21,-8.74660066596533e-11,-8.08379474470655e-11
0.926667153835297,-2.72842798747328e-21,-4.00263572286619e-11,-5.78173307841379e-11
0.927333772182465,1.28960183800305e-21,6.58256713026439e-11,5.05600179778742e-11
0.928000450134277,1.43082556003479e-21,-8.74661940097887e-11,-8.08381417360948e-11
0.92866712808609,-2.72832620548384e-21,-4.00260796729057e-11,-5.78170948617451e-11
0.929333806037903,1.28999028573456e-21,6.58255880359171e-11,5.05599763445108e-11
0.930000483989716,1.43035491930785e-21,-8.7466388298818e-11,-8.0838342964018e-11
0.930667102336884,-2.72851886424956e-21,-4.00258021171496e-11,-5.78168554699054e-11
0.931333780288696,1.2906002708518e-21,6.58255047691902e-11,5.05599312417004e-11
0.932000458240509,1.43069712085765e-21,-8.74665825878473e-11,-8.08385372530473e-11
0.932667136192322,-2.72885934923803e-21,-4.00255245613934e-11,-5.78166160780658e-11
0.933333814144135,1.29007358944615e-21,6.58254145635695e-11,5.0559889608337e-11
0.934000492095947,1.43181147208325e-21,-8.74667699379827e-11,-8.08387315420767e-11
0.934667110443115,-2.72911764123106e-21,-4.00252470056373e-11,-5.7816380155673e-11
0.935333788394928,1.28890723650968e-21,6.58253312968426e-11,5.05598479749736e-11
0.936000466346741,1.4313532511824e-21,-8.74669642270121e-11,-8.08389327699999e-11
0.936667144298553,-2.72781244877526e-21,-4.00249694498811e-11,-5.78161407638333e-11
0.937333822250366,1.28990607325521e-21,6.58252410912219e-11,5.05598063416102e-11
0.938000440597534,1.43065077370175e-21,-8.74671585160414e-11,-8.08391270590292e-11
0.938667118549347,-2.72805377710339e-21,-4.0024688424678e-11,-5.78159013719937e-11
0.93933379650116,1.29036096200759e-21,6.58251578244951e-11,5.05597647082467e-11
0.940000474452972,1.43057898104848e-21,-8.74673458661768e-11,-8.08393213480585e-11
0.940667152404785,-2.72879492770106e-21,-4.00244108689218e-11,-5.78156654496009e-11
0.941333830356598,1.29038216658872e-21,6.58250745577682e-11,5.05597230748833e-11
0.942000448703766,1.43105325684648e-21,-8.74675401552061e-11,-8.08395225759817e-11
0.942667126655579,-2.72912975813456e-21,-4.00241333131657e-11,-5.78154260577612e-11
0.943333804607391,1.28994101032698e-21,6.58249843521475e-11,5.05596814415199e-11
0.944000482559204,1.43116140021025e-21,-8.74677344442354e-11,-8.0839716865011e-11
0.944667160511017,-2.72899021179587e-21,-4.00238557574095e-11,-5.78151866659216e-11
0.945333778858185,1.28982085103389e-21,6.58249010854206e-11,5.05596398081565e-11
0.946000456809998,1.43086877699063e-21,-8.74679217943708e-11,-8.08399111540403e-11
0.94666713476181,-2.72868143270491e-21,-4.00235782016534e-11,-5.78149507435288e-11
0.947333812713623,1.28971301059271e-21,6.58248108797999e-11,5.05595981747931e-11
0.948000490665436,1.43060099342318e-21,-8.74681160834001e-11,-8.08401123819635e-11
0.948667168617249,-2.72838052960122e-21,-4.00233006458972e-11,-5.78147113516891e-11
0.949333786964417,1.29045809918402e-21,6.5824727613073e-11,5.05595565414296e-11
0.950000464916229,1.43063704121111e-21,-8.74683103724294e-11,-8.08403066709928e-11
0.950667142868042,-2.72866971969819e-21,-4.00230230901411e-11,-5.78144719598495e-11
0.951333820819855,1.29027493199271e-21,6.58246443463462e-11,5.05595149080662e-11
0.952000498771667,1.43092027383052e-21,-8.74684977225648e-11,-8.08405009600222e-11
0.952667117118835,-2.7290530177457e-21,-4.00227455343849e-11,-5.78142325680098e-11
0.953333795070648,1.28997695714071e-21,6.58245541407254e-11,5.05594732747028e-11
0.954000473022461,1.43107940916321e-21,-8.74686920115941e-11,-8.08407021879454e-11
0.954667150974274,-2.72874646008705e-21,-4.00224645091818e-11,-5.7813996645617e-11
0.955333828926086,1.29054342237953e-21,6.58244708739986e-11,5.05594316413394e-11
0.956000506877899,1.4310797120858e-21,-8.74688863006234e-11,-8.08408964769747e-11
0.956667125225067,-2.7287989666689e-21,-4.00221869534256e-11,-5.78137572537774e-11
0.95733380317688,1.2897963143043e-21,6.58243806683778e-11,5.05593900079759e-11
0.958000481128693,1.43086039613237e-21,-8.74690805896527e-11,-8.0841090766004e-11
0.958667159080505,-2.72896193902103e-21,-4.00219093976695e-11,-5.78135178619377e-11
0.959333837032318,1.28998917501841e-21,6.5824297401651e-11,5.05593483746125e-11
0.960000455379486,1.43033159426861e-21,-8.74692679397882e-11,-8.08412919939272e-11
0.960667133331299,-2.72887833238685e-21,-4.00216318419133e-11,-5.78132819395449e-11
0.961333811283112,1.29014406943487e-21,6.58242141349241e-11,5.05593067412491e-11
0.962000489234924,1.43091865824339e-21,-8.74694622288175e-11,-8.08414862829565e-11
0.962667167186737,-2.729109361347e-21,-4.00213542861572e-11,-5.78130425477053e-11
0.963333785533905,1.29005187999404e-21,6.58241239293034e-11,5.05592651078857e-11
0.964000463485718,1.43108284228587e-21,-8.74696565178468e-11,-8.08416805719858e-11
0.964667141437531,-2.72839486793703e-21,-4.0021076730401e-11,-5.78128031558656e-11
0.965333819389343,1.28924550006584e-21,6.58240406625765e-11,5.05592234745222e-11
0.966000497341156,1.43051062151788e-21,-8.74698438679822e-11,-8.0841881799909e-11
0.966667175292969,-2.72827894956018e-21,-4.00207991746448e-11,-5.78125672334728e-11
0.967333793640137,1.29035985129144e-21,6.58239504569558e-11,5.05591818411588e-11
0.968000471591949,1.43025162270548e-21,-8.74700381570115e-11,-8.08420760889383e-11
0.968667149543762,-2.72881370890149e-21,-4.00205181494417e-11,-5.78123278416331e-11
0.969333827495575,1.29075284286176e-21,6.58238671902289e-11,5.05591402077954e-11
0.970000505447388,1.43040601225096e-21,-8.74702324460408e-11,-8.08422703779677e-11
0.970667123794556,-2.72953042374377e-21,-4.00202405936856e-11,-5.78120884497935e-11
0.971333801746368,1.29048849241697e-21,6.58237839235021e-11,5.0559098574432e-11
0.972000479698181,1.43052263744719e-21,-8.74704197961762e-11,-8.08424716058909e-11
0.972667157649994,-2.72880280368834e-21,-4.00199630379294e-11,-5.78118525274007e-11
0.973333835601807,1.28966928876589e-21,6.58236937178813e-11,5.05590534716216e-11
0.974000513553619,1.43097560768985e-21,-8.74706140852055e-11,-8.08426658949202e-11
0.974667131900787,-2.72882360437269e-21,-4.00196854821733e-11,-5.7811613135561e-11
0.9753338098526,1.28953529600798e-21,6.58236104511545e-11,5.05590118382582e-11
0.976000487804413,1.43070974263213e-21,-8.74708083742348e-11,-8.08428601839495e-11
0.976667165756226,-2.72851361359137e-21,-4.00194079264171e-11,-5.78113737437214e-11
0.977333843708038,1.29000906693499e-21,6.58235202455337e-11,5.05589702048947e-11
0.978000462055206,1.43059513691982e-21,-8.74709957243702e-11,-8.08430614118727e-11
0.978667140007019,-2.72855864808273e-21,-4.0019130370661e-11,-5.78111378213286e-11
0.979333817958832,1.29006066474908e-21,6.58234369788069e-11,5.05589285715313e-11
0.980000495910645,1.43051768971159e-21,-8.74711900133995e-11,-8.0843255700902e-11
0.980667173862457,-2.72881875761129e-21,-4.00188528149048e-11,-5.78108984294889e-11
0.98133385181427,1.2901212492666e-21,6.582335371208e-11,5.05588869381679e-11
0.982000470161438,1.43085181332572e-21,-8.74713843024288e-11,-8.08434499899313e-11
0.982667148113251,-2.72873696851263e-21,-4.00185717897017e-11,-5.78106590376493e-11
0.983333826065063,1.29029654047063e-21,6.58232635064593e-11,5.05588453048045e-11
0.984000504016876,1.43098772459336e-21,-8.74715716525643e-11,-8.08436512178545e-11
0.984667181968689,-2.72868062491134e-21,-4.00182942339455e-11,-5.78104196458096e-11
0.985333800315857,1.29007126703965e-21,6.58231802397324e-11,5.05588036714411e-11
0.98600047826767,1.43059422815206e-21,-8.74717659415936e-11,-8.08438455068838e-11
0.986667156219482,-2.7284348537186e-21,-4.00180166781894e-11,-5.78101837234168e-11
0.987333834171295,1.29032693370358e-21,6.58230900341117e-11,5.05587620380776e-11
0.988000512123108,1.43101680516177e-21,-8.74719602306229e-11,-8.08440397959131e-11
0.988667190074921,-2.72877917572651e-21,-4.00177391224332e-11,-5.78099443315772e-11
0.989333808422089,1.29000684550268e-21,6.58230067673848e-11,5.05587204047142e-11
0.990000486373901,1.43118199894621e-21,-8.74721475807583e-11,-8.08442410238364e-11
0.990667164325714,-2.72859944165786e-21,-4.00174615666771e-11,-5.78097049397375e-11
0.991333842277527,1.29004329718739e-21,6.58229165617641e-11,5.05586787713508e-11
0.99200052022934,1.43052940271831e-21,-8.74723418697876e-11,-8.08444353128657e-11
0.992667138576508,-2.72820039163579e-21,-4.00171840109209e-11,-5.78094690173447e-11
0.99333381652832,1.29079989683703e-21,6.58228332950372e-11,5.05586371379874e-11
0.994000494480133,1.43029887862915e-21,-8.74725361588169e-11,-8.0844629601895e-11
0.994667172431946,-2.72879533159785e-21,-4.00169064551648e-11,-5.78092296255051e-11
0.995333850383759,1.29027866803796e-21,6.58227500283104e-11,5.05585955046239e-11
0.996000468730927,1.43067793576044e-21,-8.74727235089523e-11,-8.08448308298182e-11
0.996667146682739,-2.72893447403975e-21,-4.00166288994086e-11,-5.78089902336654e-11
0.997333824634552,1.29074961168749e-21,6.58226598226896e-11,5.05585538712605e-11
0.998000502586365,1.43112696800946e-21,-8.74729177979816e-11,-8.08450251188475e-11
0.998667180538177,-2.72911097693413e-21,-4.00163478742055e-11,-5.78087543112726e-11
0.99933385848999,1.28986396701553e-21,6.58225765559628e-11,5.05585122378971e-11
1.0,1.97075296264619e-21,-8.74342612200429e-11,-8.08024688825348e-11
