Time,U1,U2,U3
0.0,0.0,0.0,0.0
0.000250000011874363,-4.3636216168208e-11,-3.44388112591323e-14,-7.29061004157359e-16
0.000500000023748726,-1.73988157214922e-10,1.29940037950447e-14,-3.14312750902389e-15
0.000750000006519258,-3.38585992576412e-10,-1.01775387772941e-14,-2.87514936616045e-15
0.00100000004749745,-5.40358646716754e-10,-6.39230227249461e-15,4.40559962372033e-15
0.00124999997206032,-8.11333111805368e-10,-9.38102880424473e-15,2.51149821662992e-15
0.00150000001303852,-1.15265619271554e-09,-2.97307988503855e-14,-3.75821996543039e-15
0.00175000005401671,-1.55115675859463e-09,2.51699092883133e-14,-3.15849395723651e-15
0.0020000000949949,-1.94891947025155e-09,-2.02465912687699e-14,-1.50081172770251e-15
0.00224999990314245,-2.35087527222788e-09,2.30216846562777e-14,4.3775357281119e-15
0.00249999994412065,-2.76998401993467e-09,-2.55988501609346e-14,2.51302626406676e-15
0.00274999998509884,-3.21687654292191e-09,-2.80409092518234e-15,-6.40711476115972e-15
0.00300000002607703,-3.66349439673286e-09,1.49971232128862e-14,-2.53222617164041e-15
0.00325000006705523,-4.06268441111024e-09,2.1462216108736e-15,3.30056255831474e-15
0.00350000010803342,-4.41363878778134e-09,3.05064879065585e-14,8.09830497881239e-15
0.00374999991618097,-4.7295922733781e-09,-2.18750714021726e-14,2.55711814061961e-15
0.00400000018998981,-5.02658803469558e-09,1.20404039386304e-14,-7.82541891529431e-15
0.004250000230968,-5.27413179796099e-09,4.52280865482959e-15,-4.99966660479361e-15
0.0044999998062849,-5.44006839575673e-09,2.25758115950407e-14,4.25378760264983e-15
0.0047499998472631,-5.52136114606583e-09,2.33188678598877e-14,9.65170326473752e-15
0.00499999988824129,-5.54235324301544e-09,-1.09599498869365e-14,9.15969994216012e-16
0.00524999992921948,-5.52201662173957e-09,1.06011365660842e-14,-6.87901248618461e-15
0.00549999997019768,-5.43934852714756e-09,3.23967761830786e-15,-4.66895910768064e-15
0.00575000001117587,-5.273158354413e-09,3.03449688879125e-14,7.73617891210339e-15
0.00600000005215406,-5.02606933849847e-09,1.52920753317132e-14,1.0743068794858e-14
0.00625000009313226,-4.73193528804927e-09,-8.16659108095414e-15,-1.42965185452896e-15
0.00650000013411045,-4.41394210071167e-09,-1.54363887818599e-15,-1.05900683865625e-14
0.00675000017508864,-4.06121980489615e-09,-2.04118380794168e-15,-6.3902291593562e-15
0.00700000021606684,-3.65974828220317e-09,2.71088608782026e-14,8.1764276745706e-15
0.00724999979138374,-3.21777160472436e-09,4.77954518817532e-15,1.18403118865994e-14
0.00749999983236194,-2.77373701784711e-09,-7.84957883604885e-15,-1.39939202600478e-15
0.00774999987334013,-2.35167996187613e-09,-1.72530955180102e-14,-1.1448772600797e-14
0.00800000037997961,-1.94650295881615e-09,-3.07527085258641e-15,-5.72595839354859e-15
0.00824999995529652,-1.54457946432984e-09,1.54047188552367e-14,8.68271790186934e-15
0.008500000461936,-1.1558822787805e-09,-1.38881904311979e-15,1.03027819159081e-14
0.0087500000372529,-8.15319367575285e-10,-1.69028457002547e-14,-4.34882300526587e-15
0.00899999961256981,-5.43577738376655e-10,-2.83681159617653e-14,-1.4753160783418e-14
0.00925000011920929,-3.33388122664147e-10,-6.36544582235249e-15,-5.7887032061494e-15
0.0094999996945262,-1.66434963033701e-10,9.00352146624653e-15,1.08015996185462e-14
0.00975000020116568,-4.82203860174835e-11,-1.38021520007894e-15,1.16770657677739e-14
0.00999999977648258,-4.52590569188782e-12,-2.11301228657213e-14,-3.98230634327478e-15
0.0102500002831221,-4.88860306402383e-11,-3.02506771802241e-14,-1.57120918652023e-14
0.010499999858439,-1.66443997473564e-10,-7.12654388897605e-15,-5.90428212235167e-15
0.0107500003650784,-3.32242122702553e-10,8.51562201829859e-15,1.05344530502787e-14
0.0109999999403954,-5.43695810595324e-10,7.88270618873684e-16,1.0531990725501e-14
0.0112500004470348,-8.16913481305193e-10,-2.04743787570773e-14,-5.72252071033216e-15
0.0115000000223517,-1.15740106387818e-09,-2.55678911067125e-14,-1.56740787205954e-14
0.0117499995976686,-1.54322687961894e-09,-8.13649314160199e-16,-3.60919298869047e-15
0.0120000001043081,-1.94437976830386e-09,1.65530227871045e-14,1.37391047974264e-14
0.012249999679625,-2.35227459732812e-09,9.42468657641211e-15,1.22841139522803e-14
0.0125000001862645,-2.77701550643883e-09,-1.46337969004909e-14,-6.30975637068583e-15
0.0127499997615814,-3.21992232876767e-09,-1.7870962007319e-14,-1.65358415708024e-14
0.0130000002682209,-3.6568912342716e-09,5.53704505883894e-15,-3.85102597732926e-15
0.0132499998435378,-4.0581018545538e-09,2.49402718800491e-14,1.39417862291772e-14
0.0135000003501773,-4.41465930478557e-09,1.66109141009176e-14,1.24824229999574e-14
0.0137499999254942,-4.73705252801437e-09,-7.1308629099741e-15,-6.13380136951975e-15
0.0140000004321337,-5.02839148097678e-09,-9.87851327702381e-15,-1.47461219396263e-14
0.0142500000074506,-5.2689519414173e-09,1.31849402679489e-14,-1.1152667881887e-15
0.0144999995827675,-5.4348601175036e-09,3.16234567015756e-14,1.59395811979123e-14
0.014750000089407,-5.5228790429851e-09,2.00539014376649e-14,1.20805321245066e-14
0.0149999996647239,-5.54924373119547e-09,-5.48037982521705e-15,-8.13574722321282e-15
0.0152500001713634,-5.52358558891797e-09,-9.43938683321171e-15,-1.64026862974282e-14
0.0154999997466803,-5.43474865111193e-09,1.36186041962841e-14,-1.24580451799772e-15
0.0157500002533197,-5.26785326471213e-09,3.14353306839904e-14,1.65780576928936e-14
0.0160000007599592,-5.02787367295809e-09,1.85066432935744e-14,1.24821290795247e-14
0.0162499994039536,-4.73819294910527e-09,-7.80198828990736e-15,-7.66173318636921e-15
0.016499999910593,-4.41556391450604e-09,-1.27305604548226e-14,-1.55385822481549e-14
0.0167500004172325,-4.05684064119782e-09,9.32619273827243e-15,-4.5644228541326e-16
0.017000000923872,-3.65461816365098e-09,2.48286549604576e-14,1.58508240035013e-14
0.0172499995678663,-3.21971449501746e-09,9.91552014648935e-15,9.8182960107376e-15
0.0175000000745058,-2.77937295400932e-09,-1.69997056118391e-14,-1.05140471795464e-14
0.0177500005811453,-2.3535045023948e-09,-2.09820953878592e-14,-1.67666224735455e-14
0.0179999992251396,-1.94209914816668e-09,2.2277851662218e-15,1.78064880828355e-16
0.0182499997317791,-1.53988077844502e-09,1.78177480094407e-14,1.69022443068621e-14
0.0185000002384186,-1.15769771547036e-09,2.68548174861126e-15,1.00373404249635e-14
0.0187500007450581,-8.2058554395914e-10,-2.4268147848271e-14,-1.08675047110732e-14
0.0189999993890524,-5.45437084387146e-10,-2.75555216800805e-14,-1.71498134026197e-14
0.0192499998956919,-3.29040128477232e-10,-4.18891250218668e-15,-5.2636501402778e-16
0.0195000004023314,-1.62153665494991e-10,1.12906535724012e-14,1.51540750298806e-14
0.0197500009089708,-4.98227813172658e-11,-3.17373483281469e-15,7.74726826744884e-15
0.0199999995529652,-9.59522652305145e-12,-2.80647155363224e-14,-1.20878852175217e-14
0.0202500000596046,-5.05993857924381e-11,-2.82794316121878e-14,-1.61380782869036e-14
0.0205000005662441,-1.62316868279611e-10,-3.06942865459096e-15,1.74685976404507e-15
0.0207499992102385,-3.28230304047494e-10,1.29532598162159e-14,1.67179417960009e-14
0.0209999997168779,-5.4516496872381e-10,-1.50900295981893e-15,7.76700921731755e-15
0.0212500002235174,-8.21780088422486e-10,-2.56271461435706e-14,-1.2865865497817e-14
0.0215000007301569,-1.15895537611266e-09,-2.44429076859485e-14,-1.66347953478325e-14
0.0217499993741512,-1.53934909263853e-09,1.62227042898726e-15,1.49634161720249e-15
0.0219999998807907,-1.94058036306899e-09,1.82149217584082e-14,1.62776489878204e-14
0.0222500003874302,-2.35365282819089e-09,4.7103383612199e-15,7.61917825109915e-15
0.0225000008940697,-2.78166623068898e-09,-1.74358428763803e-14,-1.1634332108552e-14
0.022749999538064,-3.22133630881183e-09,-1.46505105546061e-14,-1.39134953287389e-14
0.0230000000447035,-3.65325658613358e-09,1.1271483522739e-14,4.11934992139342e-15
0.023250000551343,-4.05448030704747e-09,2.62163575082738e-14,1.70782526711039e-14
0.0234999991953373,-4.41598713152302e-09,1.1160098690175e-14,6.59899482876713e-15
0.0237499997019768,-4.74145656070846e-09,-1.1173685098649e-14,-1.28470325672678e-14
0.0240000002086163,-5.02971264637608e-09,-8.04833681118796e-15,-1.40864094816243e-14
0.0242500007152557,-5.26551957591437e-09,1.75685034825134e-14,4.77317507689549e-15
0.0244999993592501,-5.43141842612727e-09,3.14762593160017e-14,1.77920473357551e-14
0.0247499998658895,-5.52416379306919e-09,1.56180322445415e-14,7.39656528706651e-15
0.025000000372529,-5.55339552121836e-09,-6.92849742151263e-15,-1.14047175701773e-14
0.0252500008791685,-5.52484236138184e-09,-4.65429230868245e-15,-1.2355756845992e-14
0.0254999995231628,-5.43148592768716e-09,1.86168016224307e-14,5.35611077449242e-15
0.0257500000298023,-5.26459720262551e-09,2.9454242593107e-14,1.63446425176846e-14
0.0260000005364418,-5.02910779687227e-09,1.17111740904939e-14,4.89204175148253e-15
0.0262499991804361,-4.74211070411457e-09,-1.0906834991913e-14,-1.29834091069404e-14
0.0264999996870756,-4.41675984674816e-09,-8.22031583969964e-15,-1.21604581534095e-14
0.0267500001937151,-4.05373645762097e-09,1.44537837644745e-14,6.37901147851924e-15
0.0270000007003546,-3.651544400185e-09,2.38097370053487e-14,1.69010245794181e-14
0.0272499993443489,-3.22089066528974e-09,4.99917701975009e-15,4.80885972793037e-15
0.0274999998509884,-2.78307910051012e-09,-1.79018668514325e-14,-1.31695327386383e-14
0.0277500003576279,-2.35463515352308e-09,-1.56658116790302e-14,-1.25455870938671e-14
0.0280000008642673,-1.93914928559025e-09,5.71056526379814e-15,4.97205417774606e-15
0.0282499995082617,-1.53698009874859e-09,1.3903730732923e-14,1.43562818019161e-14
0.0285000000149012,-1.15881404472162e-09,-4.37150654759334e-15,2.51617362674052e-15
0.0287500005215406,-8.2409856716481e-10,-2.50976353550559e-14,-1.36213384186379e-14
0.028999999165535,-5.46498735154444e-10,-2.08250927488879e-14,-1.11987674382831e-14
0.0292499996721745,-3.26242421966327e-10,1.02647528894335e-15,6.4306508421486e-15
0.0295000001788139,-1.59413440781186e-10,8.76509609115455e-15,1.44972297784051e-14
0.0297500006854534,-5.08829436918212e-11,-9.27185896283786e-15,1.53649500230884e-15
0.0299999993294477,-1.2925799319774e-11,-2.86316855098966e-14,-1.46726011738705e-14
0.0302499998360872,-5.15948360424456e-11,-2.29302288148967e-14,-1.19578512605581e-14
0.0305000003427267,-1.5966518385202e-10,-3.32969948584866e-16,5.52999774471779e-15
0.0307500008493662,-3.25639709641834e-10,8.26894823636624e-15,1.3498662636887e-14
0.0309999994933605,-5.4617393940859e-10,-7.67033057078384e-15,1.48416329512422e-15
0.03125,-8.24935619814227e-10,-2.41645218375039e-14,-1.29943341378941e-14
0.0315000005066395,-1.15989007287709e-09,-1.66474669607234e-14,-9.39359707911609e-15
0.031750001013279,-1.53683543668848e-09,5.8020609157276e-15,7.10111087770179e-15
0.0320000015199184,-1.93813032289825e-09,1.34965857121003e-14,1.31688161487649e-14
0.0322499983012676,-2.35461472541942e-09,-2.29996274948147e-15,2.18964197558774e-16
0.0324999988079071,-2.78465384084825e-09,-1.73971571876133e-14,-1.36336796886793e-14
0.0327499993145466,-3.22221538340273e-09,-8.62933534443453e-15,-8.96622745261188e-15
0.0329999998211861,-3.65087315934431e-09,1.39979114792952e-14,7.94053408095796e-15
0.0332500003278255,-4.05216304955047e-09,2.1482683389357e-14,1.40492001712844e-14
0.033500000834465,-4.41690461983058e-09,6.08172451337314e-15,1.59620013129931e-15
0.0337500013411045,-4.74428452079678e-09,-8.46492286124068e-15,-1.15431727287026e-14
0.034000001847744,-5.03054042866324e-09,-4.35223289521372e-16,-7.15472806326299e-15
0.0342499986290932,-5.26325871774702e-09,1.98395529740986e-14,8.09466781933688e-15
0.0344999991357327,-5.42922728996587e-09,2.49077136276225e-14,1.25108418023707e-14
0.0347499996423721,-5.52503909290181e-09,8.6636181559417e-15,-3.75291579217513e-17
0.0350000001490116,-5.55607249097534e-09,-5.44774533982524e-15,-1.17217840251913e-14
0.0352500006556511,-5.52562129385592e-09,2.55415903101838e-15,-5.94756000024221e-15
0.0355000011622906,-5.42934186498201e-09,2.14070060777175e-14,9.43006608266012e-15
0.0357500016689301,-5.26252597055077e-09,2.45299962254534e-14,1.31773229006542e-14
0.0359999984502792,-5.02994135231916e-09,6.99471083403245e-15,2.2704556685496e-16
0.0362499989569187,-4.74464556532439e-09,-7.98692184031434e-15,-1.15541384172377e-14
0.0364999994635582,-4.41749259394442e-09,-1.54230014261285e-15,-6.40298462850891e-15
0.0367499999701977,-4.05170297312907e-09,1.50094898939161e-14,7.72134567113107e-15
0.0370000004768372,-3.64958641085877e-09,1.65380286098723e-14,1.07839482989583e-14
0.0372500009834766,-3.22168491884156e-09,-7.55876426141095e-16,-1.24466356461777e-15
0.0375000014901161,-2.78547962473397e-09,-1.44776328241374e-14,-1.11701326424682e-14
0.0377499982714653,-2.35532393588755e-09,-7.61943405504922e-15,-5.01401576643657e-15
0.0379999987781048,-1.93722082819647e-09,7.86770110595535e-15,8.43197920882312e-15
0.0382499992847443,-1.53512913492193e-09,8.1026036710197e-15,1.0103253140787e-14
0.0384999997913837,-1.1595705506906e-09,-9.35087612538837e-15,-2.64463040835637e-15
0.0387500002980232,-8.2637174880773e-10,-2.23005445219079e-14,-1.24731014023729e-14
0.0390000008046627,-5.47146217222405e-10,-1.48667936414239e-14,-6.24535052647546e-15
0.0392500013113022,-3.24413662600165e-10,8.1321462743958e-16,6.98309081254554e-15
0.0395000018179417,-1.5766352112756e-10,1.93874194923485e-15,8.93762653811489e-15
0.0397499985992908,-5.1603544354295e-11,-1.32881393741105e-14,-2.50590949324393e-15
0.0399999991059303,-1.50782546171069e-11,-2.37252522451237e-14,-1.09026091445392e-14
0.0402499996125698,-5.22036580630214e-11,-1.51139629376304e-14,-4.57836978100474e-15
0.0405000001192093,-1.5793098773198e-10,2.84895217234909e-16,7.22254829728375e-15
0.0407500006258488,-3.23985283046113e-10,1.24457970835599e-15,7.66266407557824e-15
0.0410000011324883,-5.46860501327018e-10,-1.27337004059581e-14,-3.98902077344766e-15
0.0412500016391277,-8.26973711731682e-10,-2.09918311845549e-14,-1.14510494253592e-14
0.0414999984204769,-1.16046261489089e-09,-1.06566341647883e-14,-4.23382769476426e-15
0.0417499989271164,-1.5351909743444e-09,5.62692033674031e-15,7.87697781079368e-15
0.0419999994337559,-1.93656601865655e-09,7.50470005421184e-15,8.5976004080327e-15
0.0422499999403954,-2.35526886882553e-09,-5.0052053532357e-15,-2.38330189764535e-15
0.0425000004470348,-2.78658363050965e-09,-1.21149690960102e-14,-9.44530928757891e-15
0.0427500009536743,-3.22275361952507e-09,-2.08188797622198e-15,-3.00310089262326e-15
0.0430000014603138,-3.64931374008393e-09,1.27856862060629e-14,7.48650409243892e-15
0.043249998241663,-4.05068423248167e-09,1.37621000478785e-14,7.23733241034513e-15
0.0434999987483025,-4.41752767699199e-09,1.81068666123599e-15,-3.10010162343517e-15
0.0437499992549419,-4.74611150380611e-09,-4.17730095102925e-15,-8.62380591335485e-15
0.0439999997615814,-5.03104624627326e-09,5.99209995722416e-15,-1.23514725533448e-15
0.0442500002682209,-5.26177990067822e-09,1.97043241640694e-14,9.07848981130917e-15
0.0445000007748604,-5.42782929713326e-09,1.92629640943754e-14,8.25721852411266e-15
0.0447500012814999,-5.52563239608617e-09,6.35098061719575e-15,-2.37156667967761e-15
0.0450000017881393,-5.55780266253691e-09,-6.8788191509144e-16,-8.20582141190622e-15
0.0452499985694885,-5.52609691339967e-09,7.57586945650604e-15,-1.68936041472837e-15
0.045499999076128,-5.4279394312573e-09,1.89924708989334e-14,7.59977442034345e-15
0.0457499995827675,-5.26120436106225e-09,1.72072761177615e-14,6.72443447902486e-15
0.046000000089407,-5.0305066778833e-09,4.34893100196665e-15,-2.64233812544287e-15
0.0462500005960464,-4.74628381041953e-09,-2.42615985895228e-15,-7.01492061663746e-15
0.0465000011026859,-4.41793979177874e-09,4.88960272011091e-15,-2.39778986681254e-16
0.0467500016093254,-4.05037292594557e-09,1.42067228884853e-14,7.99007195584518e-15
0.0469999983906746,-3.64833696586686e-09,1.05058597590782e-14,5.87639949179396e-15
0.0472499988973141,-3.2222233770085e-09,-3.21933485153013e-15,-3.99549337571411e-15
0.0474999994039536,-2.78703060629937e-09,-1.02983951322743e-14,-8.35718111738288e-15
0.047749999910593,-2.35574404428007e-09,-3.50885473630815e-15,-1.66090254292035e-15
0.0480000004172325,-1.9359598368851e-09,5.29878189055636e-15,6.51975235545265e-15
0.048250000923872,-1.53394796864603e-09,2.01157598302864e-15,5.02642564614679e-15
0.0485000014305115,-1.16008325168337e-09,-1.03062615272554e-14,-3.59717740281719e-15
0.0487499982118607,-8.27840407335856e-10,-1.61676956409373e-14,-7.15869217745614e-15
0.0489999987185001,-5.47541234574567e-10,-9.38705036146676e-15,-1.0330215830762e-15
0.0492499992251396,-3.23217813624765e-10,-1.33282487135036e-15,5.64988339994037e-15
0.0494999997317791,-1.56546942076119e-10,-4.65563104425559e-15,3.12246202269326e-15
0.0497500002384186,-5.20918932989112e-11,-1.56068835968897e-14,-5.28720040906855e-15
0.0500000007450581,-1.64688991610706e-11,-1.94646900729617e-14,-7.91574396769067e-15
0.0502500012516975,-5.25748923563274e-11,-1.10760264349953e-14,-1.06080267555937e-15
0.050500001758337,-1.5679699205684e-10,-1.81285104217447e-15,5.98614531560496e-15
0.0507499985396862,-3.22929738505451e-10,-3.63961121237579e-15,3.90272717436376e-15
0.0509999990463257,-5.47325573752033e-10,-1.27617211028862e-14,-3.97282126833143e-15
0.0512499995529652,-8.28290380727736e-10,-1.53414302474838e-14,-6.65778738563605e-15
0.0515000000596046,-1.16081144696523e-09,-6.80577801756501e-15,-8.24620402530392e-16
0.0517500005662441,-1.53411561232275e-09,2.19741416462328e-15,4.98357086121341e-15
0.0520000010728836,-1.93556837224662e-09,9.90522869618021e-16,2.66430423086401e-15
0.0522500015795231,-2.35571184781236e-09,-6.36796447482115e-15,-4.14854926466765e-15
0.0524999983608723,-2.78783041096631e-09,-7.13376484485139e-15,-5.44179578040372e-15
0.0527499988675117,-3.22308135736193e-09,2.15358952696529e-15,1.01928334394645e-15
0.0529999993741512,-3.64829388921351e-09,1.09277846577975e-14,6.59929383139751e-15
0.0532499998807907,-4.04974098699995e-09,9.35006212672606e-15,3.84706652181732e-15
0.0535000003874302,-4.41794956174135e-09,1.77192346895432e-15,-3.27799569477575e-15
0.0537500008940697,-4.74729189292589e-09,4.00925178481592e-16,-5.06642465949851e-15
0.0540000014007092,-5.0313544441849e-09,8.3843234411447e-15,5.80536212076041e-16
0.0542499981820583,-5.26081311846838e-09,1.58230904507423e-14,5.64293645922346e-15
0.0544999986886978,-5.42693756599988e-09,1.37823509115814e-14,3.39795377131533e-15
0.0547499991953373,-5.52603429682108e-09,6.47930780277067e-15,-2.418259370895e-15
0.0549999997019768,-5.55892043507811e-09,4.9447488001419e-15,-3.24538302048233e-15
0.0552500002086163,-5.52638645956449e-09,1.14760191096113e-14,2.15427668244375e-15
0.0555000007152557,-5.42702283112817e-09,1.66263453471507e-14,6.08271723598732e-15
0.0557500012218952,-5.26036147974196e-09,1.25682240493825e-14,2.81055251602047e-15
0.0560000017285347,-5.03088903869298e-09,3.95829634735191e-15,-3.41823046952317e-15
0.0562499985098839,-4.7473420750066e-09,1.35528342055122e-15,-4.32060791427636e-15
0.0564999990165234,-4.41821157437516e-09,6.66724239090978e-15,1.03656080436719e-15
0.0567499995231628,-4.04950384336189e-09,1.08260382131404e-14,5.18482588948103e-15
0.0570000000298023,-3.64754004777978e-09,6.5280121972378e-15,2.67954531820043e-15
0.0572500005364418,-3.22258730811598e-09,-1.88033775697224e-15,-2.64958279824073e-15
0.0575000010430813,-2.78803269360139e-09,-4.81053050041882e-15,-3.42545587232149e-15
0.0577500015497208,-2.35599961762034e-09,-7.70247398882448e-16,9.42842220346774e-16
0.0579999983310699,-1.93513538526702e-09,1.94424025185371e-15,3.73526240794449e-15
0.0582499988377094,-1.53319468232382e-09,-2.85155716923881e-15,5.91472413276719e-16
0.0584999993443489,-1.16042997433397e-09,-1.05845787660313e-14,-4.35466287392072e-15
0.0587499998509884,-8.28789148421549e-10,-1.24018049451366e-14,-4.32153202722181e-15
0.0590000003576279,-5.47781264792491e-10,-7.45005118252089e-15,6.6384534350985e-16
0.0592500008642673,-3.22436133348702e-10,-3.88637689738291e-15,3.85937645163976e-15
0.0595000013709068,-1.55834845028124e-10,-7.51343635202982e-15,1.10636775416573e-15
0.059749998152256,-5.24219556652383e-11,-1.39619134260699e-14,-3.66311807072799e-15
0.0599999986588955,-1.73671597936131e-11,-1.49977567935307e-14,-4.10606505664868e-15
0.060249999165535,-5.28003717137349e-11,-9.84339952619538e-15,-1.53553481105379e-16
0.0604999996721745,-1.56055779410025e-10,-5.85161954292203e-15,2.29228651339698e-15
0.0607500001788139,-3.22256582530045e-10,-8.02109792567016e-15,-1.55262595069591e-16
0.0610000006854534,-5.47639822379153e-10,-1.21761494387574e-14,-3.73184420648584e-15
0.0612500011920929,-8.29140867075751e-10,-1.10822284102351e-14,-3.0227442219448e-15
0.0615000016987324,-1.16102327751832e-09,-4.64916267715388e-15,1.34624452021283e-15
0.0617499984800816,-1.53341284114816e-09,-7.23091678427927e-18,3.57851557292329e-15
0.061999998986721,-1.93493199240891e-09,-1.60531971152593e-15,7.52251760401557e-16
0.0622499994933605,-2.35601094189519e-09,-5.20933267022746e-15,-3.21909471768958e-15
0.0625,-2.78863554470377e-09,-3.9247110674768e-15,-3.04536084866944e-15
0.0627499967813492,-3.22328030932795e-09,2.35738798341528e-15,8.09399908682502e-16
0.063000001013279,-3.64762753335413e-09,7.08822793009053e-15,3.0910070306805e-15
0.0632499977946281,-4.0491392461206e-09,6.21527408058435e-15,1.1445424703073e-15
0.0635000020265579,-4.41823466701408e-09,3.50109506747835e-15,-1.65636583445485e-15
0.0637499988079071,-4.7480543940992e-09,4.89494199229393e-15,-9.54863629571562e-16
0.0640000030398369,-5.03154096165304e-09,1.012727753627e-14,2.39952194331055e-15
0.0642499998211861,-5.26018117952276e-09,1.32126763618067e-14,3.6489717734759e-15
0.0644999966025352,-5.42636868772206e-09,1.08841954952988e-14,8.89590529502317e-16
0.064750000834465,-5.52630519123909e-09,7.08854006173159e-15,-2.23569603043268e-15
0.0649999976158142,-5.55964252413332e-09,7.44831476497902e-15,-1.56083248234495e-15
0.065250001847744,-5.52656187480238e-09,1.15604869291774e-14,1.95180171497385e-15
0.0654999986290932,-5.42642331069487e-09,1.37226147600093e-14,3.67390799992659e-15
0.0657500028610229,-5.25982368770883e-09,1.08099801625263e-14,1.64288519922018e-15
0.0659999996423721,-5.03114749861311e-09,6.32279644290881e-15,-1.03242378957368e-15
0.0662499964237213,-4.74802552830056e-09,5.27636812822259e-15,-7.53807124650953e-16
0.0665000006556511,-4.41837633147202e-09,7.31246931496426e-15,1.61263902910227e-15
0.0667499974370003,-4.04893540917328e-09,7.52414538958196e-15,2.2253410526525e-15
0.0670000016689301,-3.64703200972372e-09,3.52856582826546e-15,-1.5409104262442e-16
0.0672499984502792,-3.22283311149363e-09,-1.19794874466463e-15,-2.40167446578776e-15
0.067500002682209,-2.78867973158015e-09,-2.20830340843495e-15,-1.43800010537798e-15
0.0677499994635582,-2.35615438270997e-09,-2.19474045218572e-16,1.46242662975266e-15
0.068000003695488,-1.93459670505547e-09,-2.24698071289926e-17,2.41446614559896e-15
0.0682500004768372,-1.53271439984337e-09,-3.86287469771192e-15,1.8059385651106e-16
0.0684999972581863,-1.16066378730295e-09,-8.48315270433149e-15,-2.31739595808538e-15
0.0687500014901161,-8.29401824997689e-10,-9.69512725581146e-15,-2.11505566885409e-15
0.0689999982714653,-5.47926481964112e-10,-7.96412140744015e-15,-1.06575836093129e-16
0.0692500025033951,-3.21925347490648e-10,-7.40215570451839e-15,5.27644351415489e-16
0.0694999992847443,-1.55380902588931e-10,-9.8805368387348e-15,-1.10553289731709e-15
0.069750003516674,-5.26445657900165e-11,-1.25423183937236e-14,-2.48827807893036e-15
0.0700000002980232,-1.79472235684042e-11,-1.19715155960632e-14,-1.41056227299669e-15
0.0702499970793724,-5.29367140400527e-11,-9.00969803049791e-15,8.30916980762485e-16
0.0705000013113022,-1.55571472371108e-10,-7.54826973495271e-15,1.20754054575933e-15
0.0707499980926514,-3.21827481331027e-10,-9.13112189755271e-15,-8.587279840966e-16
0.0710000023245811,-5.47851708443403e-10,-1.08859217484453e-14,-2.71617483448797e-15
0.0712499991059303,-8.29690094406033e-10,-9.50355804929569e-15,-2.07540160967014e-15
0.0715000033378601,-1.16115117521076e-09,-5.65942649664061e-15,4.32923998733716e-17
0.0717500001192093,-1.53295365290518e-09,-2.90088900336161e-15,9.25374283392022e-16
0.0719999969005585,-1.93452631691571e-09,-2.78079942495697e-15,-1.100427948858e-16
0.0722500011324883,-2.35621255839646e-09,-3.00118977453602e-15,-1.03402669354724e-15
0.0724999979138374,-2.7891555731685e-09,-8.99814428933913e-16,-1.89355538847679e-16
0.0727500021457672,-3.22340043545921e-09,2.77082857661837e-15,1.34570157209364e-15
0.0729999989271164,-3.64719210388387e-09,4.97176322192868e-15,1.36547852086261e-15
0.0732500031590462,-4.0487559971325e-09,4.65786848178576e-15,-2.71523796310875e-16
0.0734999999403954,-4.41842651355273e-09,4.19967913797923e-15,-1.36804778354987e-15
0.0737499967217445,-4.74854688903292e-09,6.07119758790466e-15,-3.60016451744525e-16
0.0740000009536743,-5.03165376031234e-09,9.46267346299762e-15,1.60586043618363e-15
0.0742499977350235,-5.25976862064681e-09,1.14114658816681e-14,2.26669193058803e-15
0.0745000019669533,-5.42600631092682e-09,1.07479129762833e-14,1.20519627619869e-15
0.0747499987483025,-5.52648815599355e-09,9.44145952283364e-15,1.60281013819167e-16
0.0750000029802322,-5.56010837371446e-09,9.70840280319378e-15,4.78067142435781e-16
0.0752499997615814,-5.52666756803433e-09,1.10309693643991e-14,1.35720089138557e-15
0.0754999965429306,-5.42603206810099e-09,1.11086228039045e-14,1.20855264425218e-15
0.0757500007748604,-5.25948129492804e-09,9.20119185108138e-15,3.5992838678779e-17
0.0759999975562096,-5.03132113749416e-09,7.15079867742068e-15,-5.46532497924991e-16
0.0762500017881393,-4.74846695297515e-09,6.7709128709066e-15,3.86907550828142e-16
0.0764999985694885,-4.41847580745502e-09,7.32105822904942e-15,1.72194968973662e-15
0.0767500028014183,-4.04856459468306e-09,6.52961690115637e-15,1.75338668229925e-15
0.0769999995827675,-3.64670826868974e-09,3.6743382926638e-15,4.02653628619803e-16
0.0772499963641167,-3.2229985347243e-09,5.07467973672333e-16,-7.85406747539458e-16
0.0775000005960464,-2.78909761952661e-09,-1.10548874572472e-15,-7.26345469468021e-16
0.0777499973773956,-2.35624741939944e-09,-1.51885215305048e-15,-6.34342180105357e-17
0.0780000016093254,-1.93424476435666e-09,-2.53667203582231e-15,-3.30047148903802e-17
0.0782499983906746,-1.53240842237778e-09,-4.80407907397606e-15,-6.87549454659643e-16
0.0785000026226044,-1.16082132795015e-09,-6.99707490298823e-15,-9.5573564999076e-16
0.0787499994039536,-8.29797341950211e-10,-7.7808158543578e-15,-3.1453999396027e-16
0.0790000036358833,-5.48013912027301e-10,-7.69149877116867e-15,3.70329977849852e-16
0.0792500004172325,-3.21591697716173e-10,-8.35020495402929e-15,8.29926521314459e-18
0.0794999971985817,-1.5509166173544e-10,-1.01743649448408e-14,-1.20045320933142e-15
0.0797500014305115,-5.27944181427653e-11,-1.17527075040296e-14,-1.98299772666299e-15
0.0799999982118607,-1.8321719141845e-11,-1.16818481157941e-14,-1.60577118008681e-15
0.0802500024437904,-5.30187456437847e-11,-1.03329786404777e-14,-6.99435973887581e-16
0.0804999992251396,-1.55255142075816e-10,-9.23766085462541e-15,-3.00318469594548e-16
0.0807500034570694,-3.21554116666789e-10,-9.05857183155449e-15,-5.31169331965047e-16
0.0810000002384186,-5.47994316590916e-10,-8.89943466955614e-15,-6.71650487421002e-16
0.0812499970197678,-8.30044644128947e-10,-7.72958899577375e-15,-3.3847955379962e-16
0.0815000012516975,-1.16122822468867e-09,-5.83729325116865e-15,-3.10357504085406e-17
0.0817499980330467,-1.53265367064392e-09,-4.35094482279874e-15,-3.29101178537841e-16
0.0820000022649765,-1.93426785699558e-09,-3.60851663288209e-15,-9.57436492148847e-16
0.0822499990463257,-2.35634822765007e-09,-2.67423717447823e-15,-1.06164536746277e-15
0.0825000032782555,-2.78949130461115e-09,-6.37213251219635e-16,-3.12505553169863e-16
0.0827500000596046,-3.22347259995581e-09,2.10787261770314e-15,6.62297761375657e-16
0.0829999968409538,-3.64690788678956e-09,4.30711256184423e-15,1.0568597371899e-15
0.0832500010728836,-4.04851174806709e-09,5.37463242043356e-15,8.02007799212255e-16
0.0834999978542328,-4.41855529942359e-09,5.98068407067754e-15,4.70308638276287e-16
0.0837500020861626,-4.74886441281797e-09,7.03210140942309e-15,4.47412596558174e-16
0.0839999988675117,-5.03172170596144e-09,8.49752007718281e-15,5.41884139929137e-16
0.0842500030994415,-5.25949861440722e-09,9.59441588541587e-15,4.55383600108311e-16
0.0844999998807907,-5.42577582862691e-09,9.94043392656694e-15,3.22802059206907e-16
0.0847499966621399,-5.52661072461547e-09,1.00403397686297e-14,5.31126080345178e-16
0.0850000008940697,-5.56040946619873e-09,1.04955937197575e-14,1.10960437293631e-15
0.0852499976754189,-5.52673107279134e-09,1.10820547684809e-14,1.57752241953764e-15
0.0855000019073486,-5.42577627271612e-09,1.09692469205656e-14,1.47572705872781e-15
0.0857499986886978,-5.259263247126e-09,9.78234623839024e-15,8.85074943920945e-16
0.0860000029206276,-5.03143793295635e-09,8.10088080600499e-15,2.95920039257693e-16
0.0862499997019768,-4.74875161415866e-09,6.7679660432831e-15,5.93954656563537e-17
0.086499996483326,-4.41853531540914e-09,5.9308654043683e-15,1.16576072504535e-16
0.0867500007152557,-4.04832212197448e-09,5.01046796893699e-15,2.34788268556031e-16
0.0869999974966049,-3.64650198925176e-09,3.53847526671539e-15,3.23790679005251e-16
0.0872500017285347,-3.22310977907136e-09,1.7245230817095e-15,4.21921616466589e-16
0.0874999985098839,-2.78936718167699e-09,7.50102599586356e-17,4.79441823969615e-16
0.0877500027418137,-2.35630337463988e-09,-1.33053163552479e-15,3.2256195183614e-16
0.0879999995231628,-1.93401517023517e-09,-2.90284628474448e-15,-1.32045421985351e-16
0.088249996304512,-1.53221357823696e-09,-4.88355109321925e-15,-7.13096391865306e-16
0.0885000005364418,-1.16092713220439e-09,-6.8765942071202e-15,-1.10833890571311e-15
0.088749997317791,-8.30052637734724e-10,-8.22334821765081e-15,-1.12797715283696e-15
0.0890000015497208,-5.48066259042912e-10,-8.76057547631506e-15,-8.40237625434953e-16
0.0892499983310699,-3.21373871958741e-10,-9.00003423160269e-15,-4.85596471243484e-16
0.0895000025629997,-1.54907447980079e-10,-9.50720452613362e-15,-2.96852463713943e-16
0.0897499993443489,-5.2895101493311e-11,-1.02591944474754e-14,-3.73018328075539e-16
0.0900000035762787,-1.85634181637528e-11,-1.07526360319972e-14,-6.54390020598768e-16
0.0902500003576279,-5.30677966847914e-11,-1.06619044037862e-14,-9.81703880208564e-16
0.0904999971389771,-1.5504861283766e-10,-1.01802314950335e-14,-1.19815478542905e-15
0.0907500013709068,-3.21380005940952e-10,-9.64412147282665e-15,-1.22416907306336e-15
0.090999998152256,-5.4809007332679e-10,-9.00012147599626e-15,-1.05231635833995e-15
0.0912500023841858,-8.30273461094322e-10,-7.8640309121949e-15,-7.05232220345642e-16
0.091499999165535,-1.16127418792189e-09,-6.10855724659273e-15,-2.49138700748414e-16
0.0917500033974648,-1.53245782730238e-09,-4.1786409571518e-15,1.51636592606183e-16
0.0920000001788139,-1.93410332194333e-09,-2.66013640524705e-15,2.79454115809764e-16
0.0922499969601631,-2.3564394879827e-09,-1.60917561726006e-15,5.64251990430187e-17
0.0925000011920929,-2.78970779810095e-09,-4.98602926846369e-16,-3.09873954151642e-16
0.0927499979734421,-3.22351567660917e-09,1.12935538132126e-15,-4.59779489346324e-16
0.0930000022053719,-3.64672203545524e-09,3.1183678889427e-15,-2.12571494322058e-16
0.093249998986721,-4.04835631684364e-09,4.93167823473282e-15,2.71601723342022e-16
0.0935000032186508,-4.41864234090872e-09,6.32122180865987e-15,6.95579856395206e-16
0.09375,-4.74906958203292e-09,7.53762253080572e-15,9.35378483652924e-16
0.0939999967813492,-5.03176211807954e-09,8.82979924392941e-15,1.06732398222028e-15
0.094250001013279,-5.25932275508012e-09,9.96060686323874e-15,1.12575559717455e-15
0.0944999977946281,-5.42562883509845e-09,1.04503409845504e-14,9.91581978439444e-16
0.0947500020265579,-5.5266933252085e-09,1.02508943716252e-14,6.14330762028679e-16
0.0949999988079071,-5.56060353318344e-09,9.91458248101674e-15,2.42266457749544e-16
0.0952500030398369,-5.52676882037417e-09,9.95749232309169e-15,2.50051802265554e-16
0.0954999998211861,-5.42560973926243e-09,1.02097107826968e-14,6.98143136912275e-16
0.0957499966025352,-5.25912424720332e-09,1.00111154378835e-14,1.19421385876283e-15
0.096000000834465,-5.03151653674649e-09,9.01737807823067e-15,1.2929739828853e-15
0.0962499976158142,-4.74893546709154e-09,7.57474629081798e-15,9.63461119865311e-16
0.096500001847744,-4.41857039845672e-09,6.20164955562777e-15,5.42938060673758e-16
0.0967499986290932,-4.04816402621577e-09,4.91312567208911e-15,2.7251164848561e-16
0.0970000028610229,-3.64637076089025e-09,3.31524989786189e-15,5.87219354969437e-17
0.0972499996423721,-3.22318438605862e-09,1.31278100132389e-15,-2.40930157396132e-16
0.0974999964237213,-2.78954126464726e-09,-5.98391401906366e-16,-4.74224418651884e-16
0.0977500006556511,-2.35633645928601e-09,-1.92038547471842e-15,-3.50279940364734e-16
0.0979999974370003,-1.93386506808224e-09,-2.84391926139518e-15,8.33070998782242e-17
0.0982500016689301,-1.53208945530281e-09,-4.05871845599601e-15,3.45936937746366e-16
0.0984999984502792,-1.16099807545567e-09,-5.87116016949872e-15,3.95192519051579e-17
0.098750002682209,-8.30217394831578e-10,-7.78017719151557e-15,-6.57482696707871e-16
0.0989999994635582,-5.48097345287601e-10,-9.07925722315938e-15,-1.18087796028302e-15
0.099250003695488,-3.21231680144862e-10,-9.68489594484158e-15,-1.22881854278995e-15
0.0995000004768372,-1.54790208428679e-10,-1.0100539247224e-14,-1.03146823053006e-15
0.0997499972581863,-5.29626481560186e-11,-1.06161917296887e-14,-9.30953795294704e-16
0.100000001490116,-1.87193698042432e-11,-1.08844521462819e-14,-9.00788410944137e-16
0.100249998271465,-5.30969226919531e-11,-1.04660331169313e-14,-6.82146019730871e-16
0.100500002503395,-1.54913804006895e-10,-9.55816795747107e-15,-3.04624414521474e-16
0.100749999284744,-3.21269205683095e-10,-8.8338285796595e-15,-1.82985533446971e-16
0.101000003516674,-5.48154355239916e-10,-8.55240950623079e-15,-5.76761197988365e-16
0.101250000298023,-8.30421120756597e-10,-8.15485459243698e-15,-1.14415378806362e-15
0.101499997079372,-1.16130138838599e-09,-6.94241586690191e-15,-1.26200698772927e-15
0.101750001311302,-1.53233004063225e-09,-4.96720999632072e-15,-7.52952468407173e-16
0.101999998092651,-1.93399873893441e-09,-2.9562398536076e-15,-7.70484594577459e-17
0.102250002324581,-2.35650055024905e-09,-1.39037430149007e-15,2.5699074910902e-16
0.10249999910593,-2.78984768620205e-09,8.59729259758316e-18,2.6745102367246e-16
0.10275000333786,-3.22354121173873e-09,1.72067395223894e-15,3.19880324934472e-16
0.103000000119209,-3.64660102114556e-09,3.62896062009702e-15,5.13321553673011e-16
0.103249996900558,-4.04825728494984e-09,5.12857909013508e-15,5.40665418336715e-16
0.103500001132488,-4.41870051659521e-09,5.99646852964962e-15,2.21931512791683e-16
0.103749997913837,-4.74920192061745e-09,6.77505020333746e-15,-8.74037614927299e-17
0.104000002145767,-5.03178565480766e-09,8.07182334074943e-15,1.31323035230241e-16
0.104249998927116,-5.25920773597477e-09,9.69446318198081e-15,8.58497538195387e-16
0.104500003159046,-5.42553513227517e-09,1.08135944521122e-14,1.47358575943715e-15
0.104749999940395,-5.52674839227052e-09,1.09658714942708e-14,1.46744625287721e-15
0.104999996721745,-5.56072876634062e-09,1.0566629290846e-14,1.01293059684204e-15
0.105250000953674,-5.52679146892388e-09,1.02737549438387e-14,6.63806379994276e-16
0.105499997735023,-5.42550093740601e-09,1.01078042488126e-14,6.29204131186872e-16
0.105750001966953,-5.25903587345056e-09,9.5317972807242e-15,6.1357907322755e-16
0.105999998748302,-5.03156893927326e-09,8.32895120331679e-15,3.81949258182931e-16
0.106250002980232,-4.74905403891057e-09,6.99899173854787e-15,1.84834315203252e-16
0.106499999761581,-4.4185917147388e-09,6.08350836476005e-15,3.99171873220335e-16
0.106749996542931,-4.04806055342988e-09,5.36136026118303e-15,8.91291054023048e-16
0.10700000077486,-3.6462872721188e-09,4.07681023271642e-15,1.05046336788871e-15
0.10724999755621,-3.22323456813933e-09,1.94467033283268e-15,5.2719309461284e-16
0.107500001788139,-2.78965339717274e-09,-4.18987732565316e-16,-2.9535340068576e-16
0.107749998569489,-2.35635622125585e-09,-2.23228905216059e-15,-7.46613062071685e-16
0.108000002801418,-1.93376714641147e-09,-3.46173005828765e-15,-6.52810568849935e-16
0.108249999582767,-1.53201051844576e-09,-4.70439515454549e-15,-4.38705600786212e-16
0.108499996364117,-1.16104570402342e-09,-6.25846683166369e-15,-4.72971498104217e-16
0.108750000596046,-8.30323643175035e-10,-7.69870278638507e-15,-6.00740224269102e-16
0.108999997377396,-5.48115719478659e-10,-8.52657754243837e-15,-4.90708262140604e-16
0.109250001609325,-3.21138893255579e-10,-8.93704801461191e-15,-2.43486926347419e-16
0.109499998390675,-1.54715629197e-10,-9.57795295305304e-15,-3.35414062154168e-16
0.109750002622604,-5.30078897442721e-11,-1.06052472169773e-14,-9.32607097728626e-16
0.109999999403954,-1.88199646838916e-11,-1.13571583642549e-14,-1.54382893120353e-15
0.110250003635883,-5.31140825765775e-11,-1.11441566830748e-14,-1.55468736419173e-15
0.110500000417233,-1.54825860465557e-10,-1.01138435937265e-14,-9.72331354768077e-16
0.110749997198582,-3.21198734276607e-10,-9.03343358774587e-15,-3.97002754191314e-16
0.111000001430511,-5.4819737638212e-10,-8.30279906107031e-15,-2.70422706419003e-16
0.111249998211861,-8.30516322380959e-10,-7.53761575454214e-15,-4.08323031894013e-16
0.11150000244379,-1.16131748661985e-09,-6.24028950461561e-15,-3.94574787187569e-16
0.11174999922514,-1.5322466628831e-09,-4.56812025882648e-15,-2.16874236405652e-16
0.112000003457069,-1.93393212555293e-09,-3.1100703541914e-15,-2.30060527691152e-16
0.112250000238419,-2.35654140645636e-09,-2.00885743078443e-15,-5.29280977888262e-16
0.112499997019768,-2.78993783631165e-09,-7.03791364362803e-16,-6.78155118120764e-16
0.112750001251698,-3.22355631077187e-09,1.29596337391439e-15,-2.42575439486834e-16
0.112999998033047,-3.6465219732662e-09,3.65702239812308e-15,5.77372544018046e-16
0.113250002264977,-4.04819422428204e-09,5.54428803757091e-15,1.11085628763235e-15
0.113499999046326,-4.41873915235647e-09,6.61239658405859e-15,1.0010405836032e-15
0.113750003278255,-4.74928718574574e-09,7.34521984386985e-15,5.8864194680435e-16
0.114000000059605,-5.03179986566238e-09,8.32058251779792e-15,4.16357748203651e-16
0.114249996840954,-5.25913312898751e-09,9.43485774804274e-15,5.56666982441092e-16
0.114500001072884,-5.42547562432105e-09,1.01297796715962e-14,6.56017964983832e-16
0.114749997854233,-5.52678569576415e-09,1.0241920904582e-14,5.55591356477198e-16
0.115000002086163,-5.56080959057681e-09,1.02406766131825e-14,5.55138882064686e-16
0.115249998867512,-5.52680434751096e-09,1.05120541110215e-14,9.32056420433792e-16
0.115500003099442,-5.42542988313244e-09,1.071449922058e-14,1.42146242235755e-15
0.115749999880791,-5.25897991821012e-09,1.01535025233499e-14,1.44948513098892e-15
0.11599999666214,-5.03160446641004e-09,8.70161266582374e-15,8.59627691905261e-16
0.11625000089407,-4.74913086634388e-09,7.01193651956428e-15,1.54852776706908e-16
0.116499997675419,-4.41860370514746e-09,5.72437994765139e-15,-9.10390019092187e-17
0.116750001907349,-4.04799349595919e-09,4.72906414210133e-15,1.15772026479354e-16
0.116999998688698,-3.64623420345822e-09,3.4495029259358e-15,3.09025491836289e-16
0.117250002920628,-3.22326787483007e-09,1.70076137231929e-15,2.27179503939744e-16
0.117499999701977,-2.78972578371395e-09,-7.77909830976878e-17,8.88899337382467e-17
0.117749996483326,-2.3563675455307e-09,-1.49642007362923e-15,1.45593647802235e-16
0.118000000715256,-1.93370341960986e-09,-2.79558290274364e-15,2.13262421744111e-16
0.118249997496605,-1.53196033636505e-09,-4.48155264458415e-15,-1.0313267363232e-16
0.118500001728535,-1.16107745640193e-09,-6.51839117350641e-15,-7.91817145823838e-16
0.118749998509884,-8.30392199446806e-10,-8.22797894677344e-15,-1.3182761275692e-15
0.119000002741814,-5.48126433130847e-10,-9.08275377516565e-15,-1.23424527112478e-15
0.119249999523163,-3.21078386100737e-10,-9.33684925978184e-15,-7.25514636025883e-16
0.119499996304512,-1.54668222673848e-10,-9.65160755001448e-15,-3.73230059842573e-16
0.119750000536442,-5.30381398522461e-11,-1.02355749337412e-14,-4.54377377906532e-16
0.119999997317791,-1.88848242599349e-11,-1.06517840541324e-14,-7.00957298000409e-16
0.120250001549721,-5.3124081522693e-11,-1.04950329839464e-14,-7.75230493711145e-16
0.12049999833107,-1.54768503568548e-10,-9.95112348236129e-15,-7.42739580403891e-16
0.120750002563,-3.21153936777563e-10,-9.46354336583445e-15,-8.84358036410212e-16
0.120999999344349,-5.48226131158458e-10,-9.01796591909606e-15,-1.16372755480437e-15
0.121250003576279,-8.3057771771422e-10,-8.09692007994363e-15,-1.16572941129609e-15
0.121500000357628,-1.16132681249326e-09,-6.40480490231255e-15,-6.44842265217318e-16
0.121749997138977,-1.53219237297719e-09,-4.36144972541059e-15,6.87830126967649e-17
0.122000001370907,-1.93388971503339e-09,-2.65680438939079e-15,4.00640548941535e-16
0.122249998152256,-2.35656871794276e-09,-1.44322058119015e-15,1.97112123948152e-16
0.122500002384186,-2.78999578995354e-09,-2.35677467862191e-16,-1.37118302306457e-16
0.122749999165535,-3.22356497051146e-09,1.37924153570607e-15,-1.79800093995254e-16
0.123000003397465,-3.64647045891786e-09,3.20713249489198e-15,3.33980359629267e-17
0.123250000178814,-4.04815425625316e-09,4.77768340975725e-15,1.99465366764082e-16
0.123499996960163,-4.41876535361985e-09,6.01820466562559e-15,2.60274669375746e-16
0.123750001192093,-4.74934225280776e-09,7.29570060370747e-15,4.74310286616912e-16
0.123999997973442,-5.03180785926816e-09,8.78071114353719e-15,9.55794518780594e-16
0.124250002205372,-5.25908427917443e-09,1.0062785294699e-14,1.37653632423078e-15
0.124499998986721,-5.42543787673821e-09,1.06023427410011e-14,1.3119855315073e-15
0.124750003218651,-5.5268105647599e-09,1.04261624290711e-14,7.98537240529558e-16
0.125,-5.56086154901436e-09,1.01126221722166e-14,3.408640044857e-16
0.125249996781349,-5.52681189702753e-09,1.00721517850297e-14,3.33744480805791e-16
0.125499993562698,-5.4253832537654e-09,1.00784833563104e-14,6.43807349774451e-16
0.125750005245209,-5.25894394698412e-09,9.64462206929848e-15,8.64257997511427e-16
0.126000002026558,-5.03162800313817e-09,8.68514634532911e-15,8.47780400890693e-16
0.126249998807907,-4.74918016024617e-09,7.55810209340443e-15,7.92738558851773e-16
0.126499995589256,-4.41861081057482e-09,6.4845441604506e-15,8.29072725338516e-16
0.126750007271767,-4.04794953112741e-09,5.21277077696037e-15,7.55085350307919e-16
0.127000004053116,-3.64620045267827e-09,3.42134225681315e-15,3.31405028745034e-16
0.127250000834465,-3.22329030133517e-09,1.28724867543657e-15,-2.87962826462729e-16
0.127499997615814,-2.78977263512559e-09,-6.08751885400707e-16,-6.35701615046141e-16
0.127749994397163,-2.35637420686885e-09,-1.95261126671319e-15,-4.71454462095685e-16
0.128000006079674,-1.93366189726873e-09,-3.05017241932631e-15,-8.01506977747301e-17
0.128250002861023,-1.53192847296424e-09,-4.39183491481097e-15,6.77185437449725e-17
0.128499999642372,-1.161098772684e-09,-6.01861335902264e-15,-1.53327574771368e-16
0.128749996423721,-8.30436330812034e-10,-7.51966119715919e-15,-4.75781318148497e-16
0.12899999320507,-5.48132594868633e-10,-8.60513984829621e-15,-6.69047925751004e-16
0.129250004887581,-3.21038945427787e-10,-9.43074794418266e-15,-8.14795190919157e-16
0.12950000166893,-1.54638093996518e-10,-1.02470073374303e-14,-1.06965395809994e-15
0.129749998450279,-5.30583459112943e-11,-1.09178371028649e-14,-1.31218881941464e-15
0.129999995231628,-1.89266397693233e-11,-1.10298800800289e-14,-1.2323334118837e-15
0.130250006914139,-5.31298408046332e-11,-1.04634098558936e-14,-7.72502624104513e-16
0.130500003695488,-1.54731116808193e-10,-9.62329293265366e-15,-2.97822289968769e-16
0.130750000476837,-3.21125487312557e-10,-8.97914385802456e-15,-2.16329514811229e-16
0.130999997258186,-5.48245338016784e-10,-8.51021625402921e-15,-5.18158958834781e-16
0.131249994039536,-8.30617297165048e-10,-7.78239218267264e-15,-8.20973978632022e-16
0.131500005722046,-1.16133214156378e-09,-6.52939455500772e-15,-8.37943913153347e-16
0.131750002503395,-1.5321568458404e-09,-4.95291038610517e-15,-6.48068454894732e-16
0.131999999284744,-1.93386284763619e-09,-3.38269574331996e-15,-4.63202349486178e-16
0.132249996066093,-2.35658714764497e-09,-1.82577930604841e-15,-2.84816337291696e-16
0.132499992847443,-2.79003331549177e-09,-4.88236639852851e-17,4.65745466648636e-17
0.132750004529953,-3.22357007753737e-09,1.94962505205764e-15,5.07847338553584e-16
0.133000001311302,-3.64643670813791e-09,3.78468720393325e-15,7.95615718015359e-16
0.133249998092651,-4.04812894316819e-09,5.10797967237433e-15,6.69811155376039e-16
0.133499994874001,-4.41878267309903e-09,6.04385112920255e-15,2.92969399985933e-16
0.133750006556511,-4.74937777994455e-09,7.03231359117638e-15,8.91901473610443e-17
0.13400000333786,-5.03181274424946e-09,8.27074648731326e-15,2.79182721159507e-16
0.134250000119209,-5.25905230475132e-09,9.48264226472914e-15,6.75290876209623e-16
0.134499996900558,-5.42541389592088e-09,1.02871956626457e-14,9.64423137535155e-16
0.134749993681908,-5.52682699606066e-09,1.06406430297771e-14,1.06844354801831e-15
0.135000005364418,-5.56089529979431e-09,1.07685416166807e-14,1.1190655191989e-15
0.135250002145767,-5.52681633791963e-09,1.07445409381203e-14,1.15443126232913e-15
0.135499998927116,-5.42535305569913e-09,1.03511576615917e-14,1.02153221642141e-15
0.135749995708466,-5.25892129843442e-09,9.42695493064485e-15,6.3816325160954e-16
0.136000007390976,-5.03164354626051e-09,8.19162005751255e-15,2.20762660264031e-16
0.136250004172325,-4.74921169058007e-09,7.05468711944515e-15,1.05716005007437e-16
0.136500000953674,-4.41861480737771e-09,6.13293485481471e-15,3.56897914660751e-16
0.136749997735023,-4.04792066532877e-09,5.11930280881322e-15,6.70126251632418e-16
0.136999994516373,-3.64617891435159e-09,3.68199462347403e-15,7.08277039093225e-16
0.137250006198883,-3.2233051783237e-09,1.86888587152536e-15,4.43197204747265e-16
0.137500002980232,-2.78980261114725e-09,9.40343221689467e-18,9.66949651528358e-17
0.137749999761581,-2.35637798162713e-09,-1.70265078518726e-15,-1.80724286350047e-16
0.137999996542931,-1.93363458578233e-09,-3.35872725201151e-15,-4.36895385498811e-16
0.13824999332428,-1.53190826690519e-09,-5.04888768935855e-15,-7.17993565789416e-16
0.13850000500679,-1.16111287251641e-09,-6.59562787280179e-15,-8.88862398805033e-16
0.138750001788139,-8.30464808032616e-10,-7.72040800565846e-15,-7.77802879832397e-16
0.138999998569489,-5.48136092071161e-10,-8.42079244468873e-15,-4.59145538124863e-16
0.139249995350838,-3.21013243764767e-10,-9.01489288356342e-15,-2.5534334943595e-16
0.139500007033348,-1.54618970404918e-10,-9.75533689880114e-15,-4.04765625864443e-16
0.139750003814697,-5.30718177738088e-11,-1.05075987177189e-14,-8.00560431663634e-16
0.140000000596046,-1.89535852290756e-11,-1.09080818244114e-14,-1.12514234532074e-15
0.140249997377396,-5.31331159625559e-11,-1.07809006744141e-14,-1.19510631385188e-15
0.140499994158745,-1.54706747412803e-10,-1.02720354669557e-14,-1.08473495620933e-15
0.140750005841255,-3.21107390677255e-10,-9.57340608019218e-15,-9.26905930718894e-16
0.141000002622604,-5.48258161092718e-10,-8.66314212342534e-15,-7.19970593627867e-16
0.141249999403954,-8.30642832294615e-10,-7.42264712557837e-15,-4.11445724733184e-16
0.141499996185303,-1.16133525018824e-09,-5.92854919277404e-15,-9.70963528907159e-17
0.141749992966652,-1.53213375320149e-09,-4.46314619512384e-15,4.63271807842214e-18
0.142000004649162,-1.93384575020161e-09,-3.19252562347482e-15,-1.83965682915843e-16
0.142250001430511,-2.35659936009824e-09,-1.94831342153882e-15,-4.49333084947396e-16
0.142499998211861,-2.79005751835371e-09,-4.30169626260257e-16,-4.7958041973561e-16
0.14274999499321,-3.22357296411724e-09,1.41668939169977e-15,-1.83070435265044e-16
0.14300000667572,-3.64641494776663e-09,3.32737220988652e-15,2.50315520679726e-16
0.143250003457069,-4.04811295595664e-09,5.01670721362647e-15,5.90906595267953e-16
0.143500000238419,-4.41879421941849e-09,6.44089994081038e-15,7.84505398604462e-16
0.143749997019768,-4.74940042849425e-09,7.70290830496819e-15,8.94952142179318e-16
0.143999993801117,-5.03181540878472e-09,8.79172426591739e-15,9.23053518995663e-16
0.144250005483627,-5.25903143255846e-09,9.55415725646582e-15,7.98345440506564e-16
0.144500002264977,-5.42539879688775e-09,9.93464106824066e-15,5.5287116310665e-16
0.144749999046326,-5.5268376542017e-09,1.01156223629158e-14,3.9299575895521e-16
0.144999995827675,-5.56091661607638e-09,1.03204882926375e-14,5.11826328762871e-16
0.145249992609024,-5.52681900245489e-09,1.05188125869076e-14,8.55898364657178e-16
0.145500004291534,-5.4253335157739e-09,1.04291727841656e-14,1.15227598699485e-15
0.145750001072884,-5.2589070875797e-09,9.82882632433787e-15,1.17847026913045e-15
0.145999997854233,-5.03165376031234e-09,8.78070690837245e-15,9.53457025483528e-16
0.146249994635582,-4.74923211868372e-09,7.51348632697371e-15,6.47034704122167e-16
0.146500006318092,-4.41861702782376e-09,6.15241364798624e-15,3.70274470722027e-16
0.146750003099442,-4.04790201358196e-09,4.66381338252607e-15,1.25549883654882e-16
0.146999999880791,-3.64616536963069e-09,3.04318778564325e-15,-6.96676724357231e-17
0.14724999666214,-3.22331517033092e-09,1.43232530226873e-15,-1.21838979373402e-16
0.147499993443489,-2.78982192902788e-09,-2.70436725476025e-17,1.34794143160865e-17
0.147750005125999,-2.35637998002858e-09,-1.39604031663249e-15,1.9748442139825e-16
0.148000001907349,-1.93361704425854e-09,-2.88738602763296e-15,1.89893007722491e-16
0.148249998688698,-1.53189538831811e-09,-4.59178635937277e-15,-1.12162236755953e-16
0.148499995470047,-1.16112242043442e-09,-6.32621506788393e-15,-5.61654100676289e-16
0.148750007152557,-8.30483182223674e-10,-7.79863403943624e-15,-9.12058607823829e-16
0.149000003933907,-5.48138090472605e-10,-8.87695017997127e-15,-1.04394079067838e-15
0.149250000715256,-3.20996507152671e-10,-9.63556389896054e-15,-1.01036228706685e-15
0.149499997496605,-1.54606827340587e-10,-1.0167808909829e-14,-9.00707731055911e-16
0.149749994277954,-5.30807932330735e-11,-1.04515141251824e-14,-7.43565437527464e-16
0.150000005960464,-1.89709428721763e-11,-1.043945999931e-14,-5.66027914118114e-16
0.150250002741814,-5.31349304833117e-11,-1.02048454254477e-14,-4.73029413981986e-16
0.150499999523163,-1.54690871223551e-10,-9.89391657116962e-15,-5.77551373849035e-16
0.150749996304512,-3.21095927624526e-10,-9.52616789975675e-15,-8.43510931320058e-16
0.150999993085861,-5.48266654298857e-10,-8.92180226859428e-15,-1.06132984768991e-15
0.151250004768372,-8.30659263595379e-10,-7.88356603305743e-15,-1.02604150219524e-15
0.151500001549721,-1.16133691552278e-09,-6.42177266631195e-15,-7.25863243023237e-16
0.15174999833107,-1.53211876519066e-09,-4.74974445150854e-15,-3.29766231750334e-16
0.151999995112419,-1.93383487001597e-09,-3.07229332001857e-15,-1.0213538994424e-17
0.15225000679493,-2.35660735370402e-09,-1.43982429670901e-15,1.79253916562953e-16
0.152500003576279,-2.79007306147605e-09,1.79451010541867e-16,2.61462765433168e-16
0.152750000357628,-3.22357451842947e-09,1.75949654270604e-15,2.46713724829764e-16
0.152999997138977,-3.64640073691191e-09,3.22407082449646e-15,1.46699621368442e-16
0.153249993920326,-4.04810274190481e-09,4.57509133998239e-15,5.22554444408655e-17
0.153500005602837,-4.41880176893505e-09,5.92399088496839e-15,1.16236359353127e-16
0.153750002384186,-4.74941508343818e-09,7.34201043603271e-15,4.10436670264988e-16
0.153999999165535,-5.03181674105235e-09,8.71278926556276e-15,8.20660523501978e-16
0.154249995946884,-5.25901810988216e-09,9.79246574101108e-15,1.12567174091277e-15
0.154499992728233,-5.42538902692513e-09,1.04213148595139e-14,1.18637107482508e-15
0.154750004410744,-5.52684520371827e-09,1.06388684957526e-14,1.04012448373452e-15
0.155000001192093,-5.5609308269311e-09,1.05852546983232e-14,8.20302387383968e-16
0.155249997973442,-5.52682033472252e-09,1.03399624271278e-14,6.28208655715611e-16
0.155499994754791,-5.42532063718681e-09,9.89735637196842e-15,5.0457662670688e-16
0.155750006437302,-5.25889776170629e-09,9.26406710675606e-15,4.8059850039865e-16
0.156000003218651,-5.0316608657397e-09,8.4991904261548e-15,5.82937709300185e-16
0.15625,-4.74924544136002e-09,7.62567922896933e-15,7.64283598719508e-16
0.156499996781349,-4.41861836009139e-09,6.55210477887302e-15,8.75171328822529e-16
0.156749993562698,-4.0478900231733e-09,5.1497811718378e-15,7.63835835927766e-16
0.157000005245209,-3.6461567098911e-09,3.41783829326859e-15,4.18857157142541e-16
0.157250002026558,-3.22332183166907e-09,1.53376575627367e-15,-7.8999297103642e-18
0.157499998807907,-2.78983436352576e-09,-2.80232300860274e-16,-3.29665514238949e-16
0.157749995589256,-2.35638131229621e-09,-1.91966464968031e-15,-4.64429064952039e-16
0.158000007271767,-1.93360549793908e-09,-3.41243866998808e-15,-4.51538282286013e-16
0.158250004053116,-1.53188728369003e-09,-4.80719657873843e-15,-3.71356078856112e-16
0.158500000834465,-1.16112863768336e-09,-6.10053626809871e-15,-2.90364588384669e-16
0.158749997615814,-8.30494950587735e-10,-7.27790528851861e-15,-2.74858485614876e-16
0.158999994397163,-5.48139145184479e-10,-8.36622573519366e-15,-3.97051696813798e-16
0.159250006079674,-3.20985599211454e-10,-9.3871926630019e-15,-6.74862806933905e-16
0.159500002861023,-1.54599125168353e-10,-1.02630636939784e-14,-1.00936490577146e-15
0.159749999642372,-5.30867676207247e-11,-1.08210432598504e-14,-1.22468999832592e-15
0.159999996423721,-1.89821283691494e-11,-1.09261405668469e-14,-1.2012560906863e-15
0.16024999320507,-5.31359192756931e-11,-1.06001684074255e-14,-9.71317879846687e-16
0.160500004887581,-1.54680532271634e-10,-9.99119491702999e-15,-6.80335751503911e-16
0.16075000166893,-3.21088655663715e-10,-9.23613365422151e-15,-4.66237639113105e-16
0.160999998450279,-5.48272371947434e-10,-8.37488664707934e-15,-3.8313097502347e-16
0.161249995231628,-8.30669810714113e-10,-7.38651693521324e-15,-4.15708603328699e-16
0.161500006914139,-1.1613378037012e-09,-6.25986909470787e-15,-5.18926635382789e-16
0.161750003695488,-1.53210899522804e-09,-4.99519003566737e-15,-6.21087649728045e-16
0.162000000476837,-1.93382820867782e-09,-3.56141482475117e-15,-6.1950295696285e-16
0.162249997258186,-2.35661268277454e-09,-1.91043368462113e-15,-4.28922132017409e-16
0.162499994039536,-2.79008305348327e-09,-6.39070741533405e-17,-6.30997061708193e-17
0.162750005722046,-3.22357518456329e-09,1.83454186188775e-15,3.44257139063062e-16
0.163000002503395,-3.64639141103851e-09,3.58842289379085e-15,6.25396029874694e-16
0.163249999284744,-4.04809608056667e-09,5.07987893083269e-15,6.98767294315283e-16
0.163499996066093,-4.41880709800557e-09,6.32565221449048e-15,6.11617609619505e-16
0.163749992847443,-4.7494248534008e-09,7.40993231400713e-15,4.80903485199221e-16
0.164000004529953,-5.03181762923077e-09,8.38555502705e-15,4.09836044496046e-16
0.164250001311302,-5.25900922809797e-09,9.24713745923929e-15,4.52830325167931e-16
0.164499998092651,-5.42538280967619e-09,9.9675449101097e-15,6.19634247069675e-16
0.164749994874001,-5.52685008869958e-09,1.05151390050154e-14,8.71578215060276e-16
0.165000006556511,-5.5609397087153e-09,1.08261669621483e-14,1.1108410410393e-15
0.16525000333786,-5.52682077881173e-09,1.07975923056727e-14,1.21023231058659e-15
0.165500000119209,-5.42531219949183e-09,1.0351185613679e-14,1.09419027912041e-15
0.165749996900558,-5.25889198854657e-09,9.51595098834697e-15,8.05312604135086e-16
0.165999993681908,-5.03166530663179e-09,8.42989889590466e-15,4.83763597824744e-16
0.166250005364418,-4.749253879055e-09,7.24535804752036e-15,2.70425353396964e-16
0.166500002145767,-4.41861924826981e-09,6.03133282927508e-15,2.20095701227407e-16
0.166749998927116,-4.04788202956752e-09,4.76378783425754e-15,2.90308154814558e-16
0.166999995708466,-3.64615138082058e-09,3.38992580479949e-15,3.88883096358935e-16
0.167250007390976,-3.22332605051656e-09,1.8825624890082e-15,4.22202249069926e-16
0.167500004172325,-2.78984257917614e-09,2.4344963042796e-16,3.20862115529678e-16
0.167750000953674,-2.35638175638542e-09,-1.50602712131699e-15,6.23236717899017e-17
0.167999997735023,-1.93359794842252e-09,-3.30544485622271e-15,-3.02665677300728e-16
0.168249994516373,-1.53188206564181e-09,-5.03364194334092e-15,-6.53165475654835e-16
0.168500006198883,-1.16113285653086e-09,-6.54115730154624e-15,-8.58013988261623e-16
0.168750002980232,-8.30502555615453e-10,-7.73272555877743e-15,-8.60687647759632e-16
0.168999999761581,-5.48139700295991e-10,-8.6229427867816e-15,-7.17961166779184e-16
0.169249996542931,-3.20978493784096e-10,-9.30454003504177e-15,-5.57781042524969e-16
0.16949999332428,-1.54594240187045e-10,-9.8596667939474e-15,-4.95341373543407e-16
0.16975000500679,-5.30907366680378e-11,-1.02991439093997e-14,-5.74529477930587e-16
0.170000001788139,-1.89893257368512e-11,-1.05715903628181e-14,-7.6252108197495e-16
0.170249998569489,-5.31364327538419e-11,-1.0606872673203e-14,-9.76020289132488e-16
0.170499995350838,-1.54673815422335e-10,-1.03425958525609e-14,-1.11313872378784e-15
0.170750007033348,-3.21084048238163e-10,-9.73179277099926e-15,-1.08979142526708e-15
0.171000003814697,-5.48276146705717e-10,-8.76278792637328e-15,-8.82942750234469e-16
0.171250000596046,-8.30676638585714e-10,-7.49149565759709e-15,-5.57167737731597e-16
0.171499997377396,-1.16133824779041e-09,-6.04295793295967e-15,-2.4085450676603e-16
0.171749994158745,-1.5321025559345e-09,-4.55492517957416e-15,-5.3652952850884e-17
0.172000005841255,-1.93382376778573e-09,-3.10099714901865e-15,-3.45085755661159e-17
0.172250002622604,-2.35661623548822e-09,-1.66236028662257e-15,-1.23876450953573e-16
0.172499999403954,-2.79008949277681e-09,-1.7195384251638e-16,-2.07570797089925e-16
0.172749996185303,-3.2235756286525e-09,1.41460389070452e-15,-1.83105785655702e-16
0.172999992966652,-3.64638541583417e-09,3.08132353826925e-15,-6.11316457973892e-18
0.173250004649162,-4.04809208376378e-09,4.75990249412849e-15,2.96388501417084e-16
0.173500001430511,-4.41881020663004e-09,6.35314732747483e-15,6.38297029875647e-16
0.173749998211861,-4.74943107064973e-09,7.752340300737e-15,9.06888424592907e-16
0.17399999499321,-5.03181807331998e-09,8.85931410697649e-15,1.012571984268e-15
0.17425000667572,-5.25900345493824e-09,9.62386467989306e-15,9.38198362213452e-16
0.174500003457069,-5.4253788128733e-09,1.00732054940161e-14,7.55126113768505e-16
0.174750000238419,-5.52685319732404e-09,1.0295653286624e-14,5.86493818310554e-16
0.174999997019768,-5.56094548187502e-09,1.03770777168106e-14,5.36607759942453e-16
0.175249993801117,-5.52682122290094e-09,1.03382776785958e-14,6.3285007862921e-16
0.175500005483627,-5.42530687042131e-09,1.01245644897399e-14,8.15760384962553e-16
0.175750002264977,-5.25888843583289e-09,9.65006002081985e-15,9.76439676320497e-16
0.175999999046326,-5.03166841525626e-09,8.85387530842217e-15,1.01298258348918e-15
0.176249995827675,-4.74925920812552e-09,7.72928829907748e-15,8.76781697273937e-16
0.176499992609024,-4.41861969235902e-09,6.32381372947847e-15,5.93301633865874e-16
0.176750004291534,-4.04787714458621e-09,4.72795749355574e-15,2.52418147622386e-16
0.177000001072884,-3.6461478281069e-09,3.05741095113531e-15,-3.03840975219713e-17
0.177249997854233,-3.22332915914103e-09,1.41966279498199e-15,-1.69598323299405e-16
0.177499994635582,-2.78984768620205e-09,-1.29180902141525e-16,-1.55408165622511e-16
0.177750006318092,-2.35638220047463e-09,-1.60595329217047e-15,-6.08948264695572e-17
0.178000003099442,-1.93359306344121e-09,-3.07322336219466e-15,-2.26139226712146e-18
0.178249999880791,-1.53187884599504e-09,-4.57649741467483e-15,-7.40453637002599e-17
0.17849999666214,-1.16113563208842e-09,-6.09353172914139e-15,-2.97807810999327e-16
0.178749993443489,-8.30507496107913e-10,-7.53297655509003e-15,-6.12565280668805e-16
0.179000005125999,-5.48139977851747e-10,-8.77571957837902e-15,-9.08208313682966e-16
0.179250001907349,-3.20973886358544e-10,-9.72252199539156e-15,-1.08028655092858e-15
0.179499998688698,-1.54591159318151e-10,-1.03213183849258e-14,-1.07834981009469e-15
0.179749995470047,-5.30933734477212e-11,-1.05742144708887e-14,-9.27754657732043e-16
0.180000007152557,-1.8993960917979e-11,-1.05326776692212e-14,-7.1730746910214e-16
0.180250003933907,-5.31366825540225e-11,-1.0278052789013e-14,-5.57433229621002e-16
0.180500000715256,-1.54669430041388e-10,-9.88234610111013e-15,-5.25603584347758e-16
0.180749997496605,-3.21081133902723e-10,-9.36467344506619e-15,-6.24866422524424e-16
0.180999994277954,-5.48278644707523e-10,-8.6771927059544e-15,-7.79571325807587e-16
0.181250005960464,-8.30681023966662e-10,-7.73966953487902e-15,-8.74574858808984e-16
0.181500002741814,-1.16133858085732e-09,-6.50126247324703e-15,-8.17902954802633e-16
0.181749999523163,-1.53209844810931e-09,-4.98345142956784e-15,-5.90639568131331e-16
0.181999996304512,-1.93382110325047e-09,-3.27623111338838e-15,-2.55574483551432e-16
0.182249993085861,-2.35661867797887e-09,-1.49975727756229e-15,7.73454503848769e-17
0.182500004768372,-2.79009371162431e-09,2.36685966465016e-16,3.06034009694604e-16
0.182750001549721,-3.2235758506971e-09,1.86014893843267e-15,3.82658039471326e-16
0.18299999833107,-3.64638141903129e-09,3.34569014440384e-15,3.32646170240778e-16
0.183249995112419,-4.04808941922852e-09,4.71610962020602e-15,2.41462173496346e-16
0.18350000679493,-4.4188128711653e-09,6.02099987435153e-15,2.14283069975773e-16
0.183750003576279,-4.74943462336341e-09,7.29284525564228e-15,3.22966621826691e-16
0.184000000357628,-5.03181807331998e-09,8.50355349286611e-15,5.64758476427976e-16
0.184249997138977,-5.25899990222456e-09,9.55765550253798e-15,8.58439887015415e-16
0.184499993920326,-5.42537659242726e-09,1.03342246259431e-14,1.0856177762986e-15
0.184750005602837,-5.52685541777009e-09,1.07479951384792e-14,1.15498141022838e-15
0.185000002384186,-5.5609490345887e-09,1.0785077393877e-14,1.0500428160304e-15
0.185249999165535,-5.52682166699014e-09,1.0495040607243e-14,8.32964947610268e-16
0.185499995946884,-5.42530331770763e-09,9.95733731606234e-15,6.07832166438666e-16
0.185749992728233,-5.25888621538684e-09,9.24844951327459e-15,4.68918604270283e-16
0.186000004410744,-5.03167063570231e-09,8.4184868210063e-15,4.59208642079433e-16
0.186250001192093,-4.7492627608392e-09,7.47448977711507e-15,5.52282157570953e-16
0.186499997973442,-4.41861969235902e-09,6.37727336691147e-15,6.62554888814708e-16
0.186749994754791,-4.04787359187253e-09,5.06681556520366e-15,6.84118230069434e-16
0.187000006437302,-3.64614560766086e-09,3.51308524236321e-15,5.46230424800176e-16
0.187250003218651,-3.22333093549787e-09,1.7588831849731e-15,2.56579832250484e-16
0.1875,-2.78985101687113e-09,-8.22430875301299e-17,-9.8099769295857e-17
0.187749996781349,-2.35638220047463e-09,-1.87437951546302e-15,-3.9892363962723e-16
0.187999993562698,-1.93358995481674e-09,-3.51612799646798e-15,-5.59542553417902e-16
0.188250005245209,-1.53187673657129e-09,-4.96690082929497e-15,-5.67398307547653e-16
0.188500002026558,-1.16113740844526e-09,-6.23687511480523e-15,-4.81559988672902e-16
0.188749998807907,-8.30510604732382e-10,-7.36156927381776e-15,-3.976589929672e-16
0.188999995589256,-5.4814008887405e-10,-8.37703980483126e-15,-4.0280535339648e-16
0.189250007271767,-3.20970861000802e-10,-9.29488047131128e-15,-5.3695684339584e-16
0.189500004053116,-1.54589202550071e-10,-1.00786807149872e-14,-7.71120107515916e-16
0.189750000834465,-5.3095122048985e-11,-1.06408556350469e-14,-1.01419924043879e-15
0.189999997615814,-1.89969463770812e-11,-1.0877319281833e-14,-1.15485022600067e-15
0.190249994397163,-5.31368005152189e-11,-1.07256105987821e-14,-1.12240674653846e-15
0.190500006079674,-1.54666585094887e-10,-1.0203298743286e-14,-9.29240247642409e-16
0.190750002861023,-3.21079274279157e-10,-9.39562064082708e-15,-6.63586733763141e-16
0.190999999642372,-5.4828031004206e-10,-8.40528665955629e-15,-4.37599163998861e-16
0.191249996423721,-8.30683855035375e-10,-7.30576081402201e-15,-3.2740729793179e-16
0.19149999320507,-1.16133858085732e-09,-6.12472541148992e-15,-3.40893571229516e-16
0.191750004887581,-1.53209578357405e-09,-4.85176999352179e-15,-4.22103410912893e-16
0.19200000166893,-1.93381932689363e-09,-3.45401803506114e-15,-4.7995189662254e-16
0.192249998450279,-2.35662023229111e-09,-1.89795498348395e-15,-4.27858629212572e-16
0.192499995231628,-2.79009637615957e-09,-1.82159729262958e-16,-2.25104564386547e-16
0.192750006914139,-3.22357607274171e-09,1.63263737110782e-15,9.5590513598955e-17
0.193000003695488,-3.64637875449603e-09,3.42591009373945e-15,4.35891519107417e-16
0.193250000476837,-4.04808764287168e-09,5.0634875727539e-15,6.81270928817239e-16
0.193499997258186,-4.41881420343293e-09,6.45794690239034e-15,7.65457162867929e-16
0.193749994039536,-4.74943728789867e-09,7.59687587359795e-15,7.06087300105895e-16
0.194000005722046,-5.03181807331998e-09,8.52181213507712e-15,5.88330873954471e-16
0.194250002503395,-5.2589972376893e-09,9.2832600263079e-15,5.13044097443226e-16
0.194499999284744,-5.42537481607042e-09,9.907175177893e-15,5.46116392989652e-16
0.194749996066093,-5.52685675003772e-09,1.03834380872116e-14,6.92757436735836e-16
0.194999992847443,-5.56095169912396e-09,1.06659574564388e-14,8.98107445786959e-16
0.195250004529953,-5.52682166699014e-09,1.06811371338865e-14,1.06863413043144e-15
0.195500001311302,-5.42530109726158e-09,1.03548109146932e-14,1.11194080744219e-15
0.195749998092651,-5.25888443903e-09,9.65620609188513e-15,9.85191538368884e-16
0.195999994874001,-5.03167196796994e-09,8.62980375365436e-15,7.25435014928841e-16
0.196250006556511,-4.74926498128525e-09,7.38255790321777e-15,4.3478415587778e-16
0.19650000333786,-4.41861969235902e-09,6.02965655107247e-15,2.23131824652391e-16
0.196750000119209,-4.04787137142648e-09,4.64047677779626e-15,1.46274847580284e-16
0.196999996900558,-3.64614427539323e-09,3.2237425992294e-15,1.80988441515583e-16
0.197249993681908,-3.2233322677655e-09,1.75189791601534e-15,2.46898854468298e-16
0.197500005364418,-2.78985323731717e-09,1.95565944712278e-16,2.52029015392462e-16
0.197750002145767,-2.35638242251923e-09,-1.45278008915374e-15,1.34295737063299e-16
0.197999998927116,-1.93358795641529e-09,-3.16389294524231e-15,-1.12895833462724e-16
0.198249995708466,-1.53187540430366e-09,-4.86177811131008e-15,-4.33732696822662e-16
0.198500007390976,-1.16113862969058e-09,-6.43136827905492e-15,-7.28225829671366e-16
0.198750004172325,-8.30512658644977e-10,-7.75654243118833e-15,-8.98318462869943e-16
0.199000000953674,-5.48140144385201e-10,-8.77234499911715e-15,-9.02783808809631e-16
0.199249997735023,-3.20968918110509e-10,-9.49093810541455e-15,-7.83793943868327e-16
0.199499994516373,-1.54587967426956e-10,-9.97712993494083e-15,-6.41918519241633e-16
0.199750006198883,-5.3096280844267e-11,-1.02936873231534e-14,-5.75742058534141e-16
0.200000002980232,-1.89988632465221e-11,-1.04603495258552e-14,-6.28683100045192e-16
0.200249999761581,-5.31368352096884e-11,-1.04497607669816e-14,-7.73727274927565e-16
0.200499996542931,-1.54664725471321e-10,-1.02079320135075e-14,-9.34076805771231e-16
0.20074999332428,-3.21078108544981e-10,-9.67774444566791e-15,-1.01953967729211e-15
0.20100000500679,-5.48281420265084e-10,-8.82114934347205e-15,-9.63987127325556e-16
0.201250001788139,-8.30685686903365e-10,-7.6444299973227e-15,-7.5682838529469e-16
0.201499998569489,-1.16133869187962e-09,-6.21556376585231e-15,-4.56029727428388e-16
0.201749995350838,-1.53209400721721e-09,-4.6502993953691e-15,-1.66361188368126e-16
0.202000007033348,-1.9338182166706e-09,-3.06303609693803e-15,1.53714510009586e-17
0.202250003814697,-2.35662134251413e-09,-1.51483615808931e-15,5.62571953518868e-17
0.202500000596046,-2.79009815251641e-09,2.1156753290829e-19,4.40354272663065e-18
0.202749997377396,-3.22357607274171e-09,1.52234499928761e-15,-4.42266606705808e-17
0.202999994158745,-3.64637720018379e-09,3.07858613954196e-15,-2.44011228988421e-18
0.203250005841255,-4.04808675469326e-09,4.65509910756471e-15,1.65731075264707e-16
0.203500002622604,-4.41881509161135e-09,6.19588083774049e-15,4.33727958732113e-16
0.203749999403954,-4.74943906425551e-09,7.61384448463029e-15,7.26425355262859e-16
0.203999996185303,-5.03181807331998e-09,8.80791868883594e-15,9.49744162438357e-16
0.204249992966652,-5.25899590542167e-09,9.69207116093777e-15,1.03090082433451e-15
0.204500004649162,-5.425373927892e-09,1.02316819703156e-14,9.57454491598976e-16
0.204750001430511,-5.52685763821614e-09,1.04610728919922e-14,7.90683815740412e-16
0.204999998211861,-5.56095303139159e-09,1.04590501773141e-14,6.35325638296679e-16
0.20524999499321,-5.52682166699014e-09,1.02943615613795e-14,5.79045751726229e-16
0.20550000667572,-5.42529976499395e-09,9.98277710360018e-15,6.42287137392366e-16
0.205750003457069,-5.25888355085158e-09,9.48671903430428e-15,7.71844532444055e-16
0.206000000238419,-5.03167285614836e-09,8.74920067086638e-15,8.7622260258919e-16
0.206249997019768,-4.74926675764209e-09,7.73057917728909e-15,8.73777747866059e-16
0.206499993801117,-4.41861969235902e-09,6.42901860965924e-15,7.27670599574441e-16
0.206750005483627,-4.04787003915885e-09,4.88786418498667e-15,4.59935608106414e-16
0.207000002264977,-3.64614338721481e-09,3.1946031835362e-15,1.45155625889386e-16
0.207249999046326,-3.22333315594392e-09,1.46321744088804e-15,-1.18342969997618e-16
0.207499995827675,-2.7898545695848e-09,-2.05160948650318e-16,-2.55868642212145e-16
0.207749992609024,-2.35638242251923e-09,-1.76375860073838e-15,-2.59516839585749e-16
0.208000004291534,-1.93358662414767e-09,-3.22981794304358e-15,-1.95475087193795e-16
0.208250001072884,-1.53187462714754e-09,-4.64999531054103e-15,-1.64867048718949e-16
0.208499997854233,-1.161139517869e-09,-6.04805325965388e-15,-2.43617131193279e-16
0.208749994635582,-8.30513935401456e-10,-7.39490849062168e-15,-4.4211760831643e-16
0.209000006318092,-5.48140144385201e-10,-8.6161080779302e-15,-7.05768180443017e-16
0.209250003099442,-3.20967641354031e-10,-9.62003524393852e-15,-9.46272597904035e-16
0.209499999880791,-1.54587190270838e-10,-1.03253739786773e-14,-1.08126243876294e-15
0.20974999666214,-5.30970510614903e-11,-1.06827956243972e-14,-1.06794326918384e-15
0.209999993443489,-1.90001001043605e-11,-1.06927448733957e-14,-9.23711451837443e-16
0.210250005125999,-5.31368421485823e-11,-1.04097215195649e-14,-7.2367530398092e-16
0.210500001907349,-1.54663531981569e-10,-9.91812646686805e-15,-5.66806337396641e-16
0.210749998688698,-3.21077386900015e-10,-9.28504811285955e-15,-5.21859910479131e-16
0.210999995470047,-5.4828214191005e-10,-8.52240251704136e-15,-5.86297094908554e-16
0.211250007152557,-8.30686852637541e-10,-7.58941690146443e-15,-6.88393364172904e-16
0.211500003933907,-1.16133869187962e-09,-6.43271082627632e-15,-7.31230361414396e-16
0.211750000715256,-1.53209278597188e-09,-5.03080861813236e-15,-6.46792293880575e-16
0.211999997496605,-1.93381755053679e-09,-3.41387544962486e-15,-4.27241274542921e-16
0.212249994277954,-2.35662200864795e-09,-1.65695145185876e-15,-1.23576270418e-16
0.212500005960464,-2.79009926273943e-09,1.3881471077646e-16,1.78548205768992e-16
0.212750002741814,-3.22357607274171e-09,1.86939409129372e-15,3.94069426155414e-16
0.212999999523163,-3.64637608996077e-09,3.45647718346526e-15,4.76222516434898e-16
0.213249996304512,-4.04808631060405e-09,4.87329055961268e-15,4.42729377862585e-16
0.213499993085861,-4.41881597978977e-09,6.1465818261444e-15,3.71270819696015e-16
0.213750004768372,-4.74943995243393e-09,7.32347142591615e-15,3.58076587476635e-16
0.214000001549721,-5.03181807331998e-09,8.422313715862e-15,4.61509924718005e-16
0.21424999833107,-5.25899457315404e-09,9.40462714215523e-15,6.68163146898038e-16
0.214499995112419,-5.42537348380279e-09,1.01878632618882e-14,9.03100705011023e-16
0.21475000679493,-5.52685852639456e-09,1.06843219777682e-14,1.07289195329905e-15
0.215000003576279,-5.56095391957001e-09,1.08364846704788e-14,1.1115082912435e-15
0.215250000357628,-5.52682166699014e-09,1.06332501262135e-14,1.00703789450711e-15
0.215499997138977,-5.42529887681553e-09,1.01103953225982e-14,8.04451912781557e-16
0.215749993920326,-5.25888310676237e-09,9.33984945048101e-15,5.87158156838997e-16
0.216000005602837,-5.03167330023757e-09,8.40486144901677e-15,4.40632230164301e-16
0.216250002384186,-4.74926764582051e-09,7.36386727420366e-15,4.08899570163518e-16
0.216499999165535,-4.41861969235902e-09,6.22355721577555e-15,4.67279119061313e-16
0.216749995946884,-4.04786915098043e-09,4.94538068672055e-15,5.33450338752444e-16
0.216999992728233,-3.6461429431256e-09,3.48601597519309e-15,5.1471719927229e-16
0.217250004410744,-3.22333360003313e-09,1.84268142499439e-15,3.61394839047503e-16
0.217500001192093,-2.78985545776322e-09,7.09018060573175e-17,9.21327729070302e-17
0.217749997973442,-2.35638242251923e-09,-1.73199994741403e-15,-2.19893101534336e-16
0.217999994754791,-1.93358573596925e-09,-3.45924126373038e-15,-4.84829853486659e-16
0.218250006437302,-1.53187407203603e-09,-5.0231302644655e-15,-6.35731578836651e-16
0.218500003218651,-1.16113996195821e-09,-6.37396104457124e-15,-6.55927279518916e-16
0.21875,-8.30514823579875e-10,-7.50869042642635e-15,-5.87112522938964e-16
0.218999996781349,-5.48140144385201e-10,-8.46268838832582e-15,-5.12263715401009e-16
0.219249993562698,-3.20966808686762e-10,-9.27915784574435e-15,-5.14406973455358e-16
0.219500005245209,-1.54586690670477e-10,-9.96887559886984e-15,-6.29436112335301e-16
0.219750002026558,-5.30975576007453e-11,-1.04888005155205e-14,-8.22787317353416e-16
0.219999998807907,-1.90008946077125e-11,-1.07584780182344e-14,-1.00792759673908e-15
0.220249995589256,-5.31368317402414e-11,-1.07030473351331e-14,-1.09511079217584e-15
0.220500007271767,-1.54662740947664e-10,-1.02916053161691e-14,-1.03833512663345e-15
0.220750004053116,-3.2107691505523e-10,-9.54880570230507e-15,-8.54454861696379e-16
0.221000000834465,-5.4828258599926e-10,-8.54154122648457e-15,-6.10694661344353e-16
0.221249997615814,-8.30687574282507e-10,-7.35476505815246e-15,-3.92716820417767e-16
0.221499994397163,-1.16133869187962e-09,-6.06537593045818e-15,-2.67147177072412e-16
0.221750006079674,-1.53209211983807e-09,-4.71804720807286e-15,-2.50482386170335e-16
0.222000002861023,-1.93381710644758e-09,-3.31248052364084e-15,-2.98084208437928e-16
0.222249999642372,-2.35662245273716e-09,-1.81560495804423e-15,-3.24425689017895e-16
0.222499996423721,-2.79009992887325e-09,-1.9887401865289e-16,-2.49552873389842e-16
0.22274999320507,-3.22357607274171e-09,1.52192730616549e-15,-4.5773951637198e-17
0.223000004887581,-3.64637542382695e-09,3.27356571246161e-15,2.45688920842704e-16
0.22325000166893,-4.04808586651484e-09,4.94796117259436e-15,5.38056821556968e-16
0.223499998450279,-4.41881642387898e-09,6.44224291154825e-15,7.44941760187634e-16
0.223749995231628,-4.74944084061235e-09,7.69015537691433e-15,8.20767090834655e-16
0.224000006914139,-5.03181807331998e-09,8.67273815968479e-15,7.77809126700383e-16
0.224250003695488,-5.25899412906483e-09,9.41149573232452e-15,6.77627522473743e-16
0.224500000476837,-5.42537303971358e-09,9.9495624006395e-15,6.02600361560831e-16
0.224749997258186,-5.52685897048377e-09,1.03237476754186e-14,6.16651420545919e-16
0.224999994039536,-5.56095480774843e-09,1.05360759654056e-14,7.30600486538994e-16
0.225250005722046,-5.52682166699014e-09,1.05427590553595e-14,8.92238778011907e-16
0.225500002503395,-5.42529798863711e-09,1.0273894704275e-14,1.01199113142442e-15
0.225749999284744,-5.25888266267316e-09,9.67520842902383e-15,1.01208663438922e-15
0.225999996066093,-5.03167374432678e-09,8.74390925604488e-15,8.69137277864526e-16
0.226249992847443,-4.74926808990972e-09,7.535177146687e-15,6.24567208135806e-16
0.226500004529953,-4.41861969235902e-09,6.13926769664486e-15,3.60356720761304e-16
0.226750001311302,-4.04786870689122e-09,4.64787349300816e-15,1.57979969408612e-16
0.226999998092651,-3.64614249903639e-09,3.12742288290709e-15,6.20164370580648e-17
0.227249994874001,-3.22333404412234e-09,1.60598505590599e-15,6.17808163149403e-17
0.227500006556511,-2.78985590185243e-09,7.50970411310598e-17,9.64921206143031e-17
0.22775000333786,-2.35638242251923e-09,-1.49150209445835e-15,8.39536507147753e-17
0.228000000119209,-1.93358506983543e-09,-3.10545211880473e-15,-3.66618325797098e-17
0.228249996900558,-1.53187373896913e-09,-4.7338452195721e-15,-2.69146757163083e-16
0.228499993681908,-1.16114040604742e-09,-6.29355093633896e-15,-5.54534418177702e-16
0.228750005364418,-8.30515323180236e-10,-7.6774676703974e-15,-8.01468080406176e-16
0.229000002145767,-5.48140144385201e-10,-8.7964083581157e-15,-9.34555908782022e-16
0.229249998927116,-3.20966281330826e-10,-9.60950662440415e-15,-9.31430039569298e-16
0.229499995708466,-1.54586385359146e-10,-1.01277154523037e-14,-8.29603391479971e-16
0.229750007390976,-5.30978941370996e-11,-1.03948950548561e-14,-7.04341406382926e-16
0.230000004172325,-1.90014046164144e-11,-1.04603563021188e-14,-6.31797004917536e-16
0.230250000953674,-5.31368143930067e-11,-1.03535852580185e-14,-6.53399150869158e-16
0.230499997735023,-1.54662241347303e-10,-1.00681360018268e-14,-7.54997153002286e-16
0.230749994516373,-3.21076637499473e-10,-9.56257591692858e-15,-8.71203667678912e-16
0.231000006198883,-5.48282919066168e-10,-8.78350635226312e-15,-9.17011315345543e-16
0.231250002980232,-8.30688073882868e-10,-7.7024568364073e-15,-8.33266703097727e-16
0.231499999761581,-1.16133869187962e-09,-6.34448514503973e-15,-6.203117146088e-16
0.231749996542931,-1.53209156472656e-09,-4.78833654313487e-15,-3.38653857298298e-16
0.23199999332428,-1.93381666235837e-09,-3.13776769629191e-15,-7.65123405416931e-17
0.23225000500679,-2.35662289682637e-09,-1.48354146706182e-15,9.51804040686961e-17
0.232500001788139,-2.79010037296246e-09,1.21865131515649e-16,1.55248539616623e-16
0.232749998569489,-3.22357607274171e-09,1.66777282715552e-15,1.38501493874433e-16
0.232999995350838,-3.64637497973774e-09,3.17087482606829e-15,1.16525197588141e-16
0.233250007033348,-4.04808542242563e-09,4.65059839799948e-15,1.62588450681496e-16
0.233500003814697,-4.41881642387898e-09,6.10220915816953e-15,3.14587216047079e-16
0.233750000596046,-4.74944128470156e-09,7.47882235064027e-15,5.52731190912116e-16
0.233999997377396,-5.03181807331998e-09,8.694976162682e-15,8.05796524645764e-16
0.234249994158745,-5.25899368497562e-09,9.65500754026476e-15,9.86263352684516e-16
0.234500005841255,-5.42537259562437e-09,1.02919551407763e-14,1.03614480531097e-15
0.234750002622604,-5.52685897048377e-09,1.05929059469358e-14,9.56692161946447e-16
0.234999999403954,-5.56095525183764e-09,1.0595680826871e-14,8.05235577076445e-16
0.235249996185303,-5.52682166699014e-09,1.03618556877155e-14,6.63355493768541e-16
0.235499992966652,-5.4252975445479e-09,9.94425235109316e-15,5.95781164000283e-16
0.235750004649162,-5.25888266267316e-09,9.36501818747573e-15,6.20317432081194e-16
0.236000001430511,-5.03167418841599e-09,8.61085477959133e-15,7.00523352433619e-16
0.236249998211861,-4.74926853399893e-09,7.64536342763057e-15,7.63205272838094e-16
0.23649999499321,-4.41861969235902e-09,6.43495038138886e-15,7.3420334118014e-16
0.23675000667572,-4.04786826280201e-09,4.9789138740694e-15,5.77267141355672e-16
0.237000003457069,-3.64614227699178e-09,3.3277057291095e-15,3.15767529989299e-16
0.237250000238419,-3.22333426616694e-09,1.57566932320729e-15,2.30911438461118e-17
0.237499997019768,-2.78985634594164e-09,-1.70461330758649e-16,-2.14718100803527e-16
0.237749993801117,-2.35638242251923e-09,-1.82894551520524e-15,-3.42844473395499e-16
0.238000005483627,-1.93358484779083e-09,-3.36422026067445e-15,-3.63284119566574e-16
0.238250002264977,-1.53187351692452e-09,-4.78225950525479e-15,-3.29942494012701e-16
0.238499999046326,-1.16114062809203e-09,-6.10689197981843e-15,-3.18832624588057e-16
0.238749995827675,-8.30515711758295e-10,-7.35135236240797e-15,-3.89686745337422e-16
0.238999992609024,-5.4814008887405e-10,-8.4972168393877e-15,-5.56224778303066e-16
0.239250004291534,-3.20965948263918e-10,-9.48840462986931e-15,-7.77680801208874e-16
0.239500001072884,-1.54586191070116e-10,-1.02442129757373e-14,-9.76534544010589e-16
0.239749997854233,-5.30981196511515e-11,-1.06886689508535e-14,-1.07620724025461e-15
0.239999994635582,-1.90017342138749e-11,-1.07831520879879e-14,-1.04061205707479e-15
0.240250006318092,-5.31368005152189e-11,-1.05434214351242e-14,-8.93485822268502e-16
0.240500003099442,-1.54661908280396e-10,-1.00295443337169e-14,-7.0561582039163e-16
0.240749999880791,-3.21076443210444e-10,-9.31459685722452e-15,-5.57241270779331e-16
0.24099999666214,-5.48283141110772e-10,-8.45130595958062e-15,-4.97249368196657e-16
0.241249993443489,-8.30688406949776e-10,-7.45476153274057e-15,-5.20587666992355e-16
0.241500005125999,-1.16133858085732e-09,-6.30726990546917e-15,-5.73244634828721e-16
0.241750001907349,-1.53209134268195e-09,-4.9797858944886e-15,-5.80213227825341e-16
0.241999998688698,-1.93381666235837e-09,-3.45943608130825e-15,-4.82974957211291e-16
0.242249995470047,-2.35662289682637e-09,-1.77192706884435e-15,-2.6986469699522e-16
0.242500007152557,-2.79010059500706e-09,1.16722240281857e-17,1.53675467084674e-17
0.242750003933907,-3.22357607274171e-09,1.78990364908393e-15,2.92972099903452e-16
0.243000000715256,-3.64637453564853e-09,3.46301712485101e-15,4.86505390535447e-16
0.243249997496605,-4.04808542242563e-09,4.96571244206997e-15,5.61387391177022e-16
0.243499994277954,-4.41881686796819e-09,6.28160480716736e-15,5.41116833958043e-16
0.243750005960464,-4.74944128470156e-09,7.43159433460022e-15,4.92510695312802e-16
0.244000002741814,-5.03181807331998e-09,8.44468809116372e-15,4.89310393079838e-16
0.244249999523163,-5.25899324088641e-09,9.3287770357945e-15,5.74207552471071e-16
0.244499996304512,-5.42537259562437e-09,1.0055783720357e-14,7.37743780080985e-16
0.244749993085861,-5.52685941457298e-09,1.05663285941498e-14,9.22749540046717e-16
0.245000004768372,-5.56095525183764e-09,1.07908490763796e-14,1.05158970995032e-15
0.245250001549721,-5.52682166699014e-09,1.06786604095487e-14,1.06404384713204e-15
0.24549999833107,-5.4252975445479e-09,1.02224382997622e-14,9.48061849125991e-16
0.245749995112419,-5.25888221858395e-09,9.46510360052329e-15,7.47128799257445e-16
0.24600000679493,-5.03167418841599e-09,8.48322300806611e-15,5.38791516759593e-16
0.246250003576279,-4.74926897808814e-09,7.35448469024692e-15,3.9492299713823e-16
0.246500000357628,-4.41861969235902e-09,6.12742787010814e-15,3.45361378858706e-16
0.246749997138977,-4.0478678187128e-09,4.81030730723722e-15,3.64497414854177e-16
0.246999993920326,-3.64614205494718e-09,3.38367470164875e-15,3.86761649402977e-16
0.247250005602837,-3.22333448821155e-09,1.8276590839166e-15,3.41448774856661e-16
0.247500002384186,-2.78985656798625e-09,1.4904038368329e-16,1.88934431123996e-16
0.247749999165535,-2.35638220047463e-09,-1.60426875539662e-15,-5.86426915942611e-17
0.247999995946884,-1.93358462574622e-09,-3.34740157447377e-15,-3.41584564826018e-16
0.248249992728233,-1.53187340590222e-09,-4.98035721821152e-15,-5.80272149554734e-16
0.248500004410744,-1.16114073911433e-09,-6.41890291868666e-15,-7.13716314103578e-16
0.248750001192093,-8.305159338029e-10,-7.6199642976742e-15,-7.29749853701714e-16
0.248999997973442,-5.4814008887405e-10,-8.58754189178405e-15,-6.70375438137588e-16
0.249249994754791,-3.20965698463738e-10,-9.35511637232232e-15,-6.08714827709264e-16
0.249500006437302,-1.54586066170026e-10,-9.95450060272199e-15,-6.09988341745461e-16
0.249750003218651,-5.30982653679235e-11,-1.03890750914755e-14,-6.97627187968278e-16
0.25,-1.90019458501389e-11,-1.06256607110061e-14,-8.41784201717521e-16
0.25025001168251,-5.3136786637431e-11,-1.06077976331814e-14,-9.74814749490308e-16
0.250499993562698,-1.54661700113579e-10,-1.02823980680324e-14,-1.02499943991188e-15
0.250750005245209,-3.21076332188142e-10,-9.62691315147023e-15,-9.52058044692019e-16
0.250999987125397,-5.48283252133075e-10,-8.664930209977e-15,-7.67688671167471e-16
0.251249998807907,-8.30688573483229e-10,-7.46265672684192e-15,-5.30885152411244e-16
0.251500010490417,-1.16133858085732e-09,-6.10659975345163e-15,-3.19383275413111e-16
0.251749992370605,-1.53209112063735e-09,-4.67227990035035e-15,-1.90973927642306e-16
0.252000004053116,-1.93381644031376e-09,-3.20005299351883e-15,-1.54823289372432e-16
0.252249985933304,-2.35662311887097e-09,-1.69138662341732e-15,-1.6828281495787e-16
0.252499997615814,-2.79010081705167e-09,-1.27367748708588e-16,-1.60754253773776e-16
0.252750009298325,-3.22357607274171e-09,1.50165081971588e-15,-7.14685240385898e-17
0.252999991178513,-3.64637453564853e-09,3.1718493374741e-15,1.18622080588628e-16
0.253250002861023,-4.04808497833642e-09,4.81936505405869e-15,3.76423665221298e-16
0.253500014543533,-4.41881686796819e-09,6.35372161581307e-15,6.3205789106529e-16
0.253749996423721,-4.74944172879077e-09,7.68457004166013e-15,8.12167641777215e-16
0.254000008106232,-5.03181807331998e-09,8.74975632447978e-15,8.75203198437169e-16
0.25424998998642,-5.25899324088641e-09,9.53193873522639e-15,8.31445476382012e-16
0.25450000166893,-5.42537259562437e-09,1.00552975234453e-14,7.37224601823878e-16
0.25475001335144,-5.52685941457298e-09,1.03631270841694e-14,6.65527286245301e-16
0.254999995231628,-5.56095569592685e-09,1.04876485507123e-14,6.67913060420361e-16
0.255250006914139,-5.52682166699014e-09,1.04285120984668e-14,7.47795731824289e-16
0.255499988794327,-5.42529710045869e-09,1.01518177748178e-14,8.59044350902399e-16
0.255750000476837,-5.25888221858395e-09,9.60971330044328e-15,9.30087386468781e-16
0.256000012159348,-5.0316746325052e-09,8.76945831083291e-15,9.00539277378526e-16
0.256249994039536,-4.74926897808814e-09,7.63685413464246e-15,7.51795580219901e-16
0.256500005722046,-4.41861969235902e-09,6.26294340078993e-15,5.16834040486597e-16
0.256749987602234,-4.0478678187128e-09,4.73119908864488e-15,2.64725827513567e-16
0.256999999284744,-3.64614205494718e-09,3.13102658458118e-15,6.73251035584178e-17
0.257250010967255,-3.22333448821155e-09,1.52964208224908e-15,-3.56531354535381e-17
0.257499992847443,-2.78985679003085e-09,-4.41295595928344e-17,-5.55537014019676e-17
0.257750004529953,-2.35638220047463e-09,-1.59562743114785e-15,-4.76196033420406e-17
0.257999986410141,-1.93358440370162e-09,-3.14163609576202e-15,-8.11169903139798e-17
0.258249998092651,-1.53187329487992e-09,-4.68152230035431e-15,-2.02298824321545e-16
0.258500009775162,-1.16114085013663e-09,-6.17820664826308e-15,-4.09533733143215e-16
0.25874999165535,-8.30516044825202e-10,-7.55926168150923e-15,-6.53165422715275e-16
0.25900000333786,-5.4814008887405e-10,-8.73725327114536e-15,-8.59611386521027e-16
0.259249985218048,-3.2096555968586e-10,-9.63875043690811e-15,-9.67174300547837e-16
0.259499996900558,-1.54585996781087e-10,-1.02279719660066e-14,-9.55779272187544e-16
0.259750008583069,-5.30983659818851e-11,-1.05142657140468e-14,-8.56143210118494e-16
0.259999990463257,-1.90020828932935e-11,-1.05401628993761e-14,-7.33825352727428e-16
0.260250002145767,-5.31367762290902e-11,-1.0355648630278e-14,-6.55848505454822e-16
0.260500013828278,-1.54661561335701e-10,-9.99120508142536e-15,-6.56534919779453e-16
0.260749995708466,-3.21076248921415e-10,-9.44350934256599e-15,-7.20080602031891e-16
0.261000007390976,-5.48283363155377e-10,-8.68166842804769e-15,-7.89039936548028e-16
0.261249989271164,-8.30688740016683e-10,-7.67087944813366e-15,-7.94358615242516e-16
0.261500000953674,-1.16133858085732e-09,-6.40077556658247e-15,-6.91317957181536e-16
0.261750012636185,-1.53209100961504e-09,-4.90331406594459e-15,-4.82949122706399e-16
0.261999994516373,-1.93381644031376e-09,-3.2510763524373e-15,-2.19316311801925e-16
0.262250006198883,-2.35662311887097e-09,-1.53717389921607e-15,2.65678732961783e-17
0.262499988079071,-2.79010103909627e-09,1.53238781895695e-16,1.93974383039277e-16
0.262749999761581,-3.2235758506971e-09,1.76635803897439e-15,2.6337256003143e-16
0.263000011444092,-3.64637431360393e-09,3.28721458961543e-15,2.64696790165344e-16
0.26324999332428,-4.04808497833642e-09,4.72784864982202e-15,2.60715920601706e-16
0.26350000500679,-4.41881686796819e-09,6.10211090234765e-15,3.13704978292955e-16
0.263749986886978,-4.74944172879077e-09,7.40011096698372e-15,4.52311305729501e-16
0.263999998569489,-5.03181807331998e-09,8.57609000633718e-15,6.55660993536123e-16
0.264250010251999,-5.25899324088641e-09,9.5566949671758e-15,8.62917726691075e-16
0.264499992132187,-5.42537259562437e-09,1.0265671708423e-14,1.0032903031111e-15
0.264750003814697,-5.52685941457298e-09,1.06522617807146e-14,1.03102809103484e-15
0.264999985694885,-5.56095569592685e-09,1.07089647073027e-14,9.47686613530358e-16
0.265249997377396,-5.52682166699014e-09,1.04702792930959e-14,8.00691721770458e-16
0.265500009059906,-5.42529710045869e-09,9.9936614769724e-15,6.59187350514221e-16
0.265749990940094,-5.25888221858395e-09,9.33234982076602e-15,5.79343324988511e-16
0.266000002622604,-5.0316746325052e-09,8.51329013659479e-15,5.76445837034191e-16
0.266250014305115,-4.74926897808814e-09,7.53095807557672e-15,6.1777839788224e-16
0.266499996185303,-4.41861969235902e-09,6.3602746862095e-15,6.39994219204149e-16
0.266750007867813,-4.0478678187128e-09,4.98219782080591e-15,5.82283746925345e-16
0.266999989748001,-3.64614205494718e-09,3.40867064392222e-15,4.18454790022816e-16
0.267250001430511,-3.22333471025615e-09,1.69354115759778e-15,1.71492897774396e-16
0.267500013113022,-2.78985679003085e-09,-7.66846521894553e-17,-9.68119284914508e-17
0.26774999499321,-2.35638220047463e-09,-1.80771061097582e-15,-3.15758106747761e-16
0.26800000667572,-1.93358418165701e-09,-3.42541203836647e-15,-4.39861986047672e-16
0.268249988555908,-1.53187329487992e-09,-4.89324157365231e-15,-4.70034464299172e-16
0.268500000238419,-1.16114096115894e-09,-6.21118672309738e-15,-4.51356170202353e-16
0.268750011920929,-8.30516155847505e-10,-7.39757664440554e-15,-4.48773566746175e-16
0.268999993801117,-5.4814008887405e-10,-8.46321270172017e-15,-5.12988934422536e-16
0.269250005483627,-3.20965476419133e-10,-9.39094501895823e-15,-6.53678195285719e-16
0.269499987363815,-1.54585941269936e-10,-1.0131340753318e-14,-8.33568670343424e-16
0.269749999046326,-5.30984319013772e-11,-1.06172488268069e-14,-9.86483581250802e-16
0.270000010728836,-1.90021713641908e-11,-1.07903561032043e-14,-1.05029872585959e-15
0.270249992609024,-5.31367692901963e-11,-1.06262968327495e-14,-9.98059345266216e-16
0.270500004291534,-1.54661464191186e-10,-1.01453743951881e-14,-8.51397390394147e-16
0.270749986171722,-3.21076221165839e-10,-9.4035115997637e-15,-6.69490871042859e-16
0.270999997854233,-5.48283418666529e-10,-8.46833047478748e-15,-5.19342475620332e-16
0.271250009536743,-8.30688795527834e-10,-7.39264606561957e-15,-4.42561400641232e-16
0.271499991416931,-1.16133858085732e-09,-6.19843125394468e-15,-4.35374087855763e-16
0.271750003099442,-1.53209089859274e-09,-4.87871538212338e-15,-4.51746970028393e-16
0.272000014781952,-1.93381644031376e-09,-3.41601187847608e-15,-4.27892563470021e-16
0.27224999666214,-2.35662334091558e-09,-1.80783703064319e-15,-3.15807234658701e-16
0.27250000834465,-2.79010103909627e-09,-8.62727011929044e-17,-1.08976764217011e-16
0.272749990224838,-3.2235758506971e-09,1.67886525299541e-15,1.5277519017575e-16
0.273000001907349,-3.64637431360393e-09,3.3956257012598e-15,4.01881875725736e-16
0.273250013589859,-4.04808497833642e-09,4.9769402873023e-15,5.75729564798169e-16
0.273499995470047,-4.41881686796819e-09,6.36558939443705e-15,6.4682850453907e-16
0.273750007152557,-4.74944172879077e-09,7.54470033811298e-15,6.35110756625872e-16
0.273999989032745,-5.03181807331998e-09,8.52906697227035e-15,5.96238244154445e-16
0.274250000715256,-5.25899324088641e-09,9.34247948778224e-15,5.92092229635872e-16
0.274500012397766,-5.42537259562437e-09,9.99305076621743e-15,6.58531535254809e-16
0.274749994277954,-5.52685941457298e-09,1.0459067965006e-14,7.86639127538154e-16
0.275000005960464,-5.56095569592685e-09,1.06924450237324e-14,9.26747112041284e-16
0.275249987840652,-5.52682166699014e-09,1.06382484676352e-14,1.01314955485891e-15
0.275499999523163,-5.42529710045869e-09,1.02608359973271e-14,9.97133538254867e-16
0.275750011205673,-5.25888221858395e-09,9.56355508701561e-15,8.71736451402735e-16
0.275999993085861,-5.0316746325052e-09,8.5917855268498e-15,6.75648959388075e-16
0.276250004768372,-4.74926897808814e-09,7.41743024965623e-15,4.74163908735715e-16
0.27649998664856,-4.41861969235902e-09,6.11261368737713e-15,3.26829594991983e-16
0.27674999833107,-4.04786737462359e-09,4.725986024371e-15,2.58334963926533e-16
0.27700001001358,-3.64614205494718e-09,3.27342637554179e-15,2.47426661873556e-16
0.277249991893768,-3.22333471025615e-09,1.74719116568568e-15,2.39282757723061e-16
0.277500003576279,-2.78985701207546e-09,1.38125477420302e-16,1.74802493727335e-16
0.277749985456467,-2.35638220047463e-09,-1.5407295317704e-15,2.19039560330022e-17
0.277999997138977,-1.93358418165701e-09,-3.2412033364041e-15,-2.06849072079306e-16
0.278250008821487,-1.53187329487992e-09,-4.88456668572301e-15,-4.59057817275263e-16
0.278499990701675,-1.16114096115894e-09,-6.38195957669216e-15,-6.67371382850592e-16
0.278750002384186,-8.30516211358656e-10,-7.66108520616456e-15,-7.82050855941996e-16
0.279000014066696,-5.4814008887405e-10,-8.68608231673583e-15,-7.94810348501198e-16
0.279249995946884,-3.20965420907982e-10,-9.46064566612189e-15,-7.41770998228706e-16
0.279500007629395,-1.5458591351436e-10,-1.00130585314645e-14,-6.8397894608917e-16
0.279749989509583,-5.30984735347406e-11,-1.03713111165057e-14,-6.75509834226489e-16
0.280000001192093,-1.9002226875342e-11,-1.05414309076982e-14,-7.35535459308375e-16
0.280250012874603,-5.31367623513024e-11,-1.05001448277831e-14,-8.3850194904691e-16
0.280499994754791,-1.54661408680035e-10,-1.02053155287335e-14,-9.27153264339493e-16
0.280750006437302,-3.21076193410263e-10,-9.61869100265123e-15,-9.41605234606427e-16
0.28099998831749,-5.4828347417768e-10,-8.72962743352123e-15,-8.49826673672582e-16
0.28125,-8.30688851038985e-10,-7.56798103866826e-15,-6.64327569954633e-16
0.28150001168251,-1.16133858085732e-09,-6.19948538644753e-15,-4.36688233003649e-16
0.281749993562698,-1.53209078757044e-09,-4.70541582924693e-15,-2.32544478278755e-16
0.282000005245209,-1.93381621826916e-09,-3.15637573959366e-15,-9.95407046880346e-17
0.282249987125397,-2.35662334091558e-09,-1.59329226719139e-15,-4.45242934898672e-17
0.282499998807907,-2.79010103909627e-09,-2.51093305374819e-17,-3.16588953424788e-17
0.282750010490417,-3.2235758506971e-09,1.5561878830578e-15,-2.35054041686845e-18
0.282999992370605,-3.64637409155932e-09,3.15164400179206e-15,9.33754231802115e-17
0.283250004053116,-4.04808497833642e-09,4.73527924635181e-15,2.70128124241816e-16
0.283499985933304,-4.41881686796819e-09,6.24830413036253e-15,4.98474283717505e-16
0.283749997615814,-4.74944172879077e-09,7.61064778228735e-15,7.18479709761581e-16
0.284000009298325,-5.03181807331998e-09,8.74439799405545e-15,8.68564260075709e-16
0.284249991178513,-5.2589927967972e-09,9.59801154027697e-15,9.1528230934196e-16
0.284500002861023,-5.42537215153516e-09,1.01596045487019e-14,8.69171318001094e-16
0.284750014543533,-5.52685941457298e-09,1.04527541814172e-14,7.78625931159333e-16
0.284999996423721,-5.56095569592685e-09,1.05169270915671e-14,7.0475385848868e-16
0.285250008106232,-5.52682166699014e-09,1.03826732164602e-14,6.89951322460701e-16
0.28549998998642,-5.42529710045869e-09,1.00545580636823e-14,7.36302500581673e-16
0.28575000166893,-5.25888221858395e-09,9.51065279726189e-15,8.04847000711892e-16
0.28600001335144,-5.0316746325052e-09,8.71853553707693e-15,8.35915851579824e-16
0.286249995231628,-4.74926897808814e-09,7.6592666264268e-15,7.79969801869711e-16
0.286500006914139,-4.41861969235902e-09,6.34703005552976e-15,6.23286282561321e-16
0.286749988794327,-4.04786737462359e-09,4.83459682403269e-15,3.95718334605922e-16
0.287000000476837,-3.64614205494718e-09,3.20174345952331e-15,1.56787241139759e-16
0.287250012159348,-3.22333471025615e-09,1.53194696477768e-15,-3.29433248540389e-17
0.287499994039536,-2.78985701207546e-09,-1.11545490891233e-16,-1.40965115671302e-16
0.287750005722046,-2.35638220047463e-09,-1.69861403791888e-15,-1.77756454956436e-16
0.287999987602234,-1.93358418165701e-09,-3.22780496924443e-15,-1.89876159707775e-16
0.288249999284744,-1.53187318385761e-09,-4.70713572964633e-15,-2.34659916594743e-16
0.288500010967255,-1.16114096115894e-09,-6.13059492629792e-15,-3.49508505108023e-16
0.288749992847443,-8.30516266869807e-10,-7.4629879167243e-15,-5.31557378934008e-16
0.289000004529953,-5.4814008887405e-10,-8.64118110020188e-15,-7.3802393622829e-16
0.289249986410141,-3.2096536539683e-10,-9.59118106659031e-15,-9.06822779539495e-16
0.289499998092651,-1.54585899636572e-10,-1.02525723438937e-14,-9.86859875637619e-16
0.289750009775162,-5.30985012903162e-11,-1.05984853529593e-14,-9.62818221858345e-16
0.28999999165535,-1.90022650392585e-11,-1.06415459668989e-14,-8.62169902477768e-16
0.29025000333786,-5.31367588818554e-11,-1.04230080783755e-14,-7.40951811489593e-16
0.290499985218048,-1.54661380924459e-10,-9.99041056452083e-15,-6.55352832362e-16
0.290749996900558,-3.21076165654688e-10,-9.37496658944123e-15,-6.33368727490725e-16
0.291000008583069,-5.4828347417768e-10,-8.58027180799777e-15,-6.60962837450784e-16
0.291249990463257,-8.30688906550137e-10,-7.58817176303196e-15,-6.89886206802881e-16
0.291500002145767,-1.16133858085732e-09,-6.37854899853004e-15,-6.63138176878011e-16
0.291750013828278,-1.53209078757044e-09,-4.95244917666539e-15,-5.4492498820978e-16
0.291999995708466,-1.93381621826916e-09,-3.34638026449762e-15,-3.3980939552681e-16
0.292250007390976,-2.35662334091558e-09,-1.63043201495053e-15,-9.15061273447396e-17
0.292499989271164,-2.79010103909627e-09,1.08937099252278e-16,1.37834931884504e-16
0.292750000953674,-3.2235758506971e-09,1.79319267801811e-15,2.97370265542511e-16
0.293000012636185,-3.64637409155932e-09,3.37157081259072e-15,3.71524611942836e-16
0.293249994516373,-4.04808497833642e-09,4.82708999453765e-15,3.86251629689612e-16
0.293500006198883,-4.41881686796819e-09,6.16601149140499e-15,3.9439196041986e-16
0.293749988079071,-4.74944172879077e-09,7.39632811784128e-15,4.47420061036022e-16
0.293999999761581,-5.03181807331998e-09,8.50667735037558e-15,5.67932467700015e-16
0.294250011444092,-5.2589927967972e-09,9.45702798840417e-15,7.37012314191472e-16
0.29449999332428,-5.42537215153516e-09,1.018630895643e-14,9.0295935638795e-16
0.29475000500679,-5.52685941457298e-09,1.06331976101708e-14,1.00680781918281e-15
0.294999986886978,-5.56095569592685e-09,1.07595173276607e-14,1.01151509890806e-15
0.295249998569489,-5.52682166699014e-09,1.05646599392437e-14,9.20093456482365e-16
0.295500010251999,-5.42529710045869e-09,1.00841661003536e-14,7.73767720750796e-16
0.295749992132187,-5.25888221858395e-09,9.37337670859923e-15,6.31261944792667e-16
0.296000003814697,-5.0316746325052e-09,8.48423182430629e-15,5.39597309790228e-16
0.296249985694885,-4.74926897808814e-09,7.44658004150304e-15,5.10975484167354e-16
0.296499997377396,-4.41861969235902e-09,6.26331397770435e-15,5.17411399319269e-16
0.296750009059906,-4.04786737462359e-09,4.92174804397568e-15,5.05953372883524e-16
0.296999990940094,-3.64614183290257e-09,3.41525632508713e-15,4.2682006094012e-16
0.297250002622604,-3.22333471025615e-09,1.7636286870601e-15,2.60038082485666e-16
0.297500014305115,-2.78985701207546e-09,2.1221311997603e-17,2.69112094986695e-17
0.297749996185303,-2.35638220047463e-09,-1.73157230165478e-15,-2.19441897671245e-16
0.298000007867813,-1.93358418165701e-09,-3.40938299863086e-15,-4.19483987993289e-16
0.298249989748001,-1.53187318385761e-09,-4.94516426980253e-15,-5.35659030101969e-16
0.298500001430511,-1.16114107218124e-09,-6.30463690355263e-15,-5.69616210380479e-16
0.298750013113022,-8.30516266869807e-10,-7.48530384675266e-15,-5.59803333686538e-16
0.29899999499321,-5.48140033362898e-10,-8.50096580721224e-15,-5.60709341302745e-16
0.29925000667572,-3.20965337641255e-10,-9.35975726584033e-15,-6.14137532637586e-16
0.299499988555908,-1.54585885758785e-10,-1.0047094856384e-14,-7.26987891018954e-16
0.299750000238419,-5.30985221069979e-11,-1.0522644563961e-14,-8.66915881020793e-16
0.300000011920929,-1.90022910601106e-11,-1.07332745528889e-14,-9.78196316773984e-16
0.300249993801117,-5.31367588818554e-11,-1.06355159393474e-14,-1.00970128373063e-15
0.300500005483627,-1.54661353168883e-10,-1.02160220251868e-14,-9.40647769738674e-16
0.300749987363815,-3.21076165654688e-10,-9.49965746257359e-15,-7.9103814021016e-16
0.300999999046326,-5.48283529688831e-10,-8.54131083352291e-15,-6.11699718875829e-16
0.301250010728836,-8.30688906550137e-10,-7.40570816069918e-15,-4.59161314113506e-16
0.301499992609024,-1.16133858085732e-09,-6.14520285650627e-15,-3.68048521076202e-16
0.301750004291534,-1.53209078757044e-09,-4.78626808867767e-15,-3.34748294257626e-16
0.301999986171722,-1.93381621826916e-09,-3.33110042540386e-15,-3.20467636404274e-16
0.302249997854233,-2.35662334091558e-09,-1.77330127392215e-15,-2.72190728877719e-16
0.302500009536743,-2.79010103909627e-09,-1.19449658247875e-16,-1.5101280578009e-16
0.302749991416931,-3.2235758506971e-09,1.59487357182479e-15,4.65640150013046e-17
0.303000003099442,-3.64637409155932e-09,3.3033918601168e-15,2.85322836524374e-16
0.303250014781952,-4.04808497833642e-09,4.92313590745976e-15,5.07732247951876e-16
0.30349999666214,-4.4188173120574e-09,6.37732503592126e-15,6.61617329221216e-16
0.30375000834465,-4.74944172879077e-09,7.61583162392455e-15,7.24987675653572e-16
0.303999990224838,-5.03181807331998e-09,8.62342898369332e-15,7.15573169142637e-16
0.304250001907349,-5.2589927967972e-09,9.41232158944809e-15,6.8049531133535e-16
0.304500013589859,-5.42537215153516e-09,1.00032160086174e-14,6.71433488167827e-16
0.304749995470047,-5.52685941457298e-09,1.0404644404079e-14,7.17765290410131e-16
0.305000007152557,-5.56095569592685e-09,1.0601091673338e-14,8.11142890729715e-16
0.305249989032745,-5.52682166699014e-09,1.05561548814203e-14,9.09330949975433e-16
0.305500000715256,-5.42529710045869e-09,1.02294220864123e-14,9.57481067257696e-16
0.305750012397766,-5.25888221858395e-09,9.59859429894468e-15,9.16096202125153e-16
0.305999994277954,-5.0316746325052e-09,8.67544527698421e-15,7.81403352193379e-16
0.306250005960464,-4.74926942217735e-09,7.50729366909633e-15,5.87733662787098e-16
0.306499987840652,-4.41861969235902e-09,6.16319891850363e-15,3.90797443759289e-16
0.306749999523163,-4.04786737462359e-09,4.71182109239407e-15,2.40492585469536e-16
0.307000011205673,-3.64614183290257e-09,3.20190397226682e-15,1.57025919142428e-16
0.307249993085861,-3.22333471025615e-09,1.65467303910976e-15,1.22241756774711e-16
0.307500004768372,-2.78985701207546e-09,7.13995173231682e-17,9.03458774954585e-17
0.30774998664856,-2.35638220047463e-09,-1.54810401236744e-15,1.25716290887432e-17
0.30799999833107,-1.93358418165701e-09,-3.18571060813945e-15,-1.36603107751179e-16
0.30825001001358,-1.53187318385761e-09,-4.79437038233463e-15,-3.44943659266812e-16
0.308499991893768,-1.16114107218124e-09,-6.30265103480779e-15,-5.67112698625751e-16
0.308750003576279,-8.30516266869807e-10,-7.63270282616796e-15,-7.46229409086138e-16
0.308999985456467,-5.48140033362898e-10,-8.7228943686235e-15,-8.41371749611767e-16
0.309249997138977,-3.20965337641255e-10,-9.54391069890289e-15,-8.47004571650567e-16
0.309500008821487,-1.54585885758785e-10,-1.01005299298616e-14,-7.94547291831516e-16
0.309749990701675,-5.30985359847858e-11,-1.0418711927267e-14,-7.35487866644651e-16
0.310000002384186,-1.90023049378985e-11,-1.05249357880833e-14,-7.1474556501361e-16
0.310250014066696,-5.31367554124085e-11,-1.04283520092397e-14,-7.47721192924931e-16
0.310499995946884,-1.54661339291096e-10,-1.01146990970032e-14,-8.12494067099263e-16
0.310750007629395,-3.21076165654688e-10,-9.55502885336855e-15,-8.61046154454557e-16
0.310999989509583,-5.48283529688831e-10,-8.72491877736744e-15,-8.43904060486702e-16
0.311250001192093,-8.30688906550137e-10,-7.62443747866865e-15,-7.35793063203459e-16
0.311500012874603,-1.16133858085732e-09,-6.2884949966768e-15,-5.49263861542531e-16
0.311749994754791,-1.53209078757044e-09,-4.78197151405273e-15,-3.29296949027775e-16
0.312000006437302,-1.93381621826916e-09,-3.18178566922011e-15,-1.31624923066598e-16
0.31224998831749,-2.35662334091558e-09,-1.55478286715654e-15,4.14534284791559e-18
0.3125,-2.79010103909627e-09,5.76791122074205e-17,7.29691156965447e-17
0.31275001168251,-3.2235758506971e-09,1.64121813250087e-15,1.05168669522278e-16
0.312999993562698,-3.64637409155932e-09,3.19590337911023e-15,1.49407612170594e-16
0.313250005245209,-4.04808497833642e-09,4.71658438217296e-15,2.46535900850399e-16
0.313499987125397,-4.4188173120574e-09,6.17636858676754e-15,4.07473537257256e-16
0.313749998807907,-4.74944172879077e-09,7.52196089161099e-15,6.06256791035891e-16
0.314000010490417,-5.03181807331998e-09,8.68371909481299e-15,7.91814763543674e-16
0.314249992370605,-5.2589927967972e-09,9.59585922955799e-15,9.12618390722846e-16
0.314500004053116,-5.42537215153516e-09,1.02169554554946e-14,9.41747853778921e-16
0.314749985933304,-5.52685941457298e-09,1.05405550756307e-14,8.89633834061745e-16
0.314999997615814,-5.56095569592685e-09,1.05907333074261e-14,7.98024891475587e-16
0.315250009298325,-5.52682166699014e-09,1.04051475416497e-14,7.18360013418222e-16
0.315499991178513,-5.42529710045869e-09,1.00144425833003e-14,6.85629230968217e-16
0.315750002861023,-5.25888221858395e-09,9.42845417896149e-15,7.00944963083114e-16
0.316000014543533,-5.0316746325052e-09,8.63598963526816e-15,7.31498606160879e-16
0.316249996423721,-4.74926942217735e-09,7.6180677909053e-15,7.27803054351568e-16
0.316500008106232,-4.41861969235902e-09,6.36777558647391e-15,6.49508410905064e-16
0.31674998998642,-4.04786737462359e-09,4.90657598982446e-15,4.8680153442963e-16
0.31700000166893,-3.64614183290257e-09,3.28851033826649e-15,2.6656317432506e-16
0.31725001335144,-3.22333471025615e-09,1.58971948221987e-15,4.00909925271096e-17
0.317499995231628,-2.78985701207546e-09,-1.11875608747536e-16,-1.41446481848249e-16
0.317750006914139,-2.35638220047463e-09,-1.75680869540616e-15,-2.51364147468426e-16
0.317999988794327,-1.93358418165701e-09,-3.31435098414662e-15,-2.99269154591578e-16
0.318250000476837,-1.53187318385761e-09,-4.77816621853719e-15,-3.24439876819762e-16
0.318500012159348,-1.16114107218124e-09,-6.15018171617023e-15,-3.74304415257047e-16
0.318749994039536,-8.30516322380959e-10,-7.42139436384938e-15,-4.79020319199238e-16
0.319000005722046,-5.48140033362898e-10,-8.55969398957717e-15,-6.34985131051883e-16
0.319249987602234,-3.20965337641255e-10,-9.5111279827453e-15,-8.05530873937681e-16
0.319499999284744,-1.54585871880997e-10,-1.02143220300616e-14,-9.38440931273722e-16
0.319750010967255,-5.30985463931266e-11,-1.0621149413529e-14,-9.91504580803888e-16
0.319999992847443,-1.90023170809628e-11,-1.07135115801635e-14,-9.53240502686386e-16
0.320250004529953,-5.31367554124085e-11,-1.05078773915586e-14,-8.48291426455683e-16
0.320499986410141,-1.54661325413308e-10,-1.00453203223595e-14,-7.24740236153856e-16
0.320749998092651,-3.21076137899112e-10,-9.37219679170371e-15,-6.29821353507624e-16
0.321000009775162,-5.48283529688831e-10,-8.52129883311108e-15,-5.86409538532302e-16
0.32124999165535,-8.30688962061288e-10,-7.50296363666997e-15,-5.82189514509963e-16
0.32150000333786,-1.16133858085732e-09,-6.31032303572755e-15,-5.76869141749581e-16
0.321749985218048,-1.53209078757044e-09,-4.93566564233202e-15,-5.23647891151666e-16
0.321999996900558,-1.93381621826916e-09,-3.38929857690204e-15,-3.94041818175289e-16
0.322250008583069,-2.35662334091558e-09,-1.7111119031765e-15,-1.93561533886829e-16
0.322499990463257,-2.79010126114088e-09,3.13431638113898e-17,3.96492615363941e-17
0.322750002145767,-3.2235758506971e-09,1.75777579527369e-15,2.52570534143553e-16
0.323000013828278,-3.64637409155932e-09,3.39605895861232e-15,4.02544096671811e-16
0.323249995708466,-4.04808497833642e-09,4.89901156208901e-15,4.77247320421957e-16
0.323500007390976,-4.4188173120574e-09,6.24898218023681e-15,4.99294158670888e-16
0.323749989271164,-4.74944172879077e-09,7.4483825276148e-15,5.13193281121061e-16
0.324000000953674,-5.03181807331998e-09,8.50151299049617e-15,5.61391361643962e-16
0.324250012636185,-5.2589927967972e-09,9.39737908122558e-15,6.61629611198951e-16
0.324499994516373,-5.42537215153516e-09,1.01025390920125e-14,7.97061973833237e-16
0.324750006198883,-5.52685941457298e-09,1.05677744793907e-14,9.24047618038385e-16
0.324999988079071,-5.56095569592685e-09,1.07454150761218e-14,9.93626080699405e-16
0.325249999761581,-5.52682166699014e-09,1.06087590155766e-14,9.75853106004523e-16
0.325500011444092,-5.42529710045869e-09,1.01639854031051e-14,8.74758770837657e-16
0.32574999332428,-5.25888221858395e-09,9.4485661292611e-15,7.26386868203318e-16
0.32600000500679,-5.0316746325052e-09,8.51690019101599e-15,5.80886142562375e-16
0.326249986886978,-4.74926942217735e-09,7.4203228671711e-15,4.77716735493414e-16
0.326499998569489,-4.41861969235902e-09,6.19147118421709e-15,4.26549698611268e-16
0.326750010251999,-4.04786737462359e-09,4.84071240191186e-15,4.03521228585808e-16
0.326999992132187,-3.64614183290257e-09,3.36606382788415e-15,3.64646492652894e-16
0.327250003814697,-3.22333471025615e-09,1.77111317606115e-15,2.69478132333917e-16
0.327499985694885,-2.78985701207546e-09,8.14106592837709e-17,1.02976918831698e-16
0.327749997377396,-2.35638220047463e-09,-1.64932709654229e-15,-1.15438851363508e-16
0.328000009059906,-1.93358418165701e-09,-3.34672034822594e-15,-3.40192280888748e-16
0.328249990940094,-1.53187318385761e-09,-4.93360819930314e-15,-5.21010124674798e-16
0.328500002622604,-1.16114107218124e-09,-6.34980578249791e-15,-6.26762717535089e-16
0.328750014305115,-8.30516322380959e-10,-7.56424562337087e-15,-6.59685194128969e-16
0.328999996185303,-5.48140033362898e-10,-8.57379454705012e-15,-6.5281623338277e-16
0.329250007867813,-3.20965309885679e-10,-9.38972444448124e-15,-6.5198947628669e-16
0.329499989748001,-1.54585871880997e-10,-1.00191122759385e-14,-6.91567461324062e-16
0.329750001430511,-5.30985498625736e-11,-1.04509466131077e-14,-7.76269856076986e-16
0.330000013113022,-1.90023240198567e-11,-1.06542387556135e-14,-8.7829269817272e-16
0.33024999499321,-5.31367554124085e-11,-1.05891756138361e-14,-9.51101956252805e-16
0.33050000667572,-1.54661325413308e-10,-1.02257129291363e-14,-9.52858173189819e-16
0.330749988555908,-3.21076137899112e-10,-9.56024911742247e-15,-8.67632259135933e-16
0.331000000238419,-5.48283529688831e-10,-8.62198309845236e-15,-7.13745060284225e-16
0.331250011920929,-8.30688962061288e-10,-7.46568486962836e-15,-5.35055466187491e-16
0.331499993801117,-1.16133858085732e-09,-6.15433006002941e-15,-3.7959410954287e-16
0.331750005483627,-1.53209078757044e-09,-4.74009886382168e-15,-2.76318135141232e-16
0.331999987363815,-1.93381621826916e-09,-3.25304464524848e-15,-2.21726808751133e-16
0.332249999046326,-2.35662334091558e-09,-1.70282114468878e-15,-1.83084437778453e-16
0.332500010728836,-2.79010126114088e-09,-9.21623859729596e-17,-1.16548438054631e-16
0.332749992609024,-3.2235758506971e-09,1.56522731279177e-15,9.07045562439513e-18
0.333000004291534,-3.64637409155932e-09,3.23193870178527e-15,1.95003329546844e-16
0.333249986171722,-4.04808497833642e-09,4.84616390596039e-15,4.10418406117063e-16
0.333499997854233,-4.4188173120574e-09,6.33378923649828e-15,6.0653599427113e-16
0.333750009536743,-4.74944172879077e-09,7.62759182936423e-15,7.39817634373219e-16
0.333999991416931,-5.03181807331998e-09,8.68430608864544e-15,7.92559676081225e-16
0.334250003099442,-5.2589927967972e-09,9.49141244386501e-15,7.80555578092296e-16
0.334500014781952,-5.42537215153516e-09,1.00605838560691e-14,7.44007482846813e-16
0.33474999666214,-5.52685985866219e-09,1.04114240557888e-14,7.26315029221479e-16
0.33500000834465,-5.56095569592685e-09,1.05539669953175e-14,7.51508541929901e-16
0.335249990224838,-5.52682166699014e-09,1.0479013049815e-14,8.11775253764399e-16
0.335500001907349,-5.42529710045869e-09,1.01613104730577e-14,8.71384985669184e-16
0.335750013589859,-5.25888221858395e-09,9.57396342787147e-15,8.84971076505788e-16
0.335999995470047,-5.0316746325052e-09,8.70666013515643e-15,8.20854388167781e-16
0.336250007152557,-4.74926942217735e-09,7.57838599139233e-15,6.77600946815023e-16
0.336499989032745,-4.41861969235902e-09,6.23806943126086e-15,4.8548175121869e-16
0.336750000715256,-4.04786737462359e-09,4.75263325737515e-15,2.92142510540955e-16
0.337000012397766,-3.64614183290257e-09,3.1882061789603e-15,1.39725496187885e-16
0.337249994277954,-3.22333471025615e-09,1.59358703465703e-15,4.49668913658647e-17
0.337500005960464,-2.78985701207546e-09,-6.11901150589876e-18,-7.72233072412661e-18
0.337749987840652,-2.35638220047463e-09,-1.60291583202162e-15,-5.67433128542719e-17
0.337999999523163,-1.93358418165701e-09,-3.19019437704574e-15,-1.42236882702045e-16
0.338250011205673,-1.53187318385761e-09,-4.74634107312647e-15,-2.8418402719657e-16
0.338499993085861,-1.16114107218124e-09,-6.22648202054242e-15,-4.70810664116212e-16
0.338750004768372,-8.30516322380959e-10,-7.56699255121882e-15,-6.63164540778494e-16
0.33899998664856,-5.48140033362898e-10,-8.70087066496194e-15,-8.13517494657783e-16
0.33924999833107,-3.20965309885679e-10,-9.57657144231606e-15,-8.88274028544047e-16
0.33950001001358,-1.54585871880997e-10,-1.01711563840366e-14,-8.83844522685939e-16
0.339749991893768,-5.30985568014675e-11,-1.04914788336997e-14,-8.2753403705027e-16
0.340000003576279,-1.90023292240271e-11,-1.05631174922467e-14,-7.63064347731495e-16
0.340249985456467,-5.31367554124085e-11,-1.04128216601518e-14,-7.28078022422071e-16
0.340499997138977,-1.54661325413308e-10,-1.00534535327191e-14,-7.3500744014488e-16
0.340750008821487,-3.21076137899112e-10,-9.47907710305415e-15,-7.64978906890086e-16
0.340999990701675,-5.48283529688831e-10,-8.67263820979701e-15,-7.77811508980548e-16
0.341250002384186,-8.30688962061288e-10,-7.62220893498443e-15,-7.33005954230078e-16
0.341500014066696,-1.16133858085732e-09,-6.33735693927212e-15,-6.11052268066772e-16
0.341749995946884,-1.53209078757044e-09,-4.85708766636466e-15,-4.24258765656521e-16
0.342000007629395,-1.93381621826916e-09,-3.24507597103895e-15,-2.11647857832636e-16
0.342249989509583,-2.35662334091558e-09,-1.5742796597782e-15,-2.05328992046119e-17
0.342500001192093,-2.79010126114088e-09,9.16587851811475e-17,1.15912091318117e-16
0.342750012874603,-3.2235758506971e-09,1.71130163855669e-15,1.93802541230103e-16
0.342999994754791,-3.64637409155932e-09,3.26659018438273e-15,2.38830733296803e-16
0.343250006437302,-4.04808497833642e-09,4.75222075232984e-15,2.91616953066964e-16
0.34349998831749,-4.4188173120574e-09,6.15908064431408e-15,3.85589091106181e-16
0.34375,-4.74944172879077e-09,7.46059589568126e-15,5.2862521556841e-16
0.34400001168251,-5.03181807331998e-09,8.60935299017585e-15,6.97774201124186e-16
0.344249993562698,-5.2589927967972e-09,9.54610536126922e-15,8.49727941394668e-16
0.344500005245209,-5.42537215153516e-09,1.02169300445062e-14,9.41729219054081e-16
0.344749987125397,-5.52685985866219e-09,1.05901513957913e-14,9.52333859795468e-16
0.344999998807907,-5.56095569592685e-09,1.06647148591051e-14,8.91559245829972e-16
0.345250010490417,-5.52682166699014e-09,1.04660254936348e-14,7.95353455439066e-16
0.345499992370605,-5.42529710045869e-09,1.00315119912534e-14,7.07243235381101e-16
0.345750004053116,-5.25888221858395e-09,9.3932692773655e-15,6.56460963215246e-16
0.345999985933304,-5.0316746325052e-09,8.56649651117657e-15,6.43595326839841e-16
0.346249997615814,-4.74926942217735e-09,7.54943271118929e-15,6.40981594922851e-16
0.346500009298325,-4.41861969235902e-09,6.33462483450075e-15,6.07590814988258e-16
0.346749991178513,-4.04786737462359e-09,4.92556519795248e-15,5.10842076478161e-16
0.347000002861023,-3.64614183290257e-09,3.3499447908979e-15,3.44265212345841e-16
0.347250014543533,-3.22333471025615e-09,1.66246034238946e-15,1.32061634725357e-16
0.347499996423721,-2.78985701207546e-09,-6.46433443078515e-17,-8.17371971023823e-17
0.347750008106232,-2.35638220047463e-09,-1.75891071354389e-15,-2.54016631142753e-16
0.34799998998642,-1.93358418165701e-09,-3.36457072055638e-15,-3.62753506364679e-16
0.34825000166893,-1.53187318385761e-09,-4.85094964211238e-15,-4.16474718159711e-16
0.34850001335144,-1.16114107218124e-09,-6.2086811996394e-15,-4.48303304641771e-16
0.348749995231628,-8.30516322380959e-10,-7.43613527823045e-15,-4.97682307911822e-16
0.349000006914139,-5.48140033362898e-10,-8.52339185152375e-15,-5.89070968992134e-16
0.349249988794327,-3.20965309885679e-10,-9.44225573380406e-15,-7.18410147180788e-16
0.349500000476837,-1.54585871880997e-10,-1.01477215234849e-14,-8.54208533927406e-16
0.349750012159348,-5.30985602709144e-11,-1.0590444469191e-14,-9.52693319402459e-16
0.349999994039536,-1.90023344281975e-11,-1.07341444557257e-14,-9.79352622626104e-16
0.350250005722046,-5.31367588818554e-11,-1.05693093030912e-14,-9.25974300356033e-16
0.350499987602234,-1.54661325413308e-10,-1.01163872336671e-14,-8.14591267737105e-16
0.350749999284744,-3.21076137899112e-10,-9.41692944868115e-15,-6.86384466719813e-16
0.351000010967255,-5.48283529688831e-10,-8.51716531232848e-15,-5.81199650631978e-16
0.351249992847443,-8.30688962061288e-10,-7.45222636312944e-15,-5.18043285897921e-16
0.351500004529953,-1.16133858085732e-09,-6.23877755080477e-15,-4.86384106005312e-16
0.351749986410141,-1.53209078757044e-09,-4.87949931111606e-15,-4.52597549926114e-16
0.351999998092651,-1.93381621826916e-09,-3.37680187631473e-15,-3.78231868805449e-16
0.352250009775162,-2.35662334091558e-09,-1.74846277389775e-15,-2.40813055091174e-16
0.35249999165535,-2.79010126114088e-09,-3.68750036410096e-17,-4.66375976798748e-17
0.35275000333786,-3.2235758506971e-09,1.69321272057248e-15,1.70928654717517e-16
0.352999985218048,-3.64637409155932e-09,3.36776954048168e-15,3.66788321339145e-16
0.353249996900558,-4.04808497833642e-09,4.9212178013507e-15,5.05335356469383e-16
0.353500008583069,-4.4188173120574e-09,6.31032769440876e-15,5.7685723034876e-16
0.353749990463257,-4.74944172879077e-09,7.51773419720419e-15,6.00882366985563e-16
0.354000002145767,-5.03181807331998e-09,8.54378840489363e-15,6.14861375230574e-16
0.354250013828278,-5.2589927967972e-09,9.39131686642208e-15,6.53981115443481e-16
0.354499995708466,-5.42537215153516e-09,1.00513732198006e-14,7.32360885701184e-16
0.354750007390976,-5.52685985866219e-09,1.04974885324605e-14,8.35146163328566e-16
0.354999989271164,-5.56095569592685e-09,1.06915395455117e-14,9.25480268389547e-16
0.355250000953674,-5.52682166699014e-09,1.05984404602131e-14,9.6281059856182e-16
0.355500012636185,-5.42529710045869e-09,1.02023255024297e-14,9.2326178322157e-16
0.355749994516373,-5.25888221858395e-09,9.51608736065148e-15,8.1177985950605e-16
0.356000006198883,-5.0316746325052e-09,8.57941291658925e-15,6.59927339672766e-16
0.356249988079071,-4.74926942217735e-09,7.44623529909351e-15,5.10473881843902e-16
0.356499999761581,-4.41861969235902e-09,6.16777882564944e-15,3.96593954915146e-16
0.356750011444092,-4.04786737462359e-09,4.77954137652705e-15,3.26178756051136e-16
0.35699999332428,-3.64614183290257e-09,3.29845217572665e-15,2.79146378152114e-16
0.35725000500679,-3.22333471025615e-09,1.73123687660767e-15,2.19035904191715e-16
0.357499986886978,-2.78985701207546e-09,8.93074945114635e-17,1.12951803811692e-16
0.357749998569489,-2.35638220047463e-09,-1.5978026117564e-15,-5.02733443308985e-17
0.358000010251999,-1.93358418165701e-09,-3.27770791533192e-15,-2.52901935784167e-16
0.358249992132187,-1.53187318385761e-09,-4.8819942466622e-15,-4.55734218808915e-16
0.358500003814697,-1.16114107218124e-09,-6.3416111622497e-15,-6.16412610194352e-16
0.358749985694885,-8.30516322380959e-10,-7.60350983564084e-15,-7.09350441595633e-16
0.358999997377396,-5.4814008887405e-10,-8.64056191911744e-15,-7.37246148224473e-16
0.359250009059906,-3.20965309885679e-10,-9.45017379779499e-15,-7.28420911947031e-16
0.359499990940094,-1.54585871880997e-10,-1.00426996024207e-14,-7.21394932468234e-16
0.359750002622604,-5.30985637403614e-11,-1.04258634264407e-14,-7.44561283575639e-16
0.360000014305115,-1.90023378976445e-11,-1.0593319299014e-14,-8.01262039641757e-16
0.360249996185303,-5.31367588818554e-11,-1.05233111788905e-14,-8.67802830395686e-16
0.360500007867813,-1.54661325413308e-10,-1.01881766640787e-14,-9.05376047265585e-16
0.360749989748001,-3.21076137899112e-10,-9.5698985167576e-15,-8.79833080526861e-16
0.361000001430511,-5.48283585199982e-10,-8.67380711526422e-15,-7.79294716610749e-16
0.361250013113022,-8.30688962061288e-10,-7.53340430672839e-15,-6.20704102621616e-16
0.36149999499321,-1.16133858085732e-09,-6.20370233997544e-15,-4.42026102288347e-16
0.36175000667572,-1.53209078757044e-09,-4.7462233355468e-15,-2.84050831265615e-16
0.361999988555908,-1.93381621826916e-09,-3.21293149420712e-15,-1.70996708520873e-16
0.362250000238419,-2.35662334091558e-09,-1.63686830067936e-15,-9.96893060307185e-17
0.362500011920929,-2.79010126114088e-09,-3.37814374855675e-17,-4.27264395895403e-17
0.362749993801117,-3.2235758506971e-09,1.58655517888716e-15,3.60477138406157e-17
0.363000005483627,-3.64637409155932e-09,3.20555934295069e-15,1.61654398333801e-16
0.363249987363815,-4.04808497833642e-09,4.78555912210082e-15,3.33777700379191e-16
0.363499999046326,-4.4188173120574e-09,6.26967223052292e-15,5.25441642236155e-16
0.363750010728836,-4.74944172879077e-09,7.59234255326424e-15,6.9523331404066e-16
0.363999992609024,-5.03181807331998e-09,8.69563854244675e-15,8.06895867532182e-16
0.364250004291534,-5.2589927967972e-09,9.54347871209979e-15,8.46410854494101e-16
0.364499986171722,-5.42537215153516e-09,1.01269819217714e-14,8.27977882314631e-16
0.364749997854233,-5.52685985866219e-09,1.04585690626001e-14,7.85926878708632e-16
0.365000009536743,-5.56095569592685e-09,1.05580818813753e-14,7.56705036121747e-16
0.365249991416931,-5.52682166699014e-09,1.04381335457146e-14,7.60083215273633e-16
0.365500003099442,-5.42529710045869e-09,1.00962295435884e-14,7.89091499678692e-16
0.365750014781952,-5.25888221858395e-09,9.51764251314264e-15,8.13746828828252e-16
0.36599999666214,-5.0316746325052e-09,8.68752227274616e-15,7.96643804255089e-16
0.36625000834465,-4.74926942217735e-09,7.60597639558325e-15,7.12485998747691e-16
0.366499990224838,-4.41861969235902e-09,6.29830744985427e-15,5.61665059165044e-16
0.366750001907349,-4.04786737462359e-09,4.81500579899564e-15,3.71029547654945e-16
0.367000013589859,-3.64614183290257e-09,3.22121314709066e-15,1.8146772981483e-16
0.367249995470047,-3.22333471025615e-09,1.58063685380558e-15,2.85816941282754e-17
0.367500007152557,-2.78985701207546e-09,-5.83663206254398e-17,-7.3801398359116e-17
0.367749989032745,-2.35638220047463e-09,-1.66796012731599e-15,-1.38995803773605e-16
0.368000000715256,-1.93358418165701e-09,-3.235130745447e-15,-1.99056567487913e-16
0.368250012397766,-1.53187318385761e-09,-4.7485149831856e-15,-2.8693270204997e-16
0.368499994277954,-1.16114107218124e-09,-6.18492150195244e-15,-4.18259363640016e-16
0.368750005960464,-8.30516322380959e-10,-7.5028314995302e-15,-5.82030060557642e-16
0.368999987840652,-5.4814008887405e-10,-8.64659194666894e-15,-7.44871032936538e-16
0.369249999523163,-3.20965309885679e-10,-9.55955709150457e-15,-8.66748697892828e-16
0.369500011205673,-1.54585871880997e-10,-1.01998809653439e-14,-9.20170324722328e-16
0.369749993085861,-5.30985672098083e-11,-1.05513039237314e-14,-9.03197160887891e-16
0.370000004768372,-1.9002339632368e-11,-1.06237438754465e-14,-8.39738617149902e-16
0.37024998664856,-5.31367588818554e-11,-1.04436265543776e-14,-7.67029944232303e-16
0.37049999833107,-1.54661325413308e-10,-1.00389523286621e-14,-7.16661341782063e-16
0.37075001001358,-3.21076137899112e-10,-9.42671691438668e-15,-6.98761259205534e-16
0.370999991893768,-5.48283585199982e-10,-8.60898114271201e-15,-6.97314473992064e-16
0.371250003576279,-8.30688962061288e-10,-7.57945579400471e-15,-6.78942964640829e-16
0.371499985456467,-1.16133858085732e-09,-6.33704861927931e-15,-6.10659138900127e-16
0.371749997138977,-1.53209078757044e-09,-4.89925000186366e-15,-4.7757210461767e-16
0.372000008821487,-1.93381621826916e-09,-3.30827839318951e-15,-2.91575051405854e-16
0.372249990701675,-2.35662334091558e-09,-1.62653672218434e-15,-8.66244713289212e-17
0.372500002384186,-2.79010126114088e-09,7.67036574912093e-17,9.69954699432089e-17
0.372750014066696,-3.2235758506971e-09,1.74109178731162e-15,2.31479334347583e-16
0.372999995946884,-3.64637409155932e-09,3.32595512376576e-15,3.13911204345832e-16
0.373250007629395,-4.04808497833642e-09,4.8110946243617e-15,3.66070487386127e-16
0.373499989509583,-4.4188173120574e-09,6.18772136935959e-15,4.21803375961108e-16
0.373750001192093,-4.74944172879077e-09,7.44461323099951e-15,5.08409980188798e-16
0.374000012874603,-5.03181807331998e-09,8.55694706172923e-15,6.31503455061753e-16
0.374249994754791,-5.2589927967972e-09,9.48386114514024e-15,7.71017722408417e-16
0.374500006437302,-5.42537215153516e-09,1.01763266731466e-14,8.90381023000342e-16
0.37474998831749,-5.52685985866219e-09,1.05916353975149e-14,9.54204637938598e-16
0.375,-5.56095569592685e-09,1.07074061666797e-14,9.45544361327633e-16
0.37525001168251,-5.52682166699014e-09,1.05282375225117e-14,8.74030904838169e-16
0.375499993562698,-5.42529710045869e-09,1.00817673030469e-14,7.70802152523341e-16
0.375750005245209,-5.25888221858395e-09,9.40622210519491e-15,6.72841362805282e-16
0.375999987125397,-5.0316746325052e-09,8.53570855760977e-15,6.04655845826022e-16
0.376249998807907,-4.74926942217735e-09,7.49057662684932e-15,5.66547410012577e-16
0.376500010490417,-4.41861969235902e-09,6.27751067341681e-15,5.3536521554839e-16
0.376749992370605,-4.04786737462359e-09,4.89904501989043e-15,4.77308783250192e-16
0.377000004053116,-3.64614183290257e-09,3.36733310675561e-15,3.66255352326865e-16
0.377249985933304,-3.22333471025615e-09,1.7148444597377e-15,1.98303727251371e-16
0.377499997615814,-2.78985701207546e-09,-3.83350402878923e-18,-4.83823192879156e-18
0.377750009298325,-2.35638220047463e-09,-1.72042015999212e-15,-2.05338005006073e-16
0.377999991178513,-1.93358418165701e-09,-3.36777377564642e-15,-3.66800047451509e-16
0.378250002861023,-1.53187318385761e-09,-4.89410342967614e-15,-4.71047462764529e-16
0.378500014543533,-1.16114107218124e-09,-6.26987213029847e-15,-5.25690775801766e-16
0.378749996423721,-8.30516322380959e-10,-7.48440599182857e-15,-5.58729507667657e-16
0.379000008106232,-5.4814008887405e-10,-8.53439735060742e-15,-6.0298655564522e-16
0.37924998998642,-3.20965309885679e-10,-9.41053943212707e-15,-6.78296996139429e-16
0.37950000166893,-1.54585871880997e-10,-1.00894244808901e-14,-7.80484003808253e-16
0.37975001335144,-5.30985672098083e-11,-1.05350942542198e-14,-8.82699228262133e-16
0.379999995231628,-1.90023431018149e-11,-1.0709698237835e-14,-9.48439625820467e-16
0.380250006914139,-5.31367623513024e-11,-1.05880287312255e-14,-9.49645694858238e-16
0.380499988794327,-1.54661325413308e-10,-1.01686881300283e-14,-8.80728394352109e-16
0.380750000476837,-3.21076137899112e-10,-9.47629036465768e-15,-7.6145313224714e-16
0.381000012159348,-5.48283585199982e-10,-8.55358095279684e-15,-6.27254261342293e-16
0.381249994039536,-8.30688962061288e-10,-7.44737117027577e-15,-5.1190547340388e-16
0.381500005722046,-1.16133858085732e-09,-6.19522523423932e-15,-4.31305126865611e-16
0.381749987602234,-1.53209078757044e-09,-4.81935954834453e-15,-3.76539655795512e-16
0.381999999284744,-1.93381621826916e-09,-3.33049903201131e-15,-3.19675501779914e-16
0.382250010967255,-2.35662334091558e-09,-1.73934827586882e-15,-2.29289568890473e-16
0.382499992847443,-2.79010126114088e-09,-6.94497798274868e-17,-8.78347689139843e-17
0.382750004529953,-3.2235758506971e-09,1.63552310648e-15,9.79742562184307e-17
0.382999986410141,-3.64637409155932e-09,3.31418305986482e-15,2.99024229720923e-16
0.383249998092651,-4.04808497833642e-09,4.89879514517099e-15,4.76979552131506e-16
0.383500009775162,-4.4188173120574e-09,6.33030538998622e-15,6.02118770390758e-16
0.38374999165535,-4.74944172879077e-09,7.56989448609611e-15,6.66843416626656e-16
0.38400000333786,-5.03181807331998e-09,8.60168818903615e-15,6.88083667751564e-16
0.384249985218048,-5.2589927967972e-09,9.42569285155345e-15,6.97456510829407e-16
0.384499996900558,-5.42537215153516e-09,1.00449306872038e-14,7.24214334572729e-16
0.384750008583069,-5.52685985866219e-09,1.04535995202985e-14,7.79640941327939e-16
0.384999990463257,-5.56095569592685e-09,1.06324801732644e-14,8.50790544226998e-16
0.385250002145767,-5.52682166699014e-09,1.0554087273996e-14,9.06721982618772e-16
0.385500013828278,-5.42529710045869e-09,1.01950435601821e-14,9.14055699755218e-16
0.385749995708466,-5.25888221858395e-09,9.54945029437793e-15,8.53972423493359e-16
0.386000007390976,-5.0316746325052e-09,8.63644957415852e-15,7.32055318565462e-16
0.386249989271164,-4.74926942217735e-09,7.49806185700421e-15,5.76013479654177e-16
0.386500000953674,-4.41861969235902e-09,6.18822831857852e-15,4.22456147195865e-16
0.386750012636185,-4.04786737462359e-09,4.75837571724106e-15,2.99414685439828e-16
0.386999994516373,-3.64614183290257e-09,3.24648585737965e-15,2.13428863718246e-16
0.387250006198883,-3.22333471025615e-09,1.6748098710022e-15,1.4767468863963e-16
0.387499988079071,-2.78985701207546e-09,5.69350930249311e-17,7.20109493796327e-17
0.387749999761581,-2.35638220047463e-09,-1.58983796095337e-15,-4.02001307371299e-17
0.388000011444092,-1.93358418165701e-09,-3.23354467625327e-15,-1.97049694972961e-16
0.38824999332428,-1.53187318385761e-09,-4.82404448757579e-15,-3.82448769393795e-16
0.38850000500679,-1.16114107218124e-09,-6.29918836411942e-15,-5.62765460842646e-16
0.388749986886978,-8.30516322380959e-10,-7.59800158038485e-15,-7.0238603082419e-16
0.388999998569489,-5.4814008887405e-10,-8.674645677882e-15,-7.80348107959778e-16
0.389250010251999,-3.20965309885679e-10,-9.5065158883475e-15,-7.99670729431662e-16
0.389499992132187,-1.54585885758785e-10,-1.00927728021306e-14,-7.84718215632459e-16
0.389750003814697,-5.30985706792553e-11,-1.0444390578096e-14,-7.67992703055976e-16
0.389999985694885,-1.90023431018149e-11,-1.05710338621718e-14,-7.73080777030573e-16
0.390249997377396,-5.31367623513024e-11,-1.04715905000982e-14,-8.0239420505488e-16
0.390500009059906,-1.54661325413308e-10,-1.01332321778892e-14,-8.35889064162868e-16
0.390749990940094,-3.21076165654688e-10,-9.53949257505001e-15,-8.41380961095068e-16
0.391000002622604,-5.48283585199982e-10,-8.68322950976948e-15,-7.9121225842038e-16
0.391250014305115,-8.30688962061288e-10,-7.57778120986799e-15,-6.76826017547403e-16
0.391499996185303,-1.16133858085732e-09,-6.26051707491252e-15,-5.13874719127128e-16
0.391750007867813,-1.53209078757044e-09,-4.78673861547987e-15,-3.35285577843982e-16
0.391999989748001,-1.93381621826916e-09,-3.21672620181082e-15,-1.75794885469272e-16
0.392250001430511,-2.35662334091558e-09,-1.60213084423775e-15,-5.57608671320202e-17
0.392500013113022,-2.79010126114088e-09,2.18276502758554e-17,2.75967652098249e-17
0.39274999499321,-3.2235758506971e-09,1.63488274957188e-15,9.71645191906352e-17
0.39300000667572,-3.64637409155932e-09,3.22221349300137e-15,1.82717566633174e-16
0.393249988555908,-4.04808497833642e-09,4.76221997627218e-15,3.04263102029911e-16
0.393500000238419,-4.4188173120574e-09,6.21824589567979e-15,4.60405340815226e-16
0.393750011920929,-4.74944172879077e-09,7.53888799802892e-15,6.27631349822498e-16
0.393999993801117,-5.03181807331998e-09,8.66716298882596e-15,7.70884844114816e-16
0.394250005483627,-5.2589927967972e-09,9.55429447580328e-15,8.60090595410936e-16
0.394499987363815,-5.42537215153516e-09,1.01715138319403e-14,8.84294985395201e-16
0.394749999046326,-5.52685985866219e-09,1.05142250564653e-14,8.56309757971748e-16
0.395000010728836,-5.56095569592685e-09,1.05967133600337e-14,8.05558296629349e-16
0.395249992609024,-5.52682166699014e-09,1.04402739979723e-14,7.62789644358789e-16
0.395500004291534,-5.42529710045869e-09,1.00609023404572e-14,7.44416811518573e-16
0.395749986171722,-5.25888221858395e-09,9.46280305903855e-15,7.44396112150925e-16
0.395999997854233,-5.0316746325052e-09,8.64093122548244e-15,7.37722286619949e-16
0.396250009536743,-4.74926942217735e-09,7.59114484867682e-15,6.93728242372508e-16
0.396499991416931,-4.41861969235902e-09,6.32263465961589e-15,5.92429931084031e-16
0.396750003099442,-4.04786737462359e-09,4.86608908549513e-15,4.35632459374455e-16
0.397000014781952,-3.64614183290257e-09,3.2731716303829e-15,2.47176734214556e-16
0.39724999666214,-3.22333471025615e-09,1.60722204164634e-15,6.22009380393335e-17
0.39750000834465,-2.78985701207546e-09,-7.05118135595559e-17,-8.9162387179687e-17
0.397749990224838,-2.35638220047463e-09,-1.71259082270241e-15,-1.95436772187822e-16
0.398000001907349,-1.93358418165701e-09,-3.28960745769142e-15,-2.67947755556465e-16
0.398250013589859,-1.53187318385761e-09,-4.78528849507417e-15,-3.33436531389905e-16
0.398499995470047,-1.16114107218124e-09,-6.18546487358811e-15,-4.18947657318999e-16
0.398750007152557,-8.30516322380959e-10,-7.46697574783997e-15,-5.36687381039495e-16
0.398999989032745,-5.4814008887405e-10,-8.5925563268318e-15,-6.76536596977238e-16
0.399250000715256,-3.20965309885679e-10,-9.5146914503544e-15,-8.10009243008933e-16
0.399500012397766,-1.54585885758785e-10,-1.01868214113631e-14,-9.03654241042053e-16
0.399749994277954,-5.30985741487022e-11,-1.0576553975889e-14,-9.35130514757615e-16
0.400000005960464,-1.90023465712619e-11,-1.06744387973396e-14,-9.03850117411106e-16
