Time,U1,U2,U3
0.0,0.0,0.0,0.0
0.000250000011874363,3.92801208226601e-11,-2.79699867596333e-14,1.23262002665723e-15
0.000500000023748726,3.20483722893172e-10,9.84527655120649e-15,6.75941524568057e-15
0.000750000006519258,1.13348708197236e-09,-5.07240555913907e-15,1.42171312293412e-14
0.00100000004749745,2.45451903246874e-09,-1.53052026483297e-14,1.13816189817057e-14
0.00124999997206032,3.9513814442671e-09,-2.20046771839814e-15,-1.16263005421461e-14
0.00150000001303852,5.43990363865987e-09,-2.59633758719832e-14,-2.84289058223239e-14
0.00175000005401671,7.04721569988465e-09,2.84307421897535e-14,-2.98581485599393e-15
0.0020000000949949,9.00758401201074e-09,-2.23110731414422e-14,3.42063989709328e-14
0.00224999990314245,1.12713207656157e-08,1.19895667152021e-14,3.5934485096735e-14
0.00249999994412065,1.34989992517376e-08,-1.74275961636059e-14,-7.62325840880608e-15
0.00274999998509884,1.54945904995429e-08,-7.19754864924113e-16,-4.92203256234267e-14
0.00300000002607703,1.73668297520635e-08,2.66388829533526e-14,-1.99763775942004e-14
0.00325000006705523,1.93278300031352e-08,-1.5910358561232e-14,3.48278297748836e-14
0.00350000010803342,2.13261692749711e-08,2.71706180503869e-14,3.77333391312143e-14
0.00374999991618097,2.30468355510993e-08,-2.67117735265957e-14,-1.7966302341796e-14
0.00400000018998981,2.431068679698e-08,2.86140028500897e-14,-6.35162359990601e-14
0.004250000230968,2.52392169386439e-08,6.92816199646552e-15,-1.80531723468005e-14
0.0044999998062849,2.60531241025319e-08,9.72185792156091e-15,5.60870692608868e-14
0.0047499998472631,2.67274522514072e-08,1.10600759575656e-14,5.47527890810539e-14
0.00499999988824129,2.69967213029076e-08,-1.14321809194262e-14,-2.7179786335008e-14
0.00524999992921948,2.67218425165083e-08,2.83575009448703e-14,-8.6087902214857e-14
0.00549999997019768,2.60570853782838e-08,4.21182389637696e-15,-3.21930694179452e-14
0.00575000001117587,2.5248308332948e-08,1.77750016447245e-14,6.02244220205411e-14
0.00600000005215406,2.43095055196818e-08,-3.55823718064955e-15,6.52896383875404e-14
0.00625000009313226,2.30299406211998e-08,-1.07759902126607e-15,-2.6829463672419e-14
0.00650000013411045,2.13138626747877e-08,1.50450178438557e-14,-8.61457172957047e-14
0.00675000017508864,1.93452152075224e-08,5.27598992801164e-15,-2.23842872812711e-14
0.00700000021606684,1.73891638866053e-08,8.81334986409374e-15,7.65577651187094e-14
0.00724999979138374,1.54870232194071e-08,-1.09232970772429e-14,7.1198032007818e-14
0.00749999983236194,1.34656197303684e-08,-2.57430634494353e-15,-4.09307462055641e-14
0.00774999987334013,1.12528883988716e-08,5.86912009064525e-15,-1.0406941557432e-13
0.00800000037997961,9.03914099126268e-09,1.5359701595189e-15,-2.44619167993508e-14
0.00824999995529652,7.08341385546873e-09,-8.69639303704452e-16,9.18675807084698e-14
0.008500000461936,5.42662537128535e-09,-1.91258735059282e-14,8.7451855652898e-14
0.0087500000372529,3.90194765387264e-09,-6.1321513493385e-15,-3.48062202703333e-14
0.00899999961256981,2.43093478680123e-09,-3.5696492555479e-15,-1.03307038487946e-13
0.00925000011920929,1.17956888701087e-09,1.55963872175469e-16,-2.00877336276441e-14
0.0094999996945262,3.71772140850268e-10,-1.0059573345763e-14,9.69306896574963e-14
0.00975000020116568,2.01783780656717e-11,-1.93296289754561e-14,8.17317201873453e-14
0.00999999977648258,-6.30737476137178e-11,-8.81343541442141e-15,-4.96215515780139e-14
0.0102500002831221,1.43562956661514e-11,-4.38500698222316e-15,-1.12620396135969e-13
0.010499999858439,3.73854613933133e-10,1.76411366636196e-16,-1.25515019249378e-14
0.0107500003650784,1.18940202131768e-09,-1.33068384734541e-14,1.15103374965023e-13
0.0109999999403954,2.43336018002083e-09,-1.57206265691788e-14,9.23720532030638e-14
0.0112500004470348,3.88921295169098e-09,-8.05047726344568e-15,-5.2882723292633e-14
0.0115000000223517,5.41734523906712e-09,1.97192361791059e-15,-1.21744072613915e-13
0.0117499995976686,7.09721437175403e-09,3.23329416625912e-15,-1.89421418952734e-14
0.0120000001043081,9.06062691541365e-09,-7.55330703989003e-15,1.1029088612443e-13
0.012249999679625,1.12513793837365e-08,-9.39908839371313e-15,8.31780662142317e-14
0.0125000001862645,1.34397399875752e-08,-1.02982361018384e-15,-6.28241626473083e-14
0.0127499997615814,1.54736383706222e-08,9.24960486621464e-15,-1.2172703708728e-13
0.0130000002682209,1.74142389397502e-08,8.39801657577001e-15,-6.92549934839582e-15
0.0132499998435378,1.93776905632603e-08,-1.51413269722662e-15,1.22295877309601e-13
0.0135000003501773,2.13076525312772e-08,-2.77686686274111e-15,8.18881908896257e-14
0.0137499999254942,2.29902443749097e-08,6.45994590014586e-15,-7.70166333594231e-14
0.0140000004321337,2.42912339132317e-08,1.63122570599793e-14,-1.36195389818447e-13
0.0142500000074506,2.52842173864565e-08,1.32542682206157e-14,-1.32784569404905e-14
0.0144999995827675,2.6099954197889e-08,2.9809109587458e-15,1.21007330132657e-13
0.014750000089407,2.67102713280565e-08,7.02817911748171e-16,8.06379296018969e-14
0.0149999996647239,2.69426934096373e-08,9.54644756257991e-15,-7.61851248320261e-14
0.0152500001713634,2.67037894019495e-08,1.75212542906497e-14,-1.280709072864e-13
0.0154999997466803,2.60997587986367e-08,1.25862218054457e-14,-1.20097180525338e-15
0.0157500002533197,2.52923797461335e-08,2.09686796565241e-15,1.25345304339934e-13
0.0160000007599592,2.42934508065673e-08,-4.25583578125585e-16,7.12338445608279e-14
0.0162499994039536,2.29784866689897e-08,8.50770988353828e-15,-9.10440817246221e-14
0.016499999910593,2.12970228119502e-08,1.42314698030723e-14,-1.34755366045479e-13
0.0167500004172325,1.93857179198176e-08,7.72042325225151e-15,4.33734062663289e-15
0.017000000923872,1.743065602966e-08,-4.10234446442787e-15,1.35588223049328e-13
0.0172499995678663,1.54719668188363e-08,-6.44383109832435e-15,7.8955945785348e-14
0.0175000000745058,1.34166704413019e-08,2.18966402491414e-15,-8.46194587924426e-14
0.0177500005811453,1.12371667526645e-08,7.16164832244206e-15,-1.26519644370535e-13
0.0179999992251396,9.07754760248736e-09,3.55322989244229e-16,1.04465640646386e-14
0.0182499997317791,7.12255543433571e-09,-1.10126768408702e-14,1.32271567288532e-13
0.0185000002384186,5.41241274021331e-09,-1.20382761918669e-14,6.71248877336973e-14
0.0187500007450581,3.85546350401e-09,-3.32480358247397e-15,-9.31289482922031e-14
0.0189999993890524,2.41622410968034e-09,1.19511838407138e-15,-1.21579341646333e-13
0.0192499998956919,1.21597021340847e-09,-6.05799700293817e-15,2.54357234737547e-14
0.0195000004023314,4.0875944296026e-10,-1.6419872595928e-14,1.45191408266847e-13
0.0197500009089708,6.67005166377077e-12,-1.5628172922986e-14,7.11266237422327e-14
0.0199999995529652,-1.0712204040475e-10,-5.58395628455673e-15,-9.43904378486807e-14
0.0202500000596046,5.15371436932838e-13,-2.27459024812338e-16,-1.22940936944649e-13
0.0205000005662441,4.08406475305156e-10,-6.73099432568487e-15,2.21952413859052e-14
0.0207499992102385,1.22433008176159e-09,-1.55092986251024e-14,1.363380979294e-13
0.0209999997168779,2.42052378141011e-09,-1.32418905281575e-14,6.07243950761192e-14
0.0212500002235174,3.84748188864137e-09,-2.61993664508683e-15,-9.6127336505266e-14
0.0215000007301569,5.40431210893644e-09,2.70902799399551e-15,-1.12324239536291e-13
0.0217499993741512,7.13001924168566e-09,-3.46923244085972e-15,3.56164479419635e-14
0.0219999998807907,9.0936040919587e-09,-1.06776744631981e-14,1.39587153684742e-13
0.0222500003874302,1.12391855822125e-08,-6.7565272868469e-15,5.16321096391981e-14
0.0225000008940697,1.34001991725086e-08,4.66918357141166e-15,-1.08561529449207e-13
0.022749999538064,1.5461374403003e-08,9.79405138668834e-15,-1.20354396479332e-13
0.0230000000447035,1.74453731460744e-08,3.29914208406219e-15,3.06924218028762e-14
0.023250000551343,1.94088407567961e-08,-3.67588963350669e-15,1.33867851699609e-13
0.0234999991953373,2.12960546974728e-08,2.0778517583492e-16,4.7837110656165e-14
0.0237499997019768,2.2952789890951e-08,1.09288536133769e-14,-1.04144557561137e-13
0.0240000002086163,2.42796875937756e-08,1.48492227899661e-14,-1.09157617027376e-13
0.0242500007152557,2.53137653061231e-08,7.80703999440479e-15,3.73153283717443e-14
0.0244999993592501,2.61293813252905e-08,1.0394881502329e-15,1.26869760357085e-13
0.0247499998658895,2.6699238375727e-08,4.89346476683391e-15,3.17445112622654e-14
0.025000000372529,2.69072160108408e-08,1.44851934402246e-14,-1.16124679858977e-13
0.0252500008791685,2.66929234271629e-08,1.64340231283448e-14,-1.10033808236806e-13
0.0254999995231628,2.61277932622761e-08,7.78654772631187e-15,4.27058663768614e-14
0.0257500000298023,2.53201886124543e-08,1.26931195868507e-16,1.31377195363921e-13
0.0260000005364418,2.42829454322191e-08,3.24241649934281e-15,3.56366310430307e-14
0.0262499991804361,2.29448868793725e-08,1.16385884491119e-14,-1.08759511542166e-13
0.0264999996870756,2.12867998783395e-08,1.2319015097839e-14,-1.01523180324765e-13
0.0267500001937151,1.94123117580602e-08,3.11987984275355e-15,4.35213117714467e-14
0.0270000007003546,1.74569425581694e-08,-4.48608172975312e-15,1.21089688840184e-13
0.0272499993443489,1.546196060076e-08,-1.6310576546612e-15,2.34850320072165e-14
0.0274999998509884,1.33848541139514e-08,5.61464809988401e-15,-1.09832302486786e-13
0.0277500003576279,1.12275468922007e-08,4.93067026552559e-15,-8.94422068960926e-14
0.0280000008642673,9.10277364596368e-09,-4.75166298113407e-15,5.84595102903242e-14
0.0282499995082617,7.14740266971603e-09,-1.18087522860176e-14,1.29204440657733e-13
0.0285000000149012,5.40287725669941e-09,-8.18546805721665e-15,2.55014447601322e-14
0.0287500005215406,3.82533604792457e-09,-6.02121364429159e-16,-1.08105744408421e-13
0.028999999165535,2.40717201727136e-09,-1.00767486328345e-15,-8.7861806046842e-14
0.0292499996721745,1.23989796207979e-09,-9.86164292181334e-15,5.46236233328612e-14
0.0295000001788139,4.32249042114918e-10,-1.56936163825568e-14,1.19895020018849e-13
0.0297500006854534,-2.41632733787023e-12,-1.12495402872074e-14,2.01730501742233e-14
0.0299999993294477,-1.3564901979457e-10,-3.50844540763639e-15,-1.00777371202839e-13
0.0302499998360872,-8.00240256004781e-12,-3.63338340263111e-15,-7.18516365112373e-14
0.0305000003427267,4.31102320508359e-10,-1.12495843329207e-14,6.58003450446261e-14
0.0307500008493662,1.24653587452173e-09,-1.50880793048282e-14,1.18118188840999e-13
0.0309999994933605,2.41186604021948e-09,-8.92897324952574e-15,1.0462168105593e-14
0.03125,3.82046971836303e-09,-3.05251695358475e-16,-1.08772291575274e-13
0.0315000005066395,5.39629807505548e-09,8.30549884624079e-17,-7.58497336662313e-14
0.031750001013279,7.15154557795472e-09,-6.73181425357781e-15,6.13496138114102e-14
0.0320000015199184,9.11459707708673e-09,-9.60929401913439e-15,1.12439408912063e-13
0.0322499983012676,1.12309361810503e-08,-2.97353563111582e-15,9.86347081891352e-15
0.0324999988079071,1.3374621410378e-08,5.55290956242454e-15,-1.00406770571493e-13
0.0327499993145466,1.54538355445766e-08,5.98334714226371e-15,-6.56947979631346e-14
0.0329999998211861,1.74657888152296e-08,-1.0067808464774e-16,6.11203999196196e-14
0.0332500003278255,1.94286879917627e-08,-2.03840702218234e-15,9.89213255037612e-14
0.033500000834465,2.12881943184584e-08,4.76312630152574e-15,-6.73941171559821e-15
0.0337500013411045,2.29285710418026e-08,1.24053446958232e-14,-1.08577250380708e-13
0.034000001847744,2.42725963772727e-08,1.16269866388334e-14,-6.46456290733476e-14
0.0342499986290932,2.53331275956725e-08,4.74848787813129e-15,6.40404477494569e-14
0.0344999991357327,2.61481449825851e-08,2.29813654644719e-15,9.99386459547315e-14
0.0347499996423721,2.66917492552921e-08,8.26995874667232e-15,-4.15614799723746e-15
0.0350000001490116,2.68842832440441e-08,1.46947036515962e-14,-1.02338127663977e-13
0.0352500006556511,2.66862549835878e-08,1.2904519846365e-14,-6.08447686223194e-14
0.0355000011622906,2.6146155462925e-08,5.55427625008494e-15,5.76694657197611e-14
0.0357500016689301,2.53379273118526e-08,2.63822514520924e-15,8.56980502186855e-14
0.0359999984502792,2.42758098067952e-08,7.39941555293402e-15,-1.39686710549231e-14
0.0362499989569187,2.29231726933676e-08,1.1940476920744e-14,-9.86997145797051e-14
0.0364999994635582,2.12805275623396e-08,8.49554564338276e-15,-4.78340681138185e-14
0.0367499999701977,1.94297271605137e-08,3.66907144179777e-16,6.88285420411688e-14
0.0370000004768372,1.74737131430902e-08,-2.75983917116069e-15,8.98192382015744e-14
0.0372500009834766,1.54551607067788e-08,1.65578953441336e-15,-1.28744264598149e-14
0.0375000014901161,1.33642927835353e-08,5.6001456252776e-15,-9.6614529527736e-14
0.0377499982714653,1.12216476111371e-08,1.81500610575052e-15,-4.75492109336569e-14
0.0379999987781048,9.119289323678e-09,-6.14952314805374e-15,6.33621979754043e-14
0.0382499992847443,7.16325798677531e-09,-9.06848550516915e-15,8.26766294857208e-14
0.0384999997913837,5.39639888330612e-09,-4.91538725005828e-15,-1.166848871215e-14
0.0387500002980232,3.80586673287553e-09,-1.43379342212456e-15,-8.33328021930362e-14
0.0390000008046627,2.40162512099573e-09,-5.05035432690672e-15,-3.08986980424551e-14
0.0392500013113022,1.25555965624358e-09,-1.18637662289089e-14,7.12133124821865e-14
0.0395000018179417,4.4723874603747e-10,-1.32356233313808e-14,7.91171530958694e-14
0.0397499985992908,-8.58823429039646e-12,-7.93035952119554e-15,-1.88919907685324e-14
0.0399999991059303,-1.54084078829442e-10,-3.76184145479638e-15,-8.71763327758152e-14
0.0402499996125698,-1.32181574713508e-11,-6.61128654738121e-15,-3.23160619900183e-14
0.0405000001192093,4.45954745353916e-10,-1.23040742836824e-14,6.85925654383274e-14
0.0407500006258488,1.26070709427495e-09,-1.25733816329983e-14,7.73502152628426e-14
0.0410000011324883,2.40598629908106e-09,-6.56478105044516e-15,-1.40500395809351e-14
0.0412500016391277,3.80301390379145e-09,-1.81349415193967e-15,-7.61937374630338e-14
0.0414999984204769,5.39139399791111e-09,-3.5864467659249e-15,-2.48322260513632e-14
0.0417499989271164,7.16563031133433e-09,-7.66076926287523e-15,6.37103488455165e-14
0.0419999994337559,9.12799436036948e-09,-6.49501856987635e-15,6.26442664018387e-14
0.0422499999403954,1.12253353279357e-08,9.40505415263977e-17,-2.72783555590799e-14
0.0425000004470348,1.33580932981658e-08,4.72829545970169e-15,-8.04621465484191e-14
0.0427500009536743,1.54492241222215e-08,2.83333452592805e-15,-2.29292598092051e-14
0.0430000014603138,1.74791470186619e-08,-1.05226945389049e-15,6.5381002749363e-14
0.043249998241663,1.94413534160276e-08,2.64230392648762e-16,6.307943804882e-14
0.0434999987483025,2.12828581425129e-08,6.60365223942761e-15,-2.48948726081421e-14
0.0437499992549419,2.29129213380475e-08,1.07942414433334e-14,-7.70373483971812e-14
0.0439999997615814,2.42682620665846e-08,8.69958402191506e-15,-2.51884118760131e-14
0.0442500002682209,2.53457947962943e-08,4.78049725320803e-15,5.36275701851305e-14
0.0445000007748604,2.61601194040395e-08,5.60309626454936e-15,4.820162959095e-14
0.0447500012814999,2.66866653220177e-08,1.06129569108632e-14,-3.16478783555108e-14
0.0450000017881393,2.68694648752899e-08,1.3067821022332e-14,-7.1687793234184e-14
0.0452499985694885,2.66821800209982e-08,9.5978938026973e-15,-1.47699286476418e-14
0.045499999076128,2.6158167187873e-08,4.88988647614824e-15,6.00103463015839e-14
0.0457499995827675,2.53492462576332e-08,5.0568248115908e-15,4.88823493130768e-14
0.046000000089407,2.42709692344079e-08,9.12615235525117e-15,-3.24528002127594e-14
0.0462500005960464,2.29091412506932e-08,1.05088057396688e-14,-7.22585172577804e-14
0.0465000011026859,2.1276695960637e-08,6.21340256128739e-15,-1.80841110722319e-14
0.0467500016093254,1.9441117160568e-08,8.79975329122441e-16,5.31358811117766e-14
0.0469999983906746,1.74844139166908e-08,1.86159630598129e-16,4.46507251745248e-14
0.0472499988973141,1.54505492844237e-08,3.02938008981183e-15,-2.66300873632283e-14
0.0474999994039536,1.33510074107335e-08,3.34031550859528e-15,-5.74927475419096e-14
0.047749999910593,1.1218047824002e-08,-1.25624112857819e-15,-4.37171703528074e-15
0.0480000004172325,9.13009046143998e-09,-6.15245218798534e-15,5.7281727917826e-14
0.048250000923872,7.1733747830649e-09,-6.29458008136988e-15,4.05106246399896e-14
0.0485000014305115,5.39200772919912e-09,-3.23036237347043e-15,-3.15431037680673e-14
0.0487499982118607,3.79328701782811e-09,-2.84105099607754e-15,-5.89457275308389e-14
0.0489999987185001,2.39824116121667e-09,-7.0884066540424e-15,-4.1092363480032e-15
0.0492499992251396,1.26580212977956e-09,-1.13458885908917e-14,5.76632993199051e-14
0.0494999997317791,4.56802956572133e-10,-1.08844911097974e-14,4.39704052519491e-14
0.0497500002384186,-1.2770422740116e-11,-7.32503250763794e-15,-2.20539342674466e-14
0.0500000007450581,-1.65995342471525e-10,-6.15150520515031e-15,-4.73538444784385e-14
0.0502500012516975,-1.63984052031774e-11,-8.9881537474845e-15,5.85164241281161e-16
0.050500001758337,4.55667392706971e-10,-1.14862444913506e-14,5.10945283207619e-14
0.0507499985396862,1.26974863956519e-09,-9.58713987239896e-15,3.1814340658437e-14
0.0509999990463257,2.40200326295792e-09,-5.22626824697487e-15,-3.01481489241567e-14
0.0512499995529652,3.7917358142181e-09,-3.54634695565246e-15,-4.76839975924875e-14
0.0515000000596046,5.38840527752882e-09,-5.68406668507624e-15,4.07157514558591e-15
0.0517500005662441,7.17484072154662e-09,-7.25673115890314e-15,5.38615613427437e-14
0.0520000010728836,9.13654130130226e-09,-4.53571913101164e-15,3.38771606524669e-14
0.0522500015795231,1.12215419179051e-08,4.09714415858776e-16,-2.74953908111549e-14
0.0524999983608723,1.33474147290258e-08,2.67802658812601e-15,-4.7208954410613e-14
0.0527499988675117,1.54464157020584e-08,1.29392890665421e-15,-2.58644242125356e-15
0.0529999993741512,1.74878795888844e-08,3.26312507847464e-16,4.03474420486351e-14
0.0532499998807907,1.944943406329e-08,3.00829722799643e-15,2.13444662470899e-14
0.0535000003874302,2.12792468090583e-08,7.22499198733658e-15,-3.09391082903027e-14
0.0537500008940697,2.29028103149176e-08,8.58984328030174e-15,-4.16256859168095e-14
0.0540000014007092,2.42656241766781e-08,6.62041756255261e-15,4.57790179530138e-15
0.0542499981820583,2.53540761718796e-08,5.33517635520103e-15,4.27816656612453e-14
0.0544999986886978,2.61677577384489e-08,7.56141145112936e-15,1.91757891575099e-14
0.0547499991953373,2.66832262951766e-08,1.09979562552798e-14,-3.45836471168492e-14
0.0549999997019768,2.68598920882823e-08,1.14536760745286e-14,-4.62294726154625e-14
0.0552500002086163,2.66797002268504e-08,8.61478670653249e-15,-2.38482570991746e-15
0.0555000007152557,2.616602046146e-08,6.32299464861847e-15,3.53816537971164e-14
0.0557500012218952,2.53564671481854e-08,7.15521256610882e-15,1.73583105625864e-14
0.0560000017285347,2.4267693632396e-08,8.9646612886924e-15,-2.71411125047022e-14
0.0562499985098839,2.29000765017418e-08,8.08568842306304e-15,-3.37585658754559e-14
0.0564999990165234,2.12743671568205e-08,4.53451253257828e-15,6.25832495364503e-15
0.0567499995231628,1.94485636484387e-08,1.918629787177e-15,3.54953222305061e-14
0.0570000000298023,1.74912404560246e-08,2.3284834076067e-15,1.21700728243938e-14
0.0572500005364418,1.54474317781705e-08,3.45138016270515e-15,-3.1522215935588e-14
0.0575000010430813,1.33424249426639e-08,1.87643018222832e-15,-3.48497035537135e-14
0.0577500015497208,1.12158593523759e-08,-2.13143707429575e-15,7.34618037923204e-15
0.0579999983310699,9.13715147987659e-09,-5.02781096853202e-15,3.86832831934282e-14
0.0582499988377094,7.17982739928402e-09,-4.871342383834e-15,1.95467641774189e-14
0.0584999993443489,5.38903854874206e-09,-3.83975408638367e-15,-2.01264481155313e-14
0.0587499998509884,3.78516062937706e-09,-5.00776381625288e-15,-2.48739644468721e-14
0.0590000003576279,2.39618502817507e-09,-8.03969453402713e-15,9.37297690904813e-15
0.0592500008642673,1.27249766279647e-09,-9.78327712759927e-15,3.22699190231836e-14
0.0595000013709068,4.62902577380575e-10,-8.76363919448528e-15,1.12973451326845e-14
0.059749998152256,-1.55974677618076e-11,-7.20206788765209e-15,-2.31622701026652e-14
0.0599999986588955,-1.73689368443419e-10,-7.81563399068763e-15,-2.1547112103457e-14
0.060249999165535,-1.83298081574135e-11,-9.98453300289984e-15,1.52973421825792e-14
0.0604999996721745,4.62016258584441e-10,-1.0633258596543e-14,3.76388475237504e-14
0.0607500001788139,1.27551458284358e-09,-8.49850009430279e-15,1.57560037472538e-14
0.0610000006854534,2.39931186030162e-09,-5.80778177625336e-15,-2.01873616429002e-14
0.0612500011920929,3.78445097481972e-09,-5.13988274481619e-15,-2.30203497323528e-14
0.0615000016987324,5.38659117310658e-09,-5.94465255965076e-15,7.19262431732315e-15
0.0617499984800816,7.18086079487534e-09,-5.50890662433115e-15,2.59994510052068e-14
0.061999998986721,9.14199205226396e-09,-2.85199762637138e-15,7.76972904011118e-15
0.0622499994933605,1.12189795231643e-08,-4.97668020848282e-17,-1.99490929689034e-14
0.0625,1.33405171354184e-08,7.52847383382154e-16,-1.70603243717423e-14
0.0627499967813492,1.54447121758494e-08,3.3900455540824e-16,1.23391007901172e-14
0.063000001013279,1.74935887997663e-08,1.24547406926917e-15,2.62555785218634e-14
0.0632499977946281,1.94545854981243e-08,4.15273953665771e-15,3.768134486078e-15
0.0635000020265579,2.1276806094761e-08,6.91108073005119e-15,-2.61393080032597e-14
0.0637499988079071,2.2896280427176e-08,7.48694200847265e-15,-2.486169771573e-14
0.0640000030398369,2.42640236791658e-08,6.66471738569401e-15,3.53243592180147e-15
0.0642499998211861,2.53594887311692e-08,6.81120834578985e-15,1.97123726711343e-14
0.0644999966025352,2.61726285089026e-08,8.55494806397371e-15,3.77112324183239e-15
0.064750000834465,2.66809045967875e-08,1.00240106674725e-14,-1.9282466180953e-14
0.0649999976158142,2.68537085901244e-08,9.57215331846319e-15,-1.65984830453837e-14
0.065250001847744,2.66781974289643e-08,8.06979384980781e-15,6.58626985280053e-15
0.0654999986290932,2.6171152356369e-08,7.59175047723411e-15,1.58063717144294e-14
0.0657500028610229,2.53610714651131e-08,8.45048772575357e-15,-3.28303617608662e-15
0.0659999996423721,2.4265482068131e-08,8.76363834745233e-15,-2.47633639668173e-14
0.0662499964237213,2.28942216295991e-08,7.10101262187991e-15,-1.86847827927114e-14
0.0665000006556511,2.127295672949e-08,4.46894625323016e-15,7.70456594844596e-15
0.0667499974370003,1.94534290898218e-08,2.91357438053793e-15,2.04627608531727e-14
0.0670000016689301,1.74955925302811e-08,2.76828620722719e-15,5.25824585831608e-15
0.0672499984502792,1.54453267953159e-08,2.35813697229889e-15,-1.47452732126132e-14
0.067500002682209,1.33368818211466e-08,4.47737010176972e-16,-1.23514064847749e-14
0.0677499994635582,1.12145341901737e-08,-2.05887959675924e-15,6.82378339692479e-15
0.068000003695488,9.14176556676694e-09,-3.46933620239576e-15,1.4440398949842e-14
0.0682500004768372,7.18394099763486e-09,-3.69079021359832e-15,2.29228079592458e-16
0.0684999972581863,5.38703526231643e-09,-4.28419015622563e-15,-1.41513023697794e-14
0.0687500014901161,3.77991282718426e-09,-6.18264467739022e-15,-6.36998888356509e-15
0.0689999982714653,2.39494113429828e-09,-8.32463895858232e-15,1.49664555379979e-14
0.0692500025033951,1.27687282969191e-09,-9.08713208847001e-15,2.21420019770385e-14
0.0694999992847443,4.66790772701842e-10,-8.46985174596075e-15,6.2496102551672e-15
0.069750003516674,-1.75043105010708e-11,-8.01010852021248e-15,-1.13648883869315e-14
0.0700000002980232,-1.78657866278797e-10,-8.63330623489126e-15,-8.72292062664487e-15
0.0702499970793724,-1.94975389999907e-11,-9.46254301992374e-15,7.89824511403334e-15
0.0705000013113022,4.66164662427104e-10,-9.15608904070598e-15,1.46784457012066e-14
0.0707499980926514,1.2791898651443e-09,-7.7961149634511e-15,3.77546428568707e-15
0.0710000023245811,2.39749686770097e-09,-6.69172376066779e-15,-7.24419253018494e-15
0.0712499991059303,3.77974673781978e-09,-6.47091836494459e-15,-1.61040762668185e-15
0.0715000033378601,5.38549516093667e-09,-6.20000250006183e-15,1.27203706484671e-14
0.0717500001192093,7.18479409300699e-09,-4.73745315641093e-15,1.45376891541637e-14
0.0719999969005585,9.14546571806341e-09,-2.37575716342591e-15,-7.27464347051785e-16
0.0722500011324883,1.1217252016138e-08,-4.80715179187135e-16,-1.44908024924013e-14
0.0724999979138374,1.3336063808822e-08,3.23030281646633e-16,-1.02357358700012e-14
0.0727500021457672,1.54436836652394e-08,8.91561257533222e-16,4.79409721420914e-15
0.0729999989271164,1.74973173727722e-08,2.27432539150869e-15,1.04961866428206e-14
0.0732500031590462,1.94578699819203e-08,4.26191996597642e-15,1.08205367341479e-15
0.0734999999403954,2.12751629646846e-08,5.75586585636672e-15,-8.85105892387255e-15
0.0737499967217445,2.28920633560392e-08,6.33578654018791e-15,-6.0447769362139e-15
0.0740000009536743,2.42630573410452e-08,6.78097096363877e-15,3.26615862109611e-15
0.0742499977350235,2.53630254576365e-08,7.86710902992522e-15,3.4129667950307e-15
0.0745000019669533,2.6175731804301e-08,9.19604189076207e-15,-7.80988263697577e-15
0.0747499987483025,2.6679339626412e-08,9.708688253297e-15,-1.57600627291371e-14
0.0750000029802322,2.68497153399494e-08,9.13104312348862e-15,-9.24100917586591e-15
0.0752499997615814,2.66772914869762e-08,8.32886565298912e-15,4.08365341189728e-15
0.0754999965429306,2.61745061180818e-08,8.11909794360159e-15,8.0560219411184e-15
0.0757500007748604,2.53640060066118e-08,8.21838545161284e-15,-7.21227008186441e-16
0.0759999975562096,2.42639934810995e-08,7.73911642236447e-15,-9.60721878841362e-15
0.0762500017881393,2.28904433186017e-08,6.45467820224689e-15,-7.79989018929702e-15
0.0764999985694885,2.1272105854564e-08,5.05353154749187e-15,-5.38169860750757e-17
0.0767500028014183,1.94566087685644e-08,4.10471065096603e-15,1.72036351466377e-15
0.0769999995827675,1.74983654233074e-08,3.26033039914429e-15,-4.18275923134135e-15
0.0772499963641167,1.5443909262558e-08,1.81202010285321e-15,-7.38891065032218e-15
0.0775000005960464,1.33333033502936e-08,-2.29134138344652e-16,-8.08760875263358e-16
0.0777499973773956,1.12137357177744e-08,-2.06837801247151e-15,8.84888459029695e-15
0.0780000016093254,9.14477915614498e-09,-3.15395894283691e-15,9.91910902508686e-15
0.0782499983906746,7.1865620121514e-09,-3.8546207851574e-15,1.41209942603772e-15
0.0785000026226044,5.38568656338612e-09,-4.88224073324985e-15,-5.88933156731616e-15
0.0787499994039536,3.77652487060232e-09,-6.30900081729688e-15,-3.69745763344263e-15
0.0790000036358833,2.39419262193508e-09,-7.52829923915529e-15,3.81993563300029e-15
0.0792500004172325,1.2797305437573e-09,-8.13216088571414e-15,7.01490494652793e-15
0.0794999971985817,4.6926812435899e-10,-8.42518854568498e-15,3.91706490106194e-15
0.0797500014305115,-1.87879069940555e-11,-8.88779643686086e-15,1.54784545556029e-15
0.0799999982118607,-1.8186542549703e-10,-9.41383439029189e-15,4.8028034423575e-15
0.0802500024437904,-2.0199947617372e-11,-9.42625019923274e-15,9.21019835240953e-15
0.0804999992251396,4.68874161718702e-10,-8.6909663087097e-15,7.44560002438307e-15
0.0807500034570694,1.28153143652554e-09,-7.66774796732766e-15,-8.88806395368841e-18
0.0810000002384186,2.39627540032927e-09,-6.91513886490148e-15,-4.96668780050873e-15
0.0812499970197678,3.77671005580282e-09,-6.3903079334203e-15,-2.06565162517254e-15
0.0815000012516975,5.38483613254925e-09,-5.58966909826948e-15,4.61812611941706e-15
0.0817499980330467,7.18736314908597e-09,-4.27766969659767e-15,7.26292635787936e-15
0.0820000022649765,9.1476790586853e-09,-2.77257134690735e-15,4.02922688635498e-15
0.0822499990463257,1.12160893905866e-08,-1.44721222395408e-15,5.17462254383329e-17
0.0825000032782555,1.33331887752774e-08,-2.14774110857164e-16,-4.47602755454833e-16
0.0827500000596046,1.54430654930593e-08,1.26643167608749e-15,5.21388377825306e-16
0.0829999968409538,1.7499752757999e-08,3.0008278797093e-15,-1.27470295281743e-15
0.0832500010728836,1.94599607539203e-08,4.55110590801499e-15,-5.44296722696977e-15
0.0834999978542328,2.12740562943736e-08,5.5765231469281e-15,-7.10265417173169e-15
0.0837500020861626,2.28893419773613e-08,6.25357055771209e-15,-3.61942091152857e-15
0.0839999988675117,2.42624782487155e-08,7.00153834310379e-15,1.47864434607727e-15
0.0842500030994415,2.53653347215277e-08,7.9145166169501e-15,2.64340559871464e-15
0.0844999998807907,2.61777088894632e-08,8.6769919591459e-15,-1.12269357307023e-15
0.0847499966621399,2.66782862468062e-08,9.02506405519405e-15,-5.64498458488993e-15
0.0850000008940697,2.68471396225323e-08,9.06671605334234e-15,-7.02143726461716e-15
0.0852499976754189,2.66767479217833e-08,9.03439327607511e-15,-5.70343875209642e-15
0.0855000019073486,2.61766945897079e-08,8.88109386514924e-15,-4.53702525581631e-15
0.0857499986886978,2.536587295765e-08,8.330537696027e-15,-4.38581208703952e-15
0.0860000029206276,2.42629916158421e-08,7.30427427119958e-15,-3.4577411683808e-15
0.0862499997019768,2.28880026043043e-08,6.09608892160915e-15,-6.8574532742155e-16
0.086499996483326,2.12715960401511e-08,5.03192458404036e-15,2.00392579320727e-15
0.0867500007152557,1.94586853297096e-08,4.08716775159544e-15,1.7856837309407e-15
0.0869999974966049,1.75001311220058e-08,2.980446149416e-15,-1.42294441237789e-15
0.0872500017285347,1.54429571352921e-08,1.58465708393149e-15,-4.52647164880999e-15
0.0874999985098839,1.33309940864024e-08,7.66793251463104e-17,-4.51693321079096e-15
0.0877500027418137,1.12132578777846e-08,-1.34125570791174e-15,-1.43410121272177e-15
0.0879999995231628,9.14674735952303e-09,-2.70247026491787e-15,2.19710182122398e-15
0.088249996304512,7.18823089940201e-09,-4.13816040556957e-15,4.2473725986238e-15
0.0885000005364418,5.3847797332196e-09,-5.57177383319284e-15,4.65608251281648e-15
0.088749997317791,3.77433861942222e-09,-6.72476228077545e-15,4.46330628435087e-15
0.0890000015497208,2.39374453592234e-09,-7.44829189508944e-15,4.05412711390542e-15
0.0892499983310699,1.28159649559478e-09,-7.91009171683364e-15,2.95494706957185e-15
0.0895000025629997,4.70845695765831e-10,-8.36556589652775e-15,1.15843338712579e-15
0.0897499993443489,-1.96503733423947e-11,-8.82939182108178e-15,-4.76572996169159e-17
0.0900000035762787,-1.83935547348746e-10,-9.09087258596508e-15,8.99039287908057e-16
0.0902500003576279,-2.06199588653755e-11,-9.01719427208111e-15,3.96495741444912e-15
0.0904999971389771,4.7064319108614e-10,-8.69631532177161e-15,7.02338628742879e-15
0.0907500013709068,1.28302246604761e-09,-8.23833223048773e-15,7.59410099366274e-15
0.090999998152256,2.39545472346947e-09,-7.56641656881468e-15,5.17208863153669e-15
0.0912500023841858,3.77475029011975e-09,-6.53179123473197e-15,1.66362395390075e-15
0.091499999165535,5.38444266950933e-09,-5.18933422234279e-15,-5.77954985048402e-16
0.0917500033974648,7.18904047403157e-09,-3.81337663337322e-15,-9.31335171879205e-16
0.0920000001788139,9.14908859783736e-09,-2.59963093600054e-15,-5.00027371565855e-16
0.0922499969601631,1.12153095699341e-08,-1.4567172041717e-15,-2.1680327092654e-16
0.0925000011920929,1.33313333705587e-08,-1.72947623921746e-16,2.9273831881001e-16
0.0927499979734421,1.54426960108367e-08,1.28058962004261e-15,1.55454559205219e-15
0.0930000022053719,1.75013443737271e-08,2.72667761951745e-15,2.5578048725816e-15
0.093249998986721,1.94612930215499e-08,4.03848368591905e-15,1.3136990791596e-15
0.0935000032186508,2.12733137772148e-08,5.27856744927013e-15,-2.54464515695482e-15
0.09375,2.28875851604471e-08,6.51723539704988e-15,-6.50950156272498e-15
0.0939999967813492,2.42621318591318e-08,7.61798986387415e-15,-7.45298869278196e-15
0.094250001013279,2.53668410721275e-08,8.33887334726092e-15,-5.02705372107718e-15
0.0944999977946281,2.61789665501055e-08,8.63403976542358e-15,-1.99714360039861e-15
0.0947500020265579,2.6677581033141e-08,8.72705668852631e-15,-9.89680601231095e-16
0.0949999988079071,2.68454769525306e-08,8.83218533574183e-15,-1.75660180760879e-15
0.0952500030398369,2.66764228484817e-08,8.89452950175859e-15,-2.34496158656259e-15
0.0954999998211861,2.61781245569637e-08,8.69524806025807e-15,-2.26327055275583e-15
0.0957499966025352,2.53670631167324e-08,8.15644786141077e-15,-3.04374534508078e-15
0.096000000834465,2.42623201529568e-08,7.4127512396556e-15,-5.37021090844889e-15
0.0962499976158142,2.28864287521446e-08,6.57068190547221e-15,-7.05204014148498e-15
0.096500001847744,2.12712922831315e-08,5.53461788592858e-15,-5.26215068020293e-15
0.0967499986290932,1.94600389136212e-08,4.17438419307537e-15,-4.56327618328026e-16
0.0970000028610229,1.75012555558851e-08,2.59530026829947e-15,3.44945040989307e-15
0.0972499996423721,1.54423176468299e-08,1.09795523469184e-15,3.3955606914811e-15
0.0974999964237213,1.33295037230141e-08,-1.52532025545439e-16,6.22950433997734e-16
0.0977500006556511,1.12129736606903e-08,-1.30253211442035e-15,-1.19721193187963e-15
0.0979999974370003,9.14803255369634e-09,-2.58442605932262e-15,-5.83957801666475e-16
0.0982500016689301,7.18929360488119e-09,-3.99520623154499e-15,5.45496100174466e-16
0.0984999984502792,5.38417177509132e-09,-5.31074919555164e-15,4.07916747246907e-16
0.098750002682209,3.77292774800253e-09,-6.38935968003585e-15,3.24079490770485e-16
0.0989999994635582,2.39347808239643e-09,-7.31766840319451e-15,2.69041529201255e-15
0.099250003695488,1.28281429923049e-09,-8.19705292683624e-15,6.78257820865618e-15
0.0995000004768372,4.71849836980454e-10,-8.90167422466868e-15,8.65953799823477e-15
0.0997499972581863,-2.02288897438452e-11,-9.18823563512017e-15,5.93001879493752e-15
0.100000001490116,-1.85271201158521e-10,-9.02563410836756e-15,1.14892830102906e-15
0.100249998271465,-2.0869372202581e-11,-8.67424333723206e-15,-9.69180815720764e-16
0.100500002503395,4.71797767520599e-10,-8.37683397582507e-15,8.98999583238654e-16
0.100749999284744,1.28397137366676e-09,-8.06707317998123e-15,3.58859738257798e-15
0.101000003516674,2.39490449693847e-09,-7.4860483887133e-15,4.01988072481498e-15
0.101250000298023,3.77348596813931e-09,-6.53709577856415e-15,3.02705540788809e-15
0.101499997079372,5.38420907858495e-09,-5.39026102534335e-15,3.30848633977806e-15
0.101750001311302,7.19013470984464e-09,-4.21547291431373e-15,4.7541676575591e-15
0.101999998092651,9.14998565804126e-09,-2.95070406978082e-15,4.13251704855849e-15
0.102250002324581,1.12147855446665e-08,-1.448249415798e-15,-1.33187619444944e-16
0.10249999910593,1.33301361060489e-08,2.16746890295988e-16,-4.86111911967711e-15
0.10275000333786,1.54424775189455e-08,1.74174379092277e-15,-5.489333386986e-15
0.103000000119209,1.75023817661213e-08,2.93715598954772e-15,-1.79471500798257e-15
0.103249996900558,1.94621403437623e-08,3.95086956247038e-15,1.71220002287637e-15
0.103500001132488,2.12728163972997e-08,5.05677229554807e-15,1.36210351808427e-15
0.103749997913837,2.28864518447836e-08,6.28406162623087e-15,-1.5108216454358e-15
0.104000002145767,2.42619275780953e-08,7.38204883641647e-15,-3.15793195087601e-15
0.104249998927116,2.53678251738165e-08,8.14803597721158e-15,-2.80248495071434e-15
0.104500003159046,2.61797676870401e-08,8.65039173647032e-15,-3.22069328061929e-15
0.104749999940395,2.66771067458649e-08,9.04777978477352e-15,-5.92553968471244e-15
0.104999996721745,2.68444040329996e-08,9.29001257296341e-15,-8.13122067914269e-15
0.105250000953674,2.66762310019431e-08,9.15248745661425e-15,-6.21597415331526e-15
0.105499997735023,2.61790571443044e-08,8.56884618057226e-15,-1.08524127015355e-15
0.105750001966953,2.5367819844746e-08,7.7821888947653e-15,2.21107638254602e-15
0.105999998748302,2.42618689583196e-08,7.07364795196944e-15,5.4047441240711e-16
0.106250002980232,2.28854126760325e-08,6.42064695952505e-15,-3.52564144701507e-15
0.106499999761581,2.12711128710907e-08,5.54861002318428e-15,-5.20716299533307e-15
0.106749996542931,1.94609235393273e-08,4.30552861023286e-15,-3.48283769581676e-15
0.10700000077486,1.75019696513345e-08,2.85253570405113e-15,-1.56244544483475e-15
0.10724999755621,1.54418895448316e-08,1.4315169151997e-15,-1.68122720436883e-15
0.107500001788139,1.33285418257856e-08,6.01892149372698e-17,-1.85125805710182e-15
0.107749998569489,1.1212805794969e-08,-1.41212197828994e-15,8.16938343094388e-16
0.108000002801418,9.14887010594612e-09,-2.98513257095492e-15,5.12096976965342e-15
0.108249999582767,7.18996950865858e-09,-4.40583171074788e-15,6.54940613190307e-15
0.108499996364117,5.38376454528589e-09,-5.45573413106726e-15,3.19570538515881e-15
0.108750000596046,3.77201736512234e-09,-6.23415275091276e-15,-1.26742259875666e-15
0.108999997377396,2.39332109686075e-09,-7.02924775542379e-15,-1.87523946566272e-15
0.109250001609325,1.28360888584922e-09,-7.93357739936216e-15,1.63082884988632e-15
0.109499998390675,4.72488603797672e-10,-8.71723449446995e-15,4.98837057340902e-15
0.109750002622604,-2.06163228849698e-11,-9.11975217430172e-15,5.24065764268282e-15
0.109999999403954,-1.86132706470055e-10,-9.15317694143332e-15,4.12912341105531e-15
0.110250003635883,-2.10162685865267e-11,-9.01330893195206e-15,4.68945264632298e-15
0.110500000417233,4.72550998331656e-10,-8.75581345708559e-15,6.29838791798426e-15
0.110749997198582,1.28457500192525e-09,-8.21572746222436e-15,5.44349874014418e-15
0.111000001430511,2.3945361249389e-09,-7.28553027910979e-15,1.18193177514852e-15
0.111249998211861,3.77267017626082e-09,-6.1419087453744e-15,-2.61574044386613e-15
0.11150000244379,5.38407141092989e-09,-5.0734745147185e-15,-1.82580196417975e-15
0.11174999922514,7.19084880529408e-09,-4.12660221748781e-15,2.51980400995245e-15
0.112000003457069,9.15055586858671e-09,-3.05666323280112e-15,5.35424645497552e-15
0.112250000238419,1.12144356023691e-08,-1.66157879284961e-15,3.817378864049e-15
0.112499997019768,1.33293642790022e-08,-5.30769075810245e-17,3.30019865178477e-16
0.112750001251698,1.5442349621253e-08,1.48689677632413e-15,-1.3037581946115e-15
0.112999998033047,1.75030585580771e-08,2.84562920915745e-15,-1.04121853266502e-15
0.113250002264977,1.94626803562414e-08,4.14343996192981e-15,-1.89372468918712e-15
0.113499999046326,2.12724824422139e-08,5.45829217056797e-15,-4.75466740699798e-15
0.113750003278255,2.28857199857657e-08,6.63018808759919e-15,-6.46843782895856e-15
0.114000000059605,2.42618067858302e-08,7.44110905569672e-15,-4.15352388916687e-15
0.114249996840954,2.53684664386356e-08,7.91885257860709e-15,2.40815410901558e-16
0.114500001072884,2.6180277501453e-08,8.32146682019485e-15,1.7748465796553e-15
0.114749997854233,2.66767905543475e-08,8.79877496817033e-15,-1.38568025665462e-15
0.115000002086163,2.68437112538322e-08,9.18305094645003e-15,-5.72428296237893e-15
0.115249998867512,2.66761190914622e-08,9.19223532469711e-15,-6.92931819643852e-15
0.115500003099442,2.61796646583434e-08,8.76967091610267e-15,-5.04948315352047e-15
0.115749999880791,2.53683012374495e-08,8.11027694248888e-15,-3.50111052582964e-15
0.11599999666214,2.42615687540138e-08,7.36709701083154e-15,-3.80921092533863e-15
0.11625000089407,2.28847589767156e-08,6.46643332548888e-15,-3.67683492227583e-15
0.116499997675419,2.12710080660372e-08,5.28330829267592e-15,-9.52819844948956e-16
0.116750001907349,1.94615008553001e-08,3.90486762662148e-15,2.44354542195291e-15
0.116999998688698,1.75024243986854e-08,2.58306148924459e-15,2.565000840985e-15
0.117250002920628,1.54416017750236e-08,1.42491831678235e-15,-1.12281469878168e-15
0.117499999701977,1.33279218772486e-08,2.53674271013385e-16,-4.4759457099898e-15
0.117749996483326,1.12127080953428e-08,-1.15011435891345e-15,-3.59148364734575e-15
0.118000000715256,9.14941722385265e-09,-2.7414460624693e-15,5.30608807912202e-16
0.118249997496605,7.19039938701371e-09,-4.24453122660224e-15,3.66718848755603e-15
0.118500001728535,5.38349187451104e-09,-5.46961657755629e-15,3.86336301220602e-15
0.118749998509884,3.77143072327613e-09,-6.48068465482644e-15,3.26397857004811e-15
0.119000002741814,2.39322939243891e-09,-7.40894467359064e-15,4.20758195537711e-15
0.119249999523163,1.28412713795711e-09,-8.2046254013847e-15,5.51112500362001e-15
0.119499996304512,4.7289472338008e-10,-8.68913925864247e-15,4.33110477007521e-15
0.119750000536442,-2.08754021013835e-11,-8.825839364901e-15,8.53531648723431e-16
0.119999997317791,-1.86688220438214e-10,-8.80653040183539e-15,-1.10590315659416e-15
0.120250001549721,-2.11019309664939e-11,-8.80771878906039e-15,1.16804488173652e-15
0.12049999833107,4.73042272020052e-10,-8.74211693432849e-15,5.553006547697e-15
0.120750002563,1.28495869500256e-09,-8.35172199003783e-15,7.51320934719996e-15
0.120999999344349,2.39428965542743e-09,-7.52630108843272e-15,5.53847908561864e-15
0.121250003576279,3.77214437463635e-09,-6.42756721870412e-15,2.46009602222579e-15
0.121500000357628,5.38399147487212e-09,-5.27128550702259e-15,1.24807964849404e-15
0.121749997138977,7.19131465487521e-09,-4.08214992841591e-15,1.30903584514761e-15
0.122000001370907,9.15091824538194e-09,-2.74998606040176e-15,2.07630248214911e-16
0.122249998152256,1.12142011232663e-08,-1.27775618895493e-15,-2.07457871716189e-15
0.122500002384186,1.33288660109088e-08,1.54100796738203e-16,-2.71167963063689e-15
0.122749999165535,1.54422750142658e-08,1.40799671607858e-15,-1.87186896274692e-16
0.123000003397465,1.75034990945733e-08,2.5774198262994e-15,2.90757908133726e-15
0.123250000178814,1.94630231931114e-08,3.85957465734942e-15,2.66480588612702e-15
0.123499996960163,2.1272260397609e-08,5.26836663148635e-15,-1.26654740196391e-15
0.123750001192093,2.28852492512033e-08,6.57303792761499e-15,-5.22173958532237e-15
0.123999997973442,2.42617375079135e-08,7.54589804270039e-15,-6.05225327252284e-15
0.124250002205372,2.53688856588496e-08,8.18888668219176e-15,-4.59043872995369e-15
0.124499998986721,2.61806007983978e-08,8.65200194610305e-15,-3.70336992341447e-15
0.124750003218651,2.66765791678836e-08,8.98508748821544e-15,-4.08056174163981e-15
0.125,2.68432653882655e-08,9.07783081967621e-15,-3.72894311864149e-15
0.125249996781349,2.66760533662591e-08,8.85564306618309e-15,-1.60114034508505e-15
0.125499993562698,2.61800625622755e-08,8.42908743834119e-15,1.57740801715021e-16
0.125750005245209,2.53686067708259e-08,7.96452120699126e-15,-1.15277446588431e-15
0.126000002026558,2.42613662493341e-08,7.44861546167529e-15,-4.80819734816561e-15
0.126249998807907,2.28843362037878e-08,6.68331653514982e-15,-6.99385617778867e-15
0.126499995589256,2.12709476699047e-08,5.53676596148282e-15,-5.29114715908628e-15
0.126750007271767,1.94618756665932e-08,4.12282868570779e-15,-1.46420095201893e-15
0.127000004053116,1.75027139448503e-08,2.67704170056659e-15,1.00729687483073e-15
0.127250000834465,1.54414117048418e-08,1.30478596321388e-15,1.16006170208777e-15
0.127499997615814,1.33275221969598e-08,-6.55747761473658e-17,9.56327408383536e-16
0.127749994397163,1.12126512519239e-08,-1.49097608699811e-15,1.80725448373372e-15
0.128000006079674,9.14977338339895e-09,-2.8767206122776e-15,2.44243242066022e-15
0.128250002861023,7.19067250187777e-09,-4.09000531196874e-15,1.13570431677741e-15
0.128499999642372,5.383309797935e-09,-5.14898411383444e-15,-1.09576819562203e-15
0.128749996423721,3.77105235926933e-09,-6.19877599635421e-15,-1.18173049894443e-15
0.12899999320507,2.39317654582294e-09,-7.28840595596572e-15,2.0515413268207e-15
0.129250004887581,1.28446497882351e-09,-8.25250563279414e-15,6.02293746221837e-15
0.12950000166893,4.73152739211002e-10,-8.8691049608138e-15,7.29410902879958e-15
0.129749998450279,-2.10484112778131e-11,-9.09260730944106e-15,5.49473576312359e-15
0.129999995231628,-1.87046336752594e-10,-9.0634422710012e-15,3.24725898670226e-15
0.130250006914139,-2.1151278645215e-11,-8.90187751257602e-15,2.53418726467154e-15
0.130500003695488,4.73362515851505e-10,-8.57500326306585e-15,2.57293033992072e-15
0.130750000476837,1.28520261100107e-09,-8.00139678634997e-15,1.80190949407831e-15
0.130999997258186,2.39412512037518e-09,-7.21695703279892e-15,7.20453296528683e-16
0.131249994039536,3.77180553456924e-09,-6.34963637590846e-15,1.30323409297539e-15
0.131500005722046,5.38394528959429e-09,-5.43732132885985e-15,3.79834391614183e-15
0.131750002503395,7.19161796780554e-09,-4.35842497075595e-15,5.62034947865198e-15
0.131999999284744,9.15114828359265e-09,-2.99375811921505e-15,4.23829494652808e-15
0.132249996066093,1.12140448038645e-08,-1.4128718142065e-15,3.66542946482237e-16
0.132499992847443,1.33285453784993e-08,1.65361358618121e-16,-2.79876012332879e-15
0.132750004529953,1.54422323817016e-08,1.58819514055217e-15,-3.30068326050972e-15
0.133000001311302,1.75037868643813e-08,2.88164843820649e-15,-2.26400175394755e-15
0.133249998092651,1.94632399086458e-08,4.13271271316931e-15,-1.76437714654811e-15
0.133499994874001,2.12721111836345e-08,5.32586534552834e-15,-2.00181689292685e-15
0.133750006556511,2.28849454941837e-08,6.36025774555056e-15,-1.65865748209365e-15
0.13400000333786,2.42616966517062e-08,7.2018476590858e-15,-5.69022334405336e-16
0.134250000119209,2.53691592178029e-08,7.93160465962801e-15,-5.39307042187116e-16
0.134499996900558,2.61808068557912e-08,8.60651712386844e-15,-2.90750517771261e-15
0.134749993681908,2.66764370593364e-08,9.12773291873075e-15,-6.23118940614679e-15
0.135000005364418,2.68429776184576e-08,9.31369900230043e-15,-7.53272837443648e-15
0.135250002145767,2.66760160627655e-08,9.0976844249269e-15,-5.70899274713156e-15
0.135499998927116,2.61803201340172e-08,8.59596648147744e-15,-2.71664239667486e-15
0.135749995708466,2.53688021700782e-08,7.96418917007593e-15,-1.09278166332912e-15
0.136000007390976,2.42612330225711e-08,7.23666748948153e-15,-1.17003456212962e-15
0.136250004172325,2.28840644211914e-08,6.3489066570244e-15,-1.47112311702212e-15
0.136500000953674,2.12709121427679e-08,5.28276492104025e-15,-1.26292315974085e-15
0.136749997735023,1.9462120803837e-08,4.11524774082987e-15,-1.45987335481229e-15
0.136999994516373,1.75028969096047e-08,2.90810064187453e-15,-2.721008004485e-15
0.137250006198883,1.54412838071494e-08,1.61329770309788e-15,-3.74648771207797e-15
0.137500002980232,1.3327264625218e-08,1.49418014793977e-16,-2.53392023753492e-15
0.137749999761581,1.12126192775008e-08,-1.44342302206454e-15,9.06453261416255e-16
0.137999996542931,9.15000608614491e-09,-2.98530007172024e-15,4.12027403433888e-15
0.13824999332428,7.19084569666961e-09,-4.31290880830229e-15,4.84447365171415e-15
0.13850000500679,5.38318856158071e-09,-5.41551488914926e-15,3.39943163205005e-15
0.138750001788139,3.77080855429313e-09,-6.38562722935377e-15,1.8994836661955e-15
0.138999998569489,2.39314634775667e-09,-7.26653556526761e-15,1.58245564530157e-15
0.139249995350838,1.28468524707159e-09,-8.00183300831781e-15,1.83309745895445e-15
0.139500007033348,4.73316608129437e-10,-8.53267109746092e-15,1.83969881022887e-15
0.139750003814697,-2.11637894709238e-11,-8.88108539481977e-15,2.14182148647085e-15
0.140000000596046,-1.8727711048605e-10,-9.09154597715815e-15,3.71865039778293e-15
0.140249997377396,-2.11792736126704e-11,-9.11969796419309e-15,6.00261629478079e-15
0.140499994158745,4.73571237780135e-10,-8.84333652449243e-15,6.90050552370472e-15
0.140750005841255,1.2853573760907e-09,-8.20222491001218e-15,5.14673142971121e-15
0.141000002622604,2.39401565238495e-09,-7.28755553488667e-15,1.97293561052432e-15
0.141249999403954,3.77158704267799e-09,-6.25991737558586e-15,-1.6311253908272e-16
0.141499996185303,5.38391953242012e-09,-5.19821578631122e-15,-2.07113518412416e-16
0.141749992966652,7.19181603159313e-09,-4.06559678704419e-15,7.69350443930865e-16
0.142000004649162,9.1512948330319e-09,-2.81457909889348e-15,1.35552588373237e-15
0.142250001430511,1.12139408869893e-08,-1.47397020651608e-15,1.44845238606798e-15
0.142499998211861,1.33283384329275e-08,-1.06862801591236e-16,1.6577995435972e-15
0.14274999499321,1.54422075127059e-08,1.27738751786463e-15,1.71294520011171e-15
0.14300000667572,1.75039751582062e-08,2.71192844656515e-15,4.74302133924795e-16
0.143250003457069,1.94633784644793e-08,4.16881071628244e-15,-2.30674345998248e-15
0.143500000238419,2.12720117076515e-08,5.51470583540453e-15,-5.02802442083473e-15
0.143749997019768,2.28847500949314e-08,6.60615649233616e-15,-5.69424886813518e-15
0.143999993801117,2.42616753354241e-08,7.41415816138099e-15,-4.11400471997977e-15
0.144250005483627,2.53693368534869e-08,8.02281486145424e-15,-2.06458351662605e-15
0.144500002264977,2.61809383061973e-08,8.50928536482018e-15,-1.26983738381016e-15
0.144749999046326,2.66763429124239e-08,8.85974948191138e-15,-1.78684141322136e-15
0.144999995827675,2.68427928773463e-08,9.01330130865553e-15,-2.62284090930473e-15
0.145249992609024,2.66759965228403e-08,8.94955784420991e-15,-3.33933125631057e-15
0.145500004291534,2.61804888879169e-08,8.69134069727238e-15,-4.30084451803455e-15
0.145750001072884,2.53689247387001e-08,8.23182447635398e-15,-5.43656958711916e-15
0.145999997854233,2.42611424283723e-08,7.51121627867507e-15,-5.62457236141052e-15
0.146249994635582,2.28838885618643e-08,6.49620738061782e-15,-3.89736503229117e-15
0.146500006318092,2.12708926028427e-08,5.2605387765043e-15,-9.45816258903702e-16
0.146750003099442,1.94622806759526e-08,3.94938556074679e-15,1.24321683234386e-15
0.146999999880791,1.75030141491561e-08,2.65995598722928e-15,1.37934116795649e-15
0.14724999666214,1.54411985420211e-08,1.3811520185186e-15,8.86999733649351e-17
0.147499993443489,1.33270985358536e-08,5.68842710480959e-17,-1.03274333275303e-15
0.147750005125999,1.1212600625754e-08,-1.31947362039839e-15,-1.1616057372715e-15
0.148000001907349,9.15015707647626e-09,-2.69645950736592e-15,-6.18482441080086e-16
0.148249998688698,7.19095583079365e-09,-4.02866487999448e-15,2.18553188056008e-16
0.148499995470047,5.38310773734452e-09,-5.30441381262265e-15,1.60244625813148e-15
0.148750007152557,3.77065134671284e-09,-6.49529851426542e-15,3.68092905602638e-15
0.149000003933907,2.3931296944113e-09,-7.51177532042025e-15,5.5709217180479e-15
0.149250000715256,1.28482868788637e-09,-8.24908870188492e-15,5.88171547057093e-15
0.149499997496605,4.73420636026844e-10,-8.68017172082989e-15,4.28093500860934e-15
0.149749994277954,-2.124064292508e-11,-8.87726781732649e-15,2.09389233890871e-15
0.150000005960464,-1.87425783226836e-10,-8.92940184819705e-15,1.04774883905099e-15
0.150250002741814,-2.11948392864203e-11,-8.85389817831175e-15,1.62790563330622e-15
0.150499999523163,4.73707240100651e-10,-8.60138495124103e-15,2.93981927289213e-15
0.150749996304512,1.28545563082838e-09,-8.12925556270506e-15,3.97108103914129e-15
0.150999993085861,2.39394259970993e-09,-7.44033740868177e-15,4.48292992015638e-15
0.151250004768372,3.77144626639847e-09,-6.55008629935972e-15,4.57629243270159e-15
0.151500001549721,5.3839048774762e-09,-5.45264881355689e-15,3.94776095155396e-15
0.15174999833107,7.19194481746399e-09,-4.15084345340528e-15,2.17199047071145e-15
0.151999995112419,9.15138809176597e-09,-2.71070617802226e-15,-3.31673273491518e-16
0.15225000679493,1.12138707208942e-08,-1.25219178169473e-15,-2.18364839692274e-15
0.152500003576279,1.33282052061645e-08,1.31931072537472e-16,-2.26633723554137e-15
0.152750000357628,1.54421933018511e-08,1.43705449897149e-15,-9.08625689167726e-16
0.152999997138977,1.75040977268281e-08,2.71519375857681e-15,4.29609816891461e-16
0.153249993920326,1.94634655059645e-08,3.99232716655727e-15,5.93394648671394e-16
0.153500005602837,2.12719459824484e-08,5.23207254024593e-15,-4.02765675196857e-16
0.153750002384186,2.28846239735958e-08,6.3726913421833e-15,-1.88036846191658e-15
0.153999999165535,2.42616629009262e-08,7.37054443492686e-15,-3.39929208337199e-15
0.154249995946884,2.53694523166814e-08,8.19199275200935e-15,-4.8253226602932e-15
0.154499992728233,2.61810200186119e-08,8.78365881819363e-15,-5.76028821538434e-15
0.154750004410744,2.66762807399346e-08,9.08637314694927e-15,-5.50837129950849e-15
0.155000001192093,2.6842673861438e-08,9.0906345697069e-15,-3.89794863799183e-15
0.155249997973442,2.66759840883424e-08,8.86018739794511e-15,-1.86939874997493e-15
0.155499994754791,2.6180599022041e-08,8.48082505779243e-15,-8.40698781935173e-16
0.155750006437302,2.5369002898401e-08,7.98608412472951e-15,-1.41181461120921e-15
0.156000003218651,2.42610838085966e-08,7.34238482459539e-15,-2.87188850107175e-15
0.15625,2.28837766513834e-08,6.50254403409623e-15,-4.00698591874245e-15
0.156499996781349,2.12708819447016e-08,5.45789110046745e-15,-4.16767823323196e-15
0.156749993562698,1.94623854810061e-08,4.2360816494369e-15,-3.44104106679273e-15
0.157000005245209,1.75030887561434e-08,2.87098323460938e-15,-2.08282564169459e-15
0.157250002026558,1.54411416986022e-08,1.39984423571949e-15,-2.33494081621966e-16
0.157499998807907,1.33269919544432e-08,-1.12218458567827e-16,1.73419217456064e-15
0.157749995589256,1.12125908557914e-08,-1.57250459635811e-15,2.99872130876948e-15
0.158000007271767,9.15025566428085e-09,-2.90797337517421e-15,2.85841877138628e-15
0.158250004053116,7.19102599688881e-09,-4.11093295499656e-15,1.55661574057528e-15
0.158500000834465,5.38305400255013e-09,-5.22482363228332e-15,2.80336115335872e-16
0.158749997615814,3.77055009437299e-09,-6.28100934300544e-15,1.70262344190493e-16
0.158999994397163,2.3931205905825e-09,-7.25515144245651e-15,1.38634930680384e-15
0.159250006079674,1.28492205764275e-09,-8.08353950047585e-15,3.18136808197711e-15
0.159500002861023,4.73486583274507e-10,-8.707068405037e-15,4.70801410281264e-15
0.159749999642372,-2.12917738995344e-11,-9.08945126467959e-15,5.54965399129177e-15
0.159999996423721,-1.87521526084922e-10,-9.20568281976772e-15,5.57599332781959e-15
0.16024999320507,-2.12032613688962e-11,-9.03983715682712e-15,4.6962115457256e-15
0.160500004887581,4.73795780386865e-10,-8.6078427304309e-15,3.05622743434976e-15
0.16075000166893,1.28551791434006e-09,-7.97045297872088e-15,1.35259546737223e-15
0.160999998450279,2.39389397194145e-09,-7.20248632192803e-15,5.6549851852608e-16
0.161249995231628,3.77135567219966e-09,-6.34026480338004e-15,1.14447555470446e-15
0.161500006914139,5.38389732795963e-09,-5.36361633343804e-15,2.51439761040837e-15
0.161750003695488,7.19202875032465e-09,-4.23248895919113e-15,3.51882283178967e-15
0.162000000476837,9.15144671154167e-09,-2.93718097701967e-15,3.35786306664707e-15
0.162249997258186,1.12138245356164e-08,-1.51283927791616e-15,2.06426757333672e-15
0.162499994039536,1.33281199410362e-08,-1.80900776914264e-17,1.9924017511412e-16
0.162750005722046,1.54421861964238e-08,1.48480238148293e-15,-1.66357546126452e-15
0.163000002503395,1.75041758865291e-08,2.93016161498577e-15,-3.08391037689016e-15
0.163249999284744,1.94635223493833e-08,4.25064934558026e-15,-3.66145788615138e-15
0.163499996066093,2.12719033498843e-08,5.40018528686985e-15,-3.17857414380059e-15
0.163749992847443,2.28845422611812e-08,6.37860066753982e-15,-1.96642552704996e-15
0.164000004529953,2.42616557954989e-08,7.22200280806572e-15,-9.37168052512235e-16
0.164250001311302,2.53695269236687e-08,7.95815829549148e-15,-9.88656750156101e-16
0.164499998092651,2.61810733093171e-08,8.56921887506905e-15,-2.27328650559888e-15
0.164749994874001,2.66762381073704e-08,8.99775571297457e-15,-4.07840434872315e-15
0.165000006556511,2.68425974780939e-08,9.18446972663668e-15,-5.42177022746474e-15
0.16525000333786,2.66759787592719e-08,9.09748028998661e-15,-5.72650938848078e-15
0.165500000119209,2.61806700763145e-08,8.73462069274529e-15,-4.99376913789835e-15
0.165749996900558,2.53690526363926e-08,8.11554802851965e-15,-3.56047377114677e-15
0.165999993681908,2.42610429523893e-08,7.28161698689347e-15,-1.89753485514211e-15
0.166250005364418,2.2883703820753e-08,6.29451189521762e-15,-5.83473722337119e-16
0.166500002145767,2.12708766156311e-08,5.21578494370317e-15,-1.70946998274781e-16
0.166749998927116,1.9462452982566e-08,4.07539484066155e-15,-8.06365095511608e-16
0.166999995708466,1.75031349414212e-08,2.86116739330012e-15,-1.95171192948144e-15
0.167250007390976,1.54411043951086e-08,1.54543045874855e-15,-2.63855633509161e-15
0.167500004172325,1.33269235647049e-08,1.25935111592316e-16,-2.14908542926827e-15
0.167750000953674,1.12125855267209e-08,-1.35585707361475e-15,-5.19085718758195e-16
0.167999997735023,9.15031961312707e-09,-2.82925436822113e-15,1.56938275055189e-15
0.168249994516373,7.19106996172059e-09,-4.21992407245156e-15,3.3109001719195e-15
0.168500006198883,5.38301803132413e-09,-5.46516118425373e-15,4.19826882812205e-15
0.168750002980232,3.77048525734835e-09,-6.52035247829578e-15,4.11094057829308e-15
0.168999999761581,2.39311570560119e-09,-7.36719018445573e-15,3.25278841778194e-15
0.169249996542931,1.2849828978645e-09,-8.01913026813369e-15,2.12476753686907e-15
0.16949999332428,4.73528438682536e-10,-8.5086314553849e-15,1.42518047347952e-15
0.16975000500679,-2.13257536629818e-11,-8.85620041386238e-15,1.71102582345324e-15
0.170000001788139,-1.87583185096152e-10,-9.04563425031812e-15,2.97601277897007e-15
0.170249998569489,-2.12076432803965e-11,-9.0292306102616e-15,4.55327642994233e-15
0.170499995350838,4.73853400961843e-10,-8.75865525262363e-15,5.52321512839265e-15
0.170750007033348,1.28555743827974e-09,-8.21440016159601e-15,5.31572085543555e-15
0.171000003814697,2.39386155342913e-09,-7.41410141017352e-15,4.015793367328e-15
0.171250000596046,3.77129705242396e-09,-6.40349327179373e-15,2.2036254572255e-15
0.171499997377396,5.38389333115674e-09,-5.24346936855123e-15,5.76462936511813e-16
0.171749994158745,7.19208337329746e-09,-3.99712857281878e-15,-3.42038256848391e-16
0.172000005841255,9.15148401503529e-09,-2.71323626543571e-15,-3.44069097748772e-16
0.172250002622604,1.12137943375501e-08,-1.41098600122856e-15,3.8121834815879e-16
0.172499999403954,1.33280648739742e-08,-8.08551049320455e-17,1.25217865268404e-15
0.172749996185303,1.54421826437101e-08,1.29223897004532e-15,1.52019681785425e-15
0.172999992966652,1.75042291772343e-08,2.6986831806107e-15,7.00725846247571e-16
0.173250004649162,1.94635578765201e-08,4.09081888711458e-15,-1.07692732413889e-15
0.173500001430511,2.1271873151818e-08,5.39532120017025e-15,-3.11175827909704e-15
0.173749998211861,2.28844907468329e-08,6.5386013796279e-15,-4.56147994403648e-15
0.17399999499321,2.42616522427852e-08,7.46745008629044e-15,-4.92954582928811e-15
0.17425000667572,2.53695766616602e-08,8.15827660554389e-15,-4.27578885993829e-15
0.174500003457069,2.6181107060097e-08,8.61743368449266e-15,-3.09669400988836e-15
0.174750000238419,2.66762114620178e-08,8.87321730577272e-15,-2.04943179126556e-15
0.174999997019768,2.68425477401024e-08,8.95779608665491e-15,-1.68173595353278e-15
0.175249993801117,2.66759752065582e-08,8.88468274374676e-15,-2.21354696589493e-15
0.175500005483627,2.61807162615924e-08,8.63688918425814e-15,-3.40342708646225e-15
0.175750002264977,2.53690846108157e-08,8.17712393565324e-15,-4.60245812747523e-15
0.175999999046326,2.42610180833935e-08,7.47421110327542e-15,-5.06174819059672e-15
0.176249995827675,2.28836558591183e-08,6.52698644033867e-15,-4.36408103326124e-15
0.176499992609024,2.12708730629174e-08,5.3712032075466e-15,-2.69114712847897e-15
0.176750004291534,1.9462497391487e-08,4.06951431442524e-15,-7.22129151214826e-16
0.177000001072884,1.75031651394875e-08,2.69338816589917e-15,7.63911751255664e-16
0.177249997854233,1.54410795261128e-08,1.30439082234398e-15,1.30241120046713e-15
0.177499994635582,1.33268791557839e-08,-6.05194452901357e-17,9.33336287217094e-16
0.177750006318092,1.12125828621856e-08,-1.39360022646969e-15,1.2341747821017e-16
0.178000003099442,9.15036135751279e-09,-2.70526039144613e-15,-4.75225876293335e-16
0.178249999880791,7.19109793934081e-09,-4.00062766592389e-15,-3.13494887652256e-16
0.17849999666214,5.38299449459601e-09,-5.25812473260463e-15,8.01018305911184e-16
0.178749993443489,3.77044306887342e-09,-6.42489991195322e-15,2.57571284315245e-15
0.179000005125999,2.39311348515514e-09,-7.43157146471064e-15,4.33006715471482e-15
0.179250001907349,1.28502253282647e-09,-8.2156063365129e-15,5.32859829733266e-15
0.179499998688698,4.73554917501673e-10,-8.74025092074569e-15,5.18817124610621e-15
0.179749995470047,-2.13483137417869e-11,-9.0023449374828e-15,4.10097989434984e-15
0.180000007152557,-1.87622861691494e-10,-9.02811591490301e-15,2.71755295709315e-15
0.180250003933907,-2.12097856638893e-11,-8.85810539096076e-15,1.77106203644696e-15
0.180500000715256,4.73890926500076e-10,-8.5256746053166e-15,1.69101255249199e-15
0.180749997496605,1.2855825293201e-09,-8.03952428040473e-15,2.42089470215215e-15
0.180999994277954,2.39384023714706e-09,-7.38202003729626e-15,3.48784895449095e-15
0.181250005960464,3.77125974893033e-09,-6.52598482387854e-15,4.2386045370703e-15
0.181500002741814,5.38389111071069e-09,-5.45925948219374e-15,4.13067051673347e-15
0.181749999523163,7.19211890043425e-09,-4.20140877925752e-15,2.98767197573079e-15
0.181999996304512,9.15150799585263e-09,-2.8043990334169e-15,1.12025687103921e-15
0.182249993085861,1.12137739094464e-08,-1.3398945259655e-15,-7.84180085013157e-16
0.182500004768372,1.33280293468374e-08,1.19560844557092e-16,-2.00265863191818e-15
0.182750001549721,1.54421808673533e-08,1.51905755854019e-15,-2.17771768398431e-15
0.18299999833107,1.75042611516574e-08,2.83317909538223e-15,-1.51984085225817e-15
0.183249995112419,1.94635791928022e-08,4.0642444989439e-15,-6.69372762886276e-16
0.18350000679493,2.12718536118928e-08,5.22486810151305e-15,-3.18910339860967e-16
0.183750003576279,2.28844569960529e-08,6.31371074400009e-15,-8.49714865323544e-16
0.184000000357628,2.42616504664284e-08,7.30037622557632e-15,-2.17677239521517e-15
0.184249997138977,2.53696086360833e-08,8.1295825174227e-15,-3.82372737598867e-15
0.184499993920326,2.61811266000223e-08,8.7405702521668e-15,-5.14023299293988e-15
0.184750005602837,2.66761919220926e-08,9.08870418162011e-15,-5.57732189899736e-15
0.185000002384186,2.68425157656793e-08,9.15893337734286e-15,-4.94929779058513e-15
0.185249999165535,2.66759734302013e-08,8.96824508509224e-15,-3.56815339536305e-15
0.185499995946884,2.61807464596586e-08,8.55773226127133e-15,-2.12517474795846e-15
0.185749992728233,2.53691041507409e-08,7.97543522651663e-15,-1.32359549447796e-15
0.186000004410744,2.42610003198251e-08,7.25522344025703e-15,-1.47120623213007e-15
0.186250001192093,2.28836256610521e-08,6.4033331825667e-15,-2.31188219711523e-15
0.186499997973442,2.12708730629174e-08,5.40330914437933e-15,-3.20447979945942e-15
0.186749994754791,1.94625258131964e-08,4.23782653730825e-15,-3.49801271458329e-15
0.187000006437302,1.75031829030559e-08,2.91254756484762e-15,-2.84973096620453e-15
0.187250003218651,1.54410617625445e-08,1.46634563944137e-15,-1.34614340565475e-15
0.1875,1.33268507340745e-08,-3.58841967771263e-17,5.55644296036401e-16
0.187749996781349,1.12125819740072e-08,-1.52016081895399e-15,2.20762429976949e-15
0.187999993562698,9.1503888910438e-09,-2.92115405486643e-15,3.04243202049607e-15
0.188250005245209,7.1911157029092e-09,-4.19619698553307e-15,2.86805715929309e-15
0.188500002026558,5.38297850738445e-09,-5.33203386296672e-15,2.01721891652325e-15
0.188749998807907,3.77041642352083e-09,-6.33902178252994e-15,1.19393613783525e-15
0.188999995589256,2.39311237493212e-09,-7.23160392652284e-15,1.06384818252122e-15
0.189250007271767,1.28504829000065e-09,-8.00503818099022e-15,1.86028615777013e-15
0.189500004053116,4.73571681869345e-10,-8.62490790321923e-15,3.27813376114615e-15
0.189750000834465,-2.13632739970437e-11,-9.03783561797275e-15,4.68876697315218e-15
0.189999997615814,-1.87648396821061e-10,-9.19528803143901e-15,5.48007489335604e-15
0.190249994397163,-2.12107241492898e-11,-9.07397851383209e-15,5.31529691544545e-15
0.190500006079674,4.73915351406617e-10,-8.6828534271409e-15,4.24687793138261e-15
0.190750002861023,1.28559829448704e-09,-8.05800908041266e-15,2.70460055278021e-15
0.190999999642372,2.39382602629234e-09,-7.2507146838788e-15,1.34414779603102e-15
0.191249996423721,3.771235768113e-09,-6.31118277416901e-15,7.42959544272381e-16
0.19149999320507,5.38389022253227e-09,-5.27152394679724e-15,1.0619607813565e-15
0.191750004887581,7.19214199307316e-09,-4.13696481856452e-15,1.91329178554341e-15
0.19200000166893,9.15152220670734e-09,-2.89451995087297e-15,2.57893114483554e-15
0.192249998450279,1.12137605867701e-08,-1.53668007900782e-15,2.44730201307399e-15
0.192499995231628,1.33280062541985e-08,-8.39871416034163e-17,1.35367151685259e-15
0.192750006914139,1.54421808673533e-08,1.40983721279384e-15,-3.83274732396486e-16
0.193000003695488,1.75042842442963e-08,2.87203059084866e-15,-2.17470881119742e-15
0.193250000476837,1.94635934036569e-08,4.23215946337464e-15,-3.43615368668707e-15
0.193499997258186,2.12718411773949e-08,5.43834793279192e-15,-3.80744697922597e-15
0.193749994039536,2.28844356797708e-08,6.46471893080364e-15,-3.30250692244516e-15
0.194000005722046,2.42616504664284e-08,7.31113693213823e-15,-2.34896614657897e-15
0.194250002503395,2.53696299523654e-08,7.99419615926536e-15,-1.62400314075999e-15
0.194499999284744,2.6181140810877e-08,8.52898311600857e-15,-1.68892323984846e-15
0.194749996066093,2.66761794875947e-08,8.90949064470594e-15,-2.6326395981968e-15
0.194999992847443,2.68424944493972e-08,9.10225077954555e-15,-4.00102450085968e-15
0.195250004529953,2.66759734302013e-08,9.06079868117282e-15,-5.08133413343608e-15
0.195500001311302,2.61807659995839e-08,8.75173329937867e-15,-5.32074121971393e-15
0.195749998092651,2.53691165852388e-08,8.17378239067633e-15,-4.58606761642938e-15
0.195999994874001,2.42609878853273e-08,7.3589494009119e-15,-3.16101959772698e-15
0.196250006556511,2.28836061211268e-08,6.35984778160409e-15,-1.58093617407332e-15
0.19650000333786,2.12708712865606e-08,5.23354002482704e-15,-4.21572982999455e-16
0.196750000119209,1.94625435767648e-08,4.02754086727347e-15,-7.03908201969965e-17
0.196999996900558,1.75031953375537e-08,2.76931386995044e-15,-5.15405784118849e-16
0.197249993681908,1.54410511044034e-08,1.463350636819e-15,-1.28748097422235e-15
0.197500005364418,1.33268320823277e-08,1.01845183552493e-16,-1.68307310091913e-15
0.197750002145767,1.12125819740072e-08,-1.31303002901038e-15,-1.1844522275622e-15
0.197999998927116,9.1504066546122e-09,-2.74959261359776e-15,2.15567026340022e-16
0.198249995708466,7.19112724922866e-09,-4.14553636847426e-15,2.02746081540497e-15
0.198500007390976,5.38296829333262e-09,-5.42670292383307e-15,3.57777314854502e-15
0.198750004172325,3.77039865995243e-09,-6.53152823100185e-15,4.36368716294076e-15
0.199000000953674,2.39311193084291e-09,-7.42562952858565e-15,4.2423077651157e-15
0.199249997735023,1.28506505436832e-09,-8.10250202706603e-15,3.44099447998063e-15
0.199499994516373,4.7358228449923e-10,-8.5756351496445e-15,2.46148388570986e-15
0.199750006198883,-2.13731862069855e-11,-8.86652574548941e-15,1.89239272987756e-15
0.200000002980232,-1.87664814244037e-10,-8.98968603008608e-15,2.12722859109732e-15
0.200249999761581,-2.12110398689624e-11,-8.9391198572009e-15,3.10550738770454e-15
0.200499996542931,4.7393122759587e-10,-8.68641943584884e-15,4.29010922246105e-15
0.20074999332428,1.28560828649427e-09,-8.19660992860483e-15,4.966675518531e-15
0.20100000500679,2.39381647837433e-09,-7.45352062947284e-15,4.67619446311608e-15
0.201250001788139,3.77122022499066e-09,-6.47649014767163e-15,3.46488779711502e-15
0.201499998569489,5.38389022253227e-09,-5.31687112617792e-15,1.80346930525068e-15
0.201749995350838,7.1921570921063e-09,-4.03939551688677e-15,3.00532742460424e-16
0.202000007033348,9.15153197666996e-09,-2.70259266117875e-15,-5.72331798009377e-16
0.202250003814697,1.1213751704986e-08,-1.34737308573593e-15,-6.43957380485233e-16
0.202500000596046,1.33279911551654e-08,6.08911968010293e-18,-1.08966493942525e-16
0.202749997377396,1.54421808673533e-08,1.35466963930181e-15,5.18525088826231e-16
0.202999994158745,1.7504298455151e-08,2.70043611529504e-15,6.2247625436595e-16
0.203250005841255,1.94636022854411e-08,4.03224020606484e-15,-1.67525646912363e-16
0.203500002622604,2.12718322956107e-08,5.31126080345178e-15,-1.71595671987656e-15
0.203749999403954,2.28844214689161e-08,6.47342939411673e-15,-3.43335233697227e-15
0.203999996185303,2.42616504664284e-08,7.45019433108897e-15,-4.62928493146419e-15
0.204249992966652,2.53696423868632e-08,8.19362074933397e-15,-4.90377104021963e-15
0.204500004649162,2.61811496926612e-08,8.68887413732998e-15,-4.31344582719085e-15
0.204750001430511,2.66761723821674e-08,8.94912416334092e-15,-3.27241798281808e-15
0.204999998211861,2.68424820148994e-08,9.00091175773604e-15,-2.33017514416061e-15
0.20524999499321,2.66759734302013e-08,8.86956405267121e-15,-1.95152028827712e-15
0.20550000667572,2.61807802104386e-08,8.56820412959824e-15,-2.32652676149855e-15
0.205750003457069,2.5369125467023e-08,8.09158377237593e-15,-3.24403666161267e-15
0.206000000238419,2.42609807798999e-08,7.41910991599063e-15,-4.13728542053506e-15
0.206249997019768,2.2883593686629e-08,6.53052153234404e-15,-4.36694739275475e-15
0.206499993801117,2.12708712865606e-08,5.42780025501624e-15,-3.60693479885309e-15
0.206750005483627,1.94625560112627e-08,4.14800165786725e-15,-2.05509187717735e-15
0.207000002264977,1.75032024429811e-08,2.75618718860861e-15,-3.04059893531909e-16
0.207249999046326,1.54410439989761e-08,1.32332846734134e-15,1.01516951667987e-15
0.207499995827675,1.33268205360082e-08,-9.50035065316179e-17,1.55039703643477e-15
0.207749992609024,1.12125810858288e-08,-1.46736578474722e-15,1.34030332524167e-15
0.208000004291534,9.15041820093165e-09,-2.78270016689061e-15,7.47246219199758e-16
0.208250001072884,7.19113435465601e-09,-4.04027897225076e-15,3.00257006766313e-16
0.208499997854233,5.38296118790527e-09,-5.2370848577113e-15,4.80224588291997e-16
0.208749994635582,3.77038755772219e-09,-6.35458685996869e-15,1.47316584285355e-15
0.209000006318092,2.39311193084291e-09,-7.35085684813383e-15,3.01380484797771e-15
0.209250003099442,1.28507593455396e-09,-8.16645724974847e-15,4.47875193014405e-15
0.209499999880791,4.73589001348529e-10,-8.74494009514169e-15,5.23256339583886e-15
0.20974999666214,-2.13797469311716e-11,-9.05587826678222e-15,5.00243513198171e-15
0.209999993443489,-1.87675361362771e-10,-9.10434549202411e-15,4.0126009001498e-15
0.210250005125999,-2.12110554814737e-11,-8.92141263343854e-15,2.81166022335724e-15
0.210500001907349,4.73941552669999e-10,-8.54472607036624e-15,1.95986313929111e-15
0.210749998688698,1.28561461476551e-09,-8.00228871204343e-15,1.78174523949421e-15
0.210999995470047,2.3938102611254e-09,-7.30549653974247e-15,2.25925032262993e-15
0.211250007152557,3.77121001093883e-09,-6.45033038212863e-15,3.04269587125914e-15
0.211500003933907,5.38389022253227e-09,-5.4253663058423e-15,3.57686978790677e-15
0.211750000715256,7.19216686206892e-09,-4.22638693383911e-15,3.35523239407113e-15
0.211999997496605,9.1515381939189e-09,-2.8729091757732e-15,2.21641501945433e-15
0.212249994277954,1.1213745487737e-08,-1.41570376298653e-15,4.82815609138088e-16
0.212500005960464,1.33279822733812e-08,7.30946618611955e-17,-1.20100494541744e-15
0.212750002741814,1.54421808673533e-08,1.52294099284512e-15,-2.24185480699217e-15
0.212999999523163,1.75043073369352e-08,2.88564325734398e-15,-2.41914155570957e-15
0.213249996304512,1.94636076145116e-08,4.14116694901585e-15,-1.9526383717675e-15
0.213499993085861,2.12718269665402e-08,5.28836804398634e-15,-1.33393035522565e-15
0.213750004768372,2.28844125871319e-08,6.32984756867823e-15,-1.07642588063412e-15
0.214000001549721,2.42616504664284e-08,7.25905965247515e-15,-1.50219535602185e-15
0.21424999833107,2.53696512686474e-08,8.0525838343855e-15,-2.60047161620069e-15
0.214499995112419,2.61811550217317e-08,8.66933732240156e-15,-3.99380523905023e-15
0.21475000679493,2.66761670530968e-08,9.05982882844821e-15,-5.07930210139561e-15
0.215000003576279,2.68424731331152e-08,9.18480599871674e-15,-5.33830656545761e-15
0.215250000357628,2.66759734302013e-08,9.03387573894434e-15,-4.64697987324881e-15
0.215499997138977,2.61807873158659e-08,8.63092861340831e-15,-3.36041475340067e-15
0.215749993920326,2.53691307960935e-08,8.02154346500042e-15,-2.09675319268806e-15
0.216000005602837,2.42609754508294e-08,7.25125932606388e-15,-1.38156145306948e-15
0.216250002384186,2.28835865812016e-08,6.34924801130215e-15,-1.39381420816799e-15
0.216499999165535,2.12708712865606e-08,5.32512038005123e-15,-1.92868830342565e-15
0.216749995946884,1.94625648930469e-08,4.17647509390567e-15,-2.5272890283491e-15
0.216999992728233,1.75032077720516e-08,2.90118419434373e-15,-2.67904175711329e-15
0.217250004410744,1.54410386699055e-08,1.51043296319213e-15,-2.04410310699439e-15
0.217500001192093,1.33268125424024e-08,3.89515413071505e-17,-6.40791965421785e-16
0.217749997973442,1.12125819740072e-08,-1.45360901677175e-15,1.11130299163291e-15
0.217999994754791,9.15042530635901e-09,-2.89485897581011e-15,2.57934957911148e-15
0.218250006437302,7.19113879554811e-09,-4.22127720758479e-15,3.26567665934912e-15
0.218500003218651,5.38295674701317e-09,-5.39613731641493e-15,3.09094900892361e-15
0.21875,3.77038045229483e-09,-6.41195767203564e-15,2.41562785128612e-15
0.218999996781349,2.39311215288751e-09,-7.27733947050984e-15,1.80600913354302e-15
0.219249993562698,1.28508303998132e-09,-7.9987210092696e-15,1.72642287073107e-15
0.219500005245209,4.73593220196022e-10,-8.56800931202037e-15,2.33489438822624e-15
0.219750002026558,-2.13840837398616e-11,-8.96000853671313e-15,3.43681352535298e-15
0.219999998807907,-1.87682147601009e-10,-9.13820986925534e-15,4.56956487351803e-15
0.220249995589256,-2.12109427244478e-11,-9.06696846916062e-15,5.19267407325381e-15
0.220500007271767,4.73948269519298e-10,-8.72731757467406e-15,4.94680624317078e-15
0.220750004053116,1.2856187225907e-09,-8.12965875038795e-15,3.8689983224041e-15
0.221000000834465,2.39380626432251e-09,-7.31430822349275e-15,2.40801514267267e-15
0.221249997615814,3.77120379368989e-09,-6.33688514192049e-15,1.186171598566e-15
0.221499994397163,5.38389022253227e-09,-5.2467266337499e-15,6.47393263756652e-16
0.221750006079674,7.19217352340706e-09,-4.07222693743882e-15,8.26293186722101e-16
0.222000002861023,9.15154174663257e-09,-2.8211821442338e-15,1.36997076009837e-15
0.222249999642372,1.12137419350233e-08,-1.49307979920173e-15,1.75433281810134e-15
0.222499996423721,1.33279760561322e-08,-9.42671040282089e-17,1.5420605381679e-15
0.22274999320507,1.54421808673533e-08,1.35102337422212e-15,5.71376927180025e-16
0.223000004887581,1.75043126660057e-08,2.79673465579367e-15,-9.65898245412799e-16
0.22325000166893,1.94636111672253e-08,4.17973532371965e-15,-2.58346171231217e-15
0.223499998450279,2.12718234138265e-08,5.43374473224007e-15,-3.71174157354865e-15
0.223749995231628,2.28844072580614e-08,6.50800782012249e-15,-3.99369681883298e-15
0.224000006914139,2.42616504664284e-08,7.38055551733046e-15,-3.49519950640722e-15
0.224250003695488,2.53696565977179e-08,8.05685796263734e-15,-2.67324635768818e-15
0.224500000476837,2.61811585744454e-08,8.55431363629621e-15,-2.10856337307162e-15
0.224749997258186,2.66761635003832e-08,8.88316147257349e-15,-2.18205195157541e-15
0.224999994039536,2.68424678040446e-08,9.03570363604451e-15,-2.8949176328417e-15
0.225250005722046,2.66759734302013e-08,8.98823929781217e-15,-3.90195298624997e-15
0.225500002503395,2.61807926449364e-08,8.7121124862379e-15,-4.69267348910491e-15
0.225749999284744,2.53691325724503e-08,8.18787024265506e-15,-4.82034168304687e-15
0.225999996066093,2.42609718981157e-08,7.41769537096872e-15,-4.10508122788045e-15
0.226249992847443,2.28835812521311e-08,6.43156055553395e-15,-2.7414765556554e-15
0.226500004529953,2.12708730629174e-08,5.28263786609817e-15,-1.23511083291775e-15
0.226750001311302,1.94625684457606e-08,4.03156257970704e-15,-1.55509491938826e-16
0.226999998092651,1.75032113247653e-08,2.72700436247685e-15,1.75243797892855e-16
0.227249994874001,1.54410368935487e-08,1.3943227455737e-15,-1.39542881178413e-16
0.227500006556511,1.33268081015103e-08,3.92983152722674e-17,-6.45955795905602e-16
0.22775000333786,1.12125819740072e-08,-1.33664933098633e-15,-8.06745889760958e-16
0.228000000119209,9.15043063542953e-09,-2.72021624043756e-15,-2.83225159430499e-16
0.228249996900558,7.19114146008337e-09,-4.07771062873935e-15,9.14892144790631e-16
0.228499993681908,5.3829536383887e-09,-5.35678162458665e-15,2.44848976502427e-15
0.228750005364418,3.77037601140273e-09,-6.49644031467831e-15,3.79990415083067e-15
0.229000002145767,2.39311215288751e-09,-7.44196286490756e-15,4.50081290325529e-15
0.229249998927116,1.28508759189572e-09,-8.15965642221497e-15,4.36126464871162e-15
0.229499995708466,4.73595884731282e-10,-8.64436594408356e-15,3.58665683009582e-15
0.229750007390976,-2.13869477683204e-11,-8.91412137382858e-15,2.68707290000268e-15
0.230000004172325,-1.87686505226381e-10,-8.99361202779661e-15,2.20111421629513e-15
0.230250000953674,-2.12107900687819e-11,-8.89633452896919e-15,2.39581638592455e-15
0.230499997735023,4.73952654900245e-10,-8.61653752363446e-15,3.13090927051799e-15
0.230749994516373,1.28562116508135e-09,-8.13494000081409e-15,3.95640449926422e-15
0.231000006198883,2.39380359978725e-09,-7.43327061280283e-15,4.35840887712995e-15
0.231250002980232,3.77119935279779e-09,-6.50906025855946e-15,4.00671486819933e-15
0.231499999761581,5.38389022253227e-09,-5.38434450020678e-15,2.90024229370638e-15
0.231749996542931,7.19217752020995e-09,-4.1055365080896e-15,1.37096072985547e-15
0.23199999332428,9.15154441116783e-09,-2.73409296945419e-15,-5.58244012205092e-17
0.23225000500679,1.12137392704881e-08,-1.33051533014056e-15,-9.07251166452569e-16
0.232500001788139,1.33279716152401e-08,6.15192154831367e-17,-1.00984411466136e-15
0.232749998569489,1.54421808673533e-08,1.42197688899389e-15,-5.92204302682706e-16
0.232999995350838,1.75043179950762e-08,2.74753961749185e-15,-1.60821619362862e-16
0.233250007033348,1.9463614719939e-08,4.03514383500803e-15,-2.14152587197226e-16
0.233500003814697,2.12718216374697e-08,5.26653365218849e-15,-9.71474051546337e-16
0.233750000596046,2.28844037053477e-08,6.4028321625784e-15,-2.27081507521703e-15
0.233999997377396,2.42616504664284e-08,7.390968940384e-15,-3.66687000316786e-15
0.234249994158745,2.53696601504316e-08,8.17750001828182e-15,-4.65013168284554e-15
0.234500005841255,2.61811603508022e-08,8.72347035102763e-15,-4.87889029442698e-15
0.234750002622604,2.66761617240263e-08,9.01474465279765e-15,-4.33656177983789e-15
0.234999999403954,2.6842464251331e-08,9.0635032573734e-15,-3.35034374341606e-15
0.235249996185303,2.66759734302013e-08,8.89908908011366e-15,-2.44249891274658e-15
0.235499992966652,2.61807961976501e-08,8.55157687284364e-15,-2.06341270533471e-15
0.235750004649162,2.53691343488072e-08,8.03679514024868e-15,-2.34500647930879e-15
0.236000001430511,2.42609701217589e-08,7.35191479228495e-15,-3.0267621227301e-15
0.236249998211861,2.28835776994174e-08,6.48423838155664e-15,-3.60446781539421e-15
0.23649999499321,2.12708730629174e-08,5.42737335041082e-15,-3.60678275643906e-15
0.23675000667572,1.94625719984742e-08,4.19512421830537e-15,-2.83519058687373e-15
0.237000003457069,1.75032131011221e-08,2.82625756565374e-15,-1.45017016888501e-15
0.237250000238419,1.5441033340835e-08,1.37890155785687e-15,1.13668221631501e-16
0.237499997019768,1.33268045487966e-08,-8.24726136065011e-17,1.34870959784758e-15
0.237749993801117,1.12125819740072e-08,-1.50242437255496e-15,1.90825299829843e-15
0.238000005483627,9.15043329996479e-09,-2.84601630321435e-15,1.77725723542318e-15
0.238250002264977,7.19114323644021e-09,-4.10055256622795e-15,1.28943613802285e-15
0.238499999046326,5.38295186203186e-09,-5.26579588649143e-15,9.58484483662837e-16
0.238749995827675,3.77037290277826e-09,-6.33769490541807e-15,1.19940405314713e-15
0.238999992609024,2.39311237493212e-09,-7.29534908503436e-15,2.09869035703843e-15
0.239250004291534,1.28509058949788e-09,-8.09912998890302e-15,3.36959616703244e-15
0.239500001072884,4.7359760557697e-10,-8.70069702320776e-15,4.50968769096015e-15
0.239749997854233,-2.13888368821857e-11,-9.05884796429529e-15,5.05815846496625e-15
0.239999994635582,-1.87689308539518e-10,-9.15312950758827e-15,4.81413801374118e-15
0.240250006318092,-2.12106391478395e-11,-8.98955389294631e-15,3.92255960379078e-15
0.240500003099442,4.73955485968958e-10,-8.596519593992e-15,2.80287098598005e-15
0.240749999880791,1.28562283041589e-09,-8.0125555983971e-15,1.95179430343556e-15
0.24099999666214,2.3938016013858e-09,-7.27093336032976e-15,1.69933274537463e-15
0.241249993443489,3.77119668826253e-09,-6.38863970203068e-15,2.03406237843764e-15
0.241500005125999,5.38389066662148e-09,-5.36611719821481e-15,2.60148826749563e-15
0.241750001907349,7.19218018474521e-09,-4.19840520042656e-15,2.8921812929056e-15
0.241999998688698,9.15154529934625e-09,-2.89124299215828e-15,2.51855018943228e-15
0.242249995470047,1.12137374941312e-08,-1.47263136506383e-15,1.42086420533855e-15
0.242500007152557,1.33279698388833e-08,6.44471263132059e-18,-1.07664253578016e-16
0.242750003933907,1.54421808673533e-08,1.4819174931437e-15,-1.57415684000085e-15
0.243000000715256,1.75043197714331e-08,2.89186662016569e-15,-2.52509436598277e-15
0.243249997496605,1.9463614719939e-08,4.19030078918723e-15,-2.75579776521111e-15
0.243499994277954,2.12718198611128e-08,5.35388943058825e-15,-2.40244039533032e-15
0.243750005960464,2.2884400152634e-08,6.37871925215244e-15,-1.87578347257309e-15
0.244000002741814,2.42616504664284e-08,7.26826266544706e-15,-1.65676182235769e-15
0.244249999523163,2.53696637031453e-08,8.01843061891926e-15,-2.04440443896537e-15
0.244499996304512,2.6181162127159e-08,8.60810954580928e-15,-2.98923898668321e-15
0.244749993085861,2.66761599476695e-08,9.00105405927118e-15,-4.11235851144678e-15
0.245000004768372,2.68424624749741e-08,9.15837433559767e-15,-4.90436904548039e-15
0.245250001549721,2.66759734302013e-08,9.05462550505323e-15,-4.99021710523404e-15
0.24549999833107,2.61807997503638e-08,8.68896985205302e-15,-4.31405611442935e-15
0.245749995112419,2.5369136125164e-08,8.08632200370758e-15,-3.15646997200904e-15
0.24600000679493,2.4260968345402e-08,7.28865413661926e-15,-1.99058417725507e-15
0.246250003576279,2.28835759230606e-08,6.34074125941287e-15,-1.2537073353956e-15
0.246500000357628,2.12708730629174e-08,5.27667178953418e-15,-1.13791877853889e-15
0.246749997138977,1.94625755511879e-08,4.11328728307345e-15,-1.49461229356155e-15
0.246999993920326,1.75032131011221e-08,2.85407666874042e-15,-1.90611106373306e-15
0.247250005602837,1.5441033340835e-08,1.50187909509517e-15,-1.90099265539104e-15
0.247500002384186,1.33268027724398e-08,7.35325712774811e-17,-1.20666619599953e-15
0.247749999165535,1.12125819740072e-08,-1.39201288672653e-15,9.9863258804816e-17
0.247999995946884,9.15043596450005e-09,-2.83693780408567e-15,1.62853667285193e-15
0.248249992728233,7.19114456870784e-09,-4.19743111253722e-15,2.87611456020384e-15
0.248500004410744,5.38295052976423e-09,-5.41948747367189e-15,3.47593734191195e-15
0.248750001192093,3.77037112642142e-09,-6.47013358891896e-15,3.369101288033e-15
0.248999997973442,2.39311259697672e-09,-7.33944053807074e-15,2.82128632928631e-15
0.249249994754791,1.28509258789933e-09,-8.03296485726119e-15,2.28571607882512e-15
0.249500006437302,4.73598660288843e-10,-8.55832687840031e-15,2.17714890136023e-15
0.249750003218651,-2.13900824136415e-11,-8.91248914133922e-15,2.66043413732801e-15
0.25,-1.87691098774145e-10,-9.07647133179586e-15,3.55863698020065e-15
0.25025001168251,-2.12105055741318e-11,-9.02089411199472e-15,4.43631515597014e-15
0.250499993562698,4.739573733481e-10,-8.71983319155212e-15,4.82284763002132e-15
0.250750005245209,1.28562382961661e-09,-8.16557294735154e-15,4.45797632953027e-15
0.250999987125397,2.39380049116278e-09,-7.37632458775892e-15,3.42554078737445e-15
0.251249998807907,3.77119535599491e-09,-6.39305359071882e-15,2.10665881948972e-15
0.251500010490417,5.38389066662148e-09,-5.26741626051953e-15,9.85066495130045e-16
0.251749992370605,7.19218196110205e-09,-4.04687354726161e-15,4.09868708204074e-16
0.252000004053116,9.15154618752467e-09,-2.76384838985828e-15,4.3122942329595e-16
0.252249985933304,1.12137366059528e-08,-1.43369304872031e-15,7.82783910018286e-16
0.252499997615814,1.33279680625265e-08,-6.22468763418322e-17,1.01791400930809e-15
0.252750009298325,1.54421808673533e-08,1.34078105182392e-15,7.38252952761404e-16
0.252999991178513,1.75043215477899e-08,2.74965847040941e-15,-1.9564425555523e-16
0.253250002861023,1.94636164962958e-08,4.11861512031168e-15,-1.58200248267479e-15
0.253500014543533,2.1271818084756e-08,5.38871900186287e-15,-2.97321629969471e-15
0.253749996423721,2.28843983762772e-08,6.50239326223162e-15,-3.90132914648432e-15
0.254000008106232,2.42616504664284e-08,7.41820020260528e-15,-4.11244279122504e-15
0.25424998998642,2.53696654795021e-08,8.1186769682268e-15,-3.68665118710156e-15
0.25450000166893,2.6181162127159e-08,8.60794183328573e-15,-2.98701954860316e-15
0.25475001335144,2.66761581713126e-08,8.90084667347921e-15,-2.47107102812336e-15
0.254999995231628,2.68424606986173e-08,9.00925672633239e-15,-2.4612528574735e-15
0.255250006914139,2.66759734302013e-08,8.93219536285709e-15,-2.98421417548186e-15
0.255499988794327,2.61807997503638e-08,8.65485898823414e-15,-3.75541586285851e-15
0.255750000476837,2.53691379015208e-08,8.15730082358865e-15,-4.319738434956e-15
0.256000012159348,2.4260968345402e-08,7.4285772032421e-15,-4.28288530197039e-15
0.256249994039536,2.28835741467037e-08,6.47893426124094e-15,-3.51701843985378e-15
0.256500005722046,2.12708730629174e-08,5.34343831456855e-15,-2.23114894581358e-15
0.256749987602234,1.94625755511879e-08,4.07496708902319e-15,-8.67041559534341e-16
0.256999999284744,1.7503214877479e-08,2.73014494888704e-15,1.23449824280843e-16
0.257250010967255,1.54410315644782e-08,1.3552142814869e-15,5.01350595848144e-16
0.257499992847443,1.3326800996083e-08,-2.15150405243982e-17,3.5078797484463e-16
0.257750004529953,1.12125819740072e-08,-1.38748877787613e-15,2.62281022421273e-17
0.257999986410141,9.15043685267847e-09,-2.73555240722231e-15,-3.24548945546611e-17
0.258249998092651,7.19114501279705e-09,-4.05084697881718e-15,4.74310763072945e-16
0.258500009775162,5.38294964158581e-09,-5.30184730279247e-15,1.54869428845256e-15
0.25874999165535,3.77036979415379e-09,-6.44059839708115e-15,2.88577581800023e-15
0.25900000333786,2.39311259697672e-09,-7.41260385592277e-15,4.02024918414704e-15
0.259249985218048,1.28509380914466e-09,-8.17170546588966e-15,4.55823623136497e-15
0.259499996900558,4.73599326422658e-10,-8.69251892010202e-15,4.37476338927554e-15
0.259750008583069,-2.13909012031221e-11,-8.97431238209342e-15,3.67302496807908e-15
0.259999990463257,-1.87692250630533e-10,-9.03473463035286e-15,2.87545853318619e-15
0.260250002145767,-2.12103945518294e-11,-8.89692321686753e-15,2.40599878074173e-15
0.260500013828278,4.73958539082275e-10,-8.576622790061e-15,2.47666250436642e-15
0.260749995708466,1.28562438472812e-09,-8.07565362373691e-15,2.98439416998315e-15
0.261000007390976,2.39379982502896e-09,-7.38491519590998e-15,3.56614169211332e-15
0.261249989271164,3.77119402372728e-09,-6.49537305316477e-15,3.78330018748212e-15
0.261500000953674,5.38389066662148e-09,-5.41146480111197e-15,3.34518023056959e-15
0.261750012636185,7.19218329336968e-09,-4.15988976528196e-15,2.2609338006126e-15
0.261999994516373,9.15154707570309e-09,-2.78894576432719e-15,8.41748308696381e-16
0.262250006198883,1.12137357177744e-08,-1.35839086679734e-15,-4.50843291752791e-16
0.262499988079071,1.3327967174348e-08,7.52689226449034e-17,-1.23420027249945e-15
0.262749999761581,1.54421808673533e-08,1.47089272406047e-15,-1.39269771286439e-15
0.263000011444092,1.75043233241468e-08,2.80653863864166e-15,-1.1276943497117e-15
0.26324999332428,1.94636164962958e-08,4.07364232949368e-15,-8.45895170247901e-16
0.26350000500679,2.1271818084756e-08,5.26496579420313e-15,-9.46068674721984e-16
0.263749986886978,2.28843983762772e-08,6.36273319933891e-15,-1.61298186568767e-15
0.263999998569489,2.42616504664284e-08,7.33324703316041e-15,-2.72042249296021e-15
0.264250010251999,2.53696654795021e-08,8.13107244837692e-15,-3.89002422125379e-15
0.264499992132187,2.6181162127159e-08,8.71105877725152e-15,-4.67677637475085e-15
0.264750003814697,2.66761581713126e-08,9.04239519632782e-15,-4.78982350947377e-15
0.264999985694885,2.68424606986173e-08,9.11773877698609e-15,-4.23774352807942e-15
0.265249997377396,2.66759734302013e-08,8.95291463577988e-15,-3.32323360690623e-15
0.265500009059906,2.61808015267206e-08,8.57749269289783e-15,-2.48840238101537e-15
0.265749990940094,2.53691379015208e-08,8.02114366544931e-15,-2.08990747240835e-15
0.266000002622604,2.42609665690452e-08,7.30264373277612e-15,-2.21997213431632e-15
0.266250014305115,2.28835741467037e-08,6.42691754443358e-15,-2.66436437020327e-15
0.266499996185303,2.12708730629174e-08,5.39140113169035e-15,-3.01648464846459e-15
0.266750007867813,1.94625773275448e-08,4.19829000394573e-15,-2.88755628125535e-15
0.266999989748001,1.7503214877479e-08,2.86625319087367e-15,-2.10671641773014e-15
0.267250001430511,1.54410315644782e-08,1.43537927956006e-15,-8.1182835214228e-16
0.267500013113022,1.33268001079045e-08,-3.75339290995245e-17,6.13759967701348e-16
0.26774999499321,1.12125819740072e-08,-1.49132940561623e-15,1.72757896482495e-15
0.26800000667572,9.15043774085689e-09,-2.87460006529415e-15,2.2449358893378e-15
0.268249988555908,7.19114545688626e-09,-4.15480629704901e-15,2.17673957268846e-15
0.268500000238419,5.38294875340739e-09,-5.31823993142068e-15,1.81725794284079e-15
0.268750011920929,3.77036890597537e-09,-6.36131272508636e-15,1.58755467776492e-15
0.268999993801117,2.39311281902133e-09,-7.27798236851681e-15,1.81530023794145e-15
0.269250005483627,1.28509469732307e-09,-8.05000123092932e-15,2.56419912430042e-15
0.269499987363815,4.73599770511868e-10,-8.64521128296492e-15,3.59928609133938e-15
0.269749999046326,-2.13914372326762e-11,-9.02502255057964e-15,4.50376608362589e-15
0.270000010728836,-1.87692986153287e-10,-9.15749003320074e-15,4.88688586193259e-15
0.270249992609024,-2.12103078156556e-11,-9.02952453069429e-15,4.57842399111336e-15
0.270500004291534,4.73959316238393e-10,-8.65213662434167e-15,3.71327258560082e-15
0.270749986171722,1.28562482881733e-09,-8.05612612617091e-15,2.66401263977192e-15
0.270999997854233,2.39379915889515e-09,-7.28042436450374e-15,1.85455619164019e-15
0.271250009536743,3.77119357963807e-09,-6.3588872462419e-15,1.54805859022564e-15
0.271499991416931,5.38389111071069e-09,-5.31204600299389e-15,1.71683392837256e-15
0.271750003099442,7.19218373745889e-09,-4.14772594864291e-15,2.06128072340647e-15
0.272000014781952,9.15154796388151e-09,-2.86994921913902e-15,2.16819851596483e-15
0.27224999666214,1.1213734829596e-08,-1.49131490017701e-15,1.72670355627397e-15
0.27250000834465,1.33279662861696e-08,-4.22254328361292e-17,6.91020807435728e-16
0.272749990224838,1.54421808673533e-08,1.42811110159791e-15,-6.91670799343627e-16
0.273000001907349,1.75043233241468e-08,2.85980028212325e-15,-2.00057937779091e-15
0.273250013589859,1.94636164962958e-08,4.19575186971929e-15,-2.84663866067234e-15
0.273499995470047,2.12718163083991e-08,5.3940951199791e-15,-3.06122471698032e-15
0.273750007152557,2.28843965999204e-08,6.43367432625382e-15,-2.77455806268513e-15
0.273999989032745,2.42616504664284e-08,7.31030345171814e-15,-2.34439513327911e-15
0.274250000715256,2.5369667255859e-08,8.02604798621391e-15,-2.17000311965895e-15
0.274500012397766,2.6181162127159e-08,8.5772377359807e-15,-2.48506634175261e-15
0.274749994277954,2.66761581713126e-08,8.94751395370819e-15,-3.23542233653909e-15
0.275000005960464,2.68424589222604e-08,9.10965045937276e-15,-4.10474326173449e-15
0.275249987840652,2.66759734302013e-08,9.03542496220487e-15,-4.67468377985465e-15
0.275499999523163,2.61808015267206e-08,8.70860831093511e-15,-4.63662828360041e-15
0.275750011205673,2.53691379015208e-08,8.13449022631909e-15,-3.94704097354879e-15
0.275999993085861,2.42609665690452e-08,7.34106175913178e-15,-2.84914100775677e-15
0.276250004768372,2.28835723703469e-08,6.37124418639292e-15,-1.75188626931231e-15
0.27649998664856,2.12708730629174e-08,5.2700022521075e-15,-1.02769681633241e-15
0.27674999833107,1.94625773275448e-08,4.07263690138529e-15,-8.29618955710377e-16
0.27700001001358,1.7503214877479e-08,2.7998375492377e-15,-1.01912410175236e-15
0.277249991893768,1.54410315644782e-08,1.46162448955161e-15,-1.24158322342596e-15
0.277500003576279,1.33268001079045e-08,6.78678531542608e-17,-1.11236982962997e-15
0.277749985456467,1.12125819740072e-08,-1.36027466807203e-15,-4.19132151682823e-16
0.277999997138977,9.15043862903531e-09,-2.78420725026202e-15,7.63806666230645e-16
0.278250008821487,7.19114590097547e-09,-4.15061306044363e-15,2.10770151704779e-15
0.278499990701675,5.38294875340739e-09,-5.40207501737518e-15,3.19075595988977e-15
0.278750002384186,3.77036846188616e-09,-6.49055767085963e-15,3.70517495062507e-15
0.279000014066696,2.39311281902133e-09,-7.38724623058082e-15,3.60524962680453e-15
0.279249995946884,1.28509525243459e-09,-8.08417731628513e-15,3.12364998640178e-15
0.279500007629395,4.73600048067624e-10,-8.58724034805483e-15,2.64934605253197e-15
0.279749989509583,-2.13917876468184e-11,-8.90441945845073e-15,2.52835501931322e-15
0.280000001192093,-1.87693444120285e-10,-9.03535042330551e-15,2.88653031259799e-15
0.280250012874603,-2.121024016144e-11,-8.96758185829453e-15,3.56379075216822e-15
0.280499994754791,4.73959815838754e-10,-8.68153205574318e-15,4.19442795722273e-15
0.280750006437302,1.28562505086194e-09,-8.16173419403458e-15,4.39369626971256e-15
0.28099998831749,2.39379893685054e-09,-7.40864397689436e-15,3.95513310281039e-15
0.28125,3.77119313554886e-09,-6.44487718401421e-15,2.95707227523651e-15
0.28150001168251,5.38389111071069e-09,-5.31251737682903e-15,1.72459867940004e-15
0.281749993562698,7.1921841815481e-09,-4.06270713414463e-15,6.68209574891459e-16
0.282000005245209,9.15154796388151e-09,-2.74261983837596e-15,8.21379297132173e-17
0.282249987125397,1.1213734829596e-08,-1.38609106763404e-15,3.22873946165221e-18
0.282499998807907,1.33279653979912e-08,-1.21978807638509e-17,1.99520119503188e-16
0.282750010490417,1.54421808673533e-08,1.3679645625628e-15,2.93619868349865e-16
0.282999992370605,1.75043233241468e-08,2.74010902096206e-15,-4.02657393945951e-17
0.283250004053116,1.94636164962958e-08,4.07716810413663e-15,-9.04341396520513e-16
0.283499985933304,2.12718163083991e-08,5.33654219582848e-15,-2.11823606581279e-15
0.283749997615814,2.28843965999204e-08,6.46604665494846e-15,-3.30449067360763e-15
0.284000009298325,2.42616504664284e-08,7.41596403562453e-15,-4.07521865780852e-15
0.284249991178513,2.5369667255859e-08,8.15139869801218e-15,-4.22374419104367e-15
0.284500002861023,2.61811639035159e-08,8.65891881715033e-15,-3.82330343599857e-15
0.284750014543533,2.66761563949558e-08,8.9444078838906e-15,-3.184328673886e-15
0.284999996423721,2.68424589222604e-08,9.02356480687741e-15,-2.69422969313227e-15
0.285250008106232,2.66759734302013e-08,8.91006408601123e-15,-2.62114578461904e-15
0.28549998998642,2.61808033030775e-08,8.60740735549601e-15,-2.97917750581925e-15
0.28575000166893,2.53691379015208e-08,8.10851934912333e-15,-3.52180756413756e-15
0.28600001335144,2.42609665690452e-08,7.40323905965793e-15,-3.86746646331899e-15
0.286249995231628,2.28835723703469e-08,6.48989698516077e-15,-3.69523290140667e-15
0.286500006914139,2.12708730629174e-08,5.38500815052095e-15,-2.91164674530821e-15
0.286749988794327,1.94625773275448e-08,4.12590807398754e-15,-1.70258895178211e-15
0.287000000476837,1.7503214877479e-08,2.76466027093823e-15,-4.43052917978656e-16
0.287250012159348,1.54410297881213e-08,1.35603600932485e-15,4.88289877197075e-16
0.287499994039536,1.33268001079045e-08,-5.46009613898739e-17,8.9410002703438e-16
0.287750005722046,1.12125819740072e-08,-1.4377264078569e-15,8.49577063650938e-16
0.287999987602234,9.15043862903531e-09,-2.7776450742614e-15,6.55999806715025e-16
0.288249999284744,7.19114590097547e-09,-4.06357618994851e-15,6.817958774863e-16
0.288500010967255,5.38294830931818e-09,-5.27875549058443e-15,1.17085713700053e-15
0.288749992847443,3.77036846188616e-09,-6.3933686869752e-15,2.11338616691505e-15
0.289000004529953,2.39311281902133e-09,-7.36522422098516e-15,3.24445086072388e-15
0.289249986410141,1.28509558550149e-09,-8.14822486555882e-15,4.17252453223968e-15
0.289499998092651,4.73600214601078e-10,-8.70473821739911e-15,4.5739541982507e-15
0.289750009775162,-2.13920166303172e-11,-9.01585257189266e-15,4.35396068360744e-15
0.28999999165535,-1.87693749431617e-10,-9.08445885248847e-15,3.69123744699447e-15
0.29025000333786,-2.12101881197357e-11,-8.92975082577132e-15,2.94402902663998e-15
0.290499985218048,4.73960148905661e-10,-8.57611711139149e-15,2.46733074238652e-15
0.290749996900558,1.28562527290654e-09,-8.04216448210132e-15,2.43490060369324e-15
0.291000008583069,2.39379871480594e-09,-7.33536038036381e-15,2.75487111116681e-15
0.291249990463257,3.77119269145965e-09,-6.45478069323351e-15,3.11953658265168e-15
0.291500002145767,5.38389111071069e-09,-5.40037544576651e-15,3.16375127898188e-15
0.291750013828278,7.19218462563731e-09,-4.18390357285309e-15,2.65327501485781e-15
0.291999995708466,9.15154796388151e-09,-2.83581908532059e-15,1.60874945380848e-15
0.292250007390976,1.1213734829596e-08,-1.40429412330789e-15,3.01616494646656e-16
0.292499989271164,1.33279653979912e-08,5.35585847778815e-17,-8.77431000967567e-16
0.292750000953674,1.54421808673533e-08,1.48421252891428e-15,-1.61072134650968e-15
0.293000012636185,1.75043233241468e-08,2.84798988998145e-15,-1.80772479877768e-15
0.293249994516373,1.94636182726526e-08,4.12222305715051e-15,-1.64247428236164e-15
0.293500006198883,2.12718163083991e-08,5.29618996973776e-15,-1.45702340658213e-15
0.293749988079071,2.28843965999204e-08,6.36090191410694e-15,-1.58190899141324e-15
0.293999999761581,2.42616504664284e-08,7.29932251658993e-15,-2.16458592044479e-15
0.294250011444092,2.5369667255859e-08,8.0822299875394e-15,-3.09091089244098e-15
0.29449999332428,2.61811639035159e-08,8.67203851047035e-15,-4.03828675075882e-15
0.29475000500679,2.66761563949558e-08,9.0329465438012e-15,-4.6344958781557e-15
0.294999986886978,2.68424589222604e-08,9.14256277157128e-15,-4.64336177201461e-15
0.295249998569489,2.66759734302013e-08,8.99931594766342e-15,-4.08327436465339e-15
0.295500010251999,2.61808033030775e-08,8.62192719427784e-15,-3.2172500916887e-15
0.295749992132187,2.53691379015208e-08,8.0411997115744e-15,-2.41908459274387e-15
0.296000003814697,2.42609665690452e-08,7.28831532344036e-15,-1.98470830969997e-15
0.296249985694885,2.28835723703469e-08,6.38554633770731e-15,-1.98569573835823e-15
0.296499997377396,2.12708730629174e-08,5.34391222950254e-15,-2.23853359080598e-15
0.296750009059906,1.94625791039016e-08,4.16865909738488e-15,-2.40309917520505e-15
0.296999990940094,1.7503214877479e-08,2.86942977618411e-15,-2.15933135155649e-15
0.297250002622604,1.54410297881213e-08,1.46971037194522e-15,-1.37364931830918e-15
0.297500014305115,1.33267992197261e-08,1.05141074777043e-17,-1.72414522560568e-16
0.297749996185303,1.12125828621856e-08,-1.45392347775342e-15,1.11481860188048e-15
0.298000007867813,9.15043862903531e-09,-2.86672202360998e-15,2.11499171786657e-15
0.298249989748001,7.19114634506468e-09,-4.18031638832147e-15,2.59410002261321e-15
0.298500001430511,5.38294830931818e-09,-5.36411692990987e-15,2.5693414613232e-15
0.298750013113022,3.77036801779695e-09,-6.40433564605978e-15,2.2931621337062e-15
0.29899999499321,2.39311281902133e-09,-7.29646886259063e-15,2.11807258845397e-15
0.29925000667572,1.2850958075461e-09,-8.03469365150654e-15,2.31258629325264e-15
0.299499988555908,4.7360032562338e-10,-8.60390572129206e-15,2.92218489396324e-15
0.299750000238419,-2.13921640818127e-11,-8.97863055605852e-15,3.7443739413581e-15
0.300000011920929,-1.87693929842858e-10,-9.12948034770093e-15,4.42884305482593e-15
0.300249993801117,-2.12101482210958e-11,-9.03403074597369e-15,4.65216583246837e-15
0.300500005483627,4.73960370950266e-10,-8.68679128331268e-15,4.28013371544123e-15
0.300749987363815,1.28562538392885e-09,-8.1033007791353e-15,3.43637073887981e-15
0.300999999046326,2.39379849276133e-09,-7.31623098828302e-15,2.4416667028759e-15
0.301250010728836,3.77119269145965e-09,-6.36529377993846e-15,1.65374479687869e-15
0.301499992609024,5.38389111071069e-09,-5.28593367129593e-15,1.28898117545106e-15
0.301750004291534,7.19218462563731e-09,-4.10237411058102e-15,1.31758452516777e-15
0.301999986171722,9.15154796388151e-09,-2.82828875066126e-15,1.48538926943626e-15
0.302249997854233,1.12137339414176e-08,-1.47436704145187e-15,1.4496288089526e-15
0.302500009536743,1.33279653979912e-08,-5.85072192622596e-17,9.58418415092951e-16
0.302749991416931,1.54421808673533e-08,1.38689331371421e-15,-1.66067244774371e-17
0.303000003099442,1.75043251005036e-08,2.81455199383916e-15,-1.260108363378e-15
0.303250014781952,1.94636182726526e-08,4.16937568725826e-15,-2.41488542690785e-15
0.30349999666214,2.12718163083991e-08,5.39986637896521e-15,-3.15522949225779e-15
0.30375000834465,2.28843965999204e-08,6.46855556653823e-15,-3.34531681463234e-15
0.303999990224838,2.42616504664284e-08,7.35656754426422e-15,-3.10240407074404e-15
0.304250001907349,2.5369667255859e-08,8.0603096218974e-15,-2.73195039961411e-15
0.304500013589859,2.61811639035159e-08,8.58225471212729e-15,-2.56752923433255e-15
0.304749995470047,2.66761563949558e-08,8.92083580400146e-15,-2.79788492653604e-15
0.305000007152557,2.68424589222604e-08,9.06481446437575e-15,-3.36969039944782e-15
0.305249989032745,2.66759734302013e-08,8.99511466424504e-15,-4.01453213526954e-15
0.305500000715256,2.61808033030775e-08,8.69319824052571e-15,-4.3848536692597e-15
0.305750012397766,2.53691379015208e-08,8.15172057053214e-15,-4.22953239068873e-15
0.305999994277954,2.42609665690452e-08,7.38212761048056e-15,-3.52134487239012e-15
0.306250005960464,2.28835723703469e-08,6.41529964052904e-15,-2.47303106236331e-15
0.306499987840652,2.12708730629174e-08,5.29477161306758e-15,-1.43362941537015e-15
0.306749999523163,1.94625791039016e-08,4.06569038418486e-15,-7.16454083407781e-16
0.307000011205673,1.7503214877479e-08,2.76480193719866e-15,-4.45398934544755e-16
0.307249993085861,1.54410297881213e-08,1.41626714577557e-15,-4.98085019138682e-16
0.307500004768372,1.33267992197261e-08,3.50978292559966e-17,-5.75074596571704e-16
0.30774998664856,1.12125828621856e-08,-1.36394581474455e-15,-3.59187127079824e-16
0.30799999833107,9.15043862903531e-09,-2.75697895265605e-15,3.17187289557795e-16
0.30825001001358,7.19114634506468e-09,-4.1063056140057e-15,1.38173636537309e-15
0.308499991893768,5.38294786522897e-09,-5.36313775982285e-15,2.55339564257467e-15
0.308750003576279,3.77036801779695e-09,-6.47667776546945e-15,3.47824635372617e-15
0.308999985456467,2.39311281902133e-09,-7.40536426532259e-15,3.90183990735152e-15
0.309249997138977,1.2850959185684e-09,-8.12501531577111e-15,3.79207629584862e-15
0.309500008821487,4.73600381134531e-10,-8.6300841215599e-15,3.35103280471865e-15
0.309749990701675,-2.13922577568804e-11,-8.92764086669971e-15,2.9092019964642e-15
0.310000002384186,-1.87694054742948e-10,-9.02730869250428e-15,2.75519616006032e-15
0.310250014066696,-2.12101169960732e-11,-8.93242575581875e-15,2.98769865726863e-15
0.310499995946884,4.7396053748372e-10,-8.63706536711117e-15,3.46550697819946e-15
0.310750007629395,1.28562538392885e-09,-8.13042955036996e-15,3.88078986806283e-15
0.310999989509583,2.39379849276133e-09,-7.40630277782815e-15,3.91721397886065e-15
0.311250001192093,3.77119224737044e-09,-6.47262937149805e-15,3.41204564670056e-15
0.311500012874603,5.38389111071069e-09,-5.3562492643793e-15,2.44077181256713e-15
0.311749994754791,7.19218506972652e-09,-4.10024551678457e-15,1.28265394521419e-15
0.312000006437302,9.15154796388151e-09,-2.7550062129219e-15,2.84958691766394e-16
0.31224998831749,1.12137339414176e-08,-1.36716941038356e-15,-3.06315118753974e-16
0.3125,1.33279653979912e-08,2.83529687627372e-17,-4.6442435333127e-16
0.31275001168251,1.54421808673533e-08,1.40960904329368e-15,-3.88771393889016e-16
0.312999993562698,1.75043251005036e-08,2.76184346287213e-15,-3.96738771079347e-16
0.313250005245209,1.94636182726526e-08,4.06808028764554e-15,-7.55533271918339e-16
0.313499987125397,2.12718163083991e-08,5.30128106126723e-15,-1.54022586480414e-15
0.313749998807907,2.28843965999204e-08,6.42247189200991e-15,-2.59039954742489e-15
0.314000010490417,2.42616504664284e-08,7.3861273000575e-15,-3.5866653004253e-15
0.314249992370605,2.5369667255859e-08,8.15036955298127e-15,-4.2072850703291e-15
0.314500004053116,2.61811639035159e-08,8.687139413854e-15,-4.28563731201602e-15
0.314749985933304,2.66761563949558e-08,8.98750576727985e-15,-3.88995052938738e-15
0.314999997615814,2.68424589222604e-08,9.05969923240728e-15,-3.28589491228361e-15
0.315250009298325,2.66759734302013e-08,8.92101961015102e-15,-2.80081862514886e-15
0.315499991178513,2.61808033030775e-08,8.5877595792515e-15,-2.6576937739854e-15
0.315750002861023,2.53691379015208e-08,8.0682844370958e-15,-2.86273694535138e-15
0.316000014543533,2.42609665690452e-08,7.36276697840517e-15,-3.20413738639049e-15
0.316249996423721,2.28835723703469e-08,6.46960927552461e-15,-3.36267082565568e-15
0.316500008106232,2.12708730629174e-08,5.39511664171348e-15,-3.07743608055782e-15
0.31674998998642,1.94625791039016e-08,4.16125475887646e-15,-2.28194445286924e-15
0.31700000166893,1.75032166538358e-08,2.80731621488724e-15,-1.14181184784358e-15
0.31725001335144,1.54410297881213e-08,1.38439594294835e-15,2.40460709237451e-17
0.317499995231628,1.33267992197261e-08,-5.48430374504987e-17,8.98265311552503e-16
0.317750006914139,1.12125828621856e-08,-1.46634182779311e-15,1.31813499070437e-15
0.317999988794327,9.15043951721373e-09,-2.82006151964458e-15,1.35051970725586e-15
0.318250000476837,7.19114634506468e-09,-4.09832995177436e-15,1.25110641485194e-15
0.318500012159348,5.38294786522897e-09,-5.2883494092615e-15,1.32831844431273e-15
0.318749994039536,3.77036801779695e-09,-6.37304751953762e-15,1.78067649567301e-15
0.319000005722046,2.39311304106593e-09,-7.32531372257643e-15,2.59048298017019e-15
0.319249987602234,1.2850960295907e-09,-8.10890813724612e-15,3.5282047804717e-15
0.319499999284744,4.73600436645683e-10,-8.68588156992733e-15,4.26508532810031e-15
0.319750010967255,-2.1392318472202e-11,-9.02695971493001e-15,4.53619092836326e-15
0.319999992847443,-1.87694124131887e-10,-9.11984788902476e-15,4.27110222664113e-15
0.320250004529953,-2.12100927099446e-11,-8.97144686963286e-15,3.62687310739851e-15
0.320499986410141,4.73960648506022e-10,-8.60300617230208e-15,2.90754943518411e-15
0.320749998092651,1.28562549495115e-09,-8.04071520872857e-15,2.41117944600538e-15
0.321000009775162,2.39379849276133e-09,-7.30642404081971e-15,2.2811147840974e-15
0.32124999165535,3.77119224737044e-09,-6.41306686168007e-15,2.43635241816483e-15
0.32150000333786,5.38389111071069e-09,-5.36696465467854e-15,2.61627089824935e-15
0.321749985218048,7.19218506972652e-09,-4.175618743596e-15,2.51733025023e-15
0.321999996900558,9.15154796388151e-09,-2.85678420955632e-15,1.95220934957972e-15
0.322250008583069,1.12137339414176e-08,-1.44387099661452e-15,9.50166514241681e-16
0.322499990463257,1.33279653979912e-08,1.5405716130653e-17,-2.52331141456836e-16
0.322750002145767,1.54421808673533e-08,1.46678334371687e-15,-1.32537204020571e-15
0.323000013828278,1.75043251005036e-08,2.86005756838098e-15,-2.00561096525584e-15
0.323249995708466,1.94636182726526e-08,4.15759303544548e-15,-2.22183772438265e-15
0.323500007390976,2.12718163083991e-08,5.33689117340275e-15,-2.12353404513963e-15
0.323749989271164,2.28843965999204e-08,6.38635017197425e-15,-1.99868265926377e-15
0.324000000953674,2.42616504664284e-08,7.29673821906786e-15,-2.12239880923208e-15
0.324250012636185,2.5369667255859e-08,8.05302598558396e-15,-2.61269430162957e-15
0.324499994516373,2.61811639035159e-08,8.63102856329609e-15,-3.36646320391878e-15
0.324750006198883,2.66761563949558e-08,9.00084568916616e-15,-4.10846131285647e-15
0.324999988079071,2.68424589222604e-08,9.13555611503159e-15,-4.52851130414698e-15
0.325249999761581,2.66759734302013e-08,9.02090258232419e-15,-4.43702751067878e-15
0.325500011444092,2.61808033030775e-08,8.66114397270277e-15,-3.85982156745355e-15
0.32574999332428,2.53691379015208e-08,8.07816677049142e-15,-3.0246165882747e-15
0.32600000500679,2.42609665690452e-08,7.30433186943999e-15,-2.24689571181951e-15
0.326249986886978,2.28835723703469e-08,6.37257826328484e-15,-1.77319010084782e-15
0.326499998569489,2.12708730629174e-08,5.30862610746935e-15,-1.66063668045403e-15
0.326750010251999,1.94625791039016e-08,4.12896670996007e-15,-1.75303950467e-15
0.326999992132187,1.75032166538358e-08,2.84537615806446e-15,-1.76526970751628e-15
0.327250003814697,1.54410297881213e-08,1.47336849548618e-15,-1.4334105632324e-15
0.327499985694885,1.33267992197261e-08,3.99548385982834e-17,-6.54626872186644e-16
0.327749997377396,1.12125828621856e-08,-1.41361466210124e-15,4.54396489087404e-16
0.328000009059906,9.15043951721373e-09,-2.83591903520836e-15,1.61027591305855e-15
0.328249990940094,7.19114634506468e-09,-4.17457223438967e-15,2.50004019019417e-15
0.328500002622604,5.38294786522897e-09,-5.38629267598546e-15,2.93274443020019e-15
0.328750014305115,3.77036801779695e-09,-6.44314669570297e-15,2.92898339215614e-15
0.328999996185303,2.39311304106593e-09,-7.33222974659076e-15,2.70377406038193e-15
0.329250007867813,1.28509614061301e-09,-8.04933038083509e-15,2.55224939523879e-15
0.329499989748001,4.73600492156834e-10,-8.59010670754834e-15,2.69618125704274e-15
0.329750001430511,-2.1392354901395e-11,-8.94347784171452e-15,3.16866851699893e-15
0.330000013113022,-1.87694165765251e-10,-9.0907904237692e-15,3.79510401511858e-15
0.33024999499321,-2.12100736279863e-11,-9.01132772188843e-15,4.28015277368255e-15
0.33050000667572,4.73960704017173e-10,-8.69148045770868e-15,4.35685372463879e-15
0.330749988555908,1.28562549495115e-09,-8.13295794371751e-15,3.92221359083182e-15
0.331000000238419,2.39379827071673e-09,-7.35582977856716e-15,3.09045053003415e-15
0.331250011920929,3.77119224737044e-09,-6.39479720804075e-15,2.13707831372447e-15
0.331499993801117,5.38389111071069e-09,-5.29043649844354e-15,1.36265144252203e-15
0.331750005483627,7.19218506972652e-09,-4.07966007506745e-15,9.45420376879979e-16
0.331999987363815,9.15154796388151e-09,-2.78993361650193e-15,8.57121109656099e-16
0.332249999046326,1.12137339414176e-08,-1.43981762632455e-15,8.83772419006304e-16
0.332500010728836,1.33279653979912e-08,-4.51990677289186e-17,7.40445868122286e-16
0.332749992609024,1.54421808673533e-08,1.37232868806529e-15,2.21898544681189e-16
0.333000004291534,1.75043251005036e-08,2.7795640274034e-15,-6.87040123160547e-16
0.333249986171722,1.94636182726526e-08,4.13167509780892e-15,-1.79727325924151e-15
0.333499997854233,2.12718163083991e-08,5.37848091462941e-15,-2.8048206440664e-15
0.333750009536743,2.28843965999204e-08,6.4742488984932e-15,-3.4385605308067e-15
0.333999991416931,2.42616504664284e-08,7.38641529125957e-15,-3.59140953196287e-15
0.334250003099442,2.5369667255859e-08,8.09917234055038e-15,-3.36863923156027e-15
0.334500014781952,2.61811639035159e-08,8.61045243894139e-15,-3.02941291233853e-15
0.33474999666214,2.66761563949558e-08,8.92413160919923e-15,-2.8517958207717e-15
0.33500000834465,2.68424589222604e-08,9.04162439634582e-15,-2.98979188743953e-15
0.335249990224838,2.66759734302013e-08,8.9572582207334e-15,-3.39445870161672e-15
0.335500001907349,2.61808033030775e-08,8.65984801229347e-15,-3.8386021215754e-15
0.335750013589859,2.53691379015208e-08,8.13968846751639e-15,-4.03240749507192e-15
0.335999995470047,2.42609665690452e-08,7.39740893188198e-15,-3.7715984273158e-15
0.336250007152557,2.28835723703469e-08,6.45010634191408e-15,-3.04318079762144e-15
0.336499989032745,2.12708730629174e-08,5.33149091484753e-15,-2.03518660291688e-15
0.336750000715256,1.94625791039016e-08,4.08577353536426e-15,-1.04549117860921e-15
0.337000012397766,1.75032166538358e-08,2.75812901164019e-15,-3.36069692125123e-16
0.337249994277954,1.54410297881213e-08,1.3862668269706e-15,-6.5898464328767e-18
0.337500005960464,1.33267992197261e-08,-2.99620596336891e-18,4.89650324606928e-17
0.337749987840652,1.12125828621856e-08,-1.39084122840224e-15,8.13454840689466e-17
0.337999999523163,9.15043951721373e-09,-2.75911749908963e-15,3.52177850031956e-16
0.338250011205673,7.19114634506468e-09,-4.08270134686457e-15,9.95086683137827e-16
0.338499993085861,5.38294786522897e-09,-5.32580605322203e-15,1.94191069949052e-15
0.338750004768372,3.77036801779695e-09,-6.44450448951742e-15,2.95123304185638e-15
0.33899998664856,2.39311304106593e-09,-7.39456374821215e-15,3.72487397236288e-15
0.33924999833107,1.28509614061301e-09,-8.14097849869506e-15,4.05353588490824e-15
0.33950001001358,4.73600492156834e-10,-8.66469219371882e-15,3.91796826170018e-15
0.339749991893768,-2.13923757180767e-11,-8.96337379861258e-15,3.4945815958722e-15
0.340000003576279,-1.87694193520827e-10,-9.04609842437322e-15,3.06301322704845e-15
0.340249985456467,-2.1210058015475e-11,-8.92480754149114e-15,2.86287437644707e-15
0.340499997138977,4.73960759528325e-10,-8.6069626631987e-15,2.97235634949501e-15
0.340750008821487,1.28562549495115e-09,-8.0931355367353e-15,3.26987878980045e-15
0.340999990701675,2.39379827071673e-09,-7.38069104260202e-15,3.49770820623875e-15
0.341250002384186,3.77119224737044e-09,-6.47159175613766e-15,3.39506475369048e-15
0.341500014066696,5.38389111071069e-09,-5.38021733217128e-15,2.8333715836195e-15
0.341749995946884,7.19218506972652e-09,-4.13703935746388e-15,1.88535134498704e-15
0.342000007629395,9.15154796388151e-09,-2.78602328890093e-15,7.93057731454211e-16
0.342249989509583,1.12137339414176e-08,-1.3767699994451e-15,-1.49017593203053e-16
0.342500001192093,1.33279653979912e-08,4.49704085378293e-17,-7.366210379094e-16
0.342750012874603,1.54421808673533e-08,1.44399423990835e-15,-9.52056985900835e-16
0.342999994754791,1.75043251005036e-08,2.79657371953369e-15,-9.65684475472735e-16
0.343250006437302,1.94636182726526e-08,4.08559015273118e-15,-1.04236033307792e-15
0.34349998831749,2.12718163083991e-08,5.29276414498259e-15,-1.40068269245815e-15
0.34375,2.28843965999204e-08,6.39231963667003e-15,-2.09645270775002e-15
0.34400001168251,2.42616504664284e-08,7.34965152024989e-15,-2.98917461217922e-15
0.344249993562698,2.5369667255859e-08,8.12601312058297e-15,-3.80832619942522e-15
0.344500005245209,2.61811639035159e-08,8.68715127231526e-15,-4.28583594124215e-15
0.344749987125397,2.66761563949558e-08,9.011800366273e-15,-4.28790270163345e-15
0.344999998807907,2.68424589222604e-08,9.09594800738503e-15,-3.87966416127592e-15
0.345250010490417,2.66759734302013e-08,8.95089361516773e-15,-3.29018365185379e-15
0.345499992370605,2.61808033030775e-08,8.59618162784605e-15,-2.79568624076321e-15
0.345750004053116,2.53691379015208e-08,8.05104477552034e-15,-2.58034039590154e-15
0.345999985933304,2.42609665690452e-08,7.3286400209603e-15,-2.64508907669731e-15
0.346249997615814,2.28835723703469e-08,6.43589736422389e-15,-2.81041593195772e-15
0.346500009298325,2.12708730629174e-08,5.37886419703804e-15,-2.81120197853277e-15
0.346749991178513,1.94625791039016e-08,4.17061701404246e-15,-2.43532454368334e-15
0.347000002861023,1.75032166538358e-08,2.83747207011715e-15,-1.63580665075909e-15
0.347250014543533,1.54410297881213e-08,1.42004544211591e-15,-5.5992085950797e-16
0.347499996423721,1.33267992197261e-08,-3.17106503790451e-17,5.19349834219061e-16
0.347750008106232,1.12125828621856e-08,-1.46736176134072e-15,1.33484282146808e-15
0.34799998998642,9.15043951721373e-09,-2.84465363896045e-15,1.75334771878368e-15
0.34825000166893,7.19114634506468e-09,-4.13402010852339e-15,1.83573766065104e-15
0.34850001335144,5.38294786522897e-09,-5.31708161386531e-15,1.79899146557502e-15
0.348749995231628,3.77036757370774e-09,-6.38031379167564e-15,1.8997286704755e-15
0.349000006914139,2.39311304106593e-09,-7.30749299639915e-15,2.29856090995376e-15
0.349249988794327,1.28509614061301e-09,-8.07508018243162e-15,2.97404766253244e-15
0.349500000476837,4.73600492156834e-10,-8.65319710959163e-15,3.72966182609724e-15
0.349750012159348,-2.13923878611411e-11,-9.01193080934688e-15,4.2900008022438e-15
0.349999994039536,-1.87694207398614e-10,-9.13000211999644e-15,4.43745610935009e-15
0.350250005722046,-2.12100441376872e-11,-9.00157074936901e-15,4.12033544422755e-15
0.350499987602234,4.73960759528325e-10,-8.63783023786254e-15,3.47798970274315e-15
0.350749999284744,1.28562549495115e-09,-8.06264912689772e-15,2.7704692228905e-15
0.351000010967255,2.39379827071673e-09,-7.30442758416303e-15,2.24842968848699e-15
0.351249992847443,3.77119224737044e-09,-6.38820602116169e-15,2.02912290580572e-15
0.351500004529953,5.38389111071069e-09,-5.33185259791601e-15,2.04110482211934e-15
0.351749986410141,7.19218506972652e-09,-4.14802876292156e-15,2.06535728122337e-15
0.351999998092651,9.15154796388151e-09,-2.85064555002933e-15,1.85163308093921e-15
0.352250009775162,1.12137339414176e-08,-1.46222503591122e-15,1.25083102326496e-15
0.35249999165535,1.33279653979912e-08,-1.80862561169964e-17,2.96327938561355e-16
0.35275000333786,1.54421808673533e-08,1.43512516967588e-15,-8.06766430309929e-16
0.352999985218048,1.75043251005036e-08,2.84621387364929e-15,-1.77885368077052e-15
0.353249996900558,1.94636182726526e-08,4.16849265541075e-15,-2.40041005735575e-15
0.353500008583069,2.12718163083991e-08,5.36695533731612e-15,-2.61601890594754e-15
0.353749990463257,2.28843965999204e-08,6.42034838041114e-15,-2.55558585801803e-15
0.354000002145767,2.42616504664284e-08,7.31749222034148e-15,-2.46236395294206e-15
0.354250013828278,2.5369667255859e-08,8.0500833931252e-15,-2.5645125264909e-15
0.354499995708466,2.61811639035159e-08,8.60593267113484e-15,-2.95538583263853e-15
0.354750007390976,2.66761563949558e-08,8.96633756689502e-15,-3.54316719396847e-15
0.354999989271164,2.68424589222604e-08,9.10910581718768e-15,-4.09519592986952e-15
0.355250000953674,2.66759734302013e-08,9.01585596002445e-15,-4.35434142491723e-15
0.355500012636185,2.61808033030775e-08,8.67998113841676e-15,-4.16842362222555e-15
0.355749994516373,2.53691379015208e-08,8.11129338202559e-15,-3.56728984527333e-15
0.356000006198883,2.42609665690452e-08,7.33497159224102e-15,-2.74880910812155e-15
0.356249988079071,2.28835723703469e-08,6.38527147551592e-15,-1.98109190253167e-15
0.356499999761581,2.12708730629174e-08,5.29701836796018e-15,-1.47047556033395e-15
0.356750011444092,1.94625791039016e-08,4.09898513175906e-15,-1.26192800190694e-15
0.35699999332428,1.75032166538358e-08,2.81220952422353e-15,-1.22198775146594e-15
0.35725000500679,1.54410297881213e-08,1.45378096446004e-15,-1.11254241259298e-15
0.357499986886978,1.33267992197261e-08,4.38122100964672e-17,-7.17787366206319e-16
0.357749998569489,1.12125828621856e-08,-1.38832352884565e-15,4.01127175987177e-17
0.358000010251999,9.15043951721373e-09,-2.80203877610938e-15,1.05525937431518e-15
0.358249992132187,7.19114634506468e-09,-4.14925145498092e-15,2.08523333284716e-15
0.358500003814697,5.38294786522897e-09,-5.38229637454032e-15,2.86728911216816e-15
0.358749985694885,3.77036757370774e-09,-6.46242304800011e-15,3.2447788742327e-15
0.358999997377396,2.39311304106593e-09,-7.36496926406803e-15,3.24009584082557e-15
0.359250009059906,1.28509625163531e-09,-8.07896213442889e-15,3.03762807313571e-15
0.359499990940094,4.73600547667985e-10,-8.60167887167373e-15,2.88572076085865e-15
0.359750002622604,-2.1392391330588e-11,-8.93119501694638e-15,2.9674721457629e-15
0.360000014305115,-1.87694207398614e-10,-9.06091811281838e-15,3.30578811632458e-15
0.360249996185303,-2.12100337293464e-11,-8.97900240352236e-15,3.75064749088194e-15
0.360500007867813,4.73960815039476e-10,-8.67304563264464e-15,4.05485217410827e-15
0.360749989748001,1.28562560597345e-09,-8.13769285789266e-15,3.99975564550469e-15
0.361000001430511,2.39379827071673e-09,-7.38127464830268e-15,3.50726062030141e-15
0.361250013113022,3.77119224737044e-09,-6.42802927517685e-15,2.68148332958375e-15
0.36149999499321,5.38389111071069e-09,-5.31464300601017e-15,1.75919764595477e-15
0.36175000667572,7.19218506972652e-09,-4.08264586620652e-15,9.9430561288134e-16
0.361999988555908,9.15154796388151e-09,-2.77025746465368e-15,5.3477906874889e-16
0.362250000238419,1.12137339414176e-08,-1.40748277883783e-15,3.5409614142947e-16
0.362500011920929,1.33279653979912e-08,-1.6568588142476e-17,2.71476574224065e-16
0.362749993801117,1.54421808673533e-08,1.38280479155693e-15,5.03014916327825e-17
0.363000005483627,1.75043251005036e-08,2.7666399986942e-15,-4.75353195933219e-16
0.363249987363815,1.94636182726526e-08,4.10194127674498e-15,-1.31023164391089e-15
0.363499999046326,2.12718163083991e-08,5.3470089819577e-15,-2.28926959379709e-15
0.363750010728836,2.28843965999204e-08,6.45694909757848e-15,-3.15513674215007e-15
0.363999992609024,2.42616504664284e-08,7.3919870739866e-15,-3.68267182631536e-15
0.364250004291534,2.5369667255859e-08,8.12472986566788e-15,-3.78732147639921e-15
0.364499986171722,2.61811639035159e-08,8.64302254982921e-15,-3.56296658911054e-15
0.364749997854233,2.66761563949558e-08,8.94724290316506e-15,-3.23037846709643e-15
0.365000009536743,2.68424589222604e-08,9.04363609959555e-15,-3.02271626985754e-15
0.365249991416931,2.66759734302013e-08,8.93721657416842e-15,-3.0661375080744e-15
0.365500003099442,2.61808033030775e-08,8.62793519897272e-15,-3.31585425586976e-15
0.365750014781952,2.53691379015208e-08,8.11205486464517e-15,-3.57977426388291e-15
0.36599999666214,2.42609665690452e-08,7.38800517210156e-15,-3.61755023926455e-15
0.36625000834465,2.28835723703469e-08,6.4636355756641e-15,-3.26477562805148e-15
0.366499990224838,2.12708730629174e-08,5.36105321173965e-15,-2.51943830347748e-15
0.366750001907349,1.94625791039016e-08,4.11638403552861e-15,-1.54694336547146e-15
0.367000013589859,1.75032166538358e-08,2.77431729356987e-15,-6.01277349036779e-16
0.367249995470047,1.54410297881213e-08,1.37989999794344e-15,9.77145744456482e-17
0.367500007152557,1.33267992197261e-08,-2.86316889244981e-17,4.68932050918321e-16
0.367749989032745,1.12125828621856e-08,-1.42273921864642e-15,6.0388038716281e-16
0.368000000715256,9.15043951721373e-09,-2.78115115538832e-15,7.13090250876439e-16
0.368250012397766,7.19114634506468e-09,-4.08377157299343e-15,1.01259771289377e-15
0.368499994277954,5.38294786522897e-09,-5.30543025215936e-15,1.60814255470177e-15
0.368750005960464,3.77036757370774e-09,-6.41303298036218e-15,2.43572222565207e-15
0.368999987840652,2.39311304106593e-09,-7.3679262560869e-15,3.28853278463959e-15
0.369249999523163,1.28509625163531e-09,-8.13262167163745e-15,3.916622326347e-15
0.369500011205673,4.73600547667985e-10,-8.67878766899408e-15,4.14884572619918e-15
0.369749993085861,-2.13923930653115e-11,-8.99273280759736e-15,3.97553431486148e-15
0.370000004768372,-1.87694207398614e-10,-9.075842833349e-15,3.55028544709896e-15
0.37024998664856,-2.12100233210055e-11,-8.93991013894068e-15,3.11027491264816e-15
0.37049999833107,4.73960815039476e-10,-8.59984081017819e-15,2.85566104386826e-15
0.37075001001358,1.28562560597345e-09,-8.06745349777455e-15,2.8491452429215e-15
0.370999991893768,2.39379827071673e-09,-7.34947279629802e-15,2.98632858147644e-15
0.371250003576279,3.77119224737044e-09,-6.45062049091307e-15,3.05156049456863e-15
0.371499985456467,5.38389111071069e-09,-5.38005766646072e-15,2.83076399269137e-15
0.371749997138977,7.19218506972652e-09,-4.15771585522283e-15,2.22402857510073e-15
0.372000008821487,9.15154796388151e-09,-2.81703231806696e-15,1.30099856126935e-15
0.372249990701675,1.12137339414176e-08,-1.40241487483529e-15,2.71084080332131e-16
0.372500002384186,1.33279653979912e-08,3.76321551429039e-17,-6.16385028684007e-16
0.372750014066696,1.54421808673533e-08,1.45861614616032e-15,-1.19157386882447e-15
0.372999995946884,1.75043251005036e-08,2.82570254731506e-15,-1.44287096834117e-15
0.373250007629395,1.94636182726526e-08,4.11446762348545e-15,-1.51543109285564e-15
0.373499989509583,2.12718163083991e-08,5.3068058336657e-15,-1.63069544219713e-15
0.373750001192093,2.28843965999204e-08,6.38447780564435e-15,-1.96797093866222e-15
0.374000012874603,2.42616504664284e-08,7.32394999953135e-15,-2.5681490506917e-15
0.374249994754791,2.5369667255859e-08,8.09548351206509e-15,-3.30824048846512e-15
0.374500006437302,2.61811639035159e-08,8.66722905739584e-15,-3.95950336930175e-15
0.37474998831749,2.66761563949558e-08,9.01252034427816e-15,-4.29969255322628e-15
0.375,2.68424589222604e-08,9.11689004997294e-15,-4.22269302315613e-15
0.37525001168251,2.66759734302013e-08,8.98141898852088e-15,-3.79022044666119e-15
0.375499993562698,2.61808033030775e-08,8.62084045100651e-15,-3.19963773561644e-15
0.375750005245209,2.53691379015208e-08,8.05739582855885e-15,-2.68439098193344e-15
0.375999987125397,2.42609665690452e-08,7.31353064724717e-15,-2.39756190907061e-15
0.376249998807907,2.28835723703469e-08,6.40702370511789e-15,-2.33740986432134e-15
0.376500010490417,2.12708730629174e-08,5.35085112340645e-15,-2.35231891474244e-15
0.376749992370605,1.94625791039016e-08,4.15761082313737e-15,-2.22229575744888e-15
0.377000004053116,1.75032166538358e-08,2.84599915079716e-15,-1.77550737123327e-15
0.377249985933304,1.54410297881213e-08,1.44573796310939e-15,-9.80779237867518e-16
0.377499997615814,1.33267992197261e-08,-1.87960126513333e-18,3.07081571074675e-17
0.377750009298325,1.12125828621856e-08,-1.44847440892461e-15,1.0254499555607e-15
0.377999991178513,9.15043951721373e-09,-2.84622170870405e-15,1.77901165241518e-15
0.378250002861023,7.19114634506468e-09,-4.15519296758943e-15,2.18255127749781e-15
0.378500014543533,5.38294786522897e-09,-5.34710469668074e-15,2.29081542892583e-15
0.378749996423721,3.77036757370774e-09,-6.40399429178203e-15,2.28766150174673e-15
0.379000008106232,2.39311304106593e-09,-7.31288690220726e-15,2.38693016327491e-15
0.37924998998642,1.28509625163531e-09,-8.05951849312467e-15,2.71910620376018e-15
0.37950000166893,4.73600547667985e-10,-8.62460127729232e-15,3.26120877231059e-15
0.37975001335144,-2.13923895958645e-11,-8.98478170932148e-15,3.8452809763645e-15
0.379999995231628,-1.87694207398614e-10,-9.11800982752922e-15,4.24102747481592e-15
0.380250006914139,-2.12100129126647e-11,-9.0107500454184e-15,4.27070539170534e-15
0.380499988794327,4.73960815039476e-10,-8.66348517176898e-15,3.8982205355679e-15
0.380750000476837,1.28562560597345e-09,-8.09177181369022e-15,3.24751669647646e-15
0.381000012159348,2.39379827071673e-09,-7.32229574418536e-15,2.54113229956432e-15
0.381249994039536,3.77119224737044e-09,-6.38582416451401e-15,1.99012677946355e-15
0.381500005722046,5.38389111071069e-09,-5.31048407423915e-15,1.69106348034794e-15
0.381749987602234,7.19218506972652e-09,-4.11852406426985e-15,1.58201698811401e-15
0.381999999284744,9.15154796388151e-09,-2.82793278506518e-15,1.47955850638559e-15
0.382250010967255,1.12137339414176e-08,-1.4577566194771e-15,1.17764716486395e-15
0.382499992847443,1.33279653979912e-08,-3.40664210589267e-17,5.58120385099462e-16
0.382750004529953,1.54421808673533e-08,1.40682717533666e-15,-3.4321457385389e-16
0.382999986410141,1.75043251005036e-08,2.81992768843891e-15,-1.34827454055004e-15
0.383249998092651,1.94636182726526e-08,4.15749139149181e-15,-2.220206127168e-15
0.383500009775162,2.12718163083991e-08,5.37675339093348e-15,-2.77650750901324e-15
0.38374999165535,2.28843965999204e-08,6.44593639871475e-15,-2.9747291005385e-15
0.38400000333786,2.42616504664284e-08,7.3458983172606e-15,-2.92768340834034e-15
0.384249985218048,2.5369667255859e-08,8.06694781910504e-15,-2.84079942729221e-15
0.384499996900558,2.61811639035159e-08,8.60277069714274e-15,-2.90360522626522e-15
0.384750008583069,2.66761563949558e-08,8.94480514234287e-15,-3.19043048747979e-15
0.384999990463257,2.68424589222604e-08,9.08013305522684e-15,-3.62057541743567e-15
0.385250002145767,2.66759734302013e-08,8.99409991877423e-15,-3.99795104181057e-15
0.385500013828278,2.61808033030775e-08,8.67641004751113e-15,-4.10994362051416e-15
0.385749995708466,2.53691379015208e-08,8.12765975263243e-15,-3.83539229022178e-15
0.386000007390976,2.42609665690452e-08,7.36295078455473e-15,-3.20712084818896e-15
0.386249989271164,2.28835723703469e-08,6.41069559294423e-15,-2.39755597983998e-15
0.386500000953674,2.12708730629174e-08,5.30705189673688e-15,-1.63483531572683e-15
0.386750012636185,1.94625791039016e-08,4.08860304892456e-15,-1.09187374988879e-15
0.386999994516373,1.75032166538358e-08,2.78671573833531e-15,-8.04380497316192e-16
0.387250006198883,1.54410297881213e-08,1.42609833955699e-15,-6.59058389748001e-16
0.387499988079071,1.33267992197261e-08,2.79311231939474e-17,-4.57622202308785e-16
0.387749999761581,1.12125828621856e-08,-1.38441531882702e-15,-2.391149856425e-17
0.388000011444092,9.15043951721373e-09,-2.78037294386803e-15,7.00331499471065e-16
0.38824999332428,7.19114634506468e-09,-4.12082375872164e-15,1.61954488872123e-15
0.38850000500679,5.38294786522897e-09,-5.3614860455757e-15,2.52640557298512e-15
0.388749986886978,3.77036757370774e-09,-6.45972101289837e-15,3.2005319906505e-15
0.388999998569489,2.39311304106593e-09,-7.38168884741389e-15,3.51397674454019e-15
0.389250010251999,1.28509625163531e-09,-8.10660166653075e-15,3.49036993630022e-15
0.389499992132187,4.73600547667985e-10,-8.62624367417705e-15,3.28810757410007e-15
0.389750003814697,-2.13923861264176e-11,-8.94028452750337e-15,3.1163799026155e-15
0.389999985694885,-1.87694207398614e-10,-9.04998545856817e-15,3.12671963380263e-15
0.390249997377396,-2.12100042390473e-11,-8.95362953158736e-15,3.33500312970833e-15
0.390500009059906,4.73960815039476e-10,-8.64609050316417e-15,3.61328500485866e-15
0.390749990940094,1.28562560597345e-09,-8.12277660769151e-15,3.75540908659493e-15
0.391000002622604,2.39379827071673e-09,-7.38589690709585e-15,3.583000612379e-15
0.391250014305115,3.77119224737044e-09,-6.44979971598718e-15,3.0381197757616e-15
0.391499996185303,5.38389111071069e-09,-5.3425142016231e-15,2.21575581606313e-15
0.391750007867813,7.19218506972652e-09,-4.1025206472809e-15,1.3198636790706e-15
0.391999989748001,9.15154796388151e-09,-2.77211860779704e-15,5.65263096306303e-16
0.392250001430511,1.12137339414176e-08,-1.39044206412585e-15,7.49616151211726e-17
0.392500013113022,1.33279653979912e-08,1.07108523864001e-17,-1.75379521687763e-16
0.39274999499321,1.54421808673533e-08,1.40651260847587e-15,-3.38064348836788e-16
0.39300000667572,1.75043251005036e-08,2.77481069026165e-15,-6.09210712560322e-16
0.393249988555908,1.94636182726526e-08,4.09049235591341e-15,-1.1226899731802e-15
0.393500000238419,2.12718163083991e-08,5.32178052914021e-15,-1.87599099564517e-15
0.393750011920929,2.28843965999204e-08,6.43072495753148e-15,-2.72554810108229e-15
0.393999993801117,2.42616504664284e-08,7.37801780662049e-15,-3.45383782880161e-15
0.394250005483627,2.5369667255859e-08,8.13003652708243e-15,-3.87426093810539e-15
0.394499987363815,2.61811639035159e-08,8.66486922360479e-15,-3.92084351503964e-15
0.394749999046326,2.66761563949558e-08,8.97454616318686e-15,-3.67762054533441e-15
0.395000010728836,2.68424589222604e-08,9.06258676772447e-15,-3.33313944546614e-15
0.395249992609024,2.66759734302013e-08,8.93826604799006e-15,-3.083330794596e-15
0.395500004291534,2.61808033030775e-08,8.61060490487189e-15,-3.03198132799284e-15
0.395749986171722,2.53691379015208e-08,8.08515394527332e-15,-3.13909902032675e-15
0.395999997854233,2.42609665690452e-08,7.36514883505285e-15,-3.24313054811734e-15
0.396250009536743,2.28835723703469e-08,6.45635871561424e-15,-3.14556399929667e-15
0.396499991416931,2.12708730629174e-08,5.37298705893352e-15,-2.71492715495667e-15
0.396750003099442,1.94625791039016e-08,4.14144435230608e-15,-1.9574736593469e-15
0.397000014781952,1.75032166538358e-08,2.79980769132631e-15,-1.01883875752826e-15
0.39724999666214,1.54410297881213e-08,1.39294176423232e-15,-1.15915320631228e-16
0.39750000834465,1.33267992197261e-08,-3.4591005768518e-17,5.66560115506786e-16
0.397749990224838,1.12125828621856e-08,-1.44463427917911e-15,9.6254145384283e-16
0.398000001907349,9.15043951721373e-09,-2.8078750448742e-15,1.15084598362164e-15
0.398250013589859,7.19114634506468e-09,-4.10181041015463e-15,1.30808981522464e-15
0.398499995470047,5.38294786522897e-09,-5.30569706753774e-15,1.61251906806111e-15
0.398750007152557,3.77036757370774e-09,-6.39544434121245e-15,2.14761095666534e-15
0.398999989032745,2.39311304106593e-09,-7.34141920703552e-15,2.85431129686681e-15
0.399250000715256,1.28509625163531e-09,-8.11061152050305e-15,3.55605945894216e-15
0.399500012397766,4.73600547667985e-10,-8.6723798647481e-15,4.04387759172717e-15
0.399749994277954,-2.13923809222472e-11,-9.00512066445095e-15,4.17845715100225e-15
0.400000005960464,-1.87694207398614e-10,-9.10071341474628e-15,3.95770003615704e-15
